WFOID,type,language,description,contributor,audience,rightsHolder,created,creator,source,rights,license,bibliographicCitation,URI,Volume,Part
wfo-0000812678,general,EN,"Tree, 10–40 m high, 60–250 cm girth. Lateral buds ellipsoid, ca 1 mm long, glabrous. Twigs pubescent then glabrescent, blackish or dark brown when dry. Bark greyish-brown to dark brown, densely lenticellate, flaky and longitudinally fissured; inner bark granular, reddish, brownish or yellow; sapwood yellowish-white. Stipules triangular, 1.5 by 1 mm. Leaves elliptic oblong or oblong-lanceolate, 5.5–13 by 1.5–4 cm; base obtuse to slightly oblique; apex caudate, acuminate or cuspidate; margins serrate in the upper half; subcoriaceous, glabrous, glossy green on the upper surface and pale on the lower; midrib prominent on the lower surface and subdepressed on the upper; lateral nerves 8–11 pairs, conspicuous on both surfaces, scalariform and reticulate veins hardly distinct on either surface. Petiole 1–1.4 cm, pubescent then glabrescent. Inflorescences: male and female separate, rarely mixed, erect, terminal or axillary, pubescent. Male inflorescence much branched or simple, spikelets 8–15 cm long. Male flowers yellowish, solitary, rarely in clusters; bracts and bracteoles triangular, 1.5–2 by 1 mm, pubescent outside; calyx 6-lobed, lobes free, ovate or obovate 1.5–2 by 1 mm, pubescent outside, ciliate; stamens 10–12, glabrous, 2–3 mm long; rudimentary ovary globose, ca 0.5 mm in diam., hirsute. Female inflorescences spike 8–15 cm long. Female flowers as male; styles 3, divergent, stigmata blunt, glabrous. Fruits sessile, globose or ovoid, 1–1.5 by 0.8–1.3 cm (including cupule), on erect infructescence 9–12 cm long. Cupule completely enclosing but not fused with the nut; wall sparsely covered with simple spines, curved beyond their bases, pubescent then glabrescent; dehiscent. Nut 1 per cupule, ovoid, ca 1 cm in diam., glabrous.",C. Phengklai,,Forest Herbarium,2021-07-31,Rachun Pooma,ref-THA-0000812678,Forest Herbarium,All rights reserved,"Castanopsis acuminatissima. Flora of Thailand. Vol. 9. Part 3, 2008. Pg. 185. Accessed 2021-07-31",https://botany.dnp.go.th/eflora/floraspecies.html?tdcode=03853,9,3
wfo-0000812715,general,EN,"Tree, 12–30 m high, 60–200 cm girth. Lateral buds ovoid 3–4 by 2–3 mm, pubescent outside. Twigs pubescent then glabrescent, blackish, lenticellate. Bark greyish-brown, roughly scaly, longitudinally furrowed; inner bark with dense, irregular, narrow, pale brown ridges. Stipules lanceolate, 3–5 by 1–1.5 mm, ciliate, pubescent outside. Leaves elliptic, broadly elliptic, elliptic or oblong, 10–20 by 4–7 cm; base obtuse, oblique or slightly cuneate; apex blunt or acute, rarely acuminate or cuspidate; margins entire; subcoriaceous to coriaceous, glabrous and glossy green on the upper surface, pubescent on the lower; midrib prominent on both surfaces; lateral nerves 7–12 pairs, arched but not anastomosing, prominent on the lower surface and depressed on the upper, scalariform veins conspicuous on the lower surface, reticulate veins conspicuous on the upper. Petiole 1–1.5 cm, pubescent, glabrescent. Inflorescences male and female separate or mixed, erect, axillary or terminal, pubescent to tomentose. Male inflorescence much branched, spikelets 7–12 cm long. Male flowers greenish or whitish, smell disagreeable, in 3–7-flowered cluster; bracts and bracteoles round to acute, 1.5–3 by 1–1.5 mm, pubescent outside; calyx 6-lobed, lobes ovate, acute, 1.5–2 by 1–1.5 mm, pubescent outside; stamens 12, 2.2–3.2 mm long, glabrous; rudimentary ovary globose, flattened on top, 1–2 mm in diam., hirsute. Female inflorescence single or branched spikes, spikelets 5–20 cm long. Female flowers as male; styles 1.5–2 mm long, hairy in lower half, divergent, stigmata pointed. Fruits sessile, globose, 4–6 cm in diam. (including cupule), on erect and woody infructescence 15–30 cm long. Cupule completely enclosing but not fused with the nut; wall densely covered with branched spines, almost obscuring, branches of spines erect and hairy; indehiscent. Nuts 1–(3) per cupule, ovoid, 2–2.5 by 1–1.5 cm, tomentose throughout; scar ca 0.5 cm in diam.",C. Phengklai,,Forest Herbarium,2021-07-31,Rachun Pooma,ref-THA-0000812715,Forest Herbarium,All rights reserved,"Castanopsis argentea. Flora of Thailand. Vol. 9. Part 3, 2008. Pg. 187. Accessed 2021-07-31",https://botany.dnp.go.th/eflora/floraspecies.html?tdcode=03854,9,3
wfo-0000812734,general,EN,"Tree, 9–20 m high, 60–200 cm girth. Lateral buds ovoid, with acuminate scales. Twigs densely pubescent then glabrescent, lenticellate. Bark blackish, lenticellate, deeply furrowed. Leaves obovate, elliptic, to oblong, 12–17 by 4–7.5 cm; base cuneate; apex acute, obtuse or acuminate; margins entire; coriaceous, glabrous, glossy green on the upper surface and light tan on the lower; midrib prominent on both surfaces; lateral nerves 6–10 pairs, sharply ridged, prominent and arched but not anastomosing on the lower surface and slightly depressed on the upper, scalariform and reticulate veins conspicuous on the lower surface. Petiole 1–1.7 cm long; glabrous, blackish when dry. Inflorescences male and female separate or mixed, erect, axillary or terminal. Male inflorescence with few to many branches spikelets 5–12 cm long, hairy throughout. Male flowers white, fragrant, in 1–3-5-flowered cluster; calyx 6, free, lobes 1–2 by 0.5 mm, incurved stamens 12, 2–2.5 mm long, glabrous; rudimentary ovary globose ca 0.5 mm in diam., glabrous. Female inflorescence spike to 25 cm long. Female flowers in 1–5 flowered cluster; bracts and bracteoles hairy; styles 3, divergent; stigmata pointed. Fruits sessile, globose or ovoid, ca 4 cm in diam. (including cupule), on erect infructescence 10–20 cm long. Cupule completely enclosing the nut except the umbo; wall with simple and branched woody spines, the latter erect and pubescent near base. Nut 1 per cupule, ovoid, conical 1–1.5 cm in diam., at both ends more or less oblique; scar flattened, ca 1 cm in diam.",C. Phengklai,,Forest Herbarium,2021-07-31,Rachun Pooma,ref-THA-0000812734,Forest Herbarium,All rights reserved,"Castanopsis argyrophylla. Flora of Thailand. Vol. 9. Part 3, 2008. Pg. 189. Accessed 2021-07-31",https://botany.dnp.go.th/eflora/floraspecies.html?tdcode=03855,9,3
wfo-0000812757,general,EN,"Tree, 8–20 m high, 80–180 cm girth. Terminal buds and lateral ellipsoid or ovoid, ca 3 by 2 mm; bracts ca 2 by 1 mm, pubescent outside. Twigs pubescent then glabrous, lenticellate. Bark dark green or brown, roughly, vertically cracked, irregularly fissured; sapwood white. Leaves elliptic, oblong or obovate-oblong, 10–23 by 3.5–10 cm; base acute to broadly obtuse; apex acute, acuminate to obtuse; margins entire; coriaceous, glabrous, dark glossy green on the upper surface and pale on the lower; midrib and lateral nerves prominent on the lower surface and depressed on the upper, scalariform veins dominant on the lower surface, reticulate veins indistinct. Petiole 1.5–2 cm, glabrous. Inflorescences male and female separate or mixed, terminal and axillary, pubescent. Male inflorescences always branched, spikelets 3–9 cm long; bracts and bracteoles triangular, ca 1 by 1.5 mm, pubescent outside. Male flowers white to yellowish, scented, solitary or in 1–3-flowered cluster; calyx 6-lobed, lobes free, obovate, 1.5–2 by 1 mm, pubescent outside; stamens 6–(12); rudimentary ovary globose, flattened on top, ca 1 mm in diam., hirsute. Female inflorescence spike 10–15 cm long. Female flowers solitary, rarely in clusters, other characters as in male flowers; styles 3, stigmata pointed. Fruits ovoid, 5–6 cm in diam. (including cupule), on erect and woody infructescence 10–25 cm long, always clustering by erect spines in groups of 2–3 on the rachis. Cupule completely enclosed except the umbo, and partly fused with the nut; wall completely covered by the tufted, erect, simple spines. Nuts solitary, ovoid, 1.5–2.5 by 1–2 cm; scar more than half the length of the nut and fused with the inner side of the cupule.",C. Phengklai,,Forest Herbarium,2021-07-31,Rachun Pooma,ref-THA-0000812757,Forest Herbarium,All rights reserved,"Castanopsis armata. Flora of Thailand. Vol. 9. Part 3, 2008. Pg. 191. Accessed 2021-07-31",https://botany.dnp.go.th/eflora/floraspecies.html?tdcode=03856,9,3
wfo-0000812906,general,EN,"Tree, 10–18 m high, 80–100 cm girth. Terminal buds ovoid, ca 3 mm in diam.; bracts pubescent outside. Twigs tomentose, then glabrescent, lenticellate. Stipules ovate, ca 2 by 1 mm, pubescent outside. Leaves oblong, 10–16 by 4.5–5 cm; base obtuse, slightly oblique, apex obtuse, blunt, acute or shortly acuminatel; margins entire; subcoriaceous, glabrous, glossy green on the upper surface and dull, pale on the lower; midrib and nerves prominent on the lower surface and subdepressed on the upper; lateral nerves 8–15, arched but not anastomosing, scalariform veins conspicuous on the lower surface and hardly distinct on the upper; reticulate veins slightly distinct on the upper surface. Petiole 1.5–2 cm, pubescent then glabrescent, blackish when dry. Inflorescences males and females separate or mixed, terminal and axillary, pubescent. Male inflorescence a branched panicle, 3–5 cm long; bracts and bracteoles triangular, 4–5 by 2 mm, pubescent outside. Male flowers solitary or in 2–3-flowered cluster; calyx 6 lobed, lobes triangular, ca 2 by 1 mm, hairy outside; stamens 10–12, 1.5–2 mm long, glabrous; rudimentary ovary globose, flattened on top, ca 1 mm in diam. Female inflorescence spike 8–15 cm long. Female flowers always solitary, not in clusters, other characters as in male flowers; styles 3, divergent, stigmata pointed. Fruits sessile, ovoid, ca 3 cm in diam.(including cupule), solitary or 2–3-clustered held by their spines, on erect infructescence, 8–20 cm long. Cupule enclosing up to ¾ of the nut; wall completely covered by the tufted, erect, simple spines. Nuts (2)–3 per cupule, ca 1 by 1.5 cm, pubescent then glabrescent; scar basal, ca 1 cm in diam.",C. Phengklai,,Forest Herbarium,2021-07-31,Rachun Pooma,ref-THA-0000812906,Forest Herbarium,All rights reserved,"Castanopsis brevispinula. Flora of Thailand. Vol. 9. Part 3, 2008. Pg. 191. Accessed 2021-07-31",https://botany.dnp.go.th/eflora/floraspecies.html?tdcode=03857,9,3
wfo-0000812946,general,EN,"Tree, 6–20 m high, 100–200 cm girth. Terminal buds ovoid, hairy outside. Twigs stout, quadrangular, pubescent then glabrescent, sparsely lenticellate. Bark brown, fissured. Leaves obovate or oblanceolate, 14–20 by 5–9 cm; base cuneate; apex obtuse or broadly acute; margins serrate; coriaceous, glabrous, glossy green on the upper surface and pale on the lower; midrib and lateral nerves prominent on the lower surface and depressed on the upper; lateral nerves 14–22 pairs, straight and reaching the points of serrate margins, scalariform veins conspicious on the lower surface. Petiole slender, 1–3 cm long, eglandular, pubescent then glabrescent. Inflorescences male and female separate or mixed. Male inflorescence always branched, terminal or axillary, spikelets 4–10 cm long. Male flowers white or whitish-yellow, in 2–5 flowered cluster; calyx 6-lobed, lobes obovate, free, ca 1.5 by 0.5 mm, glabrous; stamens 12, 1.5–2 mm long; bracts ovate, ca 2 by 1.5 mm glabrous; rudimentary ovary 3-lobed, villous. Female inflorescence spike, axillary, up to 8 cm long. Female flowers not clustered, other characters as in male flowers; styles 3(4) ca 1 mm long; stigmata divergent, all glabrous. Fruits sessile, ovoid, 1–1.6 by 1–1.2 cm, (including cupule), on erect infructescence 15–20 cm long. Cupule enclosing up to ½ of the nut; wall with thin imbricate scales or lamella, the latter acute, free and erect at apex. Nut 1, ovoid, rarely flattened, 1–1.5 by 0.9–1.5 cm, glabrous except around the umbo.",C. Phengklai,,Forest Herbarium,2021-07-31,Rachun Pooma,ref-THA-0000812946,Forest Herbarium,All rights reserved,"Castanopsis calathiformis. Flora of Thailand. Vol. 9. Part 3, 2008. Pg. 193. Accessed 2021-07-31",https://botany.dnp.go.th/eflora/floraspecies.html?tdcode=03858,9,3
wfo-0000813079,general,EN,"Tree, 10–20 m high, 40–100 cm girth. Terminal buds ovoid, 4–5 by 2–3 mm. Twigs at first ferruginous, then glabrescent, tetra-to pentangulate, lenticellate. Bark grey, shallowly fissured; inner bark ca 2 cm thick, yellow with white stripes. Stipules narrowly lanceolate, 4 5 by 1.5–2 mm, glabrous. Leaves oblanceolate, 13–29 by 4–11 cm; base cuneate; apex acute, broadly acute to obtuse; margins serrate; coriaceous, glabrous, glossy green on the upper surface and greenish to glaucous on the lower; midrib prominent on the lower surface and slightly depressed on the upper, pubescent then glabrescent; lateral nerves 14–17 pairs, narrowly ridged on the lower surface and subdepressed on the upper, glabrous, scalariform veins conspicuous on both surfaces. Petiole 1.5–2.3 cm long, flattened adaxially, glabrous. Inflorescences male and female separate or mixed. Male inflorescence always branched, terminal or axillary, spikelets 7–15 cm long. Male flowers yellowish-cream, scented, in 1–8–10 flowered cluster; bracts ovate, glabrous; calyx 6-lobed, lobes free, ca 1 by 0.5 mm, glabrous; stamens (10)–12, 1–1.5 mm long, glabrous; rudimentary ovary ca 1 mm in diam. Female inflorescence spike, axillary, 8–12 cm long, pubescent, other characters as in male flowers; styles 3; stigmata erect to divergent. Fruits obconical, 1.5–3.2 by 1–3 cm (including cupule), on erect infructescence 15–20 cm long, fruit-stalk 0.5–1 cm. Cupule enclosing up to ¾ of the nut (when young completely enclosed except around the umbo); wall with thin imbricate scales or lamellae, the latter truncate and fused with the wall or curved inwards. Nut 1 per cupule, ovoid, conical 1.5–2.3 by 1–1.8 cm, glossy brown; scar flattened, ca 8 mm in diam.",C. Phengklai,,Forest Herbarium,2021-07-31,Rachun Pooma,ref-THA-0000813079,Forest Herbarium,All rights reserved,"Castanopsis cerebrina. Flora of Thailand. Vol. 9. Part 3, 2008. Pg. 197. Accessed 2021-07-31",https://botany.dnp.go.th/eflora/floraspecies.html?tdcode=03859,9,3
wfo-0000813291,general,EN,"Tree, 6–20 m high; 40–150 cm girth. Terminal buds ovoid, 3–5 by 2–3 mm, scales ovate, acute, 3–4 by 2–3 mm. Twigs densely tomentose, then glabrescent, sparsely lenticellate. Bark smooth, shedding profusely; inner bark fibrous, yellowish; sapwood pale yellow. Stipules linear-triangular, ca 13 by 1.2 mm. Leaves oblong, 12–24 by 4–9.5 cm; base obtuse, slightly acute, sometimes unequal; apex cuspidate or caudate; margins entire; coriaceous, glabrous except along midrib on the upper surface, pubescent then glabrescent on the lower; midrib and lateral nerves prominent on the lower surface and faint on the upper; lateral nerves 14–19 pairs, arched but not anastomosing, scalariform veins finely conspicuous on the lower surface and hardly distinct on the upper, reticulate veins hardly distinct. Petiole 0.5–1.5 cm, pubescent. Inflorescences male and female separate or mixed, terminal and axillary, pubescent. Male inflorescence always branched, spikelets 4–10 cm long; bracts and bracteoles ovate, 1–1.5 by 1 mm, pubescent outside. Male flowers solitary or in 2–3-flowered cluster; calyx 6-lobed, lobes free, 1.5–0.5 mm, tomentose outside; stamens 12, 2.2–3.3 mm long; rudimentary ovary globose, ca 1 mm in diam., hirsute. Female inflorescence spike 15–20 cm long, other characters as in male flowers; styles 3, divergent, 1–1.5 mm long; stigmata pointed. Fruits sessile or up to 0.5 cm pedicellate, ovoid and depressed on top, 1–1.5 by 1.5–3 cm (including cupule), on erect and woody infructescence, 10–25 cm long. Cupule completely enclosing the nut except around umbo, but not fused to nut; wall sparsely covered with simple, curled to adaxial spines, pubescent then glabrescent; rarely dehiscent. Nuts 1–(3) per cupule, ovoid and depressed on both sides, ca 1 by 1.5 cm, adpressed with silky hairs.",C. Phengklai,,Forest Herbarium,2021-07-31,Rachun Pooma,ref-THA-0000813291,Forest Herbarium,All rights reserved,"Castanopsis costata. Flora of Thailand. Vol. 9. Part 3, 2008. Pg. 199. Accessed 2021-07-31",https://botany.dnp.go.th/eflora/floraspecies.html?tdcode=03860,9,3
wfo-0000813310,general,EN,"Tree, 5–20 m high, 50–150 cm girth. Twigs glabrous, lenticellate. Bark greenish-brown, ca 2 cm thick, fissured. Leaves lanceolate rarely ovate, 9–16 by 2–6 cm; base acute, obtuse, usually equal; apex acuminate or caudate; margins entire; coriaceous, glabrous on both surfaces, dark glossy green on the upper surface and pale on the lower; midrib prominent on the lower surface and depressed on the upper; lateral nerves 6–9 pairs, arched but not anastomosing, conspicuous on both surfaces, scalariform veins conspicuous on the lower surface and reticulate veins conspicuous on the upper. Petiole 0.8–1.5 cm, glabrous, black when dry. Inflorescences male and female separate or mixed, terminal and axillary, pubescent. Male inflorescence with few branches, spikelets 4–10 cm long; bracts and bracteoles lanceolate ca 1.5 by 0.3 mm, pubescent outside. Male flowers solitary or in 1–3-flowered cluster; calyx 6-lobed, lobes obovate, ca 2 by 1 mm, glabrous except ciliate margins; stamens 12, ca 3 mm long, glabrous; rudimentary ovary ovoid or conical, ca 0.5 mm in diam., pubescent. Female inflorescence spike 10–20 cm long. Female flowers solitary or in 2–3-flowered cluster, other characters as in male flowers; styles 3; stigmata pointed. Fruits sessile or up to 2 mm long pedicellate, ovoid or obovoid, 2–2.5 cm in diam. (including cupule), often in clusters of 2–3-fruits at intervals with solitary fruits on erect influctescence 10–20 cm long. Cupule completely enclosing the nut except the umbo; wall completely covered by tufted, erect, simple spines (when young with a narrow spineless line from top to base adaxially). Nut 1 per cupule, ovoid or obovoid 1.5–2 by 1–1.5 cm, usually asymmetrical, covered by grey indumentum, then glossy brown except umbo; scar basal; ca 0.5 cm in diam.",C. Phengklai,,Forest Herbarium,2021-07-31,Rachun Pooma,ref-THA-0000813310,Forest Herbarium,All rights reserved,"Castanopsis crassifolia. Flora of Thailand. Vol. 9. Part 3, 2008. Pg. 199. Accessed 2021-07-31",https://botany.dnp.go.th/eflora/floraspecies.html?tdcode=03861,9,3
wfo-0000813584,general,EN,"Tree, 10–30 m high; 150–200 cm girth. Terminal buds and lateral ovoid; bracts 2–3 by 1–1.5 mm, pubescent on both sides. Twigs tomentose, then glabrescent. Bark brown with grey patches; inner bark with long, pale stripes. Leaves elliptic or oblong, 11–22 by 5–10 cm; base obtuse, sometimes slightly oblique; apex acuminate; margins entire; coriaceous or subcoriaceous, glabrous except along midrib and nerves on the upper surface, pubescent then glabrescent on the lower; midrib and nerves prominent on the lower surface and depressed on the upper; lateral nerves 8–14 pairs, arched but not anastomosing, scalariform veins conspicuous on the lower surface; reticulate veins inconspicuous. Petiole 1–1.5 cm long, tomentose then glabrescent. Inflorescences male and female mixed or separate, terminal and axillary, erect, tomentose. Male inflorescence always branched, spikelets 5–10 cm long; bracts and bracteoles lanceolate, 4–5 by 0.5 mm, pubescent outside. Male flowers creamy, fragrant, solitary or in 2–3-flowered cluster; calyx 6-lobed, oblong, free, ca 1 by 0.5 mm, ciliate; stamens 12, 1.5–2 mm long, glabrous; rudimentary ovary ovoid, flattened on top, ca 1 mm in diam., hirsute. Female inflorescence spike 8–15 cm long. Female flowers always solitary, other characters as in male flowers; styles 3, divergent, pilose near base; stigmata pointed, more or less hairy. Fruits globose, 4–6.5 cm in diam. (including cupule), always solitary on erect and woody infructescence 15–20 cm long. Cupule completely enclosing the nut except umbo; wall completely covered by tufted, erect, simple spines. Nuts 1 (2–3) per cupule, ovoid to ellipsoid, 1–1.5 cm in diam.; glabrous except orbicular area of indumentum around umbo; scar basal.",C. Phengklai,,Forest Herbarium,2021-07-31,Rachun Pooma,ref-THA-0000813584,Forest Herbarium,All rights reserved,"Castanopsis diversifolia. Flora of Thailand. Vol. 9. Part 3, 2008. Pg. 201. Accessed 2021-07-31",https://botany.dnp.go.th/eflora/floraspecies.html?tdcode=03862,9,3
wfo-0000813747,general,EN,"Tree, 10–30 m high; 50–150 cm girth. Twigs pubescent then glabrescent, lenticels scattered; inner bark dark brown; sapwood white with brownish stripes at intervals. Leaves lanceolate, lanceolate-oblong or elliptic, 12–21 by 3–5.5 cm; base slightly cuneate, obtuse or oblique; apex acuminate or caudate; margins entire; subcoriaceous, glabrous on both surfaces, glossy green on the upper surface and greyish-brown on the lower; midrib and lateral nerves sharply ridged on the lower surface and more or less depressed on the upper; lateral nerves 10–18 pairs, arched but not anastomosing, scalariform veins conspicuous on the lower surface and subdepressed on the upper; reticulate veins hardly distinct. Petiole 0.5–1 cm, pubescent then glabrous, black when dry. Inflorescences male and female separate or mixed, axillary and terminal, pubescent. Male inflorescence always branched, spikelets 4–12 cm long; bracts and bracteoles triangular, ca 2 by 2 mm, pubescent outside, ciliate. Male flowers solitary or in 1–3-flowered cluster; calyx 6-lobed, lobes obovate, free, ca.1 by 0.4 mm, pubescent outside, ciliate; stamens 12, ca 1.5 mm long, glabrous, rudimentary ovary globose, flattened on top, ca 0.5 mm in diam., hirsute. Female inflorescence spike 15–20 cm long. Female flowers solitary or in 1–3-flowered cluster, other characters as in male flowers; styles 3, divergent; stigmata pointed. Fruits sessile, ovoid, 2–3 cm in diam. (including cupule), often in 2–3-flowered cluster fruits, interspersed with solitary ones, on erect infructescence 15–20 cm long. Cupule completely enclosing the nut except the umbo; wall completely covered by tufted, erect, simple spines (irregular, diffuse and sparse throughout when young). Nut 1 per cupule, ovoid, 1.3–1.5 by 0.9–1 cm, usually asymmetrical, covered by grey indumentum then glossy green, except the umbo; scar basal, ca 1 cm in diam.",C. Phengklai,,Forest Herbarium,2021-07-31,Rachun Pooma,ref-THA-0000813747,Forest Herbarium,All rights reserved,"Castanopsis ferox. Flora of Thailand. Vol. 9. Part 3, 2008. Pg. 205. Accessed 2021-07-31",https://botany.dnp.go.th/eflora/floraspecies.html?tdcode=03864,9,3
wfo-0000813768,general,EN,"Tree, 15–20 m high; 90–120 cm girth. Twigs with reddish hairs, glabrescent, lenticellate. Inner bark yellowish-red; sapwood whitish-brown. Leaves obovate or obovate-elliptic, 18–25 by 6–9.5 cm; base slightly narrowed to the base; apex broadly acute or acute; margins serrate; coriaceous, glossy green on the upper surface, pale and tawny pubescent on the lower; midrib and lateral nerves prominent on the lower surface and flattened on the upper; lateral nerves 14–17 pairs, straight and reaching the points of the serrate margins, scalariform and reticulate veins hardly distinct. Petiole 1–2.5 cm, pubescent then glabrescent, usually with an adaxial gland. Inflorescences male and female usually mixed, sometimes separate. Male inflorescence always branched, terminal or axillary, spikelets 10–15 cm long. Male flowers yellowish-white or yellow, in 1–3-flowered cluster; bracts broadly triangular, glabrous; calyx (5–) 6-lobed, lobes free, ca 1.5 by 0.5 mm, pubescent outside, ciliate; stamens 10, ca 2 mm long, glabrous; rudimentary ovary ovoid, ca 1 mm in diam., hairy. Female inflorescence spike, solitary, rarely branched, 5–10 cm long, other characters as in male flowers; styles 3(4) divergent. Fruits ovoid, 2–2.5 by 1.5–2 cm (including cupule), on erect infructescence 7–10 cm long; fruit stalk 2–3 mm long. Cupule enclosing up to ½ of the nut (when young completely enclosed); wall with thin imbricate scales or lamellae, lamellae acute, free and erect at apex. Nut 1 per cupule, ovoid, ca 2 by 1.7 cm, glossy brown, with indumentum around the umbo.",C. Phengklai,,Forest Herbarium,2021-07-31,Rachun Pooma,ref-THA-0000813768,Forest Herbarium,All rights reserved,"Castanopsis fissa. Flora of Thailand. Vol. 9. Part 3, 2008. Pg. 207. Accessed 2021-07-31",https://botany.dnp.go.th/eflora/floraspecies.html?tdcode=03865,9,3
wfo-0000813808,general,EN,"Tree, 10–15 m high; 30–40 cm girth. Axillary buds globose, ca 2 by 2 mm; bracts hirsute outside, reddish brown hairy inside. Leaves oblong or oblong-lanceolate, usually curved to one side, 12–18 by 5–6.5 cm; base oblique, broadly acute to minutely cordate; apex acuminate or acute; margins entire; coriaceous, softly woolly on the lower surface, greyish-green and glabrous except along midrib and nerves on the upper; midrib and lateral nerves prominent beneath and depressed on the upper surface; lateral nerves 13–17 pairs, arched but not anastomosing, scalariform veins distinct on the lower surface and slightly depressed on the upper. Petiole 1–1.5 cm, densely tomentose. Male inflorescence not seen. Female inflorescence spike 3–7 cm long, axillary and near terminal, densely greenish-grey hairy; bracts and bracteoles ovate, 1–3 by 1–1.5 mm, hairy outside, glabrous inside, ciliate. Female flowers simple, pubescent; ovary ovoid, 1–1.5 mm in diam., hirsute; styles 3, erect to divergent, hairy in lower half; stigmata pointed, glabrous. Fruits globose, ca 2 by 2 cm (including cupule), on erect infructescence, 3–7 cm long. Cupule completely enclosing the nut except the umbo; wall with branched and silky spines. Nut 1 per cupule, ovoid, conical apex, ca 1 by 1 cm.",C. Phengklai,,Forest Herbarium,2021-07-31,Rachun Pooma,ref-THA-0000813808,Forest Herbarium,All rights reserved,"Castanopsis fordii. Flora of Thailand. Vol. 9. Part 3, 2008. Pg. 207. Accessed 2021-07-31",https://botany.dnp.go.th/eflora/floraspecies.html?tdcode=03866,9,3
wfo-0000814085,general,EN,"Tree, 7–30 m high, 50–250 cm girth. Terminal buds ovoid, 5–6 by 3–4 mm; bracts pubescent outside. Twigs tomentose then glabrescent, lenticellate. Bark brownish or greyish, thick scaly; inner bark yellowish; sapwood white. Leaves oblong, ovate or slightly obovate, 10–20 by 4–10 cm; base obtuse, equal or suboblique; apex acute, acuminate, sometimes obtuse; margins serrate in upper half to two-thirds; coriaceous, glabrous except along midrib above, densely pubescent below; midrib and nerves prominent below, more or less depressed above; lateral nerves 15–21 pairs, rather straight to the end of the serrate margins, scalariform veins fine but distinct below. Petiole 1.5–2 cm, pubescent then glabrescent. Inflorescences male and female separate or mixed, terminal and axillary, tomentose. Male inflorescence always branched, spikelets 10–15 cm long; bracts and bracteoles triangular, ca 1.5 by 1.5 mm, pubescent outside. Male flowers white, scented, solitary or in 2–3-flowered cluster; calyx 6-lobed, lobes obovate, free, ca 1 by 0.5 mm, pubescent outside; stamens 6–12, ca 2 mm long, glabrous; rudimentary ovary globose, flattened on top, ca 1 mm in diam., hirsute. Female inflorescence spike 8–25 cm long. Female flowers always solitary, not in clusters, other characters as in male flowers; styles 3, divergent, pilose at base; stigmata pointed, blackish. Fruits sessile, ovoid, 1.5–4 cm in diam. (including cupule), clustering by their spines in groups of 2–3 alternating with solitary fruit on an erect infructescence 15–30 cm long. Cupule completely enclosing the nut except the umbo; wall completely covered by tufted, erect, simple spines. Nut 1 per cupule, conical or ovoid, 1.3–1.5 by 0.8–1.1 cm, usually curved to one side; scar ca 1 cm in diam.; at base or rather above.",C. Phengklai,,Forest Herbarium,2021-07-31,Rachun Pooma,ref-THA-0000814085,Forest Herbarium,All rights reserved,"Castanopsis indica. Flora of Thailand. Vol. 9. Part 3, 2008. Pg. 211. Accessed 2021-07-31",https://botany.dnp.go.th/eflora/floraspecies.html?tdcode=03868,9,3
wfo-0000814096,general,EN,"Tree, 9–20 m high, 40–150 cm girth. Terminal buds ovoid-ellipsoid, ca 3 by 5 mm, scales ovate, acute, ca 5 by 2 mm, pubescent outside. Twigs pubescent then glabrous, sparsely lenticellate, blackish when dry. Bark ca 2 cm thick, grey, shallowly reticulate fissured; inner bark dirty brown or whitish; sapwood white; heartwood brown. Stipules triangular, ca 1 mm, caducous. Leaves obovate, obovate-oblong, oblong or lanceolate, 7–17 by 5–7 cm; base slightly cuneate, obtuse; apex acute or obtuse; margins entire or sometimes serrate; subcoriaceous, glabrous, glossy green on the upper surface and pubescent then glabrescent on the lower; midrib prominent on the lower surface and depressed on the upper; lateral nerves 7–12 pairs, distinct on the lower surface and slightly depressed on the upper, scalariform and reticulate veins hardly distinct. Petiole 1–1.5 cm, glabrous. Inflorescences male and female mixed or separate, terminal or axillary, pubescent. Male inflorescence always branched, spikelets 10–15 cm; bracts and bracteoles ovate, acute, ca 0.5 by 0.5 mm, tomentose outside. Male flowers white to yellowish, scented, usually in 3-flowered cluster; calyx 6-lobed, lobes free, obovate, ca 1 by 0.5 mm, glabrous, stamens 12, 2–3 mm long; rudimentary ovary ovoid, flattened on top, ca 1 mm in diam., hirsute. Female inflorescence always spike 10–15 cm long. Female flowers solitary or in 1–3–5-flowered cluster, other characters as in male flowers; styles 3, divergent, hairy near base; stigmata pointed. Fruits sessile, irregularly globose, 1.5–2.5 by 1.5–3.5 cm (including cupule), on erect and woody infructescence 15–20 cm long. Cupule completely enclosing the nut except the umbo and more or less fused with nut; wall sparsely covered with simple, short, curled spines set in 3–5 lines. Nuts (1)–2–3 per cupule, ovoid, ca 1 by 1 cm, usually emarginate at apex.",C. Phengklai,,Forest Herbarium,2021-07-31,Rachun Pooma,ref-THA-0000814096,Forest Herbarium,All rights reserved,"Castanopsis inermis. Flora of Thailand. Vol. 9. Part 3, 2008. Pg. 213. Accessed 2021-07-31",https://botany.dnp.go.th/eflora/floraspecies.html?tdcode=03869,9,3
wfo-0000814107,general,EN,"Tree, 15–20 m high; 150–200 cm girth. Terminal buds globose, ca 3 by 3 mm; bracts ovate, acute, pubescent outside, ciliate. Twigs with reddish-brown indumentum, then glabrescent. Bark dark brown, fissured. Stipules lanceolate, 3–4 by 1.5 mm, hairy. Leaves elliptic, obovate or oblong, 8–17 by 4–6 cm; base slightly cuneate, usually asymmetrical; apex shortly cuspidate, blunt, acute or acuminate; margins entire; coriaceous, glabrous and glossy green on the upper surface and pubescent then glabrescent on the lower; midrib and nerves prominent on the lower surface; lateral nerves 8–10 pairs, arched but not anastomosing, scalariform veins conspicuous on the lower. Petiole 0.8–1.2 cm, pubescent then glabresceent. Inflorescences male and female separate or mixed, erect, terminal and axillary, pubescent. Male inflorescence always branched, spikelets 10–20 cm long; bracts and bracteoles ovate, acute, 1–1.5 by 0.5 mm, pubescent outside. Male flowers white, solitary or in 2–3-flowered cluster; calyx 6-lobed, lobes oblong or spathulate, free, ca 1 by 0.5 mm, pubescent outside, ciliate; stamens 12, 2.5–3 mm, glabrous; rudimentary ovary globose, flattened on top, 1–1.5 mm in diam., hirsute. Female inflorescence spike 10–15 cm long. Female flowers always solitary not in clusters, other characters as in male flowers, styles 3, divergent, pubescent; stigmata pointed, glabrous. Fruits ovoid, depressed on top, 3–4 cm in diam. (including cupule), solitary on erect and woody infructescence 10–25 cm long. Cupule completely enclosing the nut except the umbo but not fused, inside densely silky hairy; wall completely covered by tufted, erect, simple spines; dehiscent. Nut 1 per cupule, rounded and depressed on both sides, 1.5–1.8 by 2–2.5 cm densely brown hairy; scar basal; up to 2 cm in diam.",C. Phengklai,,Forest Herbarium,2021-07-31,Rachun Pooma,ref-THA-0000814107,Forest Herbarium,All rights reserved,"Castanopsis javanica. Flora of Thailand. Vol. 9. Part 3, 2008. Pg. 215. Accessed 2021-07-31",https://botany.dnp.go.th/eflora/floraspecies.html?tdcode=03870,9,3
wfo-0000814266,general,EN,"Tree, 14–20 m high, 80–150 cm girth. Axillary buds curved, tubular, ca 0.5 cm long. Twigs glabrous, lenticellate. Bark greyish-black, inner bark ca 1 cm thick, yellow with brown stripes. Leaves lanceolate or oblong, 10–15 by 3.5–5 cm; base slightly cuneate; obtuse or oblique; apex acuminate, caudate or acute; margins entire; subcoriaceous, glabrous on the upper surface, sparsely pubescent then glabrous on the lower; midrib prominent on both surfaces; lateral nerves 12–15 pairs, arched but not anastomosing, slightly prominent on both surfaces, scalariform veins hardly distinct. Petiole 1–1.5 cm, glabrous. Inflorescences male and female always separate. Male inflorescence terminal, branched, spikelets 3–8 cm long, densely ferruginous. Male flowers yellow, scented, in 1–3-flowered cluster; calyx 6, ca 1 mm long, united in lower half, lobes triangular, pubescent outside; stamens 12, glabrous, 6 longer and 6 shorter the longer ca 3 mm, the shorter 1–1.5 mm; rudimentary ovary a square column, ca 1 by 0.5 mm, glabrous. Female inflorescence spike to 20 cm long, axillary and terminal, flowers solitary, other characters as in male flowers; styles 3, divergent. Fruits ovoid or obovoid, ca 2 by 1 cm (including cupule), on erect infructescence, 10–15 cm long, fruit sessile or with stalk to 1 mm. Cupule completely enclosing the nut except the umbo; wall with thin imbricate scales or lamellae when young , 4–5 undulate lines when mature. Nut 1 per cupule, ovoid, apex conical, ca 1 by 0.5 cm (young), mature ca 2.5 by 2 cm.",C. Phengklai,,Forest Herbarium,2021-07-31,Rachun Pooma,ref-THA-0000814266,Forest Herbarium,All rights reserved,"Castanopsis lanceifolia. Flora of Thailand. Vol. 9. Part 3, 2008. Pg. 217. Accessed 2021-07-31",https://botany.dnp.go.th/eflora/floraspecies.html?tdcode=03871,9,3
wfo-0000814427,general,EN,"Tree, 10–15 m high, 60–100 cm girth. Terminal buds ovoid, 2–3 by 1–2 mm, scales ovate, acute, tomentose outside. Bark yellowish-brown, longitudinally furrowed. Leaves ovate or oblong, 8–15 by 3–5 cm; base obtuse, oblique; apex acuminate to bluntly acuminate; margins entire; subcoriaceous or coriaceous, glabrous, glossy green on the upper surface, reddish-brown on the lower; midrib and nerves prominent on the lower surface, depressed on the upper; lateral nerves 8–10 pairs, arched but not anastomosing, scalariform veins conspicuous on the lower surface. Petiole 0.8–1 cm, glabrous. Inflorescences male and female separate or mixed, terminal and axillary, erect, rufous. Male inflorescence always branched, spikelets 4–7 cm long; bracts and bracteoles ovate, acute, ca 1.5 by 1 mm, pubescent outside. Male flowers in 3-flowered cluster, calyx 6-lobed, oblong, free, ca 1.5 by 0.5 mm, pubescent outside; stamens 12, 3.2–4.3 mm long, glabrous; rudimentary ovary subglobose, 1.5–2 mm in diam., hirsute. Female inflorescence not seen. Fruits ovoid, free, 5–6 by 4–5 cm (including cupule), always solitary on erect and woody infructescence 15–20 cm long. Cupule completely enclosing the nut except the umbo; wall completely covered by tufted, erect, simple, dehiscent spines. Nut 1 per cupule, ellipsoid, 3–3.5 by 2 cm, flattened to one longitudinal side, glabrous except for a star-shaped area of indumentum around the umbo; scar basal, small.",C. Phengklai,,Forest Herbarium,2021-07-31,Rachun Pooma,ref-THA-0000814427,Forest Herbarium,All rights reserved,"Castanopsis malaccensis. Flora of Thailand. Vol. 9. Part 3, 2008. Pg. 219. Accessed 2021-07-31",https://botany.dnp.go.th/eflora/floraspecies.html?tdcode=03872,9,3
wfo-0000814450,general,EN,"Tree, 15–20 m high; buttress to 2 m. Terminal buds ovoid, ca 5 by 3 mm, with reddish brown indumentum. Twigs glabrous with sparse leaf scars and lenticels. Bark flaky or smooth, yellowish grey. Stipules linear, ca 5 by 2 mm long, with reddish-brown indumentum outside. Leaves oblong, 7.5–22 by 2.5–11 cm; base obtuse, minutely oblique; apex acuminate, obtuse; margins entire; coriaceous, glabrous, glossy green on the upper surface, pubescent along nerves on the lower; midrib and lateral nerves prominent on the lower surface, depressed on the upper; lateral nerves 11–16 pairs, rather straight then arched near margins, scalariform veins conspicuous on the lower surface. Petiole 1.5–3 cm, glabrous. Inflorescences male and female separate or mixed, erect, axillary or terminal, pubescent. Male inflorescence much branched, spikelets 4–8 cm long. Male flowers in 1–3-flowered cluster; bracts and bracteoles triangular, with reddish-brown indumentum outside; calyx 6-lobed, lobes oblong, ca 7 mm long, hairy outside; stamens 12, glabrous, ca 2 mm long; rudimentary ovary globose, flattened on top, ca 1 mm in diam., hirsute. Female inflorescence spike 10–15 cm long. Female flowers as male; styles 3, divergent, hairy near base; stigmata pointed. Fruits globose or ovoid, 5–9 by 4–7 cm (including cupule), on erect and woody infructescence 15–20 cm long. Cupule completely enclosing and fused with the nut; wall densely covered with branched, pointed spines, until it is hardly visible, spines pubescent then glabrescent, dehiscent. Nuts 1–4 per cupule, ovoid or ellipsoid, usually flattened on one longitudinal side, 4–5 by 2.5–3 cm, hairy throughout, scar 0.5–1 cm in diam.",C. Phengklai,,Forest Herbarium,2021-07-31,Rachun Pooma,ref-THA-0000814450,Forest Herbarium,All rights reserved,"Castanopsis megacarpa. Flora of Thailand. Vol. 9. Part 3, 2008. Pg. 221. Accessed 2021-07-31",https://botany.dnp.go.th/eflora/floraspecies.html?tdcode=03873,9,3
wfo-0000814581,general,EN,"Tree, 10–15 m high, 60–90 cm girth. Twigs sparsely pubescent, then glabrous, rounded lenticellate. Bark greyish-brown, roughly grooved; inner bark with yellow and purple stripes. Leaves elliptic or oblong, 10–17 by 3–6.5 cm; base obtuse, suboblique; apex acuminate or cuspidate to caudate; margins entire or serrate in the upper half; subcoriaceous or coriaceous, glabrous and glossy green on the upper surface, sparsely pubescent then glabrescent on the lower; midrib prominent on the lower surface, usually purple when dry; lateral nerves 9–13 pairs, ridged on the lower surface, subdepressed on the upper, scalariform veins hardly distinct. Petiole 0.5–1.5 cm, pubescent then glabrescent, blackish when dry. Inflorescences male and female separate or mixed, erect, terminal or axillary. Male inflorescence always branched, spikelets 5–10 cm long. Male flowers solitary, yellowish or white; bracts and bracteoles ca 1.5 by 1 mm, pubescent outside; calyx 6-lobed, lobes nearly free, ca 1.5 by 1 mm, pubescent outside, ciliate; stamens 12, ca 4 mm long, glabrous; rudimentary ovary globose, flattened on top, 0.5 mm in diam., hairy. Female inflorescence spike or 2–3 branched, spikelets 8–15 cm long, pubescent, solitary, other characters as in male flowers; styles 3, divergent; stigmata pointed. Fruits obovoid, always asymmetric, usually flattened adaxially, 2.5–3 by 2–2.5 cm (including cupule), fruit stalk 2–3 mm long, on erect woody infructescence 8–20 cm long. Cupule completely enclosing and fused with the nut; wall sparsely with short woody spines, 2–3 branched reclining and decurved; indehiscent. Nuts 1 per cupule, ovoid, usually depressed to one longitudinal side, 2–2.2 by 1.5–1.7 cm.",C. Phengklai,,Forest Herbarium,2021-07-31,Rachun Pooma,ref-THA-0000814581,Forest Herbarium,All rights reserved,"Castanopsis nephelioides. Flora of Thailand. Vol. 9. Part 3, 2008. Pg. 221. Accessed 2021-07-31",https://botany.dnp.go.th/eflora/floraspecies.html?tdcode=03874,9,3
wfo-0000814811,general,EN,"Tree, 7–25 m high, 70–180 cm girth. Axillary buds ovoid, laterally compressed. Twigs pubescent then glabrescent, lenticellate. Bark greyish-brown, rather smooth; inner bark reddish brown with white stripes. Leaves lanceolate or oblong, 10–20 by 3–6 cm; base cuneate, obtuse to oblique; apex acute, acuminate to cuspidate; margins entire; coriaceous, glabrous, dull green on the upper surface, pale or glaucous on the lower; midrib prominent on both surfaces; lateral nerves 7–11 pairs, distinct on the lower surfaces, subdepressed on the upper, scalariform veins conspicuous on the lower surface. Petiole 1–2 cm, glabrous, blackish when dry. Inflorescences male and female mixed or separate, erect, axillary or terminal, spike or rarely branched. Male inflorescence a spike or with spikelets 6–15 cm long, pubescent. Male flowers yellow, scented, 1–3-flowered in a bract; bracts and bracteoles ovate, pubescent outside; calyx 6-lobed, ovate or obovate, ca 2 by 1 mm, pubescent outside; stamens 12, 3–3.5 mm long, glabrous; rudimentary ovary globose, flattened on top, ca 1 mm in diam., hirsute. Female inflorescence spike 15–20 cm long. Female flower solitary or in 2–3-flowered cluster, other characters as in male flowers; styles 3, divergent; stigmata pointed. Fruits sessile, globose or bilobed, 4–6 cm in diam. (including cupule) on erect woody infructescence 15–30 cm long. Cupule completely enclosing the nut but not fused with it, sparsely hairy inside; wall sparsely covered with woody, branched, curved spines; dehiscent. Nuts 1–3–(4) per cupule, ovoid in outline, sometimes curved to one side, densely white hairy around the umbo.",C. Phengklai,,Forest Herbarium,2021-07-31,Rachun Pooma,ref-THA-0000814811,Forest Herbarium,All rights reserved,"Castanopsis pierrei. Flora of Thailand. Vol. 9. Part 3, 2008. Pg. 225. Accessed 2021-07-31",https://botany.dnp.go.th/eflora/floraspecies.html?tdcode=03875,9,3
wfo-0000814822,general,EN,"Tree, 6–30 m high. Bark greenish-brown or greenish-grey; inner bark brown or pinkish. Leaves elliptic or oblong, 8–16 by 3–6 cm; base slightly cuneate acute; apex acuminate or acute; margins entire; subcoriaceous, glabrous glossy green on the upper surface, pale brown on the lower; midrib prominent on the lower surface, depressed on the upper; lateral nerves 8–11 pairs, conspicuous on both sides, scalariform and reticulate veins distinct on both sides when dry. Petiole 1–1.5 cm, glabrous. Inflorescences male and female usually separate. Male inflorescence much branched, axillary or terminal, spikelets 8–15 cm long. Male flowers yellowish, in clusters of 3 or more; bracts pilose outside; calyx 6-lobed, lobes free, 1 by 0.5 mm, pubescent outside; stamens 12, ca 2 mm long, glabrous; rudimentary ovary ovoid, ca 0.5 mm in diam., erect, hairy. Female inflorescence spike solitary, 8–10 cm long. Female flowers in clusters of 1–3, bracts and calyx as in male; staminodes 12; styles 3, divergent, glabrous. Fruits turbinate or pyriform, 2.5–3 by 2–3 cm (including cupule) on erect infructescence 10–15 cm long, fruit stalk 0.5–1 cm. Cupule completely enclosing the nut except the umbo; wall smooth, without scales or spines, with 3–4 conspicuous, undulate lines outside. Nut 1 per cupule, ovoid, 2–2.3 by 2.3–2.7 cm, silky hairy around the umbo.",C. Phengklai,,Forest Herbarium,2021-07-31,Rachun Pooma,ref-THA-0000814822,Forest Herbarium,All rights reserved,"Castanopsis piriformis. Flora of Thailand. Vol. 9. Part 3, 2008. Pg. 227. Accessed 2021-07-31",https://botany.dnp.go.th/eflora/floraspecies.html?tdcode=03876,9,3
wfo-0000792524,general,EN,"Tree, 5–20 m high, 70–100 cm girth. Terminal buds ovoid, 5–6 by 2–3 mm; bracts hairy outside. Twigs dark brown tomentose then glabrescent, with sparse, round lenticels. Bark brown to dark brown, longitudinally furrowed; inner bark reddish-brown with pale longitudinal stripes. Leaves ovate or obovate, 6–10 by 3–7 cm; base obtuse to slightly cuneate; apex acute or obtuse to shortly acuminate, usually with minute emarginate tip; margins slightly serrate in the upper half to entire and revolute; coriaceous, sparsely pubescent then glabrous, glossy green on the upper surface; midrib and lateral nerves raised sharply on the lower; lateral nerves 5–7 pairs, arched but not anastomosing, scalariform veins hardly distinct. Petiole 4–5 mm, pubescent then glabrescent, blackish when dry. Inflorescences male and female separate or mixed, erect, terminal or axillary. Male inflorescences much branched, spikelets 4–7 cm long, pubescent. Male flowers whitish to yellowish, solitary or in 1–3-flowered cluster; bracts and bracteoles ovate, ca 1 by 0.5 mm, hairy outside; calyx 6-lobed, lobes obovate or spathulate, free, ca 1 by 0.5 mm, pubescent outside; stamens 11–12, 2–2.5 mm long, pubescent outside, ciliate; rudimentary ovary globose, ca 1 mm in diam., hairy. Female inflorecence spike to few branched, spikelets 8–17 cm long, pubescent. Female flowers as male; styles 3, hairy in lower half; stigmata pointed. Fruits ovoid, 1–2.5 cm in diam. (including cupule), sessile, on erect infructescence, 8–17 cm long. Cupule completely enclosing the nut except the umbo; wall sparsely covered with woody, branched, decurved spines set in 4–5 irregular lines; indehiscent. Nut 1 per cupule, ovoid to ellipsoid, 1.3–1.5 by 1–1.2 cm, more or less glossy brown; scar flattened, ca 1 cm in diam.",C. Phengklai,,Forest Herbarium,2021-07-31,Rachun Pooma,ref-THA-0000792524,Forest Herbarium,All rights reserved,"Castanopsis pseudohystrix. Flora of Thailand. Vol. 9. Part 3, 2008. Pg. 229. Accessed 2021-07-31",https://botany.dnp.go.th/eflora/floraspecies.html?tdcode=03877,9,3
wfo-0000814876,general,EN,"Tree, 6–25 m high, 60–150 cm girth. Terminal buds ovoid, 4–5 by 3 mm, sparsely pubescent. Twigs pubescent to glabrescent, with round lenticels. Bark deeply furrowed, brown to greyish-brown, defoliating in small flakes; inner bark yellowish to pinkish-brown, with white stripes. Leaves oblong, elliptic or obovate, 10–25 by 3.2–6.3 cm; base slightly acute or obtuse, asymmetrical; apex acute, acuminate, sometimes obtuse;margins entire; subcoriaceous, glabrous and glossy dark green on the upper surface, sparsely pubescent on the lower; midrib and lateral nerves prominent on the lower surface, depressed on the upper; lateral nerves 8–11 pairs, conspicuous on the upper surface, scalariform veins distinct on both sides. Petiole 1.5–4 cm, pubescent then glabrescent, blackish when dry. Inflorescences male and female separate or mixed, erect, terminal or axillary. Male inflorescence always branched, spikelets 8–15 cm long, pubescent. Male flowers yellow, scented; bracts and bracteoles ca 1.5 by 1 mm, pubescent outside, always in 2–3-flowered cluster; calyx 6-lobed, lobes spathulate or oblong, ca 1 by 0.5 mm, glabrous; stamens 12, 2–2.5 mm long, glabrous; rudimentary ovary globose, flattened on top, ca 1 mm in diam.; hirsute. Female inflorescence spike or 1–2 branched, spikelet 5–15 cm long, pubescent, solitary or in (1)–3-flowered cluster, other characters as in male flowers; styles 3, divergent; stigmata pointed. Fruits globose, 4.5–6 cm in diam. (including cupule), fruit stalk 2–5 mm long, on erect woody infructescence 10–25 cm long. Cupule completely enclosing the nut but not fused with it, inner part with adpressed, white, silky hairs, wall sparsely covered with woody, branched, curved spines; dehiscent. Nuts 1–3(4) per cupule, ovoid and compressed along one longitudinal side, 2–3 by 1 cm, sparsely, adpressed white hairy.",C. Phengklai,,Forest Herbarium,2021-07-31,Rachun Pooma,ref-THA-0000814876,Forest Herbarium,All rights reserved,"Castanopsis purpurea. Flora of Thailand. Vol. 9. Part 3, 2008. Pg. 229. Accessed 2021-07-31",https://botany.dnp.go.th/eflora/floraspecies.html?tdcode=03878,9,3
wfo-0000814976,general,EN,"Tree, 10–15 m high, 50–80 cm girth. Twigs pubescent then glabrescent. Leaves oblong, elliptic or obovate, 10–20 by 3.5–8 cm; base slightly cuneate, usually unequal; apex acute or obtuse, usually folded to one side; margins entire; coriaceous or subcoriaceous, glabrous on both surfaces, except along midrib; midrib and nerves prominent on the lower surface, subdepressed on the upper; lateral nerves 8–12 pairs, arched but not anastomosing, scalariform and reticulate veins conspicuous on the lower. Petiole 1–1.5 cm long, glabrous, blackish when dry. Inflorescences male and female separate or mixed, terminal and axillary, pubescent. Male inflorescence always branched, spikelets 5–10 cm long; bracts and bracteoles ovate, acute, ca 1.5 by 1 mm, pubescent outside. Male flowers solitary or in 2–3–5-flowered cluster; calyx 6 lobed, lobes united near base, ca 1 by 0.5 mm, pubescent outside, ciliate; stamens 12, ca 3 mm long, glabrous; rudimentary ovary globose, flattened on top, ca 1 mm in diam., hirsute. Female inflorescence spike 8–15 cm long. Female flowers almost always solitary, rarely in 2–3-flowered cluster, other characters as in male flowers; styles 3, divergent; stigmata pointed. Fruits sessile, ovoid, 3–4 cm in diam. (including cupule), always solitary on erect infructescence, 12–20 cm long. Cupule completely enclosing the nut except the umbo; wall completely covered by tufted, erect, simple spines. Nut 1 per cupule, globose or conical, 1.8–2 by 1.5–1.8 cm, slightly flattened at adaxial side; scar basal, ca 1 cm in diam.",C. Phengklai,,Forest Herbarium,2021-07-31,Rachun Pooma,ref-THA-0000814976,Forest Herbarium,All rights reserved,"Castanopsis rhamnifolia. Flora of Thailand. Vol. 9. Part 3, 2008. Pg. 231. Accessed 2021-07-31",https://botany.dnp.go.th/eflora/floraspecies.html?tdcode=03879,9,3
wfo-0000815011,general,EN,"Tree, 10–25 m high, 80–100 cm girth. Terminal buds ovoid, ca 5 by 3 mm; bracts ovate, pubescent outside. Twigs slightly 4-angled, densely tomentose then glabresent. Stipules narrowly lanceolate, 5–10 by 1–2 mm, hairy on both sides. Leaves oblong, obovate oblong or elliptic, 13–28 by 5–11.5 cm; base slightly cuneate, obtuse; apex cuspidate or acute; margins entire; coriaceous, sparsely pubescent then glabrescent except along midrib and nerves on the upper surface and densely pubescent on the lower; midrib and lateral nerves prominent on the lower surface, subdepressed on the upper; lateral nerves 8–12 pairs, arched but not anastomosing, scalariform veins prominent on the lower surface, subdepressed on the upper. Petiole 0.5–1.5 cm, pubescent then glabrescent. Inflorescences male and female separate or mixed, terminal and axillary, villous. Male inflorescence branched, spikelets 3–10 cm long; bracts and bracteoles ovate, acute, ca 2 by 1 mm, hairy outside, ciliate. Male flowers solitary or in 2–3-flowered cluster; calyx 6-lobed, lobes obovate, ca 1 by 0.5 mm, pubescent outside; stamens 12, ca 2 mm long, glabrous; rudimentary ovary globose, flattened on top, hirsute. Female inflorescence spike or few branched, spikelets 15–25 cm long. Female flowers usually 3-flowered in a cluster, other characters as in male flowers; styles 3, divergent; stigmata pointed. Fruits globose, 5–6 cm in diam. (including cupule), on erect and woody infructescence, 15–25 cm long, always clustering by erect spines. Cupule completely enclosing the nut except the umbo, and fused with part of it; wall completely covered by tufted, erect, simple spines. Nut (1)2–4 per cupule, ovoid, ca 2 by 0.6 cm, strongly depressed on one or two sides; scar only at base of nut, fused with cupule only at base.",C. Phengklai,,Forest Herbarium,2021-07-31,Rachun Pooma,ref-THA-0000815011,Forest Herbarium,All rights reserved,"Castanopsis rockii. Flora of Thailand. Vol. 9. Part 3, 2008. Pg. 233. Accessed 2021-07-31",https://botany.dnp.go.th/eflora/floraspecies.html?tdcode=03880,9,3
wfo-0000815066,general,EN,"Tree, 5–25 m high, 100–120 cm girth, usually with buttresses to 1 m high. Terminal buds ovoid to elliptic, 3–5 by 2–3 mm, scales ovate, pubescent outside. Twigs tomentose then glabrous, sparsely lenticellate. Bark smooth, grey. Stipules linear, 3–7 mm long, caducous. Leaves ovate-lanceolate or lanceolate-oblong, 9–19 by 2.5–7 cm; base obtuse to acute; apex acuminate, cuspidate or blunt acute; margins entire; coriaceous or subcoriaceous, glossy dark green on the upper surface, pale on the lower, pubescent then glabrous; midrib prominent on the lower surface, depressed on the upper; lateral nerves 9–12 pairs, arched but not anastomosing, scalariform veins conspicuous on the lower surface, reticulate veins fine, conspicuous on the upper. Petiole 1.5–3 cm, pubescent then glabrescent, blackish when dry. Inflorescences male and female separate or mixed, erect, terminal or axillary. Male inflorescence always branched, spikelets 8–15 cm long. Male flowers yellowish, in 3–7-flowered cluster; bracts and bracteoles ovate, ca 1 by 0.5 mm, hairy outside; calyx 6-lobed, lobes oblong, free, 1–1.5 by 0.5 mm, pubescent outside; stamens 12, 2–2.5 mm long, glabrous; rudimentary ovary globose, ca 1 mm in diam., hirsute. Female inflorescence spike to few branched, spikelets 6–10 cm long, pubescent as male flowers; styles 3, 1–1.5 mm long, divergent; stigmata pointed. Fruits obovoid, sometimes distinctly 4-lobed, 3–5 cm in diam. (including cupule), fruit stalk ca 1 cm long, on erect and robust infructescence, 4–7 cm long. Cupule completely enclosing and fused with the nut; wall with branched and simple woody spines, spines always curved and glabrous; dehiscent in (3)–4 parts when dry. Nuts 2–3, rarely one per cupule, ovoid, apex conical, ca 1.5 by 1.5 cm; scar flattened, ca 1 cm in diam.",C. Phengklai,,Forest Herbarium,2021-07-31,Rachun Pooma,ref-THA-0000815066,Forest Herbarium,All rights reserved,"Castanopsis schefferiana. Flora of Thailand. Vol. 9. Part 3, 2008. Pg. 233. Accessed 2021-07-31",https://botany.dnp.go.th/eflora/floraspecies.html?tdcode=03881,9,3
wfo-0000815159,general,EN,"Tree, to 20 m high. Twigs ferruginous when young, then glabrescent, angulate and lenticellate. Leaves oblong or obovate-oblong, rarely elliptic, 11–20 by 4.5–8 cm; base cuneate; apex acute; margins serrate; coriaceous, glabrous on the upper surface, tomentose then glabrescent on the lower; midrib prominent on the lower surface, slightly depressed on the upper; lateral nerves 16–18 pairs, narrowly ridged on the lower surface, subdepressed on the upper, scalariform veins conspicuous on both surfaces. Petiole 1–2 cm long, flattened adaxially, glabrescent. Inflorescences male and female separate or mixed. Male inflorescences always branched, terminal or axillary, spikelets 7–15 cm long. Male flowers yellowish-cream, scented, in 1–8–10-flowered cluster; calyx 6-lobed, lobes free, ca 1 by 0.5 mm, glabrous; bracts ovate, glabrous; stamens (10)–12, 1–1.5 mm long, glabrous; rudimentary ovary ca 1 mm in diam. Female inflorescence spike, axillary, 8–12 cm long, other characters as in male flowers; styles 3; stigmata straight to divergent. Fruits subglobose or obconical, 1.5–3.2 by 1.3 cm (including cupule), on erect infructescence 15–20 cm long, fruit-stalk 0.5–1 cm. Cupule enclosing up to three-quarters of the nut (when young completely enclosed except around the umbo); wall with thin, imbricate and tomentose scales or lamellae; more or less conspicuously 5–6 ringed when mature with truncate apex. Nut 1 per cupule, ovoid, conical, ca 1.2 by 1 cm, glossy brown; scar upcurved, ca 1 cm in diam.",C. Phengklai,,Forest Herbarium,2021-07-31,Rachun Pooma,ref-THA-0000815159,Forest Herbarium,All rights reserved,"Castanopsis siamensis. Flora of Thailand. Vol. 9. Part 3, 2008. Pg. 237. Accessed 2021-07-31",https://botany.dnp.go.th/eflora/floraspecies.html?tdcode=03882,9,3
wfo-0000792525,general,EN,"Tree, to 20 m high. Lateral buds flattened, 0.4–0.5 by 0.2 mm, scales hooked; terminal buds ovoid, 9–10 by 3–4 mm, scales imbricate, with adpressed silver hairs along the midline and near the apex outside. Leaves oblong or oblong-ellipic, 10–12 by 3–4 cm; base cuneate to obtuse, more or less equal sided; apex cuspidate, caudate or bluntly acute; margins serrate on ⅓ to the apex; subcoriaceous to coriaceous, glabrous except along midrib near base on the upper surface and densely short pubescent especially along nerves on the lower; midrib and lateral nerves prominent on the lower surface, more or less depressed on the upper; lateral nerves 12–15 pairs, rigid and curved near margins, scalariform veins distinct on the lower surface, subdepressed on the upper. Petiole 0.5–1 cm, densely blackish-grey hairy. Male inflorescence not seen. Female inflorescence spike or branched, spikelets terminal or axillary, 3–5 cm long, densely grey pubescent; bracts ca 10 by 3 mm, silver hairy outside. Male flowers solitary or in 1–2–3-flowered cluster; calyx 6-lobed, lobes ovate, sparsely hairy outside, ciliate; staminode 12, very short, glabrous; styles 3, hairy in lower half; stigmata pointed and divergent. Fruits sessile, ovoid, subdepressed, 1.5 by 2–2.5 cm (including cupule), on erect and infructescence 8–15 cm long. Cupule completely enclosing the nut except the umbo; wall sparsely covered with curved, woody, branched spines; dehiscent in 3–5 parts when dry. Nuts urceolate, triangular in outline, (1)–2–3 per cupule, glossy brown except the narrow apex, styles and stigmata persistent.",C. Phengklai,,Forest Herbarium,2021-07-31,Rachun Pooma,ref-THA-0000792525,Forest Herbarium,All rights reserved,"Castanopsis thaiensis. Flora of Thailand. Vol. 9. Part 3, 2008. Pg. 239. Accessed 2021-07-31",https://botany.dnp.go.th/eflora/floraspecies.html?tdcode=03883,9,3
wfo-0000815457,general,EN,"Tree, 6–40 m high, 70–150 cm girth. Terminal buds ovoid, 5–10 by 3–4 mm, pubescent outside. Twigs greyish pubescent, glabrescent. Bark dark brown, rough, with longitudinal irregular fissures 2 cm thick; inner bark reddish; sapwood white. Leaves lanceolate or oblong, 7–21 by 3–6.5 cm; base obtuse, oblique; apex acuminate or acute, sometimes caudate; margins entire; coriaceous to subcoriaceous, glabrous, glossy green on the upper surface, subdepressed on the upper, brownish on the lower; midrib and lateral nerves prominent on the lower surface; lateral nerves 9–13 pairs, arched but not anastomosing; other veins indistinct. Petiole 1–1.8 cm, glabrous, black when dry. Inflorescences male and female mixed or separate, terminal or axillary, pubescent. Male inflorescences always branched, spikelets 5–14 cm long; bracts and bracteoles triangular, ca 1 by 1 mm, pubescent outside. Male flowers whitish to brownish, scented, usually in 2–3-flowered cluster; calyx 6-lobed, lobes free, obovate, 1.5–2 by 1 mm, pubescent on both sides; stamens 12, 2.5–3 mm long, glabrous; rudimentary ovary globose, flat on top, ca 1 mm in diam., hirsute. Female inflorescence spike 8–15 cm long. Female flowers solitary, other characters as in male flowers; styles 3, divergent; stigmata pointed. Fruits ellipsoid, rarely ovoid, 1.5–2.5 by 1.5–2 cm (including cupule), on erect and woody infructescence, 15–20 cm long. Cupule completely enclosing the nut except the umbo, but not fused with it; wall sparsely covered with simple spines which curl in twisted lines from base to apex. Nut 1, ovoid, 1.2–1.5 by 1–1.2 cm, apex conical.",C. Phengklai,,Forest Herbarium,2021-07-31,Rachun Pooma,ref-THA-0000815457,Forest Herbarium,All rights reserved,"Castanopsis tribuloides. Flora of Thailand. Vol. 9. Part 3, 2008. Pg. 239. Accessed 2021-07-31",https://botany.dnp.go.th/eflora/floraspecies.html?tdcode=03884,9,3
wfo-0000815623,general,EN,"Tree, 10–30 m high, 60–200 cm girth. Terminal buds obovoid, ca 2 by 1 mm, hairy outside; axillary buds ovoid, ca 1 by 1 mm, glabrous. Stipules triangular, 3–4 by 1.5 mm. Twigs densely tomentose, then glabrescent. Bark greyish, finely fissured, lenticellate; inner bark brown. Leaves oblong, elliptic-oblong or lanceolate, 9–16.5 by 3.5–5.5 cm; base slightly obtuse or obtuse to oblique; apex acuminate, slightly caudate, acute, usually curved to one side; margins entire; chartaceous to subcoriaceous, glabrous on both surfaces, glossy green on the upper surface, pale to glaucous on the lower; midrib and lateral nerves prominent on the lower surface, ridged on the upper; lateral nerves 8–12, arched but not anastomosing, scalariform and reticulate veins hardly distinct with naked eye. Petiole 0.5–5 cm, pubescent then glabrescent, blackish when dry. Inflorescences male and female separate or mixed, erect, axillary or terminal, pubescent. Male inflorescence much branched, spikelets 4–12 cm long. Male flowers 1–3-flowered in a bract; bracts and bracteoles ovate, ca 1.5 by 1 mm, pubescent outside; calyx 6-lobed, lobes free, linear ca 1 by 0.5 mm, pubescent outside; stamens 12, 2.5–3 mm long, glabrous; rudimentary ovary globose, flattened on top, ca 1 mm in diam., hirsute. Female inflorescence spike 3–4 cm long. Female flowers usually 3 per bract, other characters as in male flowers; styles 3, divergent; stigmata pointed. Fruits sessile, globose, 2.5–4 cm in diam. (including cupule), on erect and woody infructescence 10–15 cm long. Cupule completely enclosing and fused with the nut; wall densely covered with woody, branched, curved spines; wall hardly visible, spines strongly squarrose with 3–7 pointed branches; indehiscent. Nuts 1–3 per cupule, ovoid 1.5–2 cm in diam., with adpressed silky brown hairs around umbo; scar flattened, ca 1.2 cm.",C. Phengklai,,Forest Herbarium,2021-07-31,Rachun Pooma,ref-THA-0000815623,Forest Herbarium,All rights reserved,"Castanopsis wallichii. Flora of Thailand. Vol. 9. Part 3, 2008. Pg. 241. Accessed 2021-07-31",https://botany.dnp.go.th/eflora/floraspecies.html?tdcode=03885,9,3
wfo-0000229710,general,EN,"Tree, 10–35 m high, 60–180 cm girth. Buds ovoid, 3–4 by 1–2 mm, with oily coating, glabrous. Twigs hairy to glabrous, black when dry. Bark blackish, longitudinally furrowed; inner bark reddish-brown. Leaves oblong to elliptic-oblong, 7–15 by 3–7.5 cm; base obtuse, slightly acute or cuneate; apex caudate, acuminate; margins entire; coriaceous, glabrous, glossy green, sometimes waxy on the upper surface, pale to glaucous on the lower; midrib and nerves prominent on the lower surface, depressed or hardly distinct on the upper; lateral nerves 9–11 pairs, straight then curved near margins but not anastomosing, scalariform veins conspicuous on the lower surface. Petiole 1–1.7 cm, glabrous, black when dry. Inflorescences male and female separate or female below, terminal or axillary, 5–20 cm long, blackish hairy. Male inflorescence usually on the upper part of same spike as female, 10–20 cm long; bracts and bracteoles narrowly triangular, ca 2 by 0.5 mm, hairy outside. Male flowers simple or in 1–3 flowered cluster; calyx 6, ca 1 mm long, lobes divided ca ½ to the base, pubescent outside; stamens 12, 2–3 mm long, glabrous; rudimentary ovary subglobose, ca 1 mm in diam., hairy. Female inflorescence usually basal. Female flowers always in clusters of 3–5, other characters as in male flowers; styles 3, divergent, glabrous; stigmata pointed. Acorns ovoid or rounded and strongly depressed at both ends, 1–1.5 by 1.5–2.5 cm (including cupule), fruit-stalk up to 0.5 cm on erect woody infructescence, 9–25 cm long; acorns free or in groups of 2–3 acorns (but not fused), indehiscent. Cupule cup or saucer-shaped, enclosing more or less ¾ of the nut; wall comprising whitish-grey indumentum, scales arranged in 4–5 rings or lamellae. Nut 1, broadly ovoid and concave at apex, 1–1.8 by 1.3–2.2 cm; scar basal, flattened or slightly concave, ca 1.5 cm in diam.",C. Phengklai,,Forest Herbarium,2021-07-31,Rachun Pooma,ref-THA-0000229710,Forest Herbarium,All rights reserved,"Lithocarpus aggregatus. Flora of Thailand. Vol. 9. Part 3, 2008. Pg. 251. Accessed 2021-07-31",https://botany.dnp.go.th/eflora/floraspecies.html?tdcode=03887,9,3
wfo-0000229737,general,EN,"Tree, 8–20 m high, 60–120 cm girth. Twigs pubescent then glabrescent, blackish when dry. Bark brownish to blackish, ca 1 cm thick; inner bark reddish-brown; sapwood yellowish. Stipules linear, 5–10 by 0.1 mm, glabrous. Leaves obovate or oblanceolate, 13–40 by 4.5–14 cm; base slightly attenuate then auriculate, asymmetrical; apex broadly cuspidate, acute to obtuse; margins entire; coriaceous, glabrous, glossy green on the upper surface, pale on the lower; midrib and nerves prominent on the lower surface, depressed on the upper; lateral nerves 14–17 pairs, arched and more or less anastomosing, scalariform veins conspicuous on the lower surface. Petiole stout, ca 0.5 cm long. Inflorescences male and female separate or female below, spikes, terminal and axillary, pubescent. Male inflorescence a spike to few branched, spikes or spikelets 5–20 cm long; bracts and bracteoles lanceolate, ca 5 by 1 mm, pubescent to glabrous. Male flowers white, scented, in 1–3–5-flowered cluster, rarely solitary; calyx 6-lobed, broadly campanulate, 1–1.5 mm long, lobes divided to ⅓ to the base, pubescent on both sides; stamens 12, 1.5–2.5 mm long, glabrous; rudimentary ovary subglobose, ca 1 mm in diam., hirsute. Female inflorescence spike up to 20 cm long. Female flowers always in 3–5-flowered cluster, other characters as in male flowers; styles 3–(4), divergent; stigmata pointed. Acorns sessile, broadly ovoid, strongly depressed at both ends, 1.5–2 by 3.5–4 cm (including cupule) on erect and stout woody infructescence, 10–14 cm long; acorns fused or adnate near base, but still distinct, indehiscent. Cupule distinctly saucer-shaped, enclosing ca ⅓ of the nut; wall comprising alternate greyish scales which fuse internally. Nut 1, broadly ovoid, 1–1.7 by 3–3.5 cm; always retuse, rarely broadly conic or flattened at top; base flattened; grey to glaucous.",C. Phengklai,,Forest Herbarium,2021-07-31,Rachun Pooma,ref-THA-0000229737,Forest Herbarium,All rights reserved,"Lithocarpus auriculatus. Flora of Thailand. Vol. 9. Part 3, 2008. Pg. 253. Accessed 2021-07-31",https://botany.dnp.go.th/eflora/floraspecies.html?tdcode=03888,9,3
wfo-0000229741,general,EN,"Tree, 15–25 m high, 70–100 cm girth. Twigs pubescent then glabrescent, lenticellate, blackish when dry. Bark yellowish to greyish-brown, scaly; sapwood yellowish. Stipules deltoid, 0.5–1 by 0.5 mm. Leaves ovate, ovate-oblong or elliptic, 6.5–1.5 by 3.55 cm; base obtuse, oblique; apex cuspidate, caudate; margins entire; subcoriaceous, glabrous and glossy green on the upper surface, pubescent on the lower; midrib prominent on the lower surface, depressed on the upper; lateral nerves 8–10 pairs, arched but not anastomosing, distinct on the lower surface, scalariform veins hardly distinct. Petiole 1–1.2, glabrous, black when dry. Inflorescences male and female separate or female below, terminal and axillary, 3–16 cm long, pubescent. Male inflorescence a spike to few branched, spikes or spikelets 3–5 cm long; bracts and bracteoles ovate 0.5–1 by 0.5 mm, pubescent to glabrous outside. Male flowers solitary, rarely in clusters; calyx 6-lobed, 1.5–2 mm long, lobes triangular, divided halfway to base, pubescent outside; stamens 12, ca 2 mm long, glabrous; rudimentary ovary subglobose, ca 1 mm in diam., glabrous. Female inflorescence spike 10–16 cm long. Female flowers solitary, other characters as in male flowers; styles 3, conical, 1–1.5 mm long, divergent; stigmata pointed. Acorns ovoid, 1.5–2 by 1.2–1.5 cm (including cupule), fruit-stalk 0.3–1 cm long, on erect and woody infructescence, 10–15 cm long; acorns free, indehiscent. Cupule saucer or cup-shaped, enclosing ca ¼ of the nut; wall comprising greyish scales arranged in 5–6 rings or lamellae. Nut 1, ovoid or conical, 1.2–2 by 1–1.5 cm, dull brown; scar basal, deeply concave, ca 1 cm in diam.",C. Phengklai,,Forest Herbarium,2021-07-31,Rachun Pooma,ref-THA-0000229741,Forest Herbarium,All rights reserved,"Lithocarpus bancanus. Flora of Thailand. Vol. 9. Part 3, 2008. Pg. 255. Accessed 2021-07-31",https://botany.dnp.go.th/eflora/floraspecies.html?tdcode=03889,9,3
wfo-0000229745,general,EN,"Tree, 20–25 m high, 80–160 cm girth; buttresses ca 3 m high, stilt roots occasionally present. Terminal buds ovoid, 1.5–3 by 1–1.5 mm; bracts ovate, acute. Twigs densely yellowish brown hairy, then glabrous, lenticellate. Bark greyish-brown, scaly; sapwood yellowish. Stipules linear, 1.5–2 by 0.5–0.7 mm. Leaves elliptic or slightly obovate, 6–11 by 3–4.5 cm; base cuneate, oblique; apex acute or acuminate, rarely obtuse; margins entire; subcoriaceous to coriaceous, glabrous and glossy green on the upper surface, pubescent then glabrescent and dull brown on the lower; midrib prominent on the lower surface, subdepressed on the upper; lateral nerves 7–10 pairs, arched and more or less anastomosing, conspicuous on the lower surface, hardly distinct on the upper, scalariform veins hardly distinct. Petiole 0.5–1.8 cm, glabrous. Inflorescences male and female separate or female below, terminal and axillary, pubescent. Male inflorescence a spike or panicle, spikes or spikelets 3–8–(20) cm long; bracts and bracteoles ovate, 1–1.5 by 0.2–0.5 mm, pubescent outside. Male flowers in 3–5-flowered cluster; calyx 6-lobed, broadly campanulate, 1–1.5 mm long; lobes ovate, divided halfway to the base, pubescent on both sides; stamens (10)–12, 2–2.5 mm long, glabrous; rudimentary ovary subglobose, ca 1 mm in diam., hirsute. Female inflorescence spike or few branched, 5–10 cm long. Female flowers always solitary, other characters as in male flowers; styles 3, conical, straight, ca 1 mm long; stigmata curved and pointed. Acorns sessile or up to 2 mm long pedicel; obconical to ovoid 2–3 by 1.5–2.2 (including cupule), on erect and slender infructescence; acorns free, well-spaced, indehiscent. Cupule obconical to saucer-shaped, enclosing up to ½ of the nut, rim not decurved; wall comprising alternate, thin and triangular scales fused in the lower half or more internally, the upper free and adnate toward apex. Nut 1, conical, 1.5–2 by 1–1.7 cm, indumentum grey, then glossy brown except around umbo.",C. Phengklai,,Forest Herbarium,2021-07-31,Rachun Pooma,ref-THA-0000229745,Forest Herbarium,All rights reserved,"Lithocarpus bennettii. Flora of Thailand. Vol. 9. Part 3, 2008. Pg. 255. Accessed 2021-07-31",https://botany.dnp.go.th/eflora/floraspecies.html?tdcode=03890,9,3
wfo-0000229751,general,EN,"Tree, 8–20 m high, 60–100 cm girth. Terminal buds ovoid, 1–1.5 by 1 mm; bracts ovate, acute. Bark dark brown, rather smooth, 1.5 cm thick, minutely lenticellate; inner bark pinkish red; sapwood dirty white, with deep, narrow, needle-like furrows. Stipules triangular, ca 2 by 1 mm. Leaves elliptic, ovate or obovate, 7–13 by 3.5–6 cm; base cuneate or obtuse; apex acute, acuminate, caudate or sometimes obtuse; margins entire or undulate; subcoriaceous, glabrous, glossy green on the upper surface, glaucous or pale on the lower; midrib and nerves prominent on the lower surface, depressed or conspicuous on the upper; lateral nerves 13–15 pairs, arched but not anastomosing, scalariform veins fine, distinct on the lower surface. Petiole 1–1.5 cm, blackish when dry. Inflorescences male and female separate or female below, in a panicle or spike, terminal or axillary, 10–20 cm long, pubescent. Male inflorescence always branched, spikelets 5–10 cm long; bracts and bracteoles triangular or ovate, acute, 0.3–1 by 0.2–0.5 cm, pubescent. Male flowers greenish-brown, always in 3–5-flowered cluster; calyx 6, oblong, 1–2 by 0.2–0.3 mm, pale pubescent outside; stamens 12, 6–7 mm long, glabrous; rudimentary ovary subglobose, ca 1.5 mm in diam., pilose. Female inflorescence spike or with spikelets 10–15 cm. Female flowers solitary, not in clusters, other characters as in male flowers; styles 3, decurved; stigmata pointed, all glabrous. Acorns jar-shaped or ovoid, 2–3.5 by 3–3.5 cm (including cupule) fruit stalk 0.5–1 cm on erect and woody infructescence 10–15 cm long; acorns free, hardly dehiscent. Cupule jar-shaped, base much broader than apex, completely enclosing the nut, narrow and elongate at neck; wall smooth, densely greenish tomentose on both sides, and with vertical filiform lines only. Nut 1, ovoid, conical, 1.5–2 by 2.5–3 cm, with adpressed silky hairs near apex; scar basal, concave or flattened, ca 1.5 cm in diam.",C. Phengklai,,Forest Herbarium,2021-07-31,Rachun Pooma,ref-THA-0000229751,Forest Herbarium,All rights reserved,"Lithocarpus blumeanus. Flora of Thailand. Vol. 9. Part 3, 2008. Pg. 257. Accessed 2021-07-31",https://botany.dnp.go.th/eflora/floraspecies.html?tdcode=03891,9,3
wfo-0000229780,general,EN,"Tree, 10–30 m high, 80–150 cm girth. Terminal buds ovoid, 2–4 by 2–3 mm, coated with black oily exudate. Twigs pubescent then glabrescent, blackish when dry, lenticellate. Bark grey, fissured to scaly, lenticellate; inner bark pinkish to dark red; sapwood white to yellowish. Stipules ovate to linear 3–5 by 1–2 mm. Leaves oblong, elliptic-oblong to oblong-lanceolate, 10–20 by 3.5–7 cm; base cuneate, usually oblique; apex acute, acuminate to caudate; margins entire; coriaceous, glabrous, usually glaucous on both surfaces; midrib prominent on both surfaces; lateral nerves 12–15 pairs, anastomosing, conspicuous on both surfaces, scalariform veins distinct on the lower surface. Petiole 1.5–1.7 cm, glabrous, black when dry. Inflorescences male and female separate or female below, axillary and terminal, 3–15 cm long, tomentose. Male inflorescence a spike or few branched, spikes or spikelets 3–5 cm long; bracts and bracteoles lanceolate, 2–2.5 by 0.5–1 mm, pubescent on both sides. Male flowers yellow, solitary or inl 3-flowered cluster; calyx 6-lobed, 1–1.5 mm long, lobes ovate, divided to ¼ to the base, pubescent on both sides; stamens 12, 1.5–2.5 mm long; glabrous; rudimentary ovary subglobose, ca 1 mm in diam., hirsute. Female inflorescence spike 8–15 cm long. Female flowers solitary or in 1–3-flowered cluster, other characters as in male flowers; styles 3, short conical, 1–1.5 mm long; stigmata pointed. Acorns ovoid, strongly depressed at both ends, 1.5–2.5 by 2.2–3 cm (including cupule); fruit-stalk up to 0.5 cm, on erect woody infructescence 10–15 cm long; acorns free, indehiscent. Cupule saucer-shaped, only enclosing at base of the nut; wall comprising greenish-brown scales, arranged in 4–5 rings or lamellae. Nut 1, ovoid 0.8–1 by 2–2.7 cm, depressed and flattened at both ends; scar basal, slightly concave, ca 2 cm in diam.",C. Phengklai,,Forest Herbarium,2021-07-31,Rachun Pooma,ref-THA-0000229780,Forest Herbarium,All rights reserved,"Lithocarpus cantleyanus. Flora of Thailand. Vol. 9. Part 3, 2008. Pg. 261. Accessed 2021-07-31",https://botany.dnp.go.th/eflora/floraspecies.html?tdcode=03892,9,3
wfo-0000229790,general,EN,"Tree, 5–25 m high, 40–110 cm girth. Bark brownish, deeply furrowed; inner bark dark red; sapwood yellowish. Leaves elliptic to elliptic-oblong, slightly oblanceolate, 10–22.5 by 3–9 cm; base cuneate; apex acuminate, acute; margins entire; coriaceous, glabrous, glossy green on the upper surface, pale to glaucous on the lower; midrib and nerves prominent on the upper surface, more or less depressed on the lower; lateral nerves 9–12 pairs, arched but not anastomosing, scalariform veins distinct or hardly distinct on both surfaces. Petiole 1–2 cm, glabrous, dark brown when dry. Inflorescences male and female separate or female below, spike or panicle, terminal or axillary, pubescent. Male inflorescence a spike or many branched, spikes or spikelets 10–15 cm long; bracts and bracteoles ovate, acute, 2–2.5 by 0.5–1 mm, pubescent outside. Male flowers yellowish white, in 3–5-flowered cluster; calyx 6 lobed, broadly campanulate, 1.5–2 mm long, lobes divided by ⅓ to the base, pubescent outside; stamens 12, 2–2.5 mm long, glabrous; rudimentary ovary subglobose, ca 1 mm in diam. hirsute. Female inflorescence spike or few branched (if terminal), spikes 14–24 cm long. Female flowers in 3–5-flowered cluster, other characters as in male flowers; styles 3, divergent; stigmata pointed. Acorns conical, 0.8–1 by 0.5–0.6 cm (including cupule); fruit-stalk 2–5 mm long, on erect and slender infructescence 15–25 cm long; acorns connate near base, indehiscent. Cupule cup-shaped, enclosing up to ½ of the nut; wall comprising alternate and grey indumentum scales fused internally with free apices, more or less pointed upward. Nut 1, fine, conical, ca 9 by 6 mm, glossy brown; scar basal, 3–4 mm in diam.",C. Phengklai,,Forest Herbarium,2021-07-31,Rachun Pooma,ref-THA-0000229790,Forest Herbarium,All rights reserved,"Lithocarpus cerifer. Flora of Thailand. Vol. 9. Part 3, 2008. Pg. 263. Accessed 2021-07-31",https://botany.dnp.go.th/eflora/floraspecies.html?tdcode=03893,9,3
wfo-0000229807,general,EN,"Tree, 8–40 m high, 50–100 cm girth; buttresses to 1.3 m high. Terminal buds ellipsoid, 3–5 by 1–2 mm; bracts linear. Twigs pubescent then glabrescent, sparsely lenticellate, blackish when dry. Bark grey, shallow fissured; inner bark pinkish-red to dark brown; sapwood yellowish-white. Stipules ovate, ca 2 by 1 mm. Leaves elliptic to elliptic-oblong, 10–19 by 4.5–7.5 cm; base obtuse, slightly cuneate; apex acute, caudate; margins entire; coriaceous, glabrous, glossy green on the upper surface, pale on the lower, usually glaucous on the upper surface, reddish-brown on the lower when dry; midrib prominent on the lower surface, depressed on the upper; lateral nerves 8–12 pairs, conspicuous on both surfaces; other veins hardly distinct. Petiole 1–1.5 cm, pubescent then glabrescent, blackish when dry. Inflorescences male and female separate or female below, panicles or spikes, terminal and axillary, 5–10 cm long, pubescent. Male inflorescence a spike to few branched; bracts and bracteoles ovate 0.5–1 by 0.4–0.8 mm, pubescent outside. Male flowers creamy white, solitary or in 3-flowered cluster; calyx 6, up to 1 mm long, lobes divided ⅓ to the base, hairy outside; stamens 12, 1–1.5 mm long; rudimentary ovary subglobose, ca 1 mm in diam., hairy. Female inflorescence spike. Female flowers solitary or in 1–3-flowered cluster, other characters as in male flowers; styles 3, divergent, pubescent; stigmata pointed. Acorns ovoid, strongly depressed at both ends, 1.5–2 by 3–3.5 (including cupule); fruit-stalk up to 5 mm long, on erect and woody infructescence 10–15(20) cm long; acorns free, indehiscent. Cupule cup or saucer-shaped, enclosing ca ½ of the nut; wall comprising greyish scales, arranged in 5–10 rings or lamellae. Nut 1, broadly ovoid, strongly depressed at both ends, 1.5–2 by 2.5–3 cm, indumentum grey, glabrescent; scar basal deeply concave, 1.5–2 cm in diam.",C. Phengklai,,Forest Herbarium,2021-07-31,Rachun Pooma,ref-THA-0000229807,Forest Herbarium,All rights reserved,"Lithocarpus clementianus. Flora of Thailand. Vol. 9. Part 3, 2008. Pg. 265. Accessed 2021-07-31",https://botany.dnp.go.th/eflora/floraspecies.html?tdcode=03894,9,3
wfo-0000229834,general,EN,"Tree, 5–20 m high, 60–100 cm girth. Twigs pubescent then glabrescent, greenish-black, lenticellate. Bark greenish-brown, 2 cm thick, longitudinally furrowed; inner bark brown. Leaves oblong to elliptic-oblong, 9–16 by 3–6.5 cm; base slightly cuneate or obtuse and oblique; apex acute to caudate; margins entire; coriaceous, glabrous and dull dark green on the upper surface, sparsely silvery-tan pubescent then glabrescent on the lower, all reddish- brown when dry; midrib and nerves prominent on the lower surface, subdepressed on the upper, pinkish when dry; lateral nerves 9–13 pairs, arched and more or less anastomosing, scalariform veins conspicuous on the lower surface. Petiole 1–2.5 cm, glabrous, blackish when dry. Inflorescences male and female separate or female below, terminal and axillary, tomentose. Male inflorescence a spike or panicle, spikes or spikelets 4–10 cm long; bracts and bracteoles ovate, 1–2 by 0.5–1 mm, pubescent outside. Male flowers in (2)–3-flowered cluster; calyx 6 lobed, 1–1.5 mm long, lobes divided ⅓ to ½ to the base, pubescent outside; stamenss 12, 1.5–2 mm long, glabrous; rudimentary ovary subglobose, ca 1 mm in diam., hirsute. Female inflorescence spike 6–14 cm long, rarely branched. Female flowers always in 3-flowered cluster, other characters as in male flowers; styles 3, divergent; stigmata pointed. Acorns sessile ovoid to conical, 1.5–2 by 1.3–1.7 cm (including cupule); on erect infructescence 6–18 cm long; acorns free, but usually in clusters; indehiscent. Cupule ovoid, completely enclosing the nut except the umbo; wall comprising alternate and greenish-brown triangular scales, fused in the lower half, the upper half free and upward pointing. Nut 1, ovoid to conical 1.3–1.8 by 1–1.5 cm; scar up to ⅕ from base of the nut.",C. Phengklai,,Forest Herbarium,2021-07-31,Rachun Pooma,ref-THA-0000229834,Forest Herbarium,All rights reserved,"Lithocarpus craibianus. Flora of Thailand. Vol. 9. Part 3, 2008. Pg. 265. Accessed 2021-07-31",https://botany.dnp.go.th/eflora/floraspecies.html?tdcode=03895,9,3
wfo-0000229845,general,EN,"Tree, 8–15 m high, 60–100 cm girth. Terminal buds ovoid, 1–1.5 by 0.3 mm; bracts, lanceolate. Twigs tomentose, glabrescent, sparsely lenticellate. Leaves oblong to oblong lanceolate, 10–18 by 3.5–6 cm; base cuneate or obtuse; apex caudate, acute, usually curved to one side; margins entire; chartaceous to subcoriaceous, glabrous and glossy green on the upper surface, sparsely pubescent then glabrescent on the lower; midrib prominent on the lower surface, depressed on the upper; lateral nerves 9–13 pairs, arched and more or less anastomosing, conspicuous on both surfaces, scalariform veins hardly distinct. Petiole 1–1.5 cm, pubescent then glabrescent. Inflorescences male and female separate or female below, terminal and axillary, pubescent. Male inflorescence a spike or few branched, spikes or spikelets 9–20 cm long; bracts and bracteoles ovate, acute 0.5–1 by 0.5 mm, pubescent outside. Male flowers solitary or in 1–3-flowered cluster; calyx 6-lobed, campanulate, 1–1.5 mm long; lobes ovate, divided ⅓ to the base, pubescent outside; stamenss 10–12, 2–3 mm long, glabrous; rudimentary ovary subglobose, ca 1 mm in diam., ferruginous. Female inflorescence 15–20 cm long, rarely branched. Female flowers solitary, other characters as in male flowers; styles 3, conical; stigmata pointed. Acorns ovoid to conical, 1.5–2.5 by 1.2–1.7 cm (including cupule); fruit-stalk 3–5 mm long, on erect and slender infructescence 8–12 cm long; acorns free, indehiscent. Cupule saucer-shaped, to flattened, enclosing base of the nut only; wall comprising alternate and thin scales, fused internally more or less throughout. Nut 1, broadly conical, 1.2–2 by 1–1.5 cm, dull brown.",C. Phengklai,,Forest Herbarium,2021-07-31,Rachun Pooma,ref-THA-0000229845,Forest Herbarium,All rights reserved,"Lithocarpus curtisii. Flora of Thailand. Vol. 9. Part 3, 2008. Pg. 267. Accessed 2021-07-31",https://botany.dnp.go.th/eflora/floraspecies.html?tdcode=03896,9,3
wfo-0000229849,general,EN,"Tree, 15–20 m high, 70–150 cm girth. Terminal bud ovoid, ca 5 by 3 mm; bracts linear, ca 10 by 3 mm. Twigs purplish-brown, yellowish-brown hairy when young then glabrescent, lenticellate. Bark deeply fissured. Stipules narrowly lanceolate, ca 10 by 3 mm. Leaves oblong, 16–21 by 6–9.5 cm; base obtuse or slightly cuneate; apex acute, acuminate to caudate; margins entire not revolute; coriaceous, glabrous and glossy green on the upper surface, reddish hairy along midrib and nerves on the lower; midrib prominent on both surfaces; lateral nerves 12–15 pairs, arched but not anastomosing, prominent on the lower surface, depressed on the upper, scalariform veins finely distinct on the lower surface. Petiole stout, 1–1.5 cm long, pubescent then glabrescent, black when dry. Inflorescences male and female separate or female below, spikes or rarely few branched, axillary and terminal, pubescent. Male inflorescence a spike 5–15 cm long; bracts and bracteoles ovate, acute, 2–3 by 0.5–1 mm, pubescent outside. Male flowers solitary or in 1–2–3-flowered cluster; calyx 6-lobed, campanulate, 1–1.5 mm long; lobes triangular, divided halfway to the base, pubescent outside; stamens 12, 3–4 mm long, glabrous; rudimentary ovary subglobose, hirsute. Female inflorescence spike 5–15 cm long. Female flowers solitary or in 1–2–3-flowered cluster, other characters as in male flowers; styles 3–(4), conical, hairy in lower half; stigmata pointed. Acorns sessile, slightly to broadly obconical, 2–3.5 by 3–4 cm (including cupule), on erect and woody infructescence 7–15 cm long, strongly depressed at both ends; acorns free and well-spaced, indehiscent. Cupule more or less broadly obconical to saucer-shaped, enclosing more or less ½ of the nut; wall comprising alternate and triangular scales, fused internally. Nut 1, ovoid and flattened at both ends 1–1.5 by 1.5–2.5 cm, with robust styles remnant up to 1 cm long on top, adpressed pubescent then glabrescent; scar basal, concave, ca 2 cm in diam.",C. Phengklai,,Forest Herbarium,2021-07-31,Rachun Pooma,ref-THA-0000229849,Forest Herbarium,All rights reserved,"Lithocarpus cyclophorus. Flora of Thailand. Vol. 9. Part 3, 2008. Pg. 269. Accessed 2021-07-31",https://botany.dnp.go.th/eflora/floraspecies.html?tdcode=03897,9,3
wfo-0000229859,general,EN,"Tree, 5–30 m high, 45–100 cm girth. Terminal buds ovoid ca 1 by 0.5 mm; bracts lanceolate, pubescent outside. Twig sparsely pubescent, then glabrous, blackish when dry. Bark grey to dark brown, deeply fissured; inner bark yellowish; sapwood white. Leaves oblong or elliptic oblong, 11–20 by 3.5–8 cm; base obtuse, cuneate, usually oblique; apex acuminate, acute to caudate; margins entire; coriaceous, glossy green or glaucous on the upper surface, pubescent then glabrescent except along midrib and nerves on the lower; midrib prominent on the lower surface and flattened or depressed on the upper, usually pinkish when dry; lateral nerves 9–14 pairs, arched and anastomosing, conspicuous on both surfaces, scalariform veins distinct on the lower surface. Petiole 1–2 cm, glabrous. Inflorescences male and female separate or female below, spikes or few branched, terminal and axillary, tomentose. Male inflorescence a spike or 2–3 branched, spikes or spikelets 8–15 cm long; bracts and bracteoles ovate, acute, 2–3 by 0.5 mm, pubescent outside. Male flowers yellowish, scented, always in 3-flowered cluster; calyx 6 lobed, campanulate, up to 5 mm long, lobes ovate, divided ca ¼ to the base, pubescent outside; stamens 10–12, ca 0.5 mm long, glabrous; rudimentary ovary subglobose, ca 0.5 mm in diam., hirsute. Female inflorescence spike or few branched, spikes or spikelets 8–22 cm long. Female flowers almost always in 3–(4)-flowered cluster, rarely solitary, other characters as in male flowers; styles 3, divergent; stigmata pointed. Acorns sessile, fine conical, 1.5–2.5 by 1–1.8 cm (including cupule); on erect and slender infructescence 10–30 cm long, the latter 5–8 mm in diam.; acorns fused or connate near base (some free), indehiscent. Cupule cup shaped, enclosing up to ½ of the nut; wall comprising alternate and pubescent scales, fused in the lower half, free and incurved apically. Nut 1, conical, 1–2 by 1–1.2 cm; indumentum grey then glabrescent; scar basal, convex, ca 1 cm in diam.",C. Phengklai,,Forest Herbarium,2021-07-31,Rachun Pooma,ref-THA-0000229859,Forest Herbarium,All rights reserved,"Lithocarpus dealbatus. Flora of Thailand. Vol. 9. Part 3, 2008. Pg. 271. Accessed 2021-07-31",https://botany.dnp.go.th/eflora/floraspecies.html?tdcode=03898,9,3
wfo-0000229886,general,EN,"Tree, 6–10 m high, 40–80 cm girth. Terminal buds ovoid, 0.5–1 by 0.4–0.5 cm; bracts lanceolate 4–5 by 0.5–1 mm, pubescent outside. Twigs pubescent then glabrescent, blackish when dry. Leaves obovate, oblanceolate, oblong-lanceolate or oblong, 10–18 by 3–9.5 cm; base slightly cuneate, oblique; apex acute, acuminate to broadly obtuse; margins entire; coriaceous, glabrous, glossy green on the upper surface, pale to glaucous on the lower; midrib and nerves prominent on the lower surface, subdepressed on the upper; lateral nerves 7–10 pairs, arched but not anastomosing, scalariform veins hardly distinct. Petiole 1.5–2 cm, glabrous. Inflorescences male and female separate or female below, terminal and axillary, grey pubescent. Male inflorescence not seen. Female inflorescence spike 4–10 cm long; bracts and bracteoles, ovate, acute, 2–3 by 0.5–1 mm, pubescent outside. Female flowers always in 2–3-flowered cluster; calyx 6-lobed, 1–2 mm long, lobes divided halfway to the base, pubescent outside; staminodes 12, ca 1 mm long, glabrous; styles 3–4, conical, 0.5–1 mm long; stigmata pointed. Acorns sessile, ovoid to broadly ovoid, depressed at both ends, 1.5–2 by 3–3.5 cm (including cupule) on erect woody and stout infructescence 8–10 cm long; acorns fused in the lower half like a big gall, indehiscent. Cupule hardly distinct, like a big gall, enclosing ½ to ⅔ of the nut; wall comprising alternate scales, fused at base, free at apex, apex spreading and more or less decurved. Nut 1, broadly ovoid, 1–1.5 by 2–2.5 cm, apex broadly conical, flattened at base.",C. Phengklai,,Forest Herbarium,2021-07-31,Rachun Pooma,ref-THA-0000229886,Forest Herbarium,All rights reserved,"Lithocarpus echinophorus. Flora of Thailand. Vol. 9. Part 3, 2008. Pg. 273. Accessed 2021-07-31",https://botany.dnp.go.th/eflora/floraspecies.html?tdcode=03899,9,3
wfo-0000229889,general,EN,"Tree, 20–30 m high, 100–150 cm girth. Terminal buds conical; bracts linear 1.5–2 cm long, pubescent on both sides. Twigs pubescent then glabrescent, sparsely lenticellate. Stipules lanceolate oblong, 0.5–1 by 0.2 cm. Leaves oblanceolate or elliptic-oblong, 15–29 by 4.5–10 cm; base cuneate; apex broad then acute to acuminate; margins entire; chartaceous to subcoriaceous, tomentose then glabrescent on both surfaces; midrib prominent on the lower surface, depressed on the upper; lateral nerves 13–15 pairs, arched but not anastomosing, conspicuous on the lower surface, usually depressed on the upper, scalariform veins conspicuous on both surfaces. Petiole 1–3 cm, pubescent then glabrescent. Inflorescences not seen (some female flowers were seen). Acorns sessile, broadly ovoid, 2–2.5 by 3.5 cm (including cupule), depressed at both ends, on erect and woody infructescence; 8–17 cm long and more or less 1 cm in diam.; acorns free, indehiscent. Cupule broadly cup-shaped, enclosing almost the whole nut; wall comprising alternate pseudo-spines and free scales, the upper erect and the lower decurved. Nut 1, broadly ovoid, ca 2.5 by 3 cm, scar extending halfway up the nut.",C. Phengklai,,Forest Herbarium,2021-07-31,Rachun Pooma,ref-THA-0000229889,Forest Herbarium,All rights reserved,"Lithocarpus echinops. Flora of Thailand. Vol. 9. Part 3, 2008. Pg. 273. Accessed 2021-07-31",https://botany.dnp.go.th/eflora/floraspecies.html?tdcode=03900,9,3
wfo-0000229894,general,EN,"Tree, 10–30 m high, 80–120 cm girth. Terminal buds ovoid, ellipsoid 2–3 by 1–2 mm; bracts linear to ovate, acute. Twigs tomentose, glabrescent, lenticellate. Stipules narrow lanceolate, 3–4 by 1–1.2 mm. Leaves elliptic-oblong or oblong-lanceolate, 15–30 by 5–8 cm; base acute, rarely obtuse; apex caudate, acuminate to acute; margins entire; subcoriaceous, glabrous and glossy green on the upper surface, greenish tomentose on the lower; midrib and nerves prominent on the lower surface, depressed on the upper; lateral nerves 8–12 pairs, arched but not anastomosing, scalariform veins hardly distinct. Petiole 1–1.5 cm long, pubescent then glabrescent. Inflorescences male and female separate or female below, terminal and axillary, 10–20 cm long, pubescent. Male inflorescence a spike to few branched; bracts and bracteoles ovate, acute, ca 1 by 0.5 mm long, pubescent outside. Male flowers solitary or in 1–3-flowered cluster; calyx (5)–6–(8)-lobed, 1–2 mm long, lobes divided up to halfway to the base, pubescent outside; stamens 12, 3.3–4.4 mm long, glabrous; rudimentary ovary subglobose, ca 1 mm in diam., hirsute. Female inflorescence spike. Female flowers almost solitary, rarely in clusters, other characters as in male flowers; styles 3, conical, ca 2 mm long; stigmata pointed. Acorns sessile, ovoid, strongly depressed both on apex and at base, 1.5–2 by 2–3.5 cm (including cupule); on erect woody infructescence 10–15 cm long; acorns free, indehiscent. Cupule saucer-shaped, enclosing only the base of the nut; wall pubescent scales, arranged in 5–8 rings or lamellae. Nut 1, ovoid, 1–1.5 by 2.5–3 cm, depressed and flattened at both ends, more or less retuse around top; scar deeply concave, ca 2 cm in diam.",C. Phengklai,,Forest Herbarium,2021-07-31,Rachun Pooma,ref-THA-0000229894,Forest Herbarium,All rights reserved,"Lithocarpus eichleri. Flora of Thailand. Vol. 9. Part 3, 2008. Pg. 277. Accessed 2021-07-31",https://botany.dnp.go.th/eflora/floraspecies.html?tdcode=03901,9,3
wfo-0000229897,general,EN,"Tree, 5–25 m high, 60–150 cm girth. Terminal buds ovoid, 2–5 by 2–3 mm; bracts ovate to linear, tomentose then glabrescent. Twigs greyish pubescent then glabrescent, lenticellate. Bark greyish-brown, scaly, 1–2.5 cm thick; inner bark yellowish-orange to dark red; sapwood white, heartwood dark brown. Stipules ovate to linear, 3–6 by 1–2 mm. Leaves oblong, elliptic oblong, obovate or lanceolate, 10–22 by 3.5–9 cm; base slightly cuneate or oblique, rarely obtuse; apex acute, acuminate or caudate, rarely obtuse; margins entire; coriaceous to subcoriaceous, pubescent then glabrescent, dull green on the upper surface, glaucous-green on the lower, sometimes glossy green above; midrib and nerves prominent on the lower surface, depressed on the upper, usually yellowish-pink when dry; lateral nerves 9–14 pairs, arched but not anastomosing, scalariform veins hardly distinct. Petiole 1.5–3 cm, glabrous, black when dry. Inflorescences male and female separate, rarely mixed, terminal and axillary, tomentose. Male inflorescence a panicle or spike; spikes or spikelets 7–20 cm long; bracts and bracteoles ovate or elliptic, 0.5–1.5–0.2–1 mm, tomentose outside. Male flowers white or yellowish, in 9–10-flowered cluster; calyx 6-lobed, obconical, 0.5–1 mm long, lobes divided by ⅓ to the base, pubescent outside; stamens 12, ca 2 mm long, glabrous; rudimentary ovary subglobose, ca 1 mm in diam., hirsute. Female inflorescence spike or few branched, spikes or spikelets 12–20 cm long. Female flowers always in 3–7-flowered cluster, other characters as in male flowers; styles 3, cylindrical ca 1 mm long; stigmata pointed. Acorns sessile, broadly ovoid, strongly depressed at both ends, 1.5–2 by 2–2.5 cm (including cupule); on erect and slender woody infructescence, 15–30 cm long, acorns fused near base but still distinct, indehiscent. Cupule distinctly saucer shaped, enclosing ⅕–⅓ of the nut; wall comprising alternate tomentose scales, fused (some free) at base, acute apex free and pointed. Nut broadly ovoid, flattened at both ends or slightly convex on top, 1–1.2 by 1.7–2.2 cm, glossy or brown.",C. Phengklai,,Forest Herbarium,2021-07-31,Rachun Pooma,ref-THA-0000229897,Forest Herbarium,All rights reserved,"Lithocarpus elegans. Flora of Thailand. Vol. 9. Part 3, 2008. Pg. 279. Accessed 2021-07-31",https://botany.dnp.go.th/eflora/floraspecies.html?tdcode=03902,9,3
wfo-0000229900,general,EN,"Tree, 12–18 m high, 70–160 cm girth. Twigs tomentose, glabrescent, lenticellate. Leaves oblong or oblong-lanceolate, 18–29 by 5–7.5 cm; base obtuse, broadly obtuse, oblique or truncate; apex acute or acuminate; margins entire, usually curved to one side; subcoriaceous to coriaceous, glabrous and glossy green on the upper surface, pale hairy then glabrescent on the lower; midrib and nerves prominent on the lower surface, depressed on the upper; lateral nerves 9–11 pairs, arched but not anastomosing, scalariform veins conspicuous on the upper surface. Petiole 0.8–1 cm, sparsely pubescent then glabrescent, dark brown when dry. Inflorescences male and female separate or female below, spikes, solitary or in tufts of 2–4 spikes, pubescent. Male inflorescence a spike 10–20 cm long; bracts and bracteoles, triangular, 1–2 by 1 mm, pubescent outside. Male flowers solitary and in 1–3-flowered cluster; calyx 6 lobed, ca 1 mm long, lobes triangular, divided halfway to the base, sparsely pubescent outside, ciliate; stamens 12, 3–4 mm long, glabrous; rudimentary ovary subglobose, ca 1 mm in diam., hirsute. Female inflorescence spike 10–15 cm long. Female flowers solitary, rarely in 2–3 flowered cluster, other characters as in male flowers, styles 3, divergent; stigmata pointed. Acorns sessile, broadly conical, 0.5–1.3 by 1.4–2 cm (including cupule); on erect and slender infructescence, 10–15 cm long, strongly depressed at both ends, free, well-spaced, indehiscent. Cupule saucer-shaped (obconical when young), enclosing ca ½ of the nut; wall comprising alternate, thin and triangular scales, fused near base and free in the upper part, apex incurved. Nut 1, broadly ovoid to rather flattened, on top broadly concave with styles remnant, 0.5–1.2 by 1.2–1.5 cm, sparsely brownish hairy then glabrous.",C. Phengklai,,Forest Herbarium,2021-07-31,Rachun Pooma,ref-THA-0000229900,Forest Herbarium,All rights reserved,"Lithocarpus elephantum. Flora of Thailand. Vol. 9. Part 3, 2008. Pg. 281. Accessed 2021-07-31",https://botany.dnp.go.th/eflora/floraspecies.html?tdcode=03903,9,3
wfo-0000229905,general,EN,"Tree, 8–25 m high, 80–150 cm girth. Buds ovoid; bracts linear ca 5 by 1 mm, pubescent outside. Twigs glabrous, blackish, sparsely lenticellate. Bark grey, smooth or scaly; inner bark reddish-brown; sapwood yellowish-white. Leaves oblong or elliptic, 7–16 by 3.5–6 cm; base obtuse, slightly cuneate, asymmetrical; apex acute or acuminate, rarely obtuse; margins entire; subcoriaceous to chartaceous, glabrous and glossy green on the upper surface, pubescent then glabrescent and more or less glaucous on the lower; midrib and nerves prominent on the lower surface, depressed on the upper; lateral nerves 8–9 pairs, arched and more or less anastomosing, scalariform veins fine, distinct on the lower surface. Petiole 0.5–1.5 cm, glabrous, blackish when dry. Inflorescences male and female separate or female below, in spikes, axillary or terminal, 5–20 cm long, grey pubescent. Male inflorescence simple or few branched, spike or spikelets 5–20 cm long; bracts and bracteoles ovate, 0.4–0.5 by 0.3–0.5 mm, pubescent outside. Male flowers yellowish, scented, solitary or in 1–3-flowered cluster; calyx 6, ca 1 mm long, lobes divided ca ¼ to the base, pubescent outside; stamens 8–10, 1.5–2 mm long, glabrous; rudimentary ovary subglobose, ca 1 mm in diam., hairy. Female inflorescence spike 8–20 cm long. Female flowers solitary, not in clusters, other characters as in male flowers; styles 3–4, conical, divergent, ca 1.5 mm long; stigmata pointed. Acorns ovoid or turbinate, 2–2.7 cm in diam. (including cupule); fruit stalk 0.5–0.7 cm long on erect and woody infructescence, 15–17 cm long; acorns free, easily dehiscent in irregular parts. Cupule turbinate, base broader than the upper part, completely enclosing the nut except around umbo; wall smooth, densely greenish-brown hairy, conspicuous, 2–3 undulate horizontal filiform lines on the wall only. Nut 1, ovoid to globose, 2–2.5 cm in diam., greyish pubescent.",C. Phengklai,,Forest Herbarium,2021-07-31,Rachun Pooma,ref-THA-0000229905,Forest Herbarium,All rights reserved,"Lithocarpus encleisacarpus. Flora of Thailand. Vol. 9. Part 3, 2008. Pg. 283. Accessed 2021-07-31",https://botany.dnp.go.th/eflora/floraspecies.html?tdcode=03904,9,3
wfo-0000229909,general,EN,"Tree, 5–12 m high, 40–100 cm girth. Terminal buds ovoid, 2–3 by 2 mm; bracts ovate to linear lanceolate, 5–10 by 1–2 mm, pubescent on both sides. Twigs tomentose then glabrescent, dark brown, lenticellate. Bark greyish, scaly, lenticellate. Stipules ovate, 8–10 by 5–6 mm, persistent. Leaves lanceolate, always curved to one side, 20–26 by 6–9 cm; base obtuse or cuneate and oblique; apex caudate, cuspidate to acuminate; margins entire; coriaceous, glabrous, dull green on the upper surface, sparsely pubescent then glabrous on the lower; midrib and nerves prominent on the lower surface, depressed on the upper; lateral nerves 15–20 pairs, arched and more or less anastomosing, scalariform veins conspicuous on both surfaces. Petiole stout, 1–1.5 cm, flattened adaxially, black when dry. Inflorescences male and female separate or female below, terminal and axillary, tomentose. Male inflorescence a spike or branched, spike or spikelets 15–40 cm long; bracts and bracteoles lanceolate-oblong 0.5–2 by 1–0.5 cm, persistent, tomentose. Male flowers greenish-yellow, scented, solitary or in 1–3-flowered cluster; calyx 6-lobed, broadly campanulate; lobes ovate, divided to ⅓ to the base, pubescent outside; stamens 12, ca 2 mm long, glabrous; rudimentary ovary subglobose, ca 1 mm in diam., hirsute. Female inflorescence spike 15–20 cm long, rarely branched. Female flowers solitary or in 1–3–5-flowered cluster, other characters as in male flowers; styles (3) 4, divergent; stigmata pointed. Acorns sessile, ovoid (obovoid when young), 2.5–3 by 1.5–2.5 cm (including cupule); on erect and slender infructescence, 20–25 cm long; acorns free, indehiscent. Cupule ovoid shaped, completely enclosing the nut except the umbo; wall comprising alternate and rusty triangular scales, fused in the lower half, the upper half free and curved inwards. Nut 1, ovoid to conical, 2–2.5 by 1–2 cm.",C. Phengklai,,Forest Herbarium,2021-07-31,Rachun Pooma,ref-THA-0000229909,Forest Herbarium,All rights reserved,"Lithocarpus erythrocarpus. Flora of Thailand. Vol. 9. Part 3, 2008. Pg. 285. Accessed 2021-07-31",https://botany.dnp.go.th/eflora/floraspecies.html?tdcode=03905,9,3
wfo-0000229910,general,EN,"Tree, 6–20 m high, 50–150 cm girth. Terminal buds ovoid, 4–5 by 3–4 mm; bracts ovate to lanceolate, 3–4 by 2 mm, silky outside. Twigs glabrous, brownish, lenticellate. Bark greenish to greyish-brown, smooth, ca 1 cm thick; inner bark brownish-orange; sapwood white. Leaves lanceolate, 14–23 by 3–7 cm; base obtuse or acute; apex acuminate; margins entire; coriaceous, pubescent then glabrescent on both surfaces, greenish on the upper surface, pale brown on distinct on the upper; lateral nerves 8–10 pairs, arched and more or less anastomosing, distinct on both surfaces, scalariform veins hardly distinct. Petiole 1–1.5 cm, stout, glabrous, dark brown when dry. Inflorescences male and female separate or female below, terminal and axillary, greenish pubescent. Male inflorescence spicate and branched, spikes or spikelets 10–30 cm long; bracts and bracteoles lanceolate, 5–10 by 2–3 mm, pubescent outside. Male flowers yellowish, scented, solitary or in 1–3–5-flowered cluster; calyx 6-lobed, campanulate, 1–1.5 mm long, lobes ovate, divided to halfway to the base, pubescent outside; stamens 12, 2.5–3 mm long, glabrous; rudimentary ovary subglobose, ca 1 mm in diam., hirsute. Female inflorescence spike 10–28 cm long, rarely branched. Female flowers solitary, other characters as in male flowers; styles 3, divergent; stigmata pointed. Acorns sessile, ovoid to tubular, 3.5–4 by 2–2.2 cm (including cupule), on erect and woody infructescence, 5–22 cm long; acorns free, indehiscent. Cupule saucer or cup-shaped, enclosing <sup>2</sup>&frasl;<sub>7</sub> to ½ of the nut; wall comprising alternate, thin, triangular scales, fused near base, free and curved toward apex. Nut l, conical to tubular, 3–3.5 by 1.5–2 cm, indumentum grey, glabrescent.",C. Phengklai,,Forest Herbarium,2021-07-31,Rachun Pooma,ref-THA-0000229910,Forest Herbarium,All rights reserved,"Lithocarpus eucalyptifolius. Flora of Thailand. Vol. 9. Part 3, 2008. Pg. 285. Accessed 2021-07-31",https://botany.dnp.go.th/eflora/floraspecies.html?tdcode=03906,9,3
wfo-0000229915,general,EN,"Tree, 7–20 m high, 40–70 cm girth. Terminal buds ovoid 1–2 by 0.5–1 cm; bracts lanceolate, 1.5–2 by 0.3 cm, pubescent outside. Twigs pubescent then glabrescent, dark brown, lenticellate. Stipules linear, acute 1.5–2 by 0.2 cm, pubescent. Leaves oblong or oblanceolate, 12–35 by 4–10 cm; base obtuse or slightly cuneate; apex acuminate or acute; margins entire; subcoriaceous to coriaceous, greenish pubescent then glabrous to glossy green on the upper surface, pale on the lower; midrib and nerves prominent on the lower surface, depressed on the upper; lateral nerves 9–11 pairs, arched and anastomosing, scalariform veins conspicuous on the lower surface. Petiole stout, 1–1.5 cm, dark brown when dry. Inflorescences male and female separate or female below, terminal and axillary, spicate, tomentose. Male inflorescence spicate 10–30 cm long; bracts and bracteoles linear-lanceolate, 5–10 by 0.5 mm, tomentose on both sides. Male flowers yellowish-white, scented, solitary or in 1–2–3-flowered cluster; calyx 6-lobed, campanulate, ca 1 mm long; lobes ovate, divided to ⅔ to the base, tomentose on both sides; stamens 12, 2–3 mm long, glabrous; rudimentary ovary subglobose, ca 1 mm in diam., hirsute. Female inflorescence spike 10–17 cm long. Female flowers almost always solitary, rarely in 2–3-flowered cluster, other characters as in male flowers; styles 3–4, conical, 1–1.5 mm long, divergent; stigmata pointed. Acorns sessile, conical, 2–3 by 1.5–2 cm (including cupule); on erect and slender infructescence; acorns free, well-spaced, indehiscent. Cupule saucer-shaped, enclosing ¼ to ⅓ of the nut rim decurved; wall comprising alternate, thin, triangular scales, almost fused internally, apex free and curved. Nut 1, conical 2–3 by 1.5–2 cm, glaucous then glossy brown.",C. Phengklai,,Forest Herbarium,2021-07-31,Rachun Pooma,ref-THA-0000229915,Forest Herbarium,All rights reserved,"Lithocarpus falconeri. Flora of Thailand. Vol. 9. Part 3, 2008. Pg. 287. Accessed 2021-07-31",https://botany.dnp.go.th/eflora/floraspecies.html?tdcode=03907,9,3
wfo-0000229918,general,EN,"Tree, 5–20 m high, 70–130 cm girth. Terminal buds ovoid; bracts lanceolate, 5–10 by 1–1.5 mm. Twigs tomentose, then glabrescent. Bark greyish-brown, lenticellate; inner bark reddish; sapwood yellowish, heartwood brown. Stipules narrowly lanceolate, to 20 by 1 mm. Leaves oblong or oblong-lanceolate, 12–28 by 3.5–8 cm; base cuneate or obtuse; apex acuminate or caudate; margins entire; subcoriaceous, sparsely pubescent then glabrescent on both surfaces, young leaves covered with reddish, oily coating; midrib and nerves prominent on the lower surface, depressed on the upper; lateral nerves 11–15 pairs, arched but not anastomosing, scalariform veins finely distinct on the lower surface. Petiole 1–2.5 cm, pubescent then glabrescent, blackish when dry. Inflorescences male and female separate or female below, terminal and axillary, pubescent. Male inflorescence a panicle or spike, spikes or spikelets 6–20 cm long; bracts and bracteoles ovate, acute, 3–5 by 1–2 mm, pubescent outside. Male flowers brownish to yellowish, scented, usually in 2–3-flowered cluster; calyx 6-lobed, broadly campanulate, ca 1 mm long; lobes ovate, divided to ⅓ to the base, pubescent on both sides; stamens (10)–12, 1.5–2 mm long, glabrous; rudimentary ovary subglobose, ca 1 mm in diam., hirsute. Female inflorescence spike 8–20 cm long. Female flowers in (2)–3-flowered cluster, other characters as in male flowers, styles 3, conical then divergent; stigmata pointed. Acorns sessile, ovoid to slightly obconical, 1–1.5 by 2–2.5 cm (including cupule), depressed at both ends, on erect and woody infructescence, 14–27 cm long; acorns which develop free and well-spaced, indehiscent. Cupule broadly cup-shaped or ovoid, completely enclosing the nut except the umbo; wall comprising alternate, flattened and imbricate scales, fused in lower half internally and incurved. Nut 1, broadly conical, up to 1.3 by 2 cm.",C. Phengklai,,Forest Herbarium,2021-07-31,Rachun Pooma,ref-THA-0000229918,Forest Herbarium,All rights reserved,"Lithocarpus fenestratus. Flora of Thailand. Vol. 9. Part 3, 2008. Pg. 289. Accessed 2021-07-31",https://botany.dnp.go.th/eflora/floraspecies.html?tdcode=03908,9,3
wfo-0000229936,general,EN,"Tree, 5–20 m high, 50–130 cm girth. Terminal buds ovoid, 5–10 by 2–5 mm; bracts narrow lanceolate, pubescent on both sides. Twigs usually 4-angled, tomentose then glabrescent. Bark grey to blackish, slightly scaly, 1.5–2 cm thick; inner bark yellowish; sapwood white. Stipules lanceolate 0.5–1 by 0.3 cm, pubescent outside, ciliate. Leaves oblanceolate, lanceolate or oblong, 12–25.5 by 3.5–10.5 cm; base slightly cuneate; apex acuminate or caudate, rarely broadly obtuse; margins entire; coriaceous, densely pubescent especially on the lower surface, then glabrescent, except along midrib and nerves on both surfaces; midrib and nerves prominent on the lower surface, depressed on the upper; lateral nerves 10–14 pairs, arched but not anastomosing, scalariform veins fine, distinct on the lower surface, subdepressed on the upper. Petiole stout, 0.5–2 cm, densely pubescent. Inflorescences male and female separate or female below, terminal and axillary, spicate, rarely branched, tomentose. Male inflorescence spicate, 4–15 cm long; bracts and bracteoles lanceolate, ca 2 by 0.5 mm, tomentose outside. Male flowers white, solitary or in 1–3 flowered cluster; calyx 6-lobed, broadly campanulate, ca 5 mm long; lobes triangular, divided ⅓ to ½ to the base, pubescent on both sides; stamens 12, 1–1.5 mm long, glabrous; rudimentary ovary subglobose, ca 1 mm in diam., hirsute. Female inflorescence spike 8–20 cm long. Female flowers solitary or in 1–2–3-flowered cluster, other characters as in male flowers; styles 3–(4), divergent; stigmata pointed. Acorns sessile, broadly ovoid, 1–2 by 2–2.5 cm (including cupule), depressed at both ends; on erect and slender infructescence, 8–12 cm long; acorns adnate but not fused together, indehiscent. Cupule broadly cup-shaped to globose, more or less enclosing the nut; wall comprising alternate pseudo-spines and free scales, pseudo-spines decurved beyond to the base. Nut 1, conical, 1.2–1.5 by 1–1.5 cm, glossy brown; scar basal, concave, ca 1 cm in diam.",C. Phengklai,,Forest Herbarium,2021-07-31,Rachun Pooma,ref-THA-0000229936,Forest Herbarium,All rights reserved,"Lithocarpus garrettianus. Flora of Thailand. Vol. 9. Part 3, 2008. Pg. 291. Accessed 2021-07-31",https://botany.dnp.go.th/eflora/floraspecies.html?tdcode=03909,9,3
wfo-0000229946,general,EN,"Tree, 10–20 m high, 60–120 cm girth; buttresses to 1.5 m high and 1 m width. Terminal buds ovoid, 1–2 by 1.5 mm; bracts ovate, acute. Twigs sparsely tomentose, glabrescent, lenticellate. Bark greyish, scaly, fissured; sapwood yellowish-white. Stipules linear, 2–4 by 1 mm. Leaves oblong or elliptic-oblong, 8–19 by 3–10 cm; base acute or obtuse; apex acute or caudate, sometimes obtuse; margins entire; coriaceous or subcoriaceous, glabrous and glossy green on the upper surface, sparsely tomentose on the lower; midrib and nerves prominent on the lower surface, flattened or subdepressed on the upper; lateral nerves 9–14, arched and more or less anastomosing, scalariform veins conspicuous on the lower surface. Petiole 0.5–1.5 cm, pubescent then glabrescent. Inflorescences male and female separate or female below, panicles or spikes, terminal and axillary, 7–20 cm long, pubescent. Male inflorescence always a panicle, spikelets 7–15 cm long; bracts and bracteoles lanceolate, 1.5–3 by 0.3 mm, pubescent outside. Male flowers solitary or in 1–3–5-flowered cluster; calyx 6, cup-shaped, ca 0.5 mm long, lobes divided ⅓ to ½ to the base, hairy outside; stamens (10)–12, 2–2.5 mm long, glabrous; rudimentary ovary subglobose, ca 1 mm in diam., hairy. Female inflorescence spike 12–20 cm long. Female flowers solitary or in 1–2–3-flowered cluster, other characters as in male flowers; styles 3, conical; stigmata pointed. Acorns ovoid, conical, 1–2.5 by 1.5–3 cm (including cupule), fruit-stalk to 5 mm long; on erect and woody infructescence 10–16 cm long; acorns free, indehiscent. Cupule cup-shaped, enclosing ca ½ of the nut; wall comprising tomentose scales, arranged in 5–6 rings or lamellae. Nut 1, broadly ovoid or conical, 1–2 by 1.2–2.8 cm, dull brown; scar basal, shallowly concave or flattened, 1.5–2 cm in diam.",C. Phengklai,,Forest Herbarium,2021-07-31,Rachun Pooma,ref-THA-0000229946,Forest Herbarium,All rights reserved,"Lithocarpus gracilis. Flora of Thailand. Vol. 9. Part 3, 2008. Pg. 293. Accessed 2021-07-31",https://botany.dnp.go.th/eflora/floraspecies.html?tdcode=03910,9,3
wfo-0000229961,general,EN,"Tree, 5–20 m high, 50–150 cm girth. Twigs greyish pubescent or softly pale tawny tomentose, later minutely lenticellate. Bark greyish, 2 cm thick; inner bark reddish with pale stripes at intervals; sapwood white, heartwood dark brown. Leaves oblong or elliptic-oblong to obovate, 11–22 by 4–10 cm; base slightly cuneate, oblique; apex acute or acuminate; margins entire; coriaceous to subcoriaceous, glabrous and glossy green on the upper surface, grey pubescent then glabrescent except along midrib and nerves on the lower; midrib and nerves prominent on the lower surface, depressed on the upper; lateral nerves 8–11 pairs, scalariform veins hardly distinct. Petiole 2–3.5 cm, pubescent then glabrescent. Inflorescences male and female separate or female below, spicate or few branched, terminal and axillary, light grey pubescent. Male inflorescence a spike, 5–17 cm long; bract and bracteoles narrowly triangular, 2–2.5 by 0.5 mm, tomentose outside. Male flowers white to yellowish, scented, in 3–7-flowered cluster; calyx 6-lobed, campanulate, ca 1 mm long, lobes ovate, divided ca halfway to the base, pubescent on both sides, stamens (10)–12, 1.5–2 mm long, glabrous; rudimentary ovary subglobose, ca 1 mm in diam., hirsute. Female inflorescence spike, solitary or 2–3 spikes in a tuft, 15–25 cm long. Female flowers in 3–5-flowered cluster, rarely solitary, other characters as in male flowers; styles 3–5, divergent; stigmata pointed. Acorns sessile, conical, 2–3 by 1.2–2 cm (including cupule); on erect and unbranched infructescence, 10–25 cm long, the latter ca 5 mm in diam.; acorns connate near base (some free), indehiscent. Cupule cup-shaped, enclosing up to ⅓ of the nut; wall comprising alternate and greyish brown scales, fused completely internally. Nut 1, conical 2–2.5 by 1.1–1.5 cm, indumentum dull green, glabrescent.",C. Phengklai,,Forest Herbarium,2021-07-31,Rachun Pooma,ref-THA-0000229961,Forest Herbarium,All rights reserved,"Lithocarpus harmandii. Flora of Thailand. Vol. 9. Part 3, 2008. Pg. 295. Accessed 2021-07-31",https://botany.dnp.go.th/eflora/floraspecies.html?tdcode=03911,9,3
wfo-0000229968,general,EN,"Tree, 15–20 m high, 80–150 cm girth. Twigs glabrous, sparsely lenticellate, black when dry. Bark blackish, longitudinally furrowed. Leaves obovate or elliptic-oblong, 9–13.5 by 2.5–4.7 cm; base slightly cuneate; apex broadly acute to acute; margins entire; subcoriaceous to coriaceous, glabrous on both surfaces, dull to glossy on the upper surface, pale brown on the lower; midrib and nerves with sharp ridges on the lower surface, depressed on the upper; lateral nerves 9–12 pairs, arched but not anastomosing, scalariform veins distinct on lower surface, reticulate veins hardly distinct. Petiole 1.2–2 cm, pubescent then glabrous, black when dry. Inflorescences male and female separate or female below, terminal or axillary near shoot apex, 6–10 cm long, white hairy throughout. Male inflorescence branched, rarely simple; bracts and bracteoles narrowly triangular, 1–1.5 by 0.2 mm, glabrous outside, pubescent inside, ciliate. Male flowers in 3–5–7-flowered cluster; calyx 6-lobed, ca 1 mm long, lobes divided ca halfway to the base, densely white hairy on both sides; stamens 12, 1.5–2 mm long, glabrous; rudimentary ovary subglobose, ca 1 mm in diam., densely white hairy. Female inflorescence usually below male. Female flowers always in 3–5-flowered cluster, other characters as in male flowers; styles 3, divergent, pubescent in lower half; stigmata pointed. Acorns obconical, ca 1.5 by 1.2 cm (including cupule when young), fruit-stalk 2–5 mm on erect and woody infructescence 12–15 cm long; acorns free, indehiscent. Cupule obconical, completely enclosing the nut except the umbo; wall comprising grey to dark brown scales, arranged in 5–6 undulate rings or lamellae. Nut ovoid or conical, ca 1 by 0.7 cm.",C. Phengklai,,Forest Herbarium,2021-07-31,Rachun Pooma,ref-THA-0000229968,Forest Herbarium,All rights reserved,"Lithocarpus hendersonianus. Flora of Thailand. Vol. 9. Part 3, 2008. Pg. 295. Accessed 2021-07-31",https://botany.dnp.go.th/eflora/floraspecies.html?tdcode=03912,9,3
wfo-0000230046,general,EN,"Tree, 5–15 m high, 30–100 cm girth. Twigs densely tomentose then glabrescent, lenticellate. Bark grey to dark grey, longitudinally furrowed; inner bark yellowish-brown to orange; sapwood yellowish. Leaves obovate, 13–28 by 5–14.5 cm; base slightly cuneate or obtuse, unequal; apex rounded, obtuse or shortly acute; margins entire; coriaceous, sparsely tomentose on the upper surface then glabrescent, except along midrib and nerves, densely tomentose on the lower; midrib and nerves prominent on the lower surface, depressed on the upper; lateral nerves 10–15 pairs, scalariform veins distinct on the lower surface, subdepressed on the upper. Petiole 1–2 cm, tomentose. Inflorescences male and female separate or female below, spicate or few branched, axillary and terminal, tomentose. Male inflorescence spike 6–15 cm long; bracts and bracteoles lanceolate, 2–2.5 by 0.5 mm, tomentose outside. Male flowers white to yellow, in 5–10-flowered cluster; calyx 6-lobed, campanulate, 1.5–2 mm long, ovate, divided ⅓ to ½ to the base, tomentose on both sides; stamens 12, 1–2 mm long, glabrous; rudimentary ovary subglobose, hirsute. Female inflorescence spike, solitary or 2–3 in a tuft, 10–40 cm long. Female flowers in 3–10-flowered cluster; other characters as in male flowers; styles 3–5, divergent; stigmata pointed. Acorns sessile, conical, 2–2.5 by 1.2–1.5 cm (including cupule); on erect and unbranched infructescence, 16–40 cm long, the latter 0.5–1 cm in diam.; acorns connate near base (some free), indehiscent. Cupule cup-shaped, enclosing ½ or more of the nut; wall comprising alternate and greyish-brown scales, fused internally but the tips free and upward pointing. Nut 1, conical, 1.2–2 by 1–1.5 cm, indumentum dull greyish, glabrescent.",C. Phengklai,,Forest Herbarium,2021-07-31,Rachun Pooma,ref-THA-0000230046,Forest Herbarium,All rights reserved,"Lithocarpus lindleyanus. Flora of Thailand. Vol. 9. Part 3, 2008. Pg. 299. Accessed 2021-07-31",https://botany.dnp.go.th/eflora/floraspecies.html?tdcode=03913,9,3
wfo-0000796527,general,EN,"Tree, 10–15 m high, 60–90 cm girth. Terminal buds ovoid, 1–2 by 1 mm, glabrous; bracts linear, with oily coating, glabrous. Twigs with 3–4 sharp, longitudinal ridges, then terete and glabrous. Bark brown to brownish-green with rough scales. Stipules linear lanceolate, ca 1 mm long, glabrous. Leaves lanceolate, lorate or linear, 14–20 by 2–2.5 cm; base slightly cuneate; apex acuminate to caudate; margins entire; chartaceous, sparsely pubescent on both surfaces, then glabrescent; midrib prominent on both surfaces; lateral nerves 14–20 pairs, faint on both surfaces, scalariform and reticulate veins inconspicuous. Petiole 2–3 mm long, glabrous, dark brown when dry. Inflorescences not seen. Acorns conical and subdepressed, 2–2.5 by 2.5–3.5 cm (including cupule); sessile or on fruit-stalk up to 2 mm long, on erect infructescences to 10 cm long, with sparsely grey indumentum. Cupule saucer-shaped, enclosing up to ⅕ of the nut; wall comprising grey-hairy scales, arranged in 5–7 rings or lamellae. Nut 1, broadly ovoid or broadly conical, depressed both on top and more at base, 1.5–2 by 2.5–3 cm, with one persistent, strongly impressed horizontal ring in the middle of nut, apex conical; scar basal, flattened, 1.5–2 cm in diam.",C. Phengklai,,Forest Herbarium,2021-07-31,Rachun Pooma,ref-THA-0000796527,Forest Herbarium,All rights reserved,"Lithocarpus loratifolius. Flora of Thailand. Vol. 9. Part 3, 2008. Pg. 301. Accessed 2021-07-31",https://botany.dnp.go.th/eflora/floraspecies.html?tdcode=03914,9,3
wfo-0000230063,general,EN,"Tree, 8–15 m high, 40–80 cm girth. Terminal buds ovoid to ellipsoid, 4–5 by 1–2 mm; bracts ovate to linear. Twigs greenish-white, lenticellate, with 3–5 sharp ribs decurrent under leaf insertion. Bark greyish, shallowly fissured; inner bark pink to reddish-brown; sapwood white, heartwood dark brown. Stipules linear-acute to subulate, ca 5 by 2 mm. Leaves oblanceolate or lanceolate, 7–15 by 2.3–5 cm; base cuneate; apex acute, obtuse or acuminate; margins entire; subcoriaceous to coriaceous, glabrous, glossy green on the upper surface, pale or glaucous on the lower; midrib prominent on the lower surface, depressed on the upper; lateral nerves 9–13 pairs, conspicuous to hardly distinct on both surfaces. Petiole 0.5–1 cm, pubescent then glabrous. Inflorescences male and female separate or female below, axillary and terminal, 9–20 cm long, pubescent. Male inflorescence spike; bracts and bracteoles ovate, 0.6–1 by 0.3–0.6 mm, pubescent outside. Male flowers white, scented, in 3–4-flowered cluster, rarely solitary; calyx 6-lobed, ca 2 mm long, lobes ovate divided by halfway to the base, pubescent on both sides; stamens 10–12, 2.5–3 mm long, glabrous; rudimentary ovary subglobose, ca 1 mm in diam., hirsute. Female inflorescence spike. Female flowers solitary or in (1)–3-flowered cluster, other characters as in male flowers, styles 3, conical, ca 1.2 mm long, then divergent; stigmata pointed. Acorns sessile, broadly ovoid, strongly depressed at both ends, apex conical, 2–2.5 by 3–4 cm (including cupule); on erect woody infructescence, 8–12 cm long acorns free, indehiscent. Cupule saucer-shaped, enclosing only the base of the nut; wall comprising greyish-brown scales, arranged in 5–7 rings or lamellae. Nut 1, broadly conical, flattened at base, apex conical, 1.5–2.5 by 2–3 cm; scar basal, flattened to concave, 2–2.5 cm in diam.",C. Phengklai,,Forest Herbarium,2021-07-31,Rachun Pooma,ref-THA-0000230063,Forest Herbarium,All rights reserved,"Lithocarpus lucidus. Flora of Thailand. Vol. 9. Part 3, 2008. Pg. 301. Accessed 2021-07-31",https://botany.dnp.go.th/eflora/floraspecies.html?tdcode=03915,9,3
wfo-0000230071,general,EN,"Tree, 10–20 m high, 80–120 cm girth. Leaves oblong, obovate or elliptic-oblong, 11–19 by 4–9.5 cm; base obtuse or slightly cuneate, minutely oblique; apex caudate or acute; margins entire; subcoriaceous or coriaceous, glabrous, glossy green on the upper surface, more or less glabrous on the lower; midrib and nerves prominent on the lower surface, subdepressed on the upper; lateral nerves 9–11 pairs, arched but not anastomosing, scalariform veins hardly distinct. Petiole 0.8–1.5 cm, pubescent then glabrescent, blackish when dry. Inflorescences male and female separate or female below, in panicles or spikes, terminal or axillary, 3–15 cm long, glabrous. Male inflorescence spicate or branched, spikelets 3–11 cm long; bracts and bracteoles, ca 2 by 1 mm, glabrous. Male flowers solitary or in 1–3-flowered cluster; calyx 6-lobed, united near base, ca 1 mm long; stamens 10–12, 3–4 mm long, glabrous; rudimentary ovary subglobose, 1–2 mm in diam., pilose. Female inflorescence spike 10–15 cm long. Female flowers solitary, other characters as in male flowers; styles 3, conical, 1–1.5 mm long, decurved; stigmata pointed, glabrous. Acorns ovoid or turbinate, 2–2.5 by 2.5–3 cm (including cupule); fruit-stalk 0.5–1.5 cm long, on erect and woody influctescence, 8–10 cm long; acorns free, hardly dehiscent. Cupule turbinate, base broader than the upper part, enclosing ca ⅘ of the nut; wall with densely greenish-yellow indumentum, with 5–6 conspicuous undulate horizontal filiform lines. Nut 1, ovoid, 1–1.5 by 2–2.5 cm greyish pubescent, especially around the umbo.",C. Phengklai,,Forest Herbarium,2021-07-31,Rachun Pooma,ref-THA-0000230071,Forest Herbarium,All rights reserved,"Lithocarpus macphailii. Flora of Thailand. Vol. 9. Part 3, 2008. Pg. 303. Accessed 2021-07-31",https://botany.dnp.go.th/eflora/floraspecies.html?tdcode=03916,9,3
wfo-0000230072,general,EN,"Tree, 7–15 m high, 100–150 cm girth. Terminal bud ovoid, glabrous, with oily coating, black when dry. Twigs glabrous. Leaves elliptic or elliptic-oblong, 8–18 by 3–5–10 cm; base obtuse, more or less oblique; apex caudate or acuminate; margins entire; chartaceous to subcoriaceous, glabrous and glossy green on the upper surface, pale on the lower, pubescent then glabrescent on the lower; midrib and nerves prominent on the lower surface, depressed on the upper; lateral nerves 8–11 pairs, scalariform veins distinct on the lower surface. Petiole 1–2.5 cm, sparsely pubescent then glabrescent, black when dry. Inflorescences male and female separate or female below, spicate, rarely few branched, terminal and axillary, greyish pubescent. Male inflorescence spike 5–12 cm long; bracts and bractetoles, ovate acute, 2–3 by 0.5 mm, pubescent outside. Male flowers solitary or in 1–3–(5)-flowered cluster; calyx 6-lobed, campanulate, 1.5–2 mm long; lobes ovate, divided ca halfway to the base, pubescent outside. Female inflorescence spike 10–20 cm long; flowers solitary, other characters as in male flowers; styles 3, divergent; stigmata pointed. Pedicel 2–3 mm long. Acorns ovoid or broadly turbinate, 1–1.8 by 1.5–2.3 cm (including cupule); fruit-stalk ca 1 cm long, on erect and woody infructescence 8–12 cm long; acorns free (those that develop), hardly dehiscent. Cupule saucer-shaped, enclosing base or up to ⅖ of the nut (when mature); wall comprising tomentose scales, arranged in 4–5 rings or lamellae. Nut 1, broadly ovoid, 1–1.5 by 1.2–2 cm, depressed at both ends; scar basal.",C. Phengklai,,Forest Herbarium,2021-07-31,Rachun Pooma,ref-THA-0000230072,Forest Herbarium,All rights reserved,"Lithocarpus magneinii. Flora of Thailand. Vol. 9. Part 3, 2008. Pg. 305. Accessed 2021-07-31",https://botany.dnp.go.th/eflora/floraspecies.html?tdcode=03917,9,3
wfo-0000230073,general,EN,"Tree, 20–45 m high, 120–200 cm girth. Terminal buds ovoid, 5–7 by 4–5 mm, tomentose; bracts ovate, acute. Twigs grey to blackish, glabrescent, lenticellate. Bark greyish-brown, smooth or fissured; sapwood brownish. Stipules lanceolate, ca 5 by 2 mm, hairy on both sides. Leaves obovate, oblanceolate or elliptic, 10–30 by 4–14 cm; base cuneate or obtuse; apex broadly acute to acuminate; margins slightly serrate to entire; subcoriaceous to coriaceous, glossy green on the upper surface, sparsely pubescent then glabrescent on the lower; midrib and nerves prominent on the lower surface, depressed on the upper; lateral nerves 9–13 pairs, arched and more or less anastomosing, scalariform veins distinct on the lower surface. Petiole 2–3 cm, pubescent then glabrescent. Inflorescences male and female separate or female below, panicles or spikes, terminal or axillary, sometimes near the scars of fallen leaves, 2–2.4 cm long, pubescent. Male inflorescence spicate to few branched, spike or spikelets 10–24 cm long; bracts and bracteoles narrowly ovate acute, 1–1.2 by 0.5–1 mm, pubescent outside. Male flowers always in 3-flowered cluster; calyx 6-lobed, ca 1 mm long, lobes divided ca halfway to the base, pubescent on both sides; stamens 12, 3–4 mm long, glabrous; rudimentary ovary subglobose, ca 0.5 mm in diam., hairy. Female inflorescence spike. Female flowers solitary or in 1–3-flowered cluster, other characters as in male flowers; styles 3–5, conical, pubescent near base; stigmata pointed. Acorns (young) conical, 1–3.5 by 1–3.2 cm (including cupule); fruit stalk to 0.5 mm long, on an erect and woody infructescence, 6–13 cm long; acorns free, indehiscent. Cupule obconical, completely enclosing the nut except the umbo; wall comprising tomentose scales, arranged in 3–8 rings or lamellae. Nut 1, broadly ovoid, 1–2.7 by 2–3.5 cm, depressed at both ends; scar to halfway up nut.",C. Phengklai,,Forest Herbarium,2021-07-31,Rachun Pooma,ref-THA-0000230073,Forest Herbarium,All rights reserved,"Lithocarpus magnificus. Flora of Thailand. Vol. 9. Part 3, 2008. Pg. 307. Accessed 2021-07-31",https://botany.dnp.go.th/eflora/floraspecies.html?tdcode=03918,9,3
wfo-0000230074,general,EN,"Tree, 10–25 m high, 60–150 cm girth. Twigs tomentose, glabrescent, sparsely lenticellate. Terminal buds ovoid, 2–4 by 1–2 mm; bracts ovate, acute. Stipules ovate, acute, 0.5–1 by 0.3–0.5 cm. Leaves oblong or ovate, 13–27 by 5–8.5 cm; base obtuse or broadly acute, oblique; apex acute to cuneate; margins entire, revolute; coriaceous, glabrous, dull to glossy green on the upper surface, densely tomentose then glabrescent on the lower; midrib and nerves prominent on the lower surface, subdepressed on the upper; lateral nerves 10–15 pairs, arched and more or less anastomsing, scalariform and reticulate veins fine, distinct on the lower surface. Petiole 3–5 cm. Inflorescences male and female separate or female below, in panicles or spikes, terminal or axillary, 5–15 cm long, pubescent. Male inflorescence spicate or branched, spikelets 10–15 cm long; bracts and bracteoles linear, acute, 1.5–3.5 by 0.5–1 mm, pubescent outside. Male flowers usually in 3–5-flowered cluster; calyx 6-lobed, oblong, 1.5–2 mm long, lobes divided to halfway to the base, pubescent outside, ciliate; stamens 12, 1.5–2 mm long, glabrous; rudimentary ovary subglobose, 1–2 mm in diam., pilose. Female inflorescence spike 5–10 cm long. Female flowers solitary, other characters as in male flowers; styles 3, conical, 1–1.5 mm long, decurved; stigmata pointed, glabrous. Acorns jar-shaped or obconical, base much narrower than apex, 5–6 by 3–4 cm (including cupule); fruit-stalk ca 1 cm, on erect and woody infructescence 6–10 cm long; acorns free, hardly dehiscent. Cupule jar-shaped, base much narrow than apex, completely enclosing the nut and narrowly torose upward; wall smooth, with dense, greyish-brown indumentum and 3-4 distinct, horizontal filiform lamellae near apex only. Nut 1, obconical, 3.5–4 by 2.5–3.5 cm, flattened on top, with many longitudinal grooves.",C. Phengklai,,Forest Herbarium,2021-07-31,Rachun Pooma,ref-THA-0000230074,Forest Herbarium,All rights reserved,"Lithocarpus maingayi. Flora of Thailand. Vol. 9. Part 3, 2008. Pg. 308. Accessed 2021-07-31",https://botany.dnp.go.th/eflora/floraspecies.html?tdcode=03919,9,3
wfo-0000230083,general,EN,"Tree, 10–17 m high, 75–100 cm girth. Bark greyish-brown; inner bark dark brown. Leaves lanceolate to ovate-lanceolate, 9–17 by 2.5–6 cm; base obliquely obtuse; apex caudate or acuminate; margins entire; subcoriaceous, usually curved to one side, glabrous, glossy green on the upper surface, greenish to glaucous on the lower; midrib and nerves prominent on the lower surface, slightly depressed on the upper, scalariform veins conspicuous on the lower surface. Petiole 0.8–1 cm, pubescent then glabrescent. Inflorescences male and female separate or female below, spicate or paniculate, terminal and axillary, sparsely pubescent. Male inflorescence always a panicle, spikelets 5–15 cm long; bracts and bracteoles ovate, acute, 2–3 by 0.5–1 mm, pubescent outside. Male flowers greenish-white, scented, solitary or in 1–2–5-flowered cluster; calyx 6-lobed, 1–1.5 mm long, lobes divided ⅓ to ½ to the base, pubescent on both surfaces; stamens 10–12, 3–3.5 mm long, glabrous; rudimentary ovary subglobose, ca 1 mm in diam., hirsute. Female inflorescence spike 8–24 cm long. Female flowers in (1)–3–5-flowered cluster, other characters as in male flowers; styles (2)–3, pubescent near base, stigmata pointed. Acorns broadly ovoid, strongly depressed at both ends, 0.7–0.8 by 1–1.5 cm (including cupule), fruit-stalk 2–4 mm long, on erect and slender infructescence, 10–24 cm long; infructescence with many short branches, acorns fused or adnate near base (some free) but still distinct in shape, indehiscent. Cupule distinctly saucer-shaped, enclosing ¼ to ⅓ of the nut; wall comprising alternate greenish-brown scales, fused throughout, except the narrow, free apex. Nut 1, broadly ovoid, 0.5–0.6 by 1–1.2 cm; apex retuse or flattened; base flattened; dull brown.",C. Phengklai,,Forest Herbarium,2021-07-31,Rachun Pooma,ref-THA-0000230083,Forest Herbarium,All rights reserved,"Lithocarpus mekongensis. Flora of Thailand. Vol. 9. Part 3, 2008. Pg. 309. Accessed 2021-07-31",https://botany.dnp.go.th/eflora/floraspecies.html?tdcode=03920,9,3
wfo-0000230108,general,EN,"Tree, 8–20 m high, 80–120 cm girth. Twigs tomentose, then glabrescent, lenticellate. Terminal buds ovoid, ca 3 by 2 mm; bracts ovate. Stipules linear, 8–10 by 2–3 mm. Leaves oblong or oblong-lanceolate, 11–19 by 3.5–5.5 cm; base slightly cuneate, obtuse; apex acuminate to caudate; margins entire; coriaceous, glabrous except midrib and nerves on both surfaces, young leaves with black oily coating; midrib and nerves prominent on the lower surface, depressed on the upper; lateral nerves 11–14 pairs, arched and more or less anastomosing, scalariform veins fine, distinct on the lower surface. Petiole 1–1.5, pubescent then glabrescent, blackish when dry. Inflorescences male and female separate or female below, spicate or rarely branched, terminal and axillary, pubescent. Male inflorescence a spike, rarely branched, spikes 3–10 cm long; bracts and bracteoles ovate, 1–3 by 1 mm pubescent outside. Male flowers solitary or in 1–3-flowered cluster; calyx 6-lobed, campanulate, 0.5–1 mm long; lobes ovate, divided ca ⅓ to the base, pubescent outside; stamens 12, ca 1 mm long, glabrous; rudimentary ovary subglobose, ca 1 mm in diam., hirsute. Female inflorescence spike 3–7 cm long. Female flowers solitary or in 1–3-flowered cluster, other characters as in male flowers, styles 3–(4), divergent, stigmata pointed. Acorns ovoid, 1.5–2 by 1.3–1.7 cm (including cupule), fruit-stalk 2–3 mm long, on erect and slender infructescence, ca 7 cm long; acorns free; dehiscent in irregular parts. Cupule ovoid, completely enclosing the nut except the umbo; wall comprising alternate scales, fused internally, except free, upward-pointing apex. Nut 1, ovoid to conical, 1– 1.5 by 0.8–1.2 cm.",C. Phengklai,,Forest Herbarium,2021-07-31,Rachun Pooma,ref-THA-0000230108,Forest Herbarium,All rights reserved,"Lithocarpus neorobinsonii. Flora of Thailand. Vol. 9. Part 3, 2008. Pg. 313. Accessed 2021-07-31",https://botany.dnp.go.th/eflora/floraspecies.html?tdcode=03921,9,3
wfo-0000230154,general,EN,"Tree, 15–30 m high; 90–250 cm girth. Terminal buds ovoid, ca 3 by 2 mm; bracts ovate, acute, pubescent outside. Twigs greyish tomentose then glabrous, dark greyish-brown, lenticellate. Stipules triangular, ca 1 by 0.5 mm. Bark greenish-brown to dark brown, rough; inner bark red. Leaves elliptic, ovate or elliptic-oblong, 10–18 by 5–8 cm; base obtuse, more or less symmetrical; apex minutely caudate, acute; margins entire; coriaceous or subcoriaceous, glabrous and glossy green on the upper surface, sparsely white hairs or glaucous on the lower; midrib and nerves prominent on the lower surface; lateral nerves 10–14 pairs arched but not anastomosing, scalariform veins conspicuous on the lower surface. Petiole 1–1.5 cm, pubescent then glabrescent. Inflorescences male and female separate or female below, in panicles or spikes, axillary or terminal, 7–20 cm long, pubescent. Male inflorescence simple or branched, spikes or spikelets 7–20 cm long; bracts and bracteoles linear-lanceolate, 1–2 by 0.2 mm, pubescent outside, ciliate. Male flowers yellowish, scented, solitary or in 1–3-flowered cluster; calyx 6-lobed, campanulate, ca 1 mm long, lobes divided ¼ to ⅙ to the base, short hairy outside; stamens (10)–12, 3–3.5 mm long, glabrous; rudimentary ovary subglobose, ca 1 mm in diam., hairy. Female inflorescence spike 10–15 cm long. Female flowers solitary or in 1–3 flowered cluster, other characters as in male flowers, styles (4)–6, conical, stigmata pointed. Acorns ovoid, ca 2 by 2 cm (including cupule); fruit-stalk 5–8 mm long, on erect and woody infructescence, 10–20 cm long; acorns free, dehiscing easily in irregular parts. Cupule turbinate, base slightly narrower than the upper part, completely enclosing the nut except around the umbo; wall smooth, with short silky hairs then glabrescent, with 4–5 distinct, undulate, horizontal, filiform lamellae. Nut 1, ovoid, 1.5–1.7 by 1.8 cm, silky or white hairs then glabrescent.",C. Phengklai,,Forest Herbarium,2021-07-31,Rachun Pooma,ref-THA-0000230154,Forest Herbarium,All rights reserved,"Lithocarpus pattaniensis. Flora of Thailand. Vol. 9. Part 3, 2008. Pg. 315. Accessed 2021-07-31",https://botany.dnp.go.th/eflora/floraspecies.html?tdcode=03922,9,3
wfo-0000230163,general,EN,"Tree, 10–15 m high; 80–150 cm girth. Twigs pubescent then glabrescent, lenticellate. Bark grey, rather smooth, lenticellate. Leaves oblong or elliptic-oblong, 12–15 by 6–7 cm, not whorled at end of twigs; base obtuse, slightly attenuate; apex acute; margins entire; coriaceous, sparsely pubescent then glabrescent on both surfaces; usually green on the upper surface, brownish on the lower; midrib prominent on the lower surface, depressed on the upper; lateral nerves 9–15 pairs, conspicuous on both surfaces, arched and more or less anastomosing, scalariform veins hardly distinct. Petiole 1–1.2 cm, pubescent then glabrescent, blackish when dry. Inflorescences male and female separate or female below, spikes or panicles, terminal and axillary, pubescent. Male inflorescence a spike or branched, spikes or spikelets 7–14 cm long; bracts and bracteoles ovate, acute, 1–2 by 0.5 mm, pubescent outside. Male flowers solitary or in 1–3-flowered cluster; calyx 6-lobed, campanulate, 1–1.5 mm long; lobes broadly triangular, divided ca ¼ to base, pubescent outside; stamens 12, 2–2.5 mm long, glabrous; rudimentary ovary subglobose, ca 1 mm in diam., hirsute. Female inflorescence spike or 1–2-branched, spikes or spikelets 10–20 cm long. Female flowers solitary or in 1–3-flowered cluster, other characters as in male flowers; styles 3, conical then divergent; stigmata pointed. Acorns sessile, broadly ovoid, 0.5–1 by 1–1.5 cm (including cupule), on erect and woody infructescence, 10–15 cm long, strongly depressed at both ends; acorns in clusters but not fused, especially the perfect ones, well-spaced, indehiscent. Cupule saucer-shaped, enclosing ca ½ of the nut; wall comprising alternate, thin and triangular scales, fused throughout internally. Nut 1, ovoid, 0.5 by 1.3–1.4 cm, flattened at base, broadly convex on top with styles remnant.",C. Phengklai,,Forest Herbarium,2021-07-31,Rachun Pooma,ref-THA-0000230163,Forest Herbarium,All rights reserved,"Lithocarpus pierrei. Flora of Thailand. Vol. 9. Part 3, 2008. Pg. 315. Accessed 2021-07-31",https://botany.dnp.go.th/eflora/floraspecies.html?tdcode=03923,9,3
wfo-0000230165,general,EN,"Tree, 10–25 m high; 80–100 cm girth. Terminal buds ovoid or ellipsoid, 4–5 by 2–3 mm; bracts linear, acute. Twigs glabrous. Bark greyish, longitudinally fissured. Stipules linear, 5–7 by 1–2 mm. Leaves oblong or elliptic-oblong, 6–11.5 by 2.5–4.5 cm; base obtuse, rarely cuneate; apex caudate; margins entire; coriaceous, glabrous and glossy green on upper surface, sparsely pubescent then glabrescent on the lower, young shoot with oily coating, turning black when dry; midrib prominent on the lower surface; lateral nerves 11–14 pairs, arched and anastomosing, conspicuous on both surfaces, scalariform veins hardly distinct. Petiole 1–1.5 cm, pubescent then glabrescent, dark brown when dry. Inflorescences male and female separate or female below, terminal and axillary, 3–10 cm long, greyish pubescent. Male inflorescence spicate to few branched, spikes or spikelets 3–10 cm long; bracts and bracteoles linear, acute, 2–4 by 0.5 mm long, pubescent outside. Male flowers in 3–4-flowered cluster, rarely solitary; calyx 6-lobed, campanulate, 1–2 mm long, lobes divided by halfway to the base, pubescent outside; stamens 12, 2–3 mm long, glabrous; rudimentary ovary subglobose, ca 1 mm in diam., hirsute. Female inflorescence spike 7–10 cm long. Female flowers solitary, rarely in 2–3 flowered cluster, other characters as in male flowers; styles 3, conical, stigmata pointed. Acorns ovoid and strongly depressed at both ends, 1–2 by 1–2.7 cm (including cupule); fruit-stalk 1–2 mm long, on erect woody infructescence, 7–10 cm long, acorns free, indehiscent. Cupule saucer-shaped, enclosing ca ¼ of the nut; wall comprising tomentose scales, arranged in 5–7 rings or lamellae. Nut 1, ovoid, ca 1.5 by 2 cm, depressed and flattened at both ends, more or less retuse at apex, without annular ring on the surface; scar basal, flattened, ca 2 cm in diam.",C. Phengklai,,Forest Herbarium,2021-07-31,Rachun Pooma,ref-THA-0000230165,Forest Herbarium,All rights reserved,"Lithocarpus platycarpus. Flora of Thailand. Vol. 9. Part 3, 2008. Pg. 317. Accessed 2021-07-31",https://botany.dnp.go.th/eflora/floraspecies.html?tdcode=03924,9,3
wfo-0000230171,general,EN,"Tree, 5–20 m high, 45–100 cm girth. Twigs grey pubescent then glabrescent. Bark dark grey to brown, deeply furrowed, 2–3 cm thick; inner bark dark brown; sapwood brownish. Leaves oblong, ovate-lanceolate or elliptic, 9–23 by 3–8 cm; base obtuse, slightly cuneate; apex acute, acuminate to caudate; margins entire; coriaceous or subcoriaceous, glabrous, glossy green on the upper surface, silver green to glaucous on the lower. Young leaves with black and sticky oily coating; midrib and nerves 8–10 pairs, arched but not anastomosing, scalariform veins distinct on the lower surface. Petiole 0.5–2.2 cm, pubescent then glabrescent. Inflorescences male and female separate or female below, spikes or panicles, terminal and axillary, pubescent. Male inflorescence a spike or branched, spikes or spikelets 5–10 cm long; bracts and bracteoles ovate, 2–2.5 by 0.5–1 mm, pubescent outside. Male flowers yellowish white, scented, always solitary; calyx 6-lobed, broadly campanulate, up to 1 mm long, lobes ovate, divided ca ¼ to the base, pubescent outside; stamens 12, 2.5–3 mm long glabrous; rudimentary ovary subglobose, ca 1 mm in diam., hirsute. Female inflorescence spike 10–25 cm long. Female flowers always in (1)–3-flowered cluster, other characters as in male flowers; styles 3, divergent, glabrous; stigmata pointed. Acorns fine, conical, 1.2–2.7 by 0.9–1.2 cm (including cupule); fruit-stalk 1–4 mm long, on erect and slender infructescence 10–30 cm long, the latter 0.4–1 cm in diam., and always with distinct sub-branches; acorns fused or adnate near base (some free); indehiscent. Cupule cup-shaped, enclosing ⅕ to ⅓ of the nut; wall comprising alternate scales with grey indumentum, fused throughout internally, apex more or less free. Nut conical, 1.1–2.6 by 0.7–1.2 cm, glossy brown; scar 0.5–1 mm in diam., at base of nut.",C. Phengklai,,Forest Herbarium,2021-07-31,Rachun Pooma,ref-THA-0000230171,Forest Herbarium,All rights reserved,"Lithocarpus polystachyus. Flora of Thailand. Vol. 9. Part 3, 2008. Pg. 319. Accessed 2021-07-31",https://botany.dnp.go.th/eflora/floraspecies.html?tdcode=03925,9,3
wfo-0000230200,general,EN,"Tree, 3–30 m high; 150–250 cm girth. Terminal bud ovoid to ellipsoid, 3–5 by 2–3 mm. Twigs sparsely pubescent then glabrescent, lenticellate; inner bark yellowish-brown to brown; sapwood whitish. Stipules linear, 3–4 by 1 mm. Leaves narrowly elliptic, oblong, obovate to elliptic-oblong, 4–5 by 1–2 cm; base slightly cuneate, rarely obtuse; apex acute, acuminate to caudate; margins entire; subcoriaceous to coriaceous, glabrous and glossy green on the upper surface, sparsely pubescent and glaucous on the lower; midrib distinct on both surfaces; lateral nerves 10–13 pairs, more or less anastomosing; scalariform veins hardly distinct. Petiole 1–3 mm long, glabrous. Inflorescences male and female separate or female below, terminal, 3–20 cm long, grey pubescent. Male inflorescence a panicle, spikelets 3–7–(20) cm long; bracts and bracteoles ovate, acute, ca 1 by 0.3 mm, pubescent outside. Male flowers yellowish, scented, in 2–3-flowered cluster; calyx 6-lobed, campanulate, ca 1 mm long, divided by halfway to the base, pubescent outside; stamens 12, 2–3 mm long, glabrous; rudimentary ovary subglobose, ca 1 mm in diam., hirsute. Female inflorescence spike 4–5 cm long. Female flowers solitary, other characters as in male flowers; styles 3–5, conical, 0.5–1 mm long; stigmata pointed. Acorns slightly obovoid to ovoid, 0.5–1.5 by 0.8–2 cm (including cupule); fruit-stalk 1–2 mm long, on erect and woody infructescence 4–5 cm long, acorns free, indehiscent. Cupule slightly obconical or saucer-shaped, enclosing ca ¼ of the nut; wall comprising scales with grey indumentum, arranged in 3–4 rings or lamellae. Nut 1, somewhat broadly ovoid, 1–1.3 by 1.5–1.8 cm, greenish-brown; scar basal, flattened, ca 1.2 cm in diam.",C. Phengklai,,Forest Herbarium,2021-07-31,Rachun Pooma,ref-THA-0000230200,Forest Herbarium,All rights reserved,"Lithocarpus rassa. Flora of Thailand. Vol. 9. Part 3, 2008. Pg. 321. Accessed 2021-07-31",https://botany.dnp.go.th/eflora/floraspecies.html?tdcode=03926,9,3
wfo-0000230202,general,EN,"Tree, 5–30 m high; 40–100 cm girth. Terminal buds ovoid, 5–10 by 2–3 mm; bracts lanceolate, pubescent on both sides. Twigs densely grey to brown tomentose, then glabrescent, lenticellate, dark brown when dry. Bark greyish, rough; inner bark with longitudinal, needle like ridges; sapwood brownish, depressed by ridges of bark. Stipules lanceolate, 8–10 by 2–3 mm, pubescent. Leaves lanceolate or lanceolate-oblong, 9–26 by 3.5–8.5 cm; base slightly cuneate or obtuse; apex acuminate or caudate; margins entire; coriaceous or subcoriaceous, pubescent then glabrescent except along midrib and nerves on both surfaces; midrib and nerves prominent on the lower surface, depressed on the upper; lateral nerves 10–17 pairs, arched but not anastomosing, scalariform veins conspicuous on the lower surface. Petiole 1–(2.5) cm, pubescent then glabrescent. Inflorescences male and female separate or female below, spicate, terminal and axillary, grey pubescent. Male inflorescence a spike, rarely branched, spikes 10–15 cm long; bracts and bracteoles ovate-lanceolate, 3–8 by 0.2–0.3 mm, pubescent outside. Male flowers yellowish, in 3–5-flowered cluster; calyx 6-lobed, broadly campanulate, 0.5–1 mm long; lobes ovate, divided ca ½ to the base, pubescent on both sides; stamens 12, 2–2.5 mm long, glabrous; rudimentary ovary subglobose, ca 0.5 mm in diam., hirsute. Female inflorescence spike, solitary, rarely 2–3 in a tuft, 10–20 cm long. Female flowers in 3-flowered cluster, other characters as in male flowers; styles 3, divergent; stigmata pointed. Acorns sessile, obconical, 2.5–4 by 2.5–3 cm (including cupule); on erect and slender infructescence, 10–12 cm long acorns free, dehiscent. Cupule obconical, completely enclosing the nut except the umbo; wall comprising alternate, pubescent, decurved pseudo-spines. Nut 1, ovoid to broadly conical, 1–1.5 by 1–1.5 cm; scar basal, up to ⅓ from base of the nut.",C. Phengklai,,Forest Herbarium,2021-07-31,Rachun Pooma,ref-THA-0000230202,Forest Herbarium,All rights reserved,"Lithocarpus recurvatus. Flora of Thailand. Vol. 9. Part 3, 2008. Pg. 323. Accessed 2021-07-31",https://botany.dnp.go.th/eflora/floraspecies.html?tdcode=03927,9,3
wfo-0000230205,general,EN,"Tree, 10–30 m high; 90–120 cm girth. Terminal buds ovoid, 1.5–2 by 1–1.5 mm; bracts ovate, acute, ca 2 by 1 mm. Twigs pubescent then glabrescent, dark brown when dry lenticellate. Stipules ovate, acute, 2–3 by 1 mm. Leaves oblong or elliptic-oblong, 13–15 by 4–5.5 cm; base obtuse or somewhat cuneate; apex acuminate to caudate; margins entire; subcoriaceous to coriaceous, glabrous, glossy green on the upper surface, pale green and glaucous on the lower; midrib prominent on the lower surface, subdepressed on the upper, usually pinkish when dry; lateral nerves 9–13 pairs, conspicuous on the lower surface, depressed or indistinct on the upper, scalariform veins hardly distinct. Petiole 1–1.5 cm long, glabrous, dark brown when dry. Inflorescences male and female separate, rarely mixed, terminal and axillary, pubescent. Male inflorescence spicate to few branches, spikes or spikelets 10–20 cm long; bracts and bracteoles ovate, 0.5–1 by 0.2–0.5 mm, pubescent outside. Male flowers greenish-white, in 3 flowered cluster; calyx 6-lobed, 1–1.5 mm long, lobes triangular, divided halfway to the base, pubescent outside; stamens (10)–12, 1.5–2 mm long, glabrous; rudimentary ovary subglobose, ca 1 mm in diam., glabrous. Female inflorescence spike 7–20 cm long. Female flowers usually solitary, rarely in 2–3-flowered cluster, other characters as in male flowers; styles 4–5, conical, then divergent, ca 1 mm long, hairy near base; stigmata pointed. Acorns broadly ovoid, strongly depressed at both ends, but apex still conical, 1.5–2 by 1.7–2.2 cm (including cupule); fruit-stalk up to 0.5 cm long; on erect and woody infructescence, 10–15 cm long, acorns free, indehiscent. Cupule saucer-shaped, enclosing only base of the nut; wall comprising glaucous scales, arranged in 5–7 rings or lamellae. Nut 1, broadly conical, flattened at base, apex conical, 1.3–1.8 by 1.5–2 cm; scar basal, deeply concave, 1–1.5 cm in diam.",C. Phengklai,,Forest Herbarium,2021-07-31,Rachun Pooma,ref-THA-0000230205,Forest Herbarium,All rights reserved,"Lithocarpus reinwardtii. Flora of Thailand. Vol. 9. Part 3, 2008. Pg. 323. Accessed 2021-07-31",https://botany.dnp.go.th/eflora/floraspecies.html?tdcode=03928,9,3
wfo-0000230206,general,EN,"Tree, 5–12 m high, 40–80 cm girth. Terminal buds ovoid, 4–5 by 3–4 mm; bracts narrowly ovate to linear. Twigs densely tomentose, then glabrescent, sparsely lenticellate. Bark cream, corky. Leaves obovate, 8.5–14 by 3–5 cm; base acute, more or less acute; apex obtuse to broadly acute, usually minutely emarginate; margins entire, strongly revolute; coriaceous, sparsely pubescent on both surfaces then glabrescent; midrib and nerves prominent on the lower surface, flattened to depressed on the upper; lateral nerves 6–8 pairs, at first straight then arched but not anastomosing, scalariform veins conspicuous on the lower surface. Petiole stout, 5–6 mm long, flattened adaxially. Inflorescences male and female separate or female below, spicate, rarely few branches, axillary and terminal, tomentose. Male inflorescence a spike 10–15 cm long; bracts and bracteoles ovate, 1–2.5 by 1–1.5 mm, pubescent outside. Male flowers always in 3-flowered cluster; calyx 6-lobed, campanulate, ca 2 mm long, lobes triangular, ca halfway to the base, pubescent on both sides; stamens 12–(15), ca 4 mm long, glabrous; rudimentary ovary subglobose, ca 1.5 mm in diam., hirsute. Female inflorescence spike 5–10 cm long. Female flowers solitary or in 1–3-flowered cluster, other characters as in male flowers; styles 3, more or less divergent, pubescent in lower half; stigmata pointed. Acorns sessile, broadly conical, 2.2–2.7 by 3.2–4.5 cm (including cupule), on erect and woody infructescence, 8–17 cm long, strongly depressed at both ends; acorns free, well-spaced, indehiscent. Cupule saucer-shaped, enclosing ca ½ of the nut; wall comprising alternate, thin and triangular scales, fused in the lower half internally. Nut 1, ovoid, flattened at base, 2–2.5 by 3–4 cm, glabrous, glossy brown; scar basal, concave 2–2.5 cm in diam.",C. Phengklai,,Forest Herbarium,2021-07-31,Rachun Pooma,ref-THA-0000230206,Forest Herbarium,All rights reserved,"Lithocarpus revolutus. Flora of Thailand. Vol. 9. Part 3, 2008. Pg. 325. Accessed 2021-07-31",https://botany.dnp.go.th/eflora/floraspecies.html?tdcode=03929,9,3
wfo-0000230220,general,EN,"Tree, 15 m high; 50–100 cm girth. Twigs reddish-brown to greenish pubescent then glabrescent, lenticellate. Leaves elliptic-oblong, 9–17 by 3–5 cm; base slightly cuneate; apex caudate-acuminate; margins entire; subcoriaceous to chartaceous, glabrous and dull green on the upper surface, pubescent and pale green then glaucous on the lower; midrib and nerves prominent on the lower surface, subdepressed on the upper; lateral nerves 8–12 pairs, arched but not anastomosing; long both midrib and nerves pinkish when dry, scalariform veins conspicuous on the lower surface. Petiole 0.5–1 cm long pubescent then glabrescent, reddish to blackish when dry. Inflorescences male and female separate or female below, spicate or few branched, axillary and terminal, pubescent. Male inflorescence a spikes or spikelets 6–9 cm long; bracts and bracteoles 3-lobed, lobes lanceolate, 2–2.5 by 0.5 mm, pubescent outside. Male flowers white to brownish-white, always in 3-flowered cluster; calyx 6-lobed, broadly campanulate, 1–1.5 mm long; lobes ovate, divided to halfway to the base, pubescent outside, ciliate; stamens 12, ca 0.5 mm long, glabrous; rudimentary ovary subglobose, ca 1 mm in diam., hirsute. Female inflorescence not seen. Acorns sessile, slightly obovoid (young), 1.5–2.5 by 1–2 cm (including cupule), on erect and slender infructescence, 10–15 cm long; acorns free, indehiscent. Cupule slightly obconical, enclosing ca ⅔ of the nut; wall comprising alternate and tomentose scales, fused internally, apex free, incurved. Nut 1, conical, 1.5–2 by 1–1.5 cm, glossy brown, hairy on the umbo, scar basal, ca 1.2 cm in diam.",C. Phengklai,,Forest Herbarium,2021-07-31,Rachun Pooma,ref-THA-0000230220,Forest Herbarium,All rights reserved,"Lithocarpus rufescens. Flora of Thailand. Vol. 9. Part 3, 2008. Pg. 329. Accessed 2021-07-31",https://botany.dnp.go.th/eflora/floraspecies.html?tdcode=03930,9,3
wfo-0000230229,general,EN,"Tree, 5–20 m high; 40–120 cm girth. Terminal buds ellipsoid, 5–8 by 2–3 mm; bracts linear to lanceolate, tomentose. Twigs tomentose then glabrescent, lenticellate. Stipules linear, 5–6 by 1–2 mm. Leaves oblong, oblong-lanceolate or elliptic-obovate, 8–15 by 3–5 cm; base obtuse or slightly cuneate, asymmetric; apex acute to obtuse; margins entire; coriaceous, pubescent then glabrous on both surfaces, greenish-brown on the upper surface, reddish brown on the lower when dry; midrib and nerves prominent on the lower surface, conspicuous or depressed on the upper; lateral nerves 7–9 pairs, arched but not anastomosing, scalariform veins hardly distinct. Petiole 1–1.5 cm, pubescent then glabrescent. Inflorescences male and female separate or female below, terminal and axillary, tomentose. Male inflorescence a spike or few-branched, spikes or spikelets 4–6 cm long; bracts and bracteoles triangular, 2–3 by 1 mm, pilose outside. Male flowers solitary or in 1–3-flowered cluster; calyx 6-lobed, campanulate, ca 2 mm long; lobes triangular, divided ⅓ to ½ to the base, tomentose; stamens 12, 2.5–3 mm long, glabrous; rudimentary ovary subglobose, ca 1 mm in diam., tomentose. Female inflorescence spike 10–15 cm long, rarely branched. Female flowers solitary or in 1–2-flowered cluster, other characters as in male flowers; styles 3, conical then divergent; stigmata pointed. Acorns sessile, ovoid to tubular, 4–4.5 by 2–2.5 (including cupule); on erect and woody infructescence 7–10 cm long; acorns free, indehiscent. Cupule saucer or cup-shaped, enclosing ¼ to ½ of the nut; wall comprising alternate pseudo-spinose scales, their apices decurved beyond their bases. Nut 1, conical to tubular, 3–3.5 by 2–2.5 cm, indumentum grey, then glossy brown.",C. Phengklai,,Forest Herbarium,2021-07-31,Rachun Pooma,ref-THA-0000230229,Forest Herbarium,All rights reserved,"Lithocarpus scortechinii. Flora of Thailand. Vol. 9. Part 3, 2008. Pg. 329. Accessed 2021-07-31",https://botany.dnp.go.th/eflora/floraspecies.html?tdcode=03931,9,3
wfo-0000230238,general,EN,"Tree, 15–40 m high, 100–180 cm girth. Twigs sparsely greyish pubescent then glabrous, spider-shaped lenticels. Bark greyish, smooth, ca 1 cm thick; inner bark with dense, woody, longitudinal ridges, these pressed into the surface of sapwood. Leaves lanceolate or lanceolate oblong, 8–20 by 2–6.5 cm; base obliquely cuneate or obtuse; apex acuminate; margins entire; coriaceous, glabrous, glossy green on the upper surface, pale green on the lower, usually curved to one side; midrib prominent on the lower surface, flattened or depressed on the upper; lateral nerves 9–13 pairs, conspicuous on the lower surface, hardly distinct on the upper, scalariform veins hardly distinct. Petiole 0.4–1.3 cm, pubescent then glabrescent, blackish when dry. Inflorescences male and female separate or female below, terminal and axillary, pubescent. Male inflorescence a spike or branched, spikes or spikelets 5–10 cm long; bracts and bracteoles narrowly triangular, 1–2 by 0.2 mm, pubescent outside. Male flowers greenish white, in 3–5–10-flowered cluster; calyx 6-lobed, campanulate, 1.5–2 mm long; lobes triangular, divided ⅓ to ½ to the base, pubescent outside; stamens 12, 2.5–3 mm long, glabrous; rudimentary ovary subglobose, ca 1 mm in diam., ferruginous. Female inflorescence spike 8–15 cm long, rarely branched. Female flowers solitary or in 1–3-flowered cluster, other characters as in male flowers; styles 3, conical; stigmata pointed. Acorns conical, 1.8–2.2 by 1.5–1.8 cm (including cupule); fruit-stalk 2–3 mm long, on erect and slender infructescence 10–20 cm long; acorns free, indehiscent. Cupule cup-shaped, enclosing ¼ to ⅓ of the nut; wall comprising alternate, thin scales, mostly fused, except free incurved triangular apex. Nut 1, conical, 1.5–2 by 1–1.5 cm, indumentum grey then glabrescent.",C. Phengklai,,Forest Herbarium,2021-07-31,Rachun Pooma,ref-THA-0000230238,Forest Herbarium,All rights reserved,"Lithocarpus siamensis. Flora of Thailand. Vol. 9. Part 3, 2008. Pg. 331. Accessed 2021-07-31",https://botany.dnp.go.th/eflora/floraspecies.html?tdcode=03932,9,3
wfo-0000230248,general,EN,"Tree, 5–20 m high; 30–145 cm girth. Twigs pubescent then glabrescent, lenticellate, blackish when dry. Bark dark brown, scales thick, flaky; inner bark dark red; sapwood whitish, heartwood reddish-brown. Leaves ovate, ovate-oblong to obovate, 9–20 by 4–11 cm; base obtuse or slightly cuneate; apex caudate or acute; margins entire; subcoriaceous to coriaceous, glabrous, glossy green on the upper surface, glaucous on the lower; young leaves with black oily coating; midrib and nerves prominent on the lower surface. Petiole 1–2 cm, pubescent then glabrous. Inflorescences male and female separate or female below, terminal and axillary, green or greyish pubescent. Male inflorescence a spike or branched, spikes or spikelets 10–20 cm long; bracts and bracteoles ovate, acute, ca 2 by 1 mm, pubescent outside; stamens 10–12, 2–3 mm long, glabrous; rudimentary ovary subglobose, ca 1 mm in diam., hirsute. Female inflorescence spike 10–20 cm long, rarely branched. Female flowers solitary, rarely in clusters, other characters as in male flowers; styles 3, conical, stigmata pointed. Acorns conical to slightly obconical 1.7–2 by 1.5–1.7 (including cupule); fruit-stalk ca 1 cm long, on erect and woody infructescence, 10–25 cm long; acorns free, indehiscent. Cupule slightly obconical, enclosing up to ½ of the nut; wall comprising alternate and thin scales, fused in the lower half, the upper free, more or less incurved at apex. Nut 1, conical to ovoid, 1.5–1.7 by 1.2–1.5 cm.",C. Phengklai,,Forest Herbarium,2021-07-31,Rachun Pooma,ref-THA-0000230248,Forest Herbarium,All rights reserved,"Lithocarpus sootepensis. Flora of Thailand. Vol. 9. Part 3, 2008. Pg. 333. Accessed 2021-07-31",https://botany.dnp.go.th/eflora/floraspecies.html?tdcode=03933,9,3
wfo-0000230271,general,EN,"Tree, 6–30 m high; 40–150 cm girth. Terminal buds ovoid to ellipsoid, 5–7 by 2–3 mm; bracts narrowly ovate, greyish pubescent outside. Twigs tomentose then glabrescent, sparsely lenticellate. Bark greyish, longitudinally fissured, 1–2 cm thick; inner bark pinkish-brown; sapwood brownish. Stipules linear-lancelolate, ca 5 by 1 mm. Leaves oblong or elliptic, 8.5–20.5 by 4–9 cm; base obtuse, oblique; apex acute, acuminate or caudate; margins entire; subcoriaceous to chartaceous, dark green on the upper surface, glaucous on the lower, sparsely pubescent then glabrescent except along midrib and nerves, especially on the lower surface; young leaves with dark oily coating; midrib and nerves prominent on the lower surface, usually depressed on the upper, pinkish when dry; lateral nerves 7–12 pairs, arched but not anastomosing, scalariform veins distinct on the lower surface. Petiole 0.5–0.7 cm, pubescent then glabrescent. Inflorescences male and female separate or female below; paniculate and spicate, terminal and axillary, tomentose. Male inflorescence a spike or panicle, spikes and spikelets 3–10 cm long; bracts and bracteoles ovate, 1–1.5 by 0.5 mm, tomentose outside. Male flowers solitary or in 1–3-flowered cluster; calyx 6-lobed, campanulate, ca 1 mm long, lobes triangular, divided halfway to ⅔ to the base, pubescent on both sides; stamens 10–12, 1.5–2 mm long, glabrous; rudimentary ovary subglobose, ca 1 mm in diam., hirsute. Female inflorescence spike 10–13 cm long. Female flowers solitary or rarely in 2–3-flowered cluster, other characters as in male flowers; styles 3–4, conical, divergent; stigmata pointed. Acorns broadly conical, 1.5–2 by 2–3 cm (including cupule), strongly depressed at both ends; fruit stalk up to 1 cm long, on erect and slender infructescence, 8–20 cm long; acorns free, well spaced, indehiscent. Cupule saucer-shaped, enclosing base of the nut only; wall comprising alternate thin triangular scales, fused internally. Nut 1, broadly conical, 1–1.5 by 2–2.5 cm, glossy reddish-brown.",C. Phengklai,,Forest Herbarium,2021-07-31,Rachun Pooma,ref-THA-0000230271,Forest Herbarium,All rights reserved,"Lithocarpus sundaicus. Flora of Thailand. Vol. 9. Part 3, 2008. Pg. 335. Accessed 2021-07-31",https://botany.dnp.go.th/eflora/floraspecies.html?tdcode=03934,9,3
wfo-0000230292,general,EN,"Tree, 5–25 m high, 60–150 cm girth. Twigs pubescent then glabrous, sparsely lenticellate. Bark greyish to blackish, rather smooth ca 2 cm thick; inner bark reddish-brown. Leaves oblanceolate, oblong or elliptic-oblong, 10–20 by 3–7 cm; base obliquely acute to obtuse; apex acute, acuminate to caudate; margins entire; coriaceous to subcoriaceous, glabrous, glossy green on the upper surface, pale to glaucous on the lower; midrib and nerves prominent on the lower surface, depressed on the upper; lateral nerves 9–14 pairs, scalariform veins conspicuous on the lower surface. Petiole 1–1.5 cm, pubescent then glabrescent, blackish when dry. Inflorescences male and female separate or female below, terminal and axillary, tomentose. Male inflorescence a spike or few-branched, spikes or spikelets 5–10 cm long; bracts and bracteoles linear, 1.5–2 by 0.2 mm, pubescent outside. Male flowers in 3–5-flowered cluster, rarely solitary; calyx (5)–6-lobed, broadly campanulate, 1–1.5 mm long; lobes ovate, divided ca halfway to the base, pubescent on both sides; stamens 12, ca 2 mm long, glabrous; rudimentary ovary subglobose, ca 1 mm in diam., hirsute. Female inflorescence spike 5–30 cm long. Female flowers in 2–3-flowered cluster, other characters as in male flowers; styles 3, divergent; stigmata pointed. Acorns sessile, ovoid to conical, 1.5–2.7 by 1–2.2 cm (including cupule), strongly depressed apex, more or less flattened, rarely apex conical; on erect infructescence, 6–20 cm long; acorns usually in clusters but not connate, indehiscent. Cupule saucer-shaped to slightly obconical, enclosing the base or up to ⅕ of the nut; wall comprising alternate thin triangular scales, fused internally. Nut 1, ovoid to turbinate, 1.5–2.5 by 1–2.2 cm, greyish pubescent then glabrescent.",C. Phengklai,,Forest Herbarium,2021-07-31,Rachun Pooma,ref-THA-0000230292,Forest Herbarium,All rights reserved,"Lithocarpus thomsonii. Flora of Thailand. Vol. 9. Part 3, 2008. Pg. 337. Accessed 2021-07-31",https://botany.dnp.go.th/eflora/floraspecies.html?tdcode=03935,9,3
wfo-0000230295,general,EN,"Tree, 5–15 m high, 50–100 cm girth. Terminal buds ovoid, 1–1.5 by 0.7–1 cm; bracts ferruginous. Twigs greyish pubescent then glabrescent. Bark greyish-brown; inner bark pinkish-brown. Leaves lanceolate, oblanceolate or oblong, 12–23 by 3.5–7 cm; base cuneate; apex acute or acuminate, obtuse; margins entire; coriaceous, pubescent then glabrescent on both surfaces, glossy green on the upper surface, pale on the lower; midrib and nerves prominent on the lower surface, depressed on the upper, usually pinkish when dry; lateral nerves 10–14 pairs, scalariform veins finely distinct on the lower surface, usually depressed on the upper. Petiole 1.5–2 cm, pubescent then glabrescent, dark red to black when dry. Inflorescences male and female separate or female below, spicate, rarely branched, in upper leaf scars, axillary and terminal, pubescent. Male inflorescence a spike 10–15 cm long; bracts and bracteoles ovate, acute, 2–4 by 1 mm, pubescent outside. Male flowers in 3-flowered cluster, white to brownish yellow, calyx 6-lobed, broadly campanulate, ca 1 mm long; lobes ovate, divided ca halfway to the base, pubescent on both sides; stamens 12, 1–1.5 mm long, glabrous; rudimentary ovary subglobose, ca 1 mm in diam., hirsute. Female inflorescence spike 10–20 cm long. Female flowers always in (3)–5-flowered cluster, other characters as in male flowers; styles 3, conical, divergent; stigmata pointed. Acorns sessile, ovoid, 1.5–2.2 by 1.5–3.5 cm (including cupule), depressed both on top and at base, on erect and woody infructescence, 10–20 cm long; developed acorns free, well-spaced, indehiscent. Cupule broadly cup-shaped or ovoid, completely enclosing the nut except the umbo; wall comprising alternate, flattened, imbricate scales, fused almost completely internally, apex free, adnate or incurved adaxially. Nut 1, broadly conical ca 1.2 by 1.5 cm, glossy green; scar basal, flattened or slightly concave, ca 1 cm in diam.",C. Phengklai,,Forest Herbarium,2021-07-31,Rachun Pooma,ref-THA-0000230295,Forest Herbarium,All rights reserved,"Lithocarpus trachycarpus. Flora of Thailand. Vol. 9. Part 3, 2008. Pg. 339. Accessed 2021-07-31",https://botany.dnp.go.th/eflora/floraspecies.html?tdcode=03936,9,3
wfo-0000230300,general,EN,"Tree, 6–20 m high, 30–150 cm girth. Twigs greyish pubescent then glabrous. Bark brown to greyish-brown, fissured; inner bark reddish brown; sapwood white. Leaves lanceolate or oblanceolate, 12–29 by 3.5–9 cm; base cuneate; apex acuminate or caudate; margins entire; coriaceous to subcoriaceous, glabrous and glossy green on the upper surface, pubescent then glabrescent on the lower; midrib and nerves prominent on the lower surface, depressed on the upper, usually pinkish when dry; lateral nerves 9–12 pairs, arched but not anastomosing, scalariform veins distinct on the lower surface. Petiole 1.2–2 cm, pubescent then glabrous, dark pink when dry. Inflorescences male and female separate or female below, spicate or few branched, terminal and axillary, pubescent. Male inflorescence a spike or 2–3-branched, spikes or spikelets 5–15 cm long; bracts and bracteoles ovate, 2–3 by 0.5 mm, pubescent outside. Male flowers in 3-flowered cluster, whitish to yellowish; calyx 6-lobed, broadly campanulate, 1–1.5 mm long; lobes ovate, divided ca halfway to the base, pubescent outside; stamens (10)–12, 2.5–3 mm long, glabrous; rudimentary ovary subglobose, ca 1 mm in diam., hirsute. Female inflorescence spike 3–12 cm long. Female flowers in 3-flowered cluster, rarely solitary, other characters as in male flowers; styles 3, divergent; stigmata pointed. Acorns sessile, turbinate, 1.5–2.5 by 1.5–2 cm (including cupule), on erect, unbranched infructescence, 5–24 cm long, the latter 4–6 mm in diam., acorns fused or adnate near the base (some free), indehiscent. Cupule turbinate, completely enclosing the nut except the umbo; wall comprising alternate, grey pubescent scales, fused internally, except the erect apex. Nut 1, ovoid or conical, ca 1.8 by 1.3 cm, indumentum grey then dull brown.",C. Phengklai,,Forest Herbarium,2021-07-31,Rachun Pooma,ref-THA-0000230300,Forest Herbarium,All rights reserved,"Lithocarpus truncatus. Flora of Thailand. Vol. 9. Part 3, 2008. Pg. 339. Accessed 2021-07-31",https://botany.dnp.go.th/eflora/floraspecies.html?tdcode=03937,9,3
wfo-0000230303,general,EN,"Tree, 10–20 m high, 100–160 cm girth. Terminal buds obovoid, 1–2 by 1–1.5 cm, bracts lanceolate, with silvery hairs. Leaves oblong, 15–25.5 by 5–7.5 cm; base obtuse; apex cuspidate to caudate; margins entire; chartaceous to subcoriaceous; scabrous on the upper surface, greyish pubescent on the lower, then glabrescent; midrib and nerves prominent on the lower surface, more or less depressed on the upper; lateral nerves 14–19 pairs, arched and anastomosing, scalariform veins conspicuous on the lower surface. Petiole stout, 4–5 mm, pubescent, greyish-black when dry. Inflorescences male and female separate or female below, branches, at terminal and axillary, densely pubescent. Male inflorescence: spikelets 5–10 cm long; bracts and bractetoles oblong, 0.5–1.5 by 0.3–0.4 cm, densely pubescent outside. Male flowers whitish to yellowish, always simple or in 1–3-flowered cluster; calyx 6-lobed, broadly campanulate, 1–2 mm long; lobes ovate, divided ca halfway to the base, pubescent outside; stamens 12, 2–3 mm long, glabrous; rudimentary ovary subglobose, ca 1 mm in diam., hirsute. Female inflorescence spike 10–15 cm long. Female flowers solitary, rarely in clusters, other characters as in male flowers. Acorns sessile, ovoid to broadly ovoid, 2–3 by 2.5–3.5 cm (including cupule), depressed at both ends, on erect and slender infructescence, dehiscent. Cupule saucer-shaped, entirely enclosing the nut sometimes dehiscing horizontally; wall comprising alternate pseudo-spines and free scales, pseudo-spines and scales decurved beyond their bases. Nut 1, broadly conical, ca 1.5 by 2 cm, indumentum brown then glabrescent.",C. Phengklai,,Forest Herbarium,2021-07-31,Rachun Pooma,ref-THA-0000230303,Forest Herbarium,All rights reserved,"Lithocarpus tubulosus. Flora of Thailand. Vol. 9. Part 3, 2008. Pg. 341. Accessed 2021-07-31",https://botany.dnp.go.th/eflora/floraspecies.html?tdcode=03938,9,3
wfo-0000230314,general,EN,"Tree, 15–30 m high, 65–180 cm girth. Twigs grey, smooth, sparsely lenticellate. Bark greenish to greyish, smooth, lenticellate; inner bark reddish-brown with white stripes. Leaves oblong or elliptic-oblong, 10–21 by 3.5–7 cm; base obtuse or somewhat cuneate, strongly oblique; apex acute or acuminate; margins entire; chartaceous to subcoriaceous, greyish pubescent then glabrescent, glossy green on the upper surface, pale on the lower, unequal and usually curved to one side; midrib and nerves prominent on the lower surface, depressed on the upper; lateral nerves 14–20 pairs, arched and anastomosing, scalariform veins conspicuous on the lower surface. Petiole 0.5–1 cm, pubescent then glabrescent, dark brown when dry. Inflorescences male and female separate or female below, spikes and panicles, terminal and axillary, greyish pubescent. Male inflorescence paniculate and spicate, spikes or spikelets 8–20 cm long; bracts and bracteoles ovate, 2–3 by 0.5–1 mm, pubescent outside. Male flowers greenish-white, smelling disagreeable, simple or in 1–3-flowered cluster; calyx 6-lobed, campanulate, 1–1.5 mm long; lobes divided ca halfway to the base, pubescent outside, ciliate; stamens (10)–12, ca 3 mm long, glabrous; rudimentary ovary subglobose, ca 1 mm in diam., hirsute. Female inflorescence spike 8–18 cm long, rarely branched. Female flowers in (1)–3 flowered cluster, rarely solitary, other characters as in male flowers; styles 3–(4), conical then divergent; stigmata pointed; acorns sessile, broadly ovoid, 1–1.2 by 1.2–1.4 cm (including cupule), strongly depressed at both ends; on erect and slender infructescence, 7–20 cm long; developed acorns free or adnate 2–3, but not fused; indehiscent. Cupule cup-shaped or slightly conical, enclosing ⅕ to ½ of the nut; wall comprising alternate, thin, triangular scales, fused internally. Nut 1, flattened at both ends, 1–1.3 by 1.3–1.5 cm, sparsely covered with silver hairs, then glabrescent; scar flattened, ca 1.3 cm in diam., at base of nut only.",C. Phengklai,,Forest Herbarium,2021-07-31,Rachun Pooma,ref-THA-0000230314,Forest Herbarium,All rights reserved,"Lithocarpus vestitus. Flora of Thailand. Vol. 9. Part 3, 2008. Pg. 345. Accessed 2021-07-31",https://botany.dnp.go.th/eflora/floraspecies.html?tdcode=03939,9,3
wfo-0000230320,general,EN,"Tree, 6–25 m high, 40–100 cm girth. Terminal buds ovoid to globose, 2–5 by 2–3 mm; bracts ovate to linear. Twigs greenish tomentose then glabrescent, sparsely lenticellate. Stipules lanceolate 2.5–5 by 1–1.5 mm. Leaves oblong or lanceolate-oblong, usually curved to one side, 11–25 by 3–6 cm; base obtuse or somewhat cuneate, oblique; apex acuminate, cuspidate, rarely acute; margins entire; subcoriaceous to chartaceous, sparsely pubescent then glabrous, except on the lower surface; midrib and nerves prominent on the lower surface, depressed on the upper; lateral nerves 13–17 pairs, arched and anastomosing, scalariform veins conspicuous on the lower surface. Petiole 0.5–1 cm, sparsely pubescent then glabrescent, dark brown when dry. Inflorescences male and female separate or female below, terminal and axillary, greenish pubescent. Male inflorescence paniculate or spicate, spikes or spikelets 3–15 cm long; bracts and bracteoles ovate, acute, 1–1.5 by 0.5 mm, pubescent outside. Male flowers white or greenish, in 3-flowered cluster, rarely solitary; calyx 6-lobed, broadly campanulate, ca.1 mm long; lobes ovate, divided ca halfway to the base, pubescent outside, ciliate; stamens 12, 2–2.5 mm long, glabrous; rudimentary ovary subglobose, ca 1 mm in diam., hirsute. Female inflorescence spikes 5–26 cm long, rarely branched. Female flowers in 2–5-flowered cluster, rarely solitary, other characters as in male flowers; styles 3–(4) divergent, 1–3 mm long; stigmata pointed; acorns sessile, ovoid or obovoid, 1.5–2 by 1.1–1.5 cm (including cupule); on erect and slender infructescence, 5–20 cm long; acorns usually in clusters but not connate, indehiscent. Cupule slightly obconical or cup-shaped, enclosing up to ⅕ of the nut; wall comprising alternate, thin, triangular scales, fused in the lower half, free at apex. Nut 1, ovoid to conical, 1.5–1.7 by 1–1.5 cm, indumentum grey then dull brown.",C. Phengklai,,Forest Herbarium,2021-07-31,Rachun Pooma,ref-THA-0000230320,Forest Herbarium,All rights reserved,"Lithocarpus wallichianus. Flora of Thailand. Vol. 9. Part 3, 2008. Pg. 347. Accessed 2021-07-31",https://botany.dnp.go.th/eflora/floraspecies.html?tdcode=03940,9,3
wfo-0000230328,general,EN,"Tree, 10–25 m high, 60–150 cm girth. Terminal buds ovoid, 5–7 by 2–5 mm, bracts narrowly lanceolate. Twigs pubescent then glabrous, lenticellate. Bark brownish to greyish black, smooth or scaly, 1–2 cm thick; inner bark brownish-yellow with dark brown stripes; sapwood brownish or yellowish, heartwood dark brown. Leaves oblong, oblong-lanceolate, to lanceolate, 8–25 by 3–6.5 cm; base slightly cuneate or obtuse, oblique; apex acuminate to caudate; margins entire; chartaceous to subcoriaceous, softly pubescent on both surfaces then glabrescent, except along midrib and nerves especially on the lower surface; midrib and nerves prominent on the lower surface, depressed on the upper; lateral nerves 8–15 pairs, arched and more or less anastomosing, scalariform veins fine, distinct on the lower surface. Petiole stout, 0.5–1 cm, dark hairy. Inflorescences male and female separate or female below, terminal and axillary, densely greenish pubescent. Male inflorescence spicate or few branched, spikes or spikelets resembling catkins, 4–10 cm long; bracts and bracteoles narrowly triangular, 3–4 by 1–1.5 mm, pubescent outside. Male flowers white to yellowish, scented, usually in (1) 3–5-flowered cluster; calyx 6-lobed, broadly campanulate, ca 1 mm long, lobes divided ⅓ to ½ to the base, pubescent outside, ciliate; stamens 10–12, 2–3 mm long, glabrous; rudimentary ovary subglobose, ca 1 mm in diam., hirsute. Female inflorescence catkin 5–20 cm long. Female flowers solitary and usually adnate but not fused together, other characters as in male flowers, styles 3, divergent; stigmata pointed. Acorns sessile, broadly ovoid, 1.5–2 by 2–3 cm (including cupule), depressed at both ends, on erect and woody infructescence, 10–18 cm long; acorns adnate but not fused together, indehiscent. Cupule broadly cup-shaped, completely enclosing the nut except the umbo; wall comprising alternate pseudo-spines and free scales, pseudo-spines incurved or erect. Nut 1, broadly conical, up to 1.5 by 2 cm, sparsely sericeous then dull brown; scar basal, concave, ca 1.5 cm in diam.",C. Phengklai,,Forest Herbarium,2021-07-31,Rachun Pooma,ref-THA-0000230328,Forest Herbarium,All rights reserved,"Lithocarpus wrayi. Flora of Thailand. Vol. 9. Part 3, 2008. Pg. 349. Accessed 2021-07-31",https://botany.dnp.go.th/eflora/floraspecies.html?tdcode=03941,9,3
wfo-0000230330,general,EN,"Tree, 20–30 m high, 150–200 cm girth. Twigs pubescent then glabrescent, lenticellate. Bark greyish; inner bark reddish-brown. Leaves oblong or elliptic-oblong, 10–26 by 4.5–9.5 cm, usually whorled at ends of twigs; base obtuse, slightly cuneate, asymmetric; apex acuminate or caudate, rarely acute; margins entire; coriaceous to subcoriaceous, pubescent then glabrescent on both surfaces; midrib and nerves prominent on the lower surface, subdepressed on the upper; lateral nerves 9–14 pairs, straight then curved near margins, not anastomosing, scalariform veins inconspicuous. Petiole 2–4 cm, sparsely pubescent then glabrescent. Inflorescences male and female separate or female below, spikes. Male inflorescence spike 5–10 cm long; bracts and bracteoles narrowly triangular, 2–3 by 1 mm, pubescent outside. Male flowers white to yellowish, usually in (1)–3-flowered cluster; calyx 6-lobed, broadly campanulate, ca 1 mm long, lobes divided ca halfway to the base, pubescent outside; stamens 10–12, 2–3 mm long; rudimentary ovary subglobose, ca 1 mm in diam., hirsute. Female inflorescence spike 5–10 cm long, other characters as in male flowers; styles 3, divergent; stigmata pointed. Acorns sessile, broadly conical, 1–3 by 1.4–3 cm (including cupule); on erect and slender infructescence, 8–15 cm long, strongly depressed at both ends; acorns in clusters, more or less adnate but not fused (the develop one), well-spaced, indehiscent. Cupule cup-shaped, enclosing ca ½ of the nut; wall comprising alternate, thin, triangular scales, fused in the lower half internally, the apices free, pointing upward or reflexed. Nut 1, broadly ovoid or conical, apex convex, flattened at base, 0.8–1 by 1.2–2 cm, dull brown.",C. Phengklai,,Forest Herbarium,2021-07-31,Rachun Pooma,ref-THA-0000230330,Forest Herbarium,All rights reserved,"Lithocarpus xylocarpus. Flora of Thailand. Vol. 9. Part 3, 2008. Pg. 351. Accessed 2021-07-31",https://botany.dnp.go.th/eflora/floraspecies.html?tdcode=03942,9,3
wfo-0000289386,general,EN,"Tree, 10–25 m high, 50–150 cm girth. Buds and axillary ovoid, 0.6–1 by 0.3 mm, sparsely silky hairs outside. Twigs tomentose then glabrescent, lenticellate, usually with hairy galls along twig. Bark dark brown, longitudinally furrowed, 1–5 cm thick. Leaves oblong to oblong lanceolate, 7–19 by 3–9 cm; base obliquely obtuse or cordate; apex acuminate or caudate; margins strongly serrate with curved or straight, spine-like tips; chartaceous, pubescent then glabrescent, dull olive-green on the upper surface; yellowish on the lower; midrib and lateral nerves prominent on the lower surface, subdepressed on the upper; lateral nerves 14–17 pairs, straight and protruding to end of serrate margins, scalariform veins conspicuous on the lower surface. Petiole 1–7 cm, pubescent then glabrescent. Male inflorescence a solitary catkin, pendulous, 6–8 cm long, tomentose. Male flowers solitary or in 3–4-flowered cluster. Perianth (5) 6-lobed, lobes lanceolate, ca 0.1 mm long, hairy outside, ciliate; stamens 6–(8–10), 1–1.5 mm long, hairy near base. Female inflorescence spike erect, ca.1 cm long. Female flowers free, 1 3 together; styles 3, connate near base; stigmata capitate. Acorns sessile, ovoid in outline, 2.5–3 by 3–5 cm (including cupule), always 1(2) acorns in each infructescence. Cupule coroniform, enclosing ⅕ to ½ of the nut; wall comprising two kind of scales, the lower triangular, adnate the upper elongate up to 1 by 0.3 cm, horizontal or decurved, inner side fused with nut. Nut ovoid or tubuliform, 2–2.5 by 1.5–1.7 cm, conic or truncate apex; scar up to ⅕ from the base of nut.",C. Phengklai,,Forest Herbarium,2021-07-31,Rachun Pooma,ref-THA-0000289386,Forest Herbarium,All rights reserved,"Quercus acutissima. Flora of Thailand. Vol. 9. Part 3, 2008. Pg. 357. Accessed 2021-07-31",https://botany.dnp.go.th/eflora/floraspecies.html?tdcode=03944,9,3
wfo-0000807376,general,EN,"As the typical subspecies but the leaves are persistently, densely tomentose below.",C. Phengklai,,Forest Herbarium,2021-07-31,Rachun Pooma,ref-THA-0000807376,Forest Herbarium,All rights reserved,"Quercus aliena griffithii. Flora of Thailand. Vol. 9. Part 3, 2008. Pg. 359. Accessed 2021-07-31",https://botany.dnp.go.th/eflora/florainfra.html?tdcode=03947,9,3
wfo-0000289659,general,EN,"Tree, 10–35 m high, 120–200 cm girth. Twigs glabrous, inconspicuously lenticellate. Leaves elliptic, elliptic-oblong or oblong-lanceolate, 6–15 by 2–5 cm, not whorled at ends of twigs; base obtuse or slightly oblique; apex acuminate or cuspidate; margins serrate in apical third or entire; subcoriaceous to chartaceous, glabrous, glossy green on the upper surface; pale on the lower; midrib prominent on the lower surface; depressed on the upper; lateral nerves 8–11, conspicuous on the lower surface, scalariform and reticulate veins hardly distinct. Petiole 1–2 cm, sparsely pubescent then glabrescent, blackish when dry. Male inflorescence a simple, tufted, pendulous catkin, terminal or axillary, sometimes in upper leaf scars, 3–10 cm long, tomentose; bracts and bracteoles ovate, acute, 3–5 by 1–2 mm, pubescent outside. Male flowers free or in 3–(5)-flowered cluster, perianth broadly campanulate, 6-lobed, 2–5 mm long, lobes united to half their length, hairy on both sides; stamens 6–(8), hairy near base. Female inflorescence spike erect, in leaf axils or axils of upper leaf scars, 3–6 cm long, tomentose, each spike 3–12-flowered, free, other characters as in male flowers; styles 3–(4), hairy near base, divergent; stigmata capitate. Acorns sessile, ovoid, 2–2.1 by 1.7–1.9 cm (including cupule), on erect and woody influctescence 3–6 cm long, usually with 3–5 acorns in each infructescence. Cupule cup or dish-shap, enclosing to ½ or ⅔ of the nut, rim not dilated; wall comprising tawny pubescent scales, set in 7–8 rings or lamellae. Nut 1, ovoid or conical, 2 by 1.3–1.5 cm, pubescent then glossy brown except near the umbo; scar basal, ca 1 cm in diam.",C. Phengklai,,Forest Herbarium,2021-07-31,Rachun Pooma,ref-THA-0000289659,Forest Herbarium,All rights reserved,"Quercus augustini. Flora of Thailand. Vol. 9. Part 3, 2008. Pg. 361. Accessed 2021-07-31",https://botany.dnp.go.th/eflora/floraspecies.html?tdcode=03948,9,3
wfo-0000289668,general,EN,"Tree, 8–30 m high, 60–150 cm girth. Terminal buds with fringed bracts, 5–6 mm long, pubescent on both sides. Twigs densely tomentose, glabrescent. Bark greenish-brown, lenticellate; inner bark with sparse, needle-like ridges. Stipules linear, 4–8 mm long, tomentose outside. Leaves ± obovate, 9–18 by 3–6 cm, not whorled at ends of twigs; base ± cuneate or obtuse to suboblique; apex acute or obtuse; margins serrate in apical third, sometimes entire; coriaceous or subcoriaceous, glabrous except along midrib on both surfaces, dark to glossy green on the upper surface; pale to glaucous on the lower; midrib and nerves prominent on the lower surface; lateral nerves 7–9 pairs, arched but not anastomosing, scalariform conspicuous on the lower surface. Petiole 1–3.5 cm, pubescent, glabrescent, not black when dry. Male inflorescence not seen. Female inflorescence spike erect, terminal or axillary, 1–3 cm long, tomentose, each spike 1–4-flowered, free. Perianth 6-lobed, tomentose; styles 3–6, hirsute in lower half, 3 mm long, divergent; stigmata elongate, black. Acorns sessile, ovoid, 3–3.5 by 2.2 cm (including cupule) on short infructescence, usually with 1–2 acorns in each infructescence. Cupule cup or dish-shaped, enclosing to ⅔ of the nut, rim not dilated; wall comprising rusty brown scales, set in 7–8 rings or lamellae. Nut 1, ovoid, 2.5–3 by 2 cm, densely short hairs, scar basal, ca 1 cm in diam.",C. Phengklai,,Forest Herbarium,2021-07-31,Rachun Pooma,ref-THA-0000289668,Forest Herbarium,All rights reserved,"Quercus auricoma. Flora of Thailand. Vol. 9. Part 3, 2008. Pg. 361. Accessed 2021-07-31",https://botany.dnp.go.th/eflora/floraspecies.html?tdcode=03949,9,3
wfo-0000289676,general,EN,"Tree, 10–30 m high, 80–150 cm girth. Terminal buds ovoid, 1–1.5 by 0.8–1 cm; bracts ovate, tomentose outside. Twigs pubescent then glabrescent. Bark greenish, 1 cm thick, lenticellate; inner bark brown, brittle; cambium purplish-brown. Stipules linear-lanceolate, tomentose. Leaves oblong or slightly oblanceolate, usually curved to one side, 10–30 by 3–8.5 cm; base obtuse or slightly cuneate, oblique; apex acuminate or acute; margins serrate in upper half; coriaceous or subcoriaceous, sparsely pubescent then glabrescent, glossy green on both surfaces; midrib and nerves prominent on the lower surface, depressed on the upper; lateral nerves 14–18 pairs, arched and more or less anastomosing, scalariform veins distinct on the lower surface. Petiole 1–1.5 cm, adaxial flat, pubescent then glabrescent. Male inflorescence a simple pendulous catkin, axillary and terminal, 2–3 cm long, tomentose; bracts and bracteoles narrowly lanceolate, hairy, ca 1 by 0.2 mm. Male flowers solitary or in 1–34-flowered cluster. Perianth 6-lobed, lobes free, ca 3 by 1 mm, pubescent outside, ciliate; stamens 6, ca 1 mm long, pilose anthers. Female inflorescence spike erect, axillary, 1–2 cm long, tomentose. Female flowers simple, other characters as in male flowers; styles 3, connate; stigmata elongate. Acorns globose, flattened at base and apex, 1–1.5 by 1.5–1.7 cm (including cupule), fruit-stalk 1–1.2 cm, erect, usually one acorn in each infructescence. Cupule cup-shaped, reaching to apex of the nut, not enclosing the apex, rim not dilated; wall comprising pubescent scales, set in 6–9 rings or lamellae. Nut 1, ovoid, depressed at base and apex, ca 0.7 by 1–1.5 cm, with brown indumentum, then glabrous.",C. Phengklai,,Forest Herbarium,2021-07-31,Rachun Pooma,ref-THA-0000289676,Forest Herbarium,All rights reserved,"Quercus austrocochinchinensis. Flora of Thailand. Vol. 9. Part 3, 2008. Pg. 363. Accessed 2021-07-31",https://botany.dnp.go.th/eflora/floraspecies.html?tdcode=03950,9,3
wfo-0000289832,general,EN,"Tree, 3–20 m high, 40–160 cm girth. Twigs tawny pubescent then glabrescent, lenticellate. Bark dark grey, greyish-brown, roughly cracked; sapwood whitish. Leaves obovate, elliptic, ovate to ovate-oblong, 8–19 by 4–10 cm; base slightly cuneate or obtuse; apex acute or obtuse; margins serrate, sometimes crenulate; coriaceous, sparsely pubescent then glabrous except along midrib and nerves on both surfaces; midrib and lateral nerves strongly prominent on the lower surface; subdepressed on the upper; lateral nerves 9–12 pairs, straight then curved near margins, scalariform veins fine, distinct on the lower surface; more or less depressed on the upper. Petiole 1–3 cm, grey pubescent then glabrescent. Male inflorescence simple pendulous catkins, in axils of upper leaf-scars on young twigs, 5–15 cm long, tomentose; bracts and bracteoles scabrous outside. Male flowers in 3–4-flowered cluster; perianth broadly campanulate, 6-lobed, ca 2 mm long, lobes obovate, 1–1.5 mm, divided to or nearly to the base, pubescent near base outside, ciliate; stamens 6, 2–3 mm long, hairy near base. Female inflorescence spike erect, axillary and in axils of upper leaf-scars, 3–5 cm long, grey pubescent, each spike more than ten-flowered, free, other characters as in male flowers; styles 3–4, connate; stigmata capitate. Acorns sessile, obconical, ovoid, 1–3 by 1–2.2 cm (including cupule), on erect and woody infructescence, 2–8 cm long, acorns free, many on each infructescence. Cupule obconical, enclosing ⅓–½ of the nut (enclosed completely except umbo, when young) rim not dilated; wall comprising grey hairy scales, set in 5–7 rings or lamellae. Nut 1, conical, 1–2 by 2–2.5 cm, greyish pubescent then glabrescent.",C. Phengklai,,Forest Herbarium,2021-07-31,Rachun Pooma,ref-THA-0000289832,Forest Herbarium,All rights reserved,"Quercus brandisiana. Flora of Thailand. Vol. 9. Part 3, 2008. Pg. 367. Accessed 2021-07-31",https://botany.dnp.go.th/eflora/floraspecies.html?tdcode=03951,9,3
wfo-0000290800,general,EN,"Tree, 8–20 m high, 60–100 cm girth. Twigs densely tomentose. Bark dark brown; sapwood yellowish. Stipules linear-lanceolate, 5–8 by 1 mm, with red woolly hairs outside, ciliate. Leaves obovate, obovate-oblong or oblong, 7–23 by 2.2–6 cm, always whorled at ends of twigs; base obtuse or slightly cuneate; apex broadly acute, acute or obtuse; margins usually serrate in apical third to half; coriaceous, glabrous, except sparse pubescence along midrib and nerves on the upper surface, pale on the lower; midrib and nerves prominent on the lower surface; lateral nerves 8–11 pairs, scalariform veins conspicuous on the lower surface. Petiole 1.5–2.5 cm, pubescent then glabrescent. Male inflorescence simple, tufted, pendulous catkins, axillary and terminal, 3–5 cm long, tomentose; bracts and bracteoles lanceolate, ca 2 by 1 mm, tomentose outside. Male flowers white, in 3–5-flowered cluster. Perianth campanulate, 6 lobed, ca 2 mm long, lobes united in lower half, tomentose outside, ciliate; stamens 6–(7), ca 3 mm long, hairy near base. Female inflorescence spike erect, terminal and axillary, 1–3 cm long, tomentose, each spike 3–5-flowered, free, other characters as in male flowers; styles 3, divergent; stigmata capitate. Acorns sessile, ovoid or ellipsoid, 3.5–5 by 2–2.5 cm (including cupule), on erect infructescence 2–3 cm long, usually one acorn in each infructescence. Cupule cup or dish-shaped, enclosing ⅓ to ½ of the nut, rim dilated when mature; wall comprising ferruginous tomentose scales, set in 9–12 rings or lamellae. Nuts ovoid, conical or tubular conical 3–4.5 by 1.5–1.7 cm; scar basal, ca 1 cm in diam.",C. Phengklai,,Forest Herbarium,2021-07-31,Rachun Pooma,ref-THA-0000290800,Forest Herbarium,All rights reserved,"Quercus fleuryi. Flora of Thailand. Vol. 9. Part 3, 2008. Pg. 367. Accessed 2021-07-31",https://botany.dnp.go.th/eflora/floraspecies.html?tdcode=03952,9,3
wfo-0000290832,general,EN,"Tree, 8–20 m high, 60–200 cm girth. Twigs ribbed, pale tomentose then glabrescent, lenticellate. Bark greyish-black, dull brown. Stipules lanceolate, ca 1 cm long, pilose, not early caducous. Leaves ovate, elliptic, oblong or slightly tetrangular, 3.5–11 by 1.5–6 cm; base cordate or obtuse; apex acute; margins serrate, setaceous at ends of teeth; coriaceous or subcoriaceous, glabrous on the upper surface; pubescent then glabrescent on the lower; midrib and nerves prominent on the lower surface; usually depressed on the upper, hairy along nerves; lateral nerves 6–9 pairs, straight, terminating beyond the serrate margins, scalariform veins hardly distinct. Petiole 0.2–1 cm, tomentose. Male inflorescence tufted, pendulous, axillary catkins, near ends of twigs, 2–5 cm long, tomentose. Male flowers solitary or in 1–3 flowered cluster; bracts and bracteoles ovate, acute, pilose outside. Perianth 4–7 lobed, lobes narrowly triangular, 1–1.5 by 0.5 mm, pilose outside; stamens 5–10, 1–2 mm long, hairy near base. Female inflorescence spike erect or reflexed, terminal or axillary, ca 1 cm long. Female flowers free; styles 3, connate; stigmata capitate. Acorns globose, ca.1 cm in diam. (including cupule), fruit stalk 2–3 mm long on erect infructescence up to 1 cm long, each infructescence with (1)–2 acorns. Cupule cup or saucer-shaped (globose when young), enclosing ⅓ to ½ of the nut (enclosed completely, when young); wall comprising alternate, thin, pubescent scales. Nut 1, ovoid-globose, to 1 cm in diam., depressed at apex.",C. Phengklai,,Forest Herbarium,2021-07-31,Rachun Pooma,ref-THA-0000290832,Forest Herbarium,All rights reserved,"Quercus franchetii. Flora of Thailand. Vol. 9. Part 3, 2008. Pg. 369. Accessed 2021-07-31",https://botany.dnp.go.th/eflora/floraspecies.html?tdcode=03953,9,3
wfo-0000291077,general,EN,"Tree, 6–25 m high, 60–230 cm girth. Twigs densely tomentose then glabrescent, lenticellate. Bark blackish, deeply longitudinally furrowed, 3–4 cm thick; inner bark reddish to dark brown. Leaves oblong or elliptic-oblong, 10–26 by 5–12 cm; base obtuse, usually oblique; apex acute or acuminate; margins serrate in the upper half; coriaceous but brittle, pubescent then glabrescent on the upper surface, except along midrib, densely velutinous on the lower; midrib and nerves prominent on the lower surface, depressed on the upper; lateral nerves 12–16 pairs, straight and running into the teeth of margins, scalariform veins fine, distinct on the lower surface; depressed on the upper. Petiole 1.5–3 cm, densely tomentose. Male inflorescence a simple, pendulous catkin, 10–15 cm long, in the upper leaf-scars of young twigs, tomentose; bracts and bracteoles linear, ca 3.5 mm long, pilose outside, ciliate. Male flowers always in 3–5–7-flowered cluster; perianth campanulate, 1.5–3 mm long, 6-lobed, lobes divided ca halfway to the base, tomentose outside; stamens 8, ca 1.5 mm long, glabrous. Female inflorescence spike erect, axillary to leaves and upper leaf-scars, ca 6 cm long, tomentose, each spike with many, free and clustered flowers, other characters as in male flowers; styles 3–4(5), connate; stigmata capitate. Acorns ovoid, strongly depressed both at base and apex, flat on top, 1–3 by 2–3.5 cm (including cupule); on erect infructescence 2–7 cm long, acorns both free and in clusters, each infructescence usually with more than 10 acorns. Cupule saucer-shaped, enclosing to ⅕ of the nut or supporting base only; wall comprising greyish-brown hairy scales, set in 7–10 rings or lamellae. Nut 1, apex flat to minutely retuse, ca 1–1.5 by 2–3 cm, glaucous or with grey pubescent; scar basal, only, 2–3 cm in diam.",C. Phengklai,,Forest Herbarium,2021-07-31,Rachun Pooma,ref-THA-0000291077,Forest Herbarium,All rights reserved,"Quercus helferiana. Flora of Thailand. Vol. 9. Part 3, 2008. Pg. 371. Accessed 2021-07-31",https://botany.dnp.go.th/eflora/floraspecies.html?tdcode=03954,9,3
wfo-0000291467,general,EN,"Tree, 5–40 m high, 50–150 cm girth. Terminal bud ovoid, 4–5 by 3 mm, pubescent outside. Twigs pubescent then glabrescent, lenticellate. Bark blackish-brown, deeply furrowed, 2–3 cm thick; inner bark yellowish-brown; sapwood whitish, heartwood brown. Stipules linear, ca 5 mm long, pubescent. Leaves oblong, ovate-oblong or lanceolate; 10–24 by 3–10 cm; base obtuse; apex acute; margins serrate; subcoriaceous, densely pubescent, especially on the lower surface, then glabrescent except along midrib and nerves on the lower; midrib and nerves prominent on the lower surface; depressed on the upper; lateral nerves 15–17 pairs, straight to tips of serrate margins, scalariform veins conspicuous on the lower surface. Petiole 1–2 cm, pubescent then glabrescent. Male inflorescence 2–5 pendulous, simple or few branched, tufted catkins, 3–10 cm long in upper leaf-scars or axillary on young twigs, tomentose; bracts and bracteoles ovate, acute, ca 3 by 1 mm, tomentose outside, ciliate. Male flowers always in 3–5–7-flowered cluster; perianth campanulate, ca 3 mm long, 6–(7)-lobed, lobes divided, ca halfway to the base, tomentose outside; stamens 6–8, 2.5–3 mm long, sparsely hairs to glabrous. Female inflorescence spike erect, axillary and in upper leaf-scars, 3–5 cm long, tomentose, each spike bearing many free flowers, other characters as in male flowers; styles (3)–5, connate; stigmata slightly obovate. Acorns sessile, obovoid, flat on top, 0.5–1.1 by 0.5–2.1 cm (including cupule), on erect infructescence 5–10 cm long, acorns free, 3–10 per infructescence. Cupule obconical, completely enclosing nut; wall comprising grey to brown hairs and scales, set in 5–10 rings or lamellae. Nut 1, flat to minutely retuse at apex, ca 1 by 1.5–2 cm, indumentum brown, then glabrescent.",C. Phengklai,,Forest Herbarium,2021-07-31,Rachun Pooma,ref-THA-0000291467,Forest Herbarium,All rights reserved,"Quercus kerrii. Flora of Thailand. Vol. 9. Part 3, 2008. Pg. 373. Accessed 2021-07-31",https://botany.dnp.go.th/eflora/floraspecies.html?tdcode=03955,9,3
wfo-0000291470,general,EN,"Tree, 7–30 m high, 60–200 cm girth. Twigs tomentose then glabrescent, lenticellate. Bark dark brown with greyish patches, irregularly fissured, ca 1 cm thick; inner bark dark yellow, pinkish or reddish-brown, scented. Stipules linear-lanceolate, ca 1 by 0.2 mm, pilose. Leaves oblong, elliptic, ovate or obovate, 8–20 by 3.5–8 cm; base obtuse or cuneate, more or less oblique; apex acute, rarely obtuse; margins serrate; subcoriaceous, pubescent then glabrescent on the upper surface, densely to sparsely tomentose except along nerves on the lower, dark green on the upper surface; midrib and lateral nerves prominent on the lower; depressed on the upper surface; lateral nerves 9–14 pairs, rather straight to tips of serrate margins, scalariform veins distinct on the lower surface. Petiole 1–2–(4), pubescent, glabrescent. Male inflorescence solitary or tufted pendulous catkins, axillary near ends of twigs, 10–15 cm long, tomentose. Male flowers solitary or in 3–4-flowered cluster; bracts and bracteoles ovate, acuminate, scarious. Perianth (5–)6-lobed, lobes narrowly triangular, 1–1.5 by 0.5 mm, tomentose outside, ciliate; stamens 6–8, 2.5–3 mm long, hairy near base. Female inflorescence spike erect, 1–3 cm long. Female flowers free, 3–10 together; styles 3, connate; stigmata capitate. Acorns sessile, obconical, 1.4–2.5 by 1.4–3.5 cm (including cupule); on erect and woody infructescence 1–4 cm long. Cupule obconical, enclosing ¾ to ⅚ of the nut; wall comprising alternate scales with thick, incurved apices. Nuts ovoid or ellipsoid, depressed at base and apex, 1.7–2.5 by 1.5 cm, dark brown, silky pubescent around the umbo.",C. Phengklai,,Forest Herbarium,2021-07-31,Rachun Pooma,ref-THA-0000291470,Forest Herbarium,All rights reserved,"Quercus kingiana. Flora of Thailand. Vol. 9. Part 3, 2008. Pg. 373. Accessed 2021-07-31",https://botany.dnp.go.th/eflora/floraspecies.html?tdcode=03956,9,3
wfo-0000291523,general,EN,"Tree, to 10 m high. Leaves lanceolate or lanceolate-oblong, rarely elliptic or ovate, 9–30 by 3.5–11 cm; base obtuse; apex acute to acuminate; margins serrate in apical one third to half; subcoriaceous to coriaceous, sparsely pubescent then glabrescent on the upper surface; densely pubescent, usually glaucous on the lower; midrib and nerves prominent on the lower surface; subdepressed to strongly depressed on the upper; lateral nerves 15–27 pairs, arched but not anastomosing, scalariform veins conspicuous on the lower surface; usually depressed on the upper. Petiole 1.5–3 cm, sparsely pubescent. Male inflorescence not seen. Female inflorescence spike axillary, erect, 1–3 cm long, densely tomentose. Female flowers free, 2–10 in each spike; styles 4, densely tomentose in lower half; stigmata capitate. Acorn sessile, ovoid and strongly depressed at both ends, 1–2 by 2–3.5 cm (including cupule), on erect and stout infructescence 1–3 cm long, acorns free, 1–10 per infructescence. Cupule saucer-shaped, enclosing nut; wall comprising blackish tomentose scales set in 7–10 irregular rings or lamellae. Nut 1, flat to minutely retuse at apex, ca 0.5–1 by 1–2 cm, indumentum brown, then glabrescent.",C. Phengklai,,Forest Herbarium,2021-07-31,Rachun Pooma,ref-THA-0000291523,Forest Herbarium,All rights reserved,"Quercus lamellosa. Flora of Thailand. Vol. 9. Part 3, 2008. Pg. 377. Accessed 2021-07-31",https://botany.dnp.go.th/eflora/floraspecies.html?tdcode=03957,9,3
wfo-0000291531,general,EN,"Tree, 6–20 m high, 40–80 cm girth. Twigs tomentose then glabrescent, lenticellate. Bark greyish-brown, irregularly cracked. Stipules obovate, scarious, pilose outside, caducous. Leaves obovate, ovate or elliptic, 6–12 by 3–7 cm; base slightly cuneate then auriculate, cordate, truncate or obtuse; apex acute or obtuse; margins irregularly serrate to dentate in the upper two third; coriaceous, pubescent then glabrescent on the upper surface; softly grey hairs on the lower; midrib and nerves prominent on the lower; lateral nerves 8–11 pairs, straight to tips of serrate margins; scalariform veins usually fine on the lower surface. Petiole 0.5–1.5 cm, tomentose, blackish when dry. Male inflorescence 2–3 pendulous catkins, solitary to few branched, axillary, 3–7 cm long, tomentose; bracts and bracteoles triangular or ovate, tomentose outside, ciliate. Male flowers free or in 1–3-flowered cluster. Perianth 5–6-lobed, campanulate, 1.5–3 mm long, lobes narrowly triangular, divided ca halfway, hairy on both sides; stamens 6–7–10, 3–4 mm long, sparsely hairs near base. Female inflorescence spike short, erect, axillary. Female flowers free, 5–10 in a spike; styles 3 connate; stigmata elongate, decurved. Acorns sessile, ovoid, depressed, 1.3–2 cm in diam. (including cupule), on erect infructescence 2–4 cm long, each infructescence with 4–7-acorns. Cupule cup or saucer-shaped, enclosing up to ⅓ of the nut (enclosed completely except umbo, when young); wall comprising alternate, thin, pubescent scales throughout. Nut 1, globose, ovoid, depressed at both ends, to 1 by 1.5 cm, pubescent then glabrous.",C. Phengklai,,Forest Herbarium,2021-07-31,Rachun Pooma,ref-THA-0000291531,Forest Herbarium,All rights reserved,"Quercus lanata. Flora of Thailand. Vol. 9. Part 3, 2008. Pg. 379. Accessed 2021-07-31",https://botany.dnp.go.th/eflora/floraspecies.html?tdcode=03958,9,3
wfo-0000291661,general,EN,"Tree, 10–40 m high, 80–250 cm girth. Buds ovoid or rounded; bracts ovate, 3–4 by 1–1.5 mm, pubescent outside. Twigs tomentose then glabrescent, lenticellate. Bark dark grey, roughly cracked. Leaves oblanceolate, obovate or lanceolate-oblong, 8–18 by 2.5–7 cm; base slightly cuneate, suboblique; apex broadly acute, usually minutely retuse; margins entire to slightly serrate in the upper third; subcoriaceous to coriaceous, glabrous, dull dark green on the upper surface; midrib and nerves prominent on the lower; depressed on the upper surface; lateral nerves 8–10 pairs, arched but not anastomosing, scalariform veins hardly distinct. Petiole 1–1.5 cm, pubescent then glabrescent, reddish-brown or blackish when dry. Male inflorescence an erect spike, simple, axillary or terminal, 5–10 cm long,; bracts and bracteoles ovate-acuminate, ca 2 by 1 mm, pubescent outside, ciliate. Male flowers solitary or in 1–5-flowered cluster; perianth broadly campanulate, 5–(6)-lobed, ca 0.5 mm long, lobes ovate, divided nearly or wholly to the base, pubescent outside; stamens 6, 2–3 mm long, hairy near base. Female inflorescence spike erect, axillary, 4–10 cm long, pubescent, each spike with many, free flowers, other characters as in male flowers; styles 3, divergent, hairy near base; stigmata capitate. Acorns sessile, ovoid, 2–3 by 3–4 cm (including cupule), on erect and woody infructescence, acorns free. Cupule saucer-shaped, enclosing ½ to ⅔ of the nut (enclosed completely, when young), rim not dilated; wall comprising tomentose scales, set in 6–8 rings or lamellae. Nut 1, ovoid 1.7–2 by 1.5–2.1 cm, depressed at both ends, apex remaining slightly convex, scar basal, 1–1.4 cm in diam.",C. Phengklai,,Forest Herbarium,2021-07-31,Rachun Pooma,ref-THA-0000291661,Forest Herbarium,All rights reserved,"Quercus lenticellata. Flora of Thailand. Vol. 9. Part 3, 2008. Pg. 379. Accessed 2021-07-31",https://botany.dnp.go.th/eflora/floraspecies.html?tdcode=03959,9,3
wfo-0000291701,general,EN,"Tree, 10–35 m high, 100–200 cm girth. Terminal buds globose, ovoid, pubescent then glabrescent. Twigs densely pubescent then glabrous, dark grey, lenticellate. Bark brown to dark brown, smooth; inner bark brownish to dark red. Stipules linear, acute, 10–15 by 1–2 mm, pubescent. Leaves lanceolate or lanceolate-oblong, 9–17 by 3–5.5 cm, not whorled at ends of twigs; base acute or obtuse to oblique; apex acuminate, cuspidate; margins strongly serrate in apical two-thirds; subcoriaceous or chartaceous, glabrous except along midrib and nerves on the lower surface; midrib and nerves prominent on the lower; subdepressed on the upper surface; lateral nerves 14–16 pairs, straight to the ends of serrate margins, scalariform veins hardly distinct. Petiole 0.8–1.5 cm, pubescent, glabrescent. Male inflorescence simple, tufted, pendulous catkins, terminal and axillary, 2–7 cm long, tomentose; bracts and bracteoles ovate, acute, 2–3 by 0.5–1 mm, pubescent outside. Male floweralways free, in 1–3-flowered cluster; perianth broadly campanulate, 4–5–(6)-lobed, ca 2 mm long, lobes united by ½ to ⅔, hairy on both sides; stamens 6–8), 2–2.2 mm long, glabrous. Female inflorescence spike, axillary and terminal, erect, 1–2 cm long, tomentose, each spike 2–5-flowered, free, other characters as in male flowers; styles (3)–4, hairy near base, divergent; stigmata elongate, curved. Acorns sessile, ovoid 3–4 by 2.5–3 cm (including cupule), on erect and woody infructescence, 1–2 cm long, usually 1–2 acorns per infructescence. Cupule cup or dish-shaped, enclosing ½ to ⅔ of the nut, rim not dilated; wall comprising pale tawny pubescent scales, set in 6–10 rings or lamellae. Nut 1, ovoid, 2.5–3 by 2 cm; scar basal, ca 1.2 cm in diam.",C. Phengklai,,Forest Herbarium,2021-07-31,Rachun Pooma,ref-THA-0000291701,Forest Herbarium,All rights reserved,"Quercus lineata. Flora of Thailand. Vol. 9. Part 3, 2008. Pg. 381. Accessed 2021-07-31",https://botany.dnp.go.th/eflora/floraspecies.html?tdcode=03960,9,3
wfo-0000799368,general,EN,"As typical variety but leaves with durable soft grey hairs on the lower surface, narrowly lanceolate with strongly serrate margins.",C. Phengklai,,Forest Herbarium,2021-07-31,Rachun Pooma,ref-THA-0000799368,Forest Herbarium,All rights reserved,"Quercus mespilifolia pubescens. Flora of Thailand. Vol. 9. Part 3, 2008. Pg. 385. Accessed 2021-07-31",https://botany.dnp.go.th/eflora/florainfra.html?tdcode=03963,9,3
wfo-0000292104,general,EN,"Tree, 9–30 m high, 40–180 cm girth. Axillary buds globose, ca 2 mm in diam., glabrous. Twigs lenticellate, blackish when dry. Bark dark grey, ca 2 cm thick, scaly; inner bark reddish; sapwood 25–30 cm thick, white. Leaves lanceolate or lanceolate-oblong, usually curved to one side, 6–18 by 2–5 cm; base cuneate, usually oblique; apex cuspidate or caudate; margins serrate in apical third; chartaceous, glabrous, dirty blackish on the upper surface when dry; midrib prominent on the lower surface; subdepressed on the upper; lateral nerves fine, curved, ending at the serrate points, scalariform veins hardly distinct. Petiole 1–3 cm, glabrous. Male inflorescence 2–3 simple or tufted, pendulous catkins, axillary and terminal, 5–10 cm long, pubescent, bracts and bractetoles ovate, acute, ca 2 by 1 mm, pubescent outside. Male flowers solitary or in 1–3–4-flowered cluster, perianth broadly campanulate, 6-lobed, 2 mm long, lobes narrowly triangular, divided halfway to the base, glabrous; stamens 6, ca 2 mm long, hairy near base. Female inflorescence spike erect, axillary to leaves and upper leaf scars, 1–2 cm long, pubescent then glabrescent, each spike in 3–5-flowered cluster, free, other characters as in male flowers; styles 3, connate; stigmata capitate. Acorns sessile, obovoid or ovoid, 1–1.5 by 1–1.5 cm (including cupule) on erect infructescence, 2–7 cm long, acorns free, 2–3 per infructescence. Cupule obconical, enclosing half of the nut, rim not dilated; wall comprising greyish hairs or scales, set in 7–9 rings or lamellae. Nut 1, mammilliform to conical, 2–2.5 by 2–2.7 cm, sparsely silky hairs then glabrescent.",C. Phengklai,,Forest Herbarium,2021-07-31,Rachun Pooma,ref-THA-0000292104,Forest Herbarium,All rights reserved,"Quercus myrsinifolia. Flora of Thailand. Vol. 9. Part 3, 2008. Pg. 385. Accessed 2021-07-31",https://botany.dnp.go.th/eflora/floraspecies.html?tdcode=03964,9,3
wfo-0000292253,general,EN,"Tree, 8–30 m high, 70–150 cm girth. Buds ovoid, slightly 4-angular, ca 4 by 3 mm; bracts ovate, acute, ca 10 by 1 mm, ciliate. Twigs tomentose then glabrescent, blackish when dry. Bark blackish-brown, with round lenticels. Stipules linear, to ļ cm long, tomentose. Leaves oblong or lanceolate-oblong, rarely obovate, 8–21 by 2.5–5.5 cm; base cuneate or obtuse; apex acuminate or cuspidate, rarely obtuse; margins serrate in the upper half; chartaceous or subcoriaceous, glabrous on the upper surface; sparsely tomentose on the lower; midrib and nerves prominent on the lower surface; subdepressed on the upper; lateral nerves 9–13 pairs, rather straight, to tips of serrate margins; reticulation veins hardly distinct. Petiole 1–2.5 cm, pubescent then glabrescent, blackish when dry. Male inflorescence tufted, pendulous catkins, axillary and subterminal, 2–10 cm long, tomentose; bracts and bracteoles ovate, acute, 1–2 by 0.5–1.5 mm, glabrous. Male flowers solitary or in 1–3-flowered cluster. Perianth (5)–6-lobed, lobes free, obovate, cribriform, pubescent outside, ciliate; stamens 10–12), ca 1 mm long, sparsely hairs or glabrous. Female inflorescence spike erect, terminal or axillary, tomentose, each spike with 3–7-flowers, other characters as in male flowers; styles 3–4, connate, hairy near dase; stigmata capitate. Acorns ovoid, 2.5–5 by 2.5–3.5 cm (including cupule), fruit-stalk 0.5–1 cm, erect, usually 1–(2) per infructescence. Cupule cup or dish-shaped, enclosing ½ or more of the nut (enclosed completely, when young), rim not dilated; wall comprising tomentose scales, set in 6–12 rings or lamellae. Nut 1, ovoid or conical, ca 3.5 by 2.5 cm, glossy brown, except around the umbo; scar basal, 1–1.3 cm in diam.",C. Phengklai,,Forest Herbarium,2021-07-31,Rachun Pooma,ref-THA-0000292253,Forest Herbarium,All rights reserved,"Quercus oidocarpa. Flora of Thailand. Vol. 9. Part 3, 2008. Pg. 389. Accessed 2021-07-31",https://botany.dnp.go.th/eflora/floraspecies.html?tdcode=03965,9,3
wfo-0000292292,general,EN,"Tree, 18–25 m high, 120–200 cm girth. Buds rounded, ca 2 mm in diam., tomentose. Twigs pubescent then glabrous, lenticellate, blackish when dry. Stipules lanceolate, ca 10 by 2 mm, sparsely hairy near base, ciliate. Leaves oblong or ovate-oblong, 10–16 by 3–5 cm; base acute, obtuse or more or less oblique; apex acuminate or cuspidate; margins serrate; chartaceous to subcoriaceous, pubescent then glabrous on both surfaces, glossy green on the upper surface; pale on the lower, usually blackish-brown above when dry; midrib and nerves prominent on the lower surface; subdepressed on the upper; lateral nerves 11–15 pairs, straight to tips of serrate margins, scalariform veins conspicuous on the lower surface. Petiole 1.5–2.2 cm, glabrous, dark brown when dry. Male inflorescence 2–3 tufted, pendulous catkins, 5–15 cm long, axillary or in upper leaf-scars, pubescent; bracts and bracteoles lanceolate, 3–5 by 1–2 mm, pubescent outside. Male flowers solitary or in 1–3-flowered cluster, perianth campanulate, 6-lobed, 1–1.5 mm long, lobes oblong, divided to or nearly to the base, glabrous; stamens 6, ca 2 mm long, glabrous. Female inflorescence spike erect, axillary and terminal, 2–4 cm long, sparsely tomentose, each spike 8–15-flowered, flowers free or in clusters of 2–3, other characters as in male flowers; styles 3, divergent, hairy near base; stigmata elongate, spathulate. Acorns sessile, ovoid, 2–3 by 1.5–3.5 cm (including cupule), on erect and woody infructescence, 2–4 cm long, acorns free, 1–5 per infructescence. Cupule saucer-shaped, enclosing only the base or up to ⅙ of the nut, rim not dilated; wall comprising greenish hairs or scales, set in 5–7 rings or lamellae. Nut 1, conical, 2–2.5 by 2–2.3 cm, glossy brown.",C. Phengklai,,Forest Herbarium,2021-07-31,Rachun Pooma,ref-THA-0000292292,Forest Herbarium,All rights reserved,"Quercus oxyodon. Flora of Thailand. Vol. 9. Part 3, 2008. Pg. 391. Accessed 2021-07-31",https://botany.dnp.go.th/eflora/floraspecies.html?tdcode=03966,9,3
wfo-0000292571,general,EN,"Tree, 7–20 m high, 60–100 cm girth. Terminal buds ovoid, ca 3 by 2 mm, pubescent then glabrescent. Leaves obovate, ovate, elliptic or ovate-oblong, 7–22 by 3–10 cm; base slightly cuneate to obtuse, oblique; apex obtuse or broadly acute; margins slightly serrate at apical one third, sometimes undulate; coriaceous, rigid, brittle when dry, sparsely pubescent or glaucous on the upper surface; densely yellow tomentose on the lower; midrib and nerves prominent on the lower surface; depressed on the upper; lateral nerves 9–12 pairs, straight then forking or anastomosing near margins, scalariform veins distinct on the lower surface; subdepressed on the upper. Petiole 1–2.5 cm, with sparse, blackish hairs. Male inflorescence 2–3 simple, tufted or few branched, pendulous catkins, axillary to leaves or upper leaf-scars, 5–10 cm long, tomentose; bracts and bracteoles, triangular, ca 2 by 1 mm, pubescent outside. Male flowers solitary or in 1–3–5-flowered cluster, perianth broadly campanulate, 6-lobed, lobes obovate, divided by ca ⅔, pubescent outside and towards apex inside; stamens 6, glabrous. Female inflorescence spike erect, axillary to leaves and upper leaf-scars, 3–5 cm long, tomentose, each spike with 5–10 free flowers, other characters as in male flowers; styles 3, connate; stigmata capitate. Acorns sessile, broadly ovoid, 1–2.5 by 1–2 cm (including cupule), on erect infructescence, 2–5 cm long, acorns free, 4–8 per infructescence. Cupule saucer-shaped, enclosing ⅓ to ½ of the nut, rim not dilated; wall comprising greyish hairs or scales, set in 5–6 rings or lamellae. Nut 1, conical, 2–2.5 by 1.8–2 cm, sometimes broader than long when mature, sparsely silky hairs, then glabrescent.",C. Phengklai,,Forest Herbarium,2021-07-31,Rachun Pooma,ref-THA-0000292571,Forest Herbarium,All rights reserved,"Quercus poilanei. Flora of Thailand. Vol. 9. Part 3, 2008. Pg. 393. Accessed 2021-07-31",https://botany.dnp.go.th/eflora/floraspecies.html?tdcode=03967,9,3
wfo-0000292753,general,EN,"Tree, 10–40 m high, 100–200 cm girth. Twigs sparsely tomentose then glabrescent. Bark brown to blackish, lenticellate. Stipules linear, ca 0.5 cm long, tomentose on both surfaces. Leaves lanceolate or elliptic-lanceolate, 6–16 by 2–4 cm, always whorled at ends of twigs; base cuneate; apex acuminate to caudate; margins usually serrate in upper half or entire; subcoriaceous to chartaceous, glabrous except sparsely pubescent along midrib on the lower surface, dull green on the upper; pale on the lower surface; midrib and nerves fine, distinct on the lower surface; conspicuous on the upper; lateral nerves 10–14 pairs, scalariform veins hardly distinct. Petiole 0.5–1.5 cm, reddish tomentose near base. Male inflorescence a catkin, simple, tufted, pendulous, terminal or axillary to leaves or upper leaf-scars, 3–5 cm long, tomentose; bracts and bracteoles triangular to ovate, acute, ca 2 by 1 mm, pubescent outside, ciliate. Male flowers free or in 1–3-flowered cluster; perianth campanulate, 6-lobed, 1–1.5 mm long, lobes united by ⅓ to ½, tomentose on both sides; stamens 6, 2–2.5 cm long, hairy near base. Female inflorescence spike erect, terminal and axillary, 2–3 cm long, tomentose, each spike with 3–5 free flowers, other characters as in male flowers; styles 3–5, divergent, hairy; stigmata dilated. Acorns sessile, ovoid or ellipsoid, 2–3.5 by 1.4–1.7 cm (including cupule), on erect infructescence 2–5 cm long, usually 2 per infructescence. Cupule cup or dish-shaped, enclosing to ⅓ of the nut, rim not dilated; wall comprising tomentose scales, set in 7–9 rings or lamellae. Nut 1, ovoid or conical, 1.5–2.5 by 1–1.5 cm; scar basal , ca 0.6 cm in diam.",C. Phengklai,,Forest Herbarium,2021-07-31,Rachun Pooma,ref-THA-0000292753,Forest Herbarium,All rights reserved,"Quercus quangtriensis. Flora of Thailand. Vol. 9. Part 3, 2008. Pg. 393. Accessed 2021-07-31",https://botany.dnp.go.th/eflora/floraspecies.html?tdcode=03968,9,3
wfo-0000292767,general,EN,"Tree, 4–25 m high, 60–160 cm girth. Twigs reddish-brown hairy, then glabrescent. Bark greyish; inner bark reddish-brown or brown, 1–4 cm thick. Stipules linear, 4–6 by 0.2 mm, densely tomentose. Leaves obovate, oblong or elliptic, 5–18 by 2–6 cm, usually whorled at ends of twigs; base cuneate; apex acute or obtuse, shortly mucronate, rarely acuminate; margins serrate in the upper half or entire; coriaceous or subcoriaceous, densely tomentose then glabrescent on the upper surface; glaucous on the lower; midrib and nerves prominent and sparsely pubescent on the lower surface; subdepressed on the upper; lateral nerves 8–12 pairs, curved but not anastomosing, scalariform veins hardly distinct. Petiole 1.5–2.5 cm, tomentose then glabrescent. Male inflorescence a catkin, simple or in a tuft of 2–3, pendulous, axillary to leaves or upper leaf scars, or terminal, 1–7 cm long, tomentose; bracts and bracteoles narrowly lanceolate, ca 2 by 0.5 mm, pubescent outside. Male flowers free. Perianth 6–8) lobed, campanulate, lobes obovate, ca 2 by 1 mm, divided to or near the base, but linked by cilia; stamens 8, ca 1 mm long, glabrous. Female inflorescence spike erect, axillary, 1–2.5 cm long, tomentose. Female flowers simple, other characters as in male flowers, styles (4)–5 divergent, pubescent; stigmata capitate, decurved. Acorns ovoid, 2.5–3 by 2.5–4 cm (including cupule), fruit-stalk ca 0.5 cm long, on erect infructescence 2–3 cm long, each infructescence usually with one acorn. Cupule cup or dish-shaped, enclosing half of the nut (ca ⅔ when young), rim always dilated when mature; wall comprising silky scales, set in 8–12 rings or lamellae. Nut 1, ovoid, 2–3 by 1.8–3 cm, indumentum rusty then glabrous except around the umbo.",C. Phengklai,,Forest Herbarium,2021-07-31,Rachun Pooma,ref-THA-0000292767,Forest Herbarium,All rights reserved,"Quercus ramsbottomii. Flora of Thailand. Vol. 9. Part 3, 2008. Pg. 395. Accessed 2021-07-31",https://botany.dnp.go.th/eflora/floraspecies.html?tdcode=03969,9,3
wfo-0000292829,general,EN,"Tree, 15–35 m high, 100–300 cm girth, usually with buttresses to 5 m high. Budsovoid, ca 5 by 3 mm; bracts ovate, acute, hairy outside. Twigs tomentose then glabrescent, lenticellate. Bark dark brown, slightly fissured; inner bark orange or reddish with brown stripes. Stipules linear, tomentose outside, ciliate. Leaves obovate, oblong or broadly elliptic, 9–30 by 4–10.5 cm, usually in whorls of 3–4 leaves at ends of twigs; base cuneate, rarely obtuse; apex acuminate, acute to shortly cuspidate; margins serrate in apical half to one third, sometimes entire; chartaceous to subcoriaceous, glabrous and glossy green on the upper surface; pubescent then glabrescent except midrib on the lower; midrib and nerves prominent on the lower surface; subdepressed on the upper; lateral nerves 12–16 pair, arched but not anastomosing, ending at tips of marginal serrations, scalariform veins fine, distinct on the lower surface. Petiole 1–3 cm, pubescent then glabrescent. Male inflorescence a catkin, simple, or in a tuft of 2–3, pendulous, 5–15 cm long, axillary to leaves or upper leaf-scars, tomentose; bracts and bracteoles narrowly lanceolate, ca 3 by 1 mm, tomentose outside, ciliate. Male flowers solitary or in 1–3–5-flowered cluster; perianth broadly campanulate, 3–4 mm long, lobes 6, divided by ca ⅔, pubescent outside; stamens 6–(10–12), 6–8 mm long, pubescent at anthers and base of filaments. Female inflorescence spike erect, axillary, 1–2 cm long, tomentose, each spike with 2–3 free flowers, other characters as in male flowers; styles (3) 4–5, divergent; stigmata capitate. Acorns sessile, ovoid and strongly depressed at both ends, 1.5–2.5 by 3–4 cm (including cupule), on stout infructescence, 1-2 cm long, acorns free, usually one per infructescence. Cupule saucer shaped, enclosing ⅔ to ⅘ of the nut, rim not dilated; wall comprising tomentose or rusty scales, the irregular apex of scales reflexed not fused with wall of cupule, set in 5–7 rings or lamellae. Nut 1, broadly ovoid to more or less flattened, 1.5–2 by 3–3.5 cm, apex slightly convex.",C. Phengklai,,Forest Herbarium,2021-07-31,Rachun Pooma,ref-THA-0000292829,Forest Herbarium,All rights reserved,"Quercus rex. Flora of Thailand. Vol. 9. Part 3, 2008. Pg. 397. Accessed 2021-07-31",https://botany.dnp.go.th/eflora/floraspecies.html?tdcode=03970,9,3
wfo-0000293080,general,EN,"Tree, to 12 m high. Budsovoid, ca 2 by 1.5 mm, glabrous. Twigs glabrous, blackish when dry. Bark blackish with grey patches at intervals, longitudinally furrowed; sapwood yellowish-white. Leaves oblong-lanceolate, 8–19 by 3–5 cm; base obtuse or cuneate, minutely oblique; apex caudate or acuminate; margins serrate on apical one third; chartaceous, glabrous, glossy green on the upper surface; pale on the lower; midrib and nerves prominent on the lower surface; subdepressed on the upper; lateral nerves 7–11 pairs, arched but not anastomosing, scalariform veins hardly distinct. Petiole 1.5–2 cm, glabrous, blackish when dry. Male and female inflorescences not seen. Acorns obconical or ovoid, 2–2.5 by 1.5–2 cm (including cupule), on erect and woody infructescence, 3–10 cm long, acorns single and in clusters of 3–4 at intervals, 3–10 in total per infructescence. Cupule obconical, enclosing ½ of the nut (enclosed completely, except the umbo when young), rim not dilated; wall comprising grey scales, set in 5–7 rings or lamellae. Nut 1, conical or ovoid, 1.5–1.8 by 1.2–1.4 cm, glossy reddish-brown, except around umbo; scar basal, ca 1 cm in diam.",C. Phengklai,,Forest Herbarium,2021-07-31,Rachun Pooma,ref-THA-0000293080,Forest Herbarium,All rights reserved,"Quercus saravanensis. Flora of Thailand. Vol. 9. Part 3, 2008. Pg. 399. Accessed 2021-07-31",https://botany.dnp.go.th/eflora/floraspecies.html?tdcode=03971,9,3
wfo-0000293136,general,EN,"Tree, 4–8 m high, 30–50 cm girth. Terminal buds ovoid, ca 3 by 2 mm; bracts linear, 3–5 mm long, pubescent outside. Twigs tomentose then glabrescent. Stipules linear, ca 1 cm long, glabrous, not early caducous. Leaves ovate-elliptic, 3–7.5 by 2.2–4.5 cm; base broadly obtuse or cordate; apex obtuse or broadly acute; margins entire; coriaceous, glabrous except along midrib on the upper surface; pubescent then glabrescent on the lower; midrib and nerves raised on the lower surface; depressed on the upper; lateral nerves 8–12 pairs, anastomosing near margins; reticulate veins inconspicuous on the lower surface. Petiole 2–4 mm, pubescent then glabrescent. Male inflorescence a catkin, usually tufted, pendulous, axillary, upper leaf scars, or terminal, 5–10 cm long, tomentose; bracts and bracteoles triangular or ovate, pubescent outside, ciliate. Male flowers free or in 1–3-flowered cluster; perianth 4–6-lobed, lobes united to half, pubescent outside, ciliate; stamens 4–6–7, 1.5–2 mm long, hairy near base. Female inflorescence spike erect, short, axillary. Female flowers 2–4 in each spike; styles 3, connate; stigmata elongate, decurved. Acorns ovoid or elliptic, 1.5–2 by 2–2.5 cm (including cupule), fruit stalk 3–5 mm long, on erect infructescence 1.5–2 cm long, each infructescence with (1) 2 acorns. Cupule cup or saucer-shaped, enclosing ½ of the nut (more or less obovoid and enclosed completely, except the umbo when young); wall comprising alternate, thin, pubescent scales throughout. Nut 1, globose or ovoid, 1.5–2 by 1.5–1.7 cm, glabrous and more or less wrinkled.",C. Phengklai,,Forest Herbarium,2021-07-31,Rachun Pooma,ref-THA-0000293136,Forest Herbarium,All rights reserved,"Quercus semecarpifolia. Flora of Thailand. Vol. 9. Part 3, 2008. Pg. 399. Accessed 2021-07-31",https://botany.dnp.go.th/eflora/floraspecies.html?tdcode=03972,9,3
wfo-0000293147,general,EN,"Tree, 10–40 m high, 85–200 cm girth. Twig tomentose then glabrescent. Bark brown with grey patches at intervals, smooth, to 2 cm thick; inner bark brown with white stripes at intervals; sapwood brownish-white. Leaves oblong, lanceolate or elliptic-oblong, 8–13 by 2–4 cm; base cuneate or obtuse; apex acuminate; margins slightly serrate; subcoriaceous or chartaceous, glabrous and dull green on the upper surface; pubescent then glabrescent on the lower except along midrib; midrib and nerves prominent on the lower surface; depressed on the upper; lateral nerves 9–14 pairs, scalariform veins hardly distinct. Petiole 1–2 cm, densely pubescent then glabrescent. Male inflorescence a catkin, simple, tufted, pendulous, axillary to upper leaf scars and terminal, 1.5–8 cm long, tomentose; bracts and bracteoles lanceolate, ca 1 by 0.3 mm, sparsely pubescent outside, ciliate. Male flowers yellow, solitary or in 1-3-flowered cluster; perianth campanulate (4)–6-lobed, 1–1.5 mm long, lobes obovate, divided to the base, tomentose outside, ciliate; stamens (4)–6–(9), 1.5–2 mm long, anthers hairy. Female inflorescence spike erect, terminal or axillary, 1–2 cm long, tomentose, each spike 2–4-flowered, other characters as in male flowers; styles 3–4, divergent; stigmata capitate, decurved. Acorns ovoid, 4–5.5 by 2.5–3.2 cm (including cupule), fruit stalk ca 0.5 cm long, erect, usually 1 acorn per infructescence. Cupule cup or disk-shaped, enclosing ¼ to ⅓ of the nut (enclosed completely, except the umbo when young), rim not dilated; wall comprising silky scales, set in 6–10 rings or lamellae. Nut 1, ovoid or conical, 3–4 by 2–2.4 cm; scar basal, ca 1.1 cm in diam.",C. Phengklai,,Forest Herbarium,2021-07-31,Rachun Pooma,ref-THA-0000293147,Forest Herbarium,All rights reserved,"Quercus semiserrata. Flora of Thailand. Vol. 9. Part 3, 2008. Pg. 401. Accessed 2021-07-31",https://botany.dnp.go.th/eflora/floraspecies.html?tdcode=03973,9,3
wfo-0000293224,general,EN,"Tree, to 10 m high. Twigs glabrous, black when dry. Leaves elliptic, elliptic-oblong or obovate-oblong, 9–15 by 2–5.5 cm, not whorled at ends of twigs; base cuneate or slightly cuneate; apex acuminate; margins entire; coriaceous, glabrous on both surfaces, brownish with dirty green on the upper surface; brown on the lower when dry; midrib prominent on the lower surface; depressed on the upper; lateral nerves 12–14 pairs, anastomosing near margins, fine, distinct on the lower surface, scalariform and reticulate veins hardly distinct. Petiole 1–2 cm long, glabrous, black when dry. Male inflorescence not seen. Female inflorescence (only young acorns seen); styles 3, divergent; stigmata spathulate, decurved. Acorns sessile, globose, depressed at both ends, to 1 by 1 cm (young, including cupule), on erect infructescence 2–3 cm long, usually 2 per infructescence. Cupule cup or dish-shaped, enclosing ½ to ⅔ of the nut, (enclosed completely, except the umbo when young), rim not dilated; wall comprising brown hairy scales, set in 5–7 rings or lamellae. Nut 1, ovoid, ca 5 mm in diam., pubescent then glabrescent.",C. Phengklai,,Forest Herbarium,2021-07-31,Rachun Pooma,ref-THA-0000293224,Forest Herbarium,All rights reserved,"Quercus sessilifolia. Flora of Thailand. Vol. 9. Part 3, 2008. Pg. 403. Accessed 2021-07-31",https://botany.dnp.go.th/eflora/floraspecies.html?tdcode=03974,9,3
wfo-0000293263,general,EN,"Tree, 10–25 m high, 80–100 cm girth. Budsovoid, ca 2 by 1 mm., covered with thin ovate scales, glabrous. Twigs densely tomentose, then glabrous, drooping. Bark blackish-brown, scales defoliating in patches. Stipules linear, 5–7 by 1 mm, sparsely glandular hairs. Leaves oblong, lanceolate-oblong, ovate or obtetragonal, 3.5–10 by 1.5–4 cm; base obliquely cuneate, obtuse or cordate; apex acute, acuminate to cuspidate; margins serrate or setaceous at apical half; subcoriaceous, coppery or reddish-brown when dry, pubescent along midrib and nerves on the lower surface, glossy green on the upper, domatia present; midrib prominent on the lower surface, depressed on the upper; lateral nerves 9–15 pairs, conspicuous on the lower surface, subdepressed on the upper or hardly distinct on either surface. Petiole 4–8 mm long, pubescent then glabrescent. Male inflorescence not seen. Female inflorescence spike, erect, 3–7 cm long, pubescent, glabrescent. Male flowers free, in 3–10-flowered cluster, styles 3, connate; stigmata capitate. Acorns sessile, obconical then conical in maturity, 1–1.5 by 0.7–1 cm (including cupule), on erect and woody infructescence 5–10 cm long. Cupule obconical (sometimes cup-shaped at maturity), enclosing ¼ to ⅔ of the nut; wall comprising alternate, evenly thin, hairy scales. Nut ovoid, ca 1.5 by 0.8 cm, conical at apex; scar basal, ca 0.8 cm in diam.",C. Phengklai,,Forest Herbarium,2021-07-31,Rachun Pooma,ref-THA-0000293263,Forest Herbarium,All rights reserved,"Quercus setulosa. Flora of Thailand. Vol. 9. Part 3, 2008. Pg. 403. Accessed 2021-07-31",https://botany.dnp.go.th/eflora/floraspecies.html?tdcode=03975,9,3
wfo-0000293856,general,EN,"Tree, 10–30 m high, 80–150 cm girth. Terminal buds globose or slightly obovoid; bracts ovate, tomentose outside, ciliate. Twigs tomentose then glabrescent, lenticellate. Bark greyish-brown, reticulately fissured, 2–2.5 cm thick; inner bark purplish. Leaves oblong, elliptic oblong or obovate-oblong, 10–24 by 3.5–9 cm; base obliquely, obtuse to cuneate; apex acute or acuminate; margins minutely serrate in apical one third; coriaceous, hairy on both surfaces, more densely on the lower; midrib and nerves prominent on the lower surface; depressed on the upper; lateral nerves 12–20 pairs, curved near margins, scalariform veins fine, distinct on the lower surface. Petiole 1–2.3 cm, pubescent then glabrescent. Male inflorescence a catkin, simple, or 2–3 in a tuft, pendulous, 5–13 cm long, axillary or terminal, tomentose; bracts and bracteoles narrowly lanceolate, ca 3 by 0.5 mm, tomentose outside, ciliate. Male flowers in 2–5-flowered cluster; perianth broadly campanulate, (5)–6-lobed, 1–1.5 mm long, lobes obovate, divided halfway to base or nearly free, pubescent outside; stamens 10–12), ca 2 mm long, anthers hairy, filaments hairy near base. Female inflorescence spike erect, axillary, 5–10 cm long, tomentose, each spike with many free flowers; other characters as in male flowers; styles 5–6, divergent, tomentose; stigmata capitate. Acorns sessile, ovoid to slightly obovoid, 2–2.5 by 3–3.5 cm (including cupule), strongly depressed at both ends, on woody infructescence, acorns free. Cupule saucer-shaped, enclosing ½ to ¾ of the nut, rim dilated; wall comprising tomentose scales, the truncate apex of scales fused with the wall, set in 6–8 rings or lamellae. Nut 1, broadly ovoid, 1.5–2 by 2.5–3 cm, strongly depressed at both ends, apex slightly convex.",C. Phengklai,,Forest Herbarium,2021-07-31,Rachun Pooma,ref-THA-0000293856,Forest Herbarium,All rights reserved,"Quercus vestita. Flora of Thailand. Vol. 9. Part 3, 2008. Pg. 407. Accessed 2021-07-31",https://botany.dnp.go.th/eflora/floraspecies.html?tdcode=03976,9,3
wfo-0000328176,general,EN,"Tree, 15–30 m high, 100–200 cm girth. Bark brown to dark brown; outer part scaly, inner part with fine long and narrowed ridge, always depressed; sapwood as narrow canals. Interpetiolar stipules narrowly triangular, ca 3 by 1 mm. Leaves elliptic to more or less obovate, 6–12 by 2–5.5 cm; base cuneate; apex acute; subcoriaceous, green and shiny on the upper surface; pale on the lower; midrib prominent on the lower surface, lateral nerves 10–15 pairs, finely ridged on the lower; scalariform veins distinct on the lower surface. Petiole 0.5–1.5 cm long, glabrous, flat at adaxial, petiole and midrib pinkish when dry. Male inflorescences suberect, 3–10 cm long, puberulous throughout. Male flowers sessile, perianth campanulate, 6 lobed, free or minutely connate near base; stamens 6; anthers ovoid, basifixed; rudimentary ovary a cluster of hairs. Female inflorescences catkin erect, perianth as male, adnate to ovary at base; staminodes 6; styles 3, decurved or connate near base; stigmata capitate. Cupule sessile, broadly saucer-shaped, ca 1 cm in diam., with 7 or more irregular lobes, all covered with brown hairs, glabrescent, normally bearing 1–3 nuts. Nut prominently longitudinally triangular ridged, 5–10 by 6 mm (young), densely, brown hairs then glabrous and shiny.",C. Phengklai,,Forest Herbarium,2021-07-31,Rachun Pooma,ref-THA-0000328176,Forest Herbarium,All rights reserved,"Trigonobalanus doichangensis. Flora of Thailand. Vol. 9. Part 3, 2008. Pg. 409. Accessed 2021-07-31",https://botany.dnp.go.th/eflora/floraspecies.html?tdcode=03978,9,3
