"id","description","type","source","language","identifier","bibliographicCitation","url"
"wfo-0000000975","Aufrechter, niedriger, bis 20 cm hoher Strauch. Stengel verzweigt beblättert und abstehend lang borstig. Blätter wechselständig, oblanzeolat, ganzrandig, bis 15 x 2 mm, dicht und abstehend lang borstig, sitzend, einnervig. Köpfchen einzeln an undeutlich abgesetzten Pedunkeln, diese ca. 3 cm lang fast bis oben beblättert und abstehend borstig. Involucrum 3-4-reihig, bis 5 mm im Durchmesser. Hüllblätter Ianzettlich, borstig, einnervig, strohgelb bis grünlich, die äusseren 3 x 0.5 mm, die mittleren 3.5 x 0.8 mm, die inneren 5 x 0.5 mm. Zungenblüten ca. 20, Ligula blau, bis 9 x 1.5 mm. Scheibenblüten zahlreich, Krone gelb bis 3.5 mm lang. Griffelanhängsel dreieckig. Pappusborsten zahlreich, gleichlang, zart, gezähnt, weiss, abfallend, bis 3.5 mm lang. Achänen obovat, 2.5 x 1 mm, braun, glatt, mit schlanken an der Spitze nicht verbreiterten Haaren besetzt.","Morphology","1499DF02-49AF-448D-AF49-5FF28080F65D","German","1499DF02-49AF-448D-AF49-5FF28080F65D","Grau, HRJ. 1973. Revision der gattung Felicia (Asteraceae). Mitt. Bot. Staatssamml. München 9: 195-705. [All rights reserved]",""
"wfo-0000001190","Ein bis 1.60 m grosse, lediglich im Infloreszenzbereich verzweigte, stark verholzte Pflanze. Stengel grau-filzig, gleichmässig dicht beblättert. Blätter eiförmig bis rundlich, 5 x 3 mm bis 43 x 41 mm, derb, fast sitzend bis deutlich gestielt (-7 mm), stets ohne ™hrchen, Rand eng und fein gezähnelt, oberseits verkahlend, unterseits dick grau-filzig behaart. Köpfchen apikal und subapikal an bis 5 cm langen Ästchen. Involucrum trichterig-glockig, 7- bis 8-reihig, 10-15 mm hoch. Hüllschuppen strohig, ± grau-filzig (fädige Gliederhaare) und drüsig (gestielte Kopfdrüsen) behaart, die äussersten eiförmig, 2.9 x 1.6 mm, Rand bewimpert, die inneren und innersten schmal lanzettlich, 9 x 1.2 mm und 8.9 x 0.9 mm, Rand hell bis hyalin, zerschlitzt, Spitzen bräunlich und gefranst. Zungenblüten 17-25, Ligula elliptisch, 7.8 x 2.8 mm bis 11.1 x 3 mm, weiss oder hell- bis dunkel-violett, 3-zähnig, 4- bis 8-nervig, ± drüsig behaart, Staminodien vorhanden. Röhrenblüten 35-68, Krone 7.8-9.1 mm lang, weiss, gelb oder violett, ± drüsig behaart, manchmal zusätzlich mit steifen Haaren besetzt. Pappus bestehend aus 27-40, bis 8 mm langen, barbellaten Borstenhaaren in 2-3 Kreisen, Borsten des äusseren Kreises kürzer und schwächer, zerschlitzt bis gezähnt. Achänen schwach spindelförmig, 3 x 1.3 mm, braun, mit 9-11 Rippen, mit Drüsen- und steifen Zwillingshaaren besetzt.","Morphology","570F125F-CAC5-4C20-AC0D-E25AAF15369F","German","570F125F-CAC5-4C20-AC0D-E25AAF15369F","Kroner, G. 1980. Systematische studien im umkreis von Athrixia Ker-Gawler (Asteraceae). Mitt. Bot. Staatssamml. München 16: 1-268. [https://www.biodiversitylibrary.org/item/52055#page/17/mode/1up] [All rights reserved]","https://www.biodiversitylibrary.org/item/52055#page/17/mode/1up"
"wfo-0000002376","Kräftiges, einjähriges, bis 25 cm hohes, oft reich verzweigtes Kraut. Hauptspross aufrecht, Seitensprosse aufsteigend. Besonders im unteren Teil reich beblättert. Blätter mit Ausnahme der allerersten wechselständig, schmal bis breiter oblanzeolat, 2-10 mm breit, bis 6 cm lang, stumpf, ganzrandig, einnervig, stark borstig, unterschiedlich stark drüsig. Köpfchen gross und kräftig, an bis zu 10 cm langen, praktisch blattlosen Pedunkeln. Involucrum streng zweireihig, bis 10 mm im Durchmesser. Hüllblätter gleichlang (ca. 6 mm), die äusseren lanzettlich, bis 1 mm breit, drüsig und borstig, an der Spitze bewimpert, die inneren schmal obovat, bis 1.5 mm breit trocken hautrandig, verkahlend. Zungenblüten zahlreich, leuchtend blau, Ligula 20 x 2.5 mm, der röhrige Teil zart behaart. Scheibenblüten zahlreich, Krone gelb, 5 mm lang, zart behaart, Griffelanhängsel schmal dreieckig. Pappusborsten zahlreich, 3-5 mm lang, weiss, gezähnt, unterschiedlich kräftig, abfallend. Achänen gross, 3 x 1.5 mm, obovat, gelbbraun bis braun, mit starkem Randwulst. Fläche und Kante des Randwulstes mit dicklichen 0.5-1 mm langen Haaren, Epidermis schuppig.","Morphology","1499DF02-49AF-448D-AF49-5FF28080F65D","German","1499DF02-49AF-448D-AF49-5FF28080F65D","Grau, HRJ. 1973. Revision der gattung Felicia (Asteraceae). Mitt. Bot. Staatssamml. München 9: 195-705. [All rights reserved]",""
"wfo-0000003066","Niedriger, bis 30 cm hoher Strauch mit stark verdicktem Rhizom, ± stark verzweigt, besonders basal oft stark verholzt. Stengel mit nach oben gerichteten, weissen, mehrzelligen Borsten. Blätter immer gegenständig, stengelumfassend bis basal schwach verwachsen, 5 x 2 mm bis (selten) 25 x 7 mm, schmal eiförmig bis lanzettlich, graugrün, starr, mit langen weissen gegliederten nach vorne gerichteten Borstenhaaren, Spitze oft schwach zurückgebogen, Blattrand nach unten mässig eingerollt. Köpfchen einzeln an Seitenzweigen mit langen Pedunkeln (10-20 cm), diese mit einzelnen kleinen Hochblättern, abstehend borstig und zuweilen mit mehrzellig gestielten Drüsen. Involucrum 2-3-reihig, bis 8 mm im Durchmesser. Hüllblätter lanzettlich, 6 x 1 mm bis 7 x 1.5 mm, die äusseren borstig und mit kurzen dunkelköpfigen Drüsen, einnervig, die inneren wenig länger, oben schwach verbreitert, mit trockenhäutigem Rand, vereinzelt borstig und drüsig, Spitze borstig bewimpert. Ca. 20 Zungenblüten, 15 x 2.5 mm, blau. Scheibenblüten zahlreich, bis 6 mm lang, gelb, oft rot überlaufen, basal kurzhaarig, Griffel mit schmal dreieckigem Anhängsel. Pappusborsten zahlreich, gleichlang, bis 7 mm, weiss bis bräunlich gelb, lang gezähnt (barbellat), basal jedoch ungezähnt. Zähne bis 0.2 mm lang. Achänen bis 4.5 x 2 mm, flach, elliptisch, mit wenig ausgeprägtem Randsaum, zerstreut kurzhaarig, schwarz-grün, Epidermis schuppig.","Morphology","1499DF02-49AF-448D-AF49-5FF28080F65D","German","1499DF02-49AF-448D-AF49-5FF28080F65D","Grau, HRJ. 1973. Revision der gattung Felicia (Asteraceae). Mitt. Bot. Staatssamml. München 9: 195-705. [All rights reserved]",""
"wfo-0000005718","Einjähriges, mittelkräftiges, aufrechtes Kraut, bis 25 cm hoch. Nach oben reich regelmässig verzweigt. Stengel abstehend borstig und drüsig. Blätter bis auf selten auftretende Hochblätter gegenständig, lanzettlich, elliptisch bis oblanzeolat oder obovat, bis 3.5 x 0.6-1 cm, ganzrandig oder schwach kurzzähnig, undeutlich gestielt bis sitzend, langhaarig. Köpfchen einzeln an bis zu 8 cm langen Pedunkeln. Involucrum 2-reihig, bis 0.5 cm im Durchmesser. Hüllblätter gleichlang, die äusseren 3.5 x 1 mm, lanzettlich, die inneren 3.5 x 1.5 mm, obovat, trockenhäutig am Rand, alle borstig und drüsig. Ca. 12 Zungenblüten, Ligula 7 x 1.5 mm, blau. Scheibenblüten zahlreicher, die äusseren zwittrig, die inneren männlich, Krone bis 2.5 mm, gelb. Griffelanhängsel breit, dreieckig, elliptisch, die männlichen Blüten ohne Narben. Pappusborsten ca. 10, 1.5-2.5 mm lang, weiss, abstehend borstig, abfallend. Achänen relativ gross, 3 x 3 mm, obovat, gelbbraun bis rotbraun, Fläche sowie Kante des sonst kahlen Randwulstes mit starken, bis 1 mm langen Haaren, Epidermis schuppig. Die sterilen Achänen der innersten Scheibenblüten kahl.","Morphology","1499DF02-49AF-448D-AF49-5FF28080F65D","German","1499DF02-49AF-448D-AF49-5FF28080F65D","Grau, HRJ. 1973. Revision der gattung Felicia (Asteraceae). Mitt. Bot. Staatssamml. München 9: 195-705. [All rights reserved]",""
"wfo-0000004639","Einjähriges, ausgebreitetes Kraut bis flaches Polster, von der Basis an reich sparrig verzweigt, (1-)5-10 cm hoch und (3-)10-25(-35) cm im Durchmesser. Hauptspross am Grunde bis 10 mm stark, aufrecht, nach längstens 2 cm ein Köpfchen tragend, gleich am Boden in 4-8 Seitenäste verzweigt. Seitenzweige niederliegend bis aufsteigend, spreizend verzweigt. Stengel hellbraun bis braunviolett, etwas gefurcht, durch herablaufende Ölbehälter dunkel gestreift, kurze weisse Borstenhaare tragend, basal wenig, oben dicht beblättert. Blätter bis auf die ersten Blattpaare wechselständig, unter den Köpfchen rosettig gehäuft, oblanzeolat, ganzrandig, (8-)10-20(-25) mm lang und (2.0-)2.5-3.5(-4.5) mm breit, dunkelgrün, gelegentlich mit kleinen Ölbehältern durchsetzt, derb, etwas runzelig, rauh, beiderseits weiss gepunktet durch dicke, kurze, weisse, gegliederte Borstenhaare, die weissen, vielzelligen, blasigen Höckern aufsitzen. Köpfchen einzeln, sitzend, von sekundärer Hochblatthülle umgeben. Hochblätter meist mit mehreren grossen, ovalen, rotbraunen Ölbehältern durchsetzt; die äusseren wie normale Laubblätter gestaltet, die inneren kleiner, bis 11 x 3 mm gross, mit laubblattartigem oberen Teil und weisshäutig berandetem, dem Köpfchen dicht anliegendem unteren Teil. Eigentliches Involucrum ca. 3-reihig, (8-)10-12(-13) mm im Durchmesser, durch die Hausäume der Hüllschuppen weiss längsgestreift, halbrund, bei der Reife dicht krugförmig geschlossen. Hüllschuppen linealisch-lanzettlich, dunkelgrün, oft violett überlaufen, mit langen und kurzen Borsten besetzt, alle mit breitem, derbem, weissem Hautrand; die äusseren 6-7 x 1.5 mm, mit kurzer laubblattartiger, auch an der Innenseite borstig behaarter, zurückgebogener Spitze, meist mit mehreren braunen Ölbehältern im oberen Teil; die mittleren 6-7 x 1.2 mm, spitzer, weniger behaart, mit 1-3 grossen Ölbehältern an der Spitze; die inneren 7-8 x 1.2 mm, zarter, zugespitzt, meist nur mit 1 grossen, rotbraunen Ölbehälter an der Spitze. Köpfchenboden wenig gewölbt, bis 4 mm im Durchmesser. Spreuschuppen fehlend. Zungenblüten 14-22(-24); Ligula schmal obovat, (7-)8-12(-13) mm lang und (1.8-)2.2-2.5 mm breit, violett bis blau; Röhre relativ lang, 3.5-4.5 mm, drüsig behaart. Röhrenblüten bis ca. 120; Krone schmal gerade, 6-9 mm lang, gelb, manchmal oben violett überlaufen, im unteren Teil drüsig behaart, mit Ölstriemen entweder an den 3 zur Innenseite des Köpfchens gewandten Einschnitten zwischen den Kronzipfeln oder an allen 5; Griffelanhängsel lang dreieckig (ca. 2:1); Antheren 1.8-2.2 mm lang.  Pappus bestehend aus Borsten und Schuppen; Borsten 5, vor allem oben dicht und lang gezähnt, (4.0-)4.3-4.8(-5.0) mm lang; Schuppen ebensoviele, 0.2-0.3(-0.5) mm lang. Achänen keilig-obovat, 1.5-2.0 x 0.8-1.2 mm, hellgrau mit weisslichem, oben etwas wulstig verdicktem Rand, dunkel gepunktet durch die Ansatzstellen der zahlreichen seidigen Haare. Achänenhaare bis 1.0 mm lang, schmal, gerade, kurz zweispitzig. Achänen der Zungen- und Röhrenblüten gleich dicht behaart.","Morphology","269E3D99-16F7-487E-A5E5-701C622F96D4","German","269E3D99-16F7-487E-A5E5-701C622F96D4","Rommel, A. 1977. Die Gattung Amellus L. (Asteraceae-astereae). Systematischer Teil. Mitt. Bot. Staatssamml. München 13: 579-728. [All rights reserved]",""
"wfo-0000007933","Höhe: bis 55 cm. Hauptspross: stark verholzt, 6-9 mm im Durchmesser Verzweigung: bereits an der Basis ± reichlich verzweigt, Seitenzweige aufsteigend, in grösserem Abstand stehend. Stengel: kahl, basal stark verholzt, grau (-rot) braun, Rinde aus dunkleren und helleren Bereichen bestehend, jüngere Stengel hellbraun oder hellgrün (Farbe der Blätter), z.T. rötlich überlaufen und gleichmässig locker beblättert, unterer Teil des Stengels entblättert und durch hellere Blattansatzstellen gemustert, gesamter Stengel meist ± dicht von kleinen kugeligen Drüsen besetzt, Drüsigkeit variiert zwischen den einzelnen Exemplaren. Blätter: schräg nach oben gerichtet, zum Teil dem Stengel anliegend, hellgrün-hellolivgrün, breit linealisch-oblong-leicht spatulat, obtusat (stumpf), bisweilen auch, besonders im oberen Stengelbereich spitz zulaufend, flach, bisweilen sehr dünnhäutig, ± locker feindrüsig, manche dichtdrüsig (3-)5-17 mm lang und (0.5-)0.7-2.2 mm breit, kahl, Blattoberfläche glatt oder Blätter bei den einzelnen Pflanzen entweder durchgehend kurz (7-10 mm) oder die unteren Blätter länger und die oberen sich bis 4 mm verkürzend, Mittelrippe unterseits deutlich als feiner heller Strich zu erkennen, Mittelrippe nicht erhaben, im apikalen Teil des Blattes eingesenkt, auf der Blattoberseite als schmale Rinne abgesetzt, unregelmässig gefurcht. Blattansatz: etwas erhaben, andersfarbig als das Blatt. Köpfchen: einzeln oder meist zu dreien an den Enden der seitlichen Verzweigungen angeordnet. Köpfchenstiele: 0.3-1.8 cm, beblättert oder mit 1-2 Hochblättern kahl, ± locker drüsig. Involucrum: Durchmesser ca. 7-9 mm. Hüllschuppen: 4-reihig, hellgrün, sich mit zunehmender Reife gelb- bzw. hellbraun verfärbend, Mittelnerv meist als dunklere oder hellere Linie sichtbar, Spitzen oder gesamte Schuppe bisweilen rötlich-violett überlaufen, kahl, ± locker mit verhältnismässig grossen, kugeligen Drüsen besetzt, von aussen nach innen linealisch, lanzettlich bis linealisch-oblanzeolat, spitz zulaufend, mit schmalem häutigen, kaum gefranstem Rand, 1.9-4.0 mm lang und 0.2-0.8 mm breit (die äussersten 1.9-2.4 mm x 0.2-0.8 mm, die innersten 3.2-4.0 x 0.5-0.7 mm), der häutige Rand kann bei den äusseren Hüllschuppen bisweilen fehlen. Röhrenblüten: 120-140, hell gelb, Kronzipfel oft karminrot überlaufen, Krone 2.5-3.7 mm lang, unterhalb der Mitte locker drüsig, Kronzipfel 0.5-0.6 mm lang und 0.4 mm breit, an den Einschnitten zwischen den Kronzipfeln winzige Ölbehälter, die oft auch völlig fehlen. Griffelschenkel: schmal, 1.1-1.2 mm lang, Griffelanhängsel 0.3 mm lang, dreieckig (ca. 1:1). Innenpappus: 16-22 kurz gezähnte, 1.8-3.1 mm lange Borsten. Aussenpappus: ca. 18-24, im typischen Fall unter 0.1 mm lange, winzige, verwachsene, stumpfe Schüppchen; Aussenpappus daher auf einen Ring reduziert. Achänen: schmal obovat-keilig, abgeflacht, mit schmalem randlichem Wulst, hellbraun, 1.8-1.9 mm lang und 0.8-1.0 mm breit, Ölkörper braun oft winzig, am inneren Rand der Achänenschultern, teilweise am seitlichen Achänenrand herabgezogen, bei jungen Achänen oft noch farblos und daher schwer zu erkennen, bisweilen auch nur einseitig ausgebildet, Achäne locker, kurz, mit dicklichen Haaren behaart.","Morphology","BFA1B0C8-1825-42E1-A7BD-2162493EEF6C","German","BFA1B0C8-1825-42E1-A7BD-2162493EEF6C","Bayer, E. 1981. Revision der Gattung Chrysocoma L. (Asteraceae - Astereae). Mitt. Bot. Staatssamml. München 17: 259-392. [All rights reserved]",""
"wfo-0000006827","10 bis 60 cm hoher, aufrechter, meist reich verzweigter Strauch. Spross oft in gestreckten Langtrieben endend, mit rotbrauner Rinde, borstig behaart, an den älteren Teilen verkahlend. Blätter wechselständig, linealisch bis lanzettlich, basal etwas verbreitert, 3 x 0.5 mm bis 12 x 1.5 mm, dicklich, einnervig, weiss borstig, die jüngeren auch drüsig, graugrün. Köpfchen einzeln an deutlich abgesetzten bis 7 cm langen, besonders unterhalb der Köpfchen reich drüsigen Pedunkeln. Involucrum 3-4-reihig, bis 5 mm im Durchmesser. Hüllblätter lanzettlich bis schmal obovat, bis auf wenige äussere und kürzere (2.5 x 0.5 mm) fast gleich gross (4.5 x 1 mm), besonders die äusseren borstig und mit dunkelen Drüsen besetzt, die inneren verkahlend und hautrandig, alle mehr oder weniger deutlich harzrippig und oft rot überlaufen. Zungenblüten ca. 30, Ligula blau violett, 8 x 1.5 mm. Scheibenblüten zahlreich, Krone gelb, bis 4 mm lang, Griffelanhängsel dreieckig. Pappusborsten zahlreich, zart, gleichlang, weiss, gezähnt, oben in eine zarte Spitze zulaufend, abfallend, bis 3 mm lang. Achänen obovat, 2 x 1.25 mm, bräunlich, ohne deutlichen Rand, mit mittellangen, nach vorne schwach verbreiterten, zweispitzigen Haaren.","Morphology","1499DF02-49AF-448D-AF49-5FF28080F65D","German","1499DF02-49AF-448D-AF49-5FF28080F65D","Grau, HRJ. 1973. Revision der gattung Felicia (Asteraceae). Mitt. Bot. Staatssamml. München 9: 195-705. [All rights reserved]",""
"wfo-0000006928","Niedriger, verzweigter, bis 40 cm hoher Strauch. Stengel braun, mit endständigen Langtrieben und seitenständigen Kurztrieben, kahl bis auf wollige Behaarung der Blattachseln. Blätter wechselständig, locker stehend, sehr unterschiedlich gestaltet, breit linealisch, schwach sukkulent, bis 12 x 2 mm, mit aufgesetzter Spitze, selten mit 1-3 stumpfen Zähnen, die obersten mit einzelnen gestielten Drüsen; im Nordwesten des Areals Blätter breit bis schmal lanzettlich, bis 20 x 1 mm, niemals gezähnt. Alle Blätter an der Basis mit knieförmig abstehendem Mittelnerv, dieser am Stengel herablaufend. Köpfchen einzeln an den Langtrieben, Pedunkeln undeutlich, nur oben blattfrei und kurz drüsig, gerieft. Involucrum ca. 4-reihig, bis 1.2 cm im Durchmesser. Hüllblätter dachig, 3 x 1 mm (aussen) bis 8 x 2 mm (innen), lanzettlich bis oblanzeolat, mit trockenhäutigem, schwach gefransten Rand, mit dickem Mittelnerv und dunkel pigmentierter Spitze. Zungenblüten ca. 8; Ligulae 25 x 2.5 mm, violett. Scheibenblüten zahlreich, gelb, Krone 7 mm lang; Griffelanhängsel schmal dreieckig. Pappusborsten zahlreich, undeutlich verschieden lang (9 und 5 mm), persistent, gelblich weiss, gezähnt. Achänen 5 x 2 mm, obovat, Epidermis mit kleinen Schuppen, sehr lang dicht seidig behaart, rotbraun, Randwulst schwach ausgebildet.","Morphology","1499DF02-49AF-448D-AF49-5FF28080F65D","German","1499DF02-49AF-448D-AF49-5FF28080F65D","Grau, HRJ. 1973. Revision der gattung Felicia (Asteraceae). Mitt. Bot. Staatssamml. München 9: 195-705. [All rights reserved]",""
"wfo-0000008890","Verholzter, stark verzweigter, niedriger, bis 30 cm hoher Strauch. Ältere Zweige schwarzbraun faserig, jüngere gelbbraun, verkahlend, dicht beblättert. Blätter wechselständig, bis 12 x 2 mm, ganzrandig bis schwach knorpelig gezähnt, stumpflich, sitzend, einnervig, dicklich, auf der Fläche kahl. Köpfchen einzeln, undeutlich gestielt. Pedunkeln bis 5 cm lang, mit nach oben kleiner werdenden Blättern, locker borstig bis kahl. Involucrum 4-5-reihig, bis 5 mm im Durchmesser. Hüllblätter verkahlend, mit wimperigem Rand, einnervig, gelblich braun, bisweilen rötlich überlaufen, die äusseren 4 x 1 mm, die mittleren 5-6 x 1 mm, die inneren 7 x 1 mm. Zungenblüten ca. 12, Ligula 8 x 2 mm, blau, mit behaarter Röhre. Scheibenblüten zahlreich, gelb, bis 4 mm lang. Griffelanhängsel dreieckig, bis 0.2 mm. Pappusborsten ca. 30, gleichlang, 3 mm, kräftig, gelblich weiss, deutlich und dicht gezähnt bis schwach barbellat, persistent. Achänen gross, elliptisch, 4.5 x 1.5 mm, dunkel rotbraun, glatt, mit deutlichem Randwulst, locker kurzhaarig.","Morphology","1499DF02-49AF-448D-AF49-5FF28080F65D","German","1499DF02-49AF-448D-AF49-5FF28080F65D","Grau, HRJ. 1973. Revision der gattung Felicia (Asteraceae). Mitt. Bot. Staatssamml. München 9: 195-705. [All rights reserved]",""
"wfo-0000007262","Niedriger, bis 40 cm hoher, rutiger, wenig sparrig verzweigter Strauch. Stengel unten weitgehend kahl, dicht mit bogig nach oben gerichtet anliegenden Blättern bedeckt. Blätter linealisch-lanzettlich 16-18 mm x 1-1.5 mm, rinnig, bis auf den nach oben eingerollten borstig gezähnelten Rand kahl. Köpfchen einzeln endständig, an kurzen bis 1 cm langen, mit dünnen weissen Borsten besetzten Pedunkeln. Involucrum 3-4-reihig, bis 13 mm im Durchmesser. Hüllblätter verschieden lang, lanzettlich, 8 x 1.5 mm bis 10 x 1.5 mm, randlich borstig, mit Sekretbehältern. Ca. 20 Zungenblüten, Ligula 10 x 2 mm, blauviolett, mit im oberen Teil behaartem, röhrigen Abschnitt. Scheibenblüten zahlreich, Krone bis 4 mm lang, gelb, in der Mitte behaart. Griffelanhängsel schmal-dreieckig. Pappusborsten zahlreich, 4 mm lang, kurzgezähnt, vorne etwas verbreitert, gelblichweiss, ± abfallend. Achänen obovat, bis 3.2 x 1.2 mm, mit schwachem Randsaum, gelblich bis rötlich; die der Zungenblüten kahl, die der Scheibenblüten kurzhaarig.","Morphology","1499DF02-49AF-448D-AF49-5FF28080F65D","German","1499DF02-49AF-448D-AF49-5FF28080F65D","Grau, HRJ. 1973. Revision der gattung Felicia (Asteraceae). Mitt. Bot. Staatssamml. München 9: 195-705. [All rights reserved]",""
"wfo-0000010125","Einjährige bis ausdauernde, ca. 30 cm hohe, basal meist sehr stark verzweigte und oft auch verholzte Pflanze. Blätter wechselständig, oblanzeolat (3.5 x 0.6 cm) bis linealisch (1.2 x 0.08 cm), dicht nach oben gerichtet borstig (Borsten breitbasig), bisweilen auch drüsig, flach bis dicklich, stumpflich, einnervig, mit breiter Basis sitzend. Köpfchen einzeln an bis zu 8 cm langen, bis auf schuppige Hochblätter blattfreie, nach oben verkahlenden, unten borstig und oft auch drüsig behaarten Pedunkeln. Involucrum 3-reihig, bis 5 mm im Durchmesser. Hüllschuppen lanzettlich, die äusseren 3 x 0.5 mm drüsig-borstig, die mittleren 5.5 x 1 mm verkahlend, die innersten 5.5 x 0.5 mm, kahl. Zungenblüten zahlreich, Ligula 7 x 1.2 mm, gelb. Scheibenblüten zahlreich, Krone 4 mm lang, Narbenanhängsel dreieckig. Pappusborsten zahlreich, 4 mm lang, weiss, basal stärker, oben undeutlich gezähnt, abfallend. Achänen obovat, 2 x 1 mm, schwarz mit hellem Randsaum, zerstreut behaart.","Morphology","1499DF02-49AF-448D-AF49-5FF28080F65D","German","1499DF02-49AF-448D-AF49-5FF28080F65D","Grau, HRJ. 1973. Revision der gattung Felicia (Asteraceae). Mitt. Bot. Staatssamml. München 9: 195-705. [All rights reserved]",""
"wfo-0000009660","Zierlicher, bis 40 cm hoher (höherer?) Strauch. Sehr gleichmässig in aufsteigende Seitenzweige verzweigt. Rinde grau-rotbraun, in den unteren Teilen verkahlend [as vekahlend], nach oben hin kurzhaarig und zunehmend kurzdrüsig. Blätter bis auf vereinzelt auftretende kleine Hochblätter streng gegenständig, elliptisch bis eiförmig, bis 40 x 15 mm, am Rand gezähnelt bis ganzrandig, dreinervig, sitzend bis undeutlich gestielt, nach oben gerichtet anliegend behaart, drüsig, an der Basis lang abstehend bewimpert. Köpfchen einzeln an bis zu 15 (18) cm langen, im unteren Teil mit vereinzelten Hochblättern besetzten Pedunkeln. Involucrum dreireihig, bis ca. 1 cm im Durchmesser. Hüllblätter lanzettlich, die äusseren kürzer, bis 5 x 1 mm, die inneren länger, bis 7 x 1 mm, locker borstenhaarig und drüsig, am Rand schmal trockenhäutig und wimprig gezähnt. Ca. 20 Zungenblüten, Ligula blauviolett bis 16 x 3.2 mm, mit behaartem röhrigen Teil. Scheibenblüten zahlreich, Krone bis 5 mm lang, gelb, mit behaartem Tubus. Pappusborsten gleichlang, bis 5 mm, weiss, kurz gezähnt, relativ leicht abfallend. Achänen schmal elliptisch, bis 3 x 1.2 mm, braun, mit Randwulst, gleichmässig kurz keulig behaart.","Morphology","1499DF02-49AF-448D-AF49-5FF28080F65D","German","1499DF02-49AF-448D-AF49-5FF28080F65D","Grau, HRJ. 1973. Revision der gattung Felicia (Asteraceae). Mitt. Bot. Staatssamml. München 9: 195-705. [All rights reserved]",""
"wfo-0000015266","Ausdauerndes, bis 40 cm hohes, aufsteigendes bis aufrechtes, oft erst im Bereich der Infloreszenz verzweigtes Kraut. Spross kahl bis borstig. Blätter wechselständig, basal gehäuft, sehr unterschiedlich in ihrer Gestalt, sitzend, 1-3 nervig, auf der Fläche schwach borstig bis verkahlend, Rand knorpelig und borstig bewimpert. Die untersten Blätter schwach umgekehrt eiförmig bis oblanzeolat, 1.6 x 0.5 cm, die mittleren lanzettlich, 2.5 x 0.5 cm, die oberen linealisch 2.5 x 0.2 cm oder kürzer. Köpfchen klein, gehäuft, an undeutlich abgesetzten, ca. nur 2 cm blattfreien, nach oben zunehmend borstigen und drüsigen Pedunkeln. Involucrum ca. 3-reihig, 3 mm im Durchmesser. Hüllschuppen schwach borstig, mit Harzrippe, die äusseren breit lanzettlich, 2 x 0.5 mm, die mittleren oblanzeolat und hautrandig, 3 x 1 mm, die inneren schmal oblanzeolat, 3 x 0.7 mm. Zungenblüten ca. 20, Ligula 5 x 1 mm, blau. Scheibenblüten zahlreich, Krone 2 bis 2.5 mm, gelb, Griffelanhängsel dreieckig. Pappusborsten zahlreich, 2 mm lang, weiss, basal stärker abstehend nach oben kürzer gezähnt, abfallend. Achänen 1.5 x 0.7 mm, schwach obovat, flach, gelbbraun mit hellem Saum, locker mit am Ende etwas verbreiterten Haaren.","Morphology","1499DF02-49AF-448D-AF49-5FF28080F65D","German","1499DF02-49AF-448D-AF49-5FF28080F65D","Grau, HRJ. 1973. Revision der gattung Felicia (Asteraceae). Mitt. Bot. Staatssamml. München 9: 195-705. [All rights reserved]",""
"wfo-0000014035","Aufrechter stark verzweigter Strauch. Blätter wechselständig, relativ dicht, lanzettlich, ganzrandig, undeutlich kurz gestielt, bis 30 x 5 mm, mit nach unten umgerolltem kurz borstigem Rand, auf der Mittelrippe kurz drüsig, sonst kahl. Köpfchen zahlreich (über 20) in corymbos gehäufter Rispe, an bis zu 2 cm langen, locker schuppig beblätterten, kurz borstigen Pedunkeln. Involucrum 3- bis 4 -reihig, Köpfchenboden grubig-schuppig. Hüllblätter 1.5 x 0.6 mm (die äusseren) bis 3 x 1.3 mm (die inneren) gross, kahl oder vereinzelt sehr kurzborstig, grünbraun, am Rand kurz gefranst. Zungenblüten ca. 12, Ligula blau, bis 7 x 1.5 mm. Scheibenblüten zahlreich, Krone gelb, bis 3 mm lang, Griffelanhängsel kurz, ± gestutzt, mit wenigen Fegehaaren. Pappusborsten gleichlang, abfallend, kurz gezähnt, gelblich weiss, bis 3 mm lang. Achänen obovat, 2 x 0.9 mm, gelbbraun, glatt, kahl, flach. Die eine Flanke einrippig, die andere mit zwei dicht nebeneinanderliegenden Rippen.","Morphology","C80D01C1-E563-42F9-BB9C-573A75D41DC7","German","C80D01C1-E563-42F9-BB9C-573A75D41DC7","Grau, HRJ. 1976. Eine Neue Art der Gattung Microglossa DC. Mitt. Bot. Staatssamml. München 12: 399-402. [All rights reserved]",""
"wfo-0000015713","Höhe: 20-60 cm. Hauptspross: aufrecht, verholzt, an der Basis ca. 3 mm im Durchmesser. Verzweigung: bis in den obersten Bereich locker verzweigt, Seitenzweige aufsteigend. Stengel: kahl, ältere, stärker verholzte Abschnitte hellbraun bis graubraun, entblättert, jüngere Teile olivgrün, locker feindrüsig und locker beblättert. Blätter: ± waagrecht abstehend, zum Teil zurückgeschlagen, olivgrün, 2-7 mm lang und 1-3 mm breit, (schmal) eiförmig, bisweilen spitz zulaufend, dicklich, feindrüsig, kahl, bisweilen in eine sehr kurze Borste mit vergrösserter Basalzelle endigend. Blattansatz: Blattbasis nicht erhaben. Köpfchenstiel: 0.4-1 cm lang, locker mit etwas kleineren Blättern beblättert, ± locker drüsig, kahl, oft 1-2 den Hüllschuppen ähnliche Hochblätter in der Nähe der Köpfchenbasis. Köpfchen: an den Enden der seitlichen Verzweigungen meist 2-3 Köpfchen ausgebildet. Involucrum: bis 7 mm im Durchmesser. Hüllschuppen: 4-5 reihig, olivgrün später braun mit hellerem Rand, von aussen nach innen eiförmig, oblanzeolat, lanzettlich, 1.5-4.5 mm lang und 0.7-1.5 mm breit (äusserste Hüllschuppe 1.5-2.1 mm x 1.0 mm, innerste 4.2-4.5 x 1.2 mm), mit häutigem, kaum gefranstem Rand, kahl, ± locker drüsig. Röhrenblüten: ca. 35, gelb-gelbbraun, Krone 2.8-4.5 mm lang, in der unteren Hälfte locker drüsig, Kronzipfel 1.1 mm lang und 0.4 mm breit, locker drüsig. Griffelschenkel: schmal, 1-1.5 mm lang, Griffelanhängsel 0.3 mm lang, dreieckig (ca. 1:1). Innenpappus: 20-25, 3.2-4.2 mm lange, kurz gezähnte Borsten. Ausssenpappus: 20-25, in der Grösse etwas variabel, (0.05-)0.1(-0.2) mm lange, lanzettliche Schüppchen. Achänen: schmal obovat, unreif, bräunlich, 1.8-2.5 mm lang und 0.8 mm breit, Ölkörper winzig oder fehlend, ± locker langhaarig.","Morphology","BFA1B0C8-1825-42E1-A7BD-2162493EEF6C","German","BFA1B0C8-1825-42E1-A7BD-2162493EEF6C","Bayer, E. 1981. Revision der Gattung Chrysocoma L. (Asteraceae - Astereae). Mitt. Bot. Staatssamml. München 17: 259-392. [All rights reserved]",""
"wfo-0000014264","Höhe: bis 35 cm Hauptspross: aufrecht, verholzt, an der Basis bis 4 mm im Durchmesser. Verzweigung: Verzweigungsbeginn 5-10 cm über dem Boden, Hauptspross sich nur wenig (2-3 fach) verzweigend, Seitenzweige erster Ordnung sich relativ früh, nach 3-6 cm oder erst nach etwa 20 cm 2-3 fach weiterverzweigend, Seitenzweige steil oder in einem Winkel bis zu 45° aufsteigend. Stengel: basal graubraun, über rotbraun in dunkles olivgrün übergehend, kahl, meist harzig glänzend, Hauptspross basal meist entblättert, Seitenzweige ± locker beblättert. Blätter: dem Stengel ± anliegend oder schräg nach oben gerichtet, olivgrün, etwas dicklich mit grubiger Oberfläche, linealisch oft apikal verbreitert, ganzrandig oder unterschiedlich stark, oft nur einseitig gezähnt, stumpf oder in eine kurze Borste endigend, 5-23 mm lang und 0.6-2 mm breit, Blattzähne meist 2-4, 0.2-3.0 mm lang und 0.3-1 mm breit, Blätter harzig glänzend, kahl oder oft unterseits, randlich und an den Spitzen mit wenigen kräftigen, basal verdickten, kurzen (bis 0.4 mm lang) Borsten. Mittelnerv auf der Blattunterseite basal etwas hervortretend. Blattansatz: unauffällig, hellbraun und geringfügig erhaben. Köpfchenstiele: 0.6-3.1 cm lang, blattlos oder mit 1-2 Brakteen, vereinzelt mit Drüsen, kahl oder bisweilen mit sehr wenigen, feinen, weissen etwa 0.2 mm langen Borstenhaaren. Köpfchen: einzeln, selten zu zweien an den Enden der seitlichen Verzweigungen. Involucrum: ca. 10 mm im Durchmesser. Hüllschuppen: 4-5-reihig, hellolivgrün bis gelbbraun mit hellem Rand, bisweilen Spitzen rotviolett überlaufen, äussere Hüllschuppen mit wenigen bis zu 0.5 mm langen Borsten, innere Hüllschuppen apikal bewimpert, 2.0-5.7 mm lang und 0.6-1.1 mm breit (äusserste Hüllschuppen 2.0-2.5 mm x 0.4-0.6 mm, innerste 5.0-5.7 mm x 0.8-0.9 mm) äussere Hüllschuppen linealisch bis lanzettlich, innere schmal oblanzeolat bis linealisch, spitz zulaufend, mit häutigem, kurz gefranstem Rand, locker drüsig. Röhrenblüten: ca. 120, gelb, Krone 3.5-5.0 mm lang, Kronröhre ± locker drüsig, Kronzipfel 0.9-1.0 mm lang und 0.4 mm breit, bisweilen violett überlaufen und mit einzelnen Drüsen. Griffelschenkel: schmal, 1.3-1.4(-1.5) mm lang, an der Basis bisweilen mit braunen Ölbehältern, Griffelanhängsel 0.3 mm lang, dreieckig (ca. 1:1). Innenpappus: ca. 20 kurz gezähnte, 2.9-4.0 mm lange Borsten, abfallend. Aussenpappus: 16-24, 0.2-0.3 mm lange, lanzettliche, basal miteinander verwachsene Schuppen, gut sichtbar. Achänen: ± abgeflacht, herzförmig bis obovat, mit randlichem Wulst, glänzend rötlich dunkelbraun bis fast schwarz, auf der Fläche locker mit kurzen, apikal keulig verdickten Haaren behaart, randlich und basal mit etwas längeren Haaren, 2-3 mm lang und 1.2-1.7 mm breit, an den Achänenschultern fuchsrote bis rotbraune gut ausgebildete Ölkörper, die bisweilen etwas am Achänenrand herabgezogen sind und bei reifen Achänen kaum mehr zu erkennen sind.","Morphology","BFA1B0C8-1825-42E1-A7BD-2162493EEF6C","German","BFA1B0C8-1825-42E1-A7BD-2162493EEF6C","Bayer, E. 1981. Revision der Gattung Chrysocoma L. (Asteraceae - Astereae). Mitt. Bot. Staatssamml. München 17: 259-392. [All rights reserved]",""
"wfo-0000014374","Krautige, ausdauernde, rosettige oder durch Ausläufer aufsteigende Pflanze. Mit der Infloreszenz bis 25 cm hoch. Die ersten Blätter gegenständig, sonst alle wechselständig, locker rosettig, gross, bis 70 x 18 mm, oblanzeolat, undeutlich in einen Stiel verschmälert, schwach bis deutlich gezähnt, locker mit zottigen Gliederhaaren besetzt und kurz drüsig. Köpfchen einzeln an bis zu 15 cm langen Pedunkeln. Involucrum zweireihig bis ca. 7 mm im Durchmesser. Die Hüllblätter 5.5 mm lang, die äusseren 1 mm, die inneren 1.3 mm breit, lanzettlich, drüsig und schwach borstig. Ca. 15 Zungenblüten, Ligula 10 x 2 mm, blau, mit schwach behaarter Röhre. Scheibenblüten zahlreich, Krone bis 4 mm lang, gelb, schwach behaart mit dreieckigen Griffelanhängseln. Pappusborsten zahlreich, bis 3 mm lang, weiss, schwach gezähnt, basal glatt, abfallend. Achänen obovat, bis 3.2 x 1.2 mm, schwarz, schuppig, locker mit bis zu 0.3 mm langen Haaren besetzt, mit deutlich ausgebildetem schwarzen Randwulst.","Morphology","1499DF02-49AF-448D-AF49-5FF28080F65D","German","1499DF02-49AF-448D-AF49-5FF28080F65D","Grau, HRJ. 1973. Revision der gattung Felicia (Asteraceae). Mitt. Bot. Staatssamml. München 9: 195-705. [All rights reserved]",""
"wfo-0000017349","Eine ausdauernde, einstengelige, wenig verholzende Pflanze von 40-55 cm Größe. Stengel ± hochgabelig verzweigt, spinnwebigfilzig und drüsig behaart. Blätter des unteren Stenqelabschnittes lanzettlich, bis zu 13.5 x 3 cm groß, sitzend, wechselständig, aber sehr dicht stehend, Rand gezähnt, kaum umgerollt. Blätter des oberen Stenqelabschnittes allmählich schmäler und kürzer, lanzettlich bis pfriemlich, sitzend, Blattbasis als Flügel am Stengel herablaufend, locker stehend, ganzrandig, Rand ± umgebogen, alle Blätter oberseits stark drüsig und schwach spinnwebig, unterseits stark spinnwebig-filzig und schwach drüsig behaart, nur die pfriemlichen Blätter 1-nervig, alle anderen netznervig. Köpfchen (bis 14) an beblätterten Zweigen. Involucrum schüsselförmig bis halbkugelig, 9.5-13 mm hoch, 6 bis 7-reihig, grünlich-braun. Die äußeren Hüllschuppen länglich, zugespitzt, nach innen hin lanzettlich bis linealisch, die äußersten (3.1-4) x (0.5-0.9) mm, die inneren (6.2-7.3) x (0.9-1.4) mm, die innersten (6-6.9) x (0.31-0.35) mm, grün, strohig bis hyalin, die äußeren mit Gliederhaaren, die inneren mit Drüsenhaaren ± struppig besetzt. Zunqenblüten 27-38, Liqula schmal lanzettlich bis länglich, (10.5-11.5) x (2.4-3.0) mm, violett, 4 bis 6-nervig, drüsig behaart. Scheibenblüten viele (92-99), Krone 5.2-5.6 mm lang, gelb, drüsig behaart. Pappus ein Kranz aus zerschlitzten Schuppen, 0.4-0.6 mm lang. Achänen (noch nicht reif) schmal elliptisch, im Querschnitt rundlich, 4 bis 6-kantig, (1.6-2.0) x (0.5-0.6) mm, mittelbraun, stark mit borstigen Zwillingshaaren und Drüsenhaaren besetzt.","Morphology","570F125F-CAC5-4C20-AC0D-E25AAF15369F","German","570F125F-CAC5-4C20-AC0D-E25AAF15369F","Kroner, G. 1980. Systematische studien im umkreis von Athrixia Ker-Gawler (Asteraceae). Mitt. Bot. Staatssamml. München 16: 1-268. [https://www.biodiversitylibrary.org/item/52055#page/17/mode/1up] [All rights reserved]","https://www.biodiversitylibrary.org/item/52055#page/17/mode/1up"
"wfo-0000017515","Ein-oder mehrjähriges Kraut. Wenige Zentimeter lange, bis grössere, kräftige, ± stark verzweigte, kriechende bis aufsteigende, an den Knoten wurzelnde, beim Trocknen schwarz werdende Pflanze. Sprosse verkahlend. Blätter fleischig, gegenständig, an der Basis gegenseitig verwachsen, bis 30 mm lang und 4 mm breit, oblanzeolat, stumpf, sukkulent, Köpfchen einzeln, auf fast nackten, blattachselständigen, bis 5 cm langen, besonders im oberen Teil drüsigen Pedunkeln, 7 mm im Durchmesser. Involucrum mehrreihig, mit obovaten bis spateligen, 3 x 1-4 x 1-3.5 x 0.5 mm grossen, drüsigen Hüllschuppen. Zungenblüten ca. 20, Zungen 5 x 2 mm, weiss. Röhrenblüten gelb, zahlreich, bis 4 mm lang. Pappus aus ca. acht, 1 mm langen, abfallenden, kurz gezähnten, gelblich weissen Borsten. Achänen obovat, gewölbt, 3-2.5 x 1 mm, braun, glatt, mit wenigen Borsten, undeutlich 3-rippig.","Morphology","DD214DB4-4267-4B81-AE9C-5498AA9F476A","German","DD214DB4-4267-4B81-AE9C-5498AA9F476A","Grau, HRJ. 1977. Poecilolepis - eine neue gattung der Asteraceae-Astereae. Mitt. Bot. Staatssamml. München 13: 243-254. [All rights reserved]",""
"wfo-0000020724","Niedriger (bis 20 cm hoher), stark verholzter, sparrig verzweigter Strauch. Besonders basal dunkel berindet. Blätter wechselständig, gleichmässig dicht und schräg nach oben gerichtet, an den unteren Stengelteilen fehlend, linealisch bis lanzettlich, bis 25 x 2 mm, stumpf, dicht feinhaarig und kurzdrüsig. Köpfchen einzeln an kurzen (selten bis 2 cm langen), fast bis oben beblätterten, dicht feinhaarigen Pedunkeln. Involucrum 4-reihig, bis 4 mm im Durchmesser. Hüllblätter lanzettlich, die äusseren 2 x 0.5 mm und borstig, die mittleren 5 x 1 mm, die inneren 5 x 0.5 mm und verkahlend, alle gelblich grün und oft mit rötlicher Spitze. Zungenblüten ca. 15; Ligula kurz, bis 8 x 1 mm gross, weiss. Scheibenblüten zahlreich; Krone 4 mm lang, gelb, schwach behaart, Griffelanhängsel länglich dreieckig an relativ langen Griffelschenkeln. Pappusborsten zahlreich, bis 4 mm lang, relativ zart, kurz gezähnt, abfallend, basal sehr selten zusätzlich kurze Schuppen. Achänen schmal elliptisch, bis 2.5 x 0.8 mm, rotbraun mit hellerem Randsaum, dicht mit langen Haaren besetzt.","Morphology","1499DF02-49AF-448D-AF49-5FF28080F65D","German","1499DF02-49AF-448D-AF49-5FF28080F65D","Grau, HRJ. 1973. Revision der gattung Felicia (Asteraceae). Mitt. Bot. Staatssamml. München 9: 195-705. [All rights reserved]",""
"wfo-0000018562","Aufrechter, bis 1.5 m hoher Strauch, untere Teile stark verholzt mit brauner, sich ablösender Rinde. Ältere Zweige mit verlängerten, undeutlich ausgebildeten Kurztrieben, am Ende mit Langtrieben. Blätter wechselständig, bis 40 x 8 mm, nach oben stark verkleinert, schmal elliptisch bis lanzettlich, meist ganzrandig; immer wieder aber auch Blätter mit kurzen Zähnen, maximal 5 je Blattseite. Blattoberfläche graugrün, beidseitig samtartig kurz drüsig und borstig; seltener ohne Drüsen und ausschliesslich kurzborstiger Behaarung. Köpfchen einzeln an den Enden der Langtriebe. Pedunkeln bis 5 cm lang, mit einzelnen Hochblättern, besonders oben meist stark drüsig. Involucrum 3-4-reihig, bis 1.8 cm im Durchmesser. Hüllblätter dachig, 2 x 0.8 mm (aussen) bis 6 x 0.8 mm (innen), lanzettlich, dicht drüsig, besonders oberhalb der Mitte deutlich trockenhäutig gefranst. Zungenblüten ca. 10, Ligulae 15 x 2 mm, violett. Scheibenblüten zahlreich, Krone 7 mm lang, gelb, oft nach rotbraun verfärbt, Griffelanhängsel schmal dreieckig. Pappusborsten zahlreich, persistent, gleichlang, bis 6 mm lang, gelblich weiss, kurz gezähnt. Achänen elliptisch, 3.5 x 1.5 mm, dunkelbraun mit gelbbraunem Randwulst, Fläche locker seidig behaart, seltener verkahlend, Rand dichthaarig, Epidermis glatt.","Morphology","1499DF02-49AF-448D-AF49-5FF28080F65D","German","1499DF02-49AF-448D-AF49-5FF28080F65D","Grau, HRJ. 1973. Revision der gattung Felicia (Asteraceae). Mitt. Bot. Staatssamml. München 9: 195-705. [All rights reserved]",""
"wfo-0000019435","Ein 30 cm bis 2 m grosser, von der Basis an reichlich verzweigter Strauch. Stengel ± grau-filzig und ± drüsig behaart, ziemlich dicht beblättert. Blätter eiförmig 6 x 3 mm bis 92 x 41 mm, weich bis derb, ± deutlich gestielt (2-10 mm), gelegentlich mit ™hrchen, Rand locker gezähnelt bzw. flachbuchtig gezähnt, oberseits schwach spinnwebig-filzig und ± drüsig behaart, unterseits ± stark spinnwebig-filzig und ± drüsig behaart. Köpfchen am Ende von Zweigen und Ästchen. Involucrum trichterig-glockig, 6- bis 8-reihig, 9-11 mm hoch. Hüllschuppen strohig, ± grau-filzig und drüsig behaart (fädige Gliederhaare und gestielte Kopfdrüsen), die äussersten eiförmig, 2.5 x 1.5 mm, Rand bewimpert, die inneren und innersten schmal lanzettlich, 9 x 1.3 mm und 8.5 x 1 mm, Rand hell bis hyalin, zerschlitzt, Spitzen bräunlich, gefranst. Zungenblüten 6-24, Ligula schmal elliptisch, 8.1 x 3.2 mm bis 11.5 x 4 mm, weiss oder hell- bis dunkel-violett, 3-zähnig, 4- bis 6-nervig, ± drüsig behaart, Staminodien vorhanden. Röhrenblüten 20-50, Krone 7.9-9.3 mm lang, weiss, gelb oder violett, ± drüsig behaart. Pappus bestehend aus 30-50, bis 8.5 mm langen, barbellaten Borstenhaaren in 2-3 Kreisen. Borsten des äusseren Kreises teilweise kürzer und schwächer, zerschlitzt bis gezähnt. Achänen (noch nicht ganz reif), länglich, zylindrisch, 3 x 1 mm, braun, mit 9-11 Rippen, mit Drüsenhaaren und steifen Zwillingshaaren besetzt.","Morphology","570F125F-CAC5-4C20-AC0D-E25AAF15369F","German","570F125F-CAC5-4C20-AC0D-E25AAF15369F","Kroner, G. 1980. Systematische studien im umkreis von Athrixia Ker-Gawler (Asteraceae). Mitt. Bot. Staatssamml. München 16: 1-268. [https://www.biodiversitylibrary.org/item/52055#page/17/mode/1up] [All rights reserved]","https://www.biodiversitylibrary.org/item/52055#page/17/mode/1up"
"wfo-0000023117","Höhe: 10-30 cm. Hauptspross: aufsteigend bis aufrecht, stark knorrig verholzt, bis 10 mm im Durchmesser. Verzweigung: Verzweigungsbeginn im typischen Fall dicht (1-5 cm), selten bis 10 cm über dem Boden; Hauptspross sich meist reich ± ausladend verzweigend, Sprosse normalerweise wenig gestreckt. Stengel: ältere, basale, stark verholzte Teile graubraun, verkahlt und entblättert, oft mit büscheligen Kurztrieben besetzt, jüngere Teile im typischen Fall glänzend rotbraun, locker mit weissen, zarten, bis 0.8 mm langen Borsten anliegend behaart oder ± kahl, etwas drüsig, ± dicht beblättert. Blätter: schräg nach oben gerichtet, olivgrün, bisweilen rötlich überlaufen, oblanzeolat, 4-12(-20) mm lang und 0.8-2.5(-3.5) mm breit, flach, am Rand starr mit ± nach vorn gerichteten, bis 1 mm langen Borsten locker bewimpert, bisweilen auch Blattflächen etwas borstig, in seltenen Fällen Borsten sehr kurz oder nur vereinzelt; Borsten mehrzellig, weiss, mit brauner Basalzelle. Blattansatz: sehr auffällig, Blattbasis aufgewölbt, rotbraun, farblich deutlich vom Blatt abgesetzt. Köpfchenstiele: 1.2-1.7 cm lang, hellbraun, meist blattlos, selten mit 1-2 Brakteen [as Borsten], locker drüsig, kahl oder ± locker mit feinen ca. 0.5 mm langen, weissen Haaren bedeckt, deutlich gerillt. Köpfchen: einzeln, an den Enden der seitlichen Verzweigungen; köpfchentragende Seitenzweige meist zu zweien oder mehreren zusammenstehend. Involucrum: ca. 12 mm im Durchmesser. Hüllschuppen: 3-4-reihig, olivgrün-gelbbraun mit hellem Rand, meist rotviolett überlaufen, die äusseren mit wenigen Borsten, dicht, nach innen abnehmend drüsig, mit häutigem, etwas ausgefranstem Rand, eiförmig-lanzettlich bis linealisch-lanzettlich, 2.5-6.4 mm lang und 0.5-1.2 mm breit, (äusserste 2.5-3.5 mm x 0.5-1.1 mm, innerste 5.5-6.4 mm x 0.5-0.9 mm). Röhrenblüten: 90-130 (selten bis 160), Krone gelb, 3.8-4.5 mm lang, Kronröhre locker drüsig, bisweilen mit feinen Ölstriemen, Kronzipfel mit wenigen Drüsen, meist umrandet, 0.7-1 mm lang und 0.4 mm breit. Griffelschenkel: schmal, 1.1-1.5 mm lang, Anhängsel 0.3 mm lang, dreieckig (ca. 1:1), deutlich abgesetzt. Innenpappus: 16-24 Borsten, 2.1-3.4 mm lang, kurz gezähnt. Aussenpappus: 18-22, 0.1-0.15 mm lange, stumpfe, abgerundete Schüppchen. Achänen: obovat bis fast herzförmig, 2.1-2.8 mm lang und 0.9-1.6 mm breit, braun, locker kurzhaarig, Ölkörper meist fehlend oder nur schwach ausgebildet. Bemerkung: Innenpappus im Vergleich zur Krone kurz.","Morphology","BFA1B0C8-1825-42E1-A7BD-2162493EEF6C","German","BFA1B0C8-1825-42E1-A7BD-2162493EEF6C","Bayer, E. 1981. Revision der Gattung Chrysocoma L. (Asteraceae - Astereae). Mitt. Bot. Staatssamml. München 17: 259-392. [All rights reserved]",""
"wfo-0000023194","Starr aufrechter, wenig verzweigter bis 25 cm hoher Strauch. Seitenzweige angenähert, auf gleicher Höhe entspringend und bogig aufsteigend. Der Stengel dicht mit schräg nach oben gerichteten Blättern und mit langen weissen ± abstehenden Haaren besetzt. Blätter wechselständig, sitzend, lanzettlich bis eiförmig-lanzettlich, am Rand borstig gezähnt bis 15 mm lang und 2.5 mm breit; Blattoberseite mit einzelnen Borstenhaaren. Köpfchen einzeln am Ende der Seitenzweige, diese am Stengelende manchmal etwas gehäuft, kurz gestielt (Pedunkeln bis 1 cm lang) bis ungestielt. Involucrum 3-reihig bis 12 mm im Durchmesser; Hüllblätter lanzettlich bis 6 mm lang und 1 mm breit, einnervig, im oberen Teil mit einigen kräftigen mehrzelligen, basal verbreiterten und rötlichen Borstenhaaren. Innere Hüllblätter an der Spitze zurückgekrümmt. Zungenblüten 11 x 2 mm, weiss, unterseits purpurrosa, mit behaarter Röhre. Scheibenblüten männlich, gelb, bis 3 mm, die Griffel ohne Narben, Tubus behaart. Pappus gelblich weiss, bis 2 mm lang, abfallend, gezähnt. Achänen elliptisch, bis 3 x 1.5 mm, flach, mit Randwulst und aufgesetztem hornigen bis 0.8 mm hohen Ring, kahl, gelbbraun.","Morphology","03CE573A-909B-4B4C-8EFB-F1007769BB26","German","03CE573A-909B-4B4C-8EFB-F1007769BB26","Grau, HRJ. 1970. Die Gattung Polyarrhena Cass. (Asteraceae - Asterinae). Mitt. Bot. Staatssamml. München 7: 347-368. [All rights reserved]",""
"wfo-0000023819","Mehrjährige, aufrechte, bis 60 cm hohe, krautige bis strauchige, verzweigte Pflanze. Blätter gegenständig, sehr selten vereinzelt wechselständig, linealisch bis schmal oblanzeolat, 24 x 2 mm bis 30 x 5 mm, auf dem Mittelnerv und den nach unten eingerollten Rändern locker langhaarig, bisweilen drüsig. Köpfchen einzeln an 7-20 cm langen Pedunkeln, diese oben ± dicht weissborstig bis -wollig. Involucrum zweireihig, bis 7 mm im Durchmesser. Die äusseren Hüllblätter lanzettlich, 7 x 1 mm, borstig behaart, die inneren oblanzeolat, 7 x 2 mm, hautrandig, mit borstig behaarter Mittelrippe. Ca. 18 Zungenblüten, Ligula 13 x 2 mm, blau. Scheibenblüten zahlreich, Krone bis 7 mm lang, gelb, mit kurz dreieckigen Griffelanhängseln. Pappusborsten zahlreich, bis 7 mm lang, weiss, schwach gezähnt, basal glatt, ± persistent. Achänen elliptisch, 3 x 1.2 mm, schwarzbraun, schuppig, locker mit 0.3 mm langen Haaren besetzt, mit schwachem Randwulst.","Morphology","1499DF02-49AF-448D-AF49-5FF28080F65D","German","1499DF02-49AF-448D-AF49-5FF28080F65D","Grau, HRJ. 1973. Revision der gattung Felicia (Asteraceae). Mitt. Bot. Staatssamml. München 9: 195-705. [All rights reserved]",""
"wfo-0000020610","Höhe: bis 40 cm. Hauptspross : aufsteigend, verholzt, bis zu 3 mm im Durchmesser. Verzweigung: Hauptspross sich im unteren bis mittleren Bereich (5-10 cm über dem Boden) in bis zu 10 aufsteigende Seitenäste verzweigend, Seitenzweige erster Ordnung im oberen Bereich (8-20 cm nach der Abzweiung) mit 2-12 bogig aufsteigenden köpfchentragenden Seitenzweigen. Stengel: dicht abstehend mit bis zu 0.5 mm langen Borsten behaart, locker drüsig, ältere, verholzte Teile braun, verkahlend und entblättert, jüngere Stengel gelbgrün, bisweilen rot überlaufen und gleichmässig locker beblättert. Blätter: ± abstehend zum Teil zurückgeschlagen, gelbgrün, linealisch, flach, gelbgrüne Mittelrippe an der Blattunterseite basal etwas hervortretend, 4-15 cm lang und 0.8-1.8 mm breit, randlich, ober- und unterseits mit starren, (0.3)-0.5-(0.8) mm langen Borsten bestanden, die warzigen Erhebungen des Blattes aufsitzen, Basiszelle der Borsten verdickt und meist bräunlich, Borsten ± schräg abstehend, zur Blattspitze hin orientiert. Blattansatz: unauffällig. Köpfchenstiele: 1.7-7 cm lang, dicht abstehend, borstig behaart, locker drüsig, blattlos, locker beblättert, oder mit 1-2 Brakteen, undeutlich gerillt. Köpfchen: einzeln, an den Enden der seitlichen Verzweigungen; Köpfchen oft in etwa auf gleicher Höhe (subcorymbos) angeordnet. Involucrum: 7-8 mm im Durchmesser. Hüllschuppen: 4-reihig, gelbgrün, später gelbbraun mit braunem Mittelnerv, Spitzen bisweilen rötlich überlaufen, locker randlich und oberseits mit 0.5 mm langen, starren Borsten bestanden, nach innen zu verkahlend, locker drüsig, 2.0-5.2 mm lang und 0.6-1 mm breit (äusserste Hüllschuppen 2.0-2.9 mm x 0.5-0.8 mm, innerste 4.9-5.2 mm x 0.9-1.0 mm), von aussen nach innen lanzettlich, bis oblanzeolat gestaltet, häutiger Rand etwas ausgefranst. Röhrenblüten: 30-45, gelb, oft von oben her dunkelrot oder rotorange überlaufen, Krone 3.5-4.5 mm lang, unterhalb der Mitte locker drüsig, Kronzipfel 0.8 mm lang und 0.4 mm breit, ab und zu einer der fünf Kronzipfel mit einer ca. 0.2 mm langen Borste. Griffelschenkel: schmal, bis 1.3 mm lang, Griffelanhängsel 0.5 mm lang, dreieckig (ca. 1.7:1). Innenpappus: 20-30 kurz gezähnte, 3.5-4.0 mm lange Borsten, eher abfallend. Aussenpappus: zahlreiche, bis zu 0.05 mm lange, wenigzellige, lanzettliche Schuppen. Achänen: keilförmig bis schmal obovat, mit schmalem randlichen Wulst, abgeflacht, 2.8-3.0 mm lang und 0.8-1.2 mm breit, dunkelbraun, ± locker langhaarig, Ölkörper fehlend oder sehr undeutlich, bisweilen nur einseitig an den Achänen schultern ausgebildet. Bemerkung: Aussenpappus auf Grund seiner geringen Grösse und starken Aufgliederung unauffällig, bisweilen kaum zu erkennen.","Morphology","BFA1B0C8-1825-42E1-A7BD-2162493EEF6C","German","BFA1B0C8-1825-42E1-A7BD-2162493EEF6C","Bayer, E. 1981. Revision der Gattung Chrysocoma L. (Asteraceae - Astereae). Mitt. Bot. Staatssamml. München 17: 259-392. [All rights reserved]",""
"wfo-0000022017","Ausdauernde, ± krautige, kriechende, in den blühenden Teilen aufsteigende bis aufrechte Pflanze. Blätter wechselständig, pfriemlich bis linealisch, basal stark verbreitert (bis 3 mm), 30 x 1 mm, schwach nach oben eingerollt, etwa bis zur Hälfte am Rand borstig bewimpert, sonst kahl, dicht dachig nach oben gerichtet, bisweilen auch bogig. Köpfchen einzeln an den Enden der aufrechten Stengel, diese mit kürzeren Hochblättern besetzt, borstig und wollig behaart. Involucrum ca. 7 mm im Durchmesser, etwa 3-4 reihig. Hüllschuppen relativ gross, mit Harzrippen in der Mitte und besonders die äusseren mit kräftigen schwärzlichen, mehrzelligen Borsten, oft rot überlaufen, randlich bewimpert, die äusseren 4 x 2 mm eiförmig, die mittleren 7 x 1.5 mm lanzettlich, die inneren 7.5 x 8 mm lanzettlich-linealisch. Zungenblüten ca 20, Ligula lila, 11 x 2 mm, röhriger Teil relativ reich mit schwärzlichen Haaren besetzt. Scheibenblüten zahlreich, Krone 5 mm lang, gelb, besonders unten mit schwärzlichen Haaren. Pappusborsten zahlreich, 4 bis 5 mm lang, schwach gezähnt, weiss, persistent. Achänen obovat, 3 x 1.5 mm, braun mit etwas hellerem Rand, schwach mit geraden Haaren besetzt, Epidermis glatt.","Morphology","1499DF02-49AF-448D-AF49-5FF28080F65D","German","1499DF02-49AF-448D-AF49-5FF28080F65D","Grau, HRJ. 1973. Revision der gattung Felicia (Asteraceae). Mitt. Bot. Staatssamml. München 9: 195-705. [All rights reserved]",""
"wfo-0000022370","Einjährige, stark verzweigte, kleine, dichte, aufrechte Büschel bis halbkugelige Polster bildende Pflanze von (1-)4-12(-30) cm Höhe und (2-)5-25(-30) cm Durchmesser. Hauptspross am Grunde bis 4 mm stark, aufrecht, nach längstens 5 cm ein Köpfchen tragend. Seitenzweige 1. Ordnung 4-12, den Hauptspross überragend, in Köpfchen endigend, von Seitenzweigen 2. Ordnung überragt. Stengel hellbraun bis braunviolett, etwas gefurcht, durch herablaufende Ölbehälter dunkel gestreift, mit zahlreichen weissen, ± anliegenden Striegelhaaren besetzt. Blätter bis auf die untersten Blattpaare wechselständig, linealisch-oblanzeolat, zur Basis verschmälert, ganzrandig, (15-)20-35(-45) mm lang und (1.5-)3-4(-4.5) mm breit, olivgrün, durch rote Ölbehälter unterbrochen gestreift, beiderseits zerstreut mit weissen Striegelhaaren und vereinzelten kopfigen Drüsen besetzt. Köpfchen einzeln auf kurzen, bis 1 cm langen Pedunkeln, oft von 1-3 Hochblättern umgeben. Involucrum 2-(bis -3) reihig, (4-)5-6(-8) mm im Durchmesser, trichterig-glockig bis halbrund, bei der Reife dicht krugförmig geschlossen. Hüllschuppen lanzettlich, grün, meist mit violetter Spitze, häutig berandet, mit harzigem Mittelnerv, an der Spitze gefranst, bei 2-reihigem Involucrum mit kurzen Borsten und wenigen kugeligen Drüsen besetzt, 4.5-6 x 0.8-1.5 mm (aussen) und 5-6 x 1.0-1.8 mm (innen); bei 3-reihigem Involucrum eine zusätzliche äussere Reihe 4-5 x 0.8-1.2 mm grosser, rauher Hüllschuppen mit dicken, langen, abstehenden, gegliederten, weissen Borstenhaaren mit brauner Basis. Köpfchenboden gewölbt, bis ca. 2 mm im Durchmesser. Spreuschuppen keulig, mehrfach eingeschnürt erscheinend, (1.5-)2-2.5(-3) x 0.2-0.3 mm, frisch hellgrün, getrocknet gelb bis dunkelbraun, prall mit Öl gefüllt, kahl bis auf vereinzelte Borsten an der Spitze; bisweilen im peripheren Teil des Köpfchens einige 2-3.5 x 0.3 mm grosse Spreuschuppen mit häutig-schuppigem, ölgangfreiem Anhängsel an der Spitze. Zungenblüten 8-12(-13); Ligula obovat, (7-)10-13(-15) mm lang und 3.0-4.0 mm breit, lila bis leuchtend blau, gelegentlich weiss (laut Sammler); Röhre (2.0-)2.5-3.0(-3.5) mm lang, drüsig. Röhrenblüten bis ca. 70; Krone ziemlich schmal, 3.5-4.5 mm lang, gelb, im unteren Teil etwas drüsig, mit 5 auffallend langen Ölstriemen an den Einschnitten zwischen den Kronzipfeln; Griffelanhängsel kurz dreieckig (ca. 3:2); Antheren 1.0-1.2 mm lang.  Pappus bestehend aus Borsten und Schuppen; Borsten 5, unten mit sehr kurzen, waagrecht abstehenden, oben etwas längeren, büschelig gehäuften Zähnchen, 2.5-2.7(-3.0) mm lang; Schuppen ebensoviele, leicht zusammenneigend, 0.2-0.4 mm lang, bei der Reife aufrecht stehen bleibend. Achänen obovat bis fast herzförmig, auffallend klein, 1.7-1.9 x 1.0-1.1 mm, hell-grau mit weisslichem, sich leicht ablösendem Rand, dunkel gepunktet durch die Ansatzstellen der Haare. Achänenhaare bis 0.5 mm lang, an der Spitze geteilt und hakig umgebogen. Achänen von Zungen-und Röhrenblüten gleich dicht behaart.","Morphology","269E3D99-16F7-487E-A5E5-701C622F96D4","German","269E3D99-16F7-487E-A5E5-701C622F96D4","Rommel, A. 1977. Die Gattung Amellus L. (Asteraceae-astereae). Systematischer Teil. Mitt. Bot. Staatssamml. München 13: 579-728. [All rights reserved]",""
"wfo-0000022443","Ausdauernder, bis 45 cm hoher, reich verzweigter Strauch. Blätter basal gegenständig, meist jedoch wechselständig, schräg aufrecht, linealisch-lanzettlich, bis 20 x 2.5 mm, mit nach unten umgeschlagenem Rand, am Rand und auf dem Mittelnerv borstig, sonst meist drüsig. Köpfchen einzeln an bis zu 10 cm langen deutlich abgesetzten Pedunkeln. Involucrum zweireihig, bis ca. 0.7 cm im Durchmesser. Die äusseren Hüllblätter mit drei eingesenkten Harzstriemen, lanzettlich, 6 x 1.3 mm, die inneren einnervig, linealisch, 6 x 1 mm, alle wenig borstig und kurzdrüsig, am Ende büschelig gefranst. Ca. 15 Zungenblüten, Ligula 9 x 2 mm, blau. Scheibenblüten zahlreich, Krone 3.5-4.5 mm lang, gelb, mit kurz dreieckigen Griffelanhängseln. Pappusborsten zahlreich, 3.5-4.5 mm lang, weiss, kurz gezähnt, ± persistent. Achänen 2.5 x 1.5 mm, bisweilen schmäler, schmal-elliptisch, glatt, locker kurz behaart, schwarz, mit Randwulst.","Morphology","1499DF02-49AF-448D-AF49-5FF28080F65D","German","1499DF02-49AF-448D-AF49-5FF28080F65D","Grau, HRJ. 1973. Revision der gattung Felicia (Asteraceae). Mitt. Bot. Staatssamml. München 9: 195-705. [All rights reserved]",""
"wfo-0000023359","Ausdauernde, aufsteigende bis aufrechte, 20-40(-60) cm hohe, von der Basis an reich verzweigte Pflanze. Haupt spross am Grunde bis 7 mm stark, aufsteigend bis aufrecht. Seitenzweige 1. Ordnung niederliegend bis aufsteigend, reich verzweigt, Seitenzweige 2. Ordnung aufsteigend bis aufrecht. Stengel ockerfarben bis braun, etwas gefurcht, sehr dicht mit meist nach vorn anliegenden, weissen, kurzen Striegelhaaren besetzt, mässig dicht beblättert. Blätter unten gegenständig, oben allmählich wechselständig, die ersten Blattpaare nach Verzweigungen wieder gegenständig, linealisch, ganzrandig (nur in Kultur mit 1 bis 2 winzigen Zähnchen auf jeder Seite), (14-)20-38(-50) mm lang und (1.0-)1.5-3.0(-6.0) mm breit, blass hellgrün bis graugrün, von rotbraunen Ölbehältern durchzogen, beiderseits sehr dicht mit meist nach vorn anliegenden, kurzen, weissen Striegelhaaren und wenigen kopfigen Drüsen besetzt, gelegentlich - besonders an den Ansatzstellen der Blätter - mit einzelnen abstehenden, langen, dünnen, gegliederten Borstenhaaren. Köpfchen zahlreich, ± schirmtraubig, einzeln auf undeutlich abgesetzten, 2-10 cm langen, einige Hochblätter tragenden Pedunkeln; oberste Hochblätter sehr schmal, bis ca. 5 mm lang, dem Köpfchen genähert. Involucrum ca. 5-reihig, (6-)10-14(-16) mm im Durchmesser, trichterig­glockig, bei der Reife kaum spreizend. Hüllschuppen dachig, linealisch-lanzettlich, von 4 x 0.5 mm (aussen) bis 9 x 1.0 mm (innen), blassgrün, gelegentlich mit rotvioletter Spitze, bei vorjährigen Köpfchen grau, sehr dicht kurzborstig behaart und mit kugeligen Drüsen besetzt (sehr selten mit einzelnen langen, steifen, gegliederten Borstenhaaren), mit harzigem Mittelnerv, randlich bewimpert, besonders die mittleren an der Spitze fransig, die inneren häutig berandet. Köpfchenboden kegelig, bis ca. 3 mm im Durchmesser. Spreuschuppen linealisch-lanzettlich, 6-9 x 0.6-0.9 mm, gelblich, manchmal mit rötlicher Spitze, häutig, mit orangerotem, harzigem Mittelnerv, dicht drüsig, im oberen Teil kurzborstig. Zungenblüten (12-)15-21(-24); Ligula schmal obovat, (7-)10-17(-19) mm lang und (1.8-)2.1-3.3(-3.8) mm breit, blauviolett; Röhre 2.5-3.5 mm lang, drüsig. Zungenblüten gelegentlich reduziert, fertil, Ligula dann 2 mm lang, Röhre 1 mm. Röhrenblüten bis ca. 100; Krone schmal, 4.5-6.5 mm lang, gelb, manchmal rötlich überlaufen, im unteren Teil drüsig, mit Ölstriemen entweder an allen 5 Einschnitten zwischen den Kronzipfeln oder nur an den 3 nach innen gewandten; Griffelanhängsel lang dreieckig (ca. 3:1); Antheren 2.0-2.2 mm lang. Pappus bestehend aus Borsten und Schuppen; Borsten meist 5 (selten bis 8), dicht gezähnt, relativ dick, (0.5-)1.0-2.2(-3.3) mm lang; Schuppen ebensoviele, spitz, 0.2-0.6 mm lang, bei der Reife aufrecht stehenbleibend. Achänen 2.8-3.7 x 0.8-1.5 mm, keilig-obovat, grauweiss mit hellerem Rand, Epidermiszellen wenig gewölbt. Achänenhaare bis 0.1 mm lang, kurz zweispitzig. Achänen der Röhrenblüten randlich bewimpert, Achänen der Zungenblüten auch auf der Fläche dicht behaart.","Morphology","269E3D99-16F7-487E-A5E5-701C622F96D4","German","269E3D99-16F7-487E-A5E5-701C622F96D4","Rommel, A. 1977. Die Gattung Amellus L. (Asteraceae-astereae). Systematischer Teil. Mitt. Bot. Staatssamml. München 13: 579-728. [All rights reserved]",""
"wfo-0000023957","Ausdauernde, reich verzweigte, bis 100 cm lange, dem Fels aufliegende oder herabhängende Pflanze. Blätter Wechselständig, gestielt; Stiel bis 0.8 cm lang. Spreite eiförmig bis elliptisch, bis 2.5 x 1 cm, grob gezähnt (bis zu 5 Zähne), einnervig, mit schwach nach unten eingerolltem Rand, dicht strigos. Köpfchen einzeln an bis zu 8 cm langen, blattlosen oder mit einzelnen kleinen Hochblättern versehenen Pedunkeln. Köpfchentragende Seitentriebe entweder regelmässig seitlich älteren Sprossen entspringend oder am Ende etwas gehäuft. Involucrum zweireihig, etwa 0.8 cm im Durchmesser. Die inneren Hüllblätter lanzettlich 6 x 1 mm, trockenhäutig mit wenigen Haaren, die äusseren 5 x 1 mm, lanzettlich, borstig, undeutlich dreirippig. Ca. 12 Zungenblüten, Ligula 11 x 3 mm, weiss bis violett. Scheibenblüten zahlreich, Krone 5 mm lang, gelb; Griffelanhängsel kurz dreieckig. Pappusborsten bis 5 mm lang, weiss, kurz gezähnt, basal glatt. Achänen obovat, ca. 3 x 1.5 mm, gelbbraun, mit Randsaum, relativ dicht kurzborstig, Epidermis glatt.","Morphology","1499DF02-49AF-448D-AF49-5FF28080F65D","German","1499DF02-49AF-448D-AF49-5FF28080F65D","Grau, HRJ. 1973. Revision der gattung Felicia (Asteraceae). Mitt. Bot. Staatssamml. München 9: 195-705. [All rights reserved]",""
"wfo-0000026462","Höhe: 25-30 cm. Hauptspross: aufrecht, stark verholzt bis 7 mm im Durchmesser. Verzweigung: im typischen Fall von der Basis her reich verzweigt, aufsteigende Seitenzweige sich nach 2-4 cm reich weiterverzweigend. Stengel: kahl, basal (grau-) braun, in helles Rotbraun übergehend, entblättert, junge Abschnitte olivgrün, dicht drüsig, dicht beblättert. Blätter: wenigstens die oberen und mittleren eng am Spross anliegend, mittelgrün-olivgrün, linealisch, spitz, Spitze oft mit kurzer aufgesetzter Borste, 1.3-8 mm lang, unter 1 mm breit, dicklich, ± dicht fein drüsig, kahl, selten mit vereinzelten kurzen Borsten. Blattansatz: unauffällig. Köpfchenstiele: bisweilen mit einzelnen Hochblättern, drüsig, mit wenigen feinen Haaren, 0.1-2.5 cm lang. Köpfchen: köpfchentragende Seitenzweige zu 3-7 an den Sprossenden gehäuft. Involucrum: 5-6 mm im Durchmesser. Hüllschuppen: 4-reihig, hellgrün bis gelbbraun, zuweilen mit rötlicher Spitze, ± dicht drüsig, lanzettlich bis schmal oblanzeolat, allmählich ± spitz zulaufend, mit häutigem Rand, 1.5-3.5 mm lang und 0.4-0.8 mm breit (die äussersten 1.5-2.2 mm x 0.4-0.5 mm, die innersten 3.3-3.5 mm x 0.6-0.7 mm), kahl. Röhrenblüten: ca. 40, gelb, Krone 2.2-3.0 mm lang, unterhalb der Mitte locker drüsig, Kronzipfel 0.7 mm lang und 0.4 mm breit, etwas drüsig. Griffelschenkel: schmal, 1.1 mm lang, Griffelanhängsel 0.5 mm lang, dreieckig (ca. 1:1). Innenpappus: ca. 20 Borsten, 2.0-2.6 mm lang, kurz gezähnt. Aussenpappus: ca. 18 wenigzellige, engstehende, dreieckige bis lanzettliche Schüppchen, sehr kurz, 0.1 mm lang oder kürzer. Achänen: obovat bis keilförmig, 1.7-1.8 mm lang und 0.8-0.9 mm breit, hellbraun bis braunrot, ± dicht langhaarig, Ölkörper vorhanden aber klein, bisweilen fehlend, an den Achänenrändern etwas herablaufend, an reifen Achänen nur schwer zu erkennen.","Morphology","BFA1B0C8-1825-42E1-A7BD-2162493EEF6C","German","BFA1B0C8-1825-42E1-A7BD-2162493EEF6C","Bayer, E. 1981. Revision der Gattung Chrysocoma L. (Asteraceae - Astereae). Mitt. Bot. Staatssamml. München 17: 259-392. [All rights reserved]",""
"wfo-0000034133","Niedrige, selten über 25 cm hohe (-35 cm) krautige, basal stark verzweigte Pflanze. Stengel aufrecht bis aufsteigend, abstehend kurz- bis langhaarig. Blätter wechselständig (selten basal wenige gegenständige), lanzettlich bis oblanzeolat oder schmal eiförmig, ganzrandig, 20 x 1 mm bis 45 x 5 mm, dicht kurzhaarig und locker langhaarig, basal langhaarig bewimpert. Köpfchen einzeln an bis zu 14 cm langen, kurz borstigen, schwach gerieften Pedunkeln. Involucrum zweireihig bis 1 cm im Durchmesser. Hüllblätter gleichmässig samthaarig, höchstens die äusseren mit einigen längeren Borsten, ohne Hautrand, die äusseren 4 x 1 mm, schmal obovat, die inneren 4.5 x 1.5 mm, breit obovat. Ca. 18 Zungenblüten, Ligula blau, bis 13 x 1.5 mm, mit behaarter Röhre. Scheibenblüten zahlreich, Krone gelb, bis 3 mm lang, die Griffelanhängsel schmal dreieckig. Die Pappusborsten zahlreich, gleichlang, gezähnt, weiss, bis 3 mm Iang, abfallend. Achänen klein, ca. 1.2 x 0.9 mm, obovat, hellbraun, mit hellerem Randsaum, dicht mit kurzen keuligen Haaren besetzt.","Morphology","1499DF02-49AF-448D-AF49-5FF28080F65D","German","1499DF02-49AF-448D-AF49-5FF28080F65D","Grau, HRJ. 1973. Revision der gattung Felicia (Asteraceae). Mitt. Bot. Staatssamml. München 9: 195-705. [All rights reserved]",""
"wfo-0000028936","Aufrechter, bis ca. 15 cm hoher, ± dicht buschiger Zwergstrauch. Stengel an der Basis verzweigt und mit schuppig stehenden Blattbasen. Jeder Seitenzweig mit einem endständigen grossen Köpfchen. Blätter wechselständig, dem Stengel dicht, schräg nach oben gerichtet anliegend, spatelig, bis 15 x 2 mm. Blattrand borstig behaart, Blattfläche oberseits im letzten Drittel mit wenigen Borstenhaaren, seltener die ganze Blattfläche feiner und gleichmässig behaart. Köpfchen einzeln, gross, deutlich gestielt, mit bis zu 6 cm langen Pedunkeln; diese mit wenigen schmalen Hochblättern und besonders im oberen Abschnitt dicht wollig und drüsig behaart. Involucrum bis 2 cm im Durchmesser, 3-reihig. Hüllblätter lanzettlich, einnervig, 8-12 mm lang, bis 2 mm breit, die äusseren dicht, die inneren locker haarig, basal schwach drüsig, gelbgrün, an der Spitze rot überlaufen. Zungenblüten weiblich 15 x 3 mm, Röhre behaart, weiss, unterseits purpurrosa. Scheibenblüten zwittrig, bis 6 mm, gelb, Griffel mit Narbe. Pappus gelblich weiss, bis 6 mm lang, abfallend, gezähnt. Achänen 4 x 2 mm, elliptisch, flach, mit meist hellerem Randwulst und aufgesetztem hornigen bis 1 mm hohen Ring, kahl, gelbbraun.","Morphology","03CE573A-909B-4B4C-8EFB-F1007769BB26","German","03CE573A-909B-4B4C-8EFB-F1007769BB26","Grau, HRJ. 1970. Die Gattung Polyarrhena Cass. (Asteraceae - Asterinae). Mitt. Bot. Staatssamml. München 7: 347-368. [All rights reserved]",""
"wfo-0000029188","Annuelles bis 15 cm hohes, verzweigtes oder unverzweigtes, zartes Kraut. Blätter unten gegenständig, oben wechselständig, oblanzeolat, bis 22 x 4 mm, undeutlich gestielt, spitz, ganzrandig oder selten schwach gezähnt, borstig behaart. Köpfchen einzeln an bis zu 6 cm langen Pedunkeln. Involucrum zweireihig bis 5 mm im Durchmesser. Hüllblätter 5-6 mm lang, fast kahl, breit hautrandig, oft rot überlaufen, stumpf, die äusseren 2 mm breit, elliptisch, die inneren 3 mm breit, breit elliptisch bis obovat. Ca. 10 Zungenblüten, Ligula bis 3 mm lang und 5 mm breit, basal etwas behaart, blau. Scheibenblüten zahlreich, zum Teil steril, zum Teil fertil, Krone bis 2 mm lang, gelb, Griffelanhängsel dreieckig. Pappus an den Zungenblüten fehlend, an den Scheibenblüten aus 6-8 Borsten, diese bis 2.5 mm lang, leicht abfallend, gezähnt. Achänen breit obovat, 4.5 x 3 mm, mit deutlich ausgeprägtem Randwulst, braun, mit kräftigen stumpfen Haaren, wenn steril verkümmert und kahl.","Morphology","1499DF02-49AF-448D-AF49-5FF28080F65D","German","1499DF02-49AF-448D-AF49-5FF28080F65D","Grau, HRJ. 1973. Revision der gattung Felicia (Asteraceae). Mitt. Bot. Staatssamml. München 9: 195-705. [All rights reserved]",""
"wfo-0000037189","Höhe: bis 100 cm. Hauptspross: aufrecht, verholzt, bis 6 mm im Durchmesser. Verzweigung: deutlich akroton gefördert, Verzweigungsbeginn etwa 5-7 cm über dem Boden, Hauptspross sich in meist 2-3, sich weiter ± stark aufzweigende Seitenäste aufteilend, Seitenzweige auffällig langgestreckt und aufrecht. Stengel: kräftig, kahl, ältere Abschnitte graubraun, entblättert, oder bisweilen dicht mit büscheligen Kurztrieben besetzt, jüngere Teile rötlich hellbraun bis olivgrün, ± dicht feindrüsig, dicht beblättert. Blätter: schräg nach oben gerichtet bisweilen abstehend, gelblich grün, linealisch, spitz zulaufend, flach, kahl, (oberste Blätter 5-) 12-25 (selten -30) mm lang und 1 mm breit. Blattansatz: auffällig, Blattbasis hellbraun, erhaben. Köpfchenstiele: 0.3-2.5 cm lang, undeutlich abgesetzt, an der Basis meist mit kürzeren Blättern, blattlos oder mit wenigen Brakteen, gelblichgrün, kahl, ± dicht feindrüsig. Köpfchen: subcorymbos an den Enden der vorjährigen Triebe bis zu ca. 30 gehäuft, (oft auch in einer doppelten Doldentraube). Involucrum: 7 mm im Durchmesser. Hüllschuppen: 4-5-reihig, gelblich mit hellem Rand und rötlich hellbraunem, harzig-glänzendem Mittelnerv, Spitzen oft rötlich, mit schmalem sich nach innen deutlich verbreiterndem häutigem Rand, lanzettlich bis oblanzeolat, 1.5-4.2 mm lang und 0.4-1.0 mm breit (die äusserste 1.5-2.2 mm x 0.3-0.6 mm, die innersten 3.2-4.2 mm x 0.8-1 mm), locker drüsig. Röhrenblüten: 55-70, gelb, Krone 2.6-3.5 mm lang, ab der Mitte locker drüsig, Kronzipfel 0.9 mm lang und 0.4 mm breit, meist auffällig rotbraun umrandet, an den Einschnitten zwischen den Kronzipfeln meist zu Ölstriemen ausgezogene Ölbehälter. Griffelschenkel: schmal, 1.2 mm lang, Griffelanhängsel 0.3 mm lang, dreieckig (ca. 1:1), mit hellbraunem Ölbehälter an der Basis der Griffelschenkel. Innenpappus: ca. 25 gleichmässig kurz gezähnte, 2.2-2.8 mm lange Borsten, abfallend. Aussenpappus: kürzer als 0.1 mm, undeutlich gezähnter Ring. Achänen: abgeflacht, obovat, 1.9-2 mm lang und 0.8 mm breit, dunkelbraun, locker fein langhaarig, Ölkörper sehr kräftig an den Schultern der Achäne, dunkel- bis leuchtend rotbraun, oft an den Achänenrändern weit herablaufend.","Morphology","BFA1B0C8-1825-42E1-A7BD-2162493EEF6C","German","BFA1B0C8-1825-42E1-A7BD-2162493EEF6C","Bayer, E. 1981. Revision der Gattung Chrysocoma L. (Asteraceae - Astereae). Mitt. Bot. Staatssamml. München 17: 259-392. [All rights reserved]",""
"wfo-0000033455","Ein bis zu 2 m grosser, stark verzweigter Strauch. Ältere Sprossabschnitte sekundär blattlos, graubraun, Rinde sich faserig ablösend, junge Triebe dicht, Kurztriebe büschelig beblättert. Blätter verkehrt eiförmig, 4 x 2 mm bis 40 x 17 mm, Blattbasis geflügelt am Stengel herablaufend, Rand gewellt, flachbuchtig gezähnt, Zähne bespitzt, oberseits schwach filzig und ± drüsig, unterseits stark filzig und ± drüsig behaart. Köpfchen am Ende von Zweigen und Ästen, blattachselständige Knospen mit grauem Filzüberzug. Involucrum halbkugelig, 4- bis 5-reihig, 7-10 mm hoch. Hüllschuppen eiförmig-lanzettlich, 4 x 1 mm bis 9 x 2 mm, die innersten schmal lanzettlich, 8 x 1.36 mm, die äusseren grünlich, nach innen zunehmend hyalin, Spitzen rostbraun, ± gefranst, alle ± filzig und drüsig behaart (krause Gliederhaare, gestielte Kopfdrüsen). Zungenblüten 9-21, Ligula lanzettlich, 14 x 4.9 mm bis 22.4 x 6.5 mm, blau oder violett, 4 (6 bis 8)-nervig, 3-zähnig, ± drüsig behaart, Staminodien vorhanden. Röhrenblüten 16-39, Krone 8.8-12.4 mm lang, gelb, ± mit Drüsen- und fädigen Gliederhaaren besetzt. Pappus (bei älteren Exemplaren rotbraun), bestehend aus ca. 40, bis 9.7 mm langen, subplumosen Borstenhaaren in 3 Kreisen, die Borsten des äusseren Kreises teilweise kürzer, schwächer, zerschlitzt bis gezähnt. Achänen (noch nicht ganz reif) länglich, zylindrisch, 3.6 x 1.2 mm, braun, mit 9-10 Rippen, mit steifen Zwillings- und Drüsenhaaren besetzt.","Morphology","570F125F-CAC5-4C20-AC0D-E25AAF15369F","German","570F125F-CAC5-4C20-AC0D-E25AAF15369F","Kroner, G. 1980. Systematische studien im umkreis von Athrixia Ker-Gawler (Asteraceae). Mitt. Bot. Staatssamml. München 16: 1-268. [https://www.biodiversitylibrary.org/item/52055#page/17/mode/1up] [All rights reserved]","https://www.biodiversitylibrary.org/item/52055#page/17/mode/1up"
"wfo-0000033511","Ausdauernde, krautige, bis 20 cm hohe Pflanze mit basaler Blattrosette. Blätter am einköpfigen Stengel verkürzt, wechselständig, Grundblätter bis 80 x 1.5 mm, linealisch, basal scheidig verbreitert mit nach oben eingerolltem Rand, kahl, stumpf, mit Harzgefässen, dicklich. Köpfchen einzeln am Ende des Stengels, dieser unterhalb des Köpfchens locker behaart, sonst kahl. Involucrum ca. 5 mm im Durchmesser, 3-4 reihig, Hüllschuppen lanzettlich (aussen) bis schwach oblanzeolat (innen), randlich kurz bewimpert sonst kahl, im Inneren mit zahlreichen rundlichen Harzgefässen, die äusseren 3 x 0.5 mm, die mittleren 5 x 1.2 mm, die inneren 5 x 0.9 mm. Zungenblüten ca. 20, Ligula 9 x 2 mm, rosa, basal schwach drüsig. Scheibenblüten zahlreich, Krone 3 mm lang, gelb, oben schwach behaart, Griffelanhängsel dreieckig. Pappusborsten zahlreich, kurz gezähnt, 3 mm lang, weiss, persistent. Achänen obovat, 2.5 x 1 mm, braun, locker mit geraden kurzen Haaren besetzt, randlich nur schwach wulstig.","Morphology","1499DF02-49AF-448D-AF49-5FF28080F65D","German","1499DF02-49AF-448D-AF49-5FF28080F65D","Grau, HRJ. 1973. Revision der gattung Felicia (Asteraceae). Mitt. Bot. Staatssamml. München 9: 195-705. [All rights reserved]",""
"wfo-0000034199","Aufrechter starrer, bis 50 cm hoher Strauch mit aufsteigenden Seitenzweigen. Der Stengel dicht mit schräg aufrechten Blättern besetzt, nach oben reich an starren, breitbasigen, rötlichen Borsten sowie Drüsen. Blätter wechselständig, sitzend, spitz eiförmig, bis 25 mm lang und 7 mm breit, mit nach unten eingerolltem, borstig gezähnelten Rand, einnervig, bis auf vereinzelte dünne Haare kahl. Köpfchen relativ gross, einzeln. Pedunkeln bis 12 cm lang, ohne Hochblätter, reich drüsig und borstig, an den Zweigenden zu 3-7 gehäuft. Involucrum zweireihig, bis 12 mm im Durchmesser. Hüllblätter lanzettlich, bis 7 x 1.5 mm, die äusseren meist mit drei eingesenkten Harzstriemen, borstig und drüsig, an der Spitze bewimpert, die inneren einnervig mit wenigen Borsten auf der Rippe, sonst kahl, im oberen Teil wimprig gezähnt. Ca. 20 Zungenblüten, Ligula 15 x 2 mm, blau. Scheibenblüten zahlreich, Krone bis 4 mm, gelb, Griffel mit dreieckigen Anhängseln. Pappusborsten zahlreich, bis 5 mm lang, gelblich-weiss, gezähnt, abfallend. Achänen spitz obovat, 2.5 x 1.5 mm, kahl, glänzend schwarz, mit verdicktem Randsaum.","Morphology","1499DF02-49AF-448D-AF49-5FF28080F65D","German","1499DF02-49AF-448D-AF49-5FF28080F65D","Grau, HRJ. 1973. Revision der gattung Felicia (Asteraceae). Mitt. Bot. Staatssamml. München 9: 195-705. [All rights reserved]",""
"wfo-0000040411","Aufrechter, stark verzweigter bis 1 m hoher Strauch. Spross dicht dachig beblättert, Verzweigungen oft genähert, dicht borstigwollig bis verkahlend. Blätter wechselständig, schräg nach oben gerichtet bis dem Stengel anliegend, im ersten Drittel oft ± stark abgeknickt, eiförmig bis schmal eiförmig, 10 x 3-5 mm bis 14 x 3 mm, dicklich, kahl oder randlich borstig und auch auf der Fläche locker mit Borsten besetzt, im Inneren mit zahlreichen rundlichen Sekretbehältern. Köpfchen einzeln, an kurzen (-4 cm) bis fehlenden ± subcorymbos gehäuften, dicht borstig wolligen Pedunkeln. Involucrum 3-4-reihig, bis 1.5 cm im Durchmesser. Hüllblätter lanzettlich, verschieden lang, die äussersten 4 x 1 mm, die innersten 9 x 1.2 mm, an den freiliegenden Teilen ± stark mit breitbasigen Borsten besetzt, oben mit rundlich-länglichen Sekretbehältern. Ca. 25 Zungenblüten, Ligula 13 x 1.8 mm, blau-lila, basal behaart. Scheibenblüten zahlreich, Krone 3-4 mm lang, gelb, Griffelanhängsel schmal dreieckig. Pappusborsten zahlreich, gelblich weiss, ca. 4 mm lang, kurz gezähnt, oben etwas verbreitert. Achänen obovat-elliptisch, 3 x 1.2 mm, gelbbraun bis rötlich, mit deutlichem Randwulst; die der Zungenblüten kahl, die der Scheibenblüten auf der Fläche locker kurzhaarig.","Morphology","1499DF02-49AF-448D-AF49-5FF28080F65D","German","1499DF02-49AF-448D-AF49-5FF28080F65D","Grau, HRJ. 1973. Revision der gattung Felicia (Asteraceae). Mitt. Bot. Staatssamml. München 9: 195-705. [All rights reserved]",""
"wfo-0000042032","Einjährige, krautige, aufrechte, bis 25 cm hohe, verzweigte Pflanze. Blätter wechselständig, höchstens die ersten basalen gegenständig, lanzettlich bis oblanzeolat, ganzrandig, 20 x 3 mm bis 40 x 5 mm, sitzend, einnervig, borstig oder bisweilen auch drüsig. Köpfchen einzeln an bis zu 8 cm langen, borstig und drüsig behaarten Pedunkeln. Involucrum zweireihig, bis 7 mm im Durchmesser. Hüllblätter borstig und drüsig, die äusseren lanzettlich 4 x 1 mm, die inneren obovat 5 x 2 mm, verkahlend, breit hautrandig. Zungenblüten ca. 15, Ligula blau mit leicht violettem Ton, 13 x 2.5 mm, mit behaarter Röhre. Scheibenblüten zahlreich, Krone gelb, bis 5 mm lang, mit dreieckigen Griffelanhängseln. Pappusborsten gleichlang, kräftig, gelblich-weiss, gezähnt, 3.5 x 5 mm lang, abfallend, den Zungenblüten fehlend. Achänen obovat, ca. 3 x 1.5 mm, gelblich-braun, schuppig, mit bis 1 mm langen keuligen Haaren und kräftig verdicktem Rand.","Morphology","1499DF02-49AF-448D-AF49-5FF28080F65D","German","1499DF02-49AF-448D-AF49-5FF28080F65D","Grau, HRJ. 1973. Revision der gattung Felicia (Asteraceae). Mitt. Bot. Staatssamml. München 9: 195-705. [All rights reserved]",""
"wfo-0000043003","Höhe: 10-30 cm. Hauptspross: aufsteigend bis aufrecht, stark, bisweilen knorrig verholzt, an der Basis 8-12 cm im Durchmesser. Verzweigung: Verzweigungsbeginn sehr unterschiedlich, Hauptspross sich 2-15 cm über dem Boden in wenige ± aufrechte Seitenäste verzweigend. Stengel: ältere Abschnitte verholzt, graubraun, verkahlt und entblättert, jüngere Abschnitte hellbraun, dicht mit abstehenden, langen, weissen, mehrzelligen Borsten behaart und gleichmässig dicht beblättert. Blätter: schräg nach oben gerichtet, hellgrün-oliv, oblanzeolat-spatulat mit blattstielartig verschmälerter Basis, im Querschnitt flach, 10-40 mm lang und 2-7.5 mm breit, beidseitig dicht, ± abstehend beborstet, Haare weiss, mehrzellig, bis zu 2 mm lang mit verdickter, meist rotbraun-harziger Basalzelle, Mittelrippe hellbraun, auf der Blattunterseite etwas erhaben. Blattansatz: auffällig, Blattbasis hellbraun, verbreitert und etwas aufgewölbt. Köpfchenstiel: 1-5.3 cm lang, oliv-hellbraun, dicht mit abstehenden, weissen Borsten bestanden, blattlos oder mit 1-2 Hochblättern, deutlich gerillt. Köpfchen: gross, einzeln oder zu zweien an den Enden der Seitenverzweigungen. Involucrum: 1.2-1.5 cm im Durchmesser. Hüllschuppen: 4-reihig, hellolivgrün, später gelbbraun, meist nur die inneren mit hellerem Rand, Mittelnerv rotbraun, meist harzig, 3-8 mm lang und 0.7-1 mm breit, (äusserste Hüllschuppe 3.0-5.0 mm x 0.5-1 mm, innerste 6.5-8 mm x 1.0 mm) lanzettlich-linealisch-oblanzeolat, in eine lange, schmale Spitze ausgezogen, nur innere bzw. innerste Hüllschuppe mit häutigem, kaum gefranstem Rand, Hüllschuppen dicht, weiss, mit bis zu 1 mm langen weissen Borsten behaart, nach innen zu, besonders basal, verkahlend, ± dicht drüsig. Drüsigkeit nach innen zunehmend. Röhrenblüten: ca. 150, Krone 4.5-6.0 mm lang, in den unteren zwei Dritteln locker drüsig, an den Einschnitten zwischen den Kronzipfeln gut sichtbare, rotbraune Ölbehälter, die etwas nach oben ausgezogen sind und die Kronzipfel fast bis zur Spitze umranden, Kronzipfel 0.7-0.8 mm lang und 0.4 mm breit, zurückgeschlagen und auf der Aussenseite locker drüsig, Krone hellgelb, bisweilen von oben her rötlich-violett überlaufen. Griffelschenkel: schmal, verschiedentlich mit rotbraunen Ölbehältern 1.9-2 mm lang, Griffelanhängsel 0.5 mm lang, dreieckig (ca. 2.5:1). Innenpappus: mit 18-22 Borsten, 4.0-5.5 mm lang, kurz gezähnt, persistent. Aussenpappus: ca. 20-24, ungefähr 0.1 mm lange, wenigzellige, etwas unregelmässige, lanzettlich-dreieckige, engstehende, basal verwachsene Schüppchen. Achänen: schmal herzförmig bis obovat, abgeflacht, 2.5-2.9 mm lang und 1-1.2 mm breit, reife Achänen intensiv dunkelrotbraun, ± dicht, mittellang behaart, Ölkörper an den Achänenschultern, sehr stark ausgeprägt, fuchsrot bis rotbraun glänzend, bei reifen Achänen nicht mehr zu erkennen.","Morphology","BFA1B0C8-1825-42E1-A7BD-2162493EEF6C","German","BFA1B0C8-1825-42E1-A7BD-2162493EEF6C","Bayer, E. 1981. Revision der Gattung Chrysocoma L. (Asteraceae - Astereae). Mitt. Bot. Staatssamml. München 17: 259-392. [All rights reserved]",""
"wfo-0000044510","Ausdauernder, bis 50 cm hoher Strauch; stark verzweigt und basal stark verholzt mit graubrauner Rinde. Blätter unterschiedlich dicht, abstehend bis nach oben gerichtet, gegenständig bis wechselständig, lanzettlich bis eiförmig, 10 x 2.5 mm bis 20 x 10 mm, starr borstig und bisweilen auch fein drüsig, unterseits oft verkahlend (mit Ausnahme von Rand und Rippe), Rand nach unten eingerollt. Köpfchen einzeln an bis zu 16 cm langen stark behaarten Pedunkeln. Involucrum zweireihig, bis 0.8 cm im Durchmesser. Äussere Hüllblätter 1 x 5 mm, lanzettlich, einnervig bis schwach dreinervig, drüsig und kurzhaarig mit sehr starken breitbasigen [as breibasigen], mehrzelligen rotzelligen Borsten, innere 1 x 5 mm, oblanzeolat, einnervig, wenigborstig und schwächer drüsig, mit kurz feingesägter stumpfer Spitze. Ca. 14 Zungenblüten, Ligula 7 x 2 mm, an Basis und Ende drüsig behaart. Scheibenblüten zahlreich, Krone 3.5 mm, gelb, basal drüsig, Anhängsel der Griffel dreieckig, Pappusborsten ca. 3 mm lang, weiss, kurz gezähnt, ± abfallend. Achänen 2.5 x 1.7 mm, breit elliptisch bis obovat, glatt, dicht kurzhaarig, braun-grünschwarz, mit deutlich ausgebildetem Randwulst.","Morphology","1499DF02-49AF-448D-AF49-5FF28080F65D","German","1499DF02-49AF-448D-AF49-5FF28080F65D","Grau, HRJ. 1973. Revision der gattung Felicia (Asteraceae). Mitt. Bot. Staatssamml. München 9: 195-705. [All rights reserved]",""
"wfo-0000045774","Ein- bis mehrjährige, aufrechte, sehr stark verzweigte, (15-)20-30(-40) cm hohe und 15-20(- 50) cm breite Pflanze von halbstrauchigem bis zwergstrauchigem Wuchs. Hauptspross aufrecht, oft so lang oder fast so lang wie die ganze Pflanze, an der Basis bis 15 (selten bis 50) mm stark. Seitenzweige sehr zahlreich, steif aufrecht, Verzweigungswinkel um 45°, ganze Pflanze daher im Längsschnitt ± rhombisch bis fächerförmig. Stengel beige bis hellbraun, durch herablaufende Ölbehälter etwas gestreift, dicht mit kurzen, dünnen und gelegentlich einzelnen langen, abstehenden, gegliederten Borstenhaaren besetzt, im unteren Bereich verkahlend, im oberen Bereich dicht beblättert. Blätter bis auf die untersten Blattpaare wechselständig, schmal linealisch, ganzrandig, sehr selten mit 1 bis 2 grossen Zähnen (bis 3 x 1 mm) auf jeder Seite, (8-)17-35(-40) mm lang und 2.0-2.5(-4.0) mm breit, hellgrün bis oliv, gelegentlich mit ovalen rötlichen Ölbehältern durchsetzt, beiderseits dicht mit kurzen, dünnen, abstehenden oder nach vorn gerichteten Borstenhaaren und wenigen kopfigen Drüsen besetzt. Köpfchen sehr zahlreich, einzeln an den Zweigenden auf nicht abgesetzten, 0.5-1.5 cm langen Pedunkeln. Bei mehrjährigen Pflanzen die Köpfchen der neuen Triebe die alten überragend. Involucrum ca. 4-reihig, (5-)6-7(-8) mm im Durchmesser, schmal glockig, bei der Reife etwas spreizend. Hüllschuppen dachig, linealisch-lanzettlich, 3 x 0.5 mm (aussen) bis 8(-9) x 1.0 mm (innen), gelbgrün, bei vorjährigen Köpfchen grau, mit harzigem Mittelnerv, drüsig und kurzborstig behaart, die äusseren zum Teil mit einzelnen langen, gegliederten Borstenhaaren, die inneren häutig berandet und an der Spitze etwas gefranst. Köpfchenboden leicht gewölbt, bis ca. 2 mm im Durchmesser. Spreuschuppen linealisch, 7-10 x 0.6-0.8 mm, häutig, gelblich, oft mit grünlicher oder rötlicher Spitze, mit orange­rotem, harzigem Mittelnerv, drüsig, im oberen Teil kurzborstig. Zungenblüten fehlend. Röhrenblüten 30-40(-60), alle zwittrig; Krone schmal, bei randständigen Blüten deutlich nach aussen gebogen, bei Blüten in der Mitte des Köpfchens gerade, 6-8 mm lang, leuchtend gelb, manchmal mit grüner Spitze, im unteren Teil drüsig; Kronzipfel zusammenneigend, Ölstriemen entweder an allen 5 Einschnitten zwischen den Kronzipfeln oder nur an den 3 nach innen gewandten; Griffelanhängsel lang dreieckig (ca. 2:1); Antheren 1.8-2.2 mm lang. Pappus bestehend aus Borsten und Schuppen; Borsten 5, gezähnt, (3.5-)3.9-4.9(-5.2) mm lang; Schuppen ebensoviele, gestutzt bis spitz, 0.1-0.4 mm lang, bei der Reife aufrecht stehen bleibend. Achänen relativ schmal, keilig-oblanzeolat, 3.5-4.0 x 1.3-1.5 mm, bräunlich-weiss mit hellerem Rand, in Einzelfällen (Z.B. DINTER 3915) mit einem kleinen, runden, gelben Harzbehälter in der Mitte nur einer Breitseite direkt unterhalb des Pappus. Epidermiszellen wenig gewölbt. Achänenhaare bis 0.2 mm lang, kurz zweispitzig. Achänen der inneren Blüten nur randlich bewimpert, Achänen der randständigen Blüten auch auf der Fläche behaart.","Morphology","269E3D99-16F7-487E-A5E5-701C622F96D4","German","269E3D99-16F7-487E-A5E5-701C622F96D4","Rommel, A. 1977. Die Gattung Amellus L. (Asteraceae-astereae). Systematischer Teil. Mitt. Bot. Staatssamml. München 13: 579-728. [All rights reserved]",""
"wfo-0000061432","Mehrjähriges kriechendes Kraut. Nur blühende Triebe aufrecht, bis 15 cm hoch. Blätter wechselständig, basal etwas gehäuft, an den blühenden Stengeln locker und nach oben an Grösse und Zahl abnehmend, linealisch, bis 10 x 1 mm, dicklich, am Rand lang abstehend behaart, Blattfläche kahl oder verkahlend. Köpfchen einzeln an den aufrechten Stengeln. Pedunkeln nur undeutlich abgesetzt, oben weisshaarig bis wollig. Involucrum ca. 4-reihig, bis 6 mm im Durchmesser. Hüllschuppen lanzettlich, haarig bis kahl, mit Harzstreifen, die äusseren 3 x 0.5 mm, die mittleren 4 x 0.8 mm, die inneren 5 x 1 mm. Zungenblüten ca. 30, Ligula 8 x 1 mm, blauviolett. Scheibenblüten zahlreich, Krone gelb, bis 4 mm lang, Griffelanhängsel breit dreieckig. Pappusborsten zahlreich, bis 3 mm lang, undeutlich gezähnt, weiss, ± persistent. Achänen obovat, 2.5 x 1 mm, braun, kurz und locker behaart.","Morphology","1499DF02-49AF-448D-AF49-5FF28080F65D","German","1499DF02-49AF-448D-AF49-5FF28080F65D","Grau, HRJ. 1973. Revision der gattung Felicia (Asteraceae). Mitt. Bot. Staatssamml. München 9: 195-705. [All rights reserved]",""
"wfo-0000046078","Einjähriges, sehr unterschiedlich hohes (5-40 cm), bei kleinen Exemplaren schwach, bei grösseren üppig verzweigtes, aufrechtes, meist zartes Kraut. Die untersten Blätter gegenständig, nach obenhin wechselständig, lanzettlich, elliptisch oder obovat, die basalen undeutlich gestielt, bisweilen schwach gezähnelt, bis 6 x 1 cm, selten grösser, 1-nervig, borstig behaart, Köpfchen sehr unterschiedlich gross (je nach Ernährungslage der Pflanze), an unterschiedlich langen Pedunkeln (vereinzelt bis 10 cm lang), diese am Stengelende bisweilen gehäuft, mit einzelnen kleinen Hochblättern, borstig behaart und mitunter leicht drüsig. Involucrum klein bis mittelgross (bis 7 mm im Durchmesser). Hüllblätter etwa dreireihig, zwei Reihen innen stehend, etwa gleich lang, (0.5-1 x 3.5 mm) dazu eine Aussenhülle von nur halb so grossen (2 x 0.5 mm), in der Anzahl wechselnden Hüllblätter. Die Hüllblätter borstig behaart, seltener drüsig, nach innen verkahlend, lanzettlich bis oblanzeolat. Zahl der Zungenblüten je nach Grösse der Köpfchen wechselnd, Ligula etwa 10 x 1.2 mm gross, blau. Scheibenblüten zahlreich, Krone bis 3 mm lang, freie Zipfel mit gelbbraunen dicklichen Haaren. Griffelanhängsel dreieckig. Pappusborsten relativ zahlreich, weiss, gezähnt, abfallend. Achänen obovat, klein 2 x 1 mm, mittelbraun, gleichmässig, relativ dicht zarthaarig, ohne Randsaum, Flächen relativ stark gewölbt. Sehr variable Art.","Morphology","1499DF02-49AF-448D-AF49-5FF28080F65D","German","1499DF02-49AF-448D-AF49-5FF28080F65D","Grau, HRJ. 1973. Revision der gattung Felicia (Asteraceae). Mitt. Bot. Staatssamml. München 9: 195-705. [All rights reserved]",""
"wfo-0000054953","Bis 100 cm hoher, stark verzweigter Strauch. Stamm und Seitenzweige mit faserig sich ablösender graubrauner Rinde, mit jungen sterilen Langtrieben endend, in den Blattachseln der zweijährigen und älteren Langtriebe mässig gestauchte Kurztriebe mit 1-3 Blütenköpfchen. Blätter wechselständig, lanzettlich bis oblanzeolat, spitz, flach, schwach sukkulent, bis 13 x 2.5 mm, durch im Blatt liegende rundliche Harzbehälter undeutlich gefleckt, kahl bis auf die randlich bewimperte und auf der Innenseite (=Oberseite) wollhaarige, verbreiterte, etwas den Stengel herablaufende Blattbasis. Köpfchen mittelgross an weitgehend blattlosen, bis 2.5 cm langen Pedunkeln. Involucrum dachig, bis 4-reihig, ca. 0.8 cm im Durchmesser. Die Hüllschuppen von aussen nach innen grösser werdend, die äussersten 1.5 x 0.5 mm, die innersten 4 x 1 mm, lanzettlich, mit Harzschwielen, gelbbraun, glattrandig, kahl bis auf die untersten, noch den Pedunkeln ansitzend; diese an der inneren Basis schwach wollhaarig. Zungenblüten bis ca. 20, Ligulae 10 x 2 mm, violett, selten weiss. Scheibenblüten zahlreich, Krone bis 4 mm lang, gelb. Griffelanhängsel schmal dreieckig. Pappusborsten zahlreich, verschieden lang, jedoch nicht zweireihig, die längeren bis 4 mm, gezähnt, die kürzeren 0.1 mm, schuppig, weiss, persistent. Achänen 2.5 x 1 mm, schmal obovat, ausgereift mit schuppiger Epidermis, dunkelbraun, mit hellerem Rand, locker gleichmässig seidig behaart.","Morphology","1499DF02-49AF-448D-AF49-5FF28080F65D","German","1499DF02-49AF-448D-AF49-5FF28080F65D","Grau, HRJ. 1973. Revision der gattung Felicia (Asteraceae). Mitt. Bot. Staatssamml. München 9: 195-705. [All rights reserved]",""
"wfo-0000064196","Niedriger, bis 30 cm hoher, reich verzweigter, knorriger, basal meist stark verholzter Strauch mit schwarzer Rinde. Blätter wechselständig, sehr schmal, fädlich bis nadelig, mit stark verbreiterter Basis sitzend, ± sukkulent, undeutlich spitz, ca. 0.3 mm im Durchmesser, bis 15 mm lang, kahl, selten stärker borstig. In den Achseln der Blätter der jungen Langtriebe dicht büschelig beblätterte Kurztriebe. Die Tragblätter dieser Kurztriebe basal besonders stark verbreitert (bis zu 1.5 mm), mit geknietem, stark hervortretenden Mittelnerv. Behaarung des Stengels in den Blattachseln weiss-borstig, sonst nur mit vereinzelten Borsten, unterhalb der Köpfchen kahl (im Süden des Areals) oder dicht gestielt-drüsig. Köpfchen einzeln an bis zu 6 cm langen, zarten Pedunkeln. Involucrum 4-5 mm im Durchmesser, ca. 4-reihig. Hüllschuppen kahl oder drüsig, selten mit wenigen Borsten, mit harziger Mittelrippe, die äusseren lanzettlich 2 x 0.5 mm, die inneren oblanzeolat 3.5 x 0.7 mm, schmal hautrandig. Zungenblüten relativ zahlreich, ca. 25 Stück, Ligula 13 x 1.5 mm, hell- bis dunkelviolett, röhriger Teil behaart. Scheibenblüten zahlreich, Krone bis 3.5 mm lang, gelb, oft rötlich überlaufen, Griffelanhängsel kurz dreieckig. Pappusborsten zahlreich, bis 2.5 mm lang, weiss, kurz gezähnt abfallend. Achänen ca. 2.2 x 1 mm, obovat, bräunlich, glatt bis schuppig, mit undeutlichem Randsaum, locker bis relativ dicht behaart. Achänenhaare am Ende plötzlich zu einem ‘brillenartigen’ Gebilde verbreitert.","Morphology","1499DF02-49AF-448D-AF49-5FF28080F65D","German","1499DF02-49AF-448D-AF49-5FF28080F65D","Grau, HRJ. 1973. Revision der gattung Felicia (Asteraceae). Mitt. Bot. Staatssamml. München 9: 195-705. [All rights reserved]",""
"wfo-0000060216","Sparrig verzweigter, besonders basal stark verholzter, bis 40 cm hoher Strauch. Stengel grauschwarz, am Ende mit locker beblätterten Langtrieben, seitlich mit Kurztrieben, basale Teile sekundär blattlos. Blätter wechselständig, schräg nach oben gerichtet, bis 10 x 2 mm, linealisch, schwach sukkulent, ihre obere Hälfte ± stark nach oben eingerollt, beidseitig nach vorne gerichtet borstig behaart, Blattachseln dicht weissborstig, Basis auf der Unterseite mit knieförmig in den Stengel übergehenden Mittelnerv. Köpfchen einzeln an den Enden der Langtriebe, Pedunkeln undeutlich abgesetzt, ca. 4 cm lang, nach oben verarmend beblättert, abstehend borsthaarig. Involucrum ca. 4-reihig, knapp 2 cm im Durchmesser. Hüllblätter dachig, 4 x 2 mm (aussen) bis 6.5 x 2 mm (innen), schmal eiförmig bis lanzettlich, oben braunrot pigmentiert, borstig behaart, mit relativ breitem, gefransten, trockenhäutigen Rand. Ca. 13 Zungenblüten. Ligulae 13 x 2 mm, blau-violett. Scheibenblüten zahlreich. Krone 5 cm lang, gelb; Griffelanhängsel schmal dreieckig. Pappusborsten zahlreich, 8 mm lang, gelblich weiss, gezähnt, persistent, selten basal wenige kurze Schuppen. Achänen obovat, 4 x 2 mm, ± gleichmässig seidig behaart, braun, schuppig, ohne Randwulst.","Morphology","1499DF02-49AF-448D-AF49-5FF28080F65D","German","1499DF02-49AF-448D-AF49-5FF28080F65D","Grau, HRJ. 1973. Revision der gattung Felicia (Asteraceae). Mitt. Bot. Staatssamml. München 9: 195-705. [All rights reserved]",""
"wfo-0000070274","Ein meist einstengeliges, 40-60 cm grosses, ausdauerndes Kraut mit mehreren nickenden Köpfchen. Stengel bräunlich-grün, behaart, dicht beblättert, kaum verzweigt. Blätter verkehrt eiförmig, bis 20 x 8 cm, sitzend, geöhrt, beiderseits behaart (Drüsenhaare, fädige Gliederhaare), Rand flachbuchtig gezähnt. Köpfchen bis zu 5, an bis 4 cm langen, leicht gekrümmten Köpfchenstielen. Involucrum halbkugelig, 4- bis 5-reihig, 11-16 mm hoch, wenig kompakt erscheinend. Hüllschuppen blassgrün, krautig, ± stark behaart (Drüsenhaare, fädige Gliederhaare, ± steife Haare), die äussersten schmal dreieckig, 5 x 1.4 mm, vom Mittelnerv ± deutlich Seitennerven abzweigend, die inneren und innersten linealisch-lanzettlich, 12.8 x 1 mm und 12 x 0.8 mm, Rand hyalin, zerschlitzt, Spitzen gefranst, rotbraun. Zungenblüten 10-18, Ligula löffelförmig, 2.5 x 1.5 mm, blassgrün, 2- bis 3-zähnig oder 3-zipfelig, 4- bis 5-nervig, unterseits behaart (Drüsenhaare, steife Haare), stets Staminodien, gelegentlich Kronzipfelrudimente vorhanden - oder als Randblüten zygomorphe Röhrenblüten, 5-zipfelig, mit zurückgebildeten, funktionslosen Antheren. Scheibenblüten 36-69, Krone 8.30-11 mm lang, blassgrün, behaart (Haarformen der Zungenblüten). Pappus bestehend aus 38-45, bis 10.1 mm langen, barbellaten Borstenhaaren in 2-3 Kreisen, Borsten des äusseren Kreises teilweise kürzer und schwächer, zerschlitzt bis gezähnt. Achänen (noch nicht ganz reif) länglich, zylindrisch, 4.2 x 0.9 mm, braun, mit 9-10 Rippen, mit Drüsenhaaren und steifen Zwillingshaaren besetzt.","Morphology","570F125F-CAC5-4C20-AC0D-E25AAF15369F","German","570F125F-CAC5-4C20-AC0D-E25AAF15369F","Kroner, G. 1980. Systematische studien im umkreis von Athrixia Ker-Gawler (Asteraceae). Mitt. Bot. Staatssamml. München 16: 1-268. [https://www.biodiversitylibrary.org/item/52055#page/17/mode/1up] [All rights reserved]","https://www.biodiversitylibrary.org/item/52055#page/17/mode/1up"
"wfo-0000070968","Niedriger, bis 30 cm hoher, basal unterschiedlich stark verzweigter Strauch; Spross basal verholzt mit graubrauner Rinde, unten kahl, oben unterschiedlich stark borstig-langhaarig. Blätter wechselständig, schräg nach oben gerichtet, oblanzeolat, flach, bis 25 x 4 mm, basal etwas verbreitert sitzend, Blattrand mit kräftigen Borsten, sonst weitgehend kahl oder selten mit wenigen langen Haaren auf der Blattunterseite, einnervig, mit basal geknietem Mittelnerv. Köpfchen einzeln an deutlich abgesetzten, bis 10 cm langen, wollhaarigen bis verkahlenden Pedunkeln. Involucrum 4-reihig, ca. 5 mm im Durchmesser. Hüllschuppen lanzettlich bis oblanzeolat, die äussersten 2 x 0.5 mm, die mittleren 3.5 x 1 mm bis 4 x 1 mm, die innersten 4 x 0.5 mm, meist alle kahl, selten die äussersten etwas behaart, alle am Rand etwas trockenhäutig gefranst, gelbgrün, mit harzigem Mittelnerv. Zungenblüten ca. 30, Ligula intensiv violett-blau(?), ca. 7 x 1 mm. Scheibenblüten zahlreich, Krone gelb, ca. 3.5 mm lang, Griffelanhängsel kurz dreieckig. Pappusborsten zahlreich, ca. 3 mm lang, weiss, kurz gezähnt, abfallend. Achänen schmal obovat, 2.5 x 1 mm, braunrot, undeutlich schuppig, locker mit kurzen geraden Haaren besetzt, Randwulst undeutlich.","Morphology","1499DF02-49AF-448D-AF49-5FF28080F65D","German","1499DF02-49AF-448D-AF49-5FF28080F65D","Grau, HRJ. 1973. Revision der gattung Felicia (Asteraceae). Mitt. Bot. Staatssamml. München 9: 195-705. [All rights reserved]",""
"wfo-0000064028","Höhe: bis 15 cm Hauptspross: aufrecht bis aufsteigend, verholzt, 3.5 mm im Durchmesser. Verzweigung: gering, Verzweigungsbeginn 5 cm über dem Boden. Stengel: basal verholzt, Rinde graubraun, verkahlt, jüngere Abschnitte gelbgrün, dicht, ± anliegend, borstig behaart, dicht beblättert. Blätter: dem Stengel nach oben angedrückt, obere Hälfte des Blattes meist zurückgebogen, gelblichgrün, spatelförmig, 3-4 mm lang und 1 mm breit, Mittelrippe auf der Blattunterseite hervortretend, randlich und unterseits am Mittelnerv gleichmässig starr borstig; die bis zu 0.5 mm langen, mehrzelligen Borsten sitzen warzigen Erhebungen des Blattes auf, sind abstehend und etwas zur Blattspitze hin gerichtet, an der Mittelrippe ± anliegend. Blattansatz: Blattbasis gelblich, etwas aufgewölbt. Köpfchenstiele: 0.3-1.5 cm lang, blattlos, dicht abstehend, weiss, behaart, Haare bis zu 0.4 mm lang. Köpfchen: einzeln an den Enden der seitlichen Verzweigungen. Involucrum: ca. 7 mm im Durchmesser. Hüllschuppen: 4-reihig, strohgelb-gelbgrün mit hellen Rändern, median olivgrün, mit rotvioletten ausgefransten Spitzen, lanzettlich bis oblanzeolat, mit kurz gefranstem, häutigem Rand, 1.8-4.8 mm lang und 0.8-1 mm breit (äusserste 1.8-2.0 mm × 0.8-0.9 mm, innerste 4.4-4.8 mm x 0.9-1 mm), äussere Hüllschuppen mit wenigen ca. 0.5 mm langen, borstigen Haaren, wenig bis locker drüsig. Röhrenblüten: ca. 50, gelb, Krone bis 3 mm lang, Kronröhre in der unteren Hälfte locker drüsig, Kronzipfel 0.8 mm lang und 0.4 mm breit, bis auf die oberste Spitze dunkel umrandet, an den Einschnitten zwischen den Kronzipfeln rotbraune Ölbehälter. Griffelschenkel: schmal, 1.1 mm lang mit kurzem, (0.3 mm lang) dreieckigem Anhängsel (ca. 1:1). Innenpappus: 20-25, 3.3-3.5 mm lange, kurz, ± grob gezähnte Borsten. Aussenpappus: 18-22 basal verwachsene, vielzellige, undeutlich gezähnte, linealisch-lanzettliche Schuppen von ca. 0.5 mm Länge. Achänen: unreif, abgeflacht, schmal obovat, 1.8 mm lang und 0.7 mm breit, gelblich-braun, dicht langhaarig, Ölkörper rotbraun, deutlich ausgebildet an den Achänenschultern, an den Rändern fein auslaufend fast bis zur Achänenbasis herabgezogen.","Morphology","BFA1B0C8-1825-42E1-A7BD-2162493EEF6C","German","BFA1B0C8-1825-42E1-A7BD-2162493EEF6C","Bayer, E. 1981. Revision der Gattung Chrysocoma L. (Asteraceae - Astereae). Mitt. Bot. Staatssamml. München 17: 259-392. [All rights reserved]",""
"wfo-0000073277","Bis 35 cm hoher, relativ stark verholzter, dicht buschiger oder in Langtrieben aufsteigender Strauch. Spross dicht anliegend weisslich behaart, Blätter wechselständig, lanzettlich bis oblanzeolat, selten obovat, 8 x 1.5 mm bis 30 x 2.5 mm oder kürzer und breiter und dann 12 x 3 mm, dicklich, graugrün, oft rötlich überlaufen, angedrückt kurzborstig, unterseits und oberseits in Stengelnähe verkahlend. Köpfchen einzeln an undeutlich abgesetzten, bis zu 6 cm langen, ganz oben etwas abstehend behaarten Pedunkeln. Involucrum ca. 3-reihig, 5 mm im Durchmesser. Hüllschuppen lanzettlich, 3 x 0. 8 mm die äussersten, 5 x 0.8 die innersten, undeutlich mit harziger Mittelrippe, borstig oder mehrzellig drüsig, nach innen hin verkahlend. Zungenblüten ca. 20, Ligula 12 x 1.5 mm, blau-violett. Scheibenblüten zahlreich, Krone gelb, oft rot überlaufen,3-4 mm lang, Griffelanhängsel dreieckig. Pappusborsten zahlreich, 3.5 mm lang, weiss, hinfällig, basal stärker, nach oben hin schwächer gezähnt. Achänen obovat, 2.5 x 1 mm, schwarz, schwach schuppig, mit Randsaum, locker mit mittellangen vorne etwas verbreiterten Haaren besetzt, relativ früh reif (d.h. schwarz) und ausfallend.","Morphology","1499DF02-49AF-448D-AF49-5FF28080F65D","German","1499DF02-49AF-448D-AF49-5FF28080F65D","Grau, HRJ. 1973. Revision der gattung Felicia (Asteraceae). Mitt. Bot. Staatssamml. München 9: 195-705. [All rights reserved]",""
"wfo-0000073296","Bis 15 cm hoher zarter Strauch, alle vegetativen Teile dicht weissfilzig behaart. Blätter wechselständig, stumpf oblanzeolat, dicklich, bis 15 x 1.5 mm, schräg nach oben gerichtet. Köpfchen einzeln, deutlich gestielt; Pedunkeln bis 4 cm lang, unterhalb der Köpfchen etwas lockerer weissfilzig. Involucrum 3-4-reihig, ca. 4 mm im Durchmesser. Hüllbätter lanzettlich, nach innen verkahlend, sonst auch weissfilzig, die äusseren 2.5 x 1 mm, die mittleren 3 x 1 mm, die inneren 3.2 x 1 mm mit harzigem Mittelnerv. Zungenblüten ca. 20, Ligula blauviolett, 6 x 1 mm. Scheibenblüten zahlreich, Krone gelb, 2.5 mm lang, Griffelanhängsel kurz dreieckig. Pappusborsten zahlreich, 2.5 mm lang, weiss, abfallend, unten stärker, oben schwächer gezähnt. Achänen obovat, 2 x 1 mm, gelbbraun, schuppig, locker mit mittellangen Haaren besetzt, die randlichen an der Spitze unverbreitert, die auf der Fläche stehenden oben verbreitert aber in zwei Spitzen endend, Randwulst ausgebildet.","Morphology","1499DF02-49AF-448D-AF49-5FF28080F65D","German","1499DF02-49AF-448D-AF49-5FF28080F65D","Grau, HRJ. 1973. Revision der gattung Felicia (Asteraceae). Mitt. Bot. Staatssamml. München 9: 195-705. [All rights reserved]",""
"wfo-0000064841","Bis 25 cm hoher, aufrechter, mässig verzweigter Strauch. Spross basal sekundär blattlos, mit schwarzbrauner Rinde, nach oben dachig beblättert und kurz abstehend borstig. Blätter wechselständig, schmal obovat, ganzrandig, 10 x 2 mm, sitzend, dicklich, faltig, gelbgrün, nach vorne gerichtet anliegend starrhaarig. Köpfchen einzeln an deutlich hervorgehobenen Pedunkeln, diese zum Teil an den Zweigenden bis zu vier gehäuft, bis 8 cm lang, mit wenigen kleinen Hochblättern, oben abstehend borstig und drüsig. Involucrum 3-4-reihig, bis 0.6 cm breit. Hüllblätter dachig, lanzettlich, die äusseren 3 x 0.8 mm, die inneren 5 x 1 mm, drüsig und mit starken mehrzelligen Borsten, mit Harzschwiele, die inneren verkahlend. Ca. 14 Zungenblüten, Ligulae 7 x 1 mm, weiss oder nach violet verfärbt, basal mit zarten mehrzelligen Drüsenhaaren. Scheibenblüten zahlreich gelb, Krone bis 4 mm lang, Röhre mit zarten mehrzelligen Drüsenhaaren. Griffelanhängsel schmal dreieckig. Pappusborsten verschieden lang, persistent, gelblich weiss, die längeren bis 4 mm lang, gezähnt, die kürzeren 0.5-1 mm lang, schmal schuppig, undeutlich gezähnt. Achänen elliptisch, 2.5 x 1.8 mm, schwarz-braun, seidig behaart, ohne Randwulst, schuppig.","Morphology","1499DF02-49AF-448D-AF49-5FF28080F65D","German","1499DF02-49AF-448D-AF49-5FF28080F65D","Grau, HRJ. 1973. Revision der gattung Felicia (Asteraceae). Mitt. Bot. Staatssamml. München 9: 195-705. [All rights reserved]",""
"wfo-0000073822","Niedriger, bis 40 cm hoher, aufrechter Strauch. Stengel zart, verzweigt, beblättert und behaart. Blätter gegenständig, sehr selten wechselständig, elliptisch bis obovat, ganzrandig, 10 x 3 mm - 25 x 10 mm, mit nach unten umgerolltem Rand, grün bis blassgrün, anliegend borsthaarig. Köpfchen einzeln an bis zu 10 cm langen Pedunkeln, diese nach oben hin angedrückt haarig bis wollhaarig. Involucrum zweireihig bis 6 mm im Durchmesser; Hüllblätter bis 5 mm lang, die äusseren lanzettlich, 1 mm breit, behaart und nach oben hin bewimpert, die inneren breit lanzettlich, bis 2 mm breit, breit trocken-hautrandig, locker behaart und nach oben dicht wollig bewimpert. Zungenblüten ca. 12, Ligula blau, bis 8 x 2 mm, mit behaarter Röhre. Scheibenblüten zahlreich, Krone gelb, bis 3.5 mm lang; Griffelanhängsel schmal dreieckig bis 0.3 mm lang. Pappusborsten gleichlang, kaum abfallend, zart, kurz gezähnt, basal glatt, weisslich, bis 3.5 mm lang. Achänen obovat, etwa 3 x 1.5 mm, schwarz, schuppig, ohne Randwulst, locker mit kurzen Haaren besetzt.","Morphology","1499DF02-49AF-448D-AF49-5FF28080F65D","German","1499DF02-49AF-448D-AF49-5FF28080F65D","Grau, HRJ. 1973. Revision der gattung Felicia (Asteraceae). Mitt. Bot. Staatssamml. München 9: 195-705. [All rights reserved]",""
"wfo-0000078008","Ausdauernde, aufsteigende bis aufrechte, 20-30(-35) cm hohe, von der Basis an verzweigte Pflanze mit wenigen Seitenästen. Hauptspross am Grunde bis 6 mm stark, aufsteigend bis aufrecht. Seitenzweige alle etwa gleichlang, aufsteigend, nicht oder nur wenig verzweigt. Stengel hellockerfarben, etwas gefurcht, sehr dicht angedrückt behaart, im unteren Teil sehr dicht beblättert. Blätter gegen standig, nur im Inflor eszenzbereich wechselständig, breit linealisch bis Oblanzeolat, stumpf, an der Basis halbstengelumfassend, ganzrandig, (20-)30-55(-60) mm lang und 3-6(-7) mm breit, helloliv, beiderseits sehr dicht mit zahlreichen anliegenden, weissen, nach vorn gerichteten, mehrzelligen Striegelhaaren und einzelnen kugeligen Drüsen besetzt, die rotbraunen Ölbehälter dadurch verdeckt. Köpfchen einzeln, relativ wenige, relativ gross, auf (2-)5-8(-14) cm langen, wenige kleine Hochblättertragenden Pedunkeln. Involucrum 5- bis 7-reihig, 19-22(-23) mm im Durchmesser, breit halbrund, bei der Reife kaum spreizend. Hüllschuppen dachig, von aussen nach innen lanzettlich bis linealisch-lanzettlich, deutlich zugespitzt, 5 x 1.8 mm (aussen) bis 9 x 1.2 mm (innen), hellockerfarben, manchmal an der Spitze grünlich überlaufen, bei vorjährigen Köpfchen grau, dicht und auffallend regelmässig angedrückt kurzborstig, drüsig, am Rand borstig bewimpert, harziger Mittelnerv nur undeutlich, Hautrand nur bei innersten sehr schmal vorhanden. Köpfchenboden kegelig, bis ca. 5 mm im Durchmesser. Spreuschuppen linealisch-lanzettlich, 7-9 x 0.6-0.8 mm, gelblich mit orangerotem, harzigem Mittelnerv, breit häutig berandet, oberhalb der Mitte dicht kurzborstig und drüsig. Reduzierte weibliche Randblüten wenn vorhanden 5-15 (in manchen Köpfchen fehlend), fertil, unregelmässig 3- oder 4-zipflig; Krone von unbestimmbarer heller Farbe, 3.5-6 mm lang, davon Röhre 2.0-4.0 mm, mit 1 bis 4 Staminodien. Röhrenblüten bis über 220, zwittrig; Krone schmal, 5-6.5 mm lang, gelb, oft mit grün überlaufenen Kronzipfeln, unterhalb der Mitte drüsig behaart, auf den Kronzipfeln mit zahlreichen mehrzelligen, bis 0.5 mm langen, steif nach oben gerichteten Borstenhaaren, an den 3 zur Innenseite gewandten Einschnitten zwischen den Kronzipfeln mit langen Ölstriemen; Griffelanhängsel lang dreieckig (ca. 2:1); Antheren 1.8-2.2 mm lang. Pappus nur aus einem Kranz bis 0.3 mm langer, basal ± verwachsener, unregelmässig zerteilter Schuppen bestehend, bei der Reife aufrecht stehenbleibend; Borsten fehlend. Achänen obovat bis keilformig, 3.0-3.5 x 1.3-1.5 mm, bräunlichweiss mit weissem Rand, Epidermiszellen wenig gewölbt. 2 Typen von Achänenhaaren nebeneinander vorkommend: mehrere bis 0.1 mm lange, relative breite, kurz zweispitzige Zwillingshaare und vereinzelte bis 0.2 mm lange, gegliederte Borstenhaare. Achänen der Röhrenblüten nur randlich bewimpert, Achänen der reduzierten Randblüten auch auf der Fläche behaart.","Morphology","269E3D99-16F7-487E-A5E5-701C622F96D4","German","269E3D99-16F7-487E-A5E5-701C622F96D4","Rommel, A. 1977. Die Gattung Amellus L. (Asteraceae-astereae). Systematischer Teil. Mitt. Bot. Staatssamml. München 13: 579-728. [All rights reserved]",""
"wfo-0000080026","Aufrechter, bis 30 cm hoher, relativ reich verzweigter Strauch. Spross in den unteren Teilen sekundär blattlos, dunkel berindet. Blätter wechselständig, dachig nach oben gerichtet, pfriemlich, bis 7 x 1 mm, mit breiter Basis sitzend, unterseits gewölbt, Oberseite flach, kahl bis auf den borstig bewimperten Rand der Blattbasis, im Inneren mit zahlreichen durchscheinenden Harzgefässen; Blattachseln kaum auffallend behaart. Köpfchen einzeln, endständig. Pedunkeln kurz, selten bis 4 cm lang, mit zahlreichen kleinen Hochblättern, oben zart wollhaarig. Involucrum 3-4-reihig, 0.6 cm im Durchmesser. Hüllblätter dachig, lanzettlich, 3 x 1 mm (aussen) bis 7 x 1 mm (innen), kahl, nur randlich schmal trockenhäutig bewimpert, mit Harzstriemen, strohig gelb, Spitze rotgetönt. Ca. 13 Zungenblüten, Ligulae 9 x 2 mm, leuchtend blau. Scheibenblüten zahlreich, Krone gelb, 5 mm lang, Griffelanhängsel dreieckig. Pappusborsten zahlreich, persistent, alle gleichlang, bis 5 mm, bräunlich weiss, kurz gezähnt. Achänen elliptisch, 3 x 1.5 mm, gleichmässig lang seidig behaart oder Haare auf die Basis und den Rand beschränkt.","Morphology","1499DF02-49AF-448D-AF49-5FF28080F65D","German","1499DF02-49AF-448D-AF49-5FF28080F65D","Grau, HRJ. 1973. Revision der gattung Felicia (Asteraceae). Mitt. Bot. Staatssamml. München 9: 195-705. [All rights reserved]",""
"wfo-0000081038","Reich verzweigter, relativ zarter, bis 2 m hoher Strauch. Spross rötlich braun, kurz borstig. Blätter wechselständig, oblanzeolat, mit breiter Basis sitzend, die Spitze oft zurückgekrümmt, 2 x 5 mm bis 4 x 10 mm, selten grösser, stumpf bis spitz, schmutzig gelb-grün, kurz borstig und drüsig. Köpfchen mittelgross, an langen (-15 cm) endständigen, gehäuften oder seitenständigen, besonders oben dicht drüsigen Pedunkeln. Involucrum 3-4-reihig, ca. 7 mm im Durchmesser. Hüllschuppen lanzettlich, 2.5 x 0.8 mm (aussen) bis 6 x 0.5 mm (innen), gelblich grün, oft rot überlaufen, borstig und drüsig, nach innen verkahlend, randlich nicht trockenhäutig, in der Mitte mit undeutlichem Harzstreifen. Zungenblüten ca. 18, Ligula 7 x 3 mm, weiss bis violett, selten fehlend. Scheibenblüten zahlreich, Krone 4 mm lang, gelb, Griffelanhängsel kurz dreieckig. Pappusborsten zahlreich, gelblich weiss, 3 mm lang, kurz gezähnt, ± abfallend. Achänen elliptisch, braunschwarz, kahl, 3 x 1 mm, mit undeutlichem Randwulst.","Morphology","1499DF02-49AF-448D-AF49-5FF28080F65D","German","1499DF02-49AF-448D-AF49-5FF28080F65D","Grau, HRJ. 1973. Revision der gattung Felicia (Asteraceae). Mitt. Bot. Staatssamml. München 9: 195-705. [All rights reserved]",""
"wfo-0000081620","Ausdauernde, aufsteigende bis aufrechte, breit ausladende, von der Basis an stark verzweigte, 20-25(-40) cm hohe und 25-60 cm breite Pflanze. Hauptspross am Grunde bis 15 mm stark, aufsteigend bis aufrecht. Seitenzweige 1. Ordnung spreizend, niederliegend bis aufsteigend, lang, reichverzweigt, Seitenzweige 2. Ordnung aufsteigend, viel kürzer. Stengel ockerfarben bis bräunlich, etwas gefurcht, sehr dicht anliegend behaart mit nach vorn gerichteten Striegelhaaren, gelegentlich - besonders an der Ansatzstelle der Blätter - mit einzelnen abstehenden, längeren, dünnen, gegliederten Borstenhaaren; dicht beblättert. Blätter überwiegend gegenständig, oben allmählich wechselständig, breit oblanzeolat bis obovat (bis spatelig), (stumpf bis) abgerundet bis gestutzt, an ·der Basis halbstengelumfassend, ganzrandig (nur in Kultur mit wenigen winzigen Zähnchen), 15-30(-50) mm lang und (2-)4-7(-9.5) mm breit, blass hellgrün, mit länglichen, rotbraunen Ölbehältern durchsetzt, beiderseits sehr dicht mit nach vorn anliegenden Striegelhaaren und wenigen kopfigen Drüsen besetzt, 1-nervig, grössere Blätter undeutlich 3-nervig. Köpfchen einzeln an den Zweigenden auf undeutlich abgesetzten, 2-6(-10) cm langen, einige Hochblätter tragenden Pedunkeln; oberste Hochblätter sehr schmal, nur bis ca. 5 mm lang, dem Köpfchen genähert. Involucrum 4- bis 6-reihig, (9-)12-16(-18) mm im Durchmesser, breit halbrund bis becherförmig, bei der Reife kaum spreizend. Hüllschuppen dachig, linealisch-lanzettlich, 4 x 0.8 mm (aussen) bis 8-9 x 1.0 mm (innen), hell gelbgrün, oft mit rötlicher Spitze, bei vorjährigen Köpfchen grau, sehr dicht mit kurzen anliegenden Borstenhaaren und kopfigen Drüsen besetzt, mit harzigem Mittelnerv, randlich bewimpert, die mittleren an der Spitze gefranst, die inneren häutig berandet. Köpfchenboden kegelig, bis ca. 4 mm im Durchmesser. Spreuschuppen linealisch-lanzettlich, 7-9 x 0.8 mm, gelblich, an der Spitze oft rötlich überlaufen, häutig, mit orange­rotem, harzigem Mittelnerv, dicht mit kugeligen Drüsen und besonders im oberen Teil mit kurzen Borstenhaaren besetzt. Zungenblüten (18-)20-30; Ligula schmal obovat, (11-)12-13(-14) mm lang und (2.5-)2.8-3.3(-4.0) mm breit, blauviolett, selten weiss (SALTER 5695); Röhre 3.0-3.5(-4.0) mm lang, mit zottigen Drüsen. Röhrenblüten bis über 140; Krone schmal, 5-6 mm lang, gelb, manchmal oben rötlich überlaufen, im unteren Teil mit langen Drüsen; Ölstriemen entweder nur an den 3 nach innen gewandten Einschnitten zwischen den Kronzipfeln oder an allen 5, dann oft 3 lange Ölstriemen nach innen und 2 kurze nach aussen weisend; Griffelänhangsel lang dreieckig (ca. 2:1); Antheren 2.0-2.3 mm lang. Pappus bestehend aus Borsten und Schuppen; Borsten meist 5 (selten bis 8), dicht gezähnt, ( 0.7-)0.8-1.5(-2.1) mm lang; Schuppen ebensoviele, spitz, 0.3-0.4 mm lang, bei der Reife aufrecht stehen bleibend. Achänen keilig-obovat, 3.0-3.3 x 1.3-1.5 mm, bräunlich­weiss mit weissem Rand, Epidermiszellen wenig gewölbt. Achänenhaare bis 0.1 mm lang, relativ breit, kurz zweispitzig. Achänen der Röhrenblüten nur randlich bewimpert, Achänen der Zungenblüten auch auf der Fläche behaart.","Morphology","269E3D99-16F7-487E-A5E5-701C622F96D4","German","269E3D99-16F7-487E-A5E5-701C622F96D4","Rommel, A. 1977. Die Gattung Amellus L. (Asteraceae-astereae). Systematischer Teil. Mitt. Bot. Staatssamml. München 13: 579-728. [All rights reserved]",""
"wfo-0000082233","Niedriger, zarter, bis 30 cm hoher, reich verzweigter Strauch. Alle vegetativen Teile dicht kurzborstig und drüsig. Blätter gegen- bis wechselständig, umgekehrt eiförmig, stumpf, mehr oder weniger deutlich gestielt, 15 x 4 mm bis 30 x 8 mm. Köpfchen klein, einzeln und gestielt. Pedunkeln bis 7 cm lang und besonders nach oben hin dicht kurzborstig und drüsig. Involucrum 3-4-reihig, bis 3 mm im Durchmesser. Hüllblätter lanzettlich, mit Harzrippen besetzt, die äusseren 1.5 x 0.3 mm, kurzborstig und drüsig, die inneren 3 x 0.5 mm, verkahlend und undeutlich hautrandig. Zungenblüten ca. 20; Ligula weiss bis blau, bis 3.5 x 0.8 mm, mit behaarter Röhre. Scheibenblüten zahlreich, Krone gelb, bis 3 mm lang, Griffelanhängsel dreieckig. Pappusborsten gleichlang, zart, gezähnt, weiss, bis 3 mm lang, abfallend. Achänen obovat, etwa 1.5 x 0.8 mm, bräunlich, schuppig, berandet, dicht mit längeren Haaren besetzt.","Morphology","1499DF02-49AF-448D-AF49-5FF28080F65D","German","1499DF02-49AF-448D-AF49-5FF28080F65D","Grau, HRJ. 1973. Revision der gattung Felicia (Asteraceae). Mitt. Bot. Staatssamml. München 9: 195-705. [All rights reserved]",""
"wfo-0000083557","Einjähriges, sehr unterschiedlich grosses (4-20 cm), zartes, stark verzweigtes Kraut. Blätter wechselständig (mit Ausnahme der untersten), ganzrandig oder undeutlich gezähnt, lanzettlich, bis 35 x 5 mm, allmählich in einen schwach ausgeprägten Stiel zusammengezogen, spitz, zart, borstig und an den Blatträndern auch stärker wimprig behaart. Köpfchen einzeln an mehr oder weniger deutlich abgesetzten 2-10 cm langen Pedunkeln. Involucrum zweireihig, 2-5 mm im Durchmesser. Hüllschuppen 3 mm lang, die äusseren linealisch bis 0.5 mm breit, borstig, die inneren lanzettlich bis schmal eiförmig, bis 1 mm breit, hautrandig, schwach borstig. Anzahl der Zungenblüten je nach Grösse des Köpfchens 8-18, Ligula 12 x 1.5 mm, leuchtend blau. Scheibenblüten zahlreich, Krone bis 3 mm lang, gelb oder oft besonders oben dunkelrot getönt. Pappusborsten zahlreich, bis 2 mm lang, weiss, gezähnt, basal fast barbellat, zart, abfallend. Achänen breit obovat, 1.6 x 1 mm bis 2 x 1.5 mm, schwarz, glatt, mit unterschiedlich langen (bis 0.2 mm) keuligen mit zwei kurzen Spitzen versehenen Haaren, Randwulst deutlich ausgebildet aber flach.","Morphology","1499DF02-49AF-448D-AF49-5FF28080F65D","German","1499DF02-49AF-448D-AF49-5FF28080F65D","Grau, HRJ. 1973. Revision der gattung Felicia (Asteraceae). Mitt. Bot. Staatssamml. München 9: 195-705. [All rights reserved]",""
"wfo-0000073338","Niedrige, mehrjährige, krautige, kriechende bis aufsteigende Pflanze (bis 6 cm hoch). Stengel zart, verzweigt, dicht beblättert, verkahlend, schwarz werdend. Blätter gegenständig, basal schwach verwachsen, lanzettlich bis eiförmig, bis 6 x 3 mm, verkahlend, am Rand kurzborstig, einnervig, schwarz werdend. Köpfchen einzeln an deutlich abgesetzten, bis zu 4 cm langen oben locker borstigen Pedunkeln. Involucrum 3-4-reihig, bis 4 mm im Durchmesser. Hüllblätter eiförmig bis lanzettlich, nahezu völlig kahl, schwarz werdend, die äusseren 2 x 0.8 mm, die mittleren 9 x 1.5 mm, die inneren 9 x 1 mm. Zungenblüten ca. 14, Ligula blau, 5 x 1.5 mm. Scheibenblüten zahlreich, Krone gelb, bis 3 mm lang, Griffelanhängsel dreieckig. Pappusborsten zahlreich, zart, gleichlang, weiss, gezähnt, abfallend, bis 2.5 mm lang. Achänen undeutlich obovat, 2.5 x 1 mm, schwarz-braun, mit verdicktem Rand, locker mit kurzen Haaren besetzt.","Morphology","1499DF02-49AF-448D-AF49-5FF28080F65D","German","1499DF02-49AF-448D-AF49-5FF28080F65D","Grau, HRJ. 1973. Revision der gattung Felicia (Asteraceae). Mitt. Bot. Staatssamml. München 9: 195-705. [All rights reserved]",""
"wfo-0000073339","Höhe: 10-60 cm. Hauptspross: aufrecht, unterschiedlich stark verholzt, an der Basis je nach Alter und Standort bis zu 8 mm im Durchmesser. Verzweigung: unterschiedlich stark, bei älteren Exemplaren mehrfach übereinandergesetzte, aufrechte bis aufsteigende Seitenzweige, dadurch reich buschiger Habitus. Stengel: kahl, ältere, stärker verholzte Teile schwarzbraun, blattlos, die jüngeren Teile rötlich braun, die jüngsten Triebe grünlich, oft harzig glänzend und klebrig und unterschiedlich dicht beblättert. Blätter: dem Stengel anliegend bis schräg nach oben gerichtet, linealisch, nadelig, ± spitz, dicklich, ± dicht feindrüsig und häufig harzig klebrig, kahl oder selten vereinzelt borstig, mittel bis dunkel olivgrün, sehr unterschiedlich in der Grösse, von 1 mm lang und 0.2 mm breit über 4 mm lang und 0.4 mm breit bis 14 mm lang und 1 mm breit. Blattansatz: meist nur undeutlich hervorgehoben. Köpfchenstiele: nur undeutlich abgesetzt, kurz, bis höchstens 2 cm lang, mit Brakteen besetzt, kahl, fein-drüsig. Köpfchen: einzeln oder zu wenigen an den obersten Seitenzweigen, sehr unterschiedlich in der Grösse. Involucrum: 4-12 mm im Durchmesser. Hüllschuppen: 4-reihig, gelb bis grünbraun, Spitzen oft rot überlaufen, randlich unterschiedlich zerschlitzt bis bewimpert, kahl, unterschiedlich drüsig und harzig glänzend, lanzettlich; bei kleinen Köpfchen die äusseren 1 mm lang und 0.2 mm breit, die inneren 2 mm lang und 0.8 mm breit; bei mittleren Köpfchen die äusseren 2 mm lang und 0.5 mm breit, die inneren 3.5 mm lang und 0.7 mm breit; bei grossen Köpfchen die äusseren 3 mm lang und 1 mm breit, die inneren 7 mm lang und 1 mm breit. Röhrenblüten: je nach Grösse des Köpfchens von sehr unterschiedlicher Zahl, etwa 35 bis 70, gelb, Krone 2-4 mm lang, im mittleren Bereich unterschiedlich drüsig, Kronzipfel von 0.3 mm lang und 0.2 mm breit bis 0.7 mm lang und 0.5 mm breit, bisweilen rötlich überlaufen. Griffelschenkel: schmal, 0.5-1 mm lang, Griffelanhängsel bis 0.2 mm lang, dreieckig (ca. 1:1). Innenpappus: 20 bis 25, kurz gezähnte, 2.5 bis 3.5 mm lange, abfallende Borsten. Aussenpappus: 20-25, normalerweise 0.2 bis 0.5 mm lange, selten längere spitze, ± gezähnte Schuppen. Achänen: obovat, mit randlichem Wulst, unterschiedlich, randlich meist stärker, mittellang bis lang behaart, 2-2.5 mm lang, bis 1 mm breit, dunkel-rotbraun, Ölkörper an den Achänenschultern normalerweise sehr deutlich ausgebildet, bisweilen nach oben etwas aufgewölbt.","Morphology","BFA1B0C8-1825-42E1-A7BD-2162493EEF6C","German","BFA1B0C8-1825-42E1-A7BD-2162493EEF6C","Bayer, E. 1981. Revision der Gattung Chrysocoma L. (Asteraceae - Astereae). Mitt. Bot. Staatssamml. München 17: 259-392. [All rights reserved]",""
"wfo-0000073572","Niedriger, dichtbuschig verzweigter, aufrechter, bis 40 cm hoher Strauch. Stengel grau berindet, mit endständigen Langtrieben und undeutlichen, seitenständigen Kurztrieben, dicht dachig nach oben gerichtet beblättert, die unteren Teile sekundär blattlos oder nur mit schuppigen Blattbasen. Blätter wechselständig, bis 10 x 1 mm, pfriemlich, mit breiter Basis sitzend, nach oben rinnig eingerollt, graugrün [as graungrün], faltig, auf der Unterseite (besonders die oberen Blätter) und am Rand lang borstig, die Blattachseln dicht weiss wollhaarig. Köpfchen gross, einzeln am Ende der Langtriebe. Pedunkeln ca. 4 cm lang, mit zwei bis drei kleinen Hochblättern, abstehend borsthaarig. Involucrum ca. 4-reihig, etwa 1.5 cm im Durchmesser. Hüllblätter dachig, gross, schmal oblong, stumpf, drüsenschwielig, an der Spitze rot gefärbt, schwach gezähnt, die äusseren 3 x 1 mm mit wenigen Borsten, die inneren 7 x 1.5 mm mit schmalem Hautrand. Zungenblüten ca. 10-13. Ligulae 15 x 3 mm, hellviolett bis weiss, kahl. Scheibenblüten zahlreich. Krone 8 mm lang, gelb, im unteren Teil locker mit zarten mehrzelligen Drüsenhaaren. Griffel mit schmal dreieckigen Anhängseln. Pappusborsten persistent, verschieden lang, gelblich; die längeren zahlreich, kräftig, bis 6 mm lang, gezähnt, an der Spitze verbreitert, die kürzeren bis 0.7 mm lange, breite Schuppen. Achänen gross, bis 4 x 2 mm, elliptisch, glatt bis schwach schuppig, mit Randwulst, am Rand und an der Basis lang seidig behaart, braun.","Morphology","1499DF02-49AF-448D-AF49-5FF28080F65D","German","1499DF02-49AF-448D-AF49-5FF28080F65D","Grau, HRJ. 1973. Revision der gattung Felicia (Asteraceae). Mitt. Bot. Staatssamml. München 9: 195-705. [All rights reserved]",""
"wfo-0000084185","Mittelgrosser, verzweigter, basal stark verholzter und blattloser Strauch, bis 1.5 m hoch, Rinde graubraun, abfasernd. Vorjährige Langtriebe in den Blattachseln mit blattreichen Kurztrieben, junge Langtriebe mit wechselständiger, unten gehäufter Beblätterung. Blätter bis 20 x 8 mm, breit keilförmig bis schmal lanzettlich (Hochblätter), allmählich in einen Stiel verschmälert, grösste Breite im oberen Drittel. Blätter bis auf die obersten gezähnt, mit bis zu sieben eiförmigen Zähnen, unterseits mit kräftigen mehrzelligen Borsten und kurzen Drüsen, oberseits mit meist kürzeren Borsten sowie ebenfalls mit Drüsen. Köpfchen einzeln an den Enden der Langtriebe; Pedunkeln bis 4 cm lang, besonders oben drüsig und lang borstig. Involucrum 3-4-reihig, bis knapp 2 cm im Durchmesser. Hüllblätter dachig, lanzettlich 4 x 1 mm bis 7 x 1.3 mm, in den freiliegenden Teilen drüsig, basal zuweilen auch borstig behaart, die inneren trockenhäutig gefranst. Bis 13 Zungenblüten, Ligula 22 x 2.5 mm, blauviolett. Scheibenblüten zahlreich, Krone 8 mm lang, gelb. Griffel mit schmal dreieckigem Anhängsel. Pappus aus zahlreichen gelblich weissen verschieden langen Borsten; die langen 7-8.5 mm lang, gezähnt, die kurzen schuppig, bis 1 mm lang, ganz kurz gezähnt. Achänen elliptisch, bis 4 x 1.5 mm, dunkelbraun, mit hellerem Randwulst. Epidermis dunkel-schuppig, gleichmässig seidig behaart.","Morphology","1499DF02-49AF-448D-AF49-5FF28080F65D","German","1499DF02-49AF-448D-AF49-5FF28080F65D","Grau, HRJ. 1973. Revision der gattung Felicia (Asteraceae). Mitt. Bot. Staatssamml. München 9: 195-705. [All rights reserved]",""
"wfo-0000074068","Ca. 30 cm hoher, locker verzweigter Strauch. Ältere Triebe mit schwarzgrauer Rinde. Blätter wechselständig, dicht nach oben dem Stengel angepresst, pfriemlich-nadelig, mit relativ breiter Basis. Oberseile mit schwach nach oben gebogenen Rändern oder flach, Unterseite gewölbt, Rand borstig bewimpert sonst kahl, ca. 5 x 1 mm gross. Köpfchen einzeln am Ende junger Triebe, kaum durch Pedunkeln abgehoben, Blätter daher etwas verkleinert bis unterhalb der Köpfchen. Stengel im oberen Teil locker wollig. Involucrum ca. 4-reihig, ca. 5 mm im Durchmesser. Hüllschuppen eiförmig bis oblanzeolat, 3 x 1 mm (aussen), 4 x 1.5 mm (Mitte) bis 5 x 1 mm (innen), gleichmässig kurz gefranst, kahl, strohgelb, oft auch rötlich überlaufen, mit undeutlichen Harzstriemen. Zungenblüten ca. 10. Ligula 8 x 2 mm, violett. Scheibenblüten zahlreich, Krone 4 mm lang, gelb. Griffelanhängsel kurz dreieckig. Pappusborsten zahlreich, weiss, unten kurz, oben lang gezähnt, 3 mm lang, ± abfallend. Achänen 3 x 1.5 mm, schwach obovat, rotbraun, kahl, Randwulst mittelstark. Epidermis glatt oder schwach schuppig, bisweilen gerunzelt.","Morphology","1499DF02-49AF-448D-AF49-5FF28080F65D","German","1499DF02-49AF-448D-AF49-5FF28080F65D","Grau, HRJ. 1973. Revision der gattung Felicia (Asteraceae). Mitt. Bot. Staatssamml. München 9: 195-705. [All rights reserved]",""
"wfo-0000077872","Einjähriges, ausgebreitetes, an der Basis stark verzweigtes, 10-20(-25) cm hohes Kraut von 25-50(-70?) cm Durchmesser. Hauptspross am Grunde bis 4 mm stark, aufrecht, nach längstens 8 cm ein Köpfchen tragend. Gleich über dem Boden 4-8 Seitenzweige bogig aufsteigend, verzweigt. Kleinere Pflanzen daher schlüsselförmig, grössere flacher dem Boden anliegend. Stengel olivgrün oder hellbraun bis braunviolett, stielrund, durch herablaufende Ölstriemen dunkel gestreift, anliegend behaart mit kurzen, nach vorn gerichteten Striegelhaaren, zerstreut beblättert. Blätter bis auf die untersten Blattpaare wechselständig, linealisch bis oblanzeolat, zur Basis stielartig verschmälert, ganzrandig oder häufiger mit 1 bis 2 grossen Zähnen (bis 5 x 1 mm) auf jeder Seite, 30-40(-45) mm lang und 2.5-3.5(-5.0) mm breit, olivgrün, manchmal durch rote Ölstriemen unterbrochen gestreift, beiderseits mit kurzen, streng anliegenden, nach vorn gerichteten weissen Striegelhaaren mit dunkler Basis besetzt. Köpfchen einzeln an 2-5 cm langen Pedunkeln; diese direkt unterhalb der Köpfchen der Haupt­ und übergeordneten Seitensprosse auf eine Länge bis 4 cm keulig verdickt, bis 4 mm im Durchmesser, hohl, auffallend dunkel gestreift. Involucrum 3- bis 4-reihig, (7-)8(- 9) mm im Durchmesser, halbkugelig, bei der Reife krugförmig zusammenneigend. Hüllschuppen linealisch-lanzettlich bis lanzettlich, die äusseren bis 3.5 x 0.7 mm, die mittleren bis 4 x 0.8 mm, die inneren bis 5 x 0.9 mm, hell olivgrün, mit harzigem Mittelnerv, anliegend kurzborstig, drüsig, die äusseren mit einzelnen längeren, abstehenden, gegliederten Borstenhaaren, die inneren häutig berandet. Köpfchenboden kegelig, bis ca. 2 mm im Durchmesser. Spreuschuppen linealisch-lanzettlich, 4.5 x 0.7 mm, häutig, gelblich, manchmal dunkelgrün überlaufen, mit orangerotem, harzigem Mittelnerv, drüsig, im oberen Teil mit einzelnen kurzen Borsten. Zungenblüten 12(-13); Ligula schmal obovat, 10-2.5 mm lang und 2.0-2.5(-3.0) mm breit, blauviolett; Röhre 2.2-2.5 mm lang, mit langen Drüsenhaaren besetzt. Röhrenblüten bis über 90; Krone schmal trichterig-glockig, 4-5 mm lang, gelb, bei Knospen gelegentlich nach dunkelgrün umgeschlagen, im unteren Teil mit langen zottigen Drüsenhaaren besetzt; lange Ölstriemen an den 3 nach innen gewandten Einschnitten zwischen den Kronzipfeln; Griffelanhängsel lang dreieckig (ca. 3:1); Antheren 1.7-1.8 mm lang. Pappus bestehend aus Borsten und Schuppen; Borsten 5, meist hin- und hergebogen, kurz gezähnt, 2.3-2.8 mm lang; Schuppen ebensoviele, meist auffallend gestutzt, 0.1-0.2 mm lang, bei der Reife etwas spreizend, Achänen obovat, oben etwas verdickt, weisslich mit hellerem Rand, Epidermiszellen halbkugelig gewölbt. Achänenhaare bis 0.3 mm lang, am Ende leicht keulig verdickt und mit 2 aufgesetzten Spitzen. Achänen der Zungen-und der Röhrenblüten beide randlich bewimpert und auf der Fläche, die Zungenblüten etwas dichter, behaart.","Morphology","269E3D99-16F7-487E-A5E5-701C622F96D4","German","269E3D99-16F7-487E-A5E5-701C622F96D4","Rommel, A. 1977. Die Gattung Amellus L. (Asteraceae-astereae). Systematischer Teil. Mitt. Bot. Staatssamml. München 13: 579-728. [All rights reserved]",""
"wfo-0000078608","Eine ausdauernde, meist einstengelige, schlanke, bis 60 cm große Staude mit mehreren Köpfen. Stengel regelmäßig, ziemlich dicht beblättert, achselstandige Kurztriebe sehr dicht beblättert, stark drüsig und ± spinnwebig-filzig behaart, basal verkahlend, schuppig durch die Basen abgefallener Blätter. Blätter langlich-linealisch, 10 x 1.5 mm bis 85 x 5 mm, sitzend, Basis öhrelig verbreitert, leicht stengelumfassend, 1-nervig, ganzrandig, Rand ± nach unten gebogen, oberseits stark drüsig, unterseits ± filzig, am Mittelnerv zusätzlich drüsig behaart. Köpfchen ein bis mehrere (6) am Ende des Stengels bzw. beblätterter Zweige. Involucrum halbkugelig, 4 bis 6-reihig, 6-9 mm hoch, ± spinnwebig-filzig behaart. Die äußeren Hüllschuppen schmal eiformig, zugespitzt, nach innen hin lanzettlich bis linealisch, die außersten (3.2-4.0) x (0.6-0.9) mm, die inneren (8.2-9.0) x (1.1-1.4) mm, die innersten (7.5-8) x (0.79-0.92) mm, besonders die äußeren grünlich, alle ± stark drüsig behaart, Spitzen violettbraun. Zunqenblüten 20-30, Ligula langlich-linealisch, (13-17) x (2.0-2.6) mm,violett bis rosa; 4 bis 7-nervig, ± drüsig behaart. Scheibenblüten 80-120, Krone 5.2-5.7 mm lang, gelb, ± drüsig behaart. Pappus 25-32, bis 6 mm lange, bizarr gezähnte bis subbarbellate Haare in 2 Kreisen, die äußeren z. T. sehr kurz (minimal 0.5 mm) und schwach. Achänen (noch nicht reif), zylindrisch, (1.8-2.1) x (0.4-0.6) mm, 6-8 schwache Rippen, stark drüsig behaart, gelegentlich auch mit einigen steifen Zwillingshaaren besetzt.","Morphology","570F125F-CAC5-4C20-AC0D-E25AAF15369F","German","570F125F-CAC5-4C20-AC0D-E25AAF15369F","Kroner, G. 1980. Systematische studien im umkreis von Athrixia Ker-Gawler (Asteraceae). Mitt. Bot. Staatssamml. München 16: 1-268. [https://www.biodiversitylibrary.org/item/52055#page/17/mode/1up] [All rights reserved]","https://www.biodiversitylibrary.org/item/52055#page/17/mode/1up"
"wfo-0000088691","Annuelles, kräftiges, basal reich verzweigtes, bis 35 cm hohes Kraut. Blätter wechselständig, oblanzeolat, 10-50 x 5 mm, undeutlich gestielt, Stiel basal etwas verbreitert und gewimpert, sonst borstig behaart, ganzrandig oder undeutlich gezähnt, breitere Blätter schwach dreinervig, sonst einnervig. Köpfchen einzeln an bis zu 15 cm langen, gerieften, borstig-drüsigen Pedunkeln. Involucrum zweireihig, bis 8 mm im Durchmesser. Hüllschuppen 7 mm lang, hautrandig, die äusseren lanzettlich, 1.5 mm breit, borstig-drüsig, die inneren schmal obovat, schwach borstig-drüsig. Ca. 12 Zungenblüten, Ligula 15 x 4 mm, tiefblau, mit haariger Röhre. Scheibenblüten zahlreich, Krone 5 mm lang, weisslich-blau, selten (?) braunrot und gelb, Griffelanhängsel kurz dreieckig. Pappusborsten zahlreich, kräftig, 5 mm lang, bis auf eine Höhe von 1.2 m kurz gezähnt, ab 1.2 mm bis zum Ende lang fiedrig (Fiedern 0.3 mm lang), weisslich, an den Zungenblüten fehlend. Achänen elliptisch bis obovat, 4.5 x 2 mm, gelbbraun, mit verdicktem Randwulst, schuppig, mit bis 0.7 mm langen stumpfen Haaren gleichmässig besetzt.","Morphology","1499DF02-49AF-448D-AF49-5FF28080F65D","German","1499DF02-49AF-448D-AF49-5FF28080F65D","Grau, HRJ. 1973. Revision der gattung Felicia (Asteraceae). Mitt. Bot. Staatssamml. München 9: 195-705. [All rights reserved]",""
"wfo-0000079100","Einjähriges, reich verzweigtes, bis 25 cm hohes, aufsteigendes bis aufrechtes Kraut. Blätter gleichmässig am Stengel verteilt, wechselständig, gelbgrün, linealisch, stumpf, 5-10 x 1-2 mm, (selten bis 40 mm lang), schwach borstig, etwas dicklich, bisweilen stumpf gezähnt. Köpfchen einzeln an undeutlich abgesetzten, bis ca. 4 cm langen Pedunkeln. Involucrum 3-reihig, ca. 4 mm im Durchmesser. Hüllschuppen schwach borstig bis verkahlend, die äusseren 2.5 x 0.5 mm linealisch, die mittleren 3 x 0.8 mm lanzettlich, die innersten 4 x 1 mm oblanzeolat. Zungenblüten ca. 25, Ligula intensiv blau, 9 x 2 mm. Scheibenblüten zahlreich, Krone 2.5 mm lang, gelb, basal reich mehrzellig drüsig, Griffelschenkel 0.8 mm lang, Griffelanhängsel dreieckig. Pappusborsten zahlreich, 2.5 mm lang, deutlich gezähnt, weiss, abfallend. Achänen obovat, 1.5 x 0.8 mm, braun, Epidermis glatt, mit geraden Haaren.","Morphology","1499DF02-49AF-448D-AF49-5FF28080F65D","German","1499DF02-49AF-448D-AF49-5FF28080F65D","Grau, HRJ. 1973. Revision der gattung Felicia (Asteraceae). Mitt. Bot. Staatssamml. München 9: 195-705. [All rights reserved]",""
"wfo-0000080417","Einjähriges, ausgebreitetes, an der Basis reich verzweigtes, 2-10(-15) cm hohes Kraut von (1-)10-25(-40) cm Durchmesser. Hauptspross am Grunde bis 3 mm stark, aufsteigend bis aufrecht, nach längstens 8 cm ein Köpfchen tragend, gleich über dem Boden in 3-15 gleichwertige Seitenäste verzweigt. Seitenzweige niederliegend bis aufsteigend, wenig verzweigt. Stengel hellbraun, etwas gefurcht, durch herablaufende Ölstriemen etwas gestreift, abstehend kurzborstig behaart und mit kopfigen Drüsen besetzt, je nach Standort basal ± dicht beblättert. Blätter bis auf die ersten Blattpaare wechselständig, linealisch-oblanzeolat, zur Basis stielartig verschmälert, meist ganzrandig, seltener mit 1-2 Zähnen (bis 5 x 1 mm) auf jeder Seite, ( 6-)10-25(-35) mm lang und 1.0-2.5(-3.5) mm breit, hellgrün bis olivgrün, mit wenig auffallenden, ovalen, rötlichen Ölbehältern durchsetzt, beiderseits mit meist nach vorn gerichteten Borstenhaaren und wenigen kopfigen Drüsen besetzt. Köpfchen einzelnen an den Zweigenden auf relativ deutlich abgesetzten, (0.5-)2.5-4(-8) cm langen, aufsteigenden Pedunkeln. Involucrum 3-(bis 4-) reihig, (5-)9-11(-13) mm im Durchmesser, halbrund bis becherförmig, bei der Reife spreizend und die Oberseite der dicht gedrängt stehenden Achänen freigebend. Hüllschuppen dachig, linealisch-lanzettlich bis lanzettlich, 2.5 x.0.5 mm (aussen) bis 5 x 1.0 mm (innen), blassgrün, mit kurzen, ± anliegenden einfachen und bei den äusseren gelegentlich im Bereich der Mittelrippe mit längeren gegliederten Borstenhaaren besetzt, drüsig, fast kein Ölführend, nur bei den inneren ein kleiner rötlicher, ovaler Ölbehalter in der Mitte der Schuppe deutlich hervortretend; besonders die inneren breit häutig berandet, randlich bewimpert, an der Spitze gefranst. Köpfchenboden leicht gewölbt, bis ca. 2 mm im Durchmesser. Spreuschuppen linealisch-lanzettlich, 4-5 x 0.3-0.5 mm, die innersten oft kleiner als die äusseren, häutig, gelblich, mit orangerotem, harzigem Mittelnerv, praktisch kahl, sehr selten mit vereinzelten Drüsen oder kurzen Borsten. Zungenblüten (9-)12-18(-25); Ligula schmal obovat, (5-)6-7(-9.5) mm lang und (1.0-)1.3-2.5(-2.7) mm breit, blau, blauviolett oder weiss; Röhre 1.5-2.5 mm lang, bei weissen Blüten oft rotviolett überlaufen, drüsig. Röhrenblüten bis ca. 100; Krone schmal trichterig-glockig, 3.5-4.5 mm lang, gelb oder weiss, oft rotviolett überlaufen, im unteren Teil drüsig, mit meist sehr kurzen Ölstriemen entweder nur an den 3 nach innen gewandten Einschnitten zwischen den Kronzipfeln oder an allen 5; Griffelanhängsel lang dreieckig (ca. 5:2); Antheren 1.3-1.5 mm lang. Pappus bestehend aus Borsten und Schuppen; Borsten 5, zart, gezähnt, (2.0-)2.2-3.1(-3.4) mm lang; Schuppen eben soviele, ziemlich spitz, 0.2-0.4 mm lang, bei der Reife meist spreizend. Achänen obovat bis fast herzförmig, insgesamt und besonders oben stark verdickt, 2.1-2.5 x 1.0-1.5 mm, hellbraun bis weisslich, Epidermiszellen mit zapfenformigen Fortsätzen. Achänenhaare zahlreich, bei der Reife zum Teil abfallend, bis 0.5 mm lang, schmal gerade und kurz zweispitzig. Behaarung der Achänen von Zungen- und äusseren Röhrenblüten fast gleich dicht, Achänen der inneren Röhrenblüten etwas weniger behaart.","Morphology","269E3D99-16F7-487E-A5E5-701C622F96D4","German","269E3D99-16F7-487E-A5E5-701C622F96D4","Rommel, A. 1977. Die Gattung Amellus L. (Asteraceae-astereae). Systematischer Teil. Mitt. Bot. Staatssamml. München 13: 579-728. [All rights reserved]",""
"wfo-0000080503","Einjähriges, zartes, bis 45 cm hohes, oft reich verzweigtes Kraut. Blätter wechselständig, linealisch, breit sitzend, bis 25 x 1 mm (selten bis 1.5 mm), dicklich, besonders am Rand kräftig borstig, drüsig, selten verkahlend; auch in den oberen Stengelteilen Blätter, diese nur undeutlich kürzer als die unteren. Köpfchen mittelgross, an bis zu 6 cm langen, borstig drüsigen Pedunkeln. Involucrum ca. 3-reihig, ca. 5 mm im Durchmesser. Die äusseren Hüllschuppen 3 x 0.3 mm, die inneren 4 x 1 mm und plötzlich in eine schmale Spitze zusammengezogen, alle borstig-drüsig und mit Harzstreifen. Zungenblüten ca. 30, Ligula ca. 10 x 1.5 mm, hellblau. Scheibenblüten zahlreich, Krone gelb, 2.5 mm lang, Griffelanhängsel kurz dreieckig. Pappusborsten zahlreich, weiss, deutlich abstehend gezähnt, bis 2.5 mm lang, abfallend. Achänen 1.5 x 0.5 mm, obovat, schwarz, glatt, ohne Randwulst, locker mit löffelartig verbreiterten Haaren besetzt.","Morphology","1499DF02-49AF-448D-AF49-5FF28080F65D","German","1499DF02-49AF-448D-AF49-5FF28080F65D","Grau, HRJ. 1973. Revision der gattung Felicia (Asteraceae). Mitt. Bot. Staatssamml. München 9: 195-705. [All rights reserved]",""
"wfo-0000090258","Ausdauernder, bis 50 cm hoher, verzweigter Strauch, Spross lockerhaarig bis drüsig, Rinde basal oft rötlich gefärbt. Blätter meist wechselständig, nur die basalen gegenständig (selten auch höher am Spross gegenständig), meist ± senkrecht abstehend, im unteren Stengelbereich sogar oft schwach zurückgeschlagen, schmal bis breit elliptisch bis obovat, 8 x 2 mm bis 20 x 5 mm, mit nach unten eingerollten Rändern, kahl bis stark borstig und drüsig mit allen Übergängen, starrlederig. Köpfchen einzeln an deutlich abgesetzten, oben meist reich drüsigen Pedunkeln. Involucrum 2-reihig, bis 8 mm im Durchmesser. Die inneren Hüllschuppen 5 x 1 mm, oblanceolat, einrippig, wenig borstig, die äusseren lanzettlich, 6 x 1 mm, mit drei eingesenkten Harzstriemen, je nach Blattbehaarung unterschiedlich borstig oder auch drüsig. Ca. 12-14 Zungenblüten, Ligula 11 x 1.5 mm, blau. Scheibenblüten zahlreich, Krone gelb, bis 4 mm lang, Griffelanhängsel dreieckig, Pappusborsten einreihig, gleichlang, bis 4 mm, weiss, kräftig, kurz gezähnt, basal glatt, weitgehend persistent. Achänen oblong bis elliptisch, bis 3 x 1.5 mm, schwarz, mit Randwulst, kahl (selten wenige Borsten am oberen Ende), Epidermis glatt.","Morphology","1499DF02-49AF-448D-AF49-5FF28080F65D","German","1499DF02-49AF-448D-AF49-5FF28080F65D","Grau, HRJ. 1973. Revision der gattung Felicia (Asteraceae). Mitt. Bot. Staatssamml. München 9: 195-705. [All rights reserved]",""
"wfo-0000081561","Höhe: bis 35 cm. Hauptspross: aufsteigend bis aufrecht, stark verholzt, bis 10 mm im Durchmesser. Verzweigung: von der Basis her (Verzweigungsbeginn 1-7 cm über dem Boden) mässig stark verzweigt, Seitenzweige aufsteigend. Stengel: basal graubraun, verholzt, entblättert oder typischerweise mit büscheligen Kurztrieben dicht besetzt, im mittleren Bereich rotbraun, nach oben in helloliv übergehend, kahl oder selten vereinzelt mit kurzen, weissen Haaren, locker, im oberen Bereich meist sehr locker beblättert. Blätter: schräg abstehend, dunkel olivgrün, linealisch, 8-25(-30) mm lang und 0.4-1 mm breit, flach, gleichmässig locker mit mehrgliedrigen, ± langen (bis zu 0.8 mm), zarten Borsten bewimpert, vereinzelt bis locker borstige Haare auch auf der Blattfläche, bisweilen Borsten sehr kurz oder fast völlig fehlend. Blattansatz: auffällig, Blattbasis etwas verbreitert, erhaben, hellbraun, farblich von Blatt und Stengel abgesetzt, hervortretend. Köpfchenstiele: 3.7-9 cm lang, blattlos, etwas drüsig, locker oder unterhalb des Köpfchens auch dichter mit dünnen bis zu 1 mm langen, weissen Haaren behaart. Köpfchen: einzeln an den Enden der je Spross wenigen Seitentriebe. Involucrum: ca. 9 mm im Durchmesser. Hüllschuppen: 4-reihig, olivgrün mit hellem Rand und braunem Mittelstreifen, schmal lanzettlich bis oblanzeolat, in eine lange schmale Spitze auslaufend, 3-5.5 mm lang und 0.4-1 mm breit (äusserste 2.0-3.5 mm x 0.4-0.7, innerste 5.0-5.5 x 0.7 mm), ± locker langhaarig oder kahl, locker drüsig, häutiger Rand in lange Fransen zerteilt. Röhrenblüten: ca. 85, Krone bis 5.5 mm lang, gelb, im mittleren Bereich locker drüsig, Kronzipfel 0.9 mm lang und 0.5 mm breit, zurückgeschlagen, bei älteren Blüten bisweilen auffällig braun umrandet, Umrandung sich an den Einschnitten zwischen Kronzipfeln nach unten fortsetzend. Griffelschenkel: schmal, 1.5-1.7 mm lang, Griffelanhängsel 0.4 mm lang, dreieckig (ca. 1.2:1) Innenpappus: ca. 25 Borsten, bis 4.5-5 mm lang, kurz gezähnt. Aussenpappus: ca. 20 kurze ± stumpfe, oft weniger als 0.1 mm lange Schuppen. Achänen: obovat, 2.5 mm lang und 1.3 mm breit, braun, locker langhaarig, Ölkörper schwach ausgebildet bis fehlend.","Morphology","BFA1B0C8-1825-42E1-A7BD-2162493EEF6C","German","BFA1B0C8-1825-42E1-A7BD-2162493EEF6C","Bayer, E. 1981. Revision der Gattung Chrysocoma L. (Asteraceae - Astereae). Mitt. Bot. Staatssamml. München 17: 259-392. [All rights reserved]",""
"wfo-0000082064","Niederliegender, ± stark verzweigter Strauch. Zweige bis 40 cm lang. Blätter wechselständig, abstehend oder ± stark zurückgerichtet, einnervig, breit bis schmal eiförmig (bis 15 x 5 mm), ganzrandig, mit eingerolltem Rand, dicht langhaarig und unterseits oft drüsig. Köpfchen einzeln, undeutlich gestielt; Pedunkeln bis 2 cm lang, besonders im oberen Abschnitt dicht haarig-drüsig. Involucrum 3-reihig bis 12 mm breit. Hüllblätter lanzettlich, bis 6 x 1.5 mm, einnervig, gelblich grün, dicht drüsig wollhaarig. Die innersten Hüllblätter bisweilen zurückgekrümmt. Zungenblüten bis 10 x 2 mm, weiss, unterseits purpurrosa getönt, Röhre behaart. Scheibenblüten zwittrig, die inneren männlich, bis 3 mm, behaart, gelb. Pappus gelblich weiss bis 3 mm lang, abfallend, gezähnt. Achänen elliptisch, bis 4 x 2 mm, flach, mit Randwulst und aufgesetztem hornigen bis 1 mm hohen Ring, kahl, gelbbraun.","Morphology","03CE573A-909B-4B4C-8EFB-F1007769BB26","German","03CE573A-909B-4B4C-8EFB-F1007769BB26","Grau, HRJ. 1970. Die Gattung Polyarrhena Cass. (Asteraceae - Asterinae). Mitt. Bot. Staatssamml. München 7: 347-368. [All rights reserved]",""
"wfo-0000083918","Niedriger, sparrig verzweigter, bis 40 cm hoher Strauch. Spross dunkelbraun, mit jungen, dicht beblätterten Langtrieben, an den vorjährigen Zweigen mit Kurztrieben, gleichmässig anliegend borstig behaart. Blätter wechselständig, bis 12 x 4 mm, elliptisch bis oblanzeolat, ± deutlich gestielt, anliegend borstig behaart. Blattachseln wollhaarig. Oberste Blätter klein und linealisch, neben den Borsten vereinzelt drüsig. Köpfchen gross, einzeln, am Ende der Langtriebe. Pedunkeln bis 6 cm lang, kaum beblättert, oben kurzdrüsig. Involucrum ca. 3-4-reihig, ca. 2 cm im Durchmesser. Hüllschuppen dachig, oblanzeolat, 4 x 1 mm (aussen) bis 6 x 1 mm (innen), kurzdrüsig, bisweilen mit einzelnen Borsten, Rand trockenhäutig und wimperig zerteilt. Zungenblüten 8-13. Ligulae 14 x 2 mm, violett, basal zart mehrzellig drüsenhaarig. Scheibenblüten zahlreich, Krone 7 mm lang, gelb, Griffelanhängsel schmal dreieckig. Pappusborsten zahlreich, persistent, 7 mm lang, gelblich-weiss, gezähnt; basal mit wenigen, bis 0.5 mm langen Schuppen. Achänen schmal obovat, 5 x 2 mm, auf der Fläche locker, randlich dichter seidenhaarig, braun, ohne Randwulst.","Morphology","1499DF02-49AF-448D-AF49-5FF28080F65D","German","1499DF02-49AF-448D-AF49-5FF28080F65D","Grau, HRJ. 1973. Revision der gattung Felicia (Asteraceae). Mitt. Bot. Staatssamml. München 9: 195-705. [All rights reserved]",""
"wfo-0000094543","Aufrechter, bis 70 cm hoher, basal oft knorriger, reich verzweigter Strauch. Ältere Sprossteile mit schwarzbrauner Rinde und verkahlend, jüngere grünlich und unterschiedlich stark behaart. In den Achseln der älteren Blätter meist an Kurztrieben büschelig gehäufte Blätter. Blätter wechselständig, linealisch bis nadelig, meist dicklich mit eingesenktem Mittelnerv, basal schwach verbreitert, sitzend, locker borstig oder behaart, oft verkahlend, bisweilen drüsig und dann harzig glänzend. Die Dimensionen der Blätter wechseln sehr stark je nach Standort und Lokalform; ihre Breite ist gewöhnlich 0.5 mm, maximal 1 mm und minimal 0.3 mm. In der Länge variieren die Blätter von ca. 3 mm, (Hochblätter im unteren Bereich der Pedunkeln, die noch kürzer werden können, bleiben hier unberücksichtigt) bis ca. 25 mm; ca. 8 mm Länge ist besonders häufig anzutreffen. Die stärkeren Unterschiede in der Länge lassen bei oft gleichbleibender Breite die einzelnen Pflanzen oft sehr different erscheinen. Die Köpfchen finden sich einzeln an bis zu 6 cm (selten bis zu 10 cm) langen Pedunkeln, die meist durch eine Reihe von Hochblättern undeutlich in den Spross übergehen, locker behaart bis kahl sind und sehr selten unterhalb der Köpfchen kurze ungestielte Drüsen tragen. Das Involucrum ist ca. 4-reihig, ca. 5 mm im Durchmesser. Hüllschuppen lanzettlich bis oblanzeolat, borstig bis verkahlend, selten etwas drüsig, mit harzigem Mittelnerv, die äusseren etwa 1.5-2 x 0.3 mm, die mittleren 2.5-3 x 0.5 mm, die inneren 3.5-4 x 0.5-1 mm. Zungenblüten 25-30, Ligula ca. 7 x 1 mm, blassviolett bis weiss. Scheibenblüten zahlreich, Krone 2.5 bis 3 mm, gelb, Griffelanhängsel dreieckig. Pappusborsten zahlreich, 2 bis 3 mm, gezähnt, weiss, zart, abfallend. Achänen schmal obovat, 2.5 x 1 mm, rotbraun, locker kurzhaarig, undeutlich gesäumt.","Morphology","1499DF02-49AF-448D-AF49-5FF28080F65D","German","1499DF02-49AF-448D-AF49-5FF28080F65D","Grau, HRJ. 1973. Revision der gattung Felicia (Asteraceae). Mitt. Bot. Staatssamml. München 9: 195-705. [All rights reserved]",""
"wfo-0000094664","Mehrjährige, polsterig wachsende Pflanze, manchmal mit Ausläufern, bis 25 cm hoch. Blätter wechselständig (mit Ausnahme der ersten), meist basal rosettig gehäuft, obovat bis schmal obovat, bisweilen undeutlich gestielt, entweder breiter und kürzer 30 x 8 bis 10 x 2 mm, dann meist weiss seidig behaart, oder 25 x 6 bis 30 x 3 mm und unterschiedlich stark behaart, oder länger 40 x 5 bis 20 x 1.5 mm mit meist kurz borstiger und drüsiger Behaarung, bei allen Formen selten schwach gezähnte Blattränder. Köpfchen einzeln an bis zu 13 cm langen, meist blattlosen, selten mit sehr schmalen Hochblättern besetzten Pedunkeln. Involucrum zweireihig bis 7 mm im Durchmesser. Hüllblätter 5 mm lang, die äusseren lanzettlich, 1.5 mm breit, langhaarig bis borstig-drüsig, die inneren schmal obovat, bis 2 mm breit, hautrandig und lockerhaarig. Etwa 20 Zungenblüten, Ligula 10 x 3 mm, blau. Scheibenblüten zahlreich, Krone 3 mm lang, gelb. Pappusborsten zahlreich, 2-3 mm lang, weiss gezähnt, abfallend. Achänen obovat, 2.5 x 1.1 mm, feinschuppig, mit bis zu 0.1 mm langen Haaren, schwarz, mit oft hellerem Randwulst.","Morphology","1499DF02-49AF-448D-AF49-5FF28080F65D","German","1499DF02-49AF-448D-AF49-5FF28080F65D","Grau, HRJ. 1973. Revision der gattung Felicia (Asteraceae). Mitt. Bot. Staatssamml. München 9: 195-705. [All rights reserved]",""
"wfo-0000094687","Bis 1 m hoher, verzweigter Strauch. Spross aufrecht bis aufsteigend, borstig bis wollhaarig, dicht beblättert. Seitenzweige oft auf gleicher Höhe abzweigend. Blätter wechselständig, einnervig, oblong bis elliptisch (bis 10 x 4 mm), mit breiter Basis sitzend, oberes Drittel meist zurückgekrümmt, seitlich borstig gezähnt, starr, glänzend, kahl oder wenige Borsten auf der Oberseite. Köpfchen einzeln an den Seitenzweigen, kurz gestielt bis sitzend. Involucrum 3-reihig, bis 12 mm im Durchmesser; Hüllblätter lanzettlich, einnervig, bis 8 x 2.5 mm, kahl oder mit wenigen starken mehrzelligen anliegenden Borsten. Die inneren Hüllblätter an der Spitze zurückgekrümmt. Zungen bis 10 x 2 mm, weiss, unterseits purpurrosa getönt, Röhre behaart. Scheibenblüten bis 3 mm, männlich, behaart, gelb, Griffel ohne Narben. Pappus gelblich weiss, bis 3 mm lang, abfallend, gezähnt. Achänen elliptisch, bis 4 x 2 mm, flach, mit Randwulst und aufgesetztem hornigen 0.8 mm hohen Ring, kahl, gelbbraun.","Morphology","03CE573A-909B-4B4C-8EFB-F1007769BB26","German","03CE573A-909B-4B4C-8EFB-F1007769BB26","Grau, HRJ. 1970. Die Gattung Polyarrhena Cass. (Asteraceae - Asterinae). Mitt. Bot. Staatssamml. München 7: 347-368. [All rights reserved]",""
"wfo-0000095684","Aufrechte, mehrjährige, bis 30 cm hohe, höchstens basal schwach verholzte Pflanze, im unteren Teil meist reicher verzweigt. Stengel im beblätterten Teil dicht weiss abstehend borsthaarig. Blätter bis auf kleine Hochblätter gegenständig, bis 40 x 8 mm, lanzettlich bis schwach obovat, graugrün, ± dicht lang borstenhaarig, einnervig, Rand nach unten schwach umgerollt. Köpfchen relativ gross, an langen (-14 cm), weitgehend hochblattfreien Pedunkeln, diese besonders oben langhaarig oder drüsig. Involucrum 2-reihig, bis 1.5 cm im Durchmesser. Hüllschuppen 5 x 1 mm (aussen), 5 x 1.5 mm (innen), lanzettlich, einnervig; die inneren trockenrandig. Ca. 25 Zungenblüten. Ligula bis 20 x 3.5 mm, weiss-elfenbein. Scheibenblüten zahlreich, Krone 5 mm lang, gelb. Pappusborsten zahlreich, abfallend, bis 5 mm lang, weiss, schwach gezähnt. Achänen relativ klein, bis 2 x 1 mm, schwarz, ohne Randsaum, gleichmässig kurzhaarig, Epidermis glatt.","Morphology","1499DF02-49AF-448D-AF49-5FF28080F65D","German","1499DF02-49AF-448D-AF49-5FF28080F65D","Grau, HRJ. 1973. Revision der gattung Felicia (Asteraceae). Mitt. Bot. Staatssamml. München 9: 195-705. [All rights reserved]",""
"wfo-0000086474","Einjähriges bis mehrjähriges(?), aufrechtes, kräftiges, stark verzweigtes, (30-)40-50(-80) cm hohes Kraut. Hauptspross am Grunde bis 10 mm stark, gleich über dem Boden in 5-12 bogig ansteigende, verzweigte, ± gleichlange Seitenäste aufgeteilt. Stengel hellbraun bis grünlich, oft violett überlaufen, etwas gefurcht, durch zahlreiche kurze und einzelne 2-4 mm lange, abstehende, gegliederte Borstenhaare rauh, besonders basal dicht beblättert. Blätter bis auf die ersten Blattpaare wechselständig, linealisch, mit 1 bis 2, selten 3 grossen Zähnen (bis 7 x 1 mm) auf jeder Seite oberhalb der Blattmitte oder seltener - vor allem im oberen Teil der Pflanze - ganzrandig; 20-45(-75) mm lang und 2.0-4.0(-6.0) mm breit, blassgrün, gelegentlich mit relativ kleinen, ovalen, rötlichen Ölbehaltern durchsetzt; sehr rauh durch abstehende, bis 3 mm lange, weisse Borstenhaare auf mehrzelligen, blasigen Höckern besonders am leicht verdickten Blattrand, auf dem Mittelnerv und der Blattunterseite, ausserdem zahlreiche, kürzere, abstehende Borstenhaare und kopfige Drüsen tragend. Köpfchen zahlreich, ± schirmtraubig, einzeln auf kaum abgesetzten, ungezähnte Hochblätter tragenden Pedunkeln, deren oberster, blattloser Teil (1-5 cm) unterhalb der Köpfchen meist etwas keulig verdickt. Involucrum 4- bis 5-reihig, (11-)15-19(-21) mm im Durchmesser, breit halbrund, bei der Reife kaum spreizend. Hüllschuppen linealisch-lanzettlich, von 4 x 0.8 mm ( aussen) bis 9 x 1.0 mm (innen), blassgrün, meist mit violetter Spitze, mit harzigem Mittelnerv, sehr rauh durch zahlreiche lange, gegliederte, abstehende, dicke, weisse Borstenhaare und dichtstehende kurze Borsten und Drüsen, von aussen nach innen verkahlend, randlich bewimpert, die inneren häutig berandet. Köpfchenboden kegelig, bis ca. 4 mm im Durchmesser. Spreuschuppen linealisch-lanzettlich, 7-9 x 0.6-0.8 mm, häutig, gelblich, mit orangegelbem, harzigem, wenige Borsten tragendem Mittelnerv, drüsig. Zungenblüten (12-)16-22(-25); Ligula schmal obovat, 13-18(-20) mm lang und (2.0-)2.5-3.2 mm breit, blauviolett, selten weiss; Röhre 2.5-3.0 mm, drüsig. Röhrenblüten bis über 200; Krone schmal, 6-7 mm lang, gelb, manchmal rötlich überlaufen, mit kugeligen Ölbehältern an den 3 nach innen gewandten Einschnitten zwischen den zusammenneigenden Kronzipfeln, im unteren Teil drüsig; Griffelanhängsel lang dreieckig (ca. 3:1); Antheren 2.2-2.5 mm lang. Pappus bestehend aus Borsten und Schuppen; Borsten meist 5, relativ wenig gezähnt, (3.0-)3.5-4.3(-4.5) mm lang; Schuppen ebensoviele, meist stumpf, 0.1-0.3 mm lang, bei der Reife spreizend. Achänen keilig­obovat, 3.0-3.4 x 1.2-1.5 mm, bräunlichweiss mit weissem Rand, Epidermiszellen wenig gewölbt. Achänenhaare bis 0.1 mm lang, relativ breit, kurz zweispitzig. Achänen der inneren Röhrenblüten nur randlich bewimpert, Achänen der äussersten Röhrenblüten mit zusätzlichen Haaren auf der Fläche, Achänen der Zungenblüten insgesamt sehr dicht behaart.","Morphology","269E3D99-16F7-487E-A5E5-701C622F96D4","German","269E3D99-16F7-487E-A5E5-701C622F96D4","Rommel, A. 1977. Die Gattung Amellus L. (Asteraceae-astereae). Systematischer Teil. Mitt. Bot. Staatssamml. München 13: 579-728. [All rights reserved]",""
"wfo-0000096998","Ein- oder mehrjähriges Kraut. Wenige Zentimeter grosse bis grössere, dann stark verzweigte und Matten bildende, zarte, kriechende, an den Knoten wurzelnde bis aufsteigende Pflanze. Sprosse verkahlend. Blätter wechselständig, 15-35 mm lang, halb-stengelumfassend; fleischig, im Querschnitt 0.5-1.5 mm, fast rund, stumpf. Köpfchen einzeln auf fast nackten, blattachselständigen, bis 3 cm langen, schwach drüsigen Pedunkeln, ca. 5 mm im Durchmesser. Involucrum 3-reihig, mit oblongen bis oblong-lanzettlichen, in der Mitte fleischigen, 1-3 x 0.5-1 mm grossen Hüllschuppen. Zungenblüten ca. 15, Zungen weiss, 3.5 x 1.5 mm. Röhrenblüten ca. 25, gelb, 3 mm lang. Pappus aus ca. 8, hinfälligen, weissen, kurz gezähnten Borsten bestehend. Achänen braun, gewölbt, relativ dicht kurz behaart, glatt, ca. 1 x 0.5 mm.Köpfchenboden bisweilen (GUTHRIE 2403) mit zarten, relativ langen (1.5 mm), weissen, kurz gezähnten Schuppen besetzt.","Morphology","DD214DB4-4267-4B81-AE9C-5498AA9F476A","German","DD214DB4-4267-4B81-AE9C-5498AA9F476A","Grau, HRJ. 1977. Poecilolepis - eine neue gattung der Asteraceae-Astereae. Mitt. Bot. Staatssamml. München 13: 243-254. [All rights reserved]",""
"wfo-0000097238","Aufrechter, bis 30 cm hoher, verzweigter Strauch. Blätter gegenständig, sehr selten an Langtrieben wechselständig, obovat, 7 x 3 mm bis 20 x 6 mm, undeutlich spitz, Rand nach unten eingerollt, dicht gleichmässig langhaarig. Köpfchen einzeln, an bis zu 9 cm langen Pedunkeln, diese oben dicht abstehend borstig bis wollhaarig. Involucrum zweireihig, bis 7 mm im Durchmesser. Die äusseren Hüllblätter lanzettlich, 5 x 1 mm, gleichmässig borstig, die inneren obovat, 5 x 2 mm, breit hautrandig, mit locker borstiger Mittelrippe. Etwa 12 Zungenblüten, Ligula 10 x 2 mm, blau, mit behaarter Röhre. Scheibenblüten zahlreich, Krone bis 3 mm lang, gelb, mit dreieckigen bis 0.2 mm langen Griffelanhängseln. Pappusborsten zahlreich, bis 3 mm lang, weiss, deutlich gezähnt, abfallend. Achänen obovat, 3 x 1.5 mm, dunkelbraun, glatt, gleichmässig kurz behaart, mit deutlichem Randwulst.","Morphology","1499DF02-49AF-448D-AF49-5FF28080F65D","German","1499DF02-49AF-448D-AF49-5FF28080F65D","Grau, HRJ. 1973. Revision der gattung Felicia (Asteraceae). Mitt. Bot. Staatssamml. München 9: 195-705. [All rights reserved]",""
"wfo-0000097552","Mittelgrosser, 60-150 cm hoher, meist stark verzweigter und verholzter, weitgehend kahler Strauch. Rinde dunkel-schwarzbraun, oft leicht abfasernd. Blätter wechselständig, an Kurztrieben gehäuft oder gleichmässig an Langtrieben angeordnet, kahl bis auf innen (= Blattoberseite) wollige Blattbasis, dünn nadelig, ± sukkulent, linealisch, 8-30 x 0.5 mm, meist mit deutlich kalloser Spitze, ± runzelig, im Inneren mit Harzgefässen. Köpfchen seitenständig an Kurztrieben und/oder endständig an Langtrieben, mittelgross, sitzend bis lang pedunkulat (bis 10 cm lange Pedunkeln). Involucrum 3-4-reihig, 0.6 bis 0.8 cm im Durchmesser. Hüllblätter dachig, die äusseren 1.5 x 0.5 mm, die mittleren 3 x 1 mm, die inneren 5 x 0.5 mm, lanzettlich, kahl, gelbbraun bis grünlich, die Spitze oft rot, der Rand trockenhäutig ± bewimpert. Zungenblüten 10-15, Ligulae 10 x 1.5 mm, hell- oder mittelviolett, seltener weiss. Scheibenblüten zahlreich, Krone 4-6 mm lang, gelb, bisweilen die freien Kronzipfel rot überlaufen, Griffelanhängsel länglich dreieckig. Pappusborsten zahlreich, gelblich weiss, persistent, verschieden lang aber nicht in zwei Reihen, die längeren 5-7 mm, gezähnt, die kürzeren 0.5-1 mm, schuppig. Achänen obovat bis elliptisch, 4 x 1.5 mm, gleichmässig lang seidig behaart, mit brauner, im ausgereiften Zustand schuppiger Fläche und mit hellerem ockerfarbenem Randwulst.","Morphology","1499DF02-49AF-448D-AF49-5FF28080F65D","German","1499DF02-49AF-448D-AF49-5FF28080F65D","Grau, HRJ. 1973. Revision der gattung Felicia (Asteraceae). Mitt. Bot. Staatssamml. München 9: 195-705. [All rights reserved]",""
"wfo-0000097642","Zweijähriges (-mehrjähriges?) aufrechtes bis 25 cm hohes, meist üppig verzweigtes, basal bisweilen etwas verholztes Kraut. Verzweigungen oft basal gehäuft, Seitenäste dann bogig aufsteigend, die dem Boden aufliegenden Abschnitte gerne wurzelnd. Blätter zwischen gegenständig und alternierend abwechselnd; im basalen Bereich zunächst streng gegenständig, nach oben hin dann wechselständig, nach jeder Verzweigung wiederum mit gegenständigen (meist allerdings weniger, nur 1-2 Blattpaare) beginnend. Blattgrösse je nach Lebensumständen stark wechselnd, bis 40 x 2.5 mm, linealisch bis lanzettlich, borstig bis verkahlend, dicklich, mit nach unten eingerolltem Rand. Köpfchen einzeln an bis zu 12 cm langen, blattfreien, oben dicht filzig behaarten Pedunkeln, diese an den Stengelenden meist zu dritt. Involucrum zweireihig, bis 7 mm im Durchmesser. Hüllschuppen lanzettlich linealisch, an der Spitze pinselig-borstig, die äusseren 5 x 0.5 mm, borstig, gewölbt, die inneren 5 x 0.6 mm, schwach borstig, mit hervortretender Mittelrippe. Zungenblüten zahlreich (bis 25), Ligula 12 x 2 mm, dunkelblau. Scheibenblüten zahlreich, Krone gelb, bis 3 mm lang, Griffelanhängsel dreieckig. Pappusborsten zahlreich, bis 3 mm lang, weiss, kurz gezähnt, abfallend. Achänen obovat, 2.5 x 1.2 mm, schwarzbraun, mit deutlichem Randwulst, ± schuppig, mit kurzen, oben stumpf zweispitzigen Haaren.","Morphology","1499DF02-49AF-448D-AF49-5FF28080F65D","German","1499DF02-49AF-448D-AF49-5FF28080F65D","Grau, HRJ. 1973. Revision der gattung Felicia (Asteraceae). Mitt. Bot. Staatssamml. München 9: 195-705. [All rights reserved]",""
"wfo-0000099961","Die ssp. glabra unterscheidet sich von der Typusunterart durch den kräftigeren Wuchs (bis 60 cm) und die weitgehend kahlen Blätter. Am Rand der unteren Blätter sind einige Borsten zu finden, am Rand der oberen besonders an deren Basis zwei Reihen dicht stehender mehrzelliger Drüsen. Der Stengel ist geringer behaart und die Hüllblätter bis auf die randliche Bewimperung kahl.","Morphology","1499DF02-49AF-448D-AF49-5FF28080F65D","German","1499DF02-49AF-448D-AF49-5FF28080F65D","Grau, HRJ. 1973. Revision der gattung Felicia (Asteraceae). Mitt. Bot. Staatssamml. München 9: 195-705. [All rights reserved]",""
"wfo-0000100721","Aufrechter, bis 60 cm hoher, reich verzweigter Strauch. Stengel im unteren Teil verholzt und blassbraun, im oberen Teil krautig, grün, angepresst behaart oder besonders ganz oben drüsig und dann abstehend borstig. Blätter wechselständig, lanzettlich bis oblanzeolat, 10 x 1 mm bis 35 x 3.5 mm, einnervig, flach, angepresst borstig oder drüsig und dann abstehend borstig, sitzend. Köpfchen einzeln, undeutlich gestielt. Pedunkeln bis etwa 2 cm lang, beblättert, meist drüsig und abstehend borstig. Involucrum 3-4-reihig, bis 5 mm im Durchmesser; Hüllschuppen dachig, lanzettlich bis oblanzeolat, grünlich, die äusseren 2 x 0.5 mm, borstig und meist auch drüsig, die inneren 3.5 x 0.8 mm, verkahlend und undeutlich hautrandig. Zungenblüten etwa 25, Ligula 5.5 x 1 mm, blass-violett. Scheibenblüten zahlreich, Krone gelb, bis 3 mm lang; Griffelanhängsel dreieckig. Pappusborsten gleichlang, bis 3 mm, weiss, gezähnt ± abfallend. Achänen obovat, bis 2.5 x 1 mm, gelbbraun, schuppig, berandet, mit kurzen, oben plötzlich kopfig verdickten Haaren.","Morphology","1499DF02-49AF-448D-AF49-5FF28080F65D","German","1499DF02-49AF-448D-AF49-5FF28080F65D","Grau, HRJ. 1973. Revision der gattung Felicia (Asteraceae). Mitt. Bot. Staatssamml. München 9: 195-705. [All rights reserved]",""
"wfo-0000101352","Zartes mehrjähriges, basal schwach verholztes Kraut, liegend, aufsteigend bis herabhängend-aufsteigend, Zweige bis 30 cm lang. Stengel abstehend steifhaarig, gegenständig beblättert (mit Ausnahme weniger Hochblätter). Blätter gestielt, breit eiförmig bis schwach herzförmig, bis 6 x 4.5 cm ohne Stiel, unterschiedlich stark grob gezähnt bis spitz gelappt, netznervig, locker oder stärker mit zarten, relativ langen Haaren besetzt, schwach drüsig, an der Basis fast zottig. Köpfchen einzeln endständig an bis zu 8 cm langen Pedunkeln. Involucrum bis 0.7 cm im Durchmesser, undeutlich 3-reihig. Hüllblätter verschieden lang, aussen 2.5 x 0.5 mm, wenige, innen in zwei Reihen, relativ gleichgestaltet, ca. 4.5 x 0.5-1 mm gross, borstig und drüsig bis kahl und trockenhautrandig. Ca. 16 Zungenblüten, Ligula bis 6 x 1.5 mm, weiss, röhriger Teil drüsig behaart. Scheibenblüten zahlreich, Krone bis 4 mm lang, gelb, mit drüsiger Röhre; Griffelanhängsel dreieckig, Pappusborsten zahlreich, ca. 3 mm lang, abfallend, weiss, überall (auch an der Basis) abstehend gezähnt. Achänen schmal obovat bis 2.5 x 1 mm, braunschwarz mit hellem Randwulst, mittelstark mit kurzen (-0.1 mm langen) breiten Haaren besetzt, Epidermis glatt bis schwach schuppig.","Morphology","1499DF02-49AF-448D-AF49-5FF28080F65D","German","1499DF02-49AF-448D-AF49-5FF28080F65D","Grau, HRJ. 1973. Revision der gattung Felicia (Asteraceae). Mitt. Bot. Staatssamml. München 9: 195-705. [All rights reserved]",""
"wfo-0000104484","Ein ein-bis mehrstengeliger, ± aufrechter, oft hochgabelig verzweigter Halbstrauch von 10-45 cm Gröβe. Stengel regelmäβig dicht beblättert, ± rotbraun überlaufen. Blätter lanzettlich, selten länglich, zugespitzt, (5 x 1) bis (38 x 12) mm, basale Blätter breiter und kürzer, nach oben oft schon in groβer Entfernung vom Köpfchen in Hochblätter übergehend, 1-nervig, Blattbasis deutlich und weit am Stengel herablaufend (basal fast sitzend), ganzrandig, Rand mit stark kutinisierten Drüsenhaaren besetzt, ± nach unten gebogen, unterseits spinnwebig-filzig, am Mittelnerv zusätzlich drüsig behaart. Köpfchen ein bis mehrere (8), am Ende des Stengels bzw. an ± hochgabeligen Zweigen. Involucrum trichter- bis becherförmig, 8-13 mm hoch, 7 bis 9-reihig, Die äuβeren Hüllschuppen schmal eiförmig, zugespitzt, nach innen hin lanzettlich-linealisch, die äuβersten (2.4-3.85) x (0.5-0.8) mm, die mittleren (7.2-9.3) x (0.5-0.96) mm, die innersten (6.24-8.32) x (0.32-0.72) mm, alle ziemlich weit herab rostbraun überlaufen, strohig, aber ziemlich weich. Zungenblüten 15-36, Liqula schmal elliptisch bis verkehrt eiförmig, weiβ oder rosarot, 4-nervig, ± drüsig behaart. Scheibenblüten 54-237, Krone 5.6-6.3 mm lang, gelb, ± drüsig behaart. Pappus 10-15, 5.12-6.08 mm lange, subbarbellate Borstenhaare alternierend mit bis 0.75 mm langen äuβeren Schuppen. Achänen länglich, im Querschnitt rundlich, 4 bis 6-kantig, mahagonibraun, bis auf basalen Kranz borstiger Zwillingshaare ± verkahlend.","Morphology","570F125F-CAC5-4C20-AC0D-E25AAF15369F","German","570F125F-CAC5-4C20-AC0D-E25AAF15369F","Kroner, G. 1980. Systematische studien im umkreis von Athrixia Ker-Gawler (Asteraceae). Mitt. Bot. Staatssamml. München 16: 1-268. [https://www.biodiversitylibrary.org/item/52055#page/17/mode/1up] [All rights reserved]","https://www.biodiversitylibrary.org/item/52055#page/17/mode/1up"
"wfo-0000108693","Mehrjährige, bis 40 cm hohe, krautige bis strauchige Pflanze. Blätter gegenständig und starr, eiförmig, 30 x 10 mm bis 40 x 8 mm, einnervig, selten schwach dreinervig, Rand nach unten eingerollt, oberseits reichborstig, unterseits auf der Fläche etwas verkahlend, graugrün. Köpfchen einzeln an bis 15 cm (selten bis 20 cm) langen, oben dicht samtig behaarten Pedunkeln. Involucrum zweireihig, bis beinahe 20 mm im Durchmesser. Die äusseren Hüllblätter schmal lanzettlich, 8 x 0.8 mm, starr borstig, die inneren lanzettlich, 8 x 1 mm, einrippig, verkahlend; alle an der Spitze ± gefranst. Zungenblüten zahlreich, Ligula 17 x 3.5 mm, weissblau, kurz vor der Röhre mit blauvioletter Zone. Scheibenblüten zahlreich, Krone bis 6 mm lang, gelborange. Pappusborsten zahlreich, bis 6 mm lang, weiss, schwach gezähnt, ± persistent. Achänen elliptisch, obovat, 3 x 1.2 mm, dunkelbraun, schwach schuppig, dicht gleichmässig mit bis zu 0.2 mm langen Haaren, mit Randwulst.","Morphology","1499DF02-49AF-448D-AF49-5FF28080F65D","German","1499DF02-49AF-448D-AF49-5FF28080F65D","Grau, HRJ. 1973. Revision der gattung Felicia (Asteraceae). Mitt. Bot. Staatssamml. München 9: 195-705. [All rights reserved]",""
"wfo-0000111550","Die im Osten an die ssp. glabra anschliessende ssp. polyphylla ist von dieser durch die untereinander ± gleichlangen, schon unten kaum über 1.5 cm langen Blätter die hier eher noch dichter stehen und oberhalb der drüsigen Zone oft stärker borstig bewimpert sind getrennt. Die Pflanzen wirken zierlicher und scheinen nicht die Höhe der ssp. glabra zu erreichen. Die Hüllschuppen sind nur noch unregelmässig bewimpert, bisweilen auf der Fläche jedoch drüsig, die Achänenhaare sind länger (bis 0.3 mm) und stehen bisweilen dichter.","Morphology","1499DF02-49AF-448D-AF49-5FF28080F65D","German","1499DF02-49AF-448D-AF49-5FF28080F65D","Grau, HRJ. 1973. Revision der gattung Felicia (Asteraceae). Mitt. Bot. Staatssamml. München 9: 195-705. [All rights reserved]",""
"wfo-0000098672","Niedriger, bis 30 cm hoher, basal relativ stark verholzter, verzweigter Strauch. Stengel im unteren Teil sekundär blattlos, mit graubrauner Rinde, im oberen Teil abstehend lang behaart. Blätter wechselständig, dicht am Stengel nach oben gerichtet anliegend, sitzend, schmal obovat, bis 11 x 3 mm, ganzrandig, dicklich, einnervig, oberseits kahl, unterseits locker langhaarig, mit schwach nach oben eingerolltem Rand. Köpfchen gross, einzeln, an bis zu 1 cm langen, dicht lang wollhaarigen Pedunkeln. Involucrum 3-4-reihig, bis 15 mm im Durchmesser. Hüllblätter lanzettlich, unterschiedlich gross, 7 x 2 mm (innere) bis 14 x 2 mm (äussere), einnervig, die äusseren langhaarig, die inneren verkahlend. Zungenblüten ca. 30, Ligulae bis 15 x 2 mm, blau, im oberen Teil des röhrigen Abschnittes behaart. Röhrenblüten zahlreich, Krone bis 6 mm lang, im mittleren Teil behaart. Griffelanhängsel schmal dreieckig. Pappusborsten zahlreich, gleichlang, bis 6 mm, gezähnt, gelblich-weiss ± abfallend. Achänen elliptisch, etwa 3.5 x 2 mm, flach zusammengedrückt mit Randwulst, gelblich braun bis rötlich. Achänen der Zungenblüten kahl, die der Scheibenblüten kurzhaarig.","Morphology","1499DF02-49AF-448D-AF49-5FF28080F65D","German","1499DF02-49AF-448D-AF49-5FF28080F65D","Grau, HRJ. 1973. Revision der gattung Felicia (Asteraceae). Mitt. Bot. Staatssamml. München 9: 195-705. [All rights reserved]",""
"wfo-0000115054","Niedriger, bis 30 cm hoher, von der Basis an verzweigter Strauch. Zweige rötlich braun, kahl bis auf wollige lange weisse Haare in den Blattachseln. Die älteren blattlosen Zweige schwarzbraun, mit gestielten Kurztrieben. Blätter wechselständig, bis 35 x 1.5 mm, gegen die Köpfchen allmählich in kurze Brakteen übergehend, linealisch, mit wenig verbreiterter Basis, nach oben allmählich zugespitzt, etwas sukkulent, bogig gekurvt, mit nach oben eingerolltem Rand. Die weissen Haare der Blattachseln bei den unteren Blättern auch im basalen Teil der Blattoberseite, obere Blätter stärker verkahlend, Hochblätter mit kurz gestielten Drüsen. Köpfchen einzeln an den Enden der Langtriebe, blattloser Teil der Pedunkeln bis ca. 2 cm lang, besonders oben mit kurz gestielten Drüsen. Involucrum ca. 4-reihig, bis 1.5 cm im Durchmesser. Hüllblätter dachig, 4 x 1 mm (aussen) bis 8 x 2 mm (innen), lanzettlich bis oblanzeolat, drüsig, mit schmalem trockenhäutigen Rand. Zungenblüten ca. 13. Ligulae 25 x 2 mm, violett, manchmal mit 5 fädigen Staminodien, Röhre locker zartdrüsig. Scheibenblüten zahlreich. Krone gelb, bis 9 mm lang. Griffelanhängsel dreieckig. Pappusborsten zahlreich, gelblich bis rötlich weiss, verschieden lang, persistent, die langen bis 8 mm, gezähnt, die kurzen bis 1 mm, schuppig. Achänen 5 x 2 mm, obovat. Epidermis schwach schuppig, kurz seidig behaart (am Rand dicht, auf der Fläche gegen den Rand hin verkahlend), rotbraun, ohne Randwulst.","Morphology","1499DF02-49AF-448D-AF49-5FF28080F65D","German","1499DF02-49AF-448D-AF49-5FF28080F65D","Grau, HRJ. 1973. Revision der gattung Felicia (Asteraceae). Mitt. Bot. Staatssamml. München 9: 195-705. [All rights reserved]",""
"wfo-0000100767","Niedriger, reich verzweigter, bis 50 cm hoher, aufrechter Strauch. Stengel im älteren basalen Teil blattlos, braun, die jüngeren Zweige weissfilzig, dicht nach oben gerichtet beblättert. Blätter wechselständig, linealisch bis lanzettlich, unterschiedlich lang, nach oben hin kürzer werdend, 5-40 mm lang, 1-2 mm breit, weiss borstigfilzig (weniger dicht als die Zweige), einnervig, stumpflich. Köpfchen einzeln, mit unterschiedlich langen (3-8 cm) Pedunkeln. Involucrum 4 mm im Durchmesser, ca. 4-reihig. Hüllblätter unterschiedlich lang, die äusseren 1.5 x 0.3 mm, die mittleren 2 x 0.75 mm, die inneren 3.5 x 1 mm, breit lanzettlich bis oblanzeolat, die äusseren noch weissborstig, die inneren verkahlend und nur randlich wimperig behaart, dafür nach innen mit zunehmend deutlich werdender harziger Mittelrippe. Zungenblüten ca. 25, Ligulae 5 x 1.5 mm, blass-violett. Scheibenblüten zahlreich, Krone gelb, oben bisweilen rötlich überlaufen, bis 3 mm, Griffelanhängsel kurz dreieckig. Pappusborsten zahlreich, gleichlang, bis 2.5 mm, weiss, kurz gleichmässig gezähnt, oben etwas verbreitert, abfallend. Achänen schmal elliptisch, 2.5 x 0.8 mm, braun, mit hellerem Rand, Epidermis glatt, locker mit 0.2 mm langen, vorne nicht verbreiterten Haaren.","Morphology","1499DF02-49AF-448D-AF49-5FF28080F65D","German","1499DF02-49AF-448D-AF49-5FF28080F65D","Grau, HRJ. 1973. Revision der gattung Felicia (Asteraceae). Mitt. Bot. Staatssamml. München 9: 195-705. [All rights reserved]",""
"wfo-0000115155","Höhe: bis 50 cm. Hauptspross: aufrecht, verholzt, am Grunde bis zu 6 mm im Durchmesser. Verzweigung: ± stark, meist doppelt oder dreifach, Verzweigungsbeginn 5-12 cm über dem Boden, Hauptachse sich in 3-8 aufrechte, sich ein- bis dreimal weiterverzweigende Seitenzweige aufteilend. Stengel: basal verholzt, braun, meist noch (zumindest teilweise) beblättert, jüngere Stengelabschnitte olivgrün-braun, bisweilen rötlich überlaufen, kahl, wenig drüsig, dicht beblättert. Blätter: waagrecht abstehend bis völlig zurückgeschlagen, hell-dunkelolivgrün, flach, linealisch, feingrubig, zuweilen sich zur Spitze hin etwas verbreiternd, stumpf oder ± spitz, oft mit der verdickten Basalzelle einer sehr kurzen Borste endigend, 3-17(-20) mm lang und 0.6-2.2 mm breit, kahl, bisweilen Blattrand mit einzelnen sehr kurzen Borsten besetzt, selten gleichmässig, sehr locker beborstet. Blattansatz: unauffällig, Blattbasis flach. Köpfchenstiele: 0.3-6.5 cm, blattlos oder mit 1-2 Brakteen, kahl, wenig bis locker drüsig. Köpfchen: meist zwei bis zehn ± subcorymbos gehäuft, selten nur ein Köpfchen an den Enden der seitlichen Verzweigungen. Involucrum: ca. 10-12 mm im Durchmesser. Hüllschuppen: 4-5-reihig, hellgrün-gelbgrün, später gelbbraun, mit hellerem, bisweilen locker kurz und fein bewimpertem Rand und oft rotviolett überlaufener, kurz ausgefranster Spitze, kahl oder bisweilen mit einzelnen Borsten verschiedener Länge auf den äusseren Hüllschuppen, 1.7-5.5 mm lang und 0.4-1.1 mm breit (äusserste Hüllschuppen 1.7-2.5 mm × 0.5-1.0 mm, innerste 3.8-5.5 mm x 0.5-0.9), von aussen nach innen, lanzettlich, oblanzeolat bis linealisch. Röhrenblüten: 95-150, gelb, Krone 3.5-4.8 mm lang, locker drüsig, Kronzipfel meist aufrecht, 0.9-1.1 mm lang und 0.5-0.6 mm breit. Griffelschenkel: schmal, 1.4-1.7 mm lang, Griffelanhängsel 0.4 mm lang, dreieckig (ca. 1:1). Innenpappus: 18-30 kurz gezähnte, 3.0-4.3 mm lange Borsten. Aussenpappus: fast stets bis auf einen ringförmigen Wulst reduziert, selten maximal bis zu 16 wenigzellige, oft nur auf einer Seite ausgebildete maximal 0.01 mm lange, unterschiedlich gestaltete Schüppchen. Achänen: obovat, stark abgeflacht, mit randlichem Wulst, 2-3 mm lang und 0.9-1.5 mm breit, tief dunkelbraun mit langen, dünnen, weissen Haaren locker behaart, Ölkörper fast immer fehlend, sehr selten kleine, undeutliche, harzige Bereiche am oberen Achänenrand ausgebildet.","Morphology","BFA1B0C8-1825-42E1-A7BD-2162493EEF6C","German","BFA1B0C8-1825-42E1-A7BD-2162493EEF6C","Bayer, E. 1981. Revision der Gattung Chrysocoma L. (Asteraceae - Astereae). Mitt. Bot. Staatssamml. München 17: 259-392. [All rights reserved]",""
"wfo-0000115700","Höhe: 25 bis 40 cm Hauptspross: stark verholzt, an der Basis 5 mm im Durchmesser. Verzweigung: gleichmässig sparrig verzweigt, Verzweigungsbeginn ca. 2 cm über dem Boden, im unteren Abschnitt wenig, im oberen mehr verzweigt. Stengel: die älteren Teile graubraun, kahl, entblättert, jüngere Abschnitte von hellrotbraun in olivgrün übergehend, locker behaart, locker drüsig und dicht beblättert. Blätter: dem Stengel ± anliegend bis schräg abstehend, linealisch, dicklich, bis 5 mm lang und 0.5 mm breit, gelbgrün, randlich unregelmässig starr borstig (Borsten bis 0.5 mm lang), bewimpert, drüsig. Blattansatz: etwas hervortretend, Blattbasis rötlich, ± erhaben. Köpfchenstiele: undeutlich abgesetzt, mit einigen Brakteen, besonders nach oben relativ stark behaart und drüsig, bis 1.5 cm lang. Köpfchen: einzeln an den Verzweigungen. Involucrum: bis 6 mm im Durchmesser. Hüllschuppen: vierreihig, lanzettlich, die äusseren 1.5 mm lang und 0.5 mm breit, die inneren 4 mm lang und 1 mm breit, strohgelb, an der Spitze bisweilen rot überlaufen, locker behaart und drüsig. Zungenblüten: etwa 20, fahlgelb, weiblich, Krone etwa 3.5 mm lang und 0.5 mm breit. Röhrenblüten: etwa 60, zwitterig, Krone 2.5-3 mm lang, gelb. Kronzipfel 0.5 mm lang und 0.3 mm breit, am Rand dunkel. Griffelschenkel: schmal, bis 0.7 mm lang, Griffelanhängsel ca. 0.1 mm lang, dreieckig (ca. 1:1). Innenpappus: ca. 22, deutlich gezähnte, etwa 2.5 mm lange Borsten. Aussenpappus: etwa 20 deutlich ausgebildete, etwa 0.1 mm lange schmale, spitze Schuppen. Achänen: (unreif) umgekehrt eiförmig, bis 1.5 mm lang und 0.5 mm breit, dicht kurzhaarig, an den Achänenschultern mit zwei deutlichen rotbraunen Ölkörpern.","Morphology","BFA1B0C8-1825-42E1-A7BD-2162493EEF6C","German","BFA1B0C8-1825-42E1-A7BD-2162493EEF6C","Bayer, E. 1981. Revision der Gattung Chrysocoma L. (Asteraceae - Astereae). Mitt. Bot. Staatssamml. München 17: 259-392. [All rights reserved]",""
"wfo-0000105547","Niedriger (bis 25 cm hoher), niederliegender bis aufsteigender, stark verzweigter, zarter Zwergstrauch. Blätter immer gegenständig, lanzettlich bis obovat, bis 8 x 3 mm, graugrün, einnervig, dicht mit abstehenden mehrzelligen weissen Haaren besetzt, undeutlich spitz, Blattrand nach unten eingerollt. Köpfchen klein, an bis 10 cm langen Pedunkeln, diese abstehend haarig-borstig und drüsig. Involucrum zweireihig, bis ca. 5 mm im Durchmesser. Hüllblätter 3.5 mm lang, die äusseren lanzettlich, bis 0.4 mm breit, die inneren obovat bis 1 mm breit, schmal obovat, breit hautrandig, einrippig, alle borstig-haarig. Selten mehr als 6 weisse oder blassblaue Zungenblüten, Ligula 6 x 1 mm. Scheibenblüten zahlreich, Krone 3 mm lang, gelb, mit dreieckigen Griffelanhängseln. Pappusborsten der Zungenblüten normalerweise fehlend, die der Scheibenblüten zahlreich, bis 2.5 mm lang, weiss, gezähnt, an der Basis jedoch glatt, abfallend. Achänen undeutlich obovat, 2.5 x 1 mm, mit Randwulst, zerstreut mit kurzen dicklichen Haaren.","Morphology","1499DF02-49AF-448D-AF49-5FF28080F65D","German","1499DF02-49AF-448D-AF49-5FF28080F65D","Grau, HRJ. 1973. Revision der gattung Felicia (Asteraceae). Mitt. Bot. Staatssamml. München 9: 195-705. [All rights reserved]",""
"wfo-0000107954","Ein-, bisweilen zweijähriges, ausgebreitetes, von der Basis an reich verzweigtes, 5-10 cm hohes Kraut von (5-)15-35(-60) cm Durchmesser. Hauptspross am Grunde bis 4 mm stark, aufrecht, nach längstens 8 cm ein Köpfchen tragend, gleich über dem Boden in 4-12 Seitenäste verzweigt. Diese bei jüngeren Pflanzen ansteigend, bei älteren dem Boden anliegend, verzweigt. Stengel hellbraun bis rotbraun, durch herablaufende Ölbehalter etwas gestreift, abstehend kurzborstig behaart, basal dicht, sonst zerstreut beblättert. Blätter bis auf die ersten Blattpaare wechselständig, linealisch-oblanzeolat, entweder ganzrandig oder häufiger mit 1-2, selten 3 Zähnen (bis 6 x 2 mm) auf jeder Seite oberhalb der Mitte, (9-)12-35(-60) mm lang und (1.0-)2.0-4.5(-6.0) mm breit, olivgrün, oft durch rötliche Ölbehalter unterbrochen gestreift, beiderseits mit wenigen kopfigen Drüsen und zahlreichen, auf der Fläche meist abstehenden, am Rand meist nach vorn gerichteten Borstenhaaren besetzt. Köpfchen einzeln an den Zweigenden auf 1-5 cm langen Pedunkeln. Involucrum 3- bis 4-reihig, (8-)9-12(-15) mm im Durchmesser, halbrund bis becherförmig, bei der Reife spreizend und die Oberseite der dicht gedrängt stehenden Achänen freigebend. Hüllschuppen dachig, linealisch bis linealisch-lanzettlich, 2.5 x 0.3 mm (aussen) bis 5 x 0.8 mm (innen), blassgrün, oft rötlich überlaufen, bei älteren Köpfchen graubraun, mit abstehenden, langen Borstenhaaren und wenigen kurzen, einfachen Haaren besetzt, drüsig, von aussen nach innen verkahlend und mit zunehmend deutlichem, harzigem, orangerotem Mittelnerv, die inneren häutig berandet und randlich bewimpert. Köpfchenboden leicht gewölbt, bis ca. 3 mm im Durchmesser. Spreuschuppen linealisch-lanzettlich, 4-5 x 0.6 mm, häutig, gelblich mit orangerotem, harzigem Mittelnerv, drüsig, im oberen Teil mit vereinzelten kurzen Borstenhaaren. Zungenblüten (8-)11-14(-15), sehr selten mit einem Staminodium; Ligula schmal obovat, (5-)7-9.5(-11.5) mm lang und 1.2-3.0 mm breit, blauviolett; Röhre 1.5-2.5 mm lang, drüsig. Röhrenblüten bis ca. 120; Krone schmal trichterig-glockig, 3-4 mm lang, gelb, im unteren Teil drüsig, mit 5 Ölbehältern an den Einschnitten zwischen den Kronzipfeln; Griffelanhängsel lang dreieckig (ca. 2:1); Antheren 1.3-1.5 mm lang. Pappus bestehend aus Borsten und Schuppen; Borsten 5, dicht gezähnt, (1.8-)2.2-2.8(-3.1) rnm lang; Schuppen ebensoviele, ziemlich spitz, 0.2-0.5 mm lang, bei der Reife spreizend. Achänen obovat bis fast herzförmig, am Rand und besonders oben stark verdickt, 2.2-2.7 x 1.1-1.5 mm, hellbraun, Epidermiszellen mit zapfenförmigen Fortsätzen. Achänenhaare besonders randlich zahlreich, bei der Reife zum Teil abfallend, bis 0.5 mm lang, an der Spitze geteilt und hakig umgebogen. Achänen von Zungen-und äusseren Röhrenblüten fast gleich dicht, Achänen der inneren Röhrenblüten etwas weniger dicht behaart.","Morphology","269E3D99-16F7-487E-A5E5-701C622F96D4","German","269E3D99-16F7-487E-A5E5-701C622F96D4","Rommel, A. 1977. Die Gattung Amellus L. (Asteraceae-astereae). Systematischer Teil. Mitt. Bot. Staatssamml. München 13: 579-728. [All rights reserved]",""
"wfo-0000112473","Aufrechter bis aufsteigender, bis 120 cm hoher, oft stark verholzter Strauch. Spross reich verzweigt, undeutlich in Kurz- und Langtriebe gegliedert, Rinde grün, an älteren Zweigen gelblich grau. Stengel dicht mit kurzen, basal mehrzelligen, nach oben umgebogenen Borsten besetzt. Blätter wechselständig, wenigstens die grösseren dreinervig, dabei mit unterseits stark hervortretendem Zentralnerv und zarten begleitenden Seitennerven, oblanzeolat bis obovat, spitzlich bis stumpf, oft am gleichen Exemplar sehr unterschiedlich in Grösse und Form, die grösseren 22 x 4 mm bis 25 x 13 mm. Der Blattrand kallos, ± borstig gezähnelt, die kleineren Blätter oft an der Basis mit geknietem Mittelnerv. Köpfchen seitenständig an undeutlich ausgebildeten Kurztrieben oder endständig gehäuft; Pedunkeln undeutlich abgesetzt, oft mit kleineren Hochblättern besetzt, bis 7 cm lang, besonders oben dicht abstehend kurzborstig. Involucrum 3-4-reihig, ca. 7 mm im Durchmesser. Hüllblätter 2 x 0.8 mm (die äusseren) bis 4 x 1 mm (die inneren) gross, schmal eiförmig bis obovat, grünlich gelb, kahl oder mit wenigen zarten Haaren und zahlreichen randlichen Wimpern, im Inneren mit länglichen Sekretbehältern. Zungenblüten etwas über 20, Ligula 10 x 1.5 mm, blau oder weiss, basal behaart. Scheibenblüten zahlreich, 3 bis 4 mm lang, gelb, im unteren Teil schwach behaart; Griffelanhängsel kurz dreieckig. Pappusborsten zahlreich, bis 3 mm lang, gelblich weiss, kurz gezähnt, ± abfallend. Achänen obovat, 2.5 x 1.5 mm, gelbbraun, locker bis dicht mit längeren zarten Haaren besetzt, Epidermis glatt, Randwulst ausgebildet.","Morphology","1499DF02-49AF-448D-AF49-5FF28080F65D","German","1499DF02-49AF-448D-AF49-5FF28080F65D","Grau, HRJ. 1973. Revision der gattung Felicia (Asteraceae). Mitt. Bot. Staatssamml. München 9: 195-705. [All rights reserved]",""
"wfo-0000115202","Einjähriges, wenigästiges Kraut von (1.5-)4-14(-23) cm Höhe und (2-)8-20(-40) cm Durchmesser mit allen Übergängen zwischen kleinsten aufrechten, wenig verzweigten Formen, kompakten niedrigen Büscheln und grossen, schlaffen, ausgebreiteten Pflanzen. Hauptspross am Grunde bis 3 mm stark, ± aufrecht, nach 2-12 cm ein Köpfchen tragend. Seitenzweige niederliegend bis aufrecht, sparrig verzweigt. Stengel olivgrün bis hellbraun, oft violett überlaufen, leicht gefurcht, durch herablaufende Ölbehälter etwas gestreift, zerstreut bis dicht mit rechtwinklig abstehenden, dünnen, gegliederten Borstenhaaren besetzt, relativ wenig beblättert. Blätter unten gegenständig, oben allmählich wechselständig, unter den Köpfchen etwas gehäuft, oblanzeolat, zur Basis stielartig verschmälert, ganzrandig, (10-)14-28(-30) mm lang und (2-)4-5(-6) mm breit, helloliv, oft durch rötliche Ölbehälter unterbrochen gestreift, beiderseits abstehend kurzborstig behaart und mit wenigen kopfigen Drüsen besetzt. Köpfchen einzeln an den Zweigenden, fast sitzend, von einer Aussenhülle aus meist 5 Hochblättern (diese 3-5 x 0.5-1 mm) umgeben. Involucrum ca. 2-reihig, zunächst glockig, 5-7 mm im Durchmesser, während der Blütezeit zunehmend trichterig auseinanderspreizend, zur Reifezeit flach ausgebreitet, dann (10-)11-14 mm im Durchmesser. Hüllschuppen linealisch, graugrün, meist mit rötlich überlaufener Spitze, abstehend langborstig behaart, drüsig, mit harzigem Mittelnerv, nicht häutig berandet; die äusseren 4-7 x 0.4-0.8 mm, die inneren 6-7 x 0.5 mm, um die Achänen der Zungenblüten gefaltet. Gelegentlich eine folgende Reihe von Schuppen von 5-6 x 0.2-0.4 mm die Achänen der äusseren Röhrenblüten umschliessend. Spreuschuppen in der Mitte des Köpfchens fehlend bis auf Ausnahmen, dann ca. 3 x 0.2 mm gross. Köpfchenboden (7-)8-11(-12); Ligula schmal obovat, 2-2.5 mm lang und 0.5-0.7 mm breit, weiss; Röhre 1.4-1.7 mm lang, oft rötlich überlaufen, lang drüsig. Röhrenblüten 5-8(-12) zwittrige, meist in einer Reihe auf Lücke mit den Zungenblüten stehend, 1-5 männliche Blüten in der Mitte des Köpfchens einschliessend; Krone schmal gerade, 2-2.5 mm lang, weiss, im unteren Teil oft rot überlaufen und mit langen, schmalen Drüsen besetzt, oben mit 2-3 sehr kleinen Ölbehältern an den zur Innenseite des Köpfchens gewandten Einschnitten zwischen den Kronzipfeln; Griffelanhängsel kurz dreieckig (ca. 1:1), Antheren 0.5-0.7 mm lang.  Pappus der inneren Röhrenblüten radiär, bestehend aus 5(-7) dicht gezähnten, 2.0-2.5 mm langen Borsten und ebensovielen alternierenden, 0.05-0.1 mm langen Schuppen; Pappus der äusseren Röhrenblüten zygomorph, bestehend aus 5(-8) Borsten von 1.5-2.0 mm Länge an der äusseren Schmalseite der Achäne und 1-5 oft ± verwachsenen, 0.1-0.5 mm langen Schuppen an der inneren Schmalseite; Pappus der Zungenblüten noch stärker zygomorph, oft nur aus einer einzigen 0.8-1.2 mm langen Borste an der äusseren und einer einzigen grossen, 0.5-1.0 mm langen Schuppe an der inneren Schmalseite bestehend; zwischen diesen Typen alle Übergänge. Pappusschuppen bei der Reife aufrecht stehen bleibend. Achänen obovat bis fast herzförmig, zur Basis deutlich verschmälert, mit dickem randlichem Wulst, auffallend gross, 3.0-3.7(-4.0) x 2.0-2.3 mm, beige, Epidermiszellen mit zapfenförmigen Fortsätzen. Achänenhaare bis 0.5 mm lang, meist leicht gebogen, an der Spitze zweikugelig verdickt. Stark behaarte Achänen der Zungenblüten und schwach behaarte Achänen der Röhrenblüten durch Auseinanderspreizen bei der Reife oft scheinbar abwechselnd nebeneinanderstehend.","Morphology","269E3D99-16F7-487E-A5E5-701C622F96D4","German","269E3D99-16F7-487E-A5E5-701C622F96D4","Rommel, A. 1977. Die Gattung Amellus L. (Asteraceae-astereae). Systematischer Teil. Mitt. Bot. Staatssamml. München 13: 579-728. [All rights reserved]",""
"wfo-0000115240","Ausdauernde, bis 60 cm hohe, krautige Pflanze; Stengel aus einem Rhizom entspringend, basal mit rosettig gehäuften Blättern, gerieft, 2- bis 4-köpfig. Blätter wechselständig, obovat, mit breiter Basis sitzend, locker mit mehrzelligen Haaren besetzt bis verkahlend, die unteren 13 x 3 cm und 5-nervig, undeutlich gezähnt bis ganzrandig, die oberen zunehmend verkleinert. Köpfchen gross, an ihren Stielen dicht haarig. Involucrum 3-reihig, ca. 1.2 cm im Durchmesser. Hüllschuppen fast gleich lang, besonders die äusseren dicht mehrzellig drüsig und mit vereinzelten Borsten; die äusseren 10 x 1.5 mm lanzettlich, die mittleren 12 x 1.5 mm oblanzeolat, die inneren 12 x 1 mm oblanzeolat, Zungenblüten ca. 22, Ligula 20 x 3 mm, blau. Scheibenblüten zahlreich, Krone 5 mm lang, gelb, Griffelanhängsel schmal dreieckig bis 0.8 mm lang. Pappusborsten zahlreich, 5 mm lang, gelblich weiss, deutlich gezähnt. Achänen obovat, 4 x 2 mm, schwarzbraun, locker mit kurzen Haaren besetzt.","Morphology","1499DF02-49AF-448D-AF49-5FF28080F65D","German","1499DF02-49AF-448D-AF49-5FF28080F65D","Grau, HRJ. 1973. Revision der gattung Felicia (Asteraceae). Mitt. Bot. Staatssamml. München 9: 195-705. [All rights reserved]",""
"wfo-0000118368","Höhe: bis 30 cm. Hauptspross: aufsteigend, stark verholzt, an der Basis 4 mm im Durchmesser. Verzweigung: akroton gefördert, Verzweigungsbeginn 5-10 cm über dem Boden, Hauptachse und Seitenzweige sich drei- bis fünffach verzweigend, Seitenzweige (etwas bogig) aufsteigend. Stengel: kahl, ± dicht feindrüsig, basal verholzt, rötlich dunkelbraun, weitgehend beblättert, jüngere Abschnitte olivbraun, gleichmässig dicht beblättert. Blätter: im oberen Teil des Stengels waagrecht abstehend bis schräg nach oben gerichtet, im unteren Teil zurückgeschlagen, dunkel olivgrün, linealisch, eher dicklich, 7-25 mm lang und 0.8-1 mm breit, Oberfläche grubig, dicht feindrüsig, locker bis kaum borstig, Borsten (sehr) kurz, bisweilen fast nur noch auch ihrer verdickten Basalzelle bestehend, oft an der Blattspitze zu mehreren gehäuft. Blattansatz: unauffällig. Köpfchenstiele: 5-12 cm lang, deutlich abgesetzt, blattlos oder vereinzelt mit Brakteen, kahl, locker drüsig, ± undeutlich gerillt. Köpfchen: einzeln an den Enden der seitlichen Verzweigungen, angeordnet; meist 3-5 köpfchentragende Seitenzweige auf etwa gleicher Höhe gehäuft. Involucrum: ca. 8 mm im Durchmesser. Hüllschuppen: 4-reihig, olivbraun bis gelblichbraun mit hellem Rand und einem ± harzigen, dunkelbraunen, im oberen Drittel etwas erhabenen Mittelnerv, 2.0-7.0 mm lang und 0.4-1.0 mm breit (äusserste Hüllschuppen 2.0-3.5 mm x 0.4-0.9 mm, innerste 6.9-7.0 mm x 0.8-0.9 mm), die inneren beiden Hüllschuppen gleichlang, lanzettlich bis oblanzeolat, bis auf die äusserste Hüllschuppe mit schmalem häutigen Rand, in ein lange, schmale etwas gebogene Spitze auslaufend. Röhrenblüten: ca. 120, gelb-gelbbraun, Krone 4.2-5.5 mm lang, locker drüsig, Kronzipfel 0.7-0.9 mm lang und 0.4 mm breit, braun umrandet, Umrandung sich von den Einschnitten zwischen den Kronzipfeln auf der Kronröhre nach unten fortsetzend. Griffelschenkel: schmal, bis 1.5 mm lang, fast auf der gesamten Länge mit einer medianen braunen Einlagerung (Ölbehäter), Griffelanhängsel ca. 0.5 mm lang, dreieckig (ca. 2:1). Innenpappus: 20-30 fein gezähnte, 3.9-5.0 mm lange Borsten. Aussenpappus: 8-16 0.1 mm lange wenigzellige, lanzettliche, in der unteren Hälfte ringförmig verwachsene Schüppchen. Achänen: unreif, schmal obovat, bräunlich, 1.5 mm lang und 0.5 mm breit, dicht ± langhaarig, Achänenhaare an der Spitze deutlich zweiteilig, Ölkörper fehlend oder undeutlich an den Achänenschultern.","Morphology","BFA1B0C8-1825-42E1-A7BD-2162493EEF6C","German","BFA1B0C8-1825-42E1-A7BD-2162493EEF6C","Bayer, E. 1981. Revision der Gattung Chrysocoma L. (Asteraceae - Astereae). Mitt. Bot. Staatssamml. München 17: 259-392. [All rights reserved]",""
"wfo-0000125993","Zarter, 30 cm hoher, aufrechter bis leicht aufliegender Strauch. Spross bis zur Mitte meist blattlos, stark verzweigt, mit schwarzer Rinde. Blätter gegenständig, basal schwach verwachsen, recht dicht stehend, graugrün, linealisch, etwas dicklich, stumpf, ± nach oben eingerollt, meist anliegend borstig behaart, bis 15 mm lang, bis 1 oder 1.5 mm breit. Köpfchen einzeln an ca. 6 cm langen, wollig-borstigen Pedunkeln. Involucrum 2-reihig, ca. 7 mm im Durchmesser. Hüllschuppen eiförmig, die äusseren 6 x 1.5 mm reich borstig, die inneren 6 x 2 mm zarthaarig oder drüsig. Zungenblüten ca. 10, Ligula 14 x 3.5 mm, blauviolett. Scheibenblüten zahlreich, Krone 4 mm lang, gelb, Griffelanhängsel dreieckig. Pappusborsten sehr zahlreich, kurz gezähnt, gelblich weiss, persistent. Achänen obovat, 3 x 1.3 mm, braun, kaum berandet, kurzhaarig.","Morphology","1499DF02-49AF-448D-AF49-5FF28080F65D","German","1499DF02-49AF-448D-AF49-5FF28080F65D","Grau, HRJ. 1973. Revision der gattung Felicia (Asteraceae). Mitt. Bot. Staatssamml. München 9: 195-705. [All rights reserved]",""
"wfo-0000118839","Aufrechtes, kräftiges, bis 50 cm hohes, stark verzweigtes Kraut. Stengel hellgrün, oft rötlich überlaufen. Blätter wechselständig, linealisch bis pfriemlich, bis 30 x 2 mm, stumpf, leicht dicklich, borstig und drüsig, mit verbreiterter Basis sitzend. Köpfchen gegen Ende des Sprosses gehäuft, an bis zu 3 cm langen, mit kurzen Hochblättern besetzten, borstigen und drüsigen Pedunkeln. Involucrum dachig, ca. 4-reihig, etwa 4 mm im Durchmesser. Hüllschuppen schmal eiförmig bis lanzettlich, borstig und drüsig, die äusseren 2 x 0.75 mm, die mittleren 3 x 0.6 mm, die inneren 3 x 0.5 mm. Zungenblüten ca. 25, Ligula 8 x 1 mm, leuchtend blau. Scheibenblüten zahlreich, Krone gelb, 2 bis 2.5 mm lang, unten schwach drüsig, Griffelanhängsel dreieckig. Pappusborsten zahlreich, 2 mm lang, weiss, basal abstehend gezähnt, abfallend. Achänen sehr klein, 1 x 0.5 mm, obovat, dunkelbraun, ohne deutliche Randwülste, fein kurzhaarig, etwas stärker gewölbt.","Morphology","1499DF02-49AF-448D-AF49-5FF28080F65D","German","1499DF02-49AF-448D-AF49-5FF28080F65D","Grau, HRJ. 1973. Revision der gattung Felicia (Asteraceae). Mitt. Bot. Staatssamml. München 9: 195-705. [All rights reserved]",""
"wfo-0000127026","Höhe: bis 35 cm. Hauptspross: aufrecht, stark verholzt, an der Basis bis 5 mm im Durchmesser. Verzweigung: Verzweigungsbeginn 5-12 cm (selten weniger) über dem Boden, (undeutlich akroton gefördert); Hauptachse sich in 3-6, sich mehrmals reichlich weiterverzweigende Seitenäste aufzweigend; Verzweigungswinkel ca. 45°, bisweilen Seitenzweige zunächst fast horizontal abgehend, dann aufsteigend. Stengel: ältere Abschnitte verholzt, mit graubrauner, leicht gefurchter Rinde, kahl, nicht mehr drüsig und entblättert, selten mit büscheligen Kurztrieben; jüngere Abschnitte hellbraun, sehr dicht mit weissen, ± abstehenden, bis 0.5 mm langen Borsten behaart, ± dicht drüsig sowie gleichmässig dicht beblättert. Blätter: am Stengel ± anliegend oder schräg nach oben gerichtet, grau-grauoliv, breit linealisch, zugepitzt, flach, etwas fleischig, 3-12.5 mm lang und 0.6-1.4 mm breit; gleichmässig, beiderseits sehr dicht mit anliegenden, zur Blattspitze hin gerichteten, geraden, ± zarten weissen Borsten behaart, Borsten bis 0.5 mm lang, 2-3 zellig mit meist rotbraun-harziger, verdickter Basiszelle, besonders jüngere Blätter ziemlich drüsig. Blattansatz: Blattbasis etwas aufgewölbt. Köpfchen: einzeln, an den Enden der seitlichen Verzweigungen. Köpfchenstiel: 0.5-8.3 cm lang, ± abstehend, sehr dicht, weiss beborstet, drüsig, meist blattlos, selten mit 1-2 Brakteen. Involucrum: ca. 10 mm im Durchmesser. Hüllschuppen: 4-reihig, oliv oder graugrün mit hellem, bisweilen rotviolett überlaufenem Rand, und braunem Mittelnerv dreieckig (lanzettlich)-oblanzeolat-linealisch, deutlich zugespitzt, 2.5-5.6 mm lang und 0.5-1.5 mm breit, (äusserste 2.5-3.0 mm x 0.5-1 mm, innerste 4.1-5.6 mm x 0.8-0.9 mm), Behaarung unterschiedlich, äussere Hüllschuppen im Bereich der etwas erhabenen Mittelrippe und der Spitze ± dicht mit bis zu 1 mm langen Borsten behaart und dicht feindrüsig, innere kahl und nur im oberen Drittel drüsig, bis auf die äusserste, Hüllschuppen schmal häutig berandet. Zungenblüten: randständig, weiblich, bei den einzelnen Pflanzen von unterschiedlicher Grösse, z.B. lang und schmal (13.2 mm lang und 1.2 mm breit) oder kurz und breit (11.2 mm lang und 2.2 mm breit), insgesamt 7.9-11.5(-13.2) mm lang und 1.2-2.0(-2.6) mm breit, dreizipfelig, Anzahl 20-26, blau-blauviolett, im Herbarmaterial meist gelbbraun verfärbt. Röhrenblüten: Anzahl 58-75, gelb-gelbbraun, Krone 3.1-4.2 mm lang, unterhalb der Mitte locker drüsig, Kronzipfel 0.6-0.7 mm lang und 0.4 mm breit, meist dunkel umrandet, bisweilen blauviolett verfärbt. Griffelschenkel: bei den Zungenblüten 1 mm lang, bei den Röhrenblüten 0.9-1.1 mm, linealisch mit kurzem ca. 0.25 mm langem, dreieckigem Anhängsel (ca. 1:1). Innenpappus: kurz gezähnt, persistent, bei den Zungenblüten 28-31 Borsten von 2.5-3.1 mm Länge, bei den Röhrenblüten 23-30 Borsten von 2.9-3.7 mm Länge. Aussenpappus: bei den Zungenblüten 16-22, bei den Röhrenblüten 22-26, 0.3-0.5 mm lange, lanzettliche bis linealische, sehr spitz zulaufende Schuppen, bei den Zungenblüten etwas feiner ausgebildet. Achänen: obovat, stark abgeflacht, zwei verschiedene Achänentypen, Achänen der Zungenblüten 1.9-2.5 mm lang und 1.0-1.4 mm breit, dunkelbraun, gleichmässig ± dicht mit weissen, feinen, langen Haaren bestanden, mit deutlichem, bei noch nicht völlig ausgereiften Achänen, heller abgesetztem, randlichem Wulst, ohne Ölkörper, fertil, Achänen der Röhrenblüten 2.2-2.8 mm lang und 1.1-1.7 mm breit, hellbraun, nur randlich mit langen Haaren bewimpert, auf der Fläche nahezu kahl, mit rotbraunem Ölkörper an den Achänenschultern, bisweilen auch gesamter Hals- und Schulterbereich harzig, Ölkörper bei ausgereiften Achänen bisweilen fast völlig reduziert.","Morphology","BFA1B0C8-1825-42E1-A7BD-2162493EEF6C","German","BFA1B0C8-1825-42E1-A7BD-2162493EEF6C","Bayer, E. 1981. Revision der Gattung Chrysocoma L. (Asteraceae - Astereae). Mitt. Bot. Staatssamml. München 17: 259-392. [All rights reserved]",""
"wfo-0000127291","Ausdauernde, krautige, bis 20 cm hohe Pflanze; mit Blattrosetten an denen meist mehrere, bis ca. 10 cm lange, am Ende Tochterrosetten bildende Ausläufer entspringen. Blätter rosettig, am Stengel wechselständig; Rosettenblätter elliptisch bis obovat, bis 4.5 x 1.2 cm, undeutlich spitz, Blattfläche weitgehend kahl oder verkahlend, Blattrand knorpelig und mit kräftigen Borsten besetzt, Stengelblätter linealisch, bis etwa 12 x 1.5 mm. Köpfchen einzeln am Ende des fast bis obenhin beblätterten Stengels, dieser behaart und vereinzelt drüsig. Involucrum 3-reihig; Hüllschuppen borstig und drüsig, nach innen verkahlend, die äusseren 5 x 1 mm, lanzettlich, die mittleren 6 x 2 mm, die inneren 6 x 1.5 mm, oblanzeolat. Zungenblüten ca. 16, Ligula 10 x 2.5 mm, fahl blau. Scheibenblüten zahlreich, Krone 3.5 mm lang, gelb, Griffelanhängsel etwas verlängert dreieckig. Pappusborsten zahlreich, 4.5 mm lang, weiss, deutlich gezähnt, ± persistent. Achänen elliptisch, 2 x 1 mm, kurzhaarig, Epidermis glatt.","Morphology","1499DF02-49AF-448D-AF49-5FF28080F65D","German","1499DF02-49AF-448D-AF49-5FF28080F65D","Grau, HRJ. 1973. Revision der gattung Felicia (Asteraceae). Mitt. Bot. Staatssamml. München 9: 195-705. [All rights reserved]",""
"wfo-0000122045","F. burkei stimmt habituell und in den meisten Einzelheiten mit F. filifolia ssp. schaeferi überein, so dass sich eine eigene Beschreibung hier erübrigt. Die Hauptunterschiede liegen in der Behaarung der Blätter und der Gestalt des Pappus. Die Blätter tragen an der Spitze, bisweilen auch auf der Fläche wenige kurze Borsten; diese Borsten können bei Pflanzen verschiedener Herkunft unterschiedlich reich ausgebildet sein und verlieren sich leicht an älteren Blättern. Korreliert mit dem Behaarungsgrad der Blätter ist das Auftreten von Haaren an den Pedunkeln unterhalb der Köpfchen; sie können dort relativ dicht stehen oder fehlen. Die Hüllschuppen tragen auf dem Rücken meist unterbrochene Harzschwielen. Der Pappus besteht aus undeutlich verschieden langen zarten Borsten. Die längeren Borsten erreichen 4 mm, die kürzeren 1-2 mm. Die Achänen sind auffallend lang seidig behaart.","Morphology","1499DF02-49AF-448D-AF49-5FF28080F65D","German","1499DF02-49AF-448D-AF49-5FF28080F65D","Grau, HRJ. 1973. Revision der gattung Felicia (Asteraceae). Mitt. Bot. Staatssamml. München 9: 195-705. [All rights reserved]",""
"wfo-0000122203","Höhe: bis 25 cm. Hauptspross: aufsteigend, bis aufrecht, stark, bisweilen knorrig verholzt, 8-10 mm im Durchmesser. Verzweigung: gering, Verzweigungsbeginn unterschiedlich, meist ca. 5 cm über dem Boden, Seitenzweige aufrecht. Stengel: rotbraun, in hellbraun oder oliv übergehend, regelmässig ± dicht beblättert, dicht mit bis zu 2 mm langen, mehrzelligen, weissen Haaren bedeckt (grob wollhaarig), Behaarung sich nach oben zu auflockernd, ältere Abschnitte stark verholzt, graubraun, meist entblättert, selten mit büscheligen Kurztrieben, verkahlt. Blätter: ± anliegend oder schräg nach oben gerichtet, Mittelnerv hellbraun, auf der Blattunterseite gut sichtbar, dunkel olivgrün, oblanzeolat, flach, 4-23 mm lang und 1-3 mm breit, locker drüsig, beiderseits ± dicht mit weissen, bis zu 2 mm langen, ± abstehenden, ± nach vorne gerichteten Haaren bestanden, Haare mehrzellig, weiss und unterhalb der Zellgrenzen eingeschnürt. Blattansatz: sehr auffällig, Blattbasis farblich vom Stengel unterschieden, hell-rotbraun, kahl, verbreitert, aufgewölbt. Köpfchenstiele: 1.3-10 cm lang, blattlos, mit kleineren Blättern oder 1-2 Brakteen, locker drüsig, locker, ± abstehend behaart, gerillt. Köpfchen: einzeln an den Enden der seitlichen Verzweigungen, köpfchentragende Seitenzweige selten zu zweien oder mehreren gehäuft. Involucrum: ca. 8-10 mm im Durchmesser. Hüllschuppen: 4-reihig, hell-olivgrün, später braun, mit hellem Rand, bisweilen rotviolett überlaufen, Mittelnerv braun, ± dicht langhaarig, nach innen verkahlend, ± locker drüsig, lanzettlich-oblanzeolat-linealisch, 2.1-5.5 mm lang und 0.5-1.2 mm breit, (äusserste Hüllschuppe 2.1-3.0 mm x 0.5-0.9 mm, innerste 4.2-5.5 mm x 0.4-0.9 mm), in eine meist etwas seitlich gebogene, ± lang gefranste Spitze auslaufend, innere Hüllschuppen mit wenig gefranstem häutigen Rand. Röhrenblüten: (130-)140-180, Krone gelb, 3.9-5.2 mm lang, Kronröhre ± locker drüsig, Kronzipfel 0.8 mm lang und 0.4 mm breit, oft braun umrandet, an den Einschnitten zwischen den Kronzipfeln oft sehr kleine rotbraune Ölbehälter. Griffelschenkel: schmal, 1.1-1.2 mm lang, Anhängsel 0.5 mm lang, dreieckig (ca. 1.5:1). Innenpappus: mit 21-23 kurz gezähnten Borsten, 3.5-4.1 mm lang. Aussenpappus: 18-20 dichtstehende, dreieckig-lanzettliche, wenigzellige Schüppchen etwas unterschiedlicher Grösse, ca. 0.1 mm lang. Achänen: abgeflacht, keilförmig, mit randlichem Wulst, 1.8-2.2 mm lang und 0.8-1.0 mm breit, schwarzbraun, ± dicht langhaarig, an den Achänenschultern bisweilen sehr schwer zu erkennende Ölkörper, die auch völlig fehlen können.","Morphology","BFA1B0C8-1825-42E1-A7BD-2162493EEF6C","German","BFA1B0C8-1825-42E1-A7BD-2162493EEF6C","Bayer, E. 1981. Revision der Gattung Chrysocoma L. (Asteraceae - Astereae). Mitt. Bot. Staatssamml. München 17: 259-392. [All rights reserved]",""
"wfo-0000130071","Reich und regelmässig verzweigte, ausdauernde, bisweilen auch zweijährige, meist krautige, nur basal holzige, aufsteigende bis aufrechte, bis 100 cm hohe Pflanze. Blätter immer gegenständig, von unterschiedlicher Grösse, meist relativ gross, 2-5.5 cm lang und 1-2.5 cm breit, elliptisch bis obovat, stumpf oder undeutlich spitz, am Grund mehr oder weniger deutlich gestielt, 1-3 nervig, mit nach unten eingerollten Rändern, oberseits dunkelgrün, unterseits heller, starr und lederig mit kurzen Borsten. Köpfchen einzeln an bis zu 18 cm langen, dicht behaarten Pedunkeln. Involucrum zweireihig, 5-7 mm im Durchmesser. Die äusseren Hüllschuppen 8-11 mm lang und 1-2 mm breit, oblanzeolat mit Borsten und bisweilen auch Drüsen, die inneren 8-11 mm lang und 2-3 mm breit, oblanzeolat, mit trockenhäutigen Rändern. Zungenblüten etwa 12, Ligula 17 x 4 mm, leuchtend blau. Scheibenblüten zahlreich, Krone bis 4 mm lang, gelb, Griffelanhängsel dreieckig. Pappusborsten zahlreich, bis 4 mm lang, weiss, im oberen Teil etwas verbreitert, gezähnt, persistent. Achänen obovat, 4 x 2 mm, schwach schuppig, mit kurzen Haaren, schwarz-braun.","Morphology","1499DF02-49AF-448D-AF49-5FF28080F65D","German","1499DF02-49AF-448D-AF49-5FF28080F65D","Grau, HRJ. 1973. Revision der gattung Felicia (Asteraceae). Mitt. Bot. Staatssamml. München 9: 195-705. [All rights reserved]",""
"wfo-0000126599","Höhe: bis 80 cm Hauptspross: aufrecht, stark verholzt, an der Basis bis 4 mm, (in einem Fall 8 mm) im Durchmesser. Verzweigung: akroton gefördert, Verzweigungsbeginn 8-15 cm über dem Boden, Hauptspross sich zunächst meist nur in zwei bis drei, sich ± reichlich, mehrmals weiterverzweigende Seitenäste aufteilend. Stengel: kahl, ältere Abschnitte graubraun, entblättert, jüngere Abschnitte olivgrün, dicht feindrüsig, relativ dicht beblättert. Blätter: in weitem Winkel schräg nach oben gerichtet bis abstehend, olivgrün bis mittelgrün, linealisch, flach, Ränder meist ± stark eingerollt, kahl, junge Blätter mit feinen Harzdrüsen, bis 25 (selten bis 35) mm lang (die obersten Blätter 4 mm lang) und bis 1 (selten bis 1.5) mm breit. Blattansatz: ± unauffällig, Blattbasis etwas aufgewölbt. Köpfchenstiele: 0.3-1.5 cm lang, undeutlich abgesetzt, fast bis oben mit verkürzten Blättern besetzt, kahl, ± dicht drüsig. Köpfchen: selten einzeln, meist zu 2-3en an den Enden der köpfchentragenden Seitenzweige. Involucrum: 8 mm im Durchmesser. Hüllschuppen: 4-reihig, gelblich mit dunklem Mittelstrich, die äusseren dicht feindrüsig, kahl, Mittelnerv harzig glänzend, schmal lanzettlich bis schmal oblanzeolat, in eine relativ lange, schmale, bisweilen etwas gefranste Spitze ausgezogen, 2.0-5.2 mm lang und 0.3-1 mm breit (die äussersten 2.0-2.3 mm x 0.3-0.4 mm die innersten 4.5-5.2 mm x 0.6-0.8 mm), mit schmalem häutigen Rand. Röhrenblüten: ca. 90, gelb, Krone bis 3.2 mm lang, im mittleren Bereich locker drüsig, Kronzipfel 0.7 mm lang und 0.5 mm breit bis auf die Spitzen meist rotbraun-harzig umrandet, an den Einschnitten zwischen den Kronzipfeln deutliche rotbraune Ölbehälter. Griffelschenkel: schmal, 0.9-1.1 mm lang, Griffelanhängsel 0.2-0.3 mm lang, dreieckig (ca. 1:1). Innenpappus: ca. 22, basal etwas länger, apikal kurz gezähnte, 3.0-3.2 mm lange Borsten; abfallend. Aussenpappus: ca. 30 stumpfe, unter 0.1 mm lange, basal verwachsene Schuppen. Achänen: schmal obovat mit schmalem randlichen Wulst, braun, 1.9-2 mm lang und 0.8 mm breit, locker langhaarig, Ölkörper klein, aber deutlich ausgebildet, rotbraun, meist seitlich herablaufend.","Morphology","BFA1B0C8-1825-42E1-A7BD-2162493EEF6C","German","BFA1B0C8-1825-42E1-A7BD-2162493EEF6C","Bayer, E. 1981. Revision der Gattung Chrysocoma L. (Asteraceae - Astereae). Mitt. Bot. Staatssamml. München 17: 259-392. [All rights reserved]",""
"wfo-0000137294","Aufrechter, bis 1.5 m hoher Strauch, basal stark verholzt, blattlos, Rinde graubraun, faserig. Ältere Sprosse mit dichtblättrigen Kurztrieben, am Ende mit jungen Langtrieben. Blätter wechselständig, sehr unterschiedlich gross, 5 x 2 mm bis 15 x 8 mm, elliptisch bis keilförmig, mit bis zu 10 spitz-eiförmigen Zähnen, graugrün, Behaarung entweder nur kurzborstig [as kurzbrostig], oder borstig und drüsig, oder filzig, deutlich bis undeutlich gestielt. Die obersten Blätter klein, ungezähnt, lanzettlich. Köpfchen an den Enden der Langtriebe, einzeln, mit bis zu 4 cm langen Pedunkeln. Involucrum 3-4-reihig, bis 1.5 cm im Durchmesser. Hüllblätter dachig, 2 x 1 mm (aussen) bis 4 x 1 mm (innen), drüsig und borstig, mit gefranstem und trockenhäutigen Rand. Zungenblüten ca. 15, Ligula 25 x 2 mm, blauviolett. Scheibenblüten zahlreich, Krone bis 8 mm lang, gelb, manchmal an den freien Zipfeln rot, Griffelanhängsel schmal dreieckig. Pappusborsten zahlreich, gleichlang, persistent, bis 8 mm lang, gelblich weiss, gezähnt. Ganz selten mit einigen kurzen (0.2-0.3 mm langen) basalen Schuppen. Achänen elliptisch, 3 x 5 mm, gelbbraun, mit fahlem dicht behaartem Randwulst, Fläche im oberen Teil mit wenigen Seidenhaaren oder kahl, Epidermis glatt.","Morphology","1499DF02-49AF-448D-AF49-5FF28080F65D","German","1499DF02-49AF-448D-AF49-5FF28080F65D","Grau, HRJ. 1973. Revision der gattung Felicia (Asteraceae). Mitt. Bot. Staatssamml. München 9: 195-705. [All rights reserved]",""
"wfo-0000129412","Höhe: bis 4 cm Hauptspross: aufrecht, stark verholzt, bis 6 mm im Durchmesser. Verzweigung: akroton gefördert, an langgestreckten Sprossen, Verzweigungsgbeginn etwa 2 cm über dem Boden, Seitenzweige starr aufrecht. Stengel: kahl, ältere Abschnitte graubraun, entblättert, jüngere Abschnitte rotbraun bis olivgrün, ± locker drüsig, gleichmässig locker beblättert. Blätter: anliegend, grün bis olivgrün, bisweilen dunkelrot überlaufen, linealisch, ± spitz, dicklich, ± dicht drüsig, 4-9 mm lang und 0.5-1 mm breit, randlich mit ± nach vorn gerichteten 0.3-0.5 mm langen, starren Borsten bewimpert, auf der Unterseite im Bereich der Mittelrippe anliegend borstig, Behaarungsdichte sehr unterschiedlich, bisweilen auch kahl. Blattansatz: unauffällig. Köpfchenstiele: beblättert, bis 1 cm lang, kahl oder locker drüsig. Köpfchen: einzeln an den Enden der etwas gehäuften Seitenzweige. Involucrum: bis 12 mm im Durchmesser. Hüllschuppen: 5-reihig, olivgrün mit dunkler Mittellinie, Spitzen oft rotviolett überlaufen, kahl oder die äusseren mit einzelnen bis 0.5 mm langen Borsten, mit wenigen Drüsen, häutigem Rand schmal und fein ausgefranst, lanzettlich, 2.5-7.0 mm lang und 0.8-1 mm breit (die äussersten 2.5-3.0 mm x 0.8-1.0 mm, die innersten 5.8-7.0 mm x 0.8-0.9 mm). Röhrenblüten: etwa 80, gelb, bisweilen rötlich überlaufen, Krone 4.5-5.2 mm lang, locker drüsig, Kronzipfel 1.2-1.5 mm lang und 0.5 mm breit, meist fein rotbraun umrandet, an den Einschnitten zwischen den Kronzipfeln hellbraune Ölbehälter, bisweilen auch feine Ölstriemen. Griffelschenkel: schmal, 1.1-1.2 mm lang, mit braunen Ölbehältern, Griffelanhängsel 0.5 mm lang, schmal dreieckig (ca. 2:1). Innenpappus: 24-28 kurz gezähnte, 4.8-4.9 mm lange Borsten. Aussenpappus: 16-24, 0.15-0.3 mm lange, in der Grösse unregelmässige, spitze Schuppen. Achänen: schmal obovat, die meisten Achänen taub, braun, locker langhaarig, taube Achänen bis 3 mm lang und 0.3-0.9 mm breit, Ölkörper rotbraun, an den Achänenschultern ± deutlich bisweilen seitlich herabgezogen.","Morphology","BFA1B0C8-1825-42E1-A7BD-2162493EEF6C","German","BFA1B0C8-1825-42E1-A7BD-2162493EEF6C","Bayer, E. 1981. Revision der Gattung Chrysocoma L. (Asteraceae - Astereae). Mitt. Bot. Staatssamml. München 17: 259-392. [All rights reserved]",""
"wfo-0000138837","Höhe: 20-35 cm. Hauptspross: aufrecht, stark verholzt, an der Basis bis 4 mm (in einem Fall 8 mm) im Durchmesser. Verzweigung: locker, im oberen Bereich etwas stärker, Verzweigungsbeginn 5-7 cm über dem Boden, Seitenzweige ± steil aufsteigend, langgestreckt. Stengel: kahl, basale, stark verholzte Teile graubraun, entblättert, die jüngeren Teile rötlich braun in dunkles olivgrün übergehend, ± dicht feindrüsig, oft harzig glänzend (klebrig), dicht beblättert. Blätter: dem Stengel ± anliegend bis schräg nach oben gerichtet, linealisch, oft sich apikal verbreiternd, bis spatelförmig, meist stumpf selten borstenspitzig, dicklich, ± dicht feindrüsig, harzig glänzend, meist durch im Blatt liegende Harzdrüsen grubig, dunkel olivgrün, 3-15 mm lang und 0.5-1.5 mm breit, kahl oder mit einzelnen kurzen Borsten. Blattansatz: etwas auffällig, Blattbasis hellbraun und geringfügig erhaben. Köpfchenstiele: undeutlich abgesetzt, kurz, 0.3-3 cm lang, ± mit Brakteen besetzt, kahl, ± dicht fein-drüsig. Köpfchen: einzeln, selten zu zwei- bis dreien an den obersten Seitenzweigen, verhältnismässig gross. Involucrum: 12-14 mm im Durchmesser. Hüllschuppen: 4-reihig, olivgrün (-braun) mit hellem Rand, Spitze oft rot überlaufen, besonders die inneren längeren nach oben randlich deutlich zerschlitzt bis bewimpert, äussere Hüllschuppen bisweilen mit einzelnen, bis 0.5 mm langen Borsten, sonst kahl, ± locker feindrüsig, lanzettlich, 2-6 mm lang und 0.5-1.4 mm breit (die äussersten 2.0-4.0 mm x 0.8, die innersten 5.5-6.0 mm x 0.7-1.0 mm). Röhrenblüten: ca. 75, gelb, Krone 4.2-5 mm lang, im mittleren Bereich deutlich drüsig, Kronzipfel 0.8 mm lang und 0.4 mm breit, bisweilen rötlich überlaufen. Griffelschenkel: schmal, 1.2-1.4 mm lang, Griffelanhängsel ca. 0.3 mm lang, dreieckig (ca. 1:1). Innenpappus: ca. 28 kurz gezähnte, 3.0-3.8 mm lange Borsten, abfallend. Aussenpappus: 20-24, 0.2-0.3 mm lange, stumpfe, glatte oder undeutlich gezähnte Schuppen. Achänen: (breit) obovat bis herzförmig mit randlichem Wulst auf der Fläche (sehr) locker und ± lang, am Rand dichter und etwas länger behaart, dunkel (rot) braun, 2.5-2.8 mm lang und 1.5-1.7 mm breit, Ölkörper entweder fehlend oder deutlich, rotbraun, am inneren Rand der Achänenschultern.","Morphology","BFA1B0C8-1825-42E1-A7BD-2162493EEF6C","German","BFA1B0C8-1825-42E1-A7BD-2162493EEF6C","Bayer, E. 1981. Revision der Gattung Chrysocoma L. (Asteraceae - Astereae). Mitt. Bot. Staatssamml. München 17: 259-392. [All rights reserved]",""
"wfo-0000131546","Höhe: bis 20 cm. Hauptspross: aufrecht-aufsteigend, stark verholzt, an der Basis bis 8 mm im Durchmesser. Verzweigung: Hauptspross sich an der Basis reich verzweigend, Seitenzweige leicht bogig aufsteigend, wenig weiterverzweigt. Stengel: dicht weissfilzig behaart, in den untersten, stärker verholzten Abschnitten verkahlend, gleichmässig dicht beblättert. Blätter: schräg nach oben gerichtet, bisweilen dem Stengel anliegend, graugrün, linealisch, flach, 4-13 (selten -20) mm lang und 0.8-1 mm breit, dicht weissfilzig behaart. Blattansatz: Blattbasis etwas erhaben, bisweilen verkahlt, hellbraun. Köpfchenstiele: 1-4 cm lang, gerillt, dicht weissfilzig behaart, mit wenigen Drüsen, undeutlich abgesetzt, da die Blätter an den köpfchentragenden Seitenzweigen nach oben zu ganz allmählich kürzer werden. Köpfchen: einzeln an den Enden der seitlichen Verzweigungen; köpfchentragende Seitenzweige selten zu zwei-dreien gehäuft. Involucrum: ca. 8 mm im Durchmesser. Hüllschuppen: 4-reihig, graugrün-gelbbraun meist mit rotvioletten Spitzen, ± dicht, weiss, filzig behaart, nach innen zu besonders basal verkahlend, ± dicht drüsig, lanzettlich-linealisch, spitz zulaufend, 2-4.5 mm lang und 0.5-1.0 mm breit, (äusserste Hüllschuppen 2-2.2 mm x 0.5-0.7 mm, innerste 3.9-4.5 mm x 0.4-0.6 mm), innere Hüllschuppen mit besonders an den Spitzen ± lang ausgefranstem häutigen Rand. Röhrenblüten: ca. 100, Krone gelb, 4.0-4.2 mm lang, Kronzipfel 0.8 mm lang und 0.5 mm breit, meist dunkel umrandet, im Spitzenbereich vereinzelt mit Drüsen. Griffelschenkel: schmal, 1.0-1.2 mm lang mit 0.3 mm langem, dreieckigen Anhängsel (ca. 1:1). Innenpappus: 22-26 gleichmässig kurz gezähnte, 3.0-3.5 mm lange Borsten. Aussenpappus: 16-22, unregelmässig lange (0.1-0.15 mm) und gestaltete, ± lanzettliche, basal verwachsene Schuppen. Achänen: obovat, unreif 1.2 mm lang und 0.5 mm breit, hellbraun, zart und ± dicht langhaarig. Ölkörper: undeutlich, oberer Achänenrand ± rotbraun-harzig.","Morphology","BFA1B0C8-1825-42E1-A7BD-2162493EEF6C","German","BFA1B0C8-1825-42E1-A7BD-2162493EEF6C","Bayer, E. 1981. Revision der Gattung Chrysocoma L. (Asteraceae - Astereae). Mitt. Bot. Staatssamml. München 17: 259-392. [All rights reserved]",""
"wfo-0000131673","Hochgewachsenes (-40 cm), relativ zartes, annuelles Kraut. Von der Basis her bogig aufsteigend reich verzweigt, Stengel locker borsthaarig. Die unteren Blätter gegenständig, die oberen wechselständig, gross, bis 5 x 2 cm, selten bis 8 x 3 cm, spitz elliptisch bis eiförmig, die grösseren randlich schwach gezähnt (1-3 kurze aufgesetzte Zähne je Blattseite), 3-nervig, undeutlich gestielt, basal borstig bewimpert sonst anliegend borstig. Köpfchen an bis zu 10 cm langen borstigen, oben drüsigen Pedunkeln. Involucrum aus zwei inneren Reihen gleichlanger und einigen kürzeren äusseren Hüllschuppen zusammengesetzt, ca. 1 cm im Durchmesser. Die gleichlangen Hüllblätter ca. 5 mm lang, 1-1.5 mm breit, lanzettlich und ± borstig die äusseren, schmal spitz obovat, kahl und trockenrandig die inneren. Die kürzeren Hüllblätter 4 x 1 mm bis 3 x 0.5 mm gross, schmal eiförmig bis lanzettlich, ± stark borstig. Ca. 14 Zungenblüten, Ligula 9 x 2 mm, blau, basal zart behaart. Scheibenblüten zahlreich, Krone 3 mm lang, gelb, basal zart behaart. Pappusborsten zahlreich, 3 mm lang, weiss, kurz gezähnt, abfallend. Achänen elliptisch, 2.5 x 1 mm, braun, dicht lang keulenhaarig, randlich verkahlend und erst auf der undeutlichen Randrippe wieder dicht behaart.","Morphology","1499DF02-49AF-448D-AF49-5FF28080F65D","German","1499DF02-49AF-448D-AF49-5FF28080F65D","Grau, HRJ. 1973. Revision der gattung Felicia (Asteraceae). Mitt. Bot. Staatssamml. München 9: 195-705. [All rights reserved]",""
"wfo-0000132333","Ein reichlich verzweigter, graziler, bis zu 75 cm grosser Strauch. Spross mit regelmässig angeordneten Kurz- und Langtrieben, gleichmässig dicht, an Kurztrieben sehr dicht beblättert, jüngere Stengelabschnitte hin- und hergewunden, behaart, ältere Teile verkahlend. Blätter eiförmig-lanzettlich, 2.1 x 0.9 mm bis 122 x 51 mm, 2-15 mm lang gestielt, geöhrelt, krautig, beidseitig behaart, Rand flachbuchtig gezähnt. Köpfchen zahlreich, am Ende von Kurz- und Langtrieben. Involucrum halbkugelig, 4- bis 5-reihig, 6-12 mm hoch. Hüllschuppen ± struppig behaart (gestielte Köpfchendrüsen, Gliederhaare), die äusseren eiförmig bis lanzettlich, 2.2 x 0.75 mm bis 4 x 0.8 mm, blassgrün, krautig, die inneren lanzettlich-linealisch, 5.39 x 0.9 mm bis 9.6 x 1.12 mm, grünlich bis hyalin, Spitzen kurz gefranst. Zunqenblüten 15-34, Ligula löffelförmig, 2.7 x 1.2 mm, selten länglich, 6.72 x 1.7 mm, weiss, 3-zähnig oder ± tief in (2) 3 (5) Zipfel gespalten, oft 1 (2) ± reduzierte(r) Kronzipfel, stets Staminodien vorhanden, ± drüsig behaart. Röhrenblüten 38-112, Krone 7-8.5 mm lang, weiss, ± drüsig behaart. Pappus bestehend aus 20-28, bis 6.4 mm langen barbellaten Borstenhaaren in 2-3 Kreisen, die Borsten des äusseren Kreises kürzer und schwächer, zerschlitzt bis gezähnt. Achänen (noch nicht ganz reif) länglich, zylindrisch, 2.8 x 0.6 mm, braun, mit 9-10 Rippen, mit Drüsen- und steifen Zwillingshaaren besetzt.","Morphology","570F125F-CAC5-4C20-AC0D-E25AAF15369F","German","570F125F-CAC5-4C20-AC0D-E25AAF15369F","Kroner, G. 1980. Systematische studien im umkreis von Athrixia Ker-Gawler (Asteraceae). Mitt. Bot. Staatssamml. München 16: 1-268. [https://www.biodiversitylibrary.org/item/52055#page/17/mode/1up] [All rights reserved]","https://www.biodiversitylibrary.org/item/52055#page/17/mode/1up"
"wfo-0000138244","Ein steil aufragender bis aufrechter, meist mehrstengeliger, 15 bis 30 cm (selten bis 60 cm) grosser, grau-filzig überzogener Halbstrauch. Spross gleichmässig dicht beblättert, mit zahlreichen, blattachselständigen Kurztrieben besetzt. Blätter schmal lanzettlich, zur Stengel-Basis hin lanzettlich bis verkehrt eiförmig, 3 x 0.6 mm bis 23 x 6 mm, sitzend, ganzrandig, Rand ± nach unten gebogen, unterseits stärker filzig behaart als oberseits, basal in schuppige Niederblätter, nach oben in Hüllschuppen übergehend. Köpfchen 3-5 (2/7) corymbös gehäuft an 5-10 (2/20) mm langen Stielen. Involucrum becher- bis trichterförmig, 4- bis 5-reihig, 9-12 mm hoch. Äussere Hüllschuppen hochblattartig, länglich bis lanzettlich, 8 x 1.8 mm, ihre obere Hälfte krautig, ± graufilzig behaart, vom Mittelnerv Seitennerven abzweigend, ganzrandig, Rand ± nach aussen umgebogen, ihre untere Hälfte grün-strohig bis hyalin, die mittleren und inneren schmal lanzettlich, 10.6 x 1.9 mm bis 10.5 x 1.7 mm, zunehmend strohig bis hyalin, Rand zerschlitzt, Spitzen wenig und kurz gefranst, alle ± drüsig behaart (gestielte Kopfdrüsen). Zungenblüten 5-12, Ligula schmal elliptisch, 7.8 x 3.0 mm bis 10.2 x 3.7 mm, weiss, blassrot oder malvenfarben, 3-zähnig, 4 bis 6 (8)-nervig, ± drüsig behaart, Staminodien vorhanden. Röhrenblüten 8-24, Krone 9-11 mm lang, gelb, (weiss oder blassrot), ± drüsig behaart, Griffel wenig tief in 2 Äste gespalten. Pappus bestehend aus 80-100, bis 10.5 mm langen, subbarbellaten Borstenhaaren in 3 Kreisen, die Borsten des äusseren Kreises teilweise kürzer und schwächer, zerschlitzt bis gezähnt. Achänen (noch nicht ganz reif) länglich, zylindrisch, 3 x 0.8 mm, braun, mit 9-10 Rippen, mit Drüsenhaaren und krausen Gliederhaaren, nur vereinzelt mit steifen Zwillingshaaren besetzt.","Morphology","570F125F-CAC5-4C20-AC0D-E25AAF15369F","German","570F125F-CAC5-4C20-AC0D-E25AAF15369F","Kroner, G. 1980. Systematische studien im umkreis von Athrixia Ker-Gawler (Asteraceae). Mitt. Bot. Staatssamml. München 16: 1-268. [https://www.biodiversitylibrary.org/item/52055#page/17/mode/1up] [All rights reserved]","https://www.biodiversitylibrary.org/item/52055#page/17/mode/1up"
"wfo-0000138486","Bis 15 cm hoher, basal stark knorrig verholzter, ± stark verzweigter Zwergstrauch. Zweige graubraun [as graunbraun], locker langhaarig, die älteren Teile dicht mit den verbreiterten Blattbasen älterer Blätter besetzt, die jüngeren dicht beblättert. Blätter wechselständig, linealisch, bisweilen gegen die Spitze löffelig verbreitert, ± sukkulent, 1-2.5 cm lang, 0.5-1 mm breit, mit bis 1 mm breiter bleicher, randlich bewimperter, innen lange Wollhaare tragender Basis, gleichmässig locker langhaarig. Köpfchen gross, einzeln an bis zu 5 cm langen, mit einzelnen kurzen Hochblättern besetzten, lockerhaarigen unter den Köpfchen dichterhaarigen Pedunkeln. Involucrum ca. 4-reihig, bis 1.5 cm im Durchmesser. Hüllblätter dachig, 5 x 1 mm (aussen) bis 14 x 1.5 mm (innen), lanzettlich, grünlich, am Rand oft rötlich überlaufen, an der Spitze bewimpert, kaum hautrandig, die äusseren stärker, die inneren schwächer lockerhaarig. Zungenblüten immer fehlend. Scheibenblüten zahlreich. Krone gelb, bis 8 mm lang. Griffelanhängsel dreieckig. Pappusborsten zahlreich, persistent, verschieden lang, gelblich weiss, die langen bis 9 mm, kurz gezähnt, spitz zulaufend, die kurzen bis 1.5 mm, schmal borstig. Achänen 5 x 2 mm, obovat, rotbraun, mit schwach schuppiger Epidermis, Rand undeutlich abgehoben, lang seidig behaart, oft mit kahlem Streifen zwischen Rand und Fläche.","Morphology","1499DF02-49AF-448D-AF49-5FF28080F65D","German","1499DF02-49AF-448D-AF49-5FF28080F65D","Grau, HRJ. 1973. Revision der gattung Felicia (Asteraceae). Mitt. Bot. Staatssamml. München 9: 195-705. [All rights reserved]",""
"wfo-0000138583","Mehrjähriger, niedriger, bis 45 cm langer, herabhängender bis aufsteigender, locker verzweigter, relativ zarter Strauch. Blätter gegenständig, eiförmig mit deutlichem, bis 5 mm langen Stiel; Blattfläche bis 2.5 x 1.3 cm, ganzrandig mit schwach nach unten eingerolltem Rand, einnervig, kurz borstig behaart, oberseits dunkler, unterseits heller. Köpfchen einzeln an bis zu 15 cm langen Pedunkeln. Involucrum zweireihig, ca. 0.8 cm im Durchmesser. Die inneren Blütenschuppen elliptisch, 5 x 1.5 mm, die äusseren lanzettlich 5 x 1 mm, locker borstig behaart, im oberen Teil schwach gefranst. Ca. 12 Zungenblüten, Ligula 8 x 2 mm, mit feinhaariger Röhre, weiss (?). Scheibenblüten zahlreich, Krone gelb, feinhaarig, bis 4.5 mm lang, mit kurz dreieckigen Griffelanhängseln. Pappusborsten einreihig, bis 4 mm lang, schwach gezähnt, basal glatt, weiss, ± persistent. Achänen bis 3 x 1.5 mm, obovat, mit schwachem Randwulst, dunkelbraun, kurz locker borstig, feinschuppig.","Morphology","1499DF02-49AF-448D-AF49-5FF28080F65D","German","1499DF02-49AF-448D-AF49-5FF28080F65D","Grau, HRJ. 1973. Revision der gattung Felicia (Asteraceae). Mitt. Bot. Staatssamml. München 9: 195-705. [All rights reserved]",""
"wfo-0000173858","Ein Halbstrauch mit kahlen, rotbraunen Zweigen. Die Nebenblätter sind säbelförmig lanzetllich, grannig zugespitzt und entfernt fein scharf gesägt, ungespornt, am Grunde einseitig verbreitert, ± 10 mm lang und ± 3 mm breit. Die bis 4 cm langen Laubblätter sind ± 4 mm lang gestielt; die verschwindend kurzgestielten Blättchen sind über der Mitte breiter als an der Basis, abgerundet, von einer kurzen Weichstachelspitze überragt, oblong, bis 14 mm lang und ± 3 mm breit, kahl und zu ± 12 Paaren an setoser Rhachis inserirt. Die Blütenstiele der zu achselständigen, ± 10 cm langen Trauben vereinigten Blüten sind zart und ± 5 mm lang. Die Kelchlippen sind ungeteilt, ± 7 mm lang und slumpf; die Krone misst elwa 9 mm. Der am Grunde behaarte Fruchtknoten scheint dreisamig zu sein.","Morphology","76D8C239-FDB1-4C63-80C6-10179ACCD92F","German","76D8C239-FDB1-4C63-80C6-10179ACCD92F","Schinz, H. 1902. Beiträge zur kenntnis der Afrikanischen flora (neue folge) XIV. Bull. Herb. Boissier 2(11): 934-949. [https://www.biodiversitylibrary.org/item/105265#page/1012/mode/1up] [All rights reserved]","https://www.biodiversitylibrary.org/item/105265#page/1012/mode/1up"
"wfo-0000189986","Eine krautige, aufrechte Pflanze, deren ziemlich tief gefurchte Stengel in den untern Partien kahl, oberwärts aber stark rauhhaarig sind. Die bis 10 mm lang gestielten Blätter sind 3 zählig; die Blättchen sind kurzgestielt und zwar das Endblättchen auf der über die beiden opponirt stehenden Blättchen hinaus verlängerten Blattspindel, verkehrt-eiförmig-keilförmig, grobgesägt, stumpf, von einer kleinen Spitze überragt, ± 15 mm lang und bis 10 mm breit, ober- und unterseits rauhhaarig. Die blattachselständigen, sitzenden Trauben sind kürzer als die Blätter und nur 3-7 blütig. Die Blüten sind kurzgestielt; der Kelch ist schief 5 teilig, der unterste Zipfel länger als die übrigen. Die Fahne der ± 6 mm langen Krone ist ganz kurz benagelt und gleich dem schwach gekrümmten, stumpfen Kiel unbehaart. Die Staubbeutel der zu einer geschlossenen Röhre verwachsenen Stamina sind mit einer kleinen Spitze gekrönt; der Fruchtknoten ist sitzend, der Griffel beinahe wagrecht abstehend und kahl. Die vom bleibenden Griffel gekrönte Hülse ist langgezogen, säbelformig, bis 3 cm lang, grob längsgestreift und rauhhaarig; die Samen sind länglich, prismatisch und kahl.","Morphology","C81257C3-C5F5-4E8D-817D-08904DDA93DA","German","C81257C3-C5F5-4E8D-817D-08904DDA93DA","Schinz, H. 1889. Beiträge zur kenntnis der flora von Deutsch-Südwest-Afrika und der angrenzenden gebiete II. Verh. Bot. Vereins Prov. Brandenburg 30: 138-186. [https://www.biodiversitylibrary.org/item/105224#page/208/mode/1up] [All rights reserved]","https://www.biodiversitylibrary.org/item/105224#page/208/mode/1up"
"wfo-0000194860","Einjähriges, zartes, grünes, locker behaartes Kraut mit ± aufsteigenden Stengeln. Blattstiel ca. 10 mm lang, dunn; Blättchen krautig, entweder ± linealisch bis lineal-lanzettlich, ca. 20-50:1.5-7 mm groß oder elliptisch bis eiförmig und 15-45:18-30 mm groß. Trauben bis 45 mm lang, mehrblütig. Blüten 3-5 mm lang. Hülsen bis 23:2 mm groß, leicht sichelförmig gekrümmt.","Morphology","FD581934-2E7E-44E5-986F-C3871D4CA4DF","German","FD581934-2E7E-44E5-986F-C3871D4CA4DF","Schreiber, A. 1970. Prodromus: einer flora von Südwestafrika: Fabaceae (Papilionaceae), Vol. 60. J. Cramer, Lehre. [All rights reserved]",""
"wfo-0000213232","Eine dank der schmutzigbraunen samtartigen Behaarung sehr auffallende Art mit bis zu 4 cm langen und bis zu 1.5 cm breiten Blättchen. Der Blättchenrand ist etwas nach oben umgerollt und die Oberseite der Spreite sieht daher aus wie eingefasst. Der Kelch ist ± 7 mm lang; die Hülsen erreichen eine Länge von ± 6 cm bei einer Breite von ± 4 mm.","Morphology","0C8174CA-A42F-43E5-A051-AA573938E1EA","German","0C8174CA-A42F-43E5-A051-AA573938E1EA","Schinz, H. 1899. Beiträge zur kenntnis der Afrikanischen Flora (neue folge) X. Bull. Herb. Boissier 7: 23-65. [https://www.biodiversitylibrary.org/item/104952#page/35/mode/1up] [All rights reserved]","https://www.biodiversitylibrary.org/item/104952#page/35/mode/1up"
"wfo-0000360448","Körperchen verkehrt eiförmig-kegelig, gestutzt, grau, an der flach konvexen Oberseite bräunlich und warzenartig uneben, im Alter durch das folgende Blattkörperchen gesprengt und in seinen zwei Hälften zu dessen Seiten stehen bleibend, am Grunde ganz und nicht zerrissen. Blüten einzeln, sitzend, geöffnet 4 cm breit. Fruchtknoten eingeschlossen: Kelchzipfel 6, hervorragend, aufrecht, röhrig zusammengeneigt, lanzettlich, grün, an den Spitzen gerötet. Blumenblätter zweireihig, sehr zahlreich, lineallanzettlich, stumpflich, strohgelb, rückwärts an der Spitze gerötet. Staubfäden zahlreich, aufrecht, weiß. Fruchtknoten flach, mit 5 fädlichen Griffeln.","Morphology","36DFC4F0-C4C7-4F1D-A3AB-B11FAC3781FE","German","36DFC4F0-C4C7-4F1D-A3AB-B11FAC3781FE","Berger, A. 1908. Mesembrianthemen und Portulacaceen. Beschreibung und Anleitung zum Bestimmen der wichtigsten Arten, mit kurzen Angaben über die Kultur  . Eugen Ulmer, Stuttgart. [https://doi.org/10.5962/bhl.title.15522] [All rights reserved]","https://doi.org/10.5962/bhl.title.15522"
"wfo-0000336040","Der vorliegende Zweig ist 30 cm lang und hat am Grunde 5 mm im Durchmesser; er ist mit gelbgrauer Rinde bedeckt. Der Blattstiel ist 3-5 mm lang und oberseits ausgekehlt. Die Spreite hat eine Lange von 2.5-3.5 cm und eine breite von 1.2-2.2 cm, sie ist getrocknet matt hellgrün und wird von 3, höchstens 4 wenig vortretenden Nerven jederseits dos Medianus durchzogen. Nebenblätter habe ich nicht gesehen. Der Stiel der Rispe ist 2-3 cm lang, die Stielchen der Blüte messen bis 1 cm. Der Fruchtknoten knoten ist 1 mm lang, der Kelch 0.6 mm. Die ganze Blumenkrono misst 5.5 mm, wovon die Hälfte auf die am Schlunde dicht weiB wollige Röhre kommen. Der Staubfaden ist 0.7 min, der Beutel 1.5 mm lang. Der Griffel überragt die Blumenkronenröhre um 3.5 mm.","Morphology","AE21BFE0-7CDD-48C1-93D6-A2429FD956F8","German","AE21BFE0-7CDD-48C1-93D6-A2429FD956F8","Schumann, KM. 1899. Rubiaceae africanae. Bot. Jahrb. Syst. 28(1): 55-113. [https://www.biodiversitylibrary.org/item/689#page/61/mode/1up] [All rights reserved]","https://www.biodiversitylibrary.org/item/689#page/61/mode/1up"
"wfo-0000437601","Halbstrauch, zierlich und reich verzweigt, 1-2 m im Durchmesser, blaugrün (getrocknet schwärzlich-grün) mit rotbraunen Ästen. Blätter länglich-lineal, halbstielrund bis flach, 4-5 mm lang, 1 mm breit, vorn abgerundet, gegen den Grund etwas verschmälert, an der Basis schwach geschwollen, am Rande hellhäutig; Deck- blätter ähnlich gestaltet, die Blüten etwas überragend. Vorblätter hellhäutig, lanzettlich, dreieckig, am Rande ausgebissen gezähnt, nacb dem Abfallen der Blüten stehenbleibend. Blüten zu 1-5 in den Winkeln der Blätter und Deckblätter über die mittleren und oberen Teile der Pflanze zerstreut; Blüten zweigestaltig: 1. mit großem, birnförmigem, 2-3 mm langem Perianth, mit am Grund krugförmig verwachsenen und etwas erhöht eingesetzten Staubblättern; Zipfel 3/4 mm breit, breit abgerundet, die Frucht überragend und locker um sie gelegt, z.T. sternförmig gespreizt; 2. mit kurzem, 1.5 mm langem Perianth, kürzeren Zipfeln, die sich eng um die Frucht legen. Antheren breit-oval, 1 mm lang und beinahe ebenso breit. Narben 3, sehr klein (1/20 mm lang), pfriemlich, mit kurzen Papillen, aus einem becherförmigen Ende des Griffels hervortretend. Same waagrecht, stark gewölbt, im Umriß oval (1 mm im großten Durchmesser), glatt, ohne Netzzeichnung, dünnschalig, schwarz, schwach geschnäbelt.","Morphology","2ADCB3A6-4629-47F3-893D-37245465990E","German","2ADCB3A6-4629-47F3-893D-37245465990E","Aellen, P. 1961. Neue Chenopodiaceen aus Südwestafrika. Mitt. Bot. Staatssamml. München 4: 21-31. [https://www.biodiversitylibrary.org/item/52384#page/709/mode/1up] [All rights reserved]","https://www.biodiversitylibrary.org/item/52384#page/709/mode/1up"
"wfo-0000371630","Stämmchen kurz, rasenbildend; Äste aufsteigend, zusammengedruckt zweikantig, wiederholt gabelig verzweigt. Blätter an der Basis kurz scheidig verwachsen, aufrecht abstehend, sehr weichfleischig, frisch und glänzend grün, 8-10 cm lang, dreikantig, stumpf zugespitzt, nach oben etwas verdickt, das eine an der Spitze breiter und leicht zurückgekrümmt, das andere schmäler und gerade, oberseits flach, an der äußeren Seitenkante konvex, an der inneren Seitenkante flach, oder selbst rinnig, die jüngsten am Rande fein gewimpert. Blüten langgestielt, aus der Mitte der gabelästigen Knoten, mittags offen, 3-3 1/2 cm breit. Blütenstiele nackt, 8-10 cm lang, etwas zusammengedrückt, nach oben verdickt. Kelch zusammengedrückt zweikantig, kreiselförmig; Zipfel 5, sehr ungleich, zwei sehr verlängert, blattartig, 3 kantig und gewimpert, der dritte kleiner, der vierte und fünfte kurz, trockenhäutig mit aufgesetzter, gekrümmter, grüner Spitze. Blumblätter so lang als die zwei oder drei längsten Kelchzipfel, zweireihig, spatelig-lanzettlich, stumpflich, bräunlichgelb, am Grunde bleicher, 16 mm lang, zurückgebogen abstehend und etwas seitlich gekrümmt. Staubgefäße zahlreich, kaum halb so lang als die Blumenblätter, aufrecht; Staubfäden weiß, am Grunde papillös behaart. Fruchtknoten flach konvex; Griffel 5, lanzettlich, spitz, papillös ästig, grunlichgelb, kürzer als die Staubfäden.","Morphology","36DFC4F0-C4C7-4F1D-A3AB-B11FAC3781FE","German","36DFC4F0-C4C7-4F1D-A3AB-B11FAC3781FE","Berger, A. 1908. Mesembrianthemen und Portulacaceen. Beschreibung und Anleitung zum Bestimmen der wichtigsten Arten, mit kurzen Angaben über die Kultur  . Eugen Ulmer, Stuttgart. [https://doi.org/10.5962/bhl.title.15522] [All rights reserved]","https://doi.org/10.5962/bhl.title.15522"
"wfo-0000385500","Strauchig? Die Zweige sind von aschgrauer Farbe und tragen an den Ende büschelig gehäft die 1- bis 2 mm lang geslielten Laubblätter, die von verkehrtlanzettlicher bis länglich verkehrteiförmiger Gestalt sind; die Spreite ist abgerundet, beiderseits samtartig, unterseits fahlgelb, ± 15 mm lang und ± 16 mm breit. Der Blattrand ist meist etwas nach unten umgerollt, die Seitennerven gehen beinahe in rechtem Winkel vom Hauptnerven ab. Blüten fehlen.","Morphology","F70A65F4-29F7-4626-8CE0-2F51E6C619CA","German","F70A65F4-29F7-4626-8CE0-2F51E6C619CA","Schinz, H. 1903. Beiträge zur kenntnis der Afrikanischen flora (neue Folge) XV. Bull. Herb. Boissier 3(9-10): 812-905. [https://www.biodiversitylibrary.org/item/105266#page/974/mode/1up] [All rights reserved]","https://www.biodiversitylibrary.org/item/105266#page/974/mode/1up"
"wfo-0000389366","Eine kletternde(?) Oder aufrechte Staude mit kahlen, wechselständigen, bis 1 cm lang getielten, länglich lanzettlichen Laubblättern mit entweder am Grunde abgerundeter Oder ganz allmählich in den an der Basis scheidig erweiterten Blattstiel verlaufender, von einer deutlichen, bis 3 mm langen Vorläuferspitze versehener Spreite. Die Nervatur tritt unterseits deutlich hervor, im Uebrigen sind die elegant vom Stengel abstehenden Laubblätter ± 7 cm lang und ± 13 mm breit. Die blattachselständigen Blütenstände sind 8 mm lang und gestielt, verzweigt traubig, armblütig zusammengezogen, zusammengesetzt aus ± kurzgestielten Partialblütenständen. Das Perigon ist trichterförmig; die Abschnitte sind länglich, dick, braunrot, an der meist etwas einwärts gekrtümmten Spitze hellgelbbraun, kahl und stumpflich, 2 bis 3 mm lang. Die sechs Staubblätter sind kürzer als das Perigon. Weibliche Blüten ?","Morphology","B96BE455-9D18-4955-8D39-7797103A30F4","German","B96BE455-9D18-4955-8D39-7797103A30F4","Schipp, WA. 1900. Dioscoreaceae: Dioscorea. Mem. Herb. Boissier 20: 11-12. [All rights reserved]",""
"wfo-0000541037","Die Zweige dieses kaum 10 cm hohen Halbstrauches sind dem Boden angedrückt. Die unterste Blattbasis bleibt beim Abfallen der Blätter an den Zweigen zurück und verkorkt. Die an Zweigen zweiter oder dritter Ordnung stehenden Blätter sind ±45 mm lang und 5 mm breit; sie haben ihre großte Breite im obersten Fünftel und verschmälern sich langsam gegen ihre beinahe stielartige Basis. Sie sind kurz mucronat, beinahe kahl. Unter dem Mikroskop allerdings bemerkt man auf Blattober- und Unterseite zahlreiche kurze Stieldrüsen mit kugeligem ein- bis zweizelligem Köpfchen. Die kurzen Blütenstiele befinden sich einzeln in den Blattachseln. Sie tragen zwei am Rande kräuselhaarige schmal-linealische Vorblätter. Die Vorblätter sind wenig kürzer als die Kelche. Der Kelch ist bis auf die Mitte in fünf am Rande kräuselhaarige Zipfel geteilt, die ihre großte Breite an ihrer Basis aufweisen. Länge des Kelches 8 bis 10 mm, Länge der Kelchzipfel 4 bis 5 mm. Die Zipfel sind in Bezug auf Breite und Länge etwas ungleich. Die Kelche erscheinen unter der Lupe innen und außen fast kahl. Der Mittelnerv der Kelchzipfel tritt auf der Außenseite stark vor. Die achselständigen Blüten werden von den Blättern überragt. Ihr unterer Teil ist eng röhrenförmig, ihr oberer Teil trichterförmig. Alle vier Staubblätter haben annähernd gleiche Länge, wodurch sich die Blüten von denjenigen von Aptosimum nanum Engl, unterscheiden. Die Antheren tragen an ihrer Spitze einen Schopf von Haaren. Der Griffel ragt etwas aus dem Schlund der Krone heraus. Die kahle Kapsel ist hygrochastisch.","Morphology","D8D6243B-9E70-431E-877E-EA71673F61E1","German","D8D6243B-9E70-431E-877E-EA71673F61E1","Weber, E. 1907. Die gattungen Aptosimum Burch. und Peliostomum E. Mey. Beih. Bot. Centralbl. 21(2): 1-101. [https://www.biodiversitylibrary.org/page/5112263#page/10/mode/1up] [All rights reserved]","https://www.biodiversitylibrary.org/page/5112263#page/10/mode/1up"
"wfo-0000606184","Es liegen mir allerdings von dieser Pflanze nur einige Zweigstucke vor, indessen geht doch aus deni Fehlen der Ranken mit grosster Wahrscheinlichkeit hervor, dass dieselbe eine aufrechte, mehrjahrige Staude ist. Die handformig-dreizahligen Blätter sind entweder sitzend oder bis 5 mm lang gestielt. Die einzelnen fast sitzenden Blattchen sind am Rande etwas verdickt und mit borstigen Wimperhaaren eingesaumt, deren sich auch zahlreiche auf dem unterseits stark hervortretenden Mittelnerven finden. Von den drei Blattchen pflegt das mittlere im Umriss verkehrt-lanzettlich und bei einer durchschnittlichen Lange von 10 cm., tief fiederspaltig eingeschnitten zu sein. Die schrag nach oben divergirenden, herablaufenden und sich keilformig verschmalernden Abschnitte sind entweder ganzrandig oder mindestens auf der aussern kante eingeschnitten. Die beiden seitlichen Blattchen sind mehr oder weniger unsymetrisch insofern, als sie an der inneren kante entweder ganzrandig oder mindestens weniger tief fiederspaltig wie auf der aussern sind. In der Regel uberragen die seitlichen Blattstiele das Mittelblattchen um ein Geringes. Die am Grunde der Blattstiele sitzenden Nebenblätter sind kaum 3 mm. lang, fast dreieckig und spitz. Die an ±6 cm. langen Pedunculus schirmdoldenartig gehauften blütenstielchen sind schlank und zur Blütezeit ±6 mm. lang. Die langlich-kegelformigen, nicht eingeschnurten knospen sind kahl, die vier 2 bis 3 mm. langen und 1 bis 2 mm. breiten. Blumenblätter von langlich-eiformigem bis eiformig-lanzettlichem Umriss. Die auf ungefahr 1 1/2 mm. langen. Filamenten ruhenden Staubbeutel sind spitz und an der Basis schwach herzformig eingebuchtet. Der Discus ist wulstig-ringformig und 4-lappig; der von einer abgestutzten Narbe gekronte Griffel erreicht eine Lange von 1 1/2 mm. Die reife Frucht hat einen Durchmesser von ± 2 1/2 cm.","Morphology","AC5C07CF-9D17-4534-8F1B-87E613D2776A","German","AC5C07CF-9D17-4534-8F1B-87E613D2776A","Schinz, H. 1894. Beiträge zur kenntnis der Afrikanischen flora (neue folge) II. Bull. Herb. Boissier 2(3): 180-228. [https://www.biodiversitylibrary.org/item/105264#page/200/mode/1up] [All rights reserved]","https://www.biodiversitylibrary.org/item/105264#page/200/mode/1up"
"wfo-0000642726","40-100 cm hoher, kahler Halbstrauch mit rutenförmigen, im oberen Teil unregelmäßig verzweigten Ästen. Blattscheiden dreieckig bis eiförmig mit einer in linealische Abschnitte zerteilten Spreite, die obersten oft spreitenlos. Blatt-spreiten sehr hinfällig und an den Herbarbelegen fast immer fehlend. Blättchen der Hülle und des Hüllchens glattrandig, kahl, seiten mit einer etwas hockerigen Oberfläche. Dolden 6-11 strahlig mit 0.5-2.5 cm langen Strahlen. Petalen hell-grtin bis hellgelb, kahl, mit einem glatten Rand. Fruchte 1.5-2 mm lang und 1.2-1.8 mm breit, mit dickfüssigen, papillenartigen Blasenhaaren besetzt. Diskus etwa 1/3 der Fruchtlänge erreichend. Griffel etwa 1/2 so lang wie die Früchte, deren Riefen sichtbar sind.","Morphology","F527C2F6-061E-48E6-96D2-8EB2598973DA","German","F527C2F6-061E-48E6-96D2-8EB2598973DA","Pfisterer, R; Podlech, D. 1986. Revision der gattung Deverra DC. (Umbelliferae). Mitt. Bot. Staatssamml. München 22: 571-604. [All rights reserved]",""
"wfo-0000560636","Jeodenfalls ein niedriger Strauch mit dünnen Ästchen. Blätter ziemlich dicht stehend, 2-4 x 1.5-2 cm. Blüten bläulich. Bracteen lineal, 14-4 mm. Vorderer und hinterer Kelchzipfel oval, fast gleich groá, 16 resp. 17 x 6 mm, mit parallelen Nerven versehen. Seitliche Zipfel lineal, 9 x 1.5 mm. Tubus 17 mm lang, etwa 3 mm im Durchmesser. Kronzipfel fast gleich, 15-17 x 9 mm, an der Spitze stumpf ausge- buchtet. Filamente 15 mm lang, Antheren 3 mm lang. Staminodien 1 mm lang, behaart. Pollen typisch, 95 - 105 µ im Durchmesser. Discus lappig, 1 mm, Ovar 3 mm hoch. Griffel 28 mm lang. Narbe breit. Frucht fehlt.","Morphology","39F91316-A0AF-4399-8436-632F7776078D","German","39F91316-A0AF-4399-8436-632F7776078D","Lindau, G. 1902. Acanthaceae africanae V. Bot. Jahrb. Syst. 30: 111-114. [All rights reserved]",""
"wfo-0000601357","Ändert ab nach Blattgestalt (die Dreilappigkeit tritt bei den Varietäten nicht immer deutlich zutage) und nach Zähnung.","Morphology","5EE93673-C055-4F9C-A0E7-1ED9E2EBE658","German","5EE93673-C055-4F9C-A0E7-1ED9E2EBE658","Aellen, P. 1928. Die Chenopodium-Arten des südlichen und mittleren Afrika. Repert. Spec. Nov. Regni Veg. 24(22-25): 337-347. [https://doi.org/10.1002/fedr.19280242202] [All rights reserved]","https://doi.org/10.1002/fedr.19280242202"
"wfo-0000710423","Eine, jedenfalls kriechende, krautartige Pflanze, die ausgezeichnet ist durch ein alle ihre Teile, ausgenommen die Wurzeln und Slaubblätter, bekleidendes, wolliges, hellrotbraunes Indument. Die 5 mm lang gestielten Laubblätter sind im Umriss verkehrteiförmig, nach dem Grunde zu sehr regelmässig keilförmig verjngt, stumpffiederspaltig mit gekerbtem Endabschnitt; die Abschnitte der 2 cm langen und bis 18 mm breiten Spreiten sind 5 mm lang, 3 mm breit und stumpf. Die Nerven sind auf der silbergrauen Oberseite in ihrem ganzen Verlaufe sehr deutlich wahrnehmbar. Die Behaarung der Blattunterseite ist eine dicht wollige von der schon erwähnten hellrotbraunen Färbung. Die einzeln stehenden Blten sind 22 mm lang gestielt; die Kelchabschnitte sind eiformig, lanzettlich, spitzlich bis ausgesprochen zugespitzt, 5 mm lang und 4 mm breit, sie sind bis zu einer Länge von 3 1/2 mm zu einer Röhre verwachsen. Die Kronblätter messen in der Länge 18 mm, in der Breite 15 mm, sie sind abgestutzt, gegen die Basis zu keilförmig und wohl frisch von gelber Farbe. Staub- und Fruchtblätter bieten keine besonderen Merkmale.","Morphology","FAC42FC2-8558-48DF-8944-DBE933D081F8","German","FAC42FC2-8558-48DF-8944-DBE933D081F8","Schinz, H. 1902. Rosaceae: Grielum cuneifolium Schinz. Bull. Herb. Boissier 2(11): 944-945. [https://www.biodiversitylibrary.org/item/105265#page/1022/mode/1up] [All rights reserved]","https://www.biodiversitylibrary.org/item/105265#page/1022/mode/1up"
"wfo-0000715793","Frucht mit 50-60 Samen in vier Reihen auf der Plazenta angeordnet; die Emergenzen bestehen aus zwei Doppelreihen von Stacheln, jede Einzelreihe mit mindestens drei Stacheln, deren größster an Länge die Breite der Kapsel bertrifft, meistens das Doppelte oder Dreifache der Kapselbreite erreicht. Blätter drei-bis fnflappig, selten ungelappt, dann mit stark gebuchtetem Rand. Blüten meistens mit violettem Saum und hellgelber Röhre, selten rein gelb oder rein violett. Selten mehr als zwei extraflorale Nektarien an einer Blüte.","Morphology","59241035-1640-4369-92B8-2B7736D14461","German","59241035-1640-4369-92B8-2B7736D14461","Ihlenfeldt, H-D; Hartmann, HEKO. 1970. Die Gattung Harpagophytum. Mitt. Inst. Allg. Bot. Hamburg 13: 15-69. [All rights reserved]",""
"wfo-0000715794","Frucht mit 20-30 Samen, die in zwei Reihen auf der Plazenta angeordnet sind. Die Flgel sind als zwei Doppels„ume oder Doppelreihen von kurzen Stacheln ausgebildet, die Flgelbreite erreicht selten den Durchmesser der Kapsel (in Richtung der Mediane gemessen), meistens macht sie nur die H„lfte aus. Bl„tter oval bis dreilappig, ganzrandig bis stark gebuchtet, 30 bis 40 mm lang. Blten mit violettem Saum und hellgelber R”hre oder einfarbig violett oder gelb; 2-4 extraflorale Nektarien an einer Blte.","Morphology","59241035-1640-4369-92B8-2B7736D14461","German","59241035-1640-4369-92B8-2B7736D14461","Ihlenfeldt, H-D; Hartmann, HEKO. 1970. Die Gattung Harpagophytum. Mitt. Inst. Allg. Bot. Hamburg 13: 15-69. [All rights reserved]",""
"wfo-0000722588","Der strauchartige, astige Stengel ist nehst den kurzen, nur 2-4 Linien langen Blattstielen mit abstchenden, auf einem Knotchen sitzenden, fuchsigen Sternhaaren dicht besetzt. Die eyformigen, gesagten, oberseits meist mit einfachen, nnterseits mit sternformigen haarcn dicht hekleideten blätter sind ohne den Blattstiel 1-1 3/4 Zoll lang und am Grunde 7-12 Linien breit, mit 5 oberseits einge-druckten, unterseits hervorstehenden Nerven, von denen der mittlere eine langliche Druse tragt. Die Nebenblätter sind 2 Linien lang, gewimpert. Die aus den Achseln der oberen blätter entspringenden, einzelustehenden, einbluthigen, unmittelbar unter der Bluthe gegliederten und verdickten Bluthenstiele haben eine Lange von 1 1/4 Zoll nnd sind mit etwas absteheuden, besonders an der Spitze dichter stehenden Sternbaaren bekleidet. Das Involucrum besteht aus 12 linealisch - borstenformigen, etwas abstehenden, etwa 3 Linien langen, behaarten bilattchen, welche nur eiu Drittheil kurzer sind als der fuchsig behaarte, tief 5-theilige Keich. Die gelbeu, ausserhalb mit Sternhaaren besetzten, elliptischen Blumenblätter uberragen den Keilch um ein weniges und die mit 5 deutlich getrennten Griffeln endigeude Staubfadenrohre ist etwas langer als die BIumenblätter.","Morphology","8891C9E6-168D-4D27-A207-16F8CF14F788","German","8891C9E6-168D-4D27-A207-16F8CF14F788","Garcke, CAF. 1849. Kritische bemerkungen zu der familie der Malvaceen nebst beschreibung neuer arten aus derselben. Bot. Zeitung (Berlin) 7(48): 833-848. [https://www.biodiversitylibrary.org/item/105412#page/7/mode/1up] [All rights reserved]","https://www.biodiversitylibrary.org/item/105412#page/7/mode/1up"
"wfo-0000749740","Ein niedriger Halbbusch mit schlanken, gelblichen, langbehaarten Zweigen und lanzettlichen, unsymetrischen, spitzen Nebenblättern von ±7 mm Länge. Die zirka 4 mm lang gestielten Blätter sind dreizählig; die Blättchen sind von lanzettlichem Umriss, spitz und langbehaart, ± 8 mm lang und ±3 mm breit. Die Blüten stehen einzeln den Blättern gegenüber; die Kelchzipfel sind gleich der Röhre langbehaart, kaum von einander verschieden; sie sind kürzer als die stumpfe, gleich der Fahne langbehaarte, ±10 mm lange Carina. Hülsen fehlen.","Morphology","0C8174CA-A42F-43E5-A051-AA573938E1EA","German","0C8174CA-A42F-43E5-A051-AA573938E1EA","Schinz, H. 1899. Beiträge zur kenntnis der Afrikanischen Flora (neue folge) X. Bull. Herb. Boissier 7: 23-65. [https://www.biodiversitylibrary.org/item/104952#page/35/mode/1up] [All rights reserved]","https://www.biodiversitylibrary.org/item/104952#page/35/mode/1up"
"wfo-0000658855","Cormus ± kugelig, von 2 bis 3 cm Durchm., bedeckt mit weicher, dichtnerviger kastanienbrauner Tunica. Im Dünensand verborgener Stengelteil 20 bis 40 cm lang mit einer Rosette von 5 bis 7 Blättern dicht über der Dünenoberflache. Grundblätter lineallanzettlich, 20 bis 40 cm lang, 12 bis 20 mm breit, zur Rinne mit hallbkreisförmigen Querschnitt gebogen, 30 bis 40-nervig, von ziemlich fester Textur, mehr oder weniger klebrig und infolgedessen oft mit feinem Flugsand beklebt. Schaft mit Blütenstand 30 bis 50 cm hoch, mit lokerem Mark erfüllt, stielrund, 5 bis 6 mm in seiner unverzweigten untern Hälfte dick, vollständig von den rohrigen Scheiden der stengelamfassenden Blätter umhüllt, deren aufsteigender freier lanzettlicher Teil ca. 10 cm lang ist. Die Inflorescenz besteht aus 4 bis 6 Partialblütenständen, deren jeder 3 bis 10 cm lang gestielt ist, diese sind 2 bis 6-blütige Dolden und tragen an ihrer Basis 3 bis 4 ca. 2 cm Iange und 5 bis 10 mm breite blattartige, mit verschmälerter Basis sitzende Brakteen. Die Blüten sind 4 bis 5 cm lang gestielt, die Stiele sind steif, fein gerieft und am Ende nach abwärts gebogen, so daá die Blüten nicken. Kapseln quergerippt, 2.5 cm lang, 1.5 cm breit, stumpf dreilappig, fachspaltig. Samen unbekannt.","Morphology","2601BA61-E3D1-4687-A353-3E68AFBD412B","German","2601BA61-E3D1-4687-A353-3E68AFBD412B","Dinter, MK. 1932. Diagnosen neuer südwestafrikanischer Pflanzen. Repert. Spec. Nov. Regni Veg. 30: 80-96. [All rights reserved]",""
"wfo-0000762290","Die Knolle ist rot gefärbt und scheibenförmig. Die fädlich linealischen Laubblätter sind unlerwärts zu schaftunfassenden, rötlichen Scheiden erweitert, so dass eine ± 2 cm hohe, aus häutigen, spreitenlosen, rosa angehauchten Scheiden bestehende Hülle die Knolle krönt; die ± 1 mm breiten Spreiten erreichen an den vorliegenden Exemplaren eine Länge von 2 bis 3 cm. Der Blütenstandsschaft misst ± 30 cm; die in die Länge gestreckte Traube ist unterwärts locker, oberwärts dichtblütig; die Blütenstiele sind ± 7 mm lang und sind viel grösser als die kleinen, unansehnlichen Tragblätler. Die Knospen sind - für Bulbine - auffallend gedrungen, eiförmig, stumpf.","Morphology","76D8C239-FDB1-4C63-80C6-10179ACCD92F","German","76D8C239-FDB1-4C63-80C6-10179ACCD92F","Schinz, H. 1902. Beiträge zur kenntnis der Afrikanischen flora (neue folge) XIV. Bull. Herb. Boissier 2(11): 934-949. [https://www.biodiversitylibrary.org/item/105265#page/1012/mode/1up] [All rights reserved]","https://www.biodiversitylibrary.org/item/105265#page/1012/mode/1up"
"wfo-0000762434","Bis auf die Fäden kahl. Rhizom zylindrisch, etwa 1 cm dick, seine Länge unbekannt. Blattreste zu wenigen stehen-bleibend, braun oder bräunlich, nur etwa 1 cm lang. Blätter etwa 20, lineal, am Grund nur unbedeutend erweitert, spitz, mit winzigem Spitzchen, flach, wahrscheinlich aufsteigend-ausgebreitet, mit ungefähr 5-6 Nerven, 30-40 cm lang, 5-6 mm breit, in den untersten 1 1/2 cm auf jeder Seite mit einem farblosen, 4-7 mm breiten Hautflügel. Schaft 20-40 cm lang, wahrscheinlich teret, aufrecht oder aufsteigend, kräftig. Traube 40-50 cm lang, zylindrisch, mit äu?erst zahlreichen Blüten; untere Internodien 1-3 cm lang. Stielchen fast waagerehbt, später nach oben oder unten gebogen, die unteren 15 mm lang. Brakteen lanzettlich, am Grund verbreitert, häutig, farblos, mit braunem Mittelstreif, die unteren 3-4 mm lang. Perianth wei?, 8 mm lang; Segmente etwa länglich, getrocknet hellgelb, mit schmalem braunem Streif. Fäden getrocknet rotbraun, 4 mm lang. in der unteren Hälfte und an der Spitze kahl; Haare zahlreich, lang, flach, getrocknet rotbraun, an der Spitze dunkler und kier keulig verdickt, abs'tehend. Ovar rund, 2 mm lang. Griffel aufrecbt, mit verdickter Narbe, 3 mm lang. Beutel gelb, länglich, stumpf, 1 mm lang.","Morphology","AD0F36E2-859D-4CAB-8B37-591D423152EA","German","AD0F36E2-859D-4CAB-8B37-591D423152EA","Von Poellnitz, K. 1943. Die Bulbine-Arten Deutsch-Südwestafrikas. Feddes Repert. Spec. Nov. Regni Veg. 52(1): 111-114. [All rights reserved]",""
"wfo-0000675782","Ein aufrechter, von zahlreichen gebuschelten Zweigen gebildeter Halbstrauch. Die kantigen und gerillten, weichbehaarten Zweige sind am Grunde mit zalilreichen, dachziegelig sich deckenden breiteiförmigen Niederblättern besetzt. Die dreizähligen, ± 5 mm lang gestielten Laubblätter setzen sich aus länglich eiförmigen oder länglich verkehrteiförmigen, stumpfen oder nahezu spitzen, ±30 mm langen und ± 16 mm breiten Blättchen zusammen. Die beiden seitlichen Blättchen pflegen etwas ungleichhälftig zu sein, das Endblättchen ist um etwa 5 mm abgerückt, alle sind braun weichbehaart, unterseits etwas heller und mit hervortretenden Ian- und Ilan-Nerven versehen. Die blattachselständigen wenigblütigen Blütenstände sind gestaucht und kürzer als die Laubblätter, sodass die ± 9 mm langen Blüten ± zwischen den Blättern versteckt sind. Die Tragblätter sind lanzettlich, ± 5 mm lang und aussen behaart. Die Röhre des langbehaarten Kelches ist ± 3 mm hoch, die Abschnitte sind linealisch lanzettlich, ± 8 mm lang und am Grunde ± 1.5 mm breit, zwei davon sind bis zu einer Höhe von ± 5 mm untereinander verwachsen und am Grunde dementsprechend etwas breiter. Die Fahne ist kahl, breitverkehrteiförmig, am Grunde beidseitig des sehr kurzen Nagels geöhrt, ± 9 mm lang und ± 8 mm breit. Die Flügel haben bei einer Breite von 2 mm eine Lange von 8.5 mm. Der Fruchtknoten ist lang behaart.","Morphology","CBDFEE88-1789-4383-AB9F-BC1244A58481","German","CBDFEE88-1789-4383-AB9F-BC1244A58481","Schinz, H; Thellung, A. 1921. Beiträge zur kenntnis der afrikanischen flora (XXX). Vjschr. Naturf. Ges. Zürich 66: 221-256. [https://www.biodiversitylibrary.org/item/100891#page/240/mode/1up] [All rights reserved]","https://www.biodiversitylibrary.org/item/100891#page/240/mode/1up"
"wfo-0000704774","Ein offenbar reich verzweigter Zwergstrauch. Laubblätter gegenständig, bis 8 mm lang und 3.5 mm breit, lanzettlich bis eiförmig-lanzettlich, beidseitig dicht- und weich lang seidig behaart, oberseits fast atlasglänzend, unterseits mit drei ± deutlich hervortretenden Längsnerven, später oberseits ± filzig grauweiss, unterseits - etwas stärker verkahlend - graugrün. Der Spreitenrand ist leicht nach oben umgerollt. Die Zweige sind weich seidig langhaarig, verkahlen mit der Zeit und besitzen dann eine rötliche Rinde. Die Blüten sitzen einzeln oder zu zweien oder dreien in den allerobersten Blattachseln; sie messen samt Fruchtknoten ± 15 mm und zwar entfallen auf den Fruchtknoten ± 3.5 mm, auf die Röhre ± 7 mm und auf die Saumlappen ± 4.5 mm. Die Blüten sind aussen dicht mit weichen Seidenhaaren bekleidet. Die auf der Innenseite kahlen, ± 2 mm breiten Saumlappen sind von eiförmig lanzettlichem Umriss und dabei stumpf. Die 8 Petalen sind kahl, wachsartig, gelb, keulenförmig, ± 2 mm lang und 3/4 bis 1 mm dick. Die 8 Staubblätter sind kahl und 1 mm lang. Die Narbe ist mit langen Papillenhaaren besetzt.","Morphology","CBDFEE88-1789-4383-AB9F-BC1244A58481","German","CBDFEE88-1789-4383-AB9F-BC1244A58481","Schinz, H; Thellung, A. 1921. Beiträge zur kenntnis der afrikanischen flora (XXX). Vjschr. Naturf. Ges. Zürich 66: 221-256. [https://www.biodiversitylibrary.org/item/100891#page/240/mode/1up] [All rights reserved]","https://www.biodiversitylibrary.org/item/100891#page/240/mode/1up"
"wfo-0000749733","Endblattchen 3-5:1.5-3 mm groß, verkehrt-eiförmig bis breit verkehrt-lanzettlich; Blattstiel 2-8 mm lang, wie Blättchen, Stengel etc. dicht abstehend weißlich seidenhaarig; Nebenblätter lanzettlich, 2.5-3 mm lang. Kelch zur Fruchtzeit 8-9 mm lang. Hülse 6:3 mm groß. Niederliegendes Kraut, bis gegen 45 cm2 bedeckend.","Morphology","CAC3F7C4-83D3-4B6A-9057-AC7FAD1D7022","German","CAC3F7C4-83D3-4B6A-9057-AC7FAD1D7022","Schreiber, A. 1966. Prodromus: einer flora von Südwestafrika, Vol. 65. J. Cramer, Lehre. [All rights reserved]",""
"wfo-0000962794","Die Pflanze ist hochsukkulent, kahl, graugrun, aufrechtstehend, fünfrippig. Die Rippen sind nach unten zu weniger hervorragend als nach oben und mit kurzen, scharfen Podarien ohne Dornen versehen. Die Pflanze ist 8 bis 16 cm hoch, 1.5 cm dick, verzweigt. Aus dem Boden entspringen aus dem Stolon viele junge Triebe. Die Wurzel ist faserförmig und nicht verdickt. Die Blätter sind ganz ander Spitze angeordnet, 0.2 mm lang und 0.2 mm breit. Die Blüten entspringen am oberen Ende der Triebe, aus den Rippen und nicht am Scheitel. Der blütenstiel ist sehr kurz, 0.1 mm lang, Bbakteen spreizend, verkehrteiförmig, 3 bis 4 mm lang, 2 mm breit, an der Spitze eingekerbt, kahl, mit wenigen kleinen Zähnen versehen. Das involucrum ist fast kugelig. Die Drüsen berühren sich nicht, aufrechtstehend, dreieckig, am äußeren rande fast gekräuselt, sehr klein, deren Zipfel rötlich, länglich, gefranst und 0.1 mm lang. Der fruchtknoten ist kugelig, 2 mm lang. Der griffel ist in drei 2 mm lange, abstehende Arme geteilt, und jeder Arm ist an der Spitze wieder gegabelt. An der Oberseite des Griffels befindet sich eine Rinne. Die Pflanze ist zweihausig.","Morphology","67C65EF5-0AF7-482C-B074-AED6EC65A218","German","67C65EF5-0AF7-482C-B074-AED6EC65A218","Nel, GC. 1935. Euphorbia jansenvillensis Nel. spec. nov. Jahrb. Deutsch. Kakteen-Ges. 1: 32-33. [All rights reserved]",""
"wfo-0001034961","Khale [perennial], nicht- oder nur schwach verzweigte, aufrechte Staude. Laubblätter lanzettlich, verkehrt-lanzettlich bis elliptisch, oder schmal spatelförmig, spitz bis bespitzt, ±70 mm lang und ±7 mm breit, ±8 mm lang gestielt; der Blattstiel kaum von der Spreite abgesetzt. Blütenstand 4 bis 10 cm lang, meist einfach, seltener verzweight, Wolle braungelb. Vorblätter der sterilen Blüten ± dornig, aber nicht starr.","Morphology","AC58EA13-5EB3-49DC-9D3D-2D9B8FAD3E58","German","AC58EA13-5EB3-49DC-9D3D-2D9B8FAD3E58","Schinz, H. 1912. Beiträge zur kenntnis der afrikanischen flora (XXV). Vjschr. Naturf. Ges. Zürich 57: 531-562. [https://www.biodiversitylibrary.org/item/37137#page/597/mode/1up] [All rights reserved]","https://www.biodiversitylibrary.org/item/37137#page/597/mode/1up"
"wfo-0001046164","Ein kahler, krautiger Halbstrauch mit graugrünen, kantigen und gefurchten Zweigen und langgestielten Laubblättern mit ± 4 cm langen Stielen und dicklicher, breiteiformiger bis fast kreisrund-eiförmiger, am Grunde ± herzförmig ausgerandeter und in den Stiel vorgezogener, stumpfer, am Rande etwas wellig gebuchteter, schmutzig-grüner (getrocknet), ± 3 cm langer und ± 3.3 cm breiter Spreite. Neben verlängerten, ± 20 cm langen, unterwärts unterbrochenen, aus büschelig gehäuften Blüten zusammengesetzten. Inflorescenzen kommen einfach-ährige, kopfige Blütenstände vor. Die 3-nervigen Tepalen sind weiss, länglich eiförmig lanzettlich, bespitzt oder stumpf, ± 6 mm lang und ± 3 mm breit. Die Staubfadenröhre ist häutig, ± 3 mm hoch, überragt vom breiteiförmig lanzettlichen, 1 mm langen, in einer Ausbuchtung bespitzten Staubfadenteil. Die Staubbeutel sind dorsifix und 1-2 mm lang. Der nachträglich sich streckende, aus der Blüte mit den Narben herausschauende Griffel erreicht eine Länge von 3 mm; die drei Narbenaste sind 1 mm lang. Die eiförmige Kapsel ist kahl und birgt 3 bis 4 linsenförmige, glänzende Samen.","Morphology","CBDFEE88-1789-4383-AB9F-BC1244A58481","German","CBDFEE88-1789-4383-AB9F-BC1244A58481","Schinz, H; Thellung, A. 1921. Beiträge zur kenntnis der afrikanischen flora (XXX). Vjschr. Naturf. Ges. Zürich 66: 221-256. [https://www.biodiversitylibrary.org/item/100891#page/240/mode/1up] [All rights reserved]","https://www.biodiversitylibrary.org/item/100891#page/240/mode/1up"
"wfo-0001046173","Eine mehrjahrige gerade aufsteigende holzige, kurz oberhalb der Basis sich dichotomisch verzweigende Pflanze. Die Höhe beträgt ca. 40 cm, die Dicke an der Basis 4 mm. Die älteren Zweige sind kahl, mit kurzen Internodien versehen und mit grauer Rinder bekleidet; die jüngeren sind verhältnismäßig dünn, leickt gerieft, mit langen Internodien verschen und getrocknet von brauner Farbe. Die gegenständigen, linearen, 3-5 cm langen, 0.5-1.5 mm breiten Blätter enden in einer Stachelspitze und tragen in ihrer Achsel einen Büschel von 2 oder mehr kleineren Blättern. Die Ähren bestehen aus 4-8 Blüten, von denen die unteren entfernt, die oberen dicht zusammengedrängt liegen. Die braunen, 4 mm langen, 1.5 mm breiten Deckblätter bleiben an der Spindel erhalten und zeigen eine braune Farhe mit einem weißen Randsaume. Die ebenfalls braunen, 2.5 mm langen, 0.5 mm breiten Vorblätter sind am Rand dicht mit silberweißen Haaren besetzt, die aber an der Basis verhältnismäßig stark verdickt und schwarz gefärbt sind. Die Länge dieser haare übertrifft um wenig diejenige der Vorblätter. Die Perigonblätter sind 3.5 mm lang, 1 mm breit, fast lanzettlich und am Rande ebenfalls mit silberweißen Haaren besetzt, welche bei den äußeren um eine Hälfte die Länge der Spreite übertreffen und dem Blütenstand ein charakteristisches Ansehen verleihen, so dass jede einzelne Blüte wie mit zwei Hüllen, einer äußeren braunen, einer inneren silberweißen, bekleidet ist. Die pfriemlichen Staubfäden alternieren mit kurzen, papillenartigen Pseudostaminodien. Der Fruchtknoten ist lang kreiselförmig, dicht behaart und mit einem cylindrischen, gleich langen Griffel versehen, der in einer kopfförmigen Narbe endet. Die Länge der Staubgefäße und des Fruchtknotens ist 3 mm.","Morphology","104346DE-3DDF-4CD1-80D8-1710A332E6B1","German","104346DE-3DDF-4CD1-80D8-1710A332E6B1","Lopriore, G. 1900. Beiträge zur Flora von Afrika. XVIII. Bot. Jahrb. Syst. 27: 37-220. [https://www.biodiversitylibrary.org/page/209722#page/43/mode/1up] [All rights reserved]","https://www.biodiversitylibrary.org/page/209722#page/43/mode/1up"
"wfo-0001056378","Stengel aufrecht, holzig und kantig, ringsum abstehend weich behaart und zwar auf den Kanten sichtlich dichter. Die Ezähligen Laubblätter sind ±4 mm lang gestielt; das endständige, ±5 mm lang gestielte Blättchen hat eine ± breitförmige, 30 mm breite und 50 mm lange Spreite, die 2 seitlichen, 1 mm lang gestielten Blättchen sind schiefeiförmig, ±45 mm lang und 25 mm breit. Alle drei Blättchen sind stumpf bis kurz bespitzt, am Grunde abgerundet, ober- und unterseits weich abstehend lang behaart, unterseits, hauptsachlich auf den Nerven, etwas dichter als oberseits, beidseitig mit gelben Drüsen besät. Die Nervatur tritt unterseits kräftig hervor; der Rand ist etwas verdickt. Im jugendlichen Zustande sind die Laubblätter silberweiss. Die braunen, lanzettlichen Nebenblätter sind aussen behaart, innen kahl, 9 mm lang und 2 mm breit. Der Blätenstand ist traubig, 3-bis mehrblütig, bis 25 mm lang gestielt, bis 35 mm lang; die Spindel ist gleich dem Kelch und der jungen Hülse sehr reichlich mit goldgelben Drüsen übersäet. Die Kelchzipfel sind linealisch lanzettlich, bis 10 mm lang, zugespitzt. Die Krone ist gelb, kahl und abfallend.","Morphology","FFCA7521-0182-44C7-AC69-D871AD663510","German","FFCA7521-0182-44C7-AC69-D871AD663510","Schinz, H; Thellung, A. 1926. Beiträge zur kenntnis der afrikanischen flora (XXXIII). Vierteljahrsschr. Naturf. Ges. Zürich 71: 136-154. [All rights reserved]",""
"wfo-0001062516","Eine niedrige, krautige, mit anliegenden Borstenhaaren bekleidete Pflanze. Die 7-10 mm lang gestielten einfachen blätter sind schmal lanzettformig, 20-35 mm lang und 2-6 mm breit, spitz zulaufend und mit einer kleinen berragenden Spitze versehen; sowohl die Oberals die Unterseite der blätter ist mit sparlichen Borstenhaaren bedeckt, der Rand infolge einzelner steifer Borsten rauh. Die bis 3 cm lange traubige Infloreszenz ist 3-5 mm lang gestielt, achselstandig und locker 5-10 bltig. Die Blten sind beinahe sitzend; der Kelch ist ±2 mm lang und 5zahnig. Die Kelchzahne sind von schmal-lanzettlichem Umriss und etwas krzer als der Kelchtubus, die Petala der ungefahr 4 mm langen Krone unbehaart. Die striegelhaarigen hangenden Frchte sind schwach sichelformig gekrmmt, ±2 cm lang, dnnwandig und 7-10 eiig.","Morphology","C81257C3-C5F5-4E8D-817D-08904DDA93DA","German","C81257C3-C5F5-4E8D-817D-08904DDA93DA","Schinz, H. 1889. Beiträge zur kenntnis der flora von Deutsch-Südwest-Afrika und der angrenzenden gebiete II. Verh. Bot. Vereins Prov. Brandenburg 30: 138-186. [https://www.biodiversitylibrary.org/item/105224#page/208/mode/1up] [All rights reserved]","https://www.biodiversitylibrary.org/item/105224#page/208/mode/1up"
"wfo-0000808263","Laubblätter (incl. laubiger Tragblätter) 5-21, untere 4 (selten untere 5) amplexicaul, nicht-amplexicaule blätter 1-16, meist 2-5. Infloreszenz mit 1-2, gelegentlich 3-4 blüten. Tepalen 7.5-15 mm, Nagel (4-)5-7(-9) mm und Platte (3.5-)5.5-8 mm lang. Griffel (3.0-)3.5-4.5(-5.0) mm lang, sehr oder ziemlich papillos an den Flanken.","Morphology","99F0CC59-1882-4D7E-AB31-768AB8040203","German","99F0CC59-1882-4D7E-AB31-768AB8040203","Muller-Doblies, D; Muller-Doblies, U. 1990. Zur kenntnis der gattung Androcymbium (Colchicaceae) im südlichen Afrika: 2. Androcymbium exiguum hat doch Artwert. Willdenowia 19(2): 453-470. [https://www.jstor.org/stable/3996654] [All rights reserved]","https://www.jstor.org/stable/3996654"
"wfo-0000814444","3-4 dm hoch. Die Blätter sind 5 cm lang, 1.2-1.8 cm breit. Der unbeblatterte Teil des Stengels umfasst 20-25 cm. Die Blütenstiele sind 1-1.5 cm lang, spater noch langer. Das Receptaculum hat zur Blütezeit einen 1-2 mm langen Tubus und 3-3.5 mm lange Kelchzahne. Die Krone ist etwa 1.5 cm lang: die unteren Lappen 4-5 mm lang, etwa 3 mm breit, die oberen 3-4 mm lang.","Morphology","EA339A8A-35F2-4188-9E5F-70ABD9804A8C","German","EA339A8A-35F2-4188-9E5F-70ABD9804A8C","Diels, FLE. 1900. Beiträge zur flora von Afrika. XX: Berichte über die botanischen ergebnisse der Nyassa-See und Kinga-Gebirgs-Expedition der Hermann- und Elise- geb. Heckmann-Wentzel-Stiftung: Campanulaceae. Bot. Jahrb. Syst. 28(4): 501-510. [https://www.biodiversitylibrary.org/item/137016#page/9/mode/1up] [All rights reserved]","https://www.biodiversitylibrary.org/item/137016#page/9/mode/1up"
"wfo-0001077568","Aufrechter Strauch mit graufilzigen drehrunden Zweigen, pfriemlichen kleinen, sehr früh abfallenden Nebenblättern und vorn abgestutzten, am Grunde keilförmigen, am Rande ungleich grob kerbiggesägten, ziemlich derben B1ättern. Die Blätter sind oft breiter als lang, vorn ungefähr glatt oder gleichfalls wie der sonstige Blattrand gekerbt; unterseits grau-bis weiBlich-filzig, oberseits dunkelgrün mit kleinen, locker-stehenden Sternhaaren; Blattstiel 3-10 mm lang, etwa ein Drittel der Länge der Spreite. Blüten ziemlich spärlich auf Stielen, die fast 5 cm lang werden und die Blätter, in deren Achseln sie einzeln stehen, weit überragen und bis fast 10 mm unter der Blüte gegliedert sind. AuBenkelch aus 9-14 Blättchen bestehend, Kelch gröBer, zur Fruchtzeit erhalten und derb, bräunlich, beiderseits filzig; Blumenkrone gelb, auBen schwach behaart, bis 15 mm lang; Staubfadenröhre kegelig, kahl, rötlich, etwa halbsolang wie die Krone, nur oberwärts mit Filamenten und Staubbeuteln, welche die Mündung nur wenig, die Griffel nicht überragen; Griffel kurzhaarig. Früchtchen bis 6 mm hoch, 4 mm breit und dick, braun, feinfilzig mit scharfem, etwas zackigem Kiel, auf dem gewolbten mit wenigen undeutlichen Längsnerven versehenen Rücken, scharfen Kanten und runzeligen Seitenflächen. Die Früchtchen sitzen bei der Reife nur am Grunde zusammen, so daB hier beim Abfallen eine elliptische helle Narbe entsteht. Die Fruchtwand ist sehr derb und holzig und springt nicht auf. Samen braun, feinfilzig, an den Seiten zuweilen zottig behaart. Blütezeit: September bis April, vereinzelt das ganze Jahr hindurch.","Morphology","7C21B6B2-744F-457F-90DA-D80D764F6D8B","German","7C21B6B2-744F-457F-90DA-D80D764F6D8B","Ulbrich, OE. 1920. Monographie der afrikanischen Pavonia-Arten nebst Übersicht über die ganze Gattung  . Bot. Jahrb. Syst. 57(1): 54-184. [https://www.biodiversitylibrary.org/item/720#page/61/mode/1up] [All rights reserved]","https://www.biodiversitylibrary.org/item/720#page/61/mode/1up"
"wfo-0001091446","Die vier Emergenzenreihen der Frucht bestehen aus je 4 bis 5, selten 3, Stacheln, die meistens doppelt bis dreimal so lang wie die Kapselbreite sind. Blätter gestreckt oder gedrungen fnflappig, 20 bis 30 mm lang. Blüten mit violettem Saum und gelber Rühre oder einfarbig violett, Länge 50-60 mm. Zwei extraflorale Nektarien an einer Blüte.","Morphology","59241035-1640-4369-92B8-2B7736D14461","German","59241035-1640-4369-92B8-2B7736D14461","Ihlenfeldt, H-D; Hartmann, HEKO. 1970. Die Gattung Harpagophytum. Mitt. Inst. Allg. Bot. Hamburg 13: 15-69. [All rights reserved]",""
"wfo-0001141092","Offenbar ein mehrjahriger und vermutlich niederliegender Halbstrauch der dicht mit weichen Sternhaaren bekleidet ist. Die 5 mm lang geslielten blätter sind von langlich-eiformigem Umriss, stumpf, am Grande herzformig eingebuchtet, gekerbt und bewimpert, 5 1/2 cm lang und 4 cm breit. Die Spreite ist oberseits mit zerstreuten, ziemlich rigiden Haaren bekleidet; unterseits stehen die Haare etwas dichter. Die Nebenblätter sind mehr oder minder breit eiformig, zugespitzt, ganzrandig oder grob gezahnt bis fransig eingeschnitten, circa 1 1/2 cm lang. Die Blütenstand-stiele sind blattachselstandig und 2-blütig, ±5 cm lang und zwar bald langer, bald kurzer als das stutzende Blatt. Die Bracteen bilden eine vorn offene, tief zerschlitzte Tute. Die Kelchzipfel sind 5 mm lang, lanzettlich spitz bis zugespitzt, bald dicht, bald weniger dicht mit Haaren bekleidet. Die Kronblätter besitzen eine Lange von 12 mm und eine Breite von 4 bis 5 mm; sie sind lang benagelt, abgerundet, und an der Nagelpartie aussen und innen behaart, Die Staubbeutel sind circa 4 mm lang; die Staubfaden besitzen den bekannten Mahernia-Typus. Der Fruchtknoten ist dicht behaart.","Morphology","B5DF7C5E-A740-4068-9ABB-B1B8CA59E25E","German","B5DF7C5E-A740-4068-9ABB-B1B8CA59E25E","Schinz, H. 1896. Beiträge zur kenntnis der Afrikanischen flora IV. Bull. Herb. Boissier 4(6): 409-475. [https://www.biodiversitylibrary.org/item/104951#page/443/mode/1up] [All rights reserved]","https://www.biodiversitylibrary.org/item/104951#page/443/mode/1up"
"wfo-0000962172","Ganze Pflanze dunkel-blaugrün. Blätter an jungen Pflanzen und Zweigen 1. Ordnung bis 4 cm lang, 2 mm breit, rinnenformig, oberseits durch Wachsüberzug milchblau, Ränder schön rot, im Abstand von 1-2 mm mit roten, durchsichtigen, weichen Zähnchen versehen, Blattende mit ebensolchem Mucro. Die Blätter alter Pflanzen und Zweige jüngster Ordnung nur 8-15 mm lang und entsprechend schmäler. Cyathien endständig an den Spitzen der jüngsten Zweige, von 8-13 mm Durchmesser mit fünf braungrünen Drüsen, die in 2-4 meist wieder gegabelte, 2 mm lange, weißbräunliche Hörnchen auslaufen. Frucht ± 10 mm Durchmesser, ziemlich dicht mit rückwärts gerichteten, weichen Borsten-haaren besetzt, und durch stark vortretende Adern sehr uneben, anden Seiten der Kokken mit 2 mm breiten Flügeln versehen, die ihr fast das Aussehen der Früchte flügelfrüchtiger Tribulusarten verleihen.","Morphology","23F402F3-BABE-4EAE-A669-7147B39433C8","German","23F402F3-BABE-4EAE-A669-7147B39433C8","Dinter, MK. 1914. Neue und wenig bekannte Pflanzen Deutsch-Südwest-Afrikas. Im Selbstverlag, Okahandja. [All rights reserved]",""
"wfo-0001178474","Pflanzen bis 7 cm hoch, schwärzlich bis bräunlich grün, rotbraun mil gelblichen Spitzen oder gelblichgrün. Blätter an der Blattbasis dem Stamm anliegend, die Blattspitzen bogig zürijckgekrümmt, 5-7 mm lang. Fertile Pflanzen an der Spitze schopfig oder unterbrochen schopfig. Rippe in eine bis 2 mm lange stark gezähnte Haarspitze endend, die halbe glattbreite ein nehmend, im Querschnitt mit ventralen Hyalocyten und 2-3zelligen dorsalen Lamellen. BIattfIügelzelIen fehlend oder undeutlich entwickelt. Untere laminazellen dünnwandig, zart, rechteckig, 8-10 x 20-40 µm. Obere Laminazellen dickwandig, oval bis verlängert oval, 4-8 x 18-24 µm. Seta 4-5 mm lang, rotbraun. Kapsel aufrecht, 1.5 mm lang, eiförmig, hellbraun oder im Alter dunkler. Deckel 0.5 mm lang, gerade. Kalyptra ciliat.","Morphology","9EC67EF1-ECF7-4BEA-A54E-C9AA64616587","German","9EC67EF1-ECF7-4BEA-A54E-C9AA64616587","Frahm, J-P. 1985. Afrikanische Campylopus-Arten (Dicranaceae, Musci). Bryoph. Bibl. 31: 1-216. [All rights reserved]",""
"wfo-0001178542","Pflanzen bis 1(-3) cm hoch, hellgrün, lockerrasig, kaum rhizoidfilzig. Stämmchen dicht anliegend und gleichmäßig beblättert, selten in der Spitze schwach einseitswendig. Blätter um 5 mm lang, trocken dem Stamm anliegend oder aufrecht abstehend, aus breilanzettIicher Basis sehr lang und fein gespitzt, die Blattspitze gesägt und röhrig hohl, die Pfriemenspitze doppelt so lang wie die Lamina. Rippe etwa die Hälfte der Blattbreite einnehmend, im Querschnitt mitventralen Substereiden oder kleinlumigen Hyalocyten, die etwas kleinlumiger sind als die medianen Deuter, sowie dorsalen Stereidengruppen, am Rücken glatt oder schwach kerbig. BlattfIügelzellen groß, aufgeblasen, hyalin oder rotbraun, zartwandig. Basale Laminazellen dünnwandig, hyalin, kurzrechteckig bis annähernd subquadratisch, 10-15 x 15-30 µm, am Rande in 4-5 Reihenverengt und verlangert. Obere Laminazellen dickwandig, kleinlumig, subquadratisch oder schief, in deutIichen Reihen, 5-6 x 5-12 µm. Seta gelblich, geschIängelt, 5 mm lang. Kapsel 2 mm lang, etwas asymmetrisch, gefurcht. Kapseldeckel 1 mm, schiefgeschnäbelt. Kalyptra an der Basis ciliat.","Morphology","9EC67EF1-ECF7-4BEA-A54E-C9AA64616587","German","9EC67EF1-ECF7-4BEA-A54E-C9AA64616587","Frahm, J-P. 1985. Afrikanische Campylopus-Arten (Dicranaceae, Musci). Bryoph. Bibl. 31: 1-216. [All rights reserved]",""
"wfo-0001178613","Pflanzen zart, dünn, bis 1 cm hoch, in grünen dichten Rasen, trocken verbogen anliegend beblättert. Blätter (breit) Ianzettlich, nur 2-3 mm lang. Rippe schmal, nur 1/4 der Blattbreite einnehmend, in der Spitze als kurzer gesägter Stachel austretend. Rippe im Querschnitt nahezu ohne Stereiden, im oberen Teil des Blattes am Rucken gekerbt. Blattflügel hyalin oder gebräunt, sehr zartwandig. Untere Laminazellen kurz recht eckig, längs der Rippe großlumiger, dickwandig, 15-40 x 8-12 µm. Obere Laminazellen kurz rechteckig (2:1), bis subquadratisch, dickwandig, 4-8 x 8-16 µm. Sporophyt nicht bekannt.","Morphology","9EC67EF1-ECF7-4BEA-A54E-C9AA64616587","German","9EC67EF1-ECF7-4BEA-A54E-C9AA64616587","Frahm, J-P. 1985. Afrikanische Campylopus-Arten (Dicranaceae, Musci). Bryoph. Bibl. 31: 1-216. [All rights reserved]",""
"wfo-0001179548","Pflanzen sehr stattlich, Dicranum-artig, bis 8 cm hoch, aufrecht, robust. Stämmchen gleichmäßig beblättert, auch trocken verbogen abstehend, an der Spitze schopfig und etwas einseitswendig, rhizoidfiIzig. Blätter bis über 1 cm lang (bis max. 1.5 cm), aus breiter Basis in eine lange Spitze ausgezogen, am Rande bis zur Blattmitte herab stark gezähnt. Rippe ? der Blattbreite einnehmend, in der Blattspitze lang dornig gezähnt austretend, im Querschnitt mit ventralen und dorsalen Stereiden, am Rücken lamelliert und gesägt. BlattfIügelzellen groß, gut abgegrenzt, rotbraun. Innnere basale Laminazellen dickwandig, rechteckig, 12-18 x 24-38 pm, zum Rande kürzer und schließlich quadratisch werdend. Obere Laminazellen dickwandig, in deutlichen Reihen, quadratisch, 6-10 x 10-12 µm, die Lamina weit bis in die Blattspitze reichend. Sporophyt nicht bekannt.","Morphology","9EC67EF1-ECF7-4BEA-A54E-C9AA64616587","German","9EC67EF1-ECF7-4BEA-A54E-C9AA64616587","Frahm, J-P. 1985. Afrikanische Campylopus-Arten (Dicranaceae, Musci). Bryoph. Bibl. 31: 1-216. [All rights reserved]",""
"wfo-0001179858","Pflanzen kräftig, bis 8 cm hoch, in lockeren Rasen. Stämmchen oberwärts mittelgrün, unterwärts rhizoidenfiIzig, entweder kraus, locker abstehend beblättert oder anliegend, glatt. Blätter 5-7 mm lang, in eine subhyaline gelbliche oder hyaline, gesägte Stachelspitze endend. Rippe die Hälfte der Blattbreite einnehmend, im Querschnitt nahe der Blattbasis mit ventralen Substereiden, zur Spitze hin stereidal, sowie dorsalen Stereidengruppen, am Rucken gekerbt. Blattf Iugelzel len ausgepragt, aufgeblasen, hyalin oder rotbraun. Basale Laminazellen kurz rechteckig, dickwandig, z.TI. getüpfelt, 10-12 x 30-44 µm, zum Rande in 1-2 Reihen quadratisch. Obere Laminazellen kurz oval, rhombisch oder kurz rechteckig, dickwandig, 4-6 x 16-24 µm. Vegetative Vermehrung durch kIeinbIättrige reduzierte Äste in den Achseln der oberen Blätter, sehr selten durch Brutknospen an den Stämmchenspitzen, welche breitere, kürzere Blätter aufweisen. Sporophyten zu mehreren aus einer Pflanze. Seta 6-7 mm lang, bräunlich. Kapsel 1.5 mm lang, bräunlich, gestreift, schwach asymmetrisch und kropfig. Kapseldeckel dunkler, schief geschnäbelt. Kalyptra an der Basis wimperig.","Morphology","9EC67EF1-ECF7-4BEA-A54E-C9AA64616587","German","9EC67EF1-ECF7-4BEA-A54E-C9AA64616587","Frahm, J-P. 1985. Afrikanische Campylopus-Arten (Dicranaceae, Musci). Bryoph. Bibl. 31: 1-216. [All rights reserved]",""
"wfo-0001180020","Pflanzen bis 4 cm hoch, in kompakten Rasen oder Polstern, oberwärts hellgrün, am Grunde bräunlich. Stämmchen gleichmäßig beblättert, mit aufrecht abstehenden Blättern, die Perichaetien etwas kopfig, durch zahlreiche Kurztriebe dicker, zum Teil durch durchwachsene Perichaetien unterbrochen schopfig, stark rhizoidfiIzig. blätter 5-6 mm lang, schmal lanzettlich, in eine fein gesägte Spitze kontrahiert. Rippe 1/2-2/3 der Blattbreite, im Querschnitt mit ventralen Hyalocyten und dorsalen Stereidengruppen, am Rücken glatt. BlattfIügelzellen schwach differenziert, hyalin. Basale Laminazellen dünnwandig, rechteckig, 10-12 x 30-50 µm, am Rande verengt. Obere Laminazellen dickwandig, ca. 3-7:1, oval, 4-6 x 28-40 µm. Seten 7-8 mm lang, bräunlich, im Alter schwärzlich. Kapseln 1.5 mm lang, aufrecht, schmal zylindrisch, entleert gestreift und unterhalb der dunkler gefärbten Mündung verengt. Kalyptra und Kapseldeckel nicht bekannt.","Morphology","9EC67EF1-ECF7-4BEA-A54E-C9AA64616587","German","9EC67EF1-ECF7-4BEA-A54E-C9AA64616587","Frahm, J-P. 1985. Afrikanische Campylopus-Arten (Dicranaceae, Musci). Bryoph. Bibl. 31: 1-216. [All rights reserved]",""
"wfo-0001195654","Pflanzen in lockeren Rasen. Stämmchen 1-2(-3) cm hoch, rhizoidfilzig, unterwärts aufrecht abstehend, oberwärts schopfig beblättert, zum Teil mit klein bIättrigen Kurztrieben in den Achseln der oberen Blätter. Blätter 4-5 mm lang, lanzettlich, ausschmaler Basis unter der Blattmitte am breitesten und in eineschmale, etwas röhrige Spitze verschmälert. Rippe 1/3 der Blattbreite einnehmend, in der Blattspitze kurz austretend und dortschwach gesägt, im Querschnitt mit dorsalen und ventralen Stereiden, an der Rückseite im unteren Teil des Blattes kerbig, im oberen Teil lzellig lamellig. Blattflügel aus wenigen aufgeblasenen bräunlichen Oder rötlichen Zellen bestehend. Basale Laminazellen dickwandig, rechteckig, ca. 1:3-1:6, schwach Oderdeutlich getüpfelt, 8-16 x 60-80 µm, zum Rande hin verschmälert. Obere Laminazellen mehr oder weniger quadratisch, dickwandig, in regelmäßigen Reihen, zur Blattbasis am Blattrandeherablaufend, 6-10 x 8-12 µm. Seta 8 mm lang, geschlängelt, hellbraun. Kapsel gekrümmt, etwas kropfig, entleert gefurcht. Kalyptra ciliat.","Morphology","9EC67EF1-ECF7-4BEA-A54E-C9AA64616587","German","9EC67EF1-ECF7-4BEA-A54E-C9AA64616587","Frahm, J-P. 1985. Afrikanische Campylopus-Arten (Dicranaceae, Musci). Bryoph. Bibl. 31: 1-216. [All rights reserved]",""
"wfo-0001198740","Blätter ± aufrecht oder schwach, selten deutlich zuriickgekrummt, schmalbis breitzungenformig, mit abgerundeter oder etwas bogig verschmalerter Blattspitze; selten in der Mitte verschmalerte blätter. Blattrand auf 1/2-4/5 Blattlange umgerollt (gelegentlich nur einseitig), vor allem in der unteren Halfte deutlich, seltener undeutlich von (2-)3-6(-10) Reihen kurzer (selten schwach verlangerter) Zellen gesaumt; diese etwas dickwandiger und schwacher papillos als die normalen griinen Laminazellen (besonders auffallig am umgerollten Blattrand). Ubrige griine Laminazellen relativ klein, (8-)9-14(-6.5) µm, meist ± dickwandig, ± dicht papillos. Blattrippe ziemlich dick erscheinend, mit einem gut ausgebildeten dorsalen Band aus 3-6(-7) Schichten englumiger, selten relativ weitlumiger Stereiden und mit Hydroiden oder Hydroidenhomologen. Rippenriicken klein-warzig (bis gabelig) papillos oder fast glatt. Glashaar meist lang, an der Basis oder ± weit zur Spitze hin rotbraun, sonst hyalin, schwach oder mittel (bis stark) und oft ± stumpf gezahnt, seltener kurz und dann z.T. vollig rotbraun und neben den Zahnen noch mit warzigen Papillen.","Morphology","0CB3F64F-997C-4C35-8D82-93F7D209E3C4","German","0CB3F64F-997C-4C35-8D82-93F7D209E3C4","Kramer, WA. 1988. Beiträge zur systematik und bryogeographie einiger sippen von Tortula Hedw. sect. Rurales De Not. (Pottiaceae, Musci) unter besonderer berücksichtigung der südhemisphäre. J. Hattori bot. Lab. 65: 81-144. [All rights reserved]",""
"wfo-0001198741","Stammchen ungefahr 2 cm lang. blätter 2-2.5 mm lang, feucht schwach, deutlich oder stark zuruckgekriimmt, lang-eiformig bis lang-zungenformig, z.T. zur Spitze zu etwas verschmalert, mit abgerundeter Spitze. Blattrand auf 4/5 der Blattlange oder fast bis zur Spitze umgerollt, nicht oder schwach mit kurzen Zellen gesaumt. Grime Lamina-zellen klein, 7.5-11.5 µm, dicht mit hufeisenformigen Papillen besetzt. Blattrippe mit einem dorsalen Band aus 3-4 Schichten englumiger Stereiden (in innerster Schicht die aufieren z.T. weitlumiger) und mit Hydroiden oder Hydroidenhomologen. Rippenriicken gezahnt und schwach warzig (z.T. spitz-warzig) papillos. Glashaar kurz bis mittellang, an der Basis rotbraun, schwach bis mittel gezahnt. Blattachselstandige Brutkorper mehrzellig, perlschnurartig angeordnet, auf mehrzelligen, fadigen, verzweigten Brutkorpertragern (ver- breiterte Rhizoiden); untere Tragerzellen braun, obere chlorophyllhaltig. Bisher nur steril bekannt.","Morphology","0CB3F64F-997C-4C35-8D82-93F7D209E3C4","German","0CB3F64F-997C-4C35-8D82-93F7D209E3C4","Kramer, WA. 1988. Beiträge zur systematik und bryogeographie einiger sippen von Tortula Hedw. sect. Rurales De Not. (Pottiaceae, Musci) unter besonderer berücksichtigung der südhemisphäre. J. Hattori bot. Lab. 65: 81-144. [All rights reserved]",""
"wfo-0001198790","Blätter ± aufrecht, seltener schwach, sehr selten deutlich zuriickgekrummt, lang-oder kurz-zungenformig, z.T. nach vorne spatelformig verbreitert, z.T. auch in der Blattmitte verengt, an der Spitze bogig verschmalert und zuge-spitzt (bis abgerundet). Blattrand bis auf 1/2 (-3/4) der Blattlange schwach umgerollt (z.T. nur einseitig), deutlich oder undeutlich mit (1-)3-4 Reihen dickwandiger Zellen gesaumt; diese weniger papillos als die iibrigen griinen Laminazellen; selten vollig ungesaumt. Ubrige griine Laminazellen klein, (9-)10-13.5(-19.5) µm, (locker bis) mittel oder dicht papillos. Blattrippe mit einem dorsalen Band aus (3-)4-7 Schichten englumiger, seltener relativ weitlumiger Stereiden und mit Hydroiden oder Hydroidenhomologen. Rippenriicken klein-warzig (bis gabelig) papillos, selten glatt. Glashaar kurz bis mittellang (seltener lang), an der Basis, seltener bis zur Spitze rotbraun, schwach (bis mittelstark) ge- zahnt oder ± glatt. Synozisch, jedoch haufig nur ein Geschlecht ausgepragt. Perichaetialblätter nicht besonders ausdifferenziert.","Morphology","0CB3F64F-997C-4C35-8D82-93F7D209E3C4","German","0CB3F64F-997C-4C35-8D82-93F7D209E3C4","Kramer, WA. 1988. Beiträge zur systematik und bryogeographie einiger sippen von Tortula Hedw. sect. Rurales De Not. (Pottiaceae, Musci) unter besonderer berücksichtigung der südhemisphäre. J. Hattori bot. Lab. 65: 81-144. [All rights reserved]",""
"wfo-0001293192","In der Tracht von H. granulata (N. E. Br.) Dtr. et Schwantes kaum verschieden, Blätter von derselben Grösse und berflächenbeschaffenheit und -färbung; rükseits nach dem Ende hin ebenfalls gekielt, sonst halbwalzenrund, aber vielleicht am Ende nicht leicht beilschneidenartig ausladend wie bei H. granulata, Möglicherweise ist dieser Unterschied aber nicht spezifischer sondern individueller Natur, da wir von H. granulata in unseren Kulturen nur Abkömmlinge eines einzigen Individuums, von H. Herrei ebenfalls nur eine Pflanze besitzen. Blüte unbekannt. Kapsel geschlossen 7 mm, geöffnet 12 mm breit, 5 zellig, Ränder der Zellendecken einander vielfach nicht berührend; Quelleisten dunkelbraun, am Grunde nebeneinander verlaufend, dann divergierend, am Rande kaum gefranst, mit sehr schmalen Klappenflügeln. Samen bräunlichgelb, kugelig-eiförmig, mit sehr flachen Papillen besetzt, 2/3 mm lang.","Morphology","FAE4B52B-6A88-49D1-B280-20EC014A1CC2","German","FAE4B52B-6A88-49D1-B280-20EC014A1CC2","Schwantes, MHG. 1928. Zur systematik der Mesembrianthemen. Z. Sukkulentenk. 3: 16-30. [All rights reserved]",""
"wfo-0001294074","Sehr zwergiges Sträuchlein mit äusserst stark verkürzten Internodien. Blätter eiförmig, bis 5 mm lang und breit und 3 mm dick; Oberseite eben, Unterseite fast halbkugelig, andeutungsweise gekielt, bläulich graugrün, in der Durchsicht gross punktiert, Ränder und Kiel durchscheinend, Blüte und Frucht unbekannt.","Morphology","6612AD21-9370-4E69-BDDC-9681AD9690B2","German","6612AD21-9370-4E69-BDDC-9681AD9690B2","Schwantes, MHG. 1930. Neue Mesembriaceen VI. Monatsschr. Deutsch. Kakteen-Ges. 2(3-4): 64-69. [All rights reserved]",""
"wfo-0001294240","Bis 20 cm breite, 10 cm hohe Rasen bildend, vielköpfig, Köpfe (oder Rosetten) vier- bis sechsblättrig. Blätterpaare in einem ± rechten Winkel spreizend, 3 bis 5 cm lang, schmalbootförmig, gekult, mit flachgewölbter Oberseite, die an den Rändern abgerundet ist, Unterseite im Querschnitt ± halbkreisförmig. Sie sind 1.3 bis 1.5 cm breit, an der Basis 1 cm dick, hart, blaugrün mit verwaschener weißlicher Marmorierung. Blattende ± verbreitert, stumpf, mit drei bis sieben blaugrünen, sehr verschieden großen, breiten, dicken, abstehenden bis 4 mm langen Zähnen, die ein kurzes, braunes Spitzchen tragen. Die Epidermis ist sehr fein und dicht gekörnelt. Blüten einzeln, mit 3 bis 4 cm langem, zwei- bis vierkantigem, brakteenlosem, nach oben stärkerwerdendem Stiel. Kelch etwas breitgedrückt, fünfzipfelig, die beiden großen 10 mm langen Zipfel scharf gekielt, mit einem rötlichen, etwa 1 mm langen, abstehenden, schwachen Zähnchen nahe der Kielspitze, die drei kürzeren, etwa 6 mm langen Zipfel abgerundet, hautig umrandet, kapuzenartig zusammengezogen, mit einem starken, blaugrünen, nach oben gerichteten Zahn. Blütendurchmesser 3.5 bis 4 cm, Petalen etwa 75, einreihig, 15 bis 25 mm lang, abgerundet, am Ende lineal-lanzettlich, hellgoldgelb, frei. Stamina vierreihig, Filamente dünn, bis 9 mm lang, kahl, nur die mittleren am Grunde kurz behaart, unten weißlich, nach oben gelb; Antheren dottergelb, 2/3 mm lang. Krenlierter Ringwall ununterbrochen, niedrig, gelbgrün, niedrig. Ovar mit fünf hohen Buckeln, jeder mit einem 8 bis 9 mm langen, innen zottig papillösen, grüngelbem Stigma mit zurück- gekrümmter Spitze. Placenta wandständig. Kapsel fünffächrig mit schwacher Kolumella und rudimentären Zelldecken. Quellleisten eng aneinanderliegend, ziemlich breit geflügelt. Ohne Placentarhöcker. Durchmesser im geöffneten Zustande 1 cm. Sie hat eine gewisse Ähnlichkeit mit den Kapseln von Delosperma, Lithops und Dinteranthus. Die Samen sind 0.7 mm lang, glänzend, rauh, aber nicht skulptiert. Die Art ist Vertreter eines neuen Genus, dessen habituelle Ähnlichkeit mit dem Subgenus (oder Genus?) Carruanthus nur äußerlich ist. Dieses hat einen unterbrochenen krenlierten Ringwall und in der Kapsel Zellendecken und rudimentäre Placentarhöcker und der Blütenstand ist mehrblütig und hat folglich Brakteolen, die bei Schwantesia Ruedebuschii fehlen. Von Faucaria mit der gewisse Blattähnlichkeiten bestehen, unterscheidet sich Schwantesia Riidebuschii durch ununterbrochenen Ringwall (bei Faucaria unterbrochen), völlig anderen Fruchtbau und nicht sphaeroide Sämlinge. Schwantesia Ruedebuschii gehört zu den nichtsphaeroiden Arten, die einen völlig sphaeroiden Sämling haben. Dieser gleicht noch im Alter von fünf bis sieben Wochen genau einem solchen einer Lithopsart und hat einen so kurzen Spalt, wie wir ihn nur bei L. pseudotruncatella, L. alpina und L. Ruschiorum kennen. Erst am dritten Tage nach der Keimung nimmt er die breite Urnen-oder Halbkugelform und bald darauf eine schone orangebraunliche Farbe an. Nach sechs bis sieben Wochen weitet sich der Spalt und das erste Laubblattpaar erscheint, das vorerst noch einem Conophyten-körperchen sehr ähnlich sieht, da die beiden Blätter bis an das etwa 1 mm lange Orificium miteinander verwachsen sind.","Morphology","73018B17-572B-4AFE-A3B0-409D4381E0FD","German","73018B17-572B-4AFE-A3B0-409D4381E0FD","Dinter, MK. 1927. Schwantesia rüdebuschii. Moller's Deutsche Gartn.-Zeitung 19: 234-234. [All rights reserved]",""
"wfo-0001294762","Strauch, 1-2 m hoch, reichverzweigt; Äste anfänglich hellgelb, später braun, kräftig, dicht kraushaarig; blütentragende Sprosse anfänglich kugelig, dick, später kurze, dicke, walzenförmige, in regelmäßigen Abständen stehende Scheinähren. Blätter dreieckig, die größeren am Grunde schwach herzförmig, 2 mm lang, flach, nicht auffallend dick, gespornt, mit anliegenden, nach vorn gerichteten, kurzen Haaren bedeckt. Deck- und Vorblätter breit dreieckig-herzförmig, mit dickem, hellem, breitem Rand, auf dem Rücken mit starkem, wulstigem Kiel, wie die Blätter behaart. Blüten einzeln, mit fünfeckiger Fläche sitzend, 3-4 mm lang; Zipfel kräftig, trockenhäutig, verhärtend, die freien Teile zu einem Kegel zusammenneigend, dicht und anliegend kurzhaarig; der Teil unter den Flügeln meist ganz kahl; Flügel rbombisch bis rundlich-rhombisch, derbhäutig, gelblich bis braun, auf der Unterseitez.T. behaart; ganze Blüte 4-6 mm im Durchmesser. Griffel kräftig, lang; Narben 2, lang, halbstielrund, auf der Innenseite papillos. Perikarp hellgelblich. Same waagrecht, 2 mm breit (unreif).","Morphology","2ADCB3A6-4629-47F3-893D-37245465990E","German","2ADCB3A6-4629-47F3-893D-37245465990E","Aellen, P. 1961. Neue Chenopodiaceen aus Südwestafrika. Mitt. Bot. Staatssamml. München 4: 21-31. [https://www.biodiversitylibrary.org/item/52384#page/709/mode/1up] [All rights reserved]","https://www.biodiversitylibrary.org/item/52384#page/709/mode/1up"
"wfo-0001077563","Staude mit graugrünlieh-filzigen drehrunden Zweigen; Blattstiele ebensolang bis langer als die stumpfe 3-5-lappige, oberseits braungrüne mit kleinen Haaren besetzte, unterseits graufilzige etwas rauhe am Rande unregelmäBig und grob gekerbte, etwa 5-nervige Spreite. Blüten einzelu achselständig an Slielen, die drei- bis viermal solang wie der Blattstiel umd filzig behaart sind; AuBenkelch bräumlichgrün, 5-blätterig, länger als der Kelch, bis fast zum Grunde gespalten, mit ganz stumpfen, verkehrt-ei-förmigen Zipfeln; Kelch blaBgelblich-grün mil zottigen, spitzen Zipfeln; Blumenkrone goldgelb, auBen schwach sternhaarig, etwas gewimpert, etwa 15 mm lang; Früchtchen groB etwa 5 mm hoch, 4 mm breit., 3 mm dick, fast schwarz, dicht marmoriert, zusammengedrückt-kreis-eiförmig, mit ganz undeutlicher, engmaschiger Aderung und ziemlich schwach vorspringendem, stumpflichen Kiele, undeutlich stumpflich-zugespitzt, kahl oder nur mit einzelnen Haaren besetzt, sehr dickschalig.","Morphology","7C21B6B2-744F-457F-90DA-D80D764F6D8B","German","7C21B6B2-744F-457F-90DA-D80D764F6D8B","Ulbrich, OE. 1920. Monographie der afrikanischen Pavonia-Arten nebst Übersicht über die ganze Gattung  . Bot. Jahrb. Syst. 57(1): 54-184. [https://www.biodiversitylibrary.org/item/720#page/61/mode/1up] [All rights reserved]","https://www.biodiversitylibrary.org/item/720#page/61/mode/1up"
"wfo-0001077605","Aus der holzigen Wurzel entspringen mehrere astige Stengel, welche wie die ganze Pflanze mit Ausuahme der Bluthe von ziemlich langen sternformigen und einfachen Haaren ganz rauch sind. Die blätter sind lincalisch-lanzettlich, 1 1/2-2 1/2 Zoll lang und nur 1 1/2-3 Linien breit, mit 5 beiderseits hervorstehenden Nerveu versehen, von welchen besonders der Mittelnerv durch Starke ausgezeichnet ist. Grusstentheils sind die blätter ganzrandig mit dichter stehenden Sternhaaren am Rande, bisweilen aber auch mit 1 bis 3 ziemlich langen Zahnen versehen. Der Blattstiel ist nur 2-3 Linien lang, auf der Innenseite tief gefurcht und geht oft fast unmerklich in die Blattflache uber. Die Nebenblätter sind so laug als die Blattstiele und oft noch etwas langer, stehenbleibend und gleichfalls von abstehenden Haaren rauch. Die Bluthenstiele sind ziemlich stark, von 1-2 1/2 Zoll Lauge, achselstaudig, einzeln und einbluthig, unter der Bluthe gegliedert, etwas verdickt und daselbst dichter mit Haaren besetzt. Die 8-10 lnvolucralblätter haben eine linealiscliche oder lincal-lanzettliche Gestalt, sind 5-9 Linien lang, 1/4-1 Linie breit und errcichen den tief 5-theiligen Kelch an Lange gauz, oder sind etwas kurzer als derselbe; die Zipfel dieses letzteteren sind lanzettlicli, namentlich am Rande lang gewimpert. Die Buthe ist nur ein ViertheiI langer als der Kelch, wie es scheint, von gelber Farbe. Die Staubfadenrohre ist etwa so lang als der Keich, an der Spitze mit 5 deutlich getrennten Griffeln und Narhen endigend. Die Kapsel ist Klein, nur 3-4 Linien hoch, ziemlich kugelig, mit zugespitzten, oberhalb gelb behaarten Klappen. Die Facher sind wenigsaamig; die Saamen im Verhaltniss zu der kleinen Kapsel ziemlich gross, nierenformig, grunlich-braun gefarht, mit kurzen weichen haaren sparsam besetzt.","Morphology","8891C9E6-168D-4D27-A207-16F8CF14F788","German","8891C9E6-168D-4D27-A207-16F8CF14F788","Garcke, CAF. 1849. Kritische bemerkungen zu der familie der Malvaceen nebst beschreibung neuer arten aus derselben. Bot. Zeitung (Berlin) 7(48): 833-848. [https://www.biodiversitylibrary.org/item/105412#page/7/mode/1up] [All rights reserved]","https://www.biodiversitylibrary.org/item/105412#page/7/mode/1up"
"wfo-0001091449","Flgel der Frucht ungegliedert oder in verschiedenem Masse gegliedert, Saum oder Stachelreihe nicht breiter als die Kapsel, meistens halb so breit. Bl„tter oval oder dreilappig, am Rande schwach oder kr„ftig gebuchtet, beide Spreitentypen h„ufig als Jugend-und Altersbl„tter an einer Pflanze. Blten mit violettem Saum und hellgelber R”hre oder einfarbig hellgelb oder violett, ca. 45 mm lang, Saum 1/3 der R”hrenl„nge erreichend; 3-4 extraflorale Nektarien an einer Blte.","Morphology","59241035-1640-4369-92B8-2B7736D14461","German","59241035-1640-4369-92B8-2B7736D14461","Ihlenfeldt, H-D; Hartmann, HEKO. 1970. Die Gattung Harpagophytum. Mitt. Inst. Allg. Bot. Hamburg 13: 15-69. [All rights reserved]",""
"wfo-0001091464","Blüten meist etwas kleiner (bis 40 mm lang), weinrot bis purpurn; unreife Kapseln spärlich mit ganz kurzen Härchen bedeckt; Samen mit je einem winzigen apikalen und basalen (selten nur mit einem apikalen), 2-teiligen, 2-zähnigen oder ausgerandeten Anhängsel.","Morphology","FEA56927-4246-49EA-ABF8-E1D43FFAE661","German","FEA56927-4246-49EA-ABF8-E1D43FFAE661","Merxmuller, H. 1959. Über die gattung Sesamum L. in Südwestafrika. Mitt. Bot. Staatssamml. München 3: 1-13. [https://www.biodiversitylibrary.org/item/52384#page/23/mode/1up] [All rights reserved]","https://www.biodiversitylibrary.org/item/52384#page/23/mode/1up"
"wfo-0001336999","Unverzweigte bis ± stark tief- oder hochgabelig verzweigte, ein- bis zehnköpfige, ein- oder mehrstengelige Stauden, (10)20-45(75) cm hoch, ± stark abstehend behaart, seltener teilweise verkahlend, die Haare stets länger als 0.5 mm. Rhizom verzweigt, mit schuppigen Niederblättern und rübenförmigen Wurzeln. Blätter im unteren Stengeldrittel gehäuft oder über den ganzen Stengel ± gleichmässig verteilt, rundlich eiförmig bis linealisch, plötzlich zugespitzt oder allmählich in die Spitze verschmälert, ohne knorpelig verdickten Blattrand und ohne Ölbehälter im Inneren, ganzrandig bis grob gezähnt, mit 3-7 ± parallel verlaufenden Nerven, lederig derb bis ± dünn, zerstreut bis dicht borstig behaart. Pedunkel kräftig, meist gerippt, 1-2 mm dick, oft im obersten Teil oder ganz abstehend rauhhaarig, gelegentlich mit wenigen sitzenden oder kurz gestielten Drüsen besetzt. Hüllschuppen am Rücken dicht mit mehrzelligen Haaren besetzt, die äusseren mit schmalem, die inneren mit ± breitem, oft zerschlitztem Hautrand, am Rücken grün, oft rotspitzig, ± gebärtet, die innersten kürzer als die vorhergehenden. Nerven der Hüllschuppen oft mit kurzen Seitenästen. Randblüten ca. 20-25, mit blauen oder seltener weissen Ligulae, stets mit Staminodien. Ligulae 3-4(7) nervig, länglich- bis breitelliptisch, ± deutlich dreispitzig, plötzlich in die Röhre verschmälert; diese stets mit mehrzelligen Drüsenhaaren besetzt, bei manchen Sippen ausserdem behaart. Scheibenblüten (4-)6 mm lang, ihre Krone glockig, 4 mm lang, ihre Röhre zylindrisch, 2 mm lang (selten Krone 3, Röhre 1-1.5 mm), die Röhre und die Spitzen der Kronblätter mit mehrzelligen Drüsenhaaren ± dicht besetzt. Äussere Pappusborsten 0.5-1 mm lang, die inneren 5-8 mm lang. Achänen elliptisch, zusammengedrückt, in jungem Zustand deutlich dreirippig, in reifem Zustand mit zwei deutlichen Rippen an den Rändern sowie einer undeutlichen oder verkümmerten Rippe auf einer flachen Seite, graubraun bis grau.","Morphology","7E926CB5-D84C-4128-8D41-E920E782D820","German","7E926CB5-D84C-4128-8D41-E920E782D820","Lippert, W. 1973. Revision der Gattung Aster in Afrika. Mitt. Bot. Staatssamml. München 11: 153-258. [All rights reserved]",""
"wfo-0001337002","50-125 cm hohe, oft mehrstengelige Stauden mit kräftigem, reich beblättertem, (3)7-25 köpfigem, zerstreut borstig behaartem und drüsigem, hochgabelig verzweigtem Stengel mit langen, kaum beblätterten Ästen. Wurzelstock verholzend, mit drahtartigen, kräftigen Wurzeln. Blätter wechselständig, aufrecht abstehend oder leicht zurückgebogen, an der Stengelbasis schuppig, dicht dachziegelig gedrängt, ± lederig, braun, nach oben langsam grösser, grün, um die Stengelmitte am grössten, am Anfang der Infloreszenz plötzlich kleiner, lanzettlich bis länglichlanzettlich, 55-120 mm lang, 12-20 mm breit, (5)6-8 mal so lang wie breit, meist dicht borstig behaart, ± drüsig klebrig mit eingesenkten Drüsen, wenigstens unterseits auf den Nerven mit sitzenden oder kurzgestielten Drüsen, entfernt gezähnelt oder fast ganzrandig bis deutlich gezähnt, stets ausserdem von feinen Borstenzähnen rauh, drei- bis fünfnervig mit kräftigen Längsnerven; Quernerven wesentlich schwächer als bei A. peglerae. Pedunkel kräftig, 5-25 cm lang, mit 0-4 oft brakteenartigen Hochblättern, zerstreut drüsig und mit kräftigen, dickbasigen Borstenhaaren ± dicht besetzt. Hülle 15-25 mm im Durchmesser. Hüllschuppen (35)40-60, lanzettlich (die äusseren breit eilanzettlich), 8-10(12) mm lang, 1.25-1.75 mm breit, lederig, trockenhäutig mit ± schmalem, zerschlitztem Hautrand und schmalem, wenig bis stark verdicktem Mittelteil, kahl oder selten auf dem Mittelteil mit vereinzelten, am Grund knollig verdickten, kurzen Borsten, meist alle Hüllschuppen ± dicht mit sitzenden oder kurzgestielten Drüsen besetzt. Randblüten ca. 15-25, (13)15-20 mm lang, oft mit Staminodien; Ligulae weiss, die Hülle deutlich überragend, 10-15 mm lang, (2-)3 mm breit, 4(-6) nervig, zwei- bis dreispitzig, schmalelliptisch, langsam in die Röhre verschmälert; Röhre (3.5)4-5 mm lang, völlig kahl oder ± dicht mit Drüsenhaaren besetzt, sehr selten mit einzelnen einfachen Haaren. Scheibenblüten 7-9 mm lang; Krone 3.5-5 mm, Röhre 3.5-4 mm lang, völlig kahl oder mit zerstreuten Drüsenhaaren besetzt. Äussere Pappusborsten 1-2 mm lang, oft etwas verbreitert, fast glatt, innere (5)7-9 mm lang. Achänen 1-1.5 x 4-5 mm, länglich bis schmalelliptisch, spärlich borstig behaart, dicht drüsig, zwei- bis fünfrippig.","Morphology","7E926CB5-D84C-4128-8D41-E920E782D820","German","7E926CB5-D84C-4128-8D41-E920E782D820","Lippert, W. 1973. Revision der Gattung Aster in Afrika. Mitt. Bot. Staatssamml. München 11: 153-258. [All rights reserved]",""
"wfo-0001337005","4-15(20) cm hohe, von Grund an verzweigte, borstig behaarte, ± stark mit kurzgestielten oder sitzenden Drüsen besetzte einjährige Kräuter. Blätter an der Stengelbasis breit bis schmal leierförmig fiederteilig mit 2-4 Fiederpaaren, ihre Spreite kürzer als der Stiel oder höchstens gleichlang; Stengelblätter linealisch, die untersten fiederteilig, die obersten ganzrandig oder etwas gezähnelt. Köpfchen 10-16(19) mm im Durchmesser, einzeln an den Enden der meist purpurrot gefärbten Äste. Hüllschuppen stumpflich bis zugespitzt, breit lanzettlich, mit 3-5 nur selten deutlich sichtbaren Nerven, 4-7(9) mm lang, 1-2(2.5) mm breit, mit breitem, oft purpurn überlaufenem Hautrand. Haare der Hülle borstig mit breiter Basis, fast immer mit violetten Querwänden. Randblüten 15-30, ohne Staminodien. Ligulae 6-8 mm lang, 1.5-2 mm breit, 4-5 nervig, elliptisch, allmählich in die Röhre verschmälert, purpurrosa; Röhre 1.5-2 mm lang, mit Drüsenhaaren besetzt. Scheibenblüten 3-4 mm lang; Krone 2-3 mm, Röhre 1 mm lang, ± dicht mit Drüsenhaaren besetzt. Äussere Pappusborsten 0.5-1 mm, innere 3-4 mm lang. Achänen strohfarben bis schiefergrau, dicht anliegend kurzhaarig, mit durch die Haare häufig verdeckten kurzgestielten Drüsen.","Morphology","7E926CB5-D84C-4128-8D41-E920E782D820","German","7E926CB5-D84C-4128-8D41-E920E782D820","Lippert, W. 1973. Revision der Gattung Aster in Afrika. Mitt. Bot. Staatssamml. München 11: 153-258. [All rights reserved]",""
"wfo-0001337009","25-30 cm hohe, zierliche, tiefgabelig verzweigte, unter der Gabelung behaarte, zweiköpfige, nur im untersten Stengeldrittel beblätterte Staude. Unterste Blätter braun, schuppig, nach oben rasch grösser, grün, im untersten Stengeldrittel gehäuft, 40-50 mm lang, 18-25 mm breit, 2-3 mal so lang wie breit, eiförmig bis breitlanzettlich, anliegend rauhhaarig, entfernt gezähnt mit relativ schwachem (gelegentlich unterbrochenem) Knorpelrand, 7 nervig. Pedunkel 15-18 cm lang, schaftartig, ohne Hochblätter, völlig kahl. Hülle 7-8 mm hoch, völlig kahl; Hüllschuppen ca. 25, 6-7 mm lang, 2 mm breit, zumindest die inneren dreinervig, alle breitlinealisch, an der Spitze abgerundet, mit breitem, stark zerschlitztem Hautrand. Randblüten ca. 20, 8-9 mm lang, mit Staminodien; Ligulae weiss, 6-7 mm lang, 1.75-2 mm breit, 4-7 nervig, ± deutlich dreispitzig, ± plötzlich in die Röhre verschmälert; Röhre 2 mm lang, zerstreut drüsig. Scheibenblüten 5 mm lang, ihre Krone 3 mm, ihre Röhre 2 mm lang; die Spitzen der Kronblätter und die Röhre ± zerstreut drüsig. Äussere Pappusborsten 0.25-1 mm lang, fast glatt, die inneren 4-5 mm lang, gezähnt. Reife Achänen unbekannt.","Morphology","7E926CB5-D84C-4128-8D41-E920E782D820","German","7E926CB5-D84C-4128-8D41-E920E782D820","Lippert, W. 1973. Revision der Gattung Aster in Afrika. Mitt. Bot. Staatssamml. München 11: 153-258. [All rights reserved]",""
"wfo-0001337011","35-75 cm hohe, ± hochgabelig verzweigte, (3)6-15 köpfige, gelegentlich mehrstengelige Stauden mit abstehend behaartem, drüsigem Stengel. Wurzelstock kräftig, ± stark verholzt, mit dicken, drahtartigen Wurzeln. Blätter wechselständig, an der Basis schuppig, dicht gedrängt, ± lederig, braun, nach oben langsam grösser, grün, entfernter stehend, um die Stengelmitte am grössten, eilanzettlich bis linealisch, 35-100 mm lang, 3-11 mm breit, 5.5-20 mal so lang wie breit, nahezu kahl bis borstig behaart, stets drüsig klebrig mit eingesenkten Drüsen, wenigstens unterseits auf den Nerven mit sitzenden oder kurzgestielten Drüsen, ganzrandig mit kurzen Borstenzähnen bis kräftig gezähnt (stets nur in der vorderen Hälfte), drei- bis undeutlich fünfnervig. Pedunkel kräftig, mit 0-4 Hochblättern, 5-20 cm lang (die der Nebenköpfchen oft wesentlich kürzer, 0.5-3 cm), zerstreut drüsig und meist dicht abstehend borstig behaart. Hülle 10-15 mm im Durchmesser. Hüllschuppen ca. 30-40, (5)6-7 mm lang, 0.75-1 mm breit, mit schmalem, meist zerschlitztem Hautrand, lederig trockenhäutig mit schmalem, verdicktem Mittelteil, kahl oder selten die äusseren auf dem Mittelteil mit wenigen zerstreuten Borsten, zumindest die inneren Hüllschuppen oft zerstreut bis dicht mit sitzenden oder kurz gestielten Drüsen besetzt. Randblüten ca. 10-25, 9-12 mm lang, meist mit Staminodien; Ligulae weiss, 6-9 mm lang, 1-2 mm breit, 4-5 nervig, 2-3 spitzig, linealisch bis schmalelliptisch; Röhre 2.5-3 mm lang, ohne oder mit wenigen Drüsenhaaren. Scheibenblüten 5-6 mm lang; Krone 3-4 mm, Röhre 2-3 mm lang, fast immer kahl, selten mit zerstreuten Drüsenhaaren. Äussere Pappusborsten 0.5-1 mm lang, fast glatt, oft etwas verbreitert, die inneren 5-6 mm lang. Achänen ca. 1-2 x 3-4 mm.","Morphology","7E926CB5-D84C-4128-8D41-E920E782D820","German","7E926CB5-D84C-4128-8D41-E920E782D820","Lippert, W. 1973. Revision der Gattung Aster in Afrika. Mitt. Bot. Staatssamml. München 11: 153-258. [All rights reserved]",""
"wfo-0001337014","Unverzweigte bis ± stark tief- oder hochgabelig verzweigte, ein- bis dreissigköpfige, ein- oder mehrstengelige Stauden, (10)20-100 cm hoch, im allgemeinen nur an den untersten Stengelinternodien kurzborstig, sonst kahl, seltener an Stengeln, Jungtrieben oder Blättern spärlich borstig behaart. Wurzelstock wenig verzweigt bis ungeteilt, kaum bis sehr stark verholzend, mit schuppigen, meist etwas gedrängten, kurzborstigen Niederblättern und ± deutlich rübenförmigen, meist kurz gestielten Wurzeln. Blätter meist lederig derb, im unteren Stengeldrittel gehäuft oder über den ganzen Stengel ± gleichmässig verteilt, halbstengelumfassen, eiförmig bis lineallanzettlich, meist allmählich in die Spitze verschmälert, mit stets knorpelig verdicktem, fein gesägtem, selten entfernt gezähneltem Rand, mit 3-9 ± parallel verlaufenden, oft durch Quernerven verbundenen, meist deutlich hervortretenden Längsnerven. Hüllschuppen fast immer kahl, ± lederig trockenhäutig mit schmalem, oft verdicktem Mittelteil. Randblüten ca. 10-25, mit blauen bis weissen, meist viernervigen, schmal- bis breitelliptischen, allmählich in die Röhre verschmälerten Ligulae, deren Röhre kahl bis zerstreut drüsenhaarig, selten ausserdem mit vereinzelten einfachen Haaren besetzt ist. Äussere Pappusborsten 0.25-1 mm lang, ± glatt, die inneren 4-8 mm lang, gezähnt.","Morphology","7E926CB5-D84C-4128-8D41-E920E782D820","German","7E926CB5-D84C-4128-8D41-E920E782D820","Lippert, W. 1973. Revision der Gattung Aster in Afrika. Mitt. Bot. Staatssamml. München 11: 153-258. [All rights reserved]",""
"wfo-0001363841","Die ssp. glabrescens unterscheidet sich von der Typusunterart durch die stark verkahlenden, lanzettlichen bis oblanzeolaten Blätter, die immer blauen Zungenblüten und die glatte Epidermis der Achänen. Das bisher untersuchte Material lässt noch keinen Schluss zu, ob auch ein signifikanter Unterschied in der Wuchshöhe besteht; bisher konnten für die hier behandelte Unterart nur 30 cm gemessen werden.","Morphology","1499DF02-49AF-448D-AF49-5FF28080F65D","German","1499DF02-49AF-448D-AF49-5FF28080F65D","Grau, HRJ. 1973. Revision der gattung Felicia (Asteraceae). Mitt. Bot. Staatssamml. München 9: 195-705. [All rights reserved]",""
"wfo-0001141104","Offenbar ein kleiner Halbstrauch mit dicht mit Sternhaaren bekleideten Zweigen und 2 bis 3 mm lang gestielten, ovalen Oder langlich eiformigen blättern von 3 1/2 cm Lange und ± 17 cm Breite. Die stumpfe, gekerbte Spreite ist ober- und unterseits sparlich mit rigiden Sternhaaren bekleidet. Die Nebenblätter sind langlich, stumpf, unregelmassig gesagt oder gekerbt. Der wenigblütige Blütenstand ist ±13 mm lang gestielt; er ist gleich dem bis etwas unterhalb die halbe Hohe funfzipfeligen Kelch dicht mit goldbraunen Sternhaaren bedeckt. Die Kelchzipfel sind lanzettlich, spitz, ±3 mm lang, die Petalen breit spatelformig, kahl, von rotbrauner Farbe. Die schmal linearen Staubfaden sind oberwarts kreuz-formig verbreitert, mit Sternhaaren bekleidet, etwas kurzer als die 4 mm langen, zugespitzten und mit Wimperborsten besetzten Staubbeutel. Reife Fruchte fehlen.","Morphology","B5DF7C5E-A740-4068-9ABB-B1B8CA59E25E","German","B5DF7C5E-A740-4068-9ABB-B1B8CA59E25E","Schinz, H. 1896. Beiträge zur kenntnis der Afrikanischen flora IV. Bull. Herb. Boissier 4(6): 409-475. [https://www.biodiversitylibrary.org/item/104951#page/443/mode/1up] [All rights reserved]","https://www.biodiversitylibrary.org/item/104951#page/443/mode/1up"
"wfo-0001179555","Pflanzen bis 4 cm hoch, gelbgrun, schlank, trocken anliegend beblättert, an der Spitze gekräuselt und geschlängelt, am ganzen Stämmchen rot rhizoidfi Izig. Blätter bis 8 mm lang, lanzettlich, lang und fein gespitzt, in der Spitze gesägt. Lamina nur bis zur Blattmitte reichend. Rippe 2/3 der Blattbreite einnehmend, am Blattgrund stark herabIaufend, im Querschnitt mit ventralen Hyalocyten, diese in der Blattbasis die Hälfte der Blattdicke einnehmend, zur Spitze hin kleiner werdend, dorsal mit Gruppen von kleinlumigen Stereiden; am Rücken glatt Oder schwach gekerbt. Blattflügelzellen hyalin, schwach differenziert, nicht aufgeblasen. Basale Laminazellen dünnwandig, locker, rechteckig 14-20 x 30-50 µm, am Rande schmaler. Obere Laminazellen kleinlumig, unregelmäßig, oval oder schief, dick wandig, 6-10 x 14-20 µm. Seta 7-8 mm lang, mittel- bis olivbraun. Kapsel 2 mm lang, kurz zylindrisch, an der Basis weiter und plötzlich in die Seta kontrahiert, zur Spitze verschmälert glatt oder etwas gefurcht. Kapseldeckel 1 mm lang, wie der Annulus dunkelbraun, fast gerade. Kalyptra an der Basis glatt.","Morphology","9EC67EF1-ECF7-4BEA-A54E-C9AA64616587","German","9EC67EF1-ECF7-4BEA-A54E-C9AA64616587","Frahm, J-P. 1985. Afrikanische Campylopus-Arten (Dicranaceae, Musci). Bryoph. Bibl. 31: 1-216. [All rights reserved]",""
"wfo-0001179691","Pflanzen bis 1(-2, -3) cm hoch, schlank, schmutzig grün, in lockeren Rasen. Stämmchen unterwärts rhizoidfi Izig, aufrecht abstehend beblättert, oberwarts dichter beblättert mit eng anliegenden glatten Oder gekräuselten Blättern. Blätter bis 3 mm lang, aus breitlanzettI icher Basis allmählich zugespitzl, ganzrandig. Rippe in der Blattspitze kurz austretend, gesägt, 1/3 der Blattbasis einnehmend, im Querschnitt, am Blattgrund mit ventralen Substereiden, die zur Blattspitze kleinlumiger und stereidiform werden, mit dorsalen Stereidengruppen, am Rucken gekerbt. Lamina bis in die Blattspitze reichend, sehr breit. Blattfl ugelzel len hyalin Oder braunlich, zartwandig. Basale Laminazellen kurz rechteckig (1:1.5-1:3.5), dickwandig, 6-12 x 14-40 µm, zum Rande kleiner und quadratisch werdend. Obere Laminazellen subquadratisch bis schief und kurz rechteckig, dickwandig, in regelmäßigen Reihen, 3-6 x 8-14 µm. Sporophyt nicht bekannt.","Morphology","9EC67EF1-ECF7-4BEA-A54E-C9AA64616587","German","9EC67EF1-ECF7-4BEA-A54E-C9AA64616587","Frahm, J-P. 1985. Afrikanische Campylopus-Arten (Dicranaceae, Musci). Bryoph. Bibl. 31: 1-216. [All rights reserved]",""
"wfo-0001179789","Pflanzen bis 3 cm hoch, unterwärts dunkler gefärbt mit aufrecht abstehenden Blättern, oberwärts heller mit anliegenden Blättern. Stamm rhizoidfiIzig. Blätter 4-5 mm lang, lanzettlich zugespitzt. Rippe in der Blattspitze kurz austretend, nur in der äußersten Spitze mit einigen Zähnen, 2/3 der Blattbreite einnehmend, im Querschnitt mit ventralen Hyalocyten und dorsalen Substereiden, am Rücken einzellig gekerbt. BlattfIügelzellen bräunlich, schwach d ifferenziert. Basale Laminazellen dünnwandig, hyalin, rechteckig, 8-10 x 30-36 µm, zum Rande schmaler und langer werdend, eine kleine Gruppe bildend, aber nicht weit am Blattnande hinaufreichend. Obere Laminazellen klein, trub, oval, zur Blattbasis kürzer, unregelmäßig, dickwandig, 2-4 x 6-8 µm. Sporophyt nicht bekannt.","Morphology","9EC67EF1-ECF7-4BEA-A54E-C9AA64616587","German","9EC67EF1-ECF7-4BEA-A54E-C9AA64616587","Frahm, J-P. 1985. Afrikanische Campylopus-Arten (Dicranaceae, Musci). Bryoph. Bibl. 31: 1-216. [All rights reserved]",""
"wfo-0001195673","Pflanzen bis 1.5 cm hoch, hellgrün, in lockeren Rasen. Stämmchen schlank anliegend beblättert, an der Basis rhizoidfiIzig. Blätter um 5 mm lang, gleichmäßtig in eine gezäahnte, hohle Spitze verschmalert. Rippe 1/3-1/2 der Blattbreite einnehmend im Querschnitt mit relativ kleinlumigen ventralen Hyalocyten (diese nur so groß wie die medianen Deuter) und dorsalen Ster- eiden, am Rücken gekerbt und in der Blattspitze gesägt. Blattflügelzellen hyalin, differenziert. Basale Laminazellen rechteckig, die inneren dickwandig, zum Rande schmaler und dünnwandig werdend, am äußersten Rand einen Saum aus 2-4 Reihen hyaliner Zellen bildend. Obere Laminazellen kurz rechteckig oder schief, dickwandig. Sporophyt nicht bekannt.","Morphology","9EC67EF1-ECF7-4BEA-A54E-C9AA64616587","German","9EC67EF1-ECF7-4BEA-A54E-C9AA64616587","Frahm, J-P. 1985. Afrikanische Campylopus-Arten (Dicranaceae, Musci). Bryoph. Bibl. 31: 1-216. [All rights reserved]",""
"wfo-0001260939","Ein stark verzweigtes Zwergsträuchlein von kaum Spannenhöhe (so die vorliegenden zwei Exemplare) mit ± spatelförmigen, bespitzten, lang- und dicht seidig behaarten, ± 6 mm langen und ± 3 mm breiten, auf dicken, kantigen, ± 3.5 mm langen Blattstielen stehenden Laubblättchen. Nebenblätter ± verkehrtlanzettlich, ± 7 mm lang und ± 2.5 mm breit. Blüten einzeln, auf ± 3 mm langen Stielen und mit linealischen, ± 5 mm langen Tragblättern. Kelch seidig behaart, mit glockiger, 3.5 mm hoher Röhre und fünf ± 4 mm langen, pfriemlichen, spitzen Kelchabschnitten, die durch ± flache Buchten von einander getrennt sind; da die Ränder der Kelchabschnitte etwas der Länge nach nach innen gekrümmt sind, sind sie etwas dicklich. Krone blau oder purpurfarbig (?), Fahne aussen seidig behaart, mit nahezu kreisrunder Platte und ± 2.5 mm langem Nagel, Flügel kahl, ± 9 mm lang, mit ± 3 mm langem Nagel, Kiel seidig behaart, etwa so lang wie die Flügel, nicht geschnäbelt, abgerundet. Fruchtknoten seidig behaart.","Morphology","CBDFEE88-1789-4383-AB9F-BC1244A58481","German","CBDFEE88-1789-4383-AB9F-BC1244A58481","Schinz, H; Thellung, A. 1921. Beiträge zur kenntnis der afrikanischen flora (XXX). Vjschr. Naturf. Ges. Zürich 66: 221-256. [https://www.biodiversitylibrary.org/item/100891#page/240/mode/1up] [All rights reserved]","https://www.biodiversitylibrary.org/item/100891#page/240/mode/1up"
"wfo-0001293201","Pflanze mit sehr kurzen, verzweigten Stämmchen, rasenförmig. Blätter aufrecht, etwas aus-oder einwarts gekrummt, am Grunde verwachsen, halbstielrund, oberseits flach oder schwach ausgehöhlt, an den Kanten gerundet, im obersten Drittel zusammengedrückt gekielt, stumpflich mit kleinem weißen Knorpelspitzchen, 6-10 cm lang, am Grunde bis 1 cm breit, ca. 6 mm dick, am Kiel etwa 1 cm breit, sehr weichfleischig, hellgrün, mit zahlreichen länglichen, etwas erhabenen, dunkleren und durchscheinenden Punkten. Blütenschaft 3-7 blütig, 10-20 cm hoch, etwas zusammengedrückt, mit scheidig verwachsenen, nach oben kleiner werdenden Deckblättern. Blütenstiele 3-8 cm lang, nach oben verdickt. Kelch breit kreiselförmig; Zipfel 5, etwas ungleich lang, dreieckig lanzettlich, spitz, grün, 15-20 mm lang, an der Spitze zurückgekrümmt. Blumenblätter kürzer als die Kelchzipfel, sclimal lineal, fast pfriemlich, mehrreihig, gelb, äußerste am Rücken gerötet. Staubgefäße ebensolang, zahlreich, weißlichgelb, am Grunde weiß behaart, anfangs kegelig zusammengeneigt. Fruchtknoten kegelig mit 5 langen, fädlichen, oberseits papillösen Griffeln, so lang wie die Staubgefäße. Bluht gegen Abend im Mai bis Juni.","Morphology","36DFC4F0-C4C7-4F1D-A3AB-B11FAC3781FE","German","36DFC4F0-C4C7-4F1D-A3AB-B11FAC3781FE","Berger, A. 1908. Mesembrianthemen und Portulacaceen. Beschreibung und Anleitung zum Bestimmen der wichtigsten Arten, mit kurzen Angaben über die Kultur  . Eugen Ulmer, Stuttgart. [https://doi.org/10.5962/bhl.title.15522] [All rights reserved]","https://doi.org/10.5962/bhl.title.15522"
"wfo-0001293460","Aufrechter Strauch mit bis 15 cm langen Internodien und aufrechten, festen, im Neutriebe grunen Zweigen. Blätter 8 bis 15 cm lang, 3 mm breit, 4 mm dick, halbstielrund, oben ± verflacht, am Grunde schwach miteinander verwachsen, in der Aufsicht nicht punktiert, in der Durchsicht mit als helle, kleine Punkte erscheinenden Idioblasten. Blüten endständig, lang gestielt. Kelch kreiselförmig, fünfzipflig, zwei Kelchzipfel 4 1/2 cm lang, nicht häutig gerandet, mit den Ansatzlappen uber die anderen greifend; diese trockenrandig, mit Fortsätzen von 1 1/2, 2 1/2 und 3 cm Länge. Die Fortsätze aller Kelchzipfel sind zugespitzt und gleichen den Laubblättern vollkommen. Blumenblätter mehrreihig, 13 mm lang, 1 1/2 mm breit, lanzettlich, spitz endigend, weiß, Nach innen folgt ein Kranz staminodialer Petalen, die etwa 8 mm lang sind und bis 2/3 mm breit, an der Spitze oft eingekerbt, weiß. Staubblätter mehrreihig, weiß, mit gelben Staubbeuteln, die die Narben zum Teil etwas uberragen; innere Staubfäden etwa 1/3 der Lange von der Basis entfernt mit Haarmanschetten, äußere Staubfäden mit mehr von der Basis ausgehenden Haaren. Staubblätter mit mehreren Reihen schmaler weißer Staminodien umgeben, die am Grunde etwas behaart sind und mit den Staubblättern kegelförmig nach innen geneigt sind. Ovarwall (Diskus) ununterbrochen, dunkelgrün, krenuliert, niedrig, schmal und wenig hervortretend. Ovar mit hohen, gerundeten Wülsten mit tiefen Furchen; Narben 5, 3 mm lang, aufrecht, breit, nach der Mitte zu stark verdickt (fast halb eiförmig), zugespitzt, mit zottig-vließartiger, grünlichgelber, flacher Innenseite und stark gewölbter Außenseite, die mit eng anliegenden, nach der Spitze gerichteten glänzenden gelblichgrünen Haaren bedeckt ist. Kapsel fünffächerig, ganz der Gattung Mesembrianthemum, wie ich sie abgegrenzt habe, entsprechend, das heißt mit steifen Zellendecken, ohne Plazentarhöcker, mit Klappenflügeln.","Morphology","40151003-2347-4F44-B175-D8E965A01A19","German","40151003-2347-4F44-B175-D8E965A01A19","Schwantes, MHG. 1927. VIII. Mesembrianthemum stephanii. Moller's Deutsche Gartn.-Zeitung 42: 159-159. [All rights reserved]",""
"wfo-0001293524","Körperchen 2-3 cm lang, 2-3 cm breit; 1.8-2.8 cm dick, umgekehrt kegelförmig; Spalt 5-7 mm tief eingeschnitten, Seitenflächen milchfarben perlgrau; Endfläche der Loben mit entweder ganz einheitlicher durchscheinender und in der Aufsicht dunkel erscheinender Fensterfläche, oder diese ist nur von vereinzelten kleineren Flecken oder dendroiden Malen von derselben Färbung wie die Seitenflächen unterbrochen; Rand des Fensters ab und zu etwas dendroid, oft von vereinzelten zerstreuten dunklen Punkten umgeben; die Fensterfläche zeigt auf jedem Lobus etwa 5-12 annähernd purpurrote, vereinzelte, regellos verstreute Punkte. Blüte unbekannt. Kapsel geschlossen bis 8 mm, geöffnet bis 12 mm breit, 5-fächerig. Quelleisten bis zum äussersten Ende einander berührend. Zellenwände mit schmalen rudimentären Zellendecken. Samen sehr klein, 1/3 mm lang, kugelig-birnförmig mit scharf abgesetztem Spitzchen, hellbräunlich gelb.","Morphology","A0913A44-0D4E-4E8C-8F60-3B69C6BBF84F","German","A0913A44-0D4E-4E8C-8F60-3B69C6BBF84F","Schwantes, MHG. 1927. Lithops dinteri Schwantes sp. nov. Z. Sukkulentenk. 3: 97-99.",""
"wfo-0001293759","Die stark kiDie stark kinnartig vorgezogene Blattunterseite annähernd halbkugelig, glatt, dunkel punktiert, mit ebenen Oberseiten, die die Wände eines zwischen den beiden. Blättern befindlichen Spaltes bilden, aus dem die Blüte und Kapsel hervorwächst, ohne den Spalt wesentlich zu öffnen. Blüte kurz gestielt, nicht sitzend, noth nicht beobachtet. Kapsel offen 1 1/2 cm breit, 8-fächerig, Klappen 4 mm hoch gekielt, Klappenflügel sehr kurz und feln begrannt oder grannenlos, Plazentarhöcker klein, Samen 1 mm breit, braun, höckerig skulptiert.gene Blartunterseite annähernd halbkugefig, glatt, dunkel punktiert, mit ebenen Oberseiten, die die Wände eines zwischen den beiden. Blättern befindlichen Spaltes btlden, aus dem die BlOte und Kapsel hervorwächst, ohne den Spalt wesentlich zu öffnen. Blüte kurz gestielt, nicht sitzend, noth nicht beobachtet. Kapsel offen 1½ cm breit, 8-fächerig, Klappen 4 mm hoch gekielt, Klappenflügel sehr kurz und feln begrannt oder grannenlos, Plazentarhöcker klein, Samen 1 mm breit, braun, höckerig skulptiert.","Morphology","E13A7251-95A5-4756-B090-4002F011E192","German","E13A7251-95A5-4756-B090-4002F011E192","Werdermann, E. 1930. Bilder chilenischer kakteen und anderer sukkulenten III. Monatsschr. Deutsch. Kakteen-Ges. 2(7): 141-144. [All rights reserved]",""
"wfo-0001294694","Einjährig, bis 50 cm hoch, hellgrün, unbereift, vom Grunde an reich verzweigt, mit niederliegenden und aufsteigenden, hellen Ästen. Blätter halbstielrund, 1 cm lang, lineal, kurz bespitzt, an der Basis geschwollen. Die unteren Deckblätter wie die Laubblätter gestaltet, die oberen eiförmig-lanzettlich, flach, die Blütenknäuel ums doppelte überragend. Vorblätter klein, breit-elliptisch bis rhombisch. Blüten in 3-5-blütigen, sitzenden Knäueln, am Ende der Zweige in einfachen Scheinähren. Blütenhülle niedergedrückt; Zipfel auf dem Rücken schwach gekielt, über die Hälfte verwachsen, krautig, der freie Teil dreieckig-abgerundet, hautrandig. Perikarp hellhäutig. Staubfaden kurz, Antheren 0.5 mm lang. Narben 2, pfriemlich-fadenförmig, 0.7 mm lang, mit sehr kurzen Papillen dicht besetzt. Same waagrecht (unreif).","Morphology","2ADCB3A6-4629-47F3-893D-37245465990E","German","2ADCB3A6-4629-47F3-893D-37245465990E","Aellen, P. 1961. Neue Chenopodiaceen aus Südwestafrika. Mitt. Bot. Staatssamml. München 4: 21-31. [https://www.biodiversitylibrary.org/item/52384#page/709/mode/1up] [All rights reserved]","https://www.biodiversitylibrary.org/item/52384#page/709/mode/1up"
"wfo-0001294713","Halbstrauch, sparrig abstehend Oder leicht zurückgebogen verzweigt, die alten Zweige graubraun, die jungen hellgelbbraun, mehr Oder weniger stark wollig behaart, dornig-spitz endend, nicht schwarz werdend. Blätter kahl, gelblichgrün, sich im Alter nicht verfärbend, 1.5 mm lang, 1 mm breit, dreieckig, fleischig, schwach hautrandig, im vorderen Teil etwas gekielt, breit sitzend, schwach gespornt; die unteren Deckblätter etwas länger, 2 mm lang, 1 mm breit, länglich-dreieckig, kahl oder schwach behaart, sonst wie die Blätter gestaltet, die oberen kürzer, breit dreieckig-herzförmig. Vorblätter 0.8-1 mm lang, breit dreieckig-rhombisch, fleischig, schwach hautrandig, wulstig gekielt, stumpf gespornt, meist schwach behaart. Perianth kahl, gelblich, 6 min im Durchmesser, mit fünfseitiger Fläche sitzend; Zipfel schmal dreieckig, schmal häutig umrandet, auf dem Rücken abgerundet. Staubblätter mit länglichen Antheren; Konnektiv mit kurzem, stumpfem Spitzchen; zwischen den Staubfäden kleine, halbkreisförmige Lappen. Griffel 3/4 mm lang; Narben 2, etwas kürzer, schmal pfriemlich-fadenförmig. Same horizontal. Salsola armata unterscheidet sich von S. calluna Fenzl dadurch, daB sie sich nicht schwärzlich verfärbt und daß ihre Blütenhülle kahl ist. Ob die Äste bei S. calluna ebenfalls stechend zugespitzt sind, vermochte ich nicht festzustellen.","Morphology","A32EF81F-EB03-4277-89BF-D01FCA00ECA9","German","A32EF81F-EB03-4277-89BF-D01FCA00ECA9","Aellen, P. 1961. Eine neue Salsola aus Südwestafrika. Mitt. Bot. Staatssamml. München 4: 127-128. [https://www.biodiversitylibrary.org/item/52384#page/819/mode/1up] [All rights reserved]","https://www.biodiversitylibrary.org/item/52384#page/819/mode/1up"
"wfo-0001294719","Halbstrauch, bis 1 m hoch, hellgrün belaubt, mit braunen Ästen, junge Sprosse zart, zerbrechlich, mit genäherten Knospen, die Scheinähren am Ende der Äste klumpig gehäuft. Blätter breit dreieckig, breiter als lang, ca. 1 mm breit, vorn abgerundet, mit breiter, schwach herzförmiger Basis sitzend, ohne oder mit undeutlichem Sporn, dicklich, auf dem Rücken spärlich und kurz behaart, verkahlend. Deck- und Vorblätter größtenteils krautig, auf den Seiten hautrandig, mit wulstigem Kiel, angedrückt seidenhaarig. Blüten einzeln am Ende der Zweige gedrängt. Blütenhülle dicht bärtig-seidenhaarig, die unteren Haare 1.5-2 mm lang, die oberen kürzer, die Zipfel nur wenig überragend, Zipfel 2.5-3 mm lang, kräftig, länglich-dreieckig, mit verhärtetem Mittelfeld und flügeligem Hautrand, vorn abgerundet. Flügel fehlend (durch einen schmalen Wulst ersetzt?). Staubfäden lang; Antheren fast 2 mm lang, für Hälfte verbunden; Konnektiv kurz bespitzt. Same waagrecht, grünlich-braun; Griffel lang; Narben 2, ein viertel der Länge des Griffels, zungenförmig, auf der Innenfläche papillös.","Morphology","2ADCB3A6-4629-47F3-893D-37245465990E","German","2ADCB3A6-4629-47F3-893D-37245465990E","Aellen, P. 1961. Neue Chenopodiaceen aus Südwestafrika. Mitt. Bot. Staatssamml. München 4: 21-31. [https://www.biodiversitylibrary.org/item/52384#page/709/mode/1up] [All rights reserved]","https://www.biodiversitylibrary.org/item/52384#page/709/mode/1up"
"wfo-0001294729","Niederer Strauch, bedeckt mit kugeligen oder walzlichen, blütentragenden Kurztrieben; junge Sprosse, alle Blätter und die Blütenhülle (ausgenommen die Flügel) mit dichtem, anliegendem oder halbabstehendem Haarpelz. Blätter klein, breiter als lang, 1 mm lang, dreieckig-rhombisch, mehr oder weniger flach, ungespornt, auf dem Rücken mit schwachem, wulstigem Kiel. Deckblätter im Verhältnis noch breiter, dreieckig-herzförmig, auf dem Rücken mit abgerundetem Kiel, schwach hautrandig. Vorblätter kahnförmig, länglich-rundlich, hautrandig, auf dem Rücken mit abgerundetem, starkem Kiel, der im unteren Teil in einen Höcker ausgeht. Blüten einzeln, am Ende der Zweige klumpig gehäuft; Blütenhülle auf der ganzen Länge mit langen (trocken: braunen) Seidenhaaren; Zipfel länglich-dreieckig, im vorderen Teil breiter hautrandig, derb-trockenhäutig, in der Mitte geflügelt; Flügel kurz, breit, gelappt bis zerschlitzt, hell-gelbbraun, kahl. Perikarp weißlich. Antheren beinahe zur Hälfte verwachsen; Konnektiv kurz abgerundet. Griffel kräftig; Narben 2, zungen-förmig. Same unreif.","Morphology","2ADCB3A6-4629-47F3-893D-37245465990E","German","2ADCB3A6-4629-47F3-893D-37245465990E","Aellen, P. 1961. Neue Chenopodiaceen aus Südwestafrika. Mitt. Bot. Staatssamml. München 4: 21-31. [https://www.biodiversitylibrary.org/item/52384#page/709/mode/1up] [All rights reserved]","https://www.biodiversitylibrary.org/item/52384#page/709/mode/1up"
"wfo-0001294756","Buschiger Strauch, bis 2.5 m hoch; junge Äste zerstreut langhaarig, in den Blattwinkeln mit einem Büschel langer Haare, blütentragende Sprosse zapfenförmig (Blätter, Blüten und Knospen dicht gedrängt). Blätter 2 mm lang und fast ebenso breit, breit dreieckig-rundlich, gespornt, meist flachgedrückt, kahl, in der Jugend mit dunkelgrünem bis braunem, dreieckigem Mittelfeld und scharf abgegrenztem, im unteren Blatteil stark verbreitertem, hellbräunlichem Hautrand (dadurch die jungen Triebe auffallend zweifarbig). Deckblätter rundlich, auf dem Rücken im vorderen Teil wulstig gekielt, kahl. Vorblätter ähnlich gestaltet. Blüten einzeln; Blütenhülle mit flächenhafter Basis sitzend, kahl, glänzend, derbhäutig, Zipfel vor den Flügeln 2 mm lang, schmal dreieckig, kräftig, einen Kegel bildend, breit hautrandig; Flügel im unteren Drittel der Zipfel, breiter als lang, einander seitlich überdeckend, hartbäutig. Same unreif.","Morphology","2ADCB3A6-4629-47F3-893D-37245465990E","German","2ADCB3A6-4629-47F3-893D-37245465990E","Aellen, P. 1961. Neue Chenopodiaceen aus Südwestafrika. Mitt. Bot. Staatssamml. München 4: 21-31. [https://www.biodiversitylibrary.org/item/52384#page/709/mode/1up] [All rights reserved]","https://www.biodiversitylibrary.org/item/52384#page/709/mode/1up"
"wfo-0001336998","(5)15-30(40) cm hohe, meist einköpfige, gelegentlich von Grund an verzweigte, oft mehrstengelige Stauden. Stengel gefurcht, an der Basis oft purpurn. Blätter meist im unteren Stengeldrittel gehäuft, rundlich bis eiförmig, gelegentlich schwach geigenförmig, zugespitzt oder stumpf mit aufgesetzter Spitze, mit kräftiger, handförmiger Nervatur, ganzrandig, kahl; Blattrand leicht verdickt, mit kaum gebogenen, kurzen spitzen Papillen besetzt; Blattfläche 25-65 x 15-35 mm. Hülle (12)20-25 mm im Durchmesser. Hüllschuppen ca. 15-35, breit einlanzettlich, sehr breit hautrandig, drei- bis undeutlich fünfnervig, bis 9 mm lang und bis 3.5 mm breit; Mittelteil ± grün, Hautrand oft rot, besonders an der Spitze oft zerschlitzt. Randblüten 10-20, ca. 14-15 mm lang, mit Staminodien; Ligulae dunkelblau bis rosa, 10-12 mm lang, 1.5(-2) mm breit, linealisch, viernervig, dreispitzig; Röhre 3-3.5 mm lang, mit Drüsenhaaren. Scheibenblüten 5-6 mm lang; Krone 3.5-4 mm lang, Röhre 1.5-2 mm lang, mit Drüsenhaaren. Äussere Pappusborsten 0.5-1 mm, oft etwas verbreitert, fast glatt, innere ca. 5 mm, gezähnt. Achänen dicht behaart, elliptisch bis verkehrteiförmig, ca. 1.5-2 x 4-5 mm.","Morphology","7E926CB5-D84C-4128-8D41-E920E782D820","German","7E926CB5-D84C-4128-8D41-E920E782D820","Lippert, W. 1973. Revision der Gattung Aster in Afrika. Mitt. Bot. Staatssamml. München 11: 153-258. [All rights reserved]",""
"wfo-0001337000","Bis 25 cm hohe, zierliche, mehrstengelige, völlig kahle Stauden. Stengel zahlreich, ein- oder sehr selten zweiköpfig, in der unteren Hälfte oft mit kurzen, sterilen Seitenästen, von der Mitte an schaftartig mit wenigen, sehr kleinen Hochblättern. Wurzelstock kräftig, verholzt, zahlreiche - dicht mit schuppigen Niederblättern besetzte - zunächst unterirdische, ausläuferartige Sprosse treibend. Blätter linealisch bis lineallanzettlich, 1-1.5(2) mm breit, 10-20 mm lang, völlig ganzrandig ohne oder mit wenig ausgeprägtem stets völlig glattem Knorpelrand, einnervig oder sehr selten mit zwei kurzen Seitennerven, oft nach oben eingerollt. Hülle 7-9 mm hoch, völlig kahl bis zerstreut drüsig. Hüllschuppen ca. 25, 6-8 mm lang, (1.25)1.5-2 mm breit, einnervig, lanzettlich mit breitem, oft stark zerschlitztem Hautrand, die mittleren und inneren oft mit kurz gestielten oder sitzenden Drüsen. Randblüten ca. 15, 9-12 mm lang, ohne Staminodien; Ligulae weiss, 6.5-7.5 mm lang, 1-1.5 mm breit, viernervig, dreispitzig, allmählich in die Röhre verschmälert; Röhre 2-2.5 mm lang, zerstreut drüsig. Scheibenblüten 4-6 mm lang, ihre Krone 2-3.5 mm, ihre Röhre 1.5-2.5 mm lang, die Spitzen der Kronblätter und die Röhre zerstreut drüsig. Äussere Pappusborsten 0.25-0.75 mm lang, fast glatt, die inneren 5-6 mm lang, gezähnt. Achänen stark behaart mit wenigen Drüsen.","Morphology","7E926CB5-D84C-4128-8D41-E920E782D820","German","7E926CB5-D84C-4128-8D41-E920E782D820","Lippert, W. 1973. Revision der Gattung Aster in Afrika. Mitt. Bot. Staatssamml. München 11: 153-258. [All rights reserved]",""
"wfo-0001337006","25-35 cm hohe, zwei bis dreiköpfige, völlig kahle Stauden. Blätter an der Stengelbasis klein, brakteenförmig, nach oben rasch grösser, in der unteren Stengelhälfte gehäuft, 40-50 mm lang, 12-15 mm breit, 3.5-4 mal so lang wie breit, verkehrteiförmig bis elliptisch, stumpf, 3-5 nervig, mit knorpelig verdickten, völlig glattem Rand. Pedunkel 5-15 cm, mit 0-2 sehr kleinen Hochblättern. Hülle 10-15 mm im Durchmesser. Hüllschuppen kahl, ± lederig trockenhäutig mit ± schmalem Mittelteil und ± breitem, oft etwas zerschlitztem Hautrand, 1-2 mm breit, (6)7-8 mm lang. Randblüten ca. 10-20, ca. 10 mm lang, mit Staminodien; Ligulae ca. 6-7 mm lang, 1-1.5 mm breit, allmählich in die Röhre verschmälert; Röhre 3 mm lang, kaum drüsenhaarig. Scheibenblüten 4-5 mm lang, ihre Krone 2-3 mm, ihre Röhre 2 mm lang, zerstreut drüsenhaarig. Äussere Pappusborsten 0.5-1 mm lang, glatt, an der Basis oft etwas verbreitert, die inneren 5-6 mm lang, gezähnt. Achänen borstig behaart, zerstreut drüsig.","Morphology","7E926CB5-D84C-4128-8D41-E920E782D820","German","7E926CB5-D84C-4128-8D41-E920E782D820","Lippert, W. 1973. Revision der Gattung Aster in Afrika. Mitt. Bot. Staatssamml. München 11: 153-258. [All rights reserved]",""
"wfo-0001337007","Kräftige, meist tiefgabelig, seltener hochgabelig verzweigte, (1)2-6(11) köpfige, oft mehrstengelige, 30-65 cm hohe, ± dicht abstehend behaarte, an Hülle, Köpfchenstielen und Blättern ± dicht drüsige Stauden (Drüsen zumindest an den Blättern oft sehr klein). Wurzelstock oft kräftig, ± stark verholzend, mit kurzgestielten, kräftigen, rübenförmigen Wurzeln. Blätter lederig derb, am Grund oft gedrängt, schuppig, braun, nach oben schnell grösser, grün, halbstengelumfassend, in der unteren Stengelhälfte am grössten, nach oben langsam kleiner, 35-85(115) mm lang, 5-10(18) mm breit, (5)6-10(16) mal so lang wie breit, fast immer ganzrandig, selten entfernt gezähnelt mit stets knorpelig verdicktem, fein borstig gesägtem Rand, elliptisch bis lanzettlich, allmählich in die Spitze verschmälert, mit 3-5(7) kräftigen Längsnerven. Pedunkel 5-10(15) cm lang, mit 0-3 kleinen bis sehr kleinen Hochblättern. Hülle 5-7 mm hoch; Hüllschuppen ca. 25-40, 4.5-6 mm lang, 1-1.25 mm breit, ± dicht borstig behaart, zumindest die inneren, meist auch die äusseren ± dicht drüsig, lederig trockenhäutig mit schmalem, oft verdicktem Mittelteil und ± breitem, oft etwa zerschlitztem und gerötetem Hautrand. Randblüten ca. 15-25, (9)10-12(13) mm lang, ohne Staminodien. Ligulae weiss (selten bläulich), (7)8-10 mm lang, (1)2(2.5) mm breit, meist viernervig, dreispitzig, allmählich in die Röhre verschmälert; Röhre 2-3 mm lang, fast kahl bis ± dicht drüsig. Scheibenblüten 3.5-4(5) mm lang, ihre Krone 2-2.5(3) mm, ihre Röhre 1-1.5(2) mm lang; die Röhre und die Spitzen der Kronblätter ± dicht drüsig. Äussere Pappusborsten 0.25-0.5(1) mm lang, fast glatt, die inneren 4-5 mm lang, gezähnt. Achänen 1-1.5 x 3-3.5 mm, zweischneidig zusammengedrückt, dreirippig, verkehrteiförmig bis elliptisch, an der Basis und an den Rippen dicht borstig behaart, sonst zerstreut behaart, ± dicht drüsig.","Morphology","7E926CB5-D84C-4128-8D41-E920E782D820","German","7E926CB5-D84C-4128-8D41-E920E782D820","Lippert, W. 1973. Revision der Gattung Aster in Afrika. Mitt. Bot. Staatssamml. München 11: 153-258. [All rights reserved]",""
"wfo-0001337016","Unverzeigte oder seltener wenig verzweigte, ein- bis zweiköpfige, meist mehrstengelige, 15-20 cm hohe, zerstreut bis ± dicht abstehend borstig behaarte Stauden. Blätter am Grunde lederig derb, braun, schuppig, nach oben schmal grösser, grün, rauhhaarig, aufrecht abstehend, halbstengelumfassend, um die Stengelmitte am grössten, dann rasch kleiner, 35-60(70) mm lang, (7)12-18(30) mm breit, (2.5)3-4(5) mal so lang wie breit, ganzrandig oder sehr entfernt gezähnelt mit stets knorpelig verdicktem, fein gesägtem Rand, eiförmig bis breitlanzettlich, allmählich in die Spitze verschmälert, mit (3)5-7 kräftigen, ± parallel verlaufenden, auf der Blattoberseite meist durch starke Quernerven verbundenen Längsnerven (vor allem untere und mittlere Blätter mit unterseits schwachem, oberseits kräftigem Nervennetz). Pedunkel kräftig, (2)7-10 cm lang, mit 0-1(2) sehr kleinen Hochblättern. Hülle 9-11 mm hoch. Hüllschuppen kahl bis spärlich borstig behaart, ± lederig trockenhäutig mit schmalem, oft verdicktem Mittelteil und ziemlich breitem, ± stark zerschlitztem, oft gerötetem Hautrand, 1-1.5 mm breit, 8-9 mm lang. Randblüten ca. 15-20, 9-10 mm lang, mit Staminodien. Ligulae 7-8 mm lang, 1.5-2 mm breit, meist viernervig, dreispitzig, allmählich in die Röhre verschmälert; Röhre 2 mm lang, fast kahl bis zerstreut drüsenhaarig. Scheibenblüten 4-5 mm lang, ihre Krone 2.5-3 mm, ihre Röhre 1.5-2 mm lang; die Röhre und die Spitzen der Kronblätter ± dicht drüsenhaarig. Äussere Pappusborsten 0.5(-1) mm lang, fast glatt, die inneren 4-5 mm lang, gezähnt. Achänen 1-1.5 x 2-3 mm, deutlich vierrippig, an der Basis und an den Rippen dicht borstig behaart, sonst zerstreut behaart, zerstreut drüsig.","Morphology","7E926CB5-D84C-4128-8D41-E920E782D820","German","7E926CB5-D84C-4128-8D41-E920E782D820","Lippert, W. 1973. Revision der Gattung Aster in Afrika. Mitt. Bot. Staatssamml. München 11: 153-258. [All rights reserved]",""
"wfo-0001363838","Die ssp. transvaalensis unterscheidet sich von der Typusunterart durch die breiteren (bis 6 mm) Blätter, die nie drüsig, dafür immer abstehend borstig behaart sind, die längeren Hüllschuppen (die innersten bis 5 mm lang) sowie die fast immer weissen Ligulae. Bei grossen Blättern können bisweilen Andeutungen von zwei Seitennerven festgestellt werden. Oft zu beobachtende sterile Achänen verkahlen und zeigen nicht die typischen kopfigen Haare.","Morphology","1499DF02-49AF-448D-AF49-5FF28080F65D","German","1499DF02-49AF-448D-AF49-5FF28080F65D","Grau, HRJ. 1973. Revision der gattung Felicia (Asteraceae). Mitt. Bot. Staatssamml. München 9: 195-705. [All rights reserved]",""
"wfo-0001363840","Von der Typusunterart unterscheidet sich die ssp. khamiesbergensis durch die schmäleren, lanzettlichen, kürzer borstig behaarten Blätter, die etwas grösseren, bis 5 mm langen Hüllschuppen und die kahlen, schmal elliptischen Achänen; möglicherweise ist die Pflanze etwas starrer und steifer.","Morphology","1499DF02-49AF-448D-AF49-5FF28080F65D","German","1499DF02-49AF-448D-AF49-5FF28080F65D","Grau, HRJ. 1973. Revision der gattung Felicia (Asteraceae). Mitt. Bot. Staatssamml. München 9: 195-705. [All rights reserved]",""
"wfo-0001421443","Blätter schwach bis deutlich zurückgekrümmt, kurz- und breit- (seltener lang- und schmaler-) zungenförmig, z.T. nach vorne verbreitert, z.T. in der Mitte etwas verschmälert, mit abgerundeter bis ausgerandeter Spitze. Blattrand auf 4/5 der Blattlänge oder bis fast zur Spitze umgerollt, nicht oder nur unten schwach mit kurzen Zellen gesäumt; diese etwas dickwandiger als die übrigen grünen Laminazellen Übrige grüne Laminazellen 11.5-16(-19) µm, mittel dicht papillös. Blattrippe mit einem dorsalen Band aus 3-5 Schichten (relativ) englumiger Stereiden und mit Hydroiden. Rippenrücken meist äußierst stark mit grofien und spitzen (z.T. gebogenen) oder an der Spitze gabelig oder sternförmig verzweigten Papillen versehen, gezähnt. Glashaar kurz oder lang, hyalin, gelegentlich an der Basis rotbraun, selten weiter hinauf rotbraun, ± stark spitz gezähnt. Oft Brutkörper auf der Ventralseite der Rippe; Brutkörper rund, mehrzellig, in perlschnurartigen Ketten angeordnet. Diozisch. Perichaetialblätter der Archegonienstände nicht besonders ausdifferenziert, die der Antheridienstände sehr kurz werdend und mit reduziertem Glashaar.","Morphology","0CB3F64F-997C-4C35-8D82-93F7D209E3C4","German","0CB3F64F-997C-4C35-8D82-93F7D209E3C4","Kramer, WA. 1988. Beiträge zur systematik und bryogeographie einiger sippen von Tortula Hedw. sect. Rurales De Not. (Pottiaceae, Musci) unter besonderer berücksichtigung der südhemisphäre. J. Hattori bot. Lab. 65: 81-144. [All rights reserved]",""
