WFOID,identifier,vernacularName,isPreferredName,source,language,countryCode,uri,rights,license,bibliographicCitation,Volume,Part
wfo-0000764069,ver-THA-0000764069.01,chuanchom (ชวนชม)(Bangkok),0.0,ref-THA-0000764069,TH,THA,https://botany.dnp.go.th/eflora/floraspecies.html?tdcode=02205,Forest Herbarium,All rights reserved,"Adenium obesum. Flora of Thailand. Vol. 7. Part 1, 1999. Pg. 78. Accessed 2021-07-31",7,1
wfo-0000764069,ver-THA-0000764069.02,lanthom daeng (ลั่นทมแดง)(Bangkok),0.0,ref-THA-0000764069,TH,THA,https://botany.dnp.go.th/eflora/floraspecies.html?tdcode=02205,Forest Herbarium,All rights reserved,"Adenium obesum. Flora of Thailand. Vol. 7. Part 1, 1999. Pg. 78. Accessed 2021-07-31",7,1
wfo-0000764069,ver-THA-0000764069.03,lanthom yawa (ลั่นทมยะวา)(Bangkok),0.0,ref-THA-0000764069,TH,THA,https://botany.dnp.go.th/eflora/floraspecies.html?tdcode=02205,Forest Herbarium,All rights reserved,"Adenium obesum. Flora of Thailand. Vol. 7. Part 1, 1999. Pg. 78. Accessed 2021-07-31",7,1
wfo-0000896264,ver-THA-0000896264.01,som lom (ส้มลม)(Northeastern),0.0,ref-THA-0000896264,TH,THA,https://botany.dnp.go.th/eflora/floraspecies.html?tdcode=02281,Forest Herbarium,All rights reserved,"Aganonerion polymorphum. Flora of Thailand. Vol. 7. Part 1, 1999. Pg. 141. Accessed 2021-07-31",7,1
wfo-0000897552,ver-THA-0000897552.01,khua nang nuan (เครือนางนวล)(Lampang),0.0,ref-THA-0000897552,TH,THA,https://botany.dnp.go.th/eflora/floraspecies.html?tdcode=02238,Forest Herbarium,All rights reserved,"Aganosma cymosa. Flora of Thailand. Vol. 7. Part 1, 1999. Pg. 105. Accessed 2021-07-31",7,1
wfo-0000899440,ver-THA-0000899440.01,khruea sai ton (เครือไส้ตัน)(Northern),0.0,ref-THA-0000899440,TH,THA,https://botany.dnp.go.th/eflora/floraspecies.html?tdcode=02239,Forest Herbarium,All rights reserved,"Aganosma marginata. Flora of Thailand. Vol. 7. Part 1, 1999. Pg. 106. Accessed 2021-07-31",7,1
wfo-0000899440,ver-THA-0000899440.02,duadin (เดื่อดิน)(Northern),0.0,ref-THA-0000899440,TH,THA,https://botany.dnp.go.th/eflora/floraspecies.html?tdcode=02239,Forest Herbarium,All rights reserved,"Aganosma marginata. Flora of Thailand. Vol. 7. Part 1, 1999. Pg. 106. Accessed 2021-07-31",7,1
wfo-0000899440,ver-THA-0000899440.03,duanam (เดื่อน้ำ)(Northern),0.0,ref-THA-0000899440,TH,THA,https://botany.dnp.go.th/eflora/floraspecies.html?tdcode=02239,Forest Herbarium,All rights reserved,"Aganosma marginata. Flora of Thailand. Vol. 7. Part 1, 1999. Pg. 106. Accessed 2021-07-31",7,1
wfo-0000899440,ver-THA-0000899440.04,duakhruea (เดื่อเครือ)(Northern),0.0,ref-THA-0000899440,TH,THA,https://botany.dnp.go.th/eflora/floraspecies.html?tdcode=02239,Forest Herbarium,All rights reserved,"Aganosma marginata. Flora of Thailand. Vol. 7. Part 1, 1999. Pg. 106. Accessed 2021-07-31",7,1
wfo-0000899440,ver-THA-0000899440.05,sai tan (ไส้ตัน)(Nakhon Ratchasima),0.0,ref-THA-0000899440,TH,THA,https://botany.dnp.go.th/eflora/floraspecies.html?tdcode=02239,Forest Herbarium,All rights reserved,"Aganosma marginata. Flora of Thailand. Vol. 7. Part 1, 1999. Pg. 106. Accessed 2021-07-31",7,1
wfo-0000899440,ver-THA-0000899440.06,yan dueai bit (ย่านเดือยบิด)(Surat Thani),0.0,ref-THA-0000899440,TH,THA,https://botany.dnp.go.th/eflora/floraspecies.html?tdcode=02239,Forest Herbarium,All rights reserved,"Aganosma marginata. Flora of Thailand. Vol. 7. Part 1, 1999. Pg. 106. Accessed 2021-07-31",7,1
wfo-0000899440,ver-THA-0000899440.07,dueai dip (เดือยดิบ)(Krabi),0.0,ref-THA-0000899440,TH,THA,https://botany.dnp.go.th/eflora/floraspecies.html?tdcode=02239,Forest Herbarium,All rights reserved,"Aganosma marginata. Flora of Thailand. Vol. 7. Part 1, 1999. Pg. 106. Accessed 2021-07-31",7,1
wfo-0000900824,ver-THA-0000900824.01,takloi yan (ตะคล้อยย่าน)(Surat Thani),0.0,ref-THA-0000900824,TH,THA,https://botany.dnp.go.th/eflora/floraspecies.html?tdcode=02242,Forest Herbarium,All rights reserved,"Aganosma wallichii. Flora of Thailand. Vol. 7. Part 1, 1999. Pg. 108. Accessed 2021-07-31",7,1
wfo-0000900824,ver-THA-0000900824.02,thao man daeng (เถามันแดง)(Surat Thani),0.0,ref-THA-0000900824,TH,THA,https://botany.dnp.go.th/eflora/floraspecies.html?tdcode=02242,Forest Herbarium,All rights reserved,"Aganosma wallichii. Flora of Thailand. Vol. 7. Part 1, 1999. Pg. 108. Accessed 2021-07-31",7,1
wfo-0000900824,ver-THA-0000900824.03,khao hai (เขาฮาย)(Pattani),0.0,ref-THA-0000900824,TH,THA,https://botany.dnp.go.th/eflora/floraspecies.html?tdcode=02242,Forest Herbarium,All rights reserved,"Aganosma wallichii. Flora of Thailand. Vol. 7. Part 1, 1999. Pg. 108. Accessed 2021-07-31",7,1
wfo-0000943159,ver-THA-0000943159.01,ban buri lueang (บานบุรีเหลือง)(General),0.0,ref-THA-0000943159,TH,THA,https://botany.dnp.go.th/eflora/floraspecies.html?tdcode=02197,Forest Herbarium,All rights reserved,"Allamanda cathartica. Flora of Thailand. Vol. 7. Part 1, 1999. Pg. 70. Accessed 2021-07-31",7,1
wfo-0000943361,ver-THA-0000943361.01,ban phara (บานพารา)(Bangkok),0.0,ref-THA-0000943361,TH,THA,https://botany.dnp.go.th/eflora/floraspecies.html?tdcode=02198,Forest Herbarium,All rights reserved,"Allamanda schottii. Flora of Thailand. Vol. 7. Part 1, 1999. Pg. 72. Accessed 2021-07-31",7,1
wfo-0000951882,ver-THA-0000951882.01,tin pet lek (ตีนเป็ดเล็ก)(Songkhla),0.0,ref-THA-0000951882,TH,THA,https://botany.dnp.go.th/eflora/floraspecies.html?tdcode=02163,Forest Herbarium,All rights reserved,"Alstonia angustiloba. Flora of Thailand. Vol. 7. Part 1, 1999. Pg. 42. Accessed 2021-07-31",7,1
wfo-0000952530,ver-THA-0000952530.01,kratung fa hai (กระทุ้งฟ้าไห้)(Peninsular),0.0,ref-THA-0000952530,TH,THA,https://botany.dnp.go.th/eflora/floraspecies.html?tdcode=02165,Forest Herbarium,All rights reserved,"Alstonia macrophylla. Flora of Thailand. Vol. 7. Part 1, 1999. Pg. 44. Accessed 2021-07-31",7,1
wfo-0000952530,ver-THA-0000952530.02,tung fa (ทุ้งฟ้า)(Peninsular),0.0,ref-THA-0000952530,TH,THA,https://botany.dnp.go.th/eflora/floraspecies.html?tdcode=02165,Forest Herbarium,All rights reserved,"Alstonia macrophylla. Flora of Thailand. Vol. 7. Part 1, 1999. Pg. 44. Accessed 2021-07-31",7,1
wfo-0000952530,ver-THA-0000952530.03,tung fa kai (ทุ้งฟ้าไก่)(Chumphon),0.0,ref-THA-0000952530,TH,THA,https://botany.dnp.go.th/eflora/floraspecies.html?tdcode=02165,Forest Herbarium,All rights reserved,"Alstonia macrophylla. Flora of Thailand. Vol. 7. Part 1, 1999. Pg. 44. Accessed 2021-07-31",7,1
wfo-0000952530,ver-THA-0000952530.04,tin thian (ตีนเทียน)(Songkhla),0.0,ref-THA-0000952530,TH,THA,https://botany.dnp.go.th/eflora/floraspecies.html?tdcode=02165,Forest Herbarium,All rights reserved,"Alstonia macrophylla. Flora of Thailand. Vol. 7. Part 1, 1999. Pg. 44. Accessed 2021-07-31",7,1
wfo-0001257712,ver-THA-0001257712.01,chaba (ชบา)(Central),0.0,ref-THA-0001257712,TH,THA,https://botany.dnp.go.th/eflora/floraspecies.html?tdcode=02168,Forest Herbarium,All rights reserved,"Alstonia scholaris. Flora of Thailand. Vol. 7. Part 1, 1999. Pg. 45. Accessed 2021-07-31",7,1
wfo-0001257712,ver-THA-0001257712.02,phayasataban (พญาสัตบรรณ)(Central),0.0,ref-THA-0001257712,TH,THA,https://botany.dnp.go.th/eflora/floraspecies.html?tdcode=02168,Forest Herbarium,All rights reserved,"Alstonia scholaris. Flora of Thailand. Vol. 7. Part 1, 1999. Pg. 45. Accessed 2021-07-31",7,1
wfo-0001257712,ver-THA-0001257712.03,tin pet (ตีนเป็ด)(Central),0.0,ref-THA-0001257712,TH,THA,https://botany.dnp.go.th/eflora/floraspecies.html?tdcode=02168,Forest Herbarium,All rights reserved,"Alstonia scholaris. Flora of Thailand. Vol. 7. Part 1, 1999. Pg. 45. Accessed 2021-07-31",7,1
wfo-0001257712,ver-THA-0001257712.04,tin pet khao (ตีนเป็ดขาว)(Yala),0.0,ref-THA-0001257712,TH,THA,https://botany.dnp.go.th/eflora/floraspecies.html?tdcode=02168,Forest Herbarium,All rights reserved,"Alstonia scholaris. Flora of Thailand. Vol. 7. Part 1, 1999. Pg. 45. Accessed 2021-07-31",7,1
wfo-0001257712,ver-THA-0001257712.05,"ba-sa (บะซา)(Malay-Yala, Pattani)",0.0,ref-THA-0001257712,TH,THA,https://botany.dnp.go.th/eflora/floraspecies.html?tdcode=02168,Forest Herbarium,All rights reserved,"Alstonia scholaris. Flora of Thailand. Vol. 7. Part 1, 1999. Pg. 45. Accessed 2021-07-31",7,1
wfo-0001257712,ver-THA-0001257712.06,"pu-la (ปูลา)(Malay-Yala, Pattani)",0.0,ref-THA-0001257712,TH,THA,https://botany.dnp.go.th/eflora/floraspecies.html?tdcode=02168,Forest Herbarium,All rights reserved,"Alstonia scholaris. Flora of Thailand. Vol. 7. Part 1, 1999. Pg. 45. Accessed 2021-07-31",7,1
wfo-0001257712,ver-THA-0001257712.07,"pu-lae (ปูแล)(Malay-Yala, Pattani)",0.0,ref-THA-0001257712,TH,THA,https://botany.dnp.go.th/eflora/floraspecies.html?tdcode=02168,Forest Herbarium,All rights reserved,"Alstonia scholaris. Flora of Thailand. Vol. 7. Part 1, 1999. Pg. 45. Accessed 2021-07-31",7,1
wfo-0001257712,ver-THA-0001257712.08,"sattaban (สัตบรรณ)(Central, Khmer-Chanthaburi)",0.0,ref-THA-0001257712,TH,THA,https://botany.dnp.go.th/eflora/floraspecies.html?tdcode=02168,Forest Herbarium,All rights reserved,"Alstonia scholaris. Flora of Thailand. Vol. 7. Part 1, 1999. Pg. 45. Accessed 2021-07-31",7,1
wfo-0000953059,ver-THA-0000953059.01,sia (เซียะ)(Peninsular),0.0,ref-THA-0000953059,TH,THA,https://botany.dnp.go.th/eflora/floraspecies.html?tdcode=02169,Forest Herbarium,All rights reserved,"Alstonia spatulata. Flora of Thailand. Vol. 7. Part 1, 1999. Pg. 46. Accessed 2021-07-31",7,1
wfo-0000953059,ver-THA-0000953059.02,tinpet phru (ตีนเป็ดพรุ)(Peninsular),0.0,ref-THA-0000953059,TH,THA,https://botany.dnp.go.th/eflora/floraspecies.html?tdcode=02169,Forest Herbarium,All rights reserved,"Alstonia spatulata. Flora of Thailand. Vol. 7. Part 1, 1999. Pg. 46. Accessed 2021-07-31",7,1
wfo-0000953059,ver-THA-0000953059.03,thia (เทียะ)(Peninsular),0.0,ref-THA-0000953059,TH,THA,https://botany.dnp.go.th/eflora/floraspecies.html?tdcode=02169,Forest Herbarium,All rights reserved,"Alstonia spatulata. Flora of Thailand. Vol. 7. Part 1, 1999. Pg. 46. Accessed 2021-07-31",7,1
wfo-0000956024,ver-THA-0000956024.01,"chalut (ชะลูด)(Central, Trat)",0.0,ref-THA-0000956024,TH,THA,https://botany.dnp.go.th/eflora/floraspecies.html?tdcode=02179,Forest Herbarium,All rights reserved,"Alyxia reinwardtii. Flora of Thailand. Vol. 7. Part 1, 1999. Pg. 55. Accessed 2021-07-31",7,1
wfo-0000956024,ver-THA-0000956024.02,lut (ลูด)(Pattani),0.0,ref-THA-0000956024,TH,THA,https://botany.dnp.go.th/eflora/floraspecies.html?tdcode=02179,Forest Herbarium,All rights reserved,"Alyxia reinwardtii. Flora of Thailand. Vol. 7. Part 1, 1999. Pg. 55. Accessed 2021-07-31",7,1
wfo-0000956024,ver-THA-0000956024.03,"nut (นูด)(Trang, Surat Thani)",0.0,ref-THA-0000956024,TH,THA,https://botany.dnp.go.th/eflora/floraspecies.html?tdcode=02179,Forest Herbarium,All rights reserved,"Alyxia reinwardtii. Flora of Thailand. Vol. 7. Part 1, 1999. Pg. 55. Accessed 2021-07-31",7,1
wfo-0000956428,ver-THA-0000956428.01,khruea khao muak (เครือข้าวมวก)(Chiang Mai),0.0,ref-THA-0000956428,TH,THA,https://botany.dnp.go.th/eflora/floraspecies.html?tdcode=02181,Forest Herbarium,All rights reserved,"Alyxia siamensis. Flora of Thailand. Vol. 7. Part 1, 1999. Pg. 58. Accessed 2021-07-31",7,1
wfo-0000957585,ver-THA-0000957585.01,khruea kio kha (เครือกิ่วคา)(Chiang Mai),0.0,ref-THA-0000957585,TH,THA,https://botany.dnp.go.th/eflora/floraspecies.html?tdcode=02262,Forest Herbarium,All rights reserved,"Amalocalyx microlobus. Flora of Thailand. Vol. 7. Part 1, 1999. Pg. 125. Accessed 2021-07-31",7,1
wfo-0000957585,ver-THA-0000957585.02,khruea khao nueng (เครือข้าวนึ่ง)(Chiang Mai),0.0,ref-THA-0000957585,TH,THA,https://botany.dnp.go.th/eflora/floraspecies.html?tdcode=02262,Forest Herbarium,All rights reserved,"Amalocalyx microlobus. Flora of Thailand. Vol. 7. Part 1, 1999. Pg. 125. Accessed 2021-07-31",7,1
wfo-0000957585,ver-THA-0000957585.03,yang samut (หยั่งสมุทร)(Chiang Mai),0.0,ref-THA-0000957585,TH,THA,https://botany.dnp.go.th/eflora/floraspecies.html?tdcode=02262,Forest Herbarium,All rights reserved,"Amalocalyx microlobus. Flora of Thailand. Vol. 7. Part 1, 1999. Pg. 125. Accessed 2021-07-31",7,1
wfo-0000957585,ver-THA-0000957585.04,taeng thuan (แตงเถื่อน)(Chiang Rai),0.0,ref-THA-0000957585,TH,THA,https://botany.dnp.go.th/eflora/floraspecies.html?tdcode=02262,Forest Herbarium,All rights reserved,"Amalocalyx microlobus. Flora of Thailand. Vol. 7. Part 1, 1999. Pg. 125. Accessed 2021-07-31",7,1
wfo-0000957585,ver-THA-0000957585.05,ma kha naeng (มะคะแนง)(Northern),0.0,ref-THA-0000957585,TH,THA,https://botany.dnp.go.th/eflora/floraspecies.html?tdcode=02262,Forest Herbarium,All rights reserved,"Amalocalyx microlobus. Flora of Thailand. Vol. 7. Part 1, 1999. Pg. 125. Accessed 2021-07-31",7,1
wfo-0000957585,ver-THA-0000957585.06,ma chinda (มะจินดา)(Northern),0.0,ref-THA-0000957585,TH,THA,https://botany.dnp.go.th/eflora/floraspecies.html?tdcode=02262,Forest Herbarium,All rights reserved,"Amalocalyx microlobus. Flora of Thailand. Vol. 7. Part 1, 1999. Pg. 125. Accessed 2021-07-31",7,1
wfo-0000957585,ver-THA-0000957585.07,som ma ngaeng (ส้มมะแง่ง)(Northern),0.0,ref-THA-0000957585,TH,THA,https://botany.dnp.go.th/eflora/floraspecies.html?tdcode=02262,Forest Herbarium,All rights reserved,"Amalocalyx microlobus. Flora of Thailand. Vol. 7. Part 1, 1999. Pg. 125. Accessed 2021-07-31",7,1
wfo-0000957585,ver-THA-0000957585.08,som chinda (ส้มจินดา)(Northern),0.0,ref-THA-0000957585,TH,THA,https://botany.dnp.go.th/eflora/floraspecies.html?tdcode=02262,Forest Herbarium,All rights reserved,"Amalocalyx microlobus. Flora of Thailand. Vol. 7. Part 1, 1999. Pg. 125. Accessed 2021-07-31",7,1
wfo-0000957585,ver-THA-0000957585.09,som chi (ส้มจี)(Northern),0.0,ref-THA-0000957585,TH,THA,https://botany.dnp.go.th/eflora/floraspecies.html?tdcode=02262,Forest Herbarium,All rights reserved,"Amalocalyx microlobus. Flora of Thailand. Vol. 7. Part 1, 1999. Pg. 125. Accessed 2021-07-31",7,1
wfo-0000957585,ver-THA-0000957585.10,som pong (ส้มป่อง)(Northern),0.0,ref-THA-0000957585,TH,THA,https://botany.dnp.go.th/eflora/floraspecies.html?tdcode=02262,Forest Herbarium,All rights reserved,"Amalocalyx microlobus. Flora of Thailand. Vol. 7. Part 1, 1999. Pg. 125. Accessed 2021-07-31",7,1
wfo-0000957585,ver-THA-0000957585.11,som sian (ส้มเสี้ยน)(Northern),0.0,ref-THA-0000957585,TH,THA,https://botany.dnp.go.th/eflora/floraspecies.html?tdcode=02262,Forest Herbarium,All rights reserved,"Amalocalyx microlobus. Flora of Thailand. Vol. 7. Part 1, 1999. Pg. 125. Accessed 2021-07-31",7,1
wfo-0000530896,ver-THA-0000530896.01,mai Khan (ไม้ขัน)(Peninsular),0.0,ref-THA-0000530896,TH,THA,https://botany.dnp.go.th/eflora/floraspecies.html?tdcode=02329,Forest Herbarium,All rights reserved,"Amesiodendron chinense. Flora of Thailand. Vol. 7. Part 1, 1999. Pg. 183. Accessed 2021-07-31",7,1
wfo-0000530896,ver-THA-0000530896.02,khan (ขัน)(Peninsular),0.0,ref-THA-0000530896,TH,THA,https://botany.dnp.go.th/eflora/floraspecies.html?tdcode=02329,Forest Herbarium,All rights reserved,"Amesiodendron chinense. Flora of Thailand. Vol. 7. Part 1, 1999. Pg. 183. Accessed 2021-07-31",7,1
wfo-0000216131,ver-THA-0000216131.01,phi-pha-du (พิผะดุ่)(Karen-Chiang Mai),0.0,ref-THA-0000216131,TH,THA,https://botany.dnp.go.th/eflora/floraspecies.html?tdcode=02268,Forest Herbarium,All rights reserved,"Anodendron paniculatum. Flora of Thailand. Vol. 7. Part 1, 1999. Pg. 129. Accessed 2021-07-31",7,1
wfo-0000216131,ver-THA-0000216131.02,yang nong thao (ยางน่องเถา)(Prachinburi),0.0,ref-THA-0000216131,TH,THA,https://botany.dnp.go.th/eflora/floraspecies.html?tdcode=02268,Forest Herbarium,All rights reserved,"Anodendron paniculatum. Flora of Thailand. Vol. 7. Part 1, 1999. Pg. 129. Accessed 2021-07-31",7,1
wfo-0000216131,ver-THA-0000216131.03,thao yang nong (เถายางน่อง)(Trat),0.0,ref-THA-0000216131,TH,THA,https://botany.dnp.go.th/eflora/floraspecies.html?tdcode=02268,Forest Herbarium,All rights reserved,"Anodendron paniculatum. Flora of Thailand. Vol. 7. Part 1, 1999. Pg. 129. Accessed 2021-07-31",7,1
wfo-0000216131,ver-THA-0000216131.04,yan tum (ย่านตุ่ม)(Trang),0.0,ref-THA-0000216131,TH,THA,https://botany.dnp.go.th/eflora/floraspecies.html?tdcode=02268,Forest Herbarium,All rights reserved,"Anodendron paniculatum. Flora of Thailand. Vol. 7. Part 1, 1999. Pg. 129. Accessed 2021-07-31",7,1
wfo-0000546980,ver-THA-0000546980.01,chang phueak (ช้างเผือก)(Northern),0.0,ref-THA-0000546980,TH,THA,https://botany.dnp.go.th/eflora/floraspecies.html?tdcode=02331,Forest Herbarium,All rights reserved,"Arfeuillea arborescens. Flora of Thailand. Vol. 7. Part 1, 1999. Pg. 185. Accessed 2021-07-31",7,1
wfo-0000546980,ver-THA-0000546980.02,talai khongkha (ตะไลคงคา)(Northern),0.0,ref-THA-0000546980,TH,THA,https://botany.dnp.go.th/eflora/floraspecies.html?tdcode=02331,Forest Herbarium,All rights reserved,"Arfeuillea arborescens. Flora of Thailand. Vol. 7. Part 1, 1999. Pg. 185. Accessed 2021-07-31",7,1
wfo-0000546980,ver-THA-0000546980.03,samui kui (สมุยกุย)(Eastern),0.0,ref-THA-0000546980,TH,THA,https://botany.dnp.go.th/eflora/floraspecies.html?tdcode=02331,Forest Herbarium,All rights reserved,"Arfeuillea arborescens. Flora of Thailand. Vol. 7. Part 1, 1999. Pg. 185. Accessed 2021-07-31",7,1
wfo-0000546980,ver-THA-0000546980.04,maklek maknoi (หมากเล็กหมากน้อย)(Southwestern),0.0,ref-THA-0000546980,TH,THA,https://botany.dnp.go.th/eflora/floraspecies.html?tdcode=02331,Forest Herbarium,All rights reserved,"Arfeuillea arborescens. Flora of Thailand. Vol. 7. Part 1, 1999. Pg. 185. Accessed 2021-07-31",7,1
wfo-0000546980,ver-THA-0000546980.05,talai (ตะไล)(Southwestern),0.0,ref-THA-0000546980,TH,THA,https://botany.dnp.go.th/eflora/floraspecies.html?tdcode=02331,Forest Herbarium,All rights reserved,"Arfeuillea arborescens. Flora of Thailand. Vol. 7. Part 1, 1999. Pg. 185. Accessed 2021-07-31",7,1
wfo-0000546980,ver-THA-0000546980.06,khongkha dueat (คงคาเดือด)(Central),0.0,ref-THA-0000546980,TH,THA,https://botany.dnp.go.th/eflora/floraspecies.html?tdcode=02331,Forest Herbarium,All rights reserved,"Arfeuillea arborescens. Flora of Thailand. Vol. 7. Part 1, 1999. Pg. 185. Accessed 2021-07-31",7,1
wfo-0000550703,ver-THA-0000550703.01,si puk dong (ซิปักดอง)(Northern),0.0,ref-THA-0000550703,TH,THA,https://botany.dnp.go.th/eflora/floraspecies.html?tdcode=02333,Forest Herbarium,All rights reserved,"Arytera litoralis. Flora of Thailand. Vol. 7. Part 1, 1999. Pg. 187. Accessed 2021-07-31",7,1
wfo-0000550703,ver-THA-0000550703.02,kho kan (คอก่าน)(South eastern),0.0,ref-THA-0000550703,TH,THA,https://botany.dnp.go.th/eflora/floraspecies.html?tdcode=02333,Forest Herbarium,All rights reserved,"Arytera litoralis. Flora of Thailand. Vol. 7. Part 1, 1999. Pg. 187. Accessed 2021-07-31",7,1
wfo-0000550703,ver-THA-0000550703.03,taet ling (แตดลิง)(Peninsular),0.0,ref-THA-0000550703,TH,THA,https://botany.dnp.go.th/eflora/floraspecies.html?tdcode=02333,Forest Herbarium,All rights reserved,"Arytera litoralis. Flora of Thailand. Vol. 7. Part 1, 1999. Pg. 187. Accessed 2021-07-31",7,1
wfo-0000550703,ver-THA-0000550703.04,sifan (สีฟัน)(Peninsular),0.0,ref-THA-0000550703,TH,THA,https://botany.dnp.go.th/eflora/floraspecies.html?tdcode=02333,Forest Herbarium,All rights reserved,"Arytera litoralis. Flora of Thailand. Vol. 7. Part 1, 1999. Pg. 187. Accessed 2021-07-31",7,1
wfo-0000550703,ver-THA-0000550703.05,thop thap (ถอบแถบ)(Peninsular),0.0,ref-THA-0000550703,TH,THA,https://botany.dnp.go.th/eflora/floraspecies.html?tdcode=02333,Forest Herbarium,All rights reserved,"Arytera litoralis. Flora of Thailand. Vol. 7. Part 1, 1999. Pg. 187. Accessed 2021-07-31",7,1
wfo-0000550703,ver-THA-0000550703.06,ka-lue-pa-ya-mo (กาลือปายาเมาะ)(Malay-Peninsular),0.0,ref-THA-0000550703,TH,THA,https://botany.dnp.go.th/eflora/floraspecies.html?tdcode=02333,Forest Herbarium,All rights reserved,"Arytera litoralis. Flora of Thailand. Vol. 7. Part 1, 1999. Pg. 187. Accessed 2021-07-31",7,1
wfo-0000321708,ver-THA-0000321708.01,hiranyika (หิรัญญิการ์)(Central),0.0,ref-THA-0000321708,TH,THA,https://botany.dnp.go.th/eflora/floraspecies.html?tdcode=02232,Forest Herbarium,All rights reserved,"Beaumontia grandiflora. Flora of Thailand. Vol. 7. Part 1, 1999. Pg. 101. Accessed 2021-07-31",7,1
wfo-0000321708,ver-THA-0000321708.02,tao tum yam chang (เถาตุ้มยำช้าง)(Northern),0.0,ref-THA-0000321708,TH,THA,https://botany.dnp.go.th/eflora/floraspecies.html?tdcode=02232,Forest Herbarium,All rights reserved,"Beaumontia grandiflora. Flora of Thailand. Vol. 7. Part 1, 1999. Pg. 101. Accessed 2021-07-31",7,1
wfo-0000321774,ver-THA-0000321774.01,muan tum (มวนตุ้ม)(Peninsular),0.0,ref-THA-0000321774,TH,THA,https://botany.dnp.go.th/eflora/floraspecies.html?tdcode=02233,Forest Herbarium,All rights reserved,"Beaumontia macrantha. Flora of Thailand. Vol. 7. Part 1, 1999. Pg. 101. Accessed 2021-07-31",7,1
wfo-0000587875,ver-THA-0000587875.01,luplip khruea (ลูบลีบเครือ)(Northern),0.0,ref-THA-0000587875,TH,THA,https://botany.dnp.go.th/eflora/floraspecies.html?tdcode=02335,Forest Herbarium,All rights reserved,"Cardiospermum halicacabum. Flora of Thailand. Vol. 7. Part 1, 1999. Pg. 189. Accessed 2021-07-31",7,1
wfo-0000587875,ver-THA-0000587875.02,ka khom (กะคอม)(Central),0.0,ref-THA-0000587875,TH,THA,https://botany.dnp.go.th/eflora/floraspecies.html?tdcode=02335,Forest Herbarium,All rights reserved,"Cardiospermum halicacabum. Flora of Thailand. Vol. 7. Part 1, 1999. Pg. 189. Accessed 2021-07-31",7,1
wfo-0000587875,ver-THA-0000587875.03,"khok kra om (โคกกระออม)(Central, Peninsular)",0.0,ref-THA-0000587875,TH,THA,https://botany.dnp.go.th/eflora/floraspecies.html?tdcode=02335,Forest Herbarium,All rights reserved,"Cardiospermum halicacabum. Flora of Thailand. Vol. 7. Part 1, 1999. Pg. 189. Accessed 2021-07-31",7,1
wfo-0000587875,ver-THA-0000587875.04,wiwi (วิวี)(Southeastern),0.0,ref-THA-0000587875,TH,THA,https://botany.dnp.go.th/eflora/floraspecies.html?tdcode=02335,Forest Herbarium,All rights reserved,"Cardiospermum halicacabum. Flora of Thailand. Vol. 7. Part 1, 1999. Pg. 189. Accessed 2021-07-31",7,1
wfo-0000587875,ver-THA-0000587875.05,pho om (โพออม)(Peninsular),0.0,ref-THA-0000587875,TH,THA,https://botany.dnp.go.th/eflora/floraspecies.html?tdcode=02335,Forest Herbarium,All rights reserved,"Cardiospermum halicacabum. Flora of Thailand. Vol. 7. Part 1, 1999. Pg. 189. Accessed 2021-07-31",7,1
wfo-0000803077,ver-THA-0000803077.01,manao mairuho (มะนาวไม่รู้โห่)(Central),0.0,ref-THA-0000803077,TH,THA,https://botany.dnp.go.th/eflora/floraspecies.html?tdcode=02127,Forest Herbarium,All rights reserved,"Carissa carandas. Flora of Thailand. Vol. 7. Part 1, 1999. Pg. 11. Accessed 2021-07-31",7,1
wfo-0000803077,ver-THA-0000803077.02,manao ho (มะนาวโห่)(Peninsular),0.0,ref-THA-0000803077,TH,THA,https://botany.dnp.go.th/eflora/floraspecies.html?tdcode=02127,Forest Herbarium,All rights reserved,"Carissa carandas. Flora of Thailand. Vol. 7. Part 1, 1999. Pg. 11. Accessed 2021-07-31",7,1
wfo-0000803077,ver-THA-0000803077.03,nam khihaet (หนามขี้แฮด)(Chiang Mai),0.0,ref-THA-0000803077,TH,THA,https://botany.dnp.go.th/eflora/floraspecies.html?tdcode=02127,Forest Herbarium,All rights reserved,"Carissa carandas. Flora of Thailand. Vol. 7. Part 1, 1999. Pg. 11. Accessed 2021-07-31",7,1
wfo-0000803077,ver-THA-0000803077.04,nam daeng (หนามแดง)(Bangkok),0.0,ref-THA-0000803077,TH,THA,https://botany.dnp.go.th/eflora/floraspecies.html?tdcode=02127,Forest Herbarium,All rights reserved,"Carissa carandas. Flora of Thailand. Vol. 7. Part 1, 1999. Pg. 11. Accessed 2021-07-31",7,1
wfo-0000803913,ver-THA-0000803913.01,khihaet (ขี้แฮด)(Northern),0.0,ref-THA-0000803913,TH,THA,https://botany.dnp.go.th/eflora/floraspecies.html?tdcode=02128,Forest Herbarium,All rights reserved,"Carissa spinarum. Flora of Thailand. Vol. 7. Part 1, 1999. Pg. 11. Accessed 2021-07-31",7,1
wfo-0000803913,ver-THA-0000803913.02,"phrom (พรม)(Northeastern, Central, Southeastern)",0.0,ref-THA-0000803913,TH,THA,https://botany.dnp.go.th/eflora/floraspecies.html?tdcode=02128,Forest Herbarium,All rights reserved,"Carissa spinarum. Flora of Thailand. Vol. 7. Part 1, 1999. Pg. 11. Accessed 2021-07-31",7,1
wfo-0000803913,ver-THA-0000803913.03,"nam phrom (หนามพรม)(Northeastern, Central, Southeastern)",0.0,ref-THA-0000803913,TH,THA,https://botany.dnp.go.th/eflora/floraspecies.html?tdcode=02128,Forest Herbarium,All rights reserved,"Carissa spinarum. Flora of Thailand. Vol. 7. Part 1, 1999. Pg. 11. Accessed 2021-07-31",7,1
wfo-0000834469,ver-THA-0000834469.01,rak khao (รักขาว)(Chanthaburi),0.0,ref-THA-0000834469,TH,THA,https://botany.dnp.go.th/eflora/floraspecies.html?tdcode=02192,Forest Herbarium,All rights reserved,"Cerbera manghas. Flora of Thailand. Vol. 7. Part 1, 1999. Pg. 67. Accessed 2021-07-31",7,1
wfo-0000834469,ver-THA-0000834469.02,pakpet (ปากเป็ด)(Trat),0.0,ref-THA-0000834469,TH,THA,https://botany.dnp.go.th/eflora/floraspecies.html?tdcode=02192,Forest Herbarium,All rights reserved,"Cerbera manghas. Flora of Thailand. Vol. 7. Part 1, 1999. Pg. 67. Accessed 2021-07-31",7,1
wfo-0000834469,ver-THA-0000834469.03,nien nu (เนียนหนู)(Satun),0.0,ref-THA-0000834469,TH,THA,https://botany.dnp.go.th/eflora/floraspecies.html?tdcode=02192,Forest Herbarium,All rights reserved,"Cerbera manghas. Flora of Thailand. Vol. 7. Part 1, 1999. Pg. 67. Accessed 2021-07-31",7,1
wfo-0000834469,ver-THA-0000834469.04,thian nu (เทียนหนู)(Satun),0.0,ref-THA-0000834469,TH,THA,https://botany.dnp.go.th/eflora/floraspecies.html?tdcode=02192,Forest Herbarium,All rights reserved,"Cerbera manghas. Flora of Thailand. Vol. 7. Part 1, 1999. Pg. 67. Accessed 2021-07-31",7,1
wfo-0000834469,ver-THA-0000834469.05,ma-ta-ko (มะตากอ)(Malay-Narathiwat),0.0,ref-THA-0000834469,TH,THA,https://botany.dnp.go.th/eflora/floraspecies.html?tdcode=02192,Forest Herbarium,All rights reserved,"Cerbera manghas. Flora of Thailand. Vol. 7. Part 1, 1999. Pg. 67. Accessed 2021-07-31",7,1
wfo-0000834592,ver-THA-0000834592.01,tinpet (ตีนเป็ด)(Central),0.0,ref-THA-0000834592,TH,THA,https://botany.dnp.go.th/eflora/floraspecies.html?tdcode=02193,Forest Herbarium,All rights reserved,"Cerbera odollam. Flora of Thailand. Vol. 7. Part 1, 1999. Pg. 67. Accessed 2021-07-31",7,1
wfo-0000834592,ver-THA-0000834592.02,tinpet nam (ตีนเป็ดน้ำ)(Central),0.0,ref-THA-0000834592,TH,THA,https://botany.dnp.go.th/eflora/floraspecies.html?tdcode=02193,Forest Herbarium,All rights reserved,"Cerbera odollam. Flora of Thailand. Vol. 7. Part 1, 1999. Pg. 67. Accessed 2021-07-31",7,1
wfo-0000834592,ver-THA-0000834592.03,tinpet thale (ตีนเป็ดทะเล)(Central),0.0,ref-THA-0000834592,TH,THA,https://botany.dnp.go.th/eflora/floraspecies.html?tdcode=02193,Forest Herbarium,All rights reserved,"Cerbera odollam. Flora of Thailand. Vol. 7. Part 1, 1999. Pg. 67. Accessed 2021-07-31",7,1
wfo-0000834592,ver-THA-0000834592.04,sang la (สั่งลา)(Krabi),0.0,ref-THA-0000834592,TH,THA,https://botany.dnp.go.th/eflora/floraspecies.html?tdcode=02193,Forest Herbarium,All rights reserved,"Cerbera odollam. Flora of Thailand. Vol. 7. Part 1, 1999. Pg. 67. Accessed 2021-07-31",7,1
wfo-0000843313,ver-THA-0000843313.01,kop nang (กอบนาง)(Nakhon Si Thammarat),0.0,ref-THA-0000843313,TH,THA,https://botany.dnp.go.th/eflora/floraspecies.html?tdcode=02145,Forest Herbarium,All rights reserved,"Chilocarpus costatus. Flora of Thailand. Vol. 7. Part 1, 1999. Pg. 26. Accessed 2021-07-31",7,1
wfo-0000843313,ver-THA-0000843313.02,yan kop nang (ย่านกอบนาง)(Nakhon Si Thammarat),0.0,ref-THA-0000843313,TH,THA,https://botany.dnp.go.th/eflora/floraspecies.html?tdcode=02145,Forest Herbarium,All rights reserved,"Chilocarpus costatus. Flora of Thailand. Vol. 7. Part 1, 1999. Pg. 26. Accessed 2021-07-31",7,1
wfo-0000843376,ver-THA-0000843376.01,yan plong thong (ย่านปล้องทอง)(Phangnga),0.0,ref-THA-0000843376,TH,THA,https://botany.dnp.go.th/eflora/floraspecies.html?tdcode=02146,Forest Herbarium,All rights reserved,"Chilocarpus denudatus. Flora of Thailand. Vol. 7. Part 1, 1999. Pg. 27. Accessed 2021-07-31",7,1
wfo-0000851743,ver-THA-0000851743.01,mok doi (โมกดอย)(Chiang Mai),0.0,ref-THA-0000851743,TH,THA,https://botany.dnp.go.th/eflora/floraspecies.html?tdcode=02258,Forest Herbarium,All rights reserved,"Chonemorpha griffithii. Flora of Thailand. Vol. 7. Part 1, 1999. Pg. 122. Accessed 2021-07-31",7,1
wfo-0000653170,ver-THA-0000653170.01,chumhet le (ชุมเห็ดเล)(Peninsular),0.0,ref-THA-0000653170,TH,THA,https://botany.dnp.go.th/eflora/floraspecies.html?tdcode=02345,Forest Herbarium,All rights reserved,"Dodonaea viscosa. Flora of Thailand. Vol. 7. Part 1, 1999. Pg. 196. Accessed 2021-07-31",7,1
wfo-0000653170,ver-THA-0000653170.02,mai khwat (ไม้ขวาด)(Peninsular),0.0,ref-THA-0000653170,TH,THA,https://botany.dnp.go.th/eflora/floraspecies.html?tdcode=02345,Forest Herbarium,All rights reserved,"Dodonaea viscosa. Flora of Thailand. Vol. 7. Part 1, 1999. Pg. 196. Accessed 2021-07-31",7,1
wfo-0000653170,ver-THA-0000653170.03,tam sao nu (ตำเสาหนู)(Peninsular),0.0,ref-THA-0000653170,TH,THA,https://botany.dnp.go.th/eflora/floraspecies.html?tdcode=02345,Forest Herbarium,All rights reserved,"Dodonaea viscosa. Flora of Thailand. Vol. 7. Part 1, 1999. Pg. 196. Accessed 2021-07-31",7,1
wfo-0000946993,ver-THA-0000946993.01,tinpet daeng (ตีนเป็ดแดง)(Peninsular),0.0,ref-THA-0000946993,TH,THA,https://botany.dnp.go.th/eflora/floraspecies.html?tdcode=02158,Forest Herbarium,All rights reserved,"Dyera costulata. Flora of Thailand. Vol. 7. Part 1, 1999. Pg. 37. Accessed 2021-07-31",7,1
wfo-0000946993,ver-THA-0000946993.02,"jelutong (เยลูตง)(Malay Yala, Pattani)",0.0,ref-THA-0000946993,TH,THA,https://botany.dnp.go.th/eflora/floraspecies.html?tdcode=02158,Forest Herbarium,All rights reserved,"Dyera costulata. Flora of Thailand. Vol. 7. Part 1, 1999. Pg. 37. Accessed 2021-07-31",7,1
wfo-0000946993,ver-THA-0000946993.03,lutong (ลูตง)(Malay-Narathiwat),0.0,ref-THA-0000946993,TH,THA,https://botany.dnp.go.th/eflora/floraspecies.html?tdcode=02158,Forest Herbarium,All rights reserved,"Dyera costulata. Flora of Thailand. Vol. 7. Part 1, 1999. Pg. 37. Accessed 2021-07-31",7,1
wfo-0000951905,ver-THA-0000951905.01,yan mu (ย่านมุ)(Nakhon Si Thammarat),0.0,ref-THA-0000951905,TH,THA,https://botany.dnp.go.th/eflora/floraspecies.html?tdcode=02253,Forest Herbarium,All rights reserved,"Epigynum auritum. Flora of Thailand. Vol. 7. Part 1, 1999. Pg. 118. Accessed 2021-07-31",7,1
wfo-0000951905,ver-THA-0000951905.02,khem tao (เข็มเถา)(Trat),0.0,ref-THA-0000951905,TH,THA,https://botany.dnp.go.th/eflora/floraspecies.html?tdcode=02253,Forest Herbarium,All rights reserved,"Epigynum auritum. Flora of Thailand. Vol. 7. Part 1, 1999. Pg. 118. Accessed 2021-07-31",7,1
wfo-0000951905,ver-THA-0000951905.03,mok khao (โมกเขา)(Surat Thani),0.0,ref-THA-0000951905,TH,THA,https://botany.dnp.go.th/eflora/floraspecies.html?tdcode=02253,Forest Herbarium,All rights reserved,"Epigynum auritum. Flora of Thailand. Vol. 7. Part 1, 1999. Pg. 118. Accessed 2021-07-31",7,1
wfo-0000951905,ver-THA-0000951905.04,nuan khao (นวลขาว)(Surat Thani),0.0,ref-THA-0000951905,TH,THA,https://botany.dnp.go.th/eflora/floraspecies.html?tdcode=02253,Forest Herbarium,All rights reserved,"Epigynum auritum. Flora of Thailand. Vol. 7. Part 1, 1999. Pg. 118. Accessed 2021-07-31",7,1
wfo-0000951905,ver-THA-0000951905.05,yan kho laen (ย่านคอแลน)(Trang),0.0,ref-THA-0000951905,TH,THA,https://botany.dnp.go.th/eflora/floraspecies.html?tdcode=02253,Forest Herbarium,All rights reserved,"Epigynum auritum. Flora of Thailand. Vol. 7. Part 1, 1999. Pg. 118. Accessed 2021-07-31",7,1
wfo-0000951914,ver-THA-0000951914.01,thao tao hai (เถาเต่าไห้)(Chanthaburi),0.0,ref-THA-0000951914,TH,THA,https://botany.dnp.go.th/eflora/floraspecies.html?tdcode=02255,Forest Herbarium,All rights reserved,"Epigynum griffithianum. Flora of Thailand. Vol. 7. Part 1, 1999. Pg. 121. Accessed 2021-07-31",7,1
wfo-0000951914,ver-THA-0000951914.02,malo (มะลอ)(Pattani),0.0,ref-THA-0000951914,TH,THA,https://botany.dnp.go.th/eflora/floraspecies.html?tdcode=02255,Forest Herbarium,All rights reserved,"Epigynum griffithianum. Flora of Thailand. Vol. 7. Part 1, 1999. Pg. 121. Accessed 2021-07-31",7,1
wfo-0000690971,ver-THA-0000690971.01,tan sian (ตานเสี้ยน)(Central),0.0,ref-THA-0000690971,TH,THA,https://botany.dnp.go.th/eflora/floraspecies.html?tdcode=02347,Forest Herbarium,All rights reserved,"Filicium decipiens. Flora of Thailand. Vol. 7. Part 1, 1999. Pg. 198. Accessed 2021-07-31",7,1
wfo-0000694102,ver-THA-0000694102.01,sadao daeng (สะเดาแดง)(Peninsular),0.0,ref-THA-0000694102,TH,THA,https://botany.dnp.go.th/eflora/floraspecies.html?tdcode=02349,Forest Herbarium,All rights reserved,"Ganophyllum falcatum. Flora of Thailand. Vol. 7. Part 1, 1999. Pg. 200. Accessed 2021-07-31",7,1
wfo-0000711881,ver-THA-0000711881.01,"taet ling (แตดลิง)(Southeastern, Peninsular)",0.0,ref-THA-0000711881,TH,THA,https://botany.dnp.go.th/eflora/floraspecies.html?tdcode=02355,Forest Herbarium,All rights reserved,"Guioa pleuropteris. Flora of Thailand. Vol. 7. Part 1, 1999. Pg. 205. Accessed 2021-07-31",7,1
wfo-0000711881,ver-THA-0000711881.02,dok din (ดอกดิน)(Peninsular),0.0,ref-THA-0000711881,TH,THA,https://botany.dnp.go.th/eflora/floraspecies.html?tdcode=02355,Forest Herbarium,All rights reserved,"Guioa pleuropteris. Flora of Thailand. Vol. 7. Part 1, 1999. Pg. 205. Accessed 2021-07-31",7,1
wfo-0000711881,ver-THA-0000711881.03,ka ling (กะลิง)(Peninsular),0.0,ref-THA-0000711881,TH,THA,https://botany.dnp.go.th/eflora/floraspecies.html?tdcode=02355,Forest Herbarium,All rights reserved,"Guioa pleuropteris. Flora of Thailand. Vol. 7. Part 1, 1999. Pg. 205. Accessed 2021-07-31",7,1
wfo-0000711881,ver-THA-0000711881.04,ka-lu-pae ya-mo (กะลูแปยาโมะ)(Malay-Narathiwat),0.0,ref-THA-0000711881,TH,THA,https://botany.dnp.go.th/eflora/floraspecies.html?tdcode=02355,Forest Herbarium,All rights reserved,"Guioa pleuropteris. Flora of Thailand. Vol. 7. Part 1, 1999. Pg. 205. Accessed 2021-07-31",7,1
wfo-0000711881,ver-THA-0000711881.05,ling (ลิง)(Peninsular),0.0,ref-THA-0000711881,TH,THA,https://botany.dnp.go.th/eflora/floraspecies.html?tdcode=02355,Forest Herbarium,All rights reserved,"Guioa pleuropteris. Flora of Thailand. Vol. 7. Part 1, 1999. Pg. 205. Accessed 2021-07-31",7,1
wfo-0000711881,ver-THA-0000711881.06,mai sifan (ไม้สีฟัน)(Peninsular),0.0,ref-THA-0000711881,TH,THA,https://botany.dnp.go.th/eflora/floraspecies.html?tdcode=02355,Forest Herbarium,All rights reserved,"Guioa pleuropteris. Flora of Thailand. Vol. 7. Part 1, 1999. Pg. 205. Accessed 2021-07-31",7,1
wfo-0000711881,ver-THA-0000711881.07,pa tae ling (พะแต้ลิง)(Peninsular),0.0,ref-THA-0000711881,TH,THA,https://botany.dnp.go.th/eflora/floraspecies.html?tdcode=02355,Forest Herbarium,All rights reserved,"Guioa pleuropteris. Flora of Thailand. Vol. 7. Part 1, 1999. Pg. 205. Accessed 2021-07-31",7,1
wfo-0000711881,ver-THA-0000711881.08,sifan (สีฟัน)(Peninsular),0.0,ref-THA-0000711881,TH,THA,https://botany.dnp.go.th/eflora/floraspecies.html?tdcode=02355,Forest Herbarium,All rights reserved,"Guioa pleuropteris. Flora of Thailand. Vol. 7. Part 1, 1999. Pg. 205. Accessed 2021-07-31",7,1
wfo-0000711881,ver-THA-0000711881.09,som ling (ส้มลิง)(Peninsular),0.0,ref-THA-0000711881,TH,THA,https://botany.dnp.go.th/eflora/floraspecies.html?tdcode=02355,Forest Herbarium,All rights reserved,"Guioa pleuropteris. Flora of Thailand. Vol. 7. Part 1, 1999. Pg. 205. Accessed 2021-07-31",7,1
wfo-0000711881,ver-THA-0000711881.10,thop taep (ถอบแถบ)(Peninsular),0.0,ref-THA-0000711881,TH,THA,https://botany.dnp.go.th/eflora/floraspecies.html?tdcode=02355,Forest Herbarium,All rights reserved,"Guioa pleuropteris. Flora of Thailand. Vol. 7. Part 1, 1999. Pg. 205. Accessed 2021-07-31",7,1
wfo-0000715815,ver-THA-0000715815.01,hang kaen (หางแก่น)(Northern),0.0,ref-THA-0000715815,TH,THA,https://botany.dnp.go.th/eflora/floraspecies.html?tdcode=02357,Forest Herbarium,All rights reserved,"Harpullia arborea. Flora of Thailand. Vol. 7. Part 1, 1999. Pg. 209. Accessed 2021-07-31",7,1
wfo-0000715815,ver-THA-0000715815.02,hom klai dong (หอมไกลดง)(Northern),0.0,ref-THA-0000715815,TH,THA,https://botany.dnp.go.th/eflora/floraspecies.html?tdcode=02357,Forest Herbarium,All rights reserved,"Harpullia arborea. Flora of Thailand. Vol. 7. Part 1, 1999. Pg. 209. Accessed 2021-07-31",7,1
wfo-0000715815,ver-THA-0000715815.03,krapok ma (กระโปกหมา)(Northern),0.0,ref-THA-0000715815,TH,THA,https://botany.dnp.go.th/eflora/floraspecies.html?tdcode=02357,Forest Herbarium,All rights reserved,"Harpullia arborea. Flora of Thailand. Vol. 7. Part 1, 1999. Pg. 209. Accessed 2021-07-31",7,1
wfo-0000715815,ver-THA-0000715815.04,"krapok ling (กระโปกลิง)(Northeastern, Central)",0.0,ref-THA-0000715815,TH,THA,https://botany.dnp.go.th/eflora/floraspecies.html?tdcode=02357,Forest Herbarium,All rights reserved,"Harpullia arborea. Flora of Thailand. Vol. 7. Part 1, 1999. Pg. 209. Accessed 2021-07-31",7,1
wfo-0000715826,ver-THA-0000715826.01,ba han than (บาหานธาร)(Northern),0.0,ref-THA-0000715826,TH,THA,https://botany.dnp.go.th/eflora/floraspecies.html?tdcode=02358,Forest Herbarium,All rights reserved,"Harpullia cupanioides. Flora of Thailand. Vol. 7. Part 1, 1999. Pg. 211. Accessed 2021-07-31",7,1
wfo-0000715826,ver-THA-0000715826.02,khang khao (ขางขาว)(Northern),0.0,ref-THA-0000715826,TH,THA,https://botany.dnp.go.th/eflora/floraspecies.html?tdcode=02358,Forest Herbarium,All rights reserved,"Harpullia cupanioides. Flora of Thailand. Vol. 7. Part 1, 1999. Pg. 211. Accessed 2021-07-31",7,1
wfo-0000715826,ver-THA-0000715826.03,luk kapok ma (ลูกกะโปกม้า)(Southeastern),0.0,ref-THA-0000715826,TH,THA,https://botany.dnp.go.th/eflora/floraspecies.html?tdcode=02358,Forest Herbarium,All rights reserved,"Harpullia cupanioides. Flora of Thailand. Vol. 7. Part 1, 1999. Pg. 211. Accessed 2021-07-31",7,1
wfo-0000715826,ver-THA-0000715826.04,mai phrik pa (ไม้พริกป่า)(Southeastern),0.0,ref-THA-0000715826,TH,THA,https://botany.dnp.go.th/eflora/floraspecies.html?tdcode=02358,Forest Herbarium,All rights reserved,"Harpullia cupanioides. Flora of Thailand. Vol. 7. Part 1, 1999. Pg. 211. Accessed 2021-07-31",7,1
wfo-0000715826,ver-THA-0000715826.05,ngonkai dong (หงอนไก่ดง)(Peninsular),0.0,ref-THA-0000715826,TH,THA,https://botany.dnp.go.th/eflora/floraspecies.html?tdcode=02358,Forest Herbarium,All rights reserved,"Harpullia cupanioides. Flora of Thailand. Vol. 7. Part 1, 1999. Pg. 211. Accessed 2021-07-31",7,1
wfo-0000982759,ver-THA-0000982759.01,num nom suea (น้ำนมเสือ)(Phitsanulok),0.0,ref-THA-0000982759,TH,THA,https://botany.dnp.go.th/eflora/floraspecies.html?tdcode=02200,Forest Herbarium,All rights reserved,"Holarrhena curtisii. Flora of Thailand. Vol. 7. Part 1, 1999. Pg. 73. Accessed 2021-07-31",7,1
wfo-0000982759,ver-THA-0000982759.02,mok noi (โมกน้อย)(Northern),0.0,ref-THA-0000982759,TH,THA,https://botany.dnp.go.th/eflora/floraspecies.html?tdcode=02200,Forest Herbarium,All rights reserved,"Holarrhena curtisii. Flora of Thailand. Vol. 7. Part 1, 1999. Pg. 73. Accessed 2021-07-31",7,1
wfo-0000982759,ver-THA-0000982759.03,phut na (พุดนา)(Central),0.0,ref-THA-0000982759,TH,THA,https://botany.dnp.go.th/eflora/floraspecies.html?tdcode=02200,Forest Herbarium,All rights reserved,"Holarrhena curtisii. Flora of Thailand. Vol. 7. Part 1, 1999. Pg. 73. Accessed 2021-07-31",7,1
wfo-0000982759,ver-THA-0000982759.04,phut tung (พุดทุ่ง)(Central),0.0,ref-THA-0000982759,TH,THA,https://botany.dnp.go.th/eflora/floraspecies.html?tdcode=02200,Forest Herbarium,All rights reserved,"Holarrhena curtisii. Flora of Thailand. Vol. 7. Part 1, 1999. Pg. 73. Accessed 2021-07-31",7,1
wfo-0000982759,ver-THA-0000982759.05,phut rak sah (พุทธรักษา)(Surat Thani),0.0,ref-THA-0000982759,TH,THA,https://botany.dnp.go.th/eflora/floraspecies.html?tdcode=02200,Forest Herbarium,All rights reserved,"Holarrhena curtisii. Flora of Thailand. Vol. 7. Part 1, 1999. Pg. 73. Accessed 2021-07-31",7,1
wfo-0000982759,ver-THA-0000982759.06,hat sakhun yai (หัสคุณใหญ่)(Surat Thani),0.0,ref-THA-0000982759,TH,THA,https://botany.dnp.go.th/eflora/floraspecies.html?tdcode=02200,Forest Herbarium,All rights reserved,"Holarrhena curtisii. Flora of Thailand. Vol. 7. Part 1, 1999. Pg. 73. Accessed 2021-07-31",7,1
wfo-0000982759,ver-THA-0000982759.07,hat sakhun tet (หัสคุณเทศ)(Phangnga),0.0,ref-THA-0000982759,TH,THA,https://botany.dnp.go.th/eflora/floraspecies.html?tdcode=02200,Forest Herbarium,All rights reserved,"Holarrhena curtisii. Flora of Thailand. Vol. 7. Part 1, 1999. Pg. 73. Accessed 2021-07-31",7,1
wfo-0000982759,ver-THA-0000982759.08,sap pha khun (สรรพคุณ)(Songkhla),0.0,ref-THA-0000982759,TH,THA,https://botany.dnp.go.th/eflora/floraspecies.html?tdcode=02200,Forest Herbarium,All rights reserved,"Holarrhena curtisii. Flora of Thailand. Vol. 7. Part 1, 1999. Pg. 73. Accessed 2021-07-31",7,1
wfo-0000982759,ver-THA-0000982759.09,mok tia (โมกเตี้ย)(Peninsular),0.0,ref-THA-0000982759,TH,THA,https://botany.dnp.go.th/eflora/floraspecies.html?tdcode=02200,Forest Herbarium,All rights reserved,"Holarrhena curtisii. Flora of Thailand. Vol. 7. Part 1, 1999. Pg. 73. Accessed 2021-07-31",7,1
wfo-0000982782,ver-THA-0000982782.01,mok man (โมกมัน)(Central),0.0,ref-THA-0000982782,TH,THA,https://botany.dnp.go.th/eflora/floraspecies.html?tdcode=02201,Forest Herbarium,All rights reserved,"Holarrhena pubescens. Flora of Thailand. Vol. 7. Part 1, 1999. Pg. 75. Accessed 2021-07-31",7,1
wfo-0000982782,ver-THA-0000982782.02,mok yai (โมกใหญ่)(Central),0.0,ref-THA-0000982782,TH,THA,https://botany.dnp.go.th/eflora/floraspecies.html?tdcode=02201,Forest Herbarium,All rights reserved,"Holarrhena pubescens. Flora of Thailand. Vol. 7. Part 1, 1999. Pg. 75. Accessed 2021-07-31",7,1
wfo-0000982782,ver-THA-0000982782.03,mok luang (โมกหลวง)(Central),0.0,ref-THA-0000982782,TH,THA,https://botany.dnp.go.th/eflora/floraspecies.html?tdcode=02201,Forest Herbarium,All rights reserved,"Holarrhena pubescens. Flora of Thailand. Vol. 7. Part 1, 1999. Pg. 75. Accessed 2021-07-31",7,1
wfo-0000982782,ver-THA-0000982782.04,mok man luang (โมกมันหลวง)(Central),0.0,ref-THA-0000982782,TH,THA,https://botany.dnp.go.th/eflora/floraspecies.html?tdcode=02201,Forest Herbarium,All rights reserved,"Holarrhena pubescens. Flora of Thailand. Vol. 7. Part 1, 1999. Pg. 75. Accessed 2021-07-31",7,1
wfo-0000982782,ver-THA-0000982782.05,phuttha raksa (พุทธรักษา)(Phetchaburi),0.0,ref-THA-0000982782,TH,THA,https://botany.dnp.go.th/eflora/floraspecies.html?tdcode=02201,Forest Herbarium,All rights reserved,"Holarrhena pubescens. Flora of Thailand. Vol. 7. Part 1, 1999. Pg. 75. Accessed 2021-07-31",7,1
wfo-0000982782,ver-THA-0000982782.06,nam nua (หนามเนื้อ)(Shan-Northern),0.0,ref-THA-0000982782,TH,THA,https://botany.dnp.go.th/eflora/floraspecies.html?tdcode=02201,Forest Herbarium,All rights reserved,"Holarrhena pubescens. Flora of Thailand. Vol. 7. Part 1, 1999. Pg. 75. Accessed 2021-07-31",7,1
wfo-0000215683,ver-THA-0000215683.01,yang khao (ยางขาว)(Chanthaburi),0.0,ref-THA-0000215683,TH,THA,https://botany.dnp.go.th/eflora/floraspecies.html?tdcode=02143,Forest Herbarium,All rights reserved,"Hunteria zeylanica. Flora of Thailand. Vol. 7. Part 1, 1999. Pg. 24. Accessed 2021-07-31",7,1
wfo-0000217289,ver-THA-0000217289.01,kruea chen (เครือเจ็น)(Chiang Mai),0.0,ref-THA-0000217289,TH,THA,https://botany.dnp.go.th/eflora/floraspecies.html?tdcode=02247,Forest Herbarium,All rights reserved,"Ichnocarpus frutescens. Flora of Thailand. Vol. 7. Part 1, 1999. Pg. 113. Accessed 2021-07-31",7,1
wfo-0000217289,ver-THA-0000217289.02,chai song (ชัยสง)(Loei),0.0,ref-THA-0000217289,TH,THA,https://botany.dnp.go.th/eflora/floraspecies.html?tdcode=02247,Forest Herbarium,All rights reserved,"Ichnocarpus frutescens. Flora of Thailand. Vol. 7. Part 1, 1999. Pg. 113. Accessed 2021-07-31",7,1
wfo-0000217289,ver-THA-0000217289.03,khruea sut (เครือซุด)(Loei),0.0,ref-THA-0000217289,TH,THA,https://botany.dnp.go.th/eflora/floraspecies.html?tdcode=02247,Forest Herbarium,All rights reserved,"Ichnocarpus frutescens. Flora of Thailand. Vol. 7. Part 1, 1999. Pg. 113. Accessed 2021-07-31",7,1
wfo-0000217289,ver-THA-0000217289.04,khruea sut daeng (เครือซุดแดง)(Loei),0.0,ref-THA-0000217289,TH,THA,https://botany.dnp.go.th/eflora/floraspecies.html?tdcode=02247,Forest Herbarium,All rights reserved,"Ichnocarpus frutescens. Flora of Thailand. Vol. 7. Part 1, 1999. Pg. 113. Accessed 2021-07-31",7,1
wfo-0000217289,ver-THA-0000217289.05,thao yot daeng (เถายอดแดง)(Ang Thong),0.0,ref-THA-0000217289,TH,THA,https://botany.dnp.go.th/eflora/floraspecies.html?tdcode=02247,Forest Herbarium,All rights reserved,"Ichnocarpus frutescens. Flora of Thailand. Vol. 7. Part 1, 1999. Pg. 113. Accessed 2021-07-31",7,1
wfo-0000217289,ver-THA-0000217289.06,hun nam (หุนน้ำ)(Saraburi),0.0,ref-THA-0000217289,TH,THA,https://botany.dnp.go.th/eflora/floraspecies.html?tdcode=02247,Forest Herbarium,All rights reserved,"Ichnocarpus frutescens. Flora of Thailand. Vol. 7. Part 1, 1999. Pg. 113. Accessed 2021-07-31",7,1
wfo-0000217289,ver-THA-0000217289.07,thao wan daeng (เถาวัลย์แดง)(Chon Buri),0.0,ref-THA-0000217289,TH,THA,https://botany.dnp.go.th/eflora/floraspecies.html?tdcode=02247,Forest Herbarium,All rights reserved,"Ichnocarpus frutescens. Flora of Thailand. Vol. 7. Part 1, 1999. Pg. 113. Accessed 2021-07-31",7,1
wfo-0000217289,ver-THA-0000217289.08,hua khwan (หัวขวาน)(Chon Buri),0.0,ref-THA-0000217289,TH,THA,https://botany.dnp.go.th/eflora/floraspecies.html?tdcode=02247,Forest Herbarium,All rights reserved,"Ichnocarpus frutescens. Flora of Thailand. Vol. 7. Part 1, 1999. Pg. 113. Accessed 2021-07-31",7,1
wfo-0000217289,ver-THA-0000217289.09,tao hai (เต่าไห้)(Trat),0.0,ref-THA-0000217289,TH,THA,https://botany.dnp.go.th/eflora/floraspecies.html?tdcode=02247,Forest Herbarium,All rights reserved,"Ichnocarpus frutescens. Flora of Thailand. Vol. 7. Part 1, 1999. Pg. 113. Accessed 2021-07-31",7,1
wfo-0000217318,ver-THA-0000217318.01,yan ta suea (ย่านตาเสือ)(Peninsular),0.0,ref-THA-0000217318,TH,THA,https://botany.dnp.go.th/eflora/floraspecies.html?tdcode=02250,Forest Herbarium,All rights reserved,"Ichnocarpus serpyllifolius. Flora of Thailand. Vol. 7. Part 1, 1999. Pg. 117. Accessed 2021-07-31",7,1
wfo-0000220959,ver-THA-0000220959.01,ba-du-bu-wae (บาดูบูแว)(Malay-Narathiwat),0.0,ref-THA-0000220959,TH,THA,https://botany.dnp.go.th/eflora/floraspecies.html?tdcode=02220,Forest Herbarium,All rights reserved,"Kibatalia arborea. Flora of Thailand. Vol. 7. Part 1, 1999. Pg. 91. Accessed 2021-07-31",7,1
wfo-0000220969,ver-THA-0000220969.01,nga chang (งาช้าง)(Surat Thani),0.0,ref-THA-0000220969,TH,THA,https://botany.dnp.go.th/eflora/floraspecies.html?tdcode=02221,Forest Herbarium,All rights reserved,"Kibatalia laurifolia. Flora of Thailand. Vol. 7. Part 1, 1999. Pg. 91. Accessed 2021-07-31",7,1
wfo-0000220973,ver-THA-0000220973.01,muk yai (มูกใหญ่)(Northern),0.0,ref-THA-0000220973,TH,THA,https://botany.dnp.go.th/eflora/floraspecies.html?tdcode=02222,Forest Herbarium,All rights reserved,"Kibatalia macrophylla. Flora of Thailand. Vol. 7. Part 1, 1999. Pg. 92. Accessed 2021-07-31",7,1
wfo-0000221354,ver-THA-0000221354.01,madi khwai (มะดีควาย)(Northern),0.0,ref-THA-0000221354,TH,THA,https://botany.dnp.go.th/eflora/floraspecies.html?tdcode=02185,Forest Herbarium,All rights reserved,"Kopsia arborea. Flora of Thailand. Vol. 7. Part 1, 1999. Pg. 61. Accessed 2021-07-31",7,1
wfo-0000221354,ver-THA-0000221354.02,phut dong (พุดดง)(Chaiyaphum),0.0,ref-THA-0000221354,TH,THA,https://botany.dnp.go.th/eflora/floraspecies.html?tdcode=02185,Forest Herbarium,All rights reserved,"Kopsia arborea. Flora of Thailand. Vol. 7. Part 1, 1999. Pg. 61. Accessed 2021-07-31",7,1
wfo-0001038657,ver-THA-0001038657.01,cham ma liang (ชำมะเลียง)(General),0.0,ref-THA-0001038657,TH,THA,https://botany.dnp.go.th/eflora/floraspecies.html?tdcode=02361,Forest Herbarium,All rights reserved,"Lepisanthes fruticosa. Flora of Thailand. Vol. 7. Part 1, 1999. Pg. 213. Accessed 2021-07-31",7,1
wfo-0001038657,ver-THA-0001038657.02,ma thao (มะเถ้า)(Northern),0.0,ref-THA-0001038657,TH,THA,https://botany.dnp.go.th/eflora/floraspecies.html?tdcode=02361,Forest Herbarium,All rights reserved,"Lepisanthes fruticosa. Flora of Thailand. Vol. 7. Part 1, 1999. Pg. 213. Accessed 2021-07-31",7,1
wfo-0001038657,ver-THA-0001038657.03,phu wiang (พูเวียง)(Eastern),0.0,ref-THA-0001038657,TH,THA,https://botany.dnp.go.th/eflora/floraspecies.html?tdcode=02361,Forest Herbarium,All rights reserved,"Lepisanthes fruticosa. Flora of Thailand. Vol. 7. Part 1, 1999. Pg. 213. Accessed 2021-07-31",7,1
wfo-0001038657,ver-THA-0001038657.04,cha ma liang ban (ชะมะเลียงบ้าน)(Central),0.0,ref-THA-0001038657,TH,THA,https://botany.dnp.go.th/eflora/floraspecies.html?tdcode=02361,Forest Herbarium,All rights reserved,"Lepisanthes fruticosa. Flora of Thailand. Vol. 7. Part 1, 1999. Pg. 213. Accessed 2021-07-31",7,1
wfo-0001038657,ver-THA-0001038657.05,phum riang suan (พุมเรียงสวน)(Central),0.0,ref-THA-0001038657,TH,THA,https://botany.dnp.go.th/eflora/floraspecies.html?tdcode=02361,Forest Herbarium,All rights reserved,"Lepisanthes fruticosa. Flora of Thailand. Vol. 7. Part 1, 1999. Pg. 213. Accessed 2021-07-31",7,1
wfo-0001038657,ver-THA-0001038657.06,"khom riang (โคมเรียง)(Southeastern, Peninsular)",0.0,ref-THA-0001038657,TH,THA,https://botany.dnp.go.th/eflora/floraspecies.html?tdcode=02361,Forest Herbarium,All rights reserved,"Lepisanthes fruticosa. Flora of Thailand. Vol. 7. Part 1, 1999. Pg. 213. Accessed 2021-07-31",7,1
wfo-0001038657,ver-THA-0001038657.07,phumriang (พุมเรียง)(Peninsular),0.0,ref-THA-0001038657,TH,THA,https://botany.dnp.go.th/eflora/floraspecies.html?tdcode=02361,Forest Herbarium,All rights reserved,"Lepisanthes fruticosa. Flora of Thailand. Vol. 7. Part 1, 1999. Pg. 213. Accessed 2021-07-31",7,1
wfo-0001105703,ver-THA-0001105703.01,kham nam (คำน้ำ)(Loei),0.0,ref-THA-0001105703,TH,THA,https://botany.dnp.go.th/eflora/floraspecies.html?tdcode=02305,Forest Herbarium,All rights reserved,"Lysimachia debilis. Flora of Thailand. Vol. 7. Part 1, 1999. Pg. 161. Accessed 2021-07-31",7,1
wfo-0001105703,ver-THA-0001105703.02,som pho noi (ส้มพอน้อย)(Loei),0.0,ref-THA-0001105703,TH,THA,https://botany.dnp.go.th/eflora/floraspecies.html?tdcode=02305,Forest Herbarium,All rights reserved,"Lysimachia debilis. Flora of Thailand. Vol. 7. Part 1, 1999. Pg. 161. Accessed 2021-07-31",7,1
wfo-0001105587,ver-THA-0001105587.01,dok mai wai (ดอกไม้ไหว)(Chiang Mai),0.0,ref-THA-0001105587,TH,THA,https://botany.dnp.go.th/eflora/floraspecies.html?tdcode=02297,Forest Herbarium,All rights reserved,"Lysimachia lancifolia. Flora of Thailand. Vol. 7. Part 1, 1999. Pg. 157. Accessed 2021-07-31",7,1
wfo-0000240135,ver-THA-0000240135.01,khruea-khang-puk (เครือขางปุก)(Shan-Mae Hong Son),0.0,ref-THA-0000240135,TH,THA,https://botany.dnp.go.th/eflora/floraspecies.html?tdcode=02132,Forest Herbarium,All rights reserved,"Melodinus cambodiensis. Flora of Thailand. Vol. 7. Part 1, 1999. Pg. 16. Accessed 2021-07-31",7,1
wfo-0000240143,ver-THA-0000240143.01,nat-to-che (นัดโต๊ะเจ๊ะ)(Karen-Chiang Mai),0.0,ref-THA-0000240143,TH,THA,https://botany.dnp.go.th/eflora/floraspecies.html?tdcode=02133,Forest Herbarium,All rights reserved,"Melodinus cochinchinensis. Flora of Thailand. Vol. 7. Part 1, 1999. Pg. 16. Accessed 2021-07-31",7,1
wfo-0000240143,ver-THA-0000240143.02,ham moei (หำเมย)(Loei),0.0,ref-THA-0000240143,TH,THA,https://botany.dnp.go.th/eflora/floraspecies.html?tdcode=02133,Forest Herbarium,All rights reserved,"Melodinus cochinchinensis. Flora of Thailand. Vol. 7. Part 1, 1999. Pg. 16. Accessed 2021-07-31",7,1
wfo-0001135240,ver-THA-0001135240.01,cha ma lamyai (ชะมะลำไย)(Northern),0.0,ref-THA-0001135240,TH,THA,https://botany.dnp.go.th/eflora/floraspecies.html?tdcode=02368,Forest Herbarium,All rights reserved,"Mischocarpus pentapetalus. Flora of Thailand. Vol. 7. Part 1, 1999. Pg. 222. Accessed 2021-07-31",7,1
wfo-0001135240,ver-THA-0001135240.02,mai khuea dong (ไม้เกื้อดง)(Northern),0.0,ref-THA-0001135240,TH,THA,https://botany.dnp.go.th/eflora/floraspecies.html?tdcode=02368,Forest Herbarium,All rights reserved,"Mischocarpus pentapetalus. Flora of Thailand. Vol. 7. Part 1, 1999. Pg. 222. Accessed 2021-07-31",7,1
wfo-0001135240,ver-THA-0001135240.03,tho phra ne (ตอพระเน)(Northern),0.0,ref-THA-0001135240,TH,THA,https://botany.dnp.go.th/eflora/floraspecies.html?tdcode=02368,Forest Herbarium,All rights reserved,"Mischocarpus pentapetalus. Flora of Thailand. Vol. 7. Part 1, 1999. Pg. 222. Accessed 2021-07-31",7,1
wfo-0001135240,ver-THA-0001135240.04,lamyai dong (ลําใยดง)(Northeastern),0.0,ref-THA-0001135240,TH,THA,https://botany.dnp.go.th/eflora/floraspecies.html?tdcode=02368,Forest Herbarium,All rights reserved,"Mischocarpus pentapetalus. Flora of Thailand. Vol. 7. Part 1, 1999. Pg. 222. Accessed 2021-07-31",7,1
wfo-0001135240,ver-THA-0001135240.05,mai kho laen (ไม้คอแลน)(Northeastern),0.0,ref-THA-0001135240,TH,THA,https://botany.dnp.go.th/eflora/floraspecies.html?tdcode=02368,Forest Herbarium,All rights reserved,"Mischocarpus pentapetalus. Flora of Thailand. Vol. 7. Part 1, 1999. Pg. 222. Accessed 2021-07-31",7,1
wfo-0001135240,ver-THA-0001135240.06,sa kaeo (สาแก้ว)(Northeastern),0.0,ref-THA-0001135240,TH,THA,https://botany.dnp.go.th/eflora/floraspecies.html?tdcode=02368,Forest Herbarium,All rights reserved,"Mischocarpus pentapetalus. Flora of Thailand. Vol. 7. Part 1, 1999. Pg. 222. Accessed 2021-07-31",7,1
wfo-0001135240,ver-THA-0001135240.07,pha bang (พะบ้าง)(Eastern),0.0,ref-THA-0001135240,TH,THA,https://botany.dnp.go.th/eflora/floraspecies.html?tdcode=02368,Forest Herbarium,All rights reserved,"Mischocarpus pentapetalus. Flora of Thailand. Vol. 7. Part 1, 1999. Pg. 222. Accessed 2021-07-31",7,1
wfo-0001135240,ver-THA-0001135240.08,taet ling (แตดลิง)(Southeastern),0.0,ref-THA-0001135240,TH,THA,https://botany.dnp.go.th/eflora/floraspecies.html?tdcode=02368,Forest Herbarium,All rights reserved,"Mischocarpus pentapetalus. Flora of Thailand. Vol. 7. Part 1, 1999. Pg. 222. Accessed 2021-07-31",7,1
wfo-0001135240,ver-THA-0001135240.09,tho pa (ต่อพะ)(Southeastern),0.0,ref-THA-0001135240,TH,THA,https://botany.dnp.go.th/eflora/floraspecies.html?tdcode=02368,Forest Herbarium,All rights reserved,"Mischocarpus pentapetalus. Flora of Thailand. Vol. 7. Part 1, 1999. Pg. 222. Accessed 2021-07-31",7,1
wfo-0001135240,ver-THA-0001135240.10,kam san phu (กำซำพู)(Peninsular),0.0,ref-THA-0001135240,TH,THA,https://botany.dnp.go.th/eflora/floraspecies.html?tdcode=02368,Forest Herbarium,All rights reserved,"Mischocarpus pentapetalus. Flora of Thailand. Vol. 7. Part 1, 1999. Pg. 222. Accessed 2021-07-31",7,1
wfo-0001135240,ver-THA-0001135240.11,khan (ขัน)(Peninsular),0.0,ref-THA-0001135240,TH,THA,https://botany.dnp.go.th/eflora/floraspecies.html?tdcode=02368,Forest Herbarium,All rights reserved,"Mischocarpus pentapetalus. Flora of Thailand. Vol. 7. Part 1, 1999. Pg. 222. Accessed 2021-07-31",7,1
wfo-0001135240,ver-THA-0001135240.12,krai (ไคร)(Peninsular),0.0,ref-THA-0001135240,TH,THA,https://botany.dnp.go.th/eflora/floraspecies.html?tdcode=02368,Forest Herbarium,All rights reserved,"Mischocarpus pentapetalus. Flora of Thailand. Vol. 7. Part 1, 1999. Pg. 222. Accessed 2021-07-31",7,1
wfo-0001135240,ver-THA-0001135240.13,phum riang (พุมเรียง)(Peninsular),0.0,ref-THA-0001135240,TH,THA,https://botany.dnp.go.th/eflora/floraspecies.html?tdcode=02368,Forest Herbarium,All rights reserved,"Mischocarpus pentapetalus. Flora of Thailand. Vol. 7. Part 1, 1999. Pg. 222. Accessed 2021-07-31",7,1
wfo-0001135240,ver-THA-0001135240.14,sai (ไส)(Peninsular),0.0,ref-THA-0001135240,TH,THA,https://botany.dnp.go.th/eflora/floraspecies.html?tdcode=02368,Forest Herbarium,All rights reserved,"Mischocarpus pentapetalus. Flora of Thailand. Vol. 7. Part 1, 1999. Pg. 222. Accessed 2021-07-31",7,1
wfo-0000453189,ver-THA-0000453189.01,kho laen haen (คอแลนแฮน)(South eastern),0.0,ref-THA-0000453189,TH,THA,https://botany.dnp.go.th/eflora/floraspecies.html?tdcode=02369,Forest Herbarium,All rights reserved,"Mischocarpus sundaicus. Flora of Thailand. Vol. 7. Part 1, 1999. Pg. 223. Accessed 2021-07-31",7,1
wfo-0000453189,ver-THA-0000453189.02,mai nat ling (ไม้หนาดลิง)(South eastern),0.0,ref-THA-0000453189,TH,THA,https://botany.dnp.go.th/eflora/floraspecies.html?tdcode=02369,Forest Herbarium,All rights reserved,"Mischocarpus sundaicus. Flora of Thailand. Vol. 7. Part 1, 1999. Pg. 223. Accessed 2021-07-31",7,1
wfo-0000453189,ver-THA-0000453189.03,baek phrai (แบกไพร)(Peninsular),0.0,ref-THA-0000453189,TH,THA,https://botany.dnp.go.th/eflora/floraspecies.html?tdcode=02369,Forest Herbarium,All rights reserved,"Mischocarpus sundaicus. Flora of Thailand. Vol. 7. Part 1, 1999. Pg. 223. Accessed 2021-07-31",7,1
wfo-0000453189,ver-THA-0000453189.04,iti (อีติ)(Peninsular),0.0,ref-THA-0000453189,TH,THA,https://botany.dnp.go.th/eflora/floraspecies.html?tdcode=02369,Forest Herbarium,All rights reserved,"Mischocarpus sundaicus. Flora of Thailand. Vol. 7. Part 1, 1999. Pg. 223. Accessed 2021-07-31",7,1
wfo-0000453189,ver-THA-0000453189.05,khao kwang (เขากวาง)(Peninsular),0.0,ref-THA-0000453189,TH,THA,https://botany.dnp.go.th/eflora/floraspecies.html?tdcode=02369,Forest Herbarium,All rights reserved,"Mischocarpus sundaicus. Flora of Thailand. Vol. 7. Part 1, 1999. Pg. 223. Accessed 2021-07-31",7,1
wfo-0000453189,ver-THA-0000453189.06,sam ling (ซำลิง)(Peninsular),0.0,ref-THA-0000453189,TH,THA,https://botany.dnp.go.th/eflora/floraspecies.html?tdcode=02369,Forest Herbarium,All rights reserved,"Mischocarpus sundaicus. Flora of Thailand. Vol. 7. Part 1, 1999. Pg. 223. Accessed 2021-07-31",7,1
wfo-0000453189,ver-THA-0000453189.07,sithan (สีทัน)(Peninsular),0.0,ref-THA-0000453189,TH,THA,https://botany.dnp.go.th/eflora/floraspecies.html?tdcode=02369,Forest Herbarium,All rights reserved,"Mischocarpus sundaicus. Flora of Thailand. Vol. 7. Part 1, 1999. Pg. 223. Accessed 2021-07-31",7,1
wfo-0000381187,ver-THA-0000381187.01,ngo pa (เงาะป่า)(Peninsular),0.0,ref-THA-0000381187,TH,THA,https://botany.dnp.go.th/eflora/floraspecies.html?tdcode=02371,Forest Herbarium,All rights reserved,"Nephelium cuspidatum. Flora of Thailand. Vol. 7. Part 1, 1999. Pg. 226. Accessed 2021-07-31",7,1
wfo-0000381187,ver-THA-0000381187.02,phleon (เพลิน)(Peninsular),0.0,ref-THA-0000381187,TH,THA,https://botany.dnp.go.th/eflora/floraspecies.html?tdcode=02371,Forest Herbarium,All rights reserved,"Nephelium cuspidatum. Flora of Thailand. Vol. 7. Part 1, 1999. Pg. 226. Accessed 2021-07-31",7,1
wfo-0000381187,ver-THA-0000381187.03,sang thong (สังทอง)(Peninsular),0.0,ref-THA-0000381187,TH,THA,https://botany.dnp.go.th/eflora/floraspecies.html?tdcode=02371,Forest Herbarium,All rights reserved,"Nephelium cuspidatum. Flora of Thailand. Vol. 7. Part 1, 1999. Pg. 226. Accessed 2021-07-31",7,1
wfo-0000381187,ver-THA-0000381187.04,song kathong (กะทอง)(Peninsular),0.0,ref-THA-0000381187,TH,THA,https://botany.dnp.go.th/eflora/floraspecies.html?tdcode=02371,Forest Herbarium,All rights reserved,"Nephelium cuspidatum. Flora of Thailand. Vol. 7. Part 1, 1999. Pg. 226. Accessed 2021-07-31",7,1
wfo-0000381273,ver-THA-0000381273.01,kho laen (คอแลน)(General),0.0,ref-THA-0000381273,TH,THA,https://botany.dnp.go.th/eflora/floraspecies.html?tdcode=02372,Forest Herbarium,All rights reserved,"Nephelium hypoleucum. Flora of Thailand. Vol. 7. Part 1, 1999. Pg. 227. Accessed 2021-07-31",7,1
wfo-0000381273,ver-THA-0000381273.02,mai khao lang(ไม้ขาวลาง),0.0,ref-THA-0000381273,TH,THA,https://botany.dnp.go.th/eflora/floraspecies.html?tdcode=02372,Forest Herbarium,All rights reserved,"Nephelium hypoleucum. Flora of Thailand. Vol. 7. Part 1, 1999. Pg. 227. Accessed 2021-07-31",7,1
wfo-0000381273,ver-THA-0000381273.03,ma ngaeo (มะแงว)(Northeastern),0.0,ref-THA-0000381273,TH,THA,https://botany.dnp.go.th/eflora/floraspecies.html?tdcode=02372,Forest Herbarium,All rights reserved,"Nephelium hypoleucum. Flora of Thailand. Vol. 7. Part 1, 1999. Pg. 227. Accessed 2021-07-31",7,1
wfo-0000381273,ver-THA-0000381273.04,muk ngan (หมักงาน)(Northeastern),0.0,ref-THA-0000381273,TH,THA,https://botany.dnp.go.th/eflora/floraspecies.html?tdcode=02372,Forest Herbarium,All rights reserved,"Nephelium hypoleucum. Flora of Thailand. Vol. 7. Part 1, 1999. Pg. 227. Accessed 2021-07-31",7,1
wfo-0000381273,ver-THA-0000381273.05,ma ngae (มะแงะ)(Eastern),0.0,ref-THA-0000381273,TH,THA,https://botany.dnp.go.th/eflora/floraspecies.html?tdcode=02372,Forest Herbarium,All rights reserved,"Nephelium hypoleucum. Flora of Thailand. Vol. 7. Part 1, 1999. Pg. 227. Accessed 2021-07-31",7,1
wfo-0000381273,ver-THA-0000381273.06,mak waeo (หมักแวว)(Eastern),0.0,ref-THA-0000381273,TH,THA,https://botany.dnp.go.th/eflora/floraspecies.html?tdcode=02372,Forest Herbarium,All rights reserved,"Nephelium hypoleucum. Flora of Thailand. Vol. 7. Part 1, 1999. Pg. 227. Accessed 2021-07-31",7,1
wfo-0000381273,ver-THA-0000381273.07,"mak ngaeo (หมักแงว)(Eastern, Central)",0.0,ref-THA-0000381273,TH,THA,https://botany.dnp.go.th/eflora/floraspecies.html?tdcode=02372,Forest Herbarium,All rights reserved,"Nephelium hypoleucum. Flora of Thailand. Vol. 7. Part 1, 1999. Pg. 227. Accessed 2021-07-31",7,1
wfo-0000381273,ver-THA-0000381273.08,kho laen tua phu (คอแลนตัวผู้)(Southeastern),0.0,ref-THA-0000381273,TH,THA,https://botany.dnp.go.th/eflora/floraspecies.html?tdcode=02372,Forest Herbarium,All rights reserved,"Nephelium hypoleucum. Flora of Thailand. Vol. 7. Part 1, 1999. Pg. 227. Accessed 2021-07-31",7,1
wfo-0000381273,ver-THA-0000381273.09,linchi pa (ลิ้นจี่ป่า)(Southeastern),0.0,ref-THA-0000381273,TH,THA,https://botany.dnp.go.th/eflora/floraspecies.html?tdcode=02372,Forest Herbarium,All rights reserved,"Nephelium hypoleucum. Flora of Thailand. Vol. 7. Part 1, 1999. Pg. 227. Accessed 2021-07-31",7,1
wfo-0000381273,ver-THA-0000381273.10,ka ben (กะเบน)(Peninsular),0.0,ref-THA-0000381273,TH,THA,https://botany.dnp.go.th/eflora/floraspecies.html?tdcode=02372,Forest Herbarium,All rights reserved,"Nephelium hypoleucum. Flora of Thailand. Vol. 7. Part 1, 1999. Pg. 227. Accessed 2021-07-31",7,1
wfo-0000381273,ver-THA-0000381273.11,kho rang (คอรั้ง)(Peninsular),0.0,ref-THA-0000381273,TH,THA,https://botany.dnp.go.th/eflora/floraspecies.html?tdcode=02372,Forest Herbarium,All rights reserved,"Nephelium hypoleucum. Flora of Thailand. Vol. 7. Part 1, 1999. Pg. 227. Accessed 2021-07-31",7,1
wfo-0000381273,ver-THA-0000381273.12,sang kriat khon (สังเครียดขอน)(Peninsular),0.0,ref-THA-0000381273,TH,THA,https://botany.dnp.go.th/eflora/floraspecies.html?tdcode=02372,Forest Herbarium,All rights reserved,"Nephelium hypoleucum. Flora of Thailand. Vol. 7. Part 1, 1999. Pg. 227. Accessed 2021-07-31",7,1
wfo-0000381268,ver-THA-0000381268.01,"ngo (เงาะ)(Southeastern, Peninsular)",0.0,ref-THA-0000381268,TH,THA,https://botany.dnp.go.th/eflora/floraspecies.html?tdcode=02373,Forest Herbarium,All rights reserved,"Nephelium lappaceum. Flora of Thailand. Vol. 7. Part 1, 1999. Pg. 229. Accessed 2021-07-31",7,1
wfo-0000381268,ver-THA-0000381268.02,"ngo pa (เงาะป่า)(Southeastern, Peninsular)",0.0,ref-THA-0000381268,TH,THA,https://botany.dnp.go.th/eflora/floraspecies.html?tdcode=02373,Forest Herbarium,All rights reserved,"Nephelium lappaceum. Flora of Thailand. Vol. 7. Part 1, 1999. Pg. 229. Accessed 2021-07-31",7,1
wfo-0000381268,ver-THA-0000381268.03,mo-tae (เมาะแต)(Malay-Pattani),0.0,ref-THA-0000381268,TH,THA,https://botany.dnp.go.th/eflora/floraspecies.html?tdcode=02373,Forest Herbarium,All rights reserved,"Nephelium lappaceum. Flora of Thailand. Vol. 7. Part 1, 1999. Pg. 229. Accessed 2021-07-31",7,1
wfo-0000381268,ver-THA-0000381268.04,a-mo-tae (อาเมาะแต)(Malay-Pattani),0.0,ref-THA-0000381268,TH,THA,https://botany.dnp.go.th/eflora/floraspecies.html?tdcode=02373,Forest Herbarium,All rights reserved,"Nephelium lappaceum. Flora of Thailand. Vol. 7. Part 1, 1999. Pg. 229. Accessed 2021-07-31",7,1
wfo-0000381268,ver-THA-0000381268.05,ka-mo-tae (กะเมาะแต)(Malay-Pattani),0.0,ref-THA-0000381268,TH,THA,https://botany.dnp.go.th/eflora/floraspecies.html?tdcode=02373,Forest Herbarium,All rights reserved,"Nephelium lappaceum. Flora of Thailand. Vol. 7. Part 1, 1999. Pg. 229. Accessed 2021-07-31",7,1
wfo-0000381268,ver-THA-0000381268.06,mai ngo pa (ไม้เงาะป่า)(Peninsular),0.0,ref-THA-0000381268,TH,THA,https://botany.dnp.go.th/eflora/floraspecies.html?tdcode=02373,Forest Herbarium,All rights reserved,"Nephelium lappaceum. Flora of Thailand. Vol. 7. Part 1, 1999. Pg. 229. Accessed 2021-07-31",7,1
wfo-0000381268,ver-THA-0000381268.07,phom ngo (ผมเงาะ)(Peninsular),0.0,ref-THA-0000381268,TH,THA,https://botany.dnp.go.th/eflora/floraspecies.html?tdcode=02373,Forest Herbarium,All rights reserved,"Nephelium lappaceum. Flora of Thailand. Vol. 7. Part 1, 1999. Pg. 229. Accessed 2021-07-31",7,1
wfo-0000381268,ver-THA-0000381268.08,phruan (พรวน)(Peninsular),0.0,ref-THA-0000381268,TH,THA,https://botany.dnp.go.th/eflora/floraspecies.html?tdcode=02373,Forest Herbarium,All rights reserved,"Nephelium lappaceum. Flora of Thailand. Vol. 7. Part 1, 1999. Pg. 229. Accessed 2021-07-31",7,1
wfo-0000381213,ver-THA-0000381213.01,kae dae (แกแด)(Peninsular),0.0,ref-THA-0000381213,TH,THA,https://botany.dnp.go.th/eflora/floraspecies.html?tdcode=02375,Forest Herbarium,All rights reserved,"Nephelium maingayi. Flora of Thailand. Vol. 7. Part 1, 1999. Pg. 230. Accessed 2021-07-31",7,1
wfo-0000381219,ver-THA-0000381219.01,kho laen (คอแลน)(Eastern),0.0,ref-THA-0000381219,TH,THA,https://botany.dnp.go.th/eflora/floraspecies.html?tdcode=02376,Forest Herbarium,All rights reserved,"Nephelium melliferum. Flora of Thailand. Vol. 7. Part 1, 1999. Pg. 231. Accessed 2021-07-31",7,1
wfo-0000381219,ver-THA-0000381219.02,ngo pa (เงาะป่า)(Eastern),0.0,ref-THA-0000381219,TH,THA,https://botany.dnp.go.th/eflora/floraspecies.html?tdcode=02376,Forest Herbarium,All rights reserved,"Nephelium melliferum. Flora of Thailand. Vol. 7. Part 1, 1999. Pg. 231. Accessed 2021-07-31",7,1
wfo-0000381219,ver-THA-0000381219.03,ngo pa thao (เงาะป่าเทา)(Southeastern),0.0,ref-THA-0000381219,TH,THA,https://botany.dnp.go.th/eflora/floraspecies.html?tdcode=02376,Forest Herbarium,All rights reserved,"Nephelium melliferum. Flora of Thailand. Vol. 7. Part 1, 1999. Pg. 231. Accessed 2021-07-31",7,1
wfo-0000381219,ver-THA-0000381219.04,kamlang (กำลัง)(Peninsular),0.0,ref-THA-0000381219,TH,THA,https://botany.dnp.go.th/eflora/floraspecies.html?tdcode=02376,Forest Herbarium,All rights reserved,"Nephelium melliferum. Flora of Thailand. Vol. 7. Part 1, 1999. Pg. 231. Accessed 2021-07-31",7,1
wfo-0001243912,ver-THA-0001243912.01,kho laen (คอแลน)(Peninsular),0.0,ref-THA-0001243912,TH,THA,https://botany.dnp.go.th/eflora/floraspecies.html?tdcode=02377,Forest Herbarium,All rights reserved,"Nephelium ramboutan-ake. Flora of Thailand. Vol. 7. Part 1, 1999. Pg. 231. Accessed 2021-07-31",7,1
wfo-0001243912,ver-THA-0001243912.02,krat (กรัด)(Peninsular),0.0,ref-THA-0001243912,TH,THA,https://botany.dnp.go.th/eflora/floraspecies.html?tdcode=02377,Forest Herbarium,All rights reserved,"Nephelium ramboutan-ake. Flora of Thailand. Vol. 7. Part 1, 1999. Pg. 231. Accessed 2021-07-31",7,1
wfo-0001243912,ver-THA-0001243912.03,ngo khon san (เงาะขนสั้น)(Peninsular),0.0,ref-THA-0001243912,TH,THA,https://botany.dnp.go.th/eflora/floraspecies.html?tdcode=02377,Forest Herbarium,All rights reserved,"Nephelium ramboutan-ake. Flora of Thailand. Vol. 7. Part 1, 1999. Pg. 231. Accessed 2021-07-31",7,1
wfo-0000251577,ver-THA-0000251577.01,yitho (ยี่โถ)(Central),0.0,ref-THA-0000251577,TH,THA,https://botany.dnp.go.th/eflora/floraspecies.html?tdcode=02207,Forest Herbarium,All rights reserved,"Nerium oleander. Flora of Thailand. Vol. 7. Part 1, 1999. Pg. 79. Accessed 2021-07-31",7,1
wfo-0000251577,ver-THA-0000251577.02,yitho farang (ยี่โถฝรั่ง)(Central),0.0,ref-THA-0000251577,TH,THA,https://botany.dnp.go.th/eflora/floraspecies.html?tdcode=02207,Forest Herbarium,All rights reserved,"Nerium oleander. Flora of Thailand. Vol. 7. Part 1, 1999. Pg. 79. Accessed 2021-07-31",7,1
wfo-0000264467,ver-THA-0000264467.01,khruea khao muak (เครือเขามวก)(Northern),0.0,ref-THA-0000264467,TH,THA,https://botany.dnp.go.th/eflora/floraspecies.html?tdcode=02291,Forest Herbarium,All rights reserved,"Parameria laevigata. Flora of Thailand. Vol. 7. Part 1, 1999. Pg. 151. Accessed 2021-07-31",7,1
wfo-0000264467,ver-THA-0000264467.02,khruea khao muak khao (เครือเขามวกขาว)(Northern),0.0,ref-THA-0000264467,TH,THA,https://botany.dnp.go.th/eflora/floraspecies.html?tdcode=02291,Forest Herbarium,All rights reserved,"Parameria laevigata. Flora of Thailand. Vol. 7. Part 1, 1999. Pg. 151. Accessed 2021-07-31",7,1
wfo-0000264467,ver-THA-0000264467.03,khao muak khao (เขามวกขาว)(Northern),0.0,ref-THA-0000264467,TH,THA,https://botany.dnp.go.th/eflora/floraspecies.html?tdcode=02291,Forest Herbarium,All rights reserved,"Parameria laevigata. Flora of Thailand. Vol. 7. Part 1, 1999. Pg. 151. Accessed 2021-07-31",7,1
wfo-0000264467,ver-THA-0000264467.04,tang tu khruea (ตั่งตู่เครือ)(Northern),0.0,ref-THA-0000264467,TH,THA,https://botany.dnp.go.th/eflora/floraspecies.html?tdcode=02291,Forest Herbarium,All rights reserved,"Parameria laevigata. Flora of Thailand. Vol. 7. Part 1, 1999. Pg. 151. Accessed 2021-07-31",7,1
wfo-0000264467,ver-THA-0000264467.05,"khruea sut (เครือซูด)(Central, Eastern)",0.0,ref-THA-0000264467,TH,THA,https://botany.dnp.go.th/eflora/floraspecies.html?tdcode=02291,Forest Herbarium,All rights reserved,"Parameria laevigata. Flora of Thailand. Vol. 7. Part 1, 1999. Pg. 151. Accessed 2021-07-31",7,1
wfo-0000264467,ver-THA-0000264467.06,"khuea chut (เครือชูด)(Central, Eastern)",0.0,ref-THA-0000264467,TH,THA,https://botany.dnp.go.th/eflora/floraspecies.html?tdcode=02291,Forest Herbarium,All rights reserved,"Parameria laevigata. Flora of Thailand. Vol. 7. Part 1, 1999. Pg. 151. Accessed 2021-07-31",7,1
wfo-0000264467,ver-THA-0000264467.07,thao pralam phi (เถาประหล่ำผี)(Central),0.0,ref-THA-0000264467,TH,THA,https://botany.dnp.go.th/eflora/floraspecies.html?tdcode=02291,Forest Herbarium,All rights reserved,"Parameria laevigata. Flora of Thailand. Vol. 7. Part 1, 1999. Pg. 151. Accessed 2021-07-31",7,1
wfo-0000264467,ver-THA-0000264467.08,muak (มวก)(Prachin Buri),0.0,ref-THA-0000264467,TH,THA,https://botany.dnp.go.th/eflora/floraspecies.html?tdcode=02291,Forest Herbarium,All rights reserved,"Parameria laevigata. Flora of Thailand. Vol. 7. Part 1, 1999. Pg. 151. Accessed 2021-07-31",7,1
wfo-0000264467,ver-THA-0000264467.09,som lom (ส้มลม)(Prachin Buri),0.0,ref-THA-0000264467,TH,THA,https://botany.dnp.go.th/eflora/floraspecies.html?tdcode=02291,Forest Herbarium,All rights reserved,"Parameria laevigata. Flora of Thailand. Vol. 7. Part 1, 1999. Pg. 151. Accessed 2021-07-31",7,1
wfo-0000264467,ver-THA-0000264467.10,tang tid (ตังติด)(Chanthaburi),0.0,ref-THA-0000264467,TH,THA,https://botany.dnp.go.th/eflora/floraspecies.html?tdcode=02291,Forest Herbarium,All rights reserved,"Parameria laevigata. Flora of Thailand. Vol. 7. Part 1, 1999. Pg. 151. Accessed 2021-07-31",7,1
wfo-0000264467,ver-THA-0000264467.11,wo-kan cha-ruk (วอร์กั้นจรูก)(Khmer-Prachin Buri),0.0,ref-THA-0000264467,TH,THA,https://botany.dnp.go.th/eflora/floraspecies.html?tdcode=02291,Forest Herbarium,All rights reserved,"Parameria laevigata. Flora of Thailand. Vol. 7. Part 1, 1999. Pg. 151. Accessed 2021-07-31",7,1
wfo-0000264467,ver-THA-0000264467.12,wan-cha-ruk (วันจรูก)(Khmer Chanthaburi),0.0,ref-THA-0000264467,TH,THA,https://botany.dnp.go.th/eflora/floraspecies.html?tdcode=02291,Forest Herbarium,All rights reserved,"Parameria laevigata. Flora of Thailand. Vol. 7. Part 1, 1999. Pg. 151. Accessed 2021-07-31",7,1
wfo-0000471138,ver-THA-0000471138.01,ka-ha (กะฮาร์)(Malay-Yala),0.0,ref-THA-0000471138,TH,THA,https://botany.dnp.go.th/eflora/floraspecies.html?tdcode=02379,Forest Herbarium,All rights reserved,"Paranephelium macrophyllum. Flora of Thailand. Vol. 7. Part 1, 1999. Pg. 233. Accessed 2021-07-31",7,1
wfo-0000471138,ver-THA-0000471138.02,ka thon ling (กะท้อนลิง)(Peninsular),0.0,ref-THA-0000471138,TH,THA,https://botany.dnp.go.th/eflora/floraspecies.html?tdcode=02379,Forest Herbarium,All rights reserved,"Paranephelium macrophyllum. Flora of Thailand. Vol. 7. Part 1, 1999. Pg. 233. Accessed 2021-07-31",7,1
wfo-0000471138,ver-THA-0000471138.03,khan (ขัน)(Peninsular),0.0,ref-THA-0000471138,TH,THA,https://botany.dnp.go.th/eflora/floraspecies.html?tdcode=02379,Forest Herbarium,All rights reserved,"Paranephelium macrophyllum. Flora of Thailand. Vol. 7. Part 1, 1999. Pg. 233. Accessed 2021-07-31",7,1
wfo-0000471138,ver-THA-0000471138.04,ku-ping ya-si (กุปิงยะซิ)(Malay-Pattani),0.0,ref-THA-0000471138,TH,THA,https://botany.dnp.go.th/eflora/floraspecies.html?tdcode=02379,Forest Herbarium,All rights reserved,"Paranephelium macrophyllum. Flora of Thailand. Vol. 7. Part 1, 1999. Pg. 233. Accessed 2021-07-31",7,1
wfo-0000471137,ver-THA-0000471137.01,kho mai (เคาะมาย)(Northern),0.0,ref-THA-0000471137,TH,THA,https://botany.dnp.go.th/eflora/floraspecies.html?tdcode=02381,Forest Herbarium,All rights reserved,"Paranephelium xestophyllum. Flora of Thailand. Vol. 7. Part 1, 1999. Pg. 235. Accessed 2021-07-31",7,1
wfo-0000471137,ver-THA-0000471137.02,ma hang kaen (มะหางแก้น)(Northern),0.0,ref-THA-0000471137,TH,THA,https://botany.dnp.go.th/eflora/floraspecies.html?tdcode=02381,Forest Herbarium,All rights reserved,"Paranephelium xestophyllum. Flora of Thailand. Vol. 7. Part 1, 1999. Pg. 235. Accessed 2021-07-31",7,1
wfo-0000471137,ver-THA-0000471137.03,ma kho laen (มะคอแลน)(Northern),0.0,ref-THA-0000471137,TH,THA,https://botany.dnp.go.th/eflora/floraspecies.html?tdcode=02381,Forest Herbarium,All rights reserved,"Paranephelium xestophyllum. Flora of Thailand. Vol. 7. Part 1, 1999. Pg. 235. Accessed 2021-07-31",7,1
wfo-0000471137,ver-THA-0000471137.04,thai he (ไทเฮะ)(Karen-Southwestern),0.0,ref-THA-0000471137,TH,THA,https://botany.dnp.go.th/eflora/floraspecies.html?tdcode=02381,Forest Herbarium,All rights reserved,"Paranephelium xestophyllum. Flora of Thailand. Vol. 7. Part 1, 1999. Pg. 235. Accessed 2021-07-31",7,1
wfo-0000471137,ver-THA-0000471137.05,lamyai pa (ลำไยป่า)(Central),0.0,ref-THA-0000471137,TH,THA,https://botany.dnp.go.th/eflora/floraspecies.html?tdcode=02381,Forest Herbarium,All rights reserved,"Paranephelium xestophyllum. Flora of Thailand. Vol. 7. Part 1, 1999. Pg. 235. Accessed 2021-07-31",7,1
wfo-0000264703,ver-THA-0000264703.01,nuan nok khao (นวลนกเขา)(Chumphon),0.0,ref-THA-0000264703,TH,THA,https://botany.dnp.go.th/eflora/floraspecies.html?tdcode=02275,Forest Herbarium,All rights reserved,"Parsonsia alboflavescens. Flora of Thailand. Vol. 7. Part 1, 1999. Pg. 136. Accessed 2021-07-31",7,1
wfo-0000264853,ver-THA-0000264853.01,khao mai (เขาใหม่)(Central),0.0,ref-THA-0000264853,TH,THA,https://botany.dnp.go.th/eflora/floraspecies.html?tdcode=02276,Forest Herbarium,All rights reserved,"Parsonsia penangiana. Flora of Thailand. Vol. 7. Part 1, 1999. Pg. 138. Accessed 2021-07-31",7,1
wfo-0000279164,ver-THA-0000279164.01,lan thom khao (ลั่นทมขาว)(Central),0.0,ref-THA-0000279164,TH,THA,https://botany.dnp.go.th/eflora/floraspecies.html?tdcode=02160,Forest Herbarium,All rights reserved,"Plumeria obtusa. Flora of Thailand. Vol. 7. Part 1, 1999. Pg. 39. Accessed 2021-07-31",7,1
wfo-0000279184,ver-THA-0000279184.01,champa lao (จำปาลาว)(Northern),0.0,ref-THA-0000279184,TH,THA,https://botany.dnp.go.th/eflora/floraspecies.html?tdcode=02161,Forest Herbarium,All rights reserved,"Plumeria rubra. Flora of Thailand. Vol. 7. Part 1, 1999. Pg. 39. Accessed 2021-07-31",7,1
wfo-0000279184,ver-THA-0000279184.02,champai (จำปาย)(Khmer),0.0,ref-THA-0000279184,TH,THA,https://botany.dnp.go.th/eflora/floraspecies.html?tdcode=02161,Forest Herbarium,All rights reserved,"Plumeria rubra. Flora of Thailand. Vol. 7. Part 1, 1999. Pg. 39. Accessed 2021-07-31",7,1
wfo-0000279184,ver-THA-0000279184.03,chong pa (จงป่า)(Karen-Kanchanaburi),0.0,ref-THA-0000279184,TH,THA,https://botany.dnp.go.th/eflora/floraspecies.html?tdcode=02161,Forest Herbarium,All rights reserved,"Plumeria rubra. Flora of Thailand. Vol. 7. Part 1, 1999. Pg. 39. Accessed 2021-07-31",7,1
wfo-0000279184,ver-THA-0000279184.04,champa khom (จำปาขอม)(Peninsular),0.0,ref-THA-0000279184,TH,THA,https://botany.dnp.go.th/eflora/floraspecies.html?tdcode=02161,Forest Herbarium,All rights reserved,"Plumeria rubra. Flora of Thailand. Vol. 7. Part 1, 1999. Pg. 39. Accessed 2021-07-31",7,1
wfo-0000279184,ver-THA-0000279184.05,chin (จีน)(Peninsular),0.0,ref-THA-0000279184,TH,THA,https://botany.dnp.go.th/eflora/floraspecies.html?tdcode=02161,Forest Herbarium,All rights reserved,"Plumeria rubra. Flora of Thailand. Vol. 7. Part 1, 1999. Pg. 39. Accessed 2021-07-31",7,1
wfo-0000279184,ver-THA-0000279184.06,champa khao (จำปาเขา)(Central),0.0,ref-THA-0000279184,TH,THA,https://botany.dnp.go.th/eflora/floraspecies.html?tdcode=02161,Forest Herbarium,All rights reserved,"Plumeria rubra. Flora of Thailand. Vol. 7. Part 1, 1999. Pg. 39. Accessed 2021-07-31",7,1
wfo-0000279184,ver-THA-0000279184.07,lan thom (ลั่นทม)(Central),0.0,ref-THA-0000279184,TH,THA,https://botany.dnp.go.th/eflora/floraspecies.html?tdcode=02161,Forest Herbarium,All rights reserved,"Plumeria rubra. Flora of Thailand. Vol. 7. Part 1, 1999. Pg. 39. Accessed 2021-07-31",7,1
wfo-0000279184,ver-THA-0000279184.08,lan thom daeng (ลั่นทมแดง)(Central),0.0,ref-THA-0000279184,TH,THA,https://botany.dnp.go.th/eflora/floraspecies.html?tdcode=02161,Forest Herbarium,All rights reserved,"Plumeria rubra. Flora of Thailand. Vol. 7. Part 1, 1999. Pg. 39. Accessed 2021-07-31",7,1
wfo-0000279184,ver-THA-0000279184.09,pho-bo ue (พอบ่ออึง)(Karen-Mae Hong Son),0.0,ref-THA-0000279184,TH,THA,https://botany.dnp.go.th/eflora/floraspecies.html?tdcode=02161,Forest Herbarium,All rights reserved,"Plumeria rubra. Flora of Thailand. Vol. 7. Part 1, 1999. Pg. 39. Accessed 2021-07-31",7,1
wfo-0000279184,ver-THA-0000279184.10,ma-yo (มะยอ)(Malay-Narathiwat),0.0,ref-THA-0000279184,TH,THA,https://botany.dnp.go.th/eflora/floraspecies.html?tdcode=02161,Forest Herbarium,All rights reserved,"Plumeria rubra. Flora of Thailand. Vol. 7. Part 1, 1999. Pg. 39. Accessed 2021-07-31",7,1
wfo-0000279184,ver-THA-0000279184.11,mo-yo (มอยอ)(Malay-Narathiwat),0.0,ref-THA-0000279184,TH,THA,https://botany.dnp.go.th/eflora/floraspecies.html?tdcode=02161,Forest Herbarium,All rights reserved,"Plumeria rubra. Flora of Thailand. Vol. 7. Part 1, 1999. Pg. 39. Accessed 2021-07-31",7,1
wfo-0000279184,ver-THA-0000279184.12,mok-cham-ka (มอกจ๋ามก๋า)(Shan-Mae Hong Son),0.0,ref-THA-0000279184,TH,THA,https://botany.dnp.go.th/eflora/floraspecies.html?tdcode=02161,Forest Herbarium,All rights reserved,"Plumeria rubra. Flora of Thailand. Vol. 7. Part 1, 1999. Pg. 39. Accessed 2021-07-31",7,1
wfo-0000471438,ver-THA-0000471438.01,daeng nam (แดงน้ำ)(Northern),0.0,ref-THA-0000471438,TH,THA,https://botany.dnp.go.th/eflora/floraspecies.html?tdcode=02383,Forest Herbarium,All rights reserved,"Pometia pinnata. Flora of Thailand. Vol. 7. Part 1, 1999. Pg. 236. Accessed 2021-07-31",7,1
wfo-0000471438,ver-THA-0000471438.02,"saen ta lom (แสนตาล้อม)(Northern, Peninsular)",0.0,ref-THA-0000471438,TH,THA,https://botany.dnp.go.th/eflora/floraspecies.html?tdcode=02383,Forest Herbarium,All rights reserved,"Pometia pinnata. Flora of Thailand. Vol. 7. Part 1, 1999. Pg. 236. Accessed 2021-07-31",7,1
wfo-0000471438,ver-THA-0000471438.03,ko (เคาะ)(Peninsular),0.0,ref-THA-0000471438,TH,THA,https://botany.dnp.go.th/eflora/floraspecies.html?tdcode=02383,Forest Herbarium,All rights reserved,"Pometia pinnata. Flora of Thailand. Vol. 7. Part 1, 1999. Pg. 236. Accessed 2021-07-31",7,1
wfo-0000471438,ver-THA-0000471438.04,mai sai (ไม้สาย)(Peninsular),0.0,ref-THA-0000471438,TH,THA,https://botany.dnp.go.th/eflora/floraspecies.html?tdcode=02383,Forest Herbarium,All rights reserved,"Pometia pinnata. Flora of Thailand. Vol. 7. Part 1, 1999. Pg. 236. Accessed 2021-07-31",7,1
wfo-0000471438,ver-THA-0000471438.05,sai (สาย)(Peninsular),0.0,ref-THA-0000471438,TH,THA,https://botany.dnp.go.th/eflora/floraspecies.html?tdcode=02383,Forest Herbarium,All rights reserved,"Pometia pinnata. Flora of Thailand. Vol. 7. Part 1, 1999. Pg. 236. Accessed 2021-07-31",7,1
wfo-0000471438,ver-THA-0000471438.06,sang ma (สั่งมา)(Peninsular),0.0,ref-THA-0000471438,TH,THA,https://botany.dnp.go.th/eflora/floraspecies.html?tdcode=02383,Forest Herbarium,All rights reserved,"Pometia pinnata. Flora of Thailand. Vol. 7. Part 1, 1999. Pg. 236. Accessed 2021-07-31",7,1
wfo-0000471438,ver-THA-0000471438.07,thrai (ทรัย)(Peninsular),0.0,ref-THA-0000471438,TH,THA,https://botany.dnp.go.th/eflora/floraspecies.html?tdcode=02383,Forest Herbarium,All rights reserved,"Pometia pinnata. Flora of Thailand. Vol. 7. Part 1, 1999. Pg. 236. Accessed 2021-07-31",7,1
wfo-0000471434,ver-THA-0000471434.01,sai (สาย)(Peninsular),0.0,ref-THA-0000471434,TH,THA,https://botany.dnp.go.th/eflora/floraspecies.html?tdcode=02384,Forest Herbarium,All rights reserved,"Pometia ridleyi. Flora of Thailand. Vol. 7. Part 1, 1999. Pg. 238. Accessed 2021-07-31",7,1
wfo-0000471434,ver-THA-0000471434.02,ta suea (ตาเสือ)(Peninsular),0.0,ref-THA-0000471434,TH,THA,https://botany.dnp.go.th/eflora/floraspecies.html?tdcode=02384,Forest Herbarium,All rights reserved,"Pometia ridleyi. Flora of Thailand. Vol. 7. Part 1, 1999. Pg. 238. Accessed 2021-07-31",7,1
wfo-0000482735,ver-THA-0000482735.01,pim sai (พิมสาย)(Chiang Mai),0.0,ref-THA-0000482735,TH,THA,https://botany.dnp.go.th/eflora/floraspecies.html?tdcode=02313,Forest Herbarium,All rights reserved,"Primula siamensis. Flora of Thailand. Vol. 7. Part 1, 1999. Pg. 167. Accessed 2021-07-31",7,1
wfo-0000295013,ver-THA-0000295013.01,kha yom luang (ขะย่อมหลวง)(Northeastern),0.0,ref-THA-0000295013,TH,THA,https://botany.dnp.go.th/eflora/floraspecies.html?tdcode=02173,Forest Herbarium,All rights reserved,"Rauvolfia cambodiana. Flora of Thailand. Vol. 7. Part 1, 1999. Pg. 51. Accessed 2021-07-31",7,1
wfo-0000295013,ver-THA-0000295013.02,kha yom tin ma (ขะย่อมตีนหมา)(Northern),0.0,ref-THA-0000295013,TH,THA,https://botany.dnp.go.th/eflora/floraspecies.html?tdcode=02173,Forest Herbarium,All rights reserved,"Rauvolfia cambodiana. Flora of Thailand. Vol. 7. Part 1, 1999. Pg. 51. Accessed 2021-07-31",7,1
wfo-0000295013,ver-THA-0000295013.03,nang yaem (นางแย้ม)(Nakhon Ratchasima),0.0,ref-THA-0000295013,TH,THA,https://botany.dnp.go.th/eflora/floraspecies.html?tdcode=02173,Forest Herbarium,All rights reserved,"Rauvolfia cambodiana. Flora of Thailand. Vol. 7. Part 1, 1999. Pg. 51. Accessed 2021-07-31",7,1
wfo-0000295013,ver-THA-0000295013.04,rayom (ระย่อม)(Trat),0.0,ref-THA-0000295013,TH,THA,https://botany.dnp.go.th/eflora/floraspecies.html?tdcode=02173,Forest Herbarium,All rights reserved,"Rauvolfia cambodiana. Flora of Thailand. Vol. 7. Part 1, 1999. Pg. 51. Accessed 2021-07-31",7,1
wfo-0000295174,ver-THA-0000295174.01,ko-me (กอเหม่)(Karen-Mae Hong Son),0.0,ref-THA-0000295174,TH,THA,https://botany.dnp.go.th/eflora/floraspecies.html?tdcode=02175,Forest Herbarium,All rights reserved,"Rauvolfia serpentina. Flora of Thailand. Vol. 7. Part 1, 1999. Pg. 53. Accessed 2021-07-31",7,1
wfo-0000295174,ver-THA-0000295174.02,ka yom (กะย่อม)(Peninsular),0.0,ref-THA-0000295174,TH,THA,https://botany.dnp.go.th/eflora/floraspecies.html?tdcode=02175,Forest Herbarium,All rights reserved,"Rauvolfia serpentina. Flora of Thailand. Vol. 7. Part 1, 1999. Pg. 53. Accessed 2021-07-31",7,1
wfo-0000295174,ver-THA-0000295174.03,khem daeng (เข็มแดง)(Northern),0.0,ref-THA-0000295174,TH,THA,https://botany.dnp.go.th/eflora/floraspecies.html?tdcode=02175,Forest Herbarium,All rights reserved,"Rauvolfia serpentina. Flora of Thailand. Vol. 7. Part 1, 1999. Pg. 53. Accessed 2021-07-31",7,1
wfo-0000295174,ver-THA-0000295174.04,khlan (คลาน)(Karen-Kanchanaburi),0.0,ref-THA-0000295174,TH,THA,https://botany.dnp.go.th/eflora/floraspecies.html?tdcode=02175,Forest Herbarium,All rights reserved,"Rauvolfia serpentina. Flora of Thailand. Vol. 7. Part 1, 1999. Pg. 53. Accessed 2021-07-31",7,1
wfo-0000295174,ver-THA-0000295174.05,tum khlan (ตูมคลาน)(Karen-Kanchanaburi),0.0,ref-THA-0000295174,TH,THA,https://botany.dnp.go.th/eflora/floraspecies.html?tdcode=02175,Forest Herbarium,All rights reserved,"Rauvolfia serpentina. Flora of Thailand. Vol. 7. Part 1, 1999. Pg. 53. Accessed 2021-07-31",7,1
wfo-0000295174,ver-THA-0000295174.06,ma ong-thee (มะโอ่งที)(Karen-Kanchanaburi),0.0,ref-THA-0000295174,TH,THA,https://botany.dnp.go.th/eflora/floraspecies.html?tdcode=02175,Forest Herbarium,All rights reserved,"Rauvolfia serpentina. Flora of Thailand. Vol. 7. Part 1, 1999. Pg. 53. Accessed 2021-07-31",7,1
wfo-0000295174,ver-THA-0000295174.07,sa-mo-u (สะมออู)(Karen-Kanchanaburi),0.0,ref-THA-0000295174,TH,THA,https://botany.dnp.go.th/eflora/floraspecies.html?tdcode=02175,Forest Herbarium,All rights reserved,"Rauvolfia serpentina. Flora of Thailand. Vol. 7. Part 1, 1999. Pg. 53. Accessed 2021-07-31",7,1
wfo-0000295174,ver-THA-0000295174.08,rayom (ระย่อม)(Central),0.0,ref-THA-0000295174,TH,THA,https://botany.dnp.go.th/eflora/floraspecies.html?tdcode=02175,Forest Herbarium,All rights reserved,"Rauvolfia serpentina. Flora of Thailand. Vol. 7. Part 1, 1999. Pg. 53. Accessed 2021-07-31",7,1
wfo-0000295190,ver-THA-0000295190.01,ra yom tinpet (ระย่อมตีนเป็ด)(Bangkok),0.0,ref-THA-0000295190,TH,THA,https://botany.dnp.go.th/eflora/floraspecies.html?tdcode=02176,Forest Herbarium,All rights reserved,"Rauvolfia sumatrana. Flora of Thailand. Vol. 7. Part 1, 1999. Pg. 53. Accessed 2021-07-31",7,1
wfo-0000295201,ver-THA-0000295201.01,chaek (แฉก)(Trang),0.0,ref-THA-0000295201,TH,THA,https://botany.dnp.go.th/eflora/floraspecies.html?tdcode=02177,Forest Herbarium,All rights reserved,"Rauvolfia verticillata. Flora of Thailand. Vol. 7. Part 1, 1999. Pg. 54. Accessed 2021-07-31",7,1
wfo-0000295201,ver-THA-0000295201.02,chipuk (จี้ปุก)(Northern),0.0,ref-THA-0000295201,TH,THA,https://botany.dnp.go.th/eflora/floraspecies.html?tdcode=02177,Forest Herbarium,All rights reserved,"Rauvolfia verticillata. Flora of Thailand. Vol. 7. Part 1, 1999. Pg. 54. Accessed 2021-07-31",7,1
wfo-0000295201,ver-THA-0000295201.03,phut noi (พุดน้อย)(Lampang),0.0,ref-THA-0000295201,TH,THA,https://botany.dnp.go.th/eflora/floraspecies.html?tdcode=02177,Forest Herbarium,All rights reserved,"Rauvolfia verticillata. Flora of Thailand. Vol. 7. Part 1, 1999. Pg. 54. Accessed 2021-07-31",7,1
wfo-0000295201,ver-THA-0000295201.04,ya kae rhak khom (ยาแก้ฮากขม)(Chiang Mai),0.0,ref-THA-0000295201,TH,THA,https://botany.dnp.go.th/eflora/floraspecies.html?tdcode=02177,Forest Herbarium,All rights reserved,"Rauvolfia verticillata. Flora of Thailand. Vol. 7. Part 1, 1999. Pg. 54. Accessed 2021-07-31",7,1
wfo-0001135253,ver-THA-0001135253.01,cha-sae (ชะแซ)(Karen-Mae Hong Son),0.0,ref-THA-0001135253,TH,THA,https://botany.dnp.go.th/eflora/floraspecies.html?tdcode=02386,Forest Herbarium,All rights reserved,"Sapindus rarak. Flora of Thailand. Vol. 7. Part 1, 1999. Pg. 239. Accessed 2021-07-31",7,1
wfo-0001135253,ver-THA-0001135253.02,sa-le-de (ซะเหล่เด)(Karen-Mae Hong Son),0.0,ref-THA-0001135253,TH,THA,https://botany.dnp.go.th/eflora/floraspecies.html?tdcode=02386,Forest Herbarium,All rights reserved,"Sapindus rarak. Flora of Thailand. Vol. 7. Part 1, 1999. Pg. 239. Accessed 2021-07-31",7,1
wfo-0001135253,ver-THA-0001135253.03,ma sak (หมากซัก)(Northern),0.0,ref-THA-0001135253,TH,THA,https://botany.dnp.go.th/eflora/floraspecies.html?tdcode=02386,Forest Herbarium,All rights reserved,"Sapindus rarak. Flora of Thailand. Vol. 7. Part 1, 1999. Pg. 239. Accessed 2021-07-31",7,1
wfo-0001135253,ver-THA-0001135253.04,ma sak (มะซัก)(Northern),0.0,ref-THA-0001135253,TH,THA,https://botany.dnp.go.th/eflora/floraspecies.html?tdcode=02386,Forest Herbarium,All rights reserved,"Sapindus rarak. Flora of Thailand. Vol. 7. Part 1, 1999. Pg. 239. Accessed 2021-07-31",7,1
wfo-0001135253,ver-THA-0001135253.05,sompoi thet (ส้มป่อยเทศ)(Northern),0.0,ref-THA-0001135253,TH,THA,https://botany.dnp.go.th/eflora/floraspecies.html?tdcode=02386,Forest Herbarium,All rights reserved,"Sapindus rarak. Flora of Thailand. Vol. 7. Part 1, 1999. Pg. 239. Accessed 2021-07-31",7,1
wfo-0001135253,ver-THA-0001135253.06,"makham di khwai (มะคำดีควาย)(Northern, Central)",0.0,ref-THA-0001135253,TH,THA,https://botany.dnp.go.th/eflora/floraspecies.html?tdcode=02386,Forest Herbarium,All rights reserved,"Sapindus rarak. Flora of Thailand. Vol. 7. Part 1, 1999. Pg. 239. Accessed 2021-07-31",7,1
wfo-0001135253,ver-THA-0001135253.07,prakham di khwai (ประคำดีควาย)(Central),0.0,ref-THA-0001135253,TH,THA,https://botany.dnp.go.th/eflora/floraspecies.html?tdcode=02386,Forest Herbarium,All rights reserved,"Sapindus rarak. Flora of Thailand. Vol. 7. Part 1, 1999. Pg. 239. Accessed 2021-07-31",7,1
wfo-0001134603,ver-THA-0001134603.01,"kho (ค้อ, เคาะ)(General)",0.0,ref-THA-0001134603,TH,THA,https://botany.dnp.go.th/eflora/floraspecies.html?tdcode=02388,Forest Herbarium,All rights reserved,"Schleichera oleosa. Flora of Thailand. Vol. 7. Part 1, 1999. Pg. 241. Accessed 2021-07-31",7,1
wfo-0001134603,ver-THA-0001134603.02,ta khro (ตะคร้อ)(General),0.0,ref-THA-0001134603,TH,THA,https://botany.dnp.go.th/eflora/floraspecies.html?tdcode=02388,Forest Herbarium,All rights reserved,"Schleichera oleosa. Flora of Thailand. Vol. 7. Part 1, 1999. Pg. 241. Accessed 2021-07-31",7,1
wfo-0001134603,ver-THA-0001134603.03,"chok (โจ๊ก)(Northern, Northeastern)",0.0,ref-THA-0001134603,TH,THA,https://botany.dnp.go.th/eflora/floraspecies.html?tdcode=02388,Forest Herbarium,All rights reserved,"Schleichera oleosa. Flora of Thailand. Vol. 7. Part 1, 1999. Pg. 241. Accessed 2021-07-31",7,1
wfo-0001134603,ver-THA-0001134603.04,"kho som (คอส้ม)(Northern, Northeastern)",0.0,ref-THA-0001134603,TH,THA,https://botany.dnp.go.th/eflora/floraspecies.html?tdcode=02388,Forest Herbarium,All rights reserved,"Schleichera oleosa. Flora of Thailand. Vol. 7. Part 1, 1999. Pg. 241. Accessed 2021-07-31",7,1
wfo-0001134603,ver-THA-0001134603.05,"kho chok (เคาะโจ๊ก)(Northern, Northeastern)",0.0,ref-THA-0001134603,TH,THA,https://botany.dnp.go.th/eflora/floraspecies.html?tdcode=02388,Forest Herbarium,All rights reserved,"Schleichera oleosa. Flora of Thailand. Vol. 7. Part 1, 1999. Pg. 241. Accessed 2021-07-31",7,1
wfo-0001134603,ver-THA-0001134603.06,"ma chok (มะโจ๊ก)(Northern, Northeastern)",0.0,ref-THA-0001134603,TH,THA,https://botany.dnp.go.th/eflora/floraspecies.html?tdcode=02388,Forest Herbarium,All rights reserved,"Schleichera oleosa. Flora of Thailand. Vol. 7. Part 1, 1999. Pg. 241. Accessed 2021-07-31",7,1
wfo-0001134603,ver-THA-0001134603.07,"ma kho (มะเคาะ)(Northern, Northeastern)",0.0,ref-THA-0001134603,TH,THA,https://botany.dnp.go.th/eflora/floraspecies.html?tdcode=02388,Forest Herbarium,All rights reserved,"Schleichera oleosa. Flora of Thailand. Vol. 7. Part 1, 1999. Pg. 241. Accessed 2021-07-31",7,1
wfo-0001134603,ver-THA-0001134603.08,"mai ta khro (ไม้ตะคร้อ)(Northern, Northeastern)",0.0,ref-THA-0001134603,TH,THA,https://botany.dnp.go.th/eflora/floraspecies.html?tdcode=02388,Forest Herbarium,All rights reserved,"Schleichera oleosa. Flora of Thailand. Vol. 7. Part 1, 1999. Pg. 241. Accessed 2021-07-31",7,1
wfo-0001134603,ver-THA-0001134603.09,sa-u-sek (ซะอู่เส่ก)(Karen-Mae Hong Son),0.0,ref-THA-0001134603,TH,THA,https://botany.dnp.go.th/eflora/floraspecies.html?tdcode=02388,Forest Herbarium,All rights reserved,"Schleichera oleosa. Flora of Thailand. Vol. 7. Part 1, 1999. Pg. 241. Accessed 2021-07-31",7,1
wfo-0001134603,ver-THA-0001134603.10,"mai kho (ไม้เคาะ)(Northern, Northeastern)",0.0,ref-THA-0001134603,TH,THA,https://botany.dnp.go.th/eflora/floraspecies.html?tdcode=02388,Forest Herbarium,All rights reserved,"Schleichera oleosa. Flora of Thailand. Vol. 7. Part 1, 1999. Pg. 241. Accessed 2021-07-31",7,1
wfo-0001134603,ver-THA-0001134603.11,ka-so (กาซ้อ)(Karen-Kanchanaburi),0.0,ref-THA-0001134603,TH,THA,https://botany.dnp.go.th/eflora/floraspecies.html?tdcode=02388,Forest Herbarium,All rights reserved,"Schleichera oleosa. Flora of Thailand. Vol. 7. Part 1, 1999. Pg. 241. Accessed 2021-07-31",7,1
wfo-0001134603,ver-THA-0001134603.12,ka-song (กาซ้อง)(Karen-Kanchanaburi),0.0,ref-THA-0001134603,TH,THA,https://botany.dnp.go.th/eflora/floraspecies.html?tdcode=02388,Forest Herbarium,All rights reserved,"Schleichera oleosa. Flora of Thailand. Vol. 7. Part 1, 1999. Pg. 241. Accessed 2021-07-31",7,1
wfo-0001134603,ver-THA-0001134603.13,khui (คุ้ย)(Karen-Kanchanaburi),0.0,ref-THA-0001134603,TH,THA,https://botany.dnp.go.th/eflora/floraspecies.html?tdcode=02388,Forest Herbarium,All rights reserved,"Schleichera oleosa. Flora of Thailand. Vol. 7. Part 1, 1999. Pg. 241. Accessed 2021-07-31",7,1
wfo-0001134603,ver-THA-0001134603.14,pan-rong (ปันโรง)(Khmer Buri Ram),0.0,ref-THA-0001134603,TH,THA,https://botany.dnp.go.th/eflora/floraspecies.html?tdcode=02388,Forest Herbarium,All rights reserved,"Schleichera oleosa. Flora of Thailand. Vol. 7. Part 1, 1999. Pg. 241. Accessed 2021-07-31",7,1
wfo-0001134603,ver-THA-0001134603.15,pan-rua (ปันรัว)(Khmer-Surin),0.0,ref-THA-0001134603,TH,THA,https://botany.dnp.go.th/eflora/floraspecies.html?tdcode=02388,Forest Herbarium,All rights reserved,"Schleichera oleosa. Flora of Thailand. Vol. 7. Part 1, 1999. Pg. 241. Accessed 2021-07-31",7,1
wfo-0001134603,ver-THA-0001134603.16,ta khro khai (ตะคร้อไข่)(Southwestern),0.0,ref-THA-0001134603,TH,THA,https://botany.dnp.go.th/eflora/floraspecies.html?tdcode=02388,Forest Herbarium,All rights reserved,"Schleichera oleosa. Flora of Thailand. Vol. 7. Part 1, 1999. Pg. 241. Accessed 2021-07-31",7,1
wfo-0000493154,ver-THA-0000493154.01,takhro nam (ตะคร้อหนาม)(General),0.0,ref-THA-0000493154,TH,THA,https://botany.dnp.go.th/eflora/floraspecies.html?tdcode=02390,Forest Herbarium,All rights reserved,"Sisyrolepis muricata. Flora of Thailand. Vol. 7. Part 1, 1999. Pg. 243. Accessed 2021-07-31",7,1
wfo-0000493154,ver-THA-0000493154.02,kho nam (เคาะหนาม)(Northern),0.0,ref-THA-0000493154,TH,THA,https://botany.dnp.go.th/eflora/floraspecies.html?tdcode=02390,Forest Herbarium,All rights reserved,"Sisyrolepis muricata. Flora of Thailand. Vol. 7. Part 1, 1999. Pg. 243. Accessed 2021-07-31",7,1
wfo-0000493154,ver-THA-0000493154.03,kho yum (เคาะหยุม)(Northern),0.0,ref-THA-0000493154,TH,THA,https://botany.dnp.go.th/eflora/floraspecies.html?tdcode=02390,Forest Herbarium,All rights reserved,"Sisyrolepis muricata. Flora of Thailand. Vol. 7. Part 1, 1999. Pg. 243. Accessed 2021-07-31",7,1
wfo-0000493154,ver-THA-0000493154.04,ma chok nam (มะโจ๊กหนาม)(Northern),0.0,ref-THA-0000493154,TH,THA,https://botany.dnp.go.th/eflora/floraspecies.html?tdcode=02390,Forest Herbarium,All rights reserved,"Sisyrolepis muricata. Flora of Thailand. Vol. 7. Part 1, 1999. Pg. 243. Accessed 2021-07-31",7,1
wfo-0000493154,ver-THA-0000493154.05,ma chok yum (มะโจ๊กหยุม)(Northern),0.0,ref-THA-0000493154,TH,THA,https://botany.dnp.go.th/eflora/floraspecies.html?tdcode=02390,Forest Herbarium,All rights reserved,"Sisyrolepis muricata. Flora of Thailand. Vol. 7. Part 1, 1999. Pg. 243. Accessed 2021-07-31",7,1
wfo-0000493154,ver-THA-0000493154.06,ma kho yum (มะ เคาะหยุม)(Northern),0.0,ref-THA-0000493154,TH,THA,https://botany.dnp.go.th/eflora/floraspecies.html?tdcode=02390,Forest Herbarium,All rights reserved,"Sisyrolepis muricata. Flora of Thailand. Vol. 7. Part 1, 1999. Pg. 243. Accessed 2021-07-31",7,1
wfo-0000493154,ver-THA-0000493154.07,takhro (ตะคร้อ)(Northern),0.0,ref-THA-0000493154,TH,THA,https://botany.dnp.go.th/eflora/floraspecies.html?tdcode=02390,Forest Herbarium,All rights reserved,"Sisyrolepis muricata. Flora of Thailand. Vol. 7. Part 1, 1999. Pg. 243. Accessed 2021-07-31",7,1
wfo-0000493154,ver-THA-0000493154.08,kho nam (ค้อหนาม)(Northeastern),0.0,ref-THA-0000493154,TH,THA,https://botany.dnp.go.th/eflora/floraspecies.html?tdcode=02390,Forest Herbarium,All rights reserved,"Sisyrolepis muricata. Flora of Thailand. Vol. 7. Part 1, 1999. Pg. 243. Accessed 2021-07-31",7,1
wfo-0000493154,ver-THA-0000493154.09,pan-rua (ปันรัว)(Khmer-Surin),0.0,ref-THA-0000493154,TH,THA,https://botany.dnp.go.th/eflora/floraspecies.html?tdcode=02390,Forest Herbarium,All rights reserved,"Sisyrolepis muricata. Flora of Thailand. Vol. 7. Part 1, 1999. Pg. 243. Accessed 2021-07-31",7,1
wfo-0000493154,ver-THA-0000493154.10,ta kho (ตะค้อ)(Southwestern),0.0,ref-THA-0000493154,TH,THA,https://botany.dnp.go.th/eflora/floraspecies.html?tdcode=02390,Forest Herbarium,All rights reserved,"Sisyrolepis muricata. Flora of Thailand. Vol. 7. Part 1, 1999. Pg. 243. Accessed 2021-07-31",7,1
wfo-0000313531,ver-THA-0000313531.01,phetcha hueng (เพชรหึง)(Chanthaburi),0.0,ref-THA-0000313531,TH,THA,https://botany.dnp.go.th/eflora/floraspecies.html?tdcode=02203,Forest Herbarium,All rights reserved,"Spirolobium cambodianum. Flora of Thailand. Vol. 7. Part 1, 1999. Pg. 76. Accessed 2021-07-31",7,1
wfo-0000313531,ver-THA-0000313531.02,phetcha hueng tak kat (เพชรหึงตักกาด)(Trat),0.0,ref-THA-0000313531,TH,THA,https://botany.dnp.go.th/eflora/floraspecies.html?tdcode=02203,Forest Herbarium,All rights reserved,"Spirolobium cambodianum. Flora of Thailand. Vol. 7. Part 1, 1999. Pg. 76. Accessed 2021-07-31",7,1
wfo-0000313531,ver-THA-0000313531.03,hat sakhun (หัสคุณ)(Songkhla),0.0,ref-THA-0000313531,TH,THA,https://botany.dnp.go.th/eflora/floraspecies.html?tdcode=02203,Forest Herbarium,All rights reserved,"Spirolobium cambodianum. Flora of Thailand. Vol. 7. Part 1, 1999. Pg. 76. Accessed 2021-07-31",7,1
wfo-0000317354,ver-THA-0000317354.01,yan yang luang (ย่ายางหลวง)(Peninsular),0.0,ref-THA-0000317354,TH,THA,https://botany.dnp.go.th/eflora/floraspecies.html?tdcode=02230,Forest Herbarium,All rights reserved,"Strophanthus wallichii. Flora of Thailand. Vol. 7. Part 1, 1999. Pg. 98. Accessed 2021-07-31",7,1
wfo-0000319756,ver-THA-0000319756.01,khem dong (เข็มดง)(Tak),0.0,ref-THA-0000319756,TH,THA,https://botany.dnp.go.th/eflora/floraspecies.html?tdcode=02149,Forest Herbarium,All rights reserved,"Tabernaemontana bufalina. Flora of Thailand. Vol. 7. Part 1, 1999. Pg. 30. Accessed 2021-07-31",7,1
wfo-0000319756,ver-THA-0000319756.02,sa hom (ซ้าฮ่อม)(Tak),0.0,ref-THA-0000319756,TH,THA,https://botany.dnp.go.th/eflora/floraspecies.html?tdcode=02149,Forest Herbarium,All rights reserved,"Tabernaemontana bufalina. Flora of Thailand. Vol. 7. Part 1, 1999. Pg. 30. Accessed 2021-07-31",7,1
wfo-0000319756,ver-THA-0000319756.03,phrik nai pran (พริกนายพราน)(Prachuap Khiri Khan),0.0,ref-THA-0000319756,TH,THA,https://botany.dnp.go.th/eflora/floraspecies.html?tdcode=02149,Forest Herbarium,All rights reserved,"Tabernaemontana bufalina. Flora of Thailand. Vol. 7. Part 1, 1999. Pg. 30. Accessed 2021-07-31",7,1
wfo-0000319756,ver-THA-0000319756.04,phrik pran (พริกพราน)(Prachuap Khiri Khan),0.0,ref-THA-0000319756,TH,THA,https://botany.dnp.go.th/eflora/floraspecies.html?tdcode=02149,Forest Herbarium,All rights reserved,"Tabernaemontana bufalina. Flora of Thailand. Vol. 7. Part 1, 1999. Pg. 30. Accessed 2021-07-31",7,1
wfo-0000319756,ver-THA-0000319756.05,phrik pa yai (พริกป่าใหญ่)(Chon Buri),0.0,ref-THA-0000319756,TH,THA,https://botany.dnp.go.th/eflora/floraspecies.html?tdcode=02149,Forest Herbarium,All rights reserved,"Tabernaemontana bufalina. Flora of Thailand. Vol. 7. Part 1, 1999. Pg. 30. Accessed 2021-07-31",7,1
wfo-0000319756,ver-THA-0000319756.06,phrik pa lek (พริกป่าเล็ก)(Chon Buri),0.0,ref-THA-0000319756,TH,THA,https://botany.dnp.go.th/eflora/floraspecies.html?tdcode=02149,Forest Herbarium,All rights reserved,"Tabernaemontana bufalina. Flora of Thailand. Vol. 7. Part 1, 1999. Pg. 30. Accessed 2021-07-31",7,1
wfo-0000319756,ver-THA-0000319756.07,phut noi (พุดน้อย)(Ubon Ratchathani),0.0,ref-THA-0000319756,TH,THA,https://botany.dnp.go.th/eflora/floraspecies.html?tdcode=02149,Forest Herbarium,All rights reserved,"Tabernaemontana bufalina. Flora of Thailand. Vol. 7. Part 1, 1999. Pg. 30. Accessed 2021-07-31",7,1
wfo-0000319756,ver-THA-0000319756.08,phut pa (พุดป่า)(Loei),0.0,ref-THA-0000319756,TH,THA,https://botany.dnp.go.th/eflora/floraspecies.html?tdcode=02149,Forest Herbarium,All rights reserved,"Tabernaemontana bufalina. Flora of Thailand. Vol. 7. Part 1, 1999. Pg. 30. Accessed 2021-07-31",7,1
wfo-0000319756,ver-THA-0000319756.09,mali farang (มะลิฝรั่ง)(Bangkok),0.0,ref-THA-0000319756,TH,THA,https://botany.dnp.go.th/eflora/floraspecies.html?tdcode=02149,Forest Herbarium,All rights reserved,"Tabernaemontana bufalina. Flora of Thailand. Vol. 7. Part 1, 1999. Pg. 30. Accessed 2021-07-31",7,1
wfo-0000319835,ver-THA-0000319835.01,phut pa (พุดป่า)(Lampang),0.0,ref-THA-0000319835,TH,THA,https://botany.dnp.go.th/eflora/floraspecies.html?tdcode=02151,Forest Herbarium,All rights reserved,"Tabernaemontana divaricata. Flora of Thailand. Vol. 7. Part 1, 1999. Pg. 31. Accessed 2021-07-31",7,1
wfo-0000319835,ver-THA-0000319835.02,phut chip (พุดจีบ)(Central),0.0,ref-THA-0000319835,TH,THA,https://botany.dnp.go.th/eflora/floraspecies.html?tdcode=02151,Forest Herbarium,All rights reserved,"Tabernaemontana divaricata. Flora of Thailand. Vol. 7. Part 1, 1999. Pg. 31. Accessed 2021-07-31",7,1
wfo-0000319835,ver-THA-0000319835.03,phut son (พุดซ้อน)(Central),0.0,ref-THA-0000319835,TH,THA,https://botany.dnp.go.th/eflora/floraspecies.html?tdcode=02151,Forest Herbarium,All rights reserved,"Tabernaemontana divaricata. Flora of Thailand. Vol. 7. Part 1, 1999. Pg. 31. Accessed 2021-07-31",7,1
wfo-0000319835,ver-THA-0000319835.04,phut suan (พุดสวน)(Central),0.0,ref-THA-0000319835,TH,THA,https://botany.dnp.go.th/eflora/floraspecies.html?tdcode=02151,Forest Herbarium,All rights reserved,"Tabernaemontana divaricata. Flora of Thailand. Vol. 7. Part 1, 1999. Pg. 31. Accessed 2021-07-31",7,1
wfo-0000319835,ver-THA-0000319835.05,phut sa (พุดสา)(Central),0.0,ref-THA-0000319835,TH,THA,https://botany.dnp.go.th/eflora/floraspecies.html?tdcode=02151,Forest Herbarium,All rights reserved,"Tabernaemontana divaricata. Flora of Thailand. Vol. 7. Part 1, 1999. Pg. 31. Accessed 2021-07-31",7,1
wfo-0000320046,ver-THA-0000320046.01,prik pa (พริกป่า)(Rayong),0.0,ref-THA-0000320046,TH,THA,https://botany.dnp.go.th/eflora/floraspecies.html?tdcode=02154,Forest Herbarium,All rights reserved,"Tabernaemontana pauciflora. Flora of Thailand. Vol. 7. Part 1, 1999. Pg. 33. Accessed 2021-07-31",7,1
wfo-0000320046,ver-THA-0000320046.02,prik ka (พริกกา)(Chon Buri),0.0,ref-THA-0000320046,TH,THA,https://botany.dnp.go.th/eflora/floraspecies.html?tdcode=02154,Forest Herbarium,All rights reserved,"Tabernaemontana pauciflora. Flora of Thailand. Vol. 7. Part 1, 1999. Pg. 33. Accessed 2021-07-31",7,1
wfo-0000320046,ver-THA-0000320046.03,prik pa nok (พริกป่านก)(Chon Buri),0.0,ref-THA-0000320046,TH,THA,https://botany.dnp.go.th/eflora/floraspecies.html?tdcode=02154,Forest Herbarium,All rights reserved,"Tabernaemontana pauciflora. Flora of Thailand. Vol. 7. Part 1, 1999. Pg. 33. Accessed 2021-07-31",7,1
wfo-0000323136,ver-THA-0000323136.01,sae nawa (แซน่าวา)(Northern),0.0,ref-THA-0000323136,TH,THA,https://botany.dnp.go.th/eflora/floraspecies.html?tdcode=02195,Forest Herbarium,All rights reserved,"Thevetia peruviana. Flora of Thailand. Vol. 7. Part 1, 1999. Pg. 69. Accessed 2021-07-31",7,1
wfo-0000323136,ver-THA-0000323136.02,sae sala (แซะศาลา)(Northern),0.0,ref-THA-0000323136,TH,THA,https://botany.dnp.go.th/eflora/floraspecies.html?tdcode=02195,Forest Herbarium,All rights reserved,"Thevetia peruviana. Flora of Thailand. Vol. 7. Part 1, 1999. Pg. 69. Accessed 2021-07-31",7,1
wfo-0000323136,ver-THA-0000323136.03,krabok (กระบอก)(Bangkok),0.0,ref-THA-0000323136,TH,THA,https://botany.dnp.go.th/eflora/floraspecies.html?tdcode=02195,Forest Herbarium,All rights reserved,"Thevetia peruviana. Flora of Thailand. Vol. 7. Part 1, 1999. Pg. 69. Accessed 2021-07-31",7,1
wfo-0000323136,ver-THA-0000323136.04,ka thok (กะทอก)(Bangkok),0.0,ref-THA-0000323136,TH,THA,https://botany.dnp.go.th/eflora/floraspecies.html?tdcode=02195,Forest Herbarium,All rights reserved,"Thevetia peruviana. Flora of Thailand. Vol. 7. Part 1, 1999. Pg. 69. Accessed 2021-07-31",7,1
wfo-0000323136,ver-THA-0000323136.05,ban buri (บานบุรี)(Bangkok),0.0,ref-THA-0000323136,TH,THA,https://botany.dnp.go.th/eflora/floraspecies.html?tdcode=02195,Forest Herbarium,All rights reserved,"Thevetia peruviana. Flora of Thailand. Vol. 7. Part 1, 1999. Pg. 69. Accessed 2021-07-31",7,1
wfo-0000323136,ver-THA-0000323136.06,yitho farang (ยี่โถฝรั่ง)(Bangkok),0.0,ref-THA-0000323136,TH,THA,https://botany.dnp.go.th/eflora/floraspecies.html?tdcode=02195,Forest Herbarium,All rights reserved,"Thevetia peruviana. Flora of Thailand. Vol. 7. Part 1, 1999. Pg. 69. Accessed 2021-07-31",7,1
wfo-0000323136,ver-THA-0000323136.07,ram phon (รำพน)(Central),0.0,ref-THA-0000323136,TH,THA,https://botany.dnp.go.th/eflora/floraspecies.html?tdcode=02195,Forest Herbarium,All rights reserved,"Thevetia peruviana. Flora of Thailand. Vol. 7. Part 1, 1999. Pg. 69. Accessed 2021-07-31",7,1
wfo-0000323136,ver-THA-0000323136.08,ram phoei (รำเพย)(Central),0.0,ref-THA-0000323136,TH,THA,https://botany.dnp.go.th/eflora/floraspecies.html?tdcode=02195,Forest Herbarium,All rights reserved,"Thevetia peruviana. Flora of Thailand. Vol. 7. Part 1, 1999. Pg. 69. Accessed 2021-07-31",7,1
wfo-0000330487,ver-THA-0000330487.01,yang yut (ยางยุด)(Northern),0.0,ref-THA-0000330487,TH,THA,https://botany.dnp.go.th/eflora/floraspecies.html?tdcode=02283,Forest Herbarium,All rights reserved,"Urceola latifolia. Flora of Thailand. Vol. 7. Part 1, 1999. Pg. 143. Accessed 2021-07-31",7,1
wfo-0000330495,ver-THA-0000330495.01,yang yuet (ยางยืด)(Chiang Mai),0.0,ref-THA-0000330495,TH,THA,https://botany.dnp.go.th/eflora/floraspecies.html?tdcode=02285,Forest Herbarium,All rights reserved,"Urceola micrantha. Flora of Thailand. Vol. 7. Part 1, 1999. Pg. 145. Accessed 2021-07-31",7,1
wfo-0000330495,ver-THA-0000330495.02,katang katio (กะตังกะติ้ว)(Nakhon Ratchasima),0.0,ref-THA-0000330495,TH,THA,https://botany.dnp.go.th/eflora/floraspecies.html?tdcode=02285,Forest Herbarium,All rights reserved,"Urceola micrantha. Flora of Thailand. Vol. 7. Part 1, 1999. Pg. 145. Accessed 2021-07-31",7,1
wfo-0000330504,ver-THA-0000330504.01,khruea dok saeng (เครือดอกแซ้ง)(Chiang Rai),0.0,ref-THA-0000330504,TH,THA,https://botany.dnp.go.th/eflora/floraspecies.html?tdcode=02288,Forest Herbarium,All rights reserved,"Urceola rosea. Flora of Thailand. Vol. 7. Part 1, 1999. Pg. 149. Accessed 2021-07-31",7,1
wfo-0000330504,ver-THA-0000330504.02,khruea khao muak noi (เครือเขามวกน้อย)(Lampang),0.0,ref-THA-0000330504,TH,THA,https://botany.dnp.go.th/eflora/floraspecies.html?tdcode=02288,Forest Herbarium,All rights reserved,"Urceola rosea. Flora of Thailand. Vol. 7. Part 1, 1999. Pg. 149. Accessed 2021-07-31",7,1
wfo-0000330504,ver-THA-0000330504.03,muak daeng (มวกแดง)(Lampang),0.0,ref-THA-0000330504,TH,THA,https://botany.dnp.go.th/eflora/floraspecies.html?tdcode=02288,Forest Herbarium,All rights reserved,"Urceola rosea. Flora of Thailand. Vol. 7. Part 1, 1999. Pg. 149. Accessed 2021-07-31",7,1
wfo-0000330504,ver-THA-0000330504.04,som kiap (ส้มเกียบ)(Trang),0.0,ref-THA-0000330504,TH,THA,https://botany.dnp.go.th/eflora/floraspecies.html?tdcode=02288,Forest Herbarium,All rights reserved,"Urceola rosea. Flora of Thailand. Vol. 7. Part 1, 1999. Pg. 149. Accessed 2021-07-31",7,1
wfo-0000330938,ver-THA-0000330938.01,chammanat (ชำมะนาด)(Northern),0.0,ref-THA-0000330938,TH,THA,https://botany.dnp.go.th/eflora/floraspecies.html?tdcode=02225,Forest Herbarium,All rights reserved,"Vallaris glabra. Flora of Thailand. Vol. 7. Part 1, 1999. Pg. 94. Accessed 2021-07-31",7,1
wfo-0000330938,ver-THA-0000330938.02,chammanat klang (ชำมะนาดกลาง)(Northern),0.0,ref-THA-0000330938,TH,THA,https://botany.dnp.go.th/eflora/floraspecies.html?tdcode=02225,Forest Herbarium,All rights reserved,"Vallaris glabra. Flora of Thailand. Vol. 7. Part 1, 1999. Pg. 94. Accessed 2021-07-31",7,1
wfo-0000330938,ver-THA-0000330938.03,chammanat farang (ชํามะนาดฝรั่ง)(Northern),0.0,ref-THA-0000330938,TH,THA,https://botany.dnp.go.th/eflora/floraspecies.html?tdcode=02225,Forest Herbarium,All rights reserved,"Vallaris glabra. Flora of Thailand. Vol. 7. Part 1, 1999. Pg. 94. Accessed 2021-07-31",7,1
wfo-0000330938,ver-THA-0000330938.04,dok khao mai (ดอกข้าวใหม่)(Northern),0.0,ref-THA-0000330938,TH,THA,https://botany.dnp.go.th/eflora/floraspecies.html?tdcode=02225,Forest Herbarium,All rights reserved,"Vallaris glabra. Flora of Thailand. Vol. 7. Part 1, 1999. Pg. 94. Accessed 2021-07-31",7,1
wfo-0000330951,ver-THA-0000330951.01,ya chang noi (หญ้าช้างน้อย)(Northern),0.0,ref-THA-0000330951,TH,THA,https://botany.dnp.go.th/eflora/floraspecies.html?tdcode=02226,Forest Herbarium,All rights reserved,"Vallaris solanacea. Flora of Thailand. Vol. 7. Part 1, 1999. Pg. 95. Accessed 2021-07-31",7,1
wfo-0000330951,ver-THA-0000330951.02,ya chang yoi (หญ้าช้างย้อย)(Northern),0.0,ref-THA-0000330951,TH,THA,https://botany.dnp.go.th/eflora/floraspecies.html?tdcode=02226,Forest Herbarium,All rights reserved,"Vallaris solanacea. Flora of Thailand. Vol. 7. Part 1, 1999. Pg. 95. Accessed 2021-07-31",7,1
wfo-0000330951,ver-THA-0000330951.03,hang men khruea (หางเม่นเครือ)(Northern),0.0,ref-THA-0000330951,TH,THA,https://botany.dnp.go.th/eflora/floraspecies.html?tdcode=02226,Forest Herbarium,All rights reserved,"Vallaris solanacea. Flora of Thailand. Vol. 7. Part 1, 1999. Pg. 95. Accessed 2021-07-31",7,1
wfo-0000330951,ver-THA-0000330951.04,fum fum (ฟูมฟูม)(Northeastern),0.0,ref-THA-0000330951,TH,THA,https://botany.dnp.go.th/eflora/floraspecies.html?tdcode=02226,Forest Herbarium,All rights reserved,"Vallaris solanacea. Flora of Thailand. Vol. 7. Part 1, 1999. Pg. 95. Accessed 2021-07-31",7,1
wfo-0000330951,ver-THA-0000330951.05,um fum (อู่มฟูม)(Northeastern),0.0,ref-THA-0000330951,TH,THA,https://botany.dnp.go.th/eflora/floraspecies.html?tdcode=02226,Forest Herbarium,All rights reserved,"Vallaris solanacea. Flora of Thailand. Vol. 7. Part 1, 1999. Pg. 95. Accessed 2021-07-31",7,1
wfo-0000330951,ver-THA-0000330951.06,chammanat lek (ชำมะนาดเล็ก)(Central),0.0,ref-THA-0000330951,TH,THA,https://botany.dnp.go.th/eflora/floraspecies.html?tdcode=02226,Forest Herbarium,All rights reserved,"Vallaris solanacea. Flora of Thailand. Vol. 7. Part 1, 1999. Pg. 95. Accessed 2021-07-31",7,1
wfo-0000334368,ver-THA-0000334368.01,khui (คุย)(Peninsular),0.0,ref-THA-0000334368,TH,THA,https://botany.dnp.go.th/eflora/floraspecies.html?tdcode=02137,Forest Herbarium,All rights reserved,"Willughbeia coriacea. Flora of Thailand. Vol. 7. Part 1, 1999. Pg. 19. Accessed 2021-07-31",7,1
wfo-0000334368,ver-THA-0000334368.02,a-ka kue-lo (อากากือเลาะ)(Malay-Pattani),0.0,ref-THA-0000334368,TH,THA,https://botany.dnp.go.th/eflora/floraspecies.html?tdcode=02137,Forest Herbarium,All rights reserved,"Willughbeia coriacea. Flora of Thailand. Vol. 7. Part 1, 1999. Pg. 19. Accessed 2021-07-31",7,1
wfo-0000334368,ver-THA-0000334368.03,gut-ta ga-roo (กัตตากาโร)(Malay),0.0,ref-THA-0000334368,TH,THA,https://botany.dnp.go.th/eflora/floraspecies.html?tdcode=02137,Forest Herbarium,All rights reserved,"Willughbeia coriacea. Flora of Thailand. Vol. 7. Part 1, 1999. Pg. 19. Accessed 2021-07-31",7,1
wfo-0000334372,ver-THA-0000334372.01,ka tang ka tio (กะตังกะตั้ว)(Central),0.0,ref-THA-0000334372,TH,THA,https://botany.dnp.go.th/eflora/floraspecies.html?tdcode=02138,Forest Herbarium,All rights reserved,"Willughbeia edulis. Flora of Thailand. Vol. 7. Part 1, 1999. Pg. 20. Accessed 2021-07-31",7,1
wfo-0000334372,ver-THA-0000334372.02,khui (คุย)(Peninsular),0.0,ref-THA-0000334372,TH,THA,https://botany.dnp.go.th/eflora/floraspecies.html?tdcode=02138,Forest Herbarium,All rights reserved,"Willughbeia edulis. Flora of Thailand. Vol. 7. Part 1, 1999. Pg. 20. Accessed 2021-07-31",7,1
wfo-0000334372,ver-THA-0000334372.03,khui chang (คุยช้าง)(Prachin Buri),0.0,ref-THA-0000334372,TH,THA,https://botany.dnp.go.th/eflora/floraspecies.html?tdcode=02138,Forest Herbarium,All rights reserved,"Willughbeia edulis. Flora of Thailand. Vol. 7. Part 1, 1999. Pg. 20. Accessed 2021-07-31",7,1
wfo-0000334372,ver-THA-0000334372.04,khui nang (คุยหนัง)(Rayong),0.0,ref-THA-0000334372,TH,THA,https://botany.dnp.go.th/eflora/floraspecies.html?tdcode=02138,Forest Herbarium,All rights reserved,"Willughbeia edulis. Flora of Thailand. Vol. 7. Part 1, 1999. Pg. 20. Accessed 2021-07-31",7,1
wfo-0000334509,ver-THA-0000334509.01,muk noi (มูกน้อย)(General),0.0,ref-THA-0000334509,TH,THA,https://botany.dnp.go.th/eflora/floraspecies.html?tdcode=02209,Forest Herbarium,All rights reserved,"Wrightia arborea. Flora of Thailand. Vol. 7. Part 1, 1999. Pg. 81. Accessed 2021-07-31",7,1
wfo-0000334509,ver-THA-0000334509.02,mok noi (โมกน้อย)(General),0.0,ref-THA-0000334509,TH,THA,https://botany.dnp.go.th/eflora/floraspecies.html?tdcode=02209,Forest Herbarium,All rights reserved,"Wrightia arborea. Flora of Thailand. Vol. 7. Part 1, 1999. Pg. 81. Accessed 2021-07-31",7,1
wfo-0000334509,ver-THA-0000334509.03,mok man (โมกมัน)(General),0.0,ref-THA-0000334509,TH,THA,https://botany.dnp.go.th/eflora/floraspecies.html?tdcode=02209,Forest Herbarium,All rights reserved,"Wrightia arborea. Flora of Thailand. Vol. 7. Part 1, 1999. Pg. 81. Accessed 2021-07-31",7,1
wfo-0000334509,ver-THA-0000334509.04,muk man (มูกมัน)(General),0.0,ref-THA-0000334509,TH,THA,https://botany.dnp.go.th/eflora/floraspecies.html?tdcode=02209,Forest Herbarium,All rights reserved,"Wrightia arborea. Flora of Thailand. Vol. 7. Part 1, 1999. Pg. 81. Accessed 2021-07-31",7,1
wfo-0000334509,ver-THA-0000334509.05,se-thue (เส่ทือ)(Karen-Mae Hong Son),0.0,ref-THA-0000334509,TH,THA,https://botany.dnp.go.th/eflora/floraspecies.html?tdcode=02209,Forest Herbarium,All rights reserved,"Wrightia arborea. Flora of Thailand. Vol. 7. Part 1, 1999. Pg. 81. Accessed 2021-07-31",7,1
wfo-0000334509,ver-THA-0000334509.06,nae-kae (แนแก)(Karen-Mae Hong Son),0.0,ref-THA-0000334509,TH,THA,https://botany.dnp.go.th/eflora/floraspecies.html?tdcode=02209,Forest Herbarium,All rights reserved,"Wrightia arborea. Flora of Thailand. Vol. 7. Part 1, 1999. Pg. 81. Accessed 2021-07-31",7,1
wfo-0000334526,ver-THA-0000334526.01,mok pa (โมกป่า)(Chanthaburi),0.0,ref-THA-0000334526,TH,THA,https://botany.dnp.go.th/eflora/floraspecies.html?tdcode=02211,Forest Herbarium,All rights reserved,"Wrightia dubia. Flora of Thailand. Vol. 7. Part 1, 1999. Pg. 83. Accessed 2021-07-31",7,1
wfo-0000334526,ver-THA-0000334526.02,mu (มุ)(Peninsular),0.0,ref-THA-0000334526,TH,THA,https://botany.dnp.go.th/eflora/floraspecies.html?tdcode=02211,Forest Herbarium,All rights reserved,"Wrightia dubia. Flora of Thailand. Vol. 7. Part 1, 1999. Pg. 83. Accessed 2021-07-31",7,1
wfo-0000334526,ver-THA-0000334526.03,muk (มูก)(Peninsular),0.0,ref-THA-0000334526,TH,THA,https://botany.dnp.go.th/eflora/floraspecies.html?tdcode=02211,Forest Herbarium,All rights reserved,"Wrightia dubia. Flora of Thailand. Vol. 7. Part 1, 1999. Pg. 83. Accessed 2021-07-31",7,1
wfo-0000334526,ver-THA-0000334526.04,mok daeng (โมกแดง)(Peninsular),0.0,ref-THA-0000334526,TH,THA,https://botany.dnp.go.th/eflora/floraspecies.html?tdcode=02211,Forest Herbarium,All rights reserved,"Wrightia dubia. Flora of Thailand. Vol. 7. Part 1, 1999. Pg. 83. Accessed 2021-07-31",7,1
wfo-0000334542,ver-THA-0000334542.01,mok khao (โมกเขา)(Pachuap Khiri Khan),0.0,ref-THA-0000334542,TH,THA,https://botany.dnp.go.th/eflora/floraspecies.html?tdcode=02213,Forest Herbarium,All rights reserved,"Wrightia lanceolata. Flora of Thailand. Vol. 7. Part 1, 1999. Pg. 85. Accessed 2021-07-31",7,1
wfo-0000334559,ver-THA-0000334559.01,muk (มูก)(Central),0.0,ref-THA-0000334559,TH,THA,https://botany.dnp.go.th/eflora/floraspecies.html?tdcode=02215,Forest Herbarium,All rights reserved,"Wrightia pubescens. Flora of Thailand. Vol. 7. Part 1, 1999. Pg. 86. Accessed 2021-07-31",7,1
wfo-0000334559,ver-THA-0000334559.02,mok (โมก)(Central),0.0,ref-THA-0000334559,TH,THA,https://botany.dnp.go.th/eflora/floraspecies.html?tdcode=02215,Forest Herbarium,All rights reserved,"Wrightia pubescens. Flora of Thailand. Vol. 7. Part 1, 1999. Pg. 86. Accessed 2021-07-31",7,1
wfo-0000334559,ver-THA-0000334559.03,mok man (โมกมัน)(Chon Buri),0.0,ref-THA-0000334559,TH,THA,https://botany.dnp.go.th/eflora/floraspecies.html?tdcode=02215,Forest Herbarium,All rights reserved,"Wrightia pubescens. Flora of Thailand. Vol. 7. Part 1, 1999. Pg. 86. Accessed 2021-07-31",7,1
wfo-0000334559,ver-THA-0000334559.04,muk kuea (มูกเกื้อ)(Chanthaburi),0.0,ref-THA-0000334559,TH,THA,https://botany.dnp.go.th/eflora/floraspecies.html?tdcode=02215,Forest Herbarium,All rights reserved,"Wrightia pubescens. Flora of Thailand. Vol. 7. Part 1, 1999. Pg. 86. Accessed 2021-07-31",7,1
wfo-0000334567,ver-THA-0000334567.01,pit-chong-wa (ปิดจงวา)(Khmer-Surin),0.0,ref-THA-0000334567,TH,THA,https://botany.dnp.go.th/eflora/floraspecies.html?tdcode=02216,Forest Herbarium,All rights reserved,"Wrightia religiosa. Flora of Thailand. Vol. 7. Part 1, 1999. Pg. 88. Accessed 2021-07-31",7,1
wfo-0000334567,ver-THA-0000334567.02,lak pa (หลักป่า)(Rayong),0.0,ref-THA-0000334567,TH,THA,https://botany.dnp.go.th/eflora/floraspecies.html?tdcode=02216,Forest Herbarium,All rights reserved,"Wrightia religiosa. Flora of Thailand. Vol. 7. Part 1, 1999. Pg. 88. Accessed 2021-07-31",7,1
wfo-0000334567,ver-THA-0000334567.03,mok son (โมกซ้อน)(Central),0.0,ref-THA-0000334567,TH,THA,https://botany.dnp.go.th/eflora/floraspecies.html?tdcode=02216,Forest Herbarium,All rights reserved,"Wrightia religiosa. Flora of Thailand. Vol. 7. Part 1, 1999. Pg. 88. Accessed 2021-07-31",7,1
wfo-0000334567,ver-THA-0000334567.04,mok ban (โมกบ้าน)(Central),0.0,ref-THA-0000334567,TH,THA,https://botany.dnp.go.th/eflora/floraspecies.html?tdcode=02216,Forest Herbarium,All rights reserved,"Wrightia religiosa. Flora of Thailand. Vol. 7. Part 1, 1999. Pg. 88. Accessed 2021-07-31",7,1
wfo-0000428410,ver-THA-0000428410.01,kho laen (คอแลน)(General),0.0,ref-THA-0000428410,TH,THA,https://botany.dnp.go.th/eflora/floraspecies.html?tdcode=02393,Forest Herbarium,All rights reserved,"Xerospermum noronhianum. Flora of Thailand. Vol. 7. Part 1, 1999. Pg. 246. Accessed 2021-07-31",7,1
wfo-0000428410,ver-THA-0000428410.02,mak kho laen (หมักคอแลน)(Northern),0.0,ref-THA-0000428410,TH,THA,https://botany.dnp.go.th/eflora/floraspecies.html?tdcode=02393,Forest Herbarium,All rights reserved,"Xerospermum noronhianum. Flora of Thailand. Vol. 7. Part 1, 1999. Pg. 246. Accessed 2021-07-31",7,1
wfo-0000428410,ver-THA-0000428410.03,kaem sang (แคมซาง)(Southeastern),0.0,ref-THA-0000428410,TH,THA,https://botany.dnp.go.th/eflora/floraspecies.html?tdcode=02393,Forest Herbarium,All rights reserved,"Xerospermum noronhianum. Flora of Thailand. Vol. 7. Part 1, 1999. Pg. 246. Accessed 2021-07-31",7,1
wfo-0000428410,ver-THA-0000428410.04,kha yao (ขะเหย้า)(Southeastern),0.0,ref-THA-0000428410,TH,THA,https://botany.dnp.go.th/eflora/floraspecies.html?tdcode=02393,Forest Herbarium,All rights reserved,"Xerospermum noronhianum. Flora of Thailand. Vol. 7. Part 1, 1999. Pg. 246. Accessed 2021-07-31",7,1
wfo-0000428410,ver-THA-0000428410.05,kho hia (คอเหี้ย)(Southeastern),0.0,ref-THA-0000428410,TH,THA,https://botany.dnp.go.th/eflora/floraspecies.html?tdcode=02393,Forest Herbarium,All rights reserved,"Xerospermum noronhianum. Flora of Thailand. Vol. 7. Part 1, 1999. Pg. 246. Accessed 2021-07-31",7,1
wfo-0000428410,ver-THA-0000428410.06,sa la man (สะละมาน)(Southeastern),0.0,ref-THA-0000428410,TH,THA,https://botany.dnp.go.th/eflora/floraspecies.html?tdcode=02393,Forest Herbarium,All rights reserved,"Xerospermum noronhianum. Flora of Thailand. Vol. 7. Part 1, 1999. Pg. 246. Accessed 2021-07-31",7,1
wfo-0000428410,ver-THA-0000428410.07,cha luan (ช้าลวน)(Peninsular),0.0,ref-THA-0000428410,TH,THA,https://botany.dnp.go.th/eflora/floraspecies.html?tdcode=02393,Forest Herbarium,All rights reserved,"Xerospermum noronhianum. Flora of Thailand. Vol. 7. Part 1, 1999. Pg. 246. Accessed 2021-07-31",7,1
wfo-0000428410,ver-THA-0000428410.08,chet mon tan (เชตมอนตาล)(Peninsular),0.0,ref-THA-0000428410,TH,THA,https://botany.dnp.go.th/eflora/floraspecies.html?tdcode=02393,Forest Herbarium,All rights reserved,"Xerospermum noronhianum. Flora of Thailand. Vol. 7. Part 1, 1999. Pg. 246. Accessed 2021-07-31",7,1
wfo-0000428410,ver-THA-0000428410.09,kho laen khao (คอแลนเขา)(Peninsular),0.0,ref-THA-0000428410,TH,THA,https://botany.dnp.go.th/eflora/floraspecies.html?tdcode=02393,Forest Herbarium,All rights reserved,"Xerospermum noronhianum. Flora of Thailand. Vol. 7. Part 1, 1999. Pg. 246. Accessed 2021-07-31",7,1
wfo-0000428410,ver-THA-0000428410.10,laen ban (แลนบาน)(Peninsular),0.0,ref-THA-0000428410,TH,THA,https://botany.dnp.go.th/eflora/floraspecies.html?tdcode=02393,Forest Herbarium,All rights reserved,"Xerospermum noronhianum. Flora of Thailand. Vol. 7. Part 1, 1999. Pg. 246. Accessed 2021-07-31",7,1
wfo-0000428410,ver-THA-0000428410.11,mai ai dong (ไม้ไอ้ดง)(Peninsular),0.0,ref-THA-0000428410,TH,THA,https://botany.dnp.go.th/eflora/floraspecies.html?tdcode=02393,Forest Herbarium,All rights reserved,"Xerospermum noronhianum. Flora of Thailand. Vol. 7. Part 1, 1999. Pg. 246. Accessed 2021-07-31",7,1
wfo-0000429322,ver-THA-0000429322.01,khi non (ขี้หนอน)(General),0.0,ref-THA-0000429322,TH,THA,https://botany.dnp.go.th/eflora/floraspecies.html?tdcode=02395,Forest Herbarium,All rights reserved,"Zollingeria dongnaiensis. Flora of Thailand. Vol. 7. Part 1, 1999. Pg. 248. Accessed 2021-07-31",7,1
wfo-0000429322,ver-THA-0000429322.02,"khi mot (ขี้มด)(Northeastern, Eastern)",0.0,ref-THA-0000429322,TH,THA,https://botany.dnp.go.th/eflora/floraspecies.html?tdcode=02395,Forest Herbarium,All rights reserved,"Zollingeria dongnaiensis. Flora of Thailand. Vol. 7. Part 1, 1999. Pg. 248. Accessed 2021-07-31",7,1
