"wfo_id","description","type","BibliographicCitation","URL","licence","provider"
"wfo-1200001388","Epiphytic in high rain forest, in stunted forest on a crater rim, and moss forest on mountain ridge, 180–2400m Fl. Oct., Dec.","Ecology","Argent G. 2015, Rhododendrons subgen. Vireya 2nd edn.","https://research-scotland.ac.uk/items/235dc3cf-47be-44c3-9438-fb1803f4141f#:~:text=https%3A//hdl.handle.net/20.500.12594/1547","CC0 1.0 Universal (CC0 1.0)","Royal Botanic Garden Edinburgh"
"wfo-0001250632","Epiphytic in forest, sometimes pendulous from the trunks of trees and on exposed rocks and cliffs,1800–4200m.","Ecology","Argent G. 2015, Rhododendrons subgen. Vireya 2nd edn.","https://research-scotland.ac.uk/items/235dc3cf-47be-44c3-9438-fb1803f4141f#:~:text=https%3A//hdl.handle.net/20.500.12594/1547","CC0 1.0 Universal (CC0 1.0)","Royal Botanic Garden Edinburgh"
"wfo-0000405404","Growing hanging from large tree trunks with little moss at 1600m.","Ecology","Argent G. 2015, Rhododendrons subgen. Vireya 2nd edn.","https://research-scotland.ac.uk/items/235dc3cf-47be-44c3-9438-fb1803f4141f#:~:text=https%3A//hdl.handle.net/20.500.12594/1547","CC0 1.0 Universal (CC0 1.0)","Royal Botanic Garden Edinburgh"
"wfo-0001250631","Epiphytic on alders and other trees in open pastures. On boulders in the valley of the Di Chu (Kingdon-Ward 7163), 1900–2100m.","Ecology","Argent G. 2015, Rhododendrons subgen. Vireya 2nd edn.","https://research-scotland.ac.uk/items/235dc3cf-47be-44c3-9438-fb1803f4141f#:~:text=https%3A//hdl.handle.net/20.500.12594/1547","CC0 1.0 Universal (CC0 1.0)","Royal Botanic Garden Edinburgh"
"wfo-0000400684","An epiphyte in temperate rain forest at 1800–2100m. Said to grow with R. vaccinioides but to flower earlier than that species, the flowers being reported for April and as almost over in May.","Ecology","Argent G. 2015, Rhododendrons subgen. Vireya 2nd edn.","https://research-scotland.ac.uk/items/235dc3cf-47be-44c3-9438-fb1803f4141f#:~:text=https%3A//hdl.handle.net/20.500.12594/1547","CC0 1.0 Universal (CC0 1.0)","Royal Botanic Garden Edinburgh"
"wfo-0001228141","Growing terrestrially amongst rocks.","Ecology","Argent G. 2015, Rhododendrons subgen. Vireya 2nd edn.","https://research-scotland.ac.uk/items/235dc3cf-47be-44c3-9438-fb1803f4141f#:~:text=https%3A//hdl.handle.net/20.500.12594/1547","CC0 1.0 Universal (CC0 1.0)","Royal Botanic Garden Edinburgh"
"wfo-1200001339","In tropical monsoon forests, often epiphytic on branches of trees, 1200–2900m.","Ecology","Argent G. 2015, Rhododendrons subgen. Vireya 2nd edn.","https://research-scotland.ac.uk/items/235dc3cf-47be-44c3-9438-fb1803f4141f#:~:text=https%3A//hdl.handle.net/20.500.12594/1547","CC0 1.0 Universal (CC0 1.0)","Royal Botanic Garden Edinburgh"
"wfo-0001231548","Altitiude: 1200–2180m. Recorded flowering in Aug. and Oct.","Ecology","Argent G. 2015, Rhododendrons subgen. Vireya 2nd edn.","https://research-scotland.ac.uk/items/235dc3cf-47be-44c3-9438-fb1803f4141f#:~:text=https%3A//hdl.handle.net/20.500.12594/1547","CC0 1.0 Universal (CC0 1.0)","Royal Botanic Garden Edinburgh"
"wfo-0000405481","Altitude: 1400–1700m. Fl. July.","Ecology","Argent G. 2015, Rhododendrons subgen. Vireya 2nd edn.","https://research-scotland.ac.uk/items/235dc3cf-47be-44c3-9438-fb1803f4141f#:~:text=https%3A//hdl.handle.net/20.500.12594/1547","CC0 1.0 Universal (CC0 1.0)","Royal Botanic Garden Edinburgh"
"wfo-0001231547","In mixed forests on the ground in light shade or exposed on ridges on rocky sometimes limestone mountains, 1000–1800m. Fl. Sept.–Oct., although one plant was flowering in June. The fruit said to be ripe Sept.–Oct. of the following year.","Ecology","Argent G. 2015, Rhododendrons subgen. Vireya 2nd edn.","https://research-scotland.ac.uk/items/235dc3cf-47be-44c3-9438-fb1803f4141f#:~:text=https%3A//hdl.handle.net/20.500.12594/1547","CC0 1.0 Universal (CC0 1.0)","Royal Botanic Garden Edinburgh"
"wfo-0001257577","In secondary, broad-leaved forest with a few conifers at 1800m altitude.","Ecology","Argent G. 2015, Rhododendrons subgen. Vireya 2nd edn.","https://research-scotland.ac.uk/items/235dc3cf-47be-44c3-9438-fb1803f4141f#:~:text=https%3A//hdl.handle.net/20.500.12594/1547","CC0 1.0 Universal (CC0 1.0)","Royal Botanic Garden Edinburgh"
"wfo-0001243284","Epiphytic. Fl. June, fr. Oct.","Ecology","Argent G. 2015, Rhododendrons subgen. Vireya 2nd edn.","https://research-scotland.ac.uk/items/235dc3cf-47be-44c3-9438-fb1803f4141f#:~:text=https%3A//hdl.handle.net/20.500.12594/1547","CC0 1.0 Universal (CC0 1.0)","Royal Botanic Garden Edinburgh"
"wfo-0001048928","Growing in sub-montane, humid forest, epiphytic on the trunks of Chamaecyparis formosensis Matsum. or terrestrial in open areas at 1400–2400m. Fl. June–July.","Ecology","Argent G. 2015, Rhododendrons subgen. Vireya 2nd edn.","https://research-scotland.ac.uk/items/235dc3cf-47be-44c3-9438-fb1803f4141f#:~:text=https%3A//hdl.handle.net/20.500.12594/1547","CC0 1.0 Universal (CC0 1.0)","Royal Botanic Garden Edinburgh"
"wfo-0000405378","Epiphytic or terrestrial shrub in summit vegetation, sometimes regenerating along roadside cuttings, 1465–2135m. Fl. fr. Jan.–April.","Ecology","Argent G. 2015, Rhododendrons subgen. Vireya 2nd edn.","https://research-scotland.ac.uk/items/235dc3cf-47be-44c3-9438-fb1803f4141f#:~:text=https%3A//hdl.handle.net/20.500.12594/1547","CC0 1.0 Universal (CC0 1.0)","Royal Botanic Garden Edinburgh"
"wfo-0000405384","Altitude 1675m. Fl. Feb.–March.","Ecology","Argent G. 2015, Rhododendrons subgen. Vireya 2nd edn.","https://research-scotland.ac.uk/items/235dc3cf-47be-44c3-9438-fb1803f4141f#:~:text=https%3A//hdl.handle.net/20.500.12594/1547","CC0 1.0 Universal (CC0 1.0)","Royal Botanic Garden Edinburgh"
"wfo-0000405478","Epiphytic in mossy forest or on moss-covered ground, said to be locally plentiful on Mt Kerbau, 1525–2135m.","Ecology","Argent G. 2015, Rhododendrons subgen. Vireya 2nd edn.","https://research-scotland.ac.uk/items/235dc3cf-47be-44c3-9438-fb1803f4141f#:~:text=https%3A//hdl.handle.net/20.500.12594/1547","CC0 1.0 Universal (CC0 1.0)","Royal Botanic Garden Edinburgh"
"wfo-0000400481","In open summit heathland, 2600–3460m. ","Ecology","Argent G. 2015, Rhododendrons subgen. Vireya 2nd edn.","https://research-scotland.ac.uk/items/235dc3cf-47be-44c3-9438-fb1803f4141f#:~:text=https%3A//hdl.handle.net/20.500.12594/1547","CC0 1.0 Universal (CC0 1.0)","Royal Botanic Garden Edinburgh"
"wfo-1200001451","Mostly terrestrial in sub-alpine mossy forests or shrubberies, in soil rich in humus and the moss-cushions of old fallen trees, but also on sandy, stony or rocky ground, often near craters and solfataras, where it occurs as very low, creeping, small-leafed, exposed forms. The root system extends near the surface of the ground and the stems root adventitiously; locally common, 1350–3400m. Flowering throughout the year; the flowers are recorded as visited by small honey birds (Aethopyga) and bumble bees.","Ecology","Argent G. 2015, Rhododendrons subgen. Vireya 2nd edn.","https://research-scotland.ac.uk/items/235dc3cf-47be-44c3-9438-fb1803f4141f#:~:text=https%3A//hdl.handle.net/20.500.12594/1547","CC0 1.0 Universal (CC0 1.0)","Royal Botanic Garden Edinburgh"
"wfo-1200001452","On forested slopes at 2330m. ","Ecology","Argent G. 2015, Rhododendrons subgen. Vireya 2nd edn.","https://research-scotland.ac.uk/items/235dc3cf-47be-44c3-9438-fb1803f4141f#:~:text=https%3A//hdl.handle.net/20.500.12594/1547","CC0 1.0 Universal (CC0 1.0)","Royal Botanic Garden Edinburgh"
"wfo-1000040555","In low forest at 2330m.","Ecology","Argent G. 2015, Rhododendrons subgen. Vireya 2nd edn.","https://research-scotland.ac.uk/items/235dc3cf-47be-44c3-9438-fb1803f4141f#:~:text=https%3A//hdl.handle.net/20.500.12594/1547","CC0 1.0 Universal (CC0 1.0)","Royal Botanic Garden Edinburgh"
"wfo-1200001299","Mostly epiphytic in montane forest.","Ecology","Argent G. 2015, Rhododendrons subgen. Vireya 2nd edn.","https://research-scotland.ac.uk/items/235dc3cf-47be-44c3-9438-fb1803f4141f#:~:text=https%3A//hdl.handle.net/20.500.12594/1547","CC0 1.0 Universal (CC0 1.0)","Royal Botanic Garden Edinburgh"
"wfo-0001365521","Mostly epiphytic in sub-montane mossy forest, low shrubby kerangas and amongst bare sandstone rocks, 1200–1900m. Fl. Jan.–Dec. ","Ecology","Argent G. 2015, Rhododendrons subgen. Vireya 2nd edn.","https://research-scotland.ac.uk/items/235dc3cf-47be-44c3-9438-fb1803f4141f#:~:text=https%3A//hdl.handle.net/20.500.12594/1547","CC0 1.0 Universal (CC0 1.0)","Royal Botanic Garden Edinburgh"
"wfo-0001366614","Epiphytic in sub-montane forest, or terrestrial in open peaty locations, locally abundant. c.1300m. Fl. June.","Ecology","Argent G. 2015, Rhododendrons subgen. Vireya 2nd edn.","https://research-scotland.ac.uk/items/235dc3cf-47be-44c3-9438-fb1803f4141f#:~:text=https%3A//hdl.handle.net/20.500.12594/1547","CC0 1.0 Universal (CC0 1.0)","Royal Botanic Garden Edinburgh"
"wfo-0000400466","Altitude: 1800–2300m. Fl. Apr, Oct.; probably continuously.","Ecology","Argent G. 2015, Rhododendrons subgen. Vireya 2nd edn.","https://research-scotland.ac.uk/items/235dc3cf-47be-44c3-9438-fb1803f4141f#:~:text=https%3A//hdl.handle.net/20.500.12594/1547","CC0 1.0 Universal (CC0 1.0)","Royal Botanic Garden Edinburgh"
"wfo-1200001316","Mostly terrestrial, sometimes epiphytic. Common on Mt Kinabalu from 1500 to 2800m, where it occupies a zone between that of R. borneense and R. ericoides. Fl. Jan.–Dec. but apparently not continuously, having rest periods between flushes of flowers.","Ecology","Argent G. 2015, Rhododendrons subgen. Vireya 2nd edn.","https://research-scotland.ac.uk/items/235dc3cf-47be-44c3-9438-fb1803f4141f#:~:text=https%3A//hdl.handle.net/20.500.12594/1547","CC0 1.0 Universal (CC0 1.0)","Royal Botanic Garden Edinburgh"
"wfo-1200001317","Mossy ground on shaded ridges c. 1000m.","Ecology","Argent G. 2015, Rhododendrons subgen. Vireya 2nd edn.","https://research-scotland.ac.uk/items/235dc3cf-47be-44c3-9438-fb1803f4141f#:~:text=https%3A//hdl.handle.net/20.500.12594/1547","CC0 1.0 Universal (CC0 1.0)","Royal Botanic Garden Edinburgh"
"wfo-0000747041","Epiphytic on felled Pinus eremitana and on limestone rocks at summit of mountain in shade of gymnosperms, c.1300m. Fl. June–Aug.Epiphytic on felled Pinus eremitana and on limestone rocks at summit of mountain in shade of gymnosperms, c.1300m. Fl. June–Aug.","Ecology","Argent G. 2015, Rhododendrons subgen. Vireya 2nd edn.","https://research-scotland.ac.uk/items/235dc3cf-47be-44c3-9438-fb1803f4141f#:~:text=https%3A//hdl.handle.net/20.500.12594/1547","CC0 1.0 Universal (CC0 1.0)","Royal Botanic Garden Edinburgh"
"wfo-0000400815","In primary mossy forest, abundant terrestrially on the open granite dome in exposed sunny places, 2700–4000m. Fl. Jan.–Dec.","Ecology","Argent G. 2015, Rhododendrons subgen. Vireya 2nd edn.","https://research-scotland.ac.uk/items/235dc3cf-47be-44c3-9438-fb1803f4141f#:~:text=https%3A//hdl.handle.net/20.500.12594/1547","CC0 1.0 Universal (CC0 1.0)","Royal Botanic Garden Edinburgh"
"wfo-1200001405","Open country, occasional shrubs with a great deal of bare ground near the summit at 3100–3300m. Fl. March, June, probably continuously.","Ecology","Argent G. 2015, Rhododendrons subgen. Vireya 2nd edn.","https://research-scotland.ac.uk/items/235dc3cf-47be-44c3-9438-fb1803f4141f#:~:text=https%3A//hdl.handle.net/20.500.12594/1547","CC0 1.0 Universal (CC0 1.0)","Royal Botanic Garden Edinburgh"
"wfo-1200001406","Frequent on rocks, at 3200–3250m. Fl. June.","Ecology","Argent G. 2015, Rhododendrons subgen. Vireya 2nd edn.","https://research-scotland.ac.uk/items/235dc3cf-47be-44c3-9438-fb1803f4141f#:~:text=https%3A//hdl.handle.net/20.500.12594/1547","CC0 1.0 Universal (CC0 1.0)","Royal Botanic Garden Edinburgh"
"wfo-0000400286","Open forest or sub-montane shrubberies, 2000–3000m. Fl. June–Nov.","Ecology","Argent G. 2015, Rhododendrons subgen. Vireya 2nd edn.","https://research-scotland.ac.uk/items/235dc3cf-47be-44c3-9438-fb1803f4141f#:~:text=https%3A//hdl.handle.net/20.500.12594/1547","CC0 1.0 Universal (CC0 1.0)","Royal Botanic Garden Edinburgh"
"wfo-0000400289","Locally common to abundant, mostly epiphytic, often in limestone areas, 1800–2000m. Fl. Feb., July.","Ecology","Argent G. 2015, Rhododendrons subgen. Vireya 2nd edn.","https://research-scotland.ac.uk/items/235dc3cf-47be-44c3-9438-fb1803f4141f#:~:text=https%3A//hdl.handle.net/20.500.12594/1547","CC0 1.0 Universal (CC0 1.0)","Royal Botanic Garden Edinburgh"
"wfo-1200001439","Terrestrial, or rarely epiphytic. On rocky open slopes, 1330–2100m, abundant. Fl. May–June, Sept.","Ecology","Argent G. 2015, Rhododendrons subgen. Vireya 2nd edn.","https://research-scotland.ac.uk/items/235dc3cf-47be-44c3-9438-fb1803f4141f#:~:text=https%3A//hdl.handle.net/20.500.12594/1547","CC0 1.0 Universal (CC0 1.0)","Royal Botanic Garden Edinburgh"
"wfo-1200001568","Dense moss forest on summits, sometimes epiphytic, 1600–2440m. Fl. Jan.–Dec.","Ecology","Argent G. 2015, Rhododendrons subgen. Vireya 2nd edn.","https://research-scotland.ac.uk/items/235dc3cf-47be-44c3-9438-fb1803f4141f#:~:text=https%3A//hdl.handle.net/20.500.12594/1547","CC0 1.0 Universal (CC0 1.0)","Royal Botanic Garden Edinburgh"
"wfo-1200001440","Mossy oak (Castanopsis) forest, also in open secondary areas; locally common, 1300–2400m. Fl. Jan.–Dec.","Ecology","Argent G. 2015, Rhododendrons subgen. Vireya 2nd edn.","https://research-scotland.ac.uk/items/235dc3cf-47be-44c3-9438-fb1803f4141f#:~:text=https%3A//hdl.handle.net/20.500.12594/1547","CC0 1.0 Universal (CC0 1.0)","Royal Botanic Garden Edinburgh"
"wfo-1200001437","Open exposed ridges, 1800–2400m.","Ecology","Argent G. 2015, Rhododendrons subgen. Vireya 2nd edn.","https://research-scotland.ac.uk/items/235dc3cf-47be-44c3-9438-fb1803f4141f#:~:text=https%3A//hdl.handle.net/20.500.12594/1547","CC0 1.0 Universal (CC0 1.0)","Royal Botanic Garden Edinburgh"
"wfo-1200001382","In forests, generally epiphytic, but also terrestrial in swampy or alpine shrubberies, on exposed summits, on poor clay or sandy soil, 1190–3200m. Fl. Jan.–Dec.","Ecology","Argent G. 2015, Rhododendrons subgen. Vireya 2nd edn.","https://research-scotland.ac.uk/items/235dc3cf-47be-44c3-9438-fb1803f4141f#:~:text=https%3A//hdl.handle.net/20.500.12594/1547","CC0 1.0 Universal (CC0 1.0)","Royal Botanic Garden Edinburgh"
"wfo-1200001379","In brushwood at 2800–2890m. Fl. June.","Ecology","Argent G. 2015, Rhododendrons subgen. Vireya 2nd edn.","https://research-scotland.ac.uk/items/235dc3cf-47be-44c3-9438-fb1803f4141f#:~:text=https%3A//hdl.handle.net/20.500.12594/1547","CC0 1.0 Universal (CC0 1.0)","Royal Botanic Garden Edinburgh"
"wfo-1200001347","In shrubberies bordering the sub-alpine forest, occupying patches of wet sandy or peaty soil, or on the more sterile peaty ridges; also in grassland above the timber line and between summit rocks, 2900–4150m. Fl. June–Feb.","Ecology","Argent G. 2015, Rhododendrons subgen. Vireya 2nd edn.","https://research-scotland.ac.uk/items/235dc3cf-47be-44c3-9438-fb1803f4141f#:~:text=https%3A//hdl.handle.net/20.500.12594/1547","CC0 1.0 Universal (CC0 1.0)","Royal Botanic Garden Edinburgh"
"wfo-1200001346","Growing in open alpine grassland, on exposed limestone or sandstone slopes. Locally abundant, 3000–3800m. Fl. June–Feb.","Ecology","Argent G. 2015, Rhododendrons subgen. Vireya 2nd edn.","https://research-scotland.ac.uk/items/235dc3cf-47be-44c3-9438-fb1803f4141f#:~:text=https%3A//hdl.handle.net/20.500.12594/1547","CC0 1.0 Universal (CC0 1.0)","Royal Botanic Garden Edinburgh"
"wfo-1200001427","Terrestrial or epiphytic, in mossy forest, or in dense low scrub on exposed summits or in open moss-covered Vaccin-ium forest, 1420–3450m. Fl. Jan.–Dec.","Ecology","Argent G. 2015, Rhododendrons subgen. Vireya 2nd edn.","https://research-scotland.ac.uk/items/235dc3cf-47be-44c3-9438-fb1803f4141f#:~:text=https%3A//hdl.handle.net/20.500.12594/1547","CC0 1.0 Universal (CC0 1.0)","Royal Botanic Garden Edinburgh"
"wfo-1200001426","Open sandy ridges and in alpine shrubby vegetation, 2300–3400m. Fl. July, Oct.","Ecology","Argent G. 2015, Rhododendrons subgen. Vireya 2nd edn.","https://research-scotland.ac.uk/items/235dc3cf-47be-44c3-9438-fb1803f4141f#:~:text=https%3A//hdl.handle.net/20.500.12594/1547","CC0 1.0 Universal (CC0 1.0)","Royal Botanic Garden Edinburgh"
"wfo-0000400368","Terrestrial or epiphytic in sub-alpine shrubberies as part of the understory, forest margins, open mossy or grassy are-as, clearings in ridge forest, or open clayey ground of old gold workings, 2000–3500m. Fl. Jan.–Dec.","Ecology","Argent G. 2015, Rhododendrons subgen. Vireya 2nd edn.","https://research-scotland.ac.uk/items/235dc3cf-47be-44c3-9438-fb1803f4141f#:~:text=https%3A//hdl.handle.net/20.500.12594/1547","CC0 1.0 Universal (CC0 1.0)","Royal Botanic Garden Edinburgh"
"wfo-0000400740","In the grassland border with PodocarpusPapuacedrus forest, and tree fern grassland, c.2745–3650m. Fl. Feb.","Ecology","Argent G. 2015, Rhododendrons subgen. Vireya 2nd edn.","https://research-scotland.ac.uk/items/235dc3cf-47be-44c3-9438-fb1803f4141f#:~:text=https%3A//hdl.handle.net/20.500.12594/1547","CC0 1.0 Universal (CC0 1.0)","Royal Botanic Garden Edinburgh"
"wfo-0000400807","Epiphytic or terrestrial, mostly at the edge of moss forest and sub-alpine shrubberies or summit scrub on peaty soil, rare on a burnt open summit, 1400–2800m. Fl. Jan.–Dec.","Ecology","Argent G. 2015, Rhododendrons subgen. Vireya 2nd edn.","https://research-scotland.ac.uk/items/235dc3cf-47be-44c3-9438-fb1803f4141f#:~:text=https%3A//hdl.handle.net/20.500.12594/1547","CC0 1.0 Universal (CC0 1.0)","Royal Botanic Garden Edinburgh"
"wfo-0000405659","On open slopes and summits on serpentine rocks, sub-alpine shrubbery on limestone, 3250–3520m. Fl. Oct.","Ecology","Argent G. 2015, Rhododendrons subgen. Vireya 2nd edn.","https://research-scotland.ac.uk/items/235dc3cf-47be-44c3-9438-fb1803f4141f#:~:text=https%3A//hdl.handle.net/20.500.12594/1547","CC0 1.0 Universal (CC0 1.0)","Royal Botanic Garden Edinburgh"
"wfo-0000400607","Sub-alpine shrubbery, 2350–3350m. Fl. Jan.","Ecology","Argent G. 2015, Rhododendrons subgen. Vireya 2nd edn.","https://research-scotland.ac.uk/items/235dc3cf-47be-44c3-9438-fb1803f4141f#:~:text=https%3A//hdl.handle.net/20.500.12594/1547","CC0 1.0 Universal (CC0 1.0)","Royal Botanic Garden Edinburgh"
"wfo-0000400766","Altitude: 2520–3050m. Fl. Jan.","Ecology","Argent G. 2015, Rhododendrons subgen. Vireya 2nd edn.","https://research-scotland.ac.uk/items/235dc3cf-47be-44c3-9438-fb1803f4141f#:~:text=https%3A//hdl.handle.net/20.500.12594/1547","CC0 1.0 Universal (CC0 1.0)","Royal Botanic Garden Edinburgh"
"wfo-1200001416","Terrestrial in sub-alpine forest at forest borders, or in shrubberies, occupying patches of wet sandy or peaty soil, 2900–3650m. Fl. Sept.–Oct.","Ecology","Argent G. 2015, Rhododendrons subgen. Vireya 2nd edn.","https://research-scotland.ac.uk/items/235dc3cf-47be-44c3-9438-fb1803f4141f#:~:text=https%3A//hdl.handle.net/20.500.12594/1547","CC0 1.0 Universal (CC0 1.0)","Royal Botanic Garden Edinburgh"
"wfo-0000403011","In heath vegetation or Leptospermum forest, open sub-alpine shrubbery, rare in secondary forest on limestone, 1755–2000m. Fl. March, April.","Ecology","Argent G. 2015, Rhododendrons subgen. Vireya 2nd edn.","https://research-scotland.ac.uk/items/235dc3cf-47be-44c3-9438-fb1803f4141f#:~:text=https%3A//hdl.handle.net/20.500.12594/1547","CC0 1.0 Universal (CC0 1.0)","Royal Botanic Garden Edinburgh"
"wfo-1200001415","Locally common in shrubberies at c.3000m. Fl. Oct.","Ecology","Argent G. 2015, Rhododendrons subgen. Vireya 2nd edn.","https://research-scotland.ac.uk/items/235dc3cf-47be-44c3-9438-fb1803f4141f#:~:text=https%3A//hdl.handle.net/20.500.12594/1547","CC0 1.0 Universal (CC0 1.0)","Royal Botanic Garden Edinburgh"
"wfo-1000002514","Growing on top of a large boulder at the roadside under mixed montane forest at 1564m. Fl. Jan.","Ecology","Argent G. 2015, Rhododendrons subgen. Vireya 2nd edn.","https://research-scotland.ac.uk/items/235dc3cf-47be-44c3-9438-fb1803f4141f#:~:text=https%3A//hdl.handle.net/20.500.12594/1547","CC0 1.0 Universal (CC0 1.0)","Royal Botanic Garden Edinburgh"
"wfo-0000403008","In open montane shrubberies especially in disturbed areas at roadsides, 2400m. Fl. Oct.–Nov.","Ecology","Argent G. 2015, Rhododendrons subgen. Vireya 2nd edn.","https://research-scotland.ac.uk/items/235dc3cf-47be-44c3-9438-fb1803f4141f#:~:text=https%3A//hdl.handle.net/20.500.12594/1547","CC0 1.0 Universal (CC0 1.0)","Royal Botanic Garden Edinburgh"
"wfo-1200001350","Terrestrial or epiphytic, on cliff faces, landslides, steep eroded banks or slopes, also in montane forest or heath-like scrub on infertile sandy or clayey soil, occasionally found in fern re-growth, as a coloniser in washed-out areas and in gullies of old garden land, 1530–2500m. Fl. Jan.–Dec.","Ecology","Argent G. 2015, Rhododendrons subgen. Vireya 2nd edn.","https://research-scotland.ac.uk/items/235dc3cf-47be-44c3-9438-fb1803f4141f#:~:text=https%3A//hdl.handle.net/20.500.12594/1547","CC0 1.0 Universal (CC0 1.0)","Royal Botanic Garden Edinburgh"
"wfo-0001332431","Moist shrubberies, swampy areas and disturbed open vegetation, 1700–1900m. Fl. March.","Ecology","Argent G. 2015, Rhododendrons subgen. Vireya 2nd edn.","https://research-scotland.ac.uk/items/235dc3cf-47be-44c3-9438-fb1803f4141f#:~:text=https%3A//hdl.handle.net/20.500.12594/1547","CC0 1.0 Universal (CC0 1.0)","Royal Botanic Garden Edinburgh"
"wfo-1200001513","Terrestrial amongst bracken in unfertile sandy soil, 2100m. Fl. Dec.","Ecology","Argent G. 2015, Rhododendrons subgen. Vireya 2nd edn.","https://research-scotland.ac.uk/items/235dc3cf-47be-44c3-9438-fb1803f4141f#:~:text=https%3A//hdl.handle.net/20.500.12594/1547","CC0 1.0 Universal (CC0 1.0)","Royal Botanic Garden Edinburgh"
"wfo-0001384080","First recorded from a temporarily flooded grass-plain on peaty soil, at 1650m, where it was reported to be locally common. It was also a common terrestrial constituent of the poor open heath-forest vegetation on white sand in the area around Wamena where it has been reported in flower in June and Oct.–Nov.","Ecology","Argent G. 2015, Rhododendrons subgen. Vireya 2nd edn.","https://research-scotland.ac.uk/items/235dc3cf-47be-44c3-9438-fb1803f4141f#:~:text=https%3A//hdl.handle.net/20.500.12594/1547","CC0 1.0 Universal (CC0 1.0)","Royal Botanic Garden Edinburgh"
"wfo-0000400506","Moss forest, in damp ground or swampy open places, 2500–3450m. Fl. Feb., Aug., Nov.","Ecology","Argent G. 2015, Rhododendrons subgen. Vireya 2nd edn.","https://research-scotland.ac.uk/items/235dc3cf-47be-44c3-9438-fb1803f4141f#:~:text=https%3A//hdl.handle.net/20.500.12594/1547","CC0 1.0 Universal (CC0 1.0)","Royal Botanic Garden Edinburgh"
"wfo-0000400616","Shrub. Twigs smooth, the tips laxly scaly; internodes 4–9cm. Leaves 3–5 together in tight pseudowhorls. Blade 35–60 × 15–30mm, obovate or obovate-elliptic; apex obtuse to rounded, often apiculate by a small protruding, pale, gland; margin entire, recurved when dry; base broadly tapering to truncate-rounded or sub-cordate, shining and brownish-green above, dull and paler beneath, resinous smelling when crushed. Scales lax to sub-dense, small, rounded, and slightly immersed on both sides in fully mature leaves. Mid-vein strongly impressed above, distinctly raised beneath; lateral veins 6–10 per side, straight, arching inwards near the margin, very slightly impressed above, prominent beneath, reticulation inconspicuous or very slightly impressed above, dense and clearly raised beneath. Petiole 4–7 × c.1.5mm, red, grooved above, densely scaly. Bracts to 15mm, ovate to obovate, outer ones acuminate, inner ones obtuse, scaly outside, glabrous inside. Bracteoles 10–15mm, filiform to linear-spathulate, glabrous. Flowers in a 5–8-flowered open umbel, semi-erect, scented. Pedicels 6–15mm, slender, densely scaly. Calyx small, shortly and irregularly 5-toothed. Corolla 50 × 25mm, trumpet-shaped, white; tube 33–55 × 5–7 × 6–7mm, narrowly cylindrical, straight or slightly curved, pouched at the base, densely covered with small rounded scales outside, glabrous inside; lobes 10–14 × 6–10mm, obovate, obtuse, scaly outside. Stamens unequal; filaments 35–40mm, linear, laxly to very laxly hairy; anthers 3 × 1mm, oblong, deeply set in the tube c.4mm below the mouth. Disc glabrous or almost so. Ovary 6–7 × 1.5mm, sub-cylindrical, 5-ribbed, very densely scaly, without hairs; style 27–35mm, slender, becoming exserted to c.8mm from the mouth, with spreading hairs and scales proximally, then exclusively hairy, the distal part glabrous; stigma 2mm in diameter, obconical.  ","Ecology","Argent G. 2015, Rhododendrons subgen. Vireya 2nd edn.","https://research-scotland.ac.uk/items/235dc3cf-47be-44c3-9438-fb1803f4141f#:~:text=https%3A//hdl.handle.net/20.500.12594/1547","CC0 1.0 Universal (CC0 1.0)","Royal Botanic Garden Edinburgh"
"wfo-0000507899","Epiphytic in primary, mid–lower montane forest, c.2400m. Fl. March.","Ecology","Argent G. 2015, Rhododendrons subgen. Vireya 2nd edn.","https://research-scotland.ac.uk/items/235dc3cf-47be-44c3-9438-fb1803f4141f#:~:text=https%3A//hdl.handle.net/20.500.12594/1547","CC0 1.0 Universal (CC0 1.0)","Royal Botanic Garden Edinburgh"
"wfo-0000507898","Growing on the edge of secondary forest, on a rocky and sandy ridge between woodland and a fire-eroded site, c.2500m. Fl. April. Growing on the edge of secondary forest, on a rocky and sandy ridge between woodland and a fire-eroded site, c.2500m. Fl. April.","Ecology","Argent G. 2015, Rhododendrons subgen. Vireya 2nd edn.","https://research-scotland.ac.uk/items/235dc3cf-47be-44c3-9438-fb1803f4141f#:~:text=https%3A//hdl.handle.net/20.500.12594/1547","CC0 1.0 Universal (CC0 1.0)","Royal Botanic Garden Edinburgh"
"wfo-0000400236","In shrubberies on poor, impervious white clay, 1260m. Fl. June.","Ecology","Argent G. 2015, Rhododendrons subgen. Vireya 2nd edn.","https://research-scotland.ac.uk/items/235dc3cf-47be-44c3-9438-fb1803f4141f#:~:text=https%3A//hdl.handle.net/20.500.12594/1547","CC0 1.0 Universal (CC0 1.0)","Royal Botanic Garden Edinburgh"
"wfo-0000405383","Open forest and grassland, with scattered Casuarina and Lithocarpus, 2100–2600m. Fl. June, Sept.","Ecology","Argent G. 2015, Rhododendrons subgen. Vireya 2nd edn.","https://research-scotland.ac.uk/items/235dc3cf-47be-44c3-9438-fb1803f4141f#:~:text=https%3A//hdl.handle.net/20.500.12594/1547","CC0 1.0 Universal (CC0 1.0)","Royal Botanic Garden Edinburgh"
"wfo-0000400685","A high epiphyte in mixed rain forest, 1830–2070m. Fl. Sept., Dec.","Ecology","Argent G. 2015, Rhododendrons subgen. Vireya 2nd edn.","https://research-scotland.ac.uk/items/235dc3cf-47be-44c3-9438-fb1803f4141f#:~:text=https%3A//hdl.handle.net/20.500.12594/1547","CC0 1.0 Universal (CC0 1.0)","Royal Botanic Garden Edinburgh"
"wfo-0000400635","Epiphytic shrub growing in montane rain forest on ridge tops dominated by Dacrycarpus, Decussocarpus (Retrophyllum) and Serianthes and in steep limestone country dominated by Weinmannia, 850–1020m. Fl. Nov.","Ecology","Argent G. 2015, Rhododendrons subgen. Vireya 2nd edn.","https://research-scotland.ac.uk/items/235dc3cf-47be-44c3-9438-fb1803f4141f#:~:text=https%3A//hdl.handle.net/20.500.12594/1547","CC0 1.0 Universal (CC0 1.0)","Royal Botanic Garden Edinburgh"
"wfo-0000400829","Common in the open summit area, 3000–3400m. ","Ecology","Argent G. 2015, Rhododendrons subgen. Vireya 2nd edn.","https://research-scotland.ac.uk/items/235dc3cf-47be-44c3-9438-fb1803f4141f#:~:text=https%3A//hdl.handle.net/20.500.12594/1547","CC0 1.0 Universal (CC0 1.0)","Royal Botanic Garden Edinburgh"
"wfo-0000400241","On the ridge at 2400–2600m. Fl. June.","Ecology","Argent G. 2015, Rhododendrons subgen. Vireya 2nd edn.","https://research-scotland.ac.uk/items/235dc3cf-47be-44c3-9438-fb1803f4141f#:~:text=https%3A//hdl.handle.net/20.500.12594/1547","CC0 1.0 Universal (CC0 1.0)","Royal Botanic Garden Edinburgh"
"wfo-1200001371","Epiphytic in montane forest, or terrestrial at forest margins and other open areas, on burnt open summits, also on peat bogs, swamps and marsh, 750–2500m. Fl. Jan.–Dec.","Ecology","Argent G. 2015, Rhododendrons subgen. Vireya 2nd edn.","https://research-scotland.ac.uk/items/235dc3cf-47be-44c3-9438-fb1803f4141f#:~:text=https%3A//hdl.handle.net/20.500.12594/1547","CC0 1.0 Universal (CC0 1.0)","Royal Botanic Garden Edinburgh"
"wfo-0001390430","Heathland and open, fern-covered ridges within the Nothofagus–Castanopsis forest, 1300m.","Ecology","Argent G. 2015, Rhododendrons subgen. Vireya 2nd edn.","https://research-scotland.ac.uk/items/235dc3cf-47be-44c3-9438-fb1803f4141f#:~:text=https%3A//hdl.handle.net/20.500.12594/1547","CC0 1.0 Universal (CC0 1.0)","Royal Botanic Garden Edinburgh"
"wfo-0000405672","Apparently epiphytic, c.2900m. Fl. July.","Ecology","Argent G. 2015, Rhododendrons subgen. Vireya 2nd edn.","https://research-scotland.ac.uk/items/235dc3cf-47be-44c3-9438-fb1803f4141f#:~:text=https%3A//hdl.handle.net/20.500.12594/1547","CC0 1.0 Universal (CC0 1.0)","Royal Botanic Garden Edinburgh"
"wfo-0000400641","High epiphyte in forest, but also a terrestrial shrub in sandy openings in mossy forest on the crest of mountain ridges, 1400–2300m. Fl. June–July, Oct.–Nov.","Ecology","Argent G. 2015, Rhododendrons subgen. Vireya 2nd edn.","https://research-scotland.ac.uk/items/235dc3cf-47be-44c3-9438-fb1803f4141f#:~:text=https%3A//hdl.handle.net/20.500.12594/1547","CC0 1.0 Universal (CC0 1.0)","Royal Botanic Garden Edinburgh"
"wfo-1200001484","Generally epiphytic on the upper branches of large trees, apparently with preference just below the true moss forest level; terrestrial on Mt Michael and Mt Giluwe, in low shrubberies and on the edge of cloud forest, 1525–3050m, in Uinba (Minj–Nona Divide) recorded in fallow native gardens at 1970m. Fl. April–Sept. in the wild.","Ecology","Argent G. 2015, Rhododendrons subgen. Vireya 2nd edn.","https://research-scotland.ac.uk/items/235dc3cf-47be-44c3-9438-fb1803f4141f#:~:text=https%3A//hdl.handle.net/20.500.12594/1547","CC0 1.0 Universal (CC0 1.0)","Royal Botanic Garden Edinburgh"
"wfo-0001360855","Sub-montane shrubbery, 2300m. Fl. Oct.","Ecology","Argent G. 2015, Rhododendrons subgen. Vireya 2nd edn.","https://research-scotland.ac.uk/items/235dc3cf-47be-44c3-9438-fb1803f4141f#:~:text=https%3A//hdl.handle.net/20.500.12594/1547","CC0 1.0 Universal (CC0 1.0)","Royal Botanic Garden Edinburgh"
"wfo-0000405430","Gymnosperm woodland with a dense small-tree understory; semi-alpine shrub vegetation and open grassland, 3000–3050m. Fl. April, May, July.","Ecology","Argent G. 2015, Rhododendrons subgen. Vireya 2nd edn.","https://research-scotland.ac.uk/items/235dc3cf-47be-44c3-9438-fb1803f4141f#:~:text=https%3A//hdl.handle.net/20.500.12594/1547","CC0 1.0 Universal (CC0 1.0)","Royal Botanic Garden Edinburgh"
"wfo-0000405496","An epiphytic species of the lower moss forest, 1500–3350m. Fl. April–Nov.","Ecology","Argent G. 2015, Rhododendrons subgen. Vireya 2nd edn.","https://research-scotland.ac.uk/items/235dc3cf-47be-44c3-9438-fb1803f4141f#:~:text=https%3A//hdl.handle.net/20.500.12594/1547","CC0 1.0 Universal (CC0 1.0)","Royal Botanic Garden Edinburgh"
"wfo-0001257576","Epiphytic or terrestrial on ridges (including limestone ridges), 2135–2560m. Fl. April–Dec.","Ecology","Argent G. 2015, Rhododendrons subgen. Vireya 2nd edn.","https://research-scotland.ac.uk/items/235dc3cf-47be-44c3-9438-fb1803f4141f#:~:text=https%3A//hdl.handle.net/20.500.12594/1547","CC0 1.0 Universal (CC0 1.0)","Royal Botanic Garden Edinburgh"
"wfo-0000400398","Predominantly terrestrial but also epiphytic in mossy forest and on tree-ferns in grassland, 1400–4000m. Fl. Jan.–Dec. but peak flowering is reported from April to Dec.","Ecology","Argent G. 2015, Rhododendrons subgen. Vireya 2nd edn.","https://research-scotland.ac.uk/items/235dc3cf-47be-44c3-9438-fb1803f4141f#:~:text=https%3A//hdl.handle.net/20.500.12594/1547","CC0 1.0 Universal (CC0 1.0)","Royal Botanic Garden Edinburgh"
"wfo-0000405362","Limestone ridge in heath-like vegetation, c.2600m ","Ecology","Argent G. 2015, Rhododendrons subgen. Vireya 2nd edn.","https://research-scotland.ac.uk/items/235dc3cf-47be-44c3-9438-fb1803f4141f#:~:text=https%3A//hdl.handle.net/20.500.12594/1547","CC0 1.0 Universal (CC0 1.0)","Royal Botanic Garden Edinburgh"
"wfo-0000400428","In open sub-montane shrubberies, cliffs and on fallen logs, 2400–2900m. Fl. June–Sept.","Ecology","Argent G. 2015, Rhododendrons subgen. Vireya 2nd edn.","https://research-scotland.ac.uk/items/235dc3cf-47be-44c3-9438-fb1803f4141f#:~:text=https%3A//hdl.handle.net/20.500.12594/1547","CC0 1.0 Universal (CC0 1.0)","Royal Botanic Garden Edinburgh"
"wfo-0000400479","Undershrub or tree in transitional zone of Castanopsis to Nothofagus forest, at 2050–2100m. Fr. Jan.","Ecology","Argent G. 2015, Rhododendrons subgen. Vireya 2nd edn.","https://research-scotland.ac.uk/items/235dc3cf-47be-44c3-9438-fb1803f4141f#:~:text=https%3A//hdl.handle.net/20.500.12594/1547","CC0 1.0 Universal (CC0 1.0)","Royal Botanic Garden Edinburgh"
"wfo-0000400419","Primary forest, 800–1800m. Fl. March.","Ecology","Argent G. 2015, Rhododendrons subgen. Vireya 2nd edn.","https://research-scotland.ac.uk/items/235dc3cf-47be-44c3-9438-fb1803f4141f#:~:text=https%3A//hdl.handle.net/20.500.12594/1547","CC0 1.0 Universal (CC0 1.0)","Royal Botanic Garden Edinburgh"
"wfo-0000400424","Terrestrial in heath-forest on ridges at the edge of degraded Nothofagus forest, or on the burnt open summit areas, on poor clayey soil, granite and quartzite, 2150–2750m. Fl. Jan., April, July.","Ecology","Argent G. 2015, Rhododendrons subgen. Vireya 2nd edn.","https://research-scotland.ac.uk/items/235dc3cf-47be-44c3-9438-fb1803f4141f#:~:text=https%3A//hdl.handle.net/20.500.12594/1547","CC0 1.0 Universal (CC0 1.0)","Royal Botanic Garden Edinburgh"
"wfo-0000400212","In the understory of Nothofagus forest, 1800–2550m, often growing sterile. Fl. Jan.","Ecology","Argent G. 2015, Rhododendrons subgen. Vireya 2nd edn.","https://research-scotland.ac.uk/items/235dc3cf-47be-44c3-9438-fb1803f4141f#:~:text=https%3A//hdl.handle.net/20.500.12594/1547","CC0 1.0 Universal (CC0 1.0)","Royal Botanic Garden Edinburgh"
"wfo-0000400319","A frequent epiphyte on large trees in mossy forest, 1500–1800m. Fl. Jan., Oct.","Ecology","Argent G. 2015, Rhododendrons subgen. Vireya 2nd edn.","https://research-scotland.ac.uk/items/235dc3cf-47be-44c3-9438-fb1803f4141f#:~:text=https%3A//hdl.handle.net/20.500.12594/1547","CC0 1.0 Universal (CC0 1.0)","Royal Botanic Garden Edinburgh"
"wfo-0000400608","Common at the edges of mossy thickets, frequent in shrubberies on peaty ridges or peaty treeless areas in forest or in mossy thickets, observed to have regenerated strongly on one burnt over slope, 3000–3225m. Fl. Aug., Oct.","Ecology","Argent G. 2015, Rhododendrons subgen. Vireya 2nd edn.","https://research-scotland.ac.uk/items/235dc3cf-47be-44c3-9438-fb1803f4141f#:~:text=https%3A//hdl.handle.net/20.500.12594/1547","CC0 1.0 Universal (CC0 1.0)","Royal Botanic Garden Edinburgh"
"wfo-0000400824","Shrubbery on the Longimik lateral moraine at 3140–3190m. Fl. Dec.","Ecology","Argent G. 2015, Rhododendrons subgen. Vireya 2nd edn.","https://research-scotland.ac.uk/items/235dc3cf-47be-44c3-9438-fb1803f4141f#:~:text=https%3A//hdl.handle.net/20.500.12594/1547","CC0 1.0 Universal (CC0 1.0)","Royal Botanic Garden Edinburgh"
"wfo-0000405637","Terrestrial in disturbed habitats and forest borders and epiphytic in Nothofagus forest, 3000–3100m. Fl. Feb.","Ecology","Argent G. 2015, Rhododendrons subgen. Vireya 2nd edn.","https://research-scotland.ac.uk/items/235dc3cf-47be-44c3-9438-fb1803f4141f#:~:text=https%3A//hdl.handle.net/20.500.12594/1547","CC0 1.0 Universal (CC0 1.0)","Royal Botanic Garden Edinburgh"
"wfo-0000405506","Terrestrial in disturbed habitats and forest margins, epiphytic in primary Nothofagus forest, common in open mossy thickets on peat ridges, recorded associated with R. haematophthalmum, 3225m. Fl. Aug.","Ecology","Argent G. 2015, Rhododendrons subgen. Vireya 2nd edn.","https://research-scotland.ac.uk/items/235dc3cf-47be-44c3-9438-fb1803f4141f#:~:text=https%3A//hdl.handle.net/20.500.12594/1547","CC0 1.0 Universal (CC0 1.0)","Royal Botanic Garden Edinburgh"
"wfo-0000400206","Terrestrial in disturbed habitats and epiphytic in primary Nothofagus mossy forest, 2150m. Fl. Feb.","Ecology","Argent G. 2015, Rhododendrons subgen. Vireya 2nd edn.","https://research-scotland.ac.uk/items/235dc3cf-47be-44c3-9438-fb1803f4141f#:~:text=https%3A//hdl.handle.net/20.500.12594/1547","CC0 1.0 Universal (CC0 1.0)","Royal Botanic Garden Edinburgh"
"wfo-0000400827","Scattered though said to be common in the sub-alpine grassland, 3500m. Fl. Oct.","Ecology","Argent G. 2015, Rhododendrons subgen. Vireya 2nd edn.","https://research-scotland.ac.uk/items/235dc3cf-47be-44c3-9438-fb1803f4141f#:~:text=https%3A//hdl.handle.net/20.500.12594/1547","CC0 1.0 Universal (CC0 1.0)","Royal Botanic Garden Edinburgh"
"wfo-0000405497","Restricted to crevices and sandy niches on sterile limestone slopes, 3225m. Fl. Aug.","Ecology","Argent G. 2015, Rhododendrons subgen. Vireya 2nd edn.","https://research-scotland.ac.uk/items/235dc3cf-47be-44c3-9438-fb1803f4141f#:~:text=https%3A//hdl.handle.net/20.500.12594/1547","CC0 1.0 Universal (CC0 1.0)","Royal Botanic Garden Edinburgh"
"wfo-0000405625","In montane shrubbery at the transition to the sub-alpine zone, 3470–3510m. Fl. Jan.","Ecology","Argent G. 2015, Rhododendrons subgen. Vireya 2nd edn.","https://research-scotland.ac.uk/items/235dc3cf-47be-44c3-9438-fb1803f4141f#:~:text=https%3A//hdl.handle.net/20.500.12594/1547","CC0 1.0 Universal (CC0 1.0)","Royal Botanic Garden Edinburgh"
"wfo-0000405491","In primary or secondary forest, on steep slopes, 1750–2300m, terrestrial on exposed peaty or clayey soil derived from limestone or sandstone. Fl. Jan.– March, May, Oct., apparently flowering abundantly in May. Probably flowering throughout the year.","Ecology","Argent G. 2015, Rhododendrons subgen. Vireya 2nd edn.","https://research-scotland.ac.uk/items/235dc3cf-47be-44c3-9438-fb1803f4141f#:~:text=https%3A//hdl.handle.net/20.500.12594/1547","CC0 1.0 Universal (CC0 1.0)","Royal Botanic Garden Edinburgh"
"wfo-0001334722","Terrestrial in the shrubby area composed of colonising species on the rocky slope of an old landslide within Nothofagus forest between 2350 and 2400m. Fl. April.","Ecology","Argent G. 2015, Rhododendrons subgen. Vireya 2nd edn.","https://research-scotland.ac.uk/items/235dc3cf-47be-44c3-9438-fb1803f4141f#:~:text=https%3A//hdl.handle.net/20.500.12594/1547","CC0 1.0 Universal (CC0 1.0)","Royal Botanic Garden Edinburgh"
"wfo-0000400173","Epiphytic or terrestrial on poor clayey soil, disturbed roadside shrubberies, 900–1300m. Fl. May–Aug.","Ecology","Argent G. 2015, Rhododendrons subgen. Vireya 2nd edn.","https://research-scotland.ac.uk/items/235dc3cf-47be-44c3-9438-fb1803f4141f#:~:text=https%3A//hdl.handle.net/20.500.12594/1547","CC0 1.0 Universal (CC0 1.0)","Royal Botanic Garden Edinburgh"
"wfo-1200001323","Mossy forest at 1800m. Fl. Jan.","Ecology","Argent G. 2015, Rhododendrons subgen. Vireya 2nd edn.","https://research-scotland.ac.uk/items/235dc3cf-47be-44c3-9438-fb1803f4141f#:~:text=https%3A//hdl.handle.net/20.500.12594/1547","CC0 1.0 Universal (CC0 1.0)","Royal Botanic Garden Edinburgh"
"wfo-1200001324","On peaty soil, 1500m. Fl. July.","Ecology","Argent G. 2015, Rhododendrons subgen. Vireya 2nd edn.","https://research-scotland.ac.uk/items/235dc3cf-47be-44c3-9438-fb1803f4141f#:~:text=https%3A//hdl.handle.net/20.500.12594/1547","CC0 1.0 Universal (CC0 1.0)","Royal Botanic Garden Edinburgh"
"wfo-0000400473","Epiphytic in tall forest, 1065–1830m. Fl. March–June.","Ecology","Argent G. 2015, Rhododendrons subgen. Vireya 2nd edn.","https://research-scotland.ac.uk/items/235dc3cf-47be-44c3-9438-fb1803f4141f#:~:text=https%3A//hdl.handle.net/20.500.12594/1547","CC0 1.0 Universal (CC0 1.0)","Royal Botanic Garden Edinburgh"
"wfo-0000400742","Epiphytic in primary forest, descending along ravines, 500–1400m. Fl. May–July.","Ecology","Argent G. 2015, Rhododendrons subgen. Vireya 2nd edn.","https://research-scotland.ac.uk/items/235dc3cf-47be-44c3-9438-fb1803f4141f#:~:text=https%3A//hdl.handle.net/20.500.12594/1547","CC0 1.0 Universal (CC0 1.0)","Royal Botanic Garden Edinburgh"
"wfo-1200001326","Epiphytic on tall trees in ravines and wooded slopes, in dense shade, terrestrial in secondary grassland and along roadsides, 1200–1940m. Fl. May–Sept.","Ecology","Argent G. 2015, Rhododendrons subgen. Vireya 2nd edn.","https://research-scotland.ac.uk/items/235dc3cf-47be-44c3-9438-fb1803f4141f#:~:text=https%3A//hdl.handle.net/20.500.12594/1547","CC0 1.0 Universal (CC0 1.0)","Royal Botanic Garden Edinburgh"
"wfo-1200001327","Hillside secondary grasslands, 1700–2000m. Fl. Aug.","Ecology","Argent G. 2015, Rhododendrons subgen. Vireya 2nd edn.","https://research-scotland.ac.uk/items/235dc3cf-47be-44c3-9438-fb1803f4141f#:~:text=https%3A//hdl.handle.net/20.500.12594/1547","CC0 1.0 Universal (CC0 1.0)","Royal Botanic Garden Edinburgh"
"wfo-0000400710","Epiphyte on Nothofagus and terrestrial growing near the margins of forest grassland and alpine shrubberies, 2700–3400m. Fl. March, May, July; probably to be found flowering throughout the year.","Ecology","Argent G. 2015, Rhododendrons subgen. Vireya 2nd edn.","https://research-scotland.ac.uk/items/235dc3cf-47be-44c3-9438-fb1803f4141f#:~:text=https%3A//hdl.handle.net/20.500.12594/1547","CC0 1.0 Universal (CC0 1.0)","Royal Botanic Garden Edinburgh"
"wfo-1200001376","Terrestrial on rocks or exposed cliff faces, epiphytic on big branches of high trees or growing on fallen trunks in mossy forest, 1370–2250m. Fl. Jan.–Oct.","Ecology","Argent G. 2015, Rhododendrons subgen. Vireya 2nd edn.","https://research-scotland.ac.uk/items/235dc3cf-47be-44c3-9438-fb1803f4141f#:~:text=https%3A//hdl.handle.net/20.500.12594/1547","CC0 1.0 Universal (CC0 1.0)","Royal Botanic Garden Edinburgh"
"wfo-0000400288","Once found in mountain forest at 2070m. Fl. June.","Ecology","Argent G. 2015, Rhododendrons subgen. Vireya 2nd edn.","https://research-scotland.ac.uk/items/235dc3cf-47be-44c3-9438-fb1803f4141f#:~:text=https%3A//hdl.handle.net/20.500.12594/1547","CC0 1.0 Universal (CC0 1.0)","Royal Botanic Garden Edinburgh"
"wfo-0000400313","In mountain forest, epiphytic, 2070m. Fl. May–June.","Ecology","Argent G. 2015, Rhododendrons subgen. Vireya 2nd edn.","https://research-scotland.ac.uk/items/235dc3cf-47be-44c3-9438-fb1803f4141f#:~:text=https%3A//hdl.handle.net/20.500.12594/1547","CC0 1.0 Universal (CC0 1.0)","Royal Botanic Garden Edinburgh"
"wfo-0000405427","Epiphytic on grassland tree-ferns on the Murray Pass and in low stunted forest on ridge, 2840–3450m. Fl. June–Sept.","Ecology","Argent G. 2015, Rhododendrons subgen. Vireya 2nd edn.","https://research-scotland.ac.uk/items/235dc3cf-47be-44c3-9438-fb1803f4141f#:~:text=https%3A//hdl.handle.net/20.500.12594/1547","CC0 1.0 Universal (CC0 1.0)","Royal Botanic Garden Edinburgh"
"wfo-0000400618","Mostly epiphytic, high in large trees in montane Nothofagus forest, occasionally terrestrial on steep slopes among grasses, 1065–3050m. Fl. Jan.–May, Sept., Oct.","Ecology","Argent G. 2015, Rhododendrons subgen. Vireya 2nd edn.","https://research-scotland.ac.uk/items/235dc3cf-47be-44c3-9438-fb1803f4141f#:~:text=https%3A//hdl.handle.net/20.500.12594/1547","CC0 1.0 Universal (CC0 1.0)","Royal Botanic Garden Edinburgh"
"wfo-0000405482","Growing terrestrially on eroded gold workings, on open, Vaccinium shrubbery and grass-covered slopes, at 1850m. Fl. June.","Ecology","Argent G. 2015, Rhododendrons subgen. Vireya 2nd edn.","https://research-scotland.ac.uk/items/235dc3cf-47be-44c3-9438-fb1803f4141f#:~:text=https%3A//hdl.handle.net/20.500.12594/1547","CC0 1.0 Universal (CC0 1.0)","Royal Botanic Garden Edinburgh"
"wfo-0000400062","Terrestrial in open montane shrubbery at c.3600m. Fl. Aug.","Ecology","Argent G. 2015, Rhododendrons subgen. Vireya 2nd edn.","https://research-scotland.ac.uk/items/235dc3cf-47be-44c3-9438-fb1803f4141f#:~:text=https%3A//hdl.handle.net/20.500.12594/1547","CC0 1.0 Universal (CC0 1.0)","Royal Botanic Garden Edinburgh"
"wfo-0000405417","Epiphytic in low mountain forest.","Ecology","Argent G. 2015, Rhododendrons subgen. Vireya 2nd edn.","https://research-scotland.ac.uk/items/235dc3cf-47be-44c3-9438-fb1803f4141f#:~:text=https%3A//hdl.handle.net/20.500.12594/1547","CC0 1.0 Universal (CC0 1.0)","Royal Botanic Garden Edinburgh"
"wfo-0000405519","In forests, usually as part of the understory in closed canopy stands of moss forests or more rarely along the margins of alpine grasslands, Murray Pass (Wharton Range), 2050–3500m. Fl. June–Sept.","Ecology","Argent G. 2015, Rhododendrons subgen. Vireya 2nd edn.","https://research-scotland.ac.uk/items/235dc3cf-47be-44c3-9438-fb1803f4141f#:~:text=https%3A//hdl.handle.net/20.500.12594/1547","CC0 1.0 Universal (CC0 1.0)","Royal Botanic Garden Edinburgh"
"wfo-0000400732","Epiphytic or terrestrial shrub in mossy forest, 1800–2070m. Fl. June.","Ecology","Argent G. 2015, Rhododendrons subgen. Vireya 2nd edn.","https://research-scotland.ac.uk/items/235dc3cf-47be-44c3-9438-fb1803f4141f#:~:text=https%3A//hdl.handle.net/20.500.12594/1547","CC0 1.0 Universal (CC0 1.0)","Royal Botanic Garden Edinburgh"
"wfo-0000405644","Amongst grass and shrubs on stony streamsides, 1700–2135m. Fl. June.","Ecology","Argent G. 2015, Rhododendrons subgen. Vireya 2nd edn.","https://research-scotland.ac.uk/items/235dc3cf-47be-44c3-9438-fb1803f4141f#:~:text=https%3A//hdl.handle.net/20.500.12594/1547","CC0 1.0 Universal (CC0 1.0)","Royal Botanic Garden Edinburgh"
"wfo-0000400269","Epiphytic in Castanopsis or Nothofagus dominated montane forest, 800–1585m. Fl. May, Nov.","Ecology","Argent G. 2015, Rhododendrons subgen. Vireya 2nd edn.","https://research-scotland.ac.uk/items/235dc3cf-47be-44c3-9438-fb1803f4141f#:~:text=https%3A//hdl.handle.net/20.500.12594/1547","CC0 1.0 Universal (CC0 1.0)","Royal Botanic Garden Edinburgh"
"wfo-0000400039","Growing at the edge of secondary forest with other ericaceous pioneers at 2280m.","Ecology","Argent G. 2015, Rhododendrons subgen. Vireya 2nd edn.","https://research-scotland.ac.uk/items/235dc3cf-47be-44c3-9438-fb1803f4141f#:~:text=https%3A//hdl.handle.net/20.500.12594/1547","CC0 1.0 Universal (CC0 1.0)","Royal Botanic Garden Edinburgh"
"wfo-0000405727","Mostly epiphytic in sub-montane mossy forest ridges and on old volcanic vents, also on peat overlying limestone, 1100–1500m. Fl. Feb.–March.","Ecology","Argent G. 2015, Rhododendrons subgen. Vireya 2nd edn.","https://research-scotland.ac.uk/items/235dc3cf-47be-44c3-9438-fb1803f4141f#:~:text=https%3A//hdl.handle.net/20.500.12594/1547","CC0 1.0 Universal (CC0 1.0)","Royal Botanic Garden Edinburgh"
"wfo-1000040563","In open Leptospermum woodland, 2050–2105m. Fl. March, May.","Ecology","Argent G. 2015, Rhododendrons subgen. Vireya 2nd edn.","https://research-scotland.ac.uk/items/235dc3cf-47be-44c3-9438-fb1803f4141f#:~:text=https%3A//hdl.handle.net/20.500.12594/1547","CC0 1.0 Universal (CC0 1.0)","Royal Botanic Garden Edinburgh"
"wfo-1200001566","Epiphytic or terrestrial in primary or secondary forest on poor white sand heath forest from 450 to 3000m. Fl. Jan.–Dec.","Ecology","Argent G. 2015, Rhododendrons subgen. Vireya 2nd edn.","https://research-scotland.ac.uk/items/235dc3cf-47be-44c3-9438-fb1803f4141f#:~:text=https%3A//hdl.handle.net/20.500.12594/1547","CC0 1.0 Universal (CC0 1.0)","Royal Botanic Garden Edinburgh"
"wfo-1200001564","Often terrestrial in heath forest, 200–1500m. Fl. April, Oct.","Ecology","Argent G. 2015, Rhododendrons subgen. Vireya 2nd edn.","https://research-scotland.ac.uk/items/235dc3cf-47be-44c3-9438-fb1803f4141f#:~:text=https%3A//hdl.handle.net/20.500.12594/1547","CC0 1.0 Universal (CC0 1.0)","Royal Botanic Garden Edinburgh"
"wfo-1200001397","On steep limestone ridge, one record at 1000m. Fl. May.","Ecology","Argent G. 2015, Rhododendrons subgen. Vireya 2nd edn.","https://research-scotland.ac.uk/items/235dc3cf-47be-44c3-9438-fb1803f4141f#:~:text=https%3A//hdl.handle.net/20.500.12594/1547","CC0 1.0 Universal (CC0 1.0)","Royal Botanic Garden Edinburgh"
"wfo-1200001396","On peat moor and light summit forest on limestone, 1075–1830m. Fl. Oct.–March.","Ecology","Argent G. 2015, Rhododendrons subgen. Vireya 2nd edn.","https://research-scotland.ac.uk/items/235dc3cf-47be-44c3-9438-fb1803f4141f#:~:text=https%3A//hdl.handle.net/20.500.12594/1547","CC0 1.0 Universal (CC0 1.0)","Royal Botanic Garden Edinburgh"
"wfo-0000400282","Epiphytic in mossy forest or terrestrially on open ridges, 800–2000m. Flowers intermittently throughout the year and can probably always be found with at least a few flowers where it occurs in any quantity.","Ecology","Argent G. 2015, Rhododendrons subgen. Vireya 2nd edn.","https://research-scotland.ac.uk/items/235dc3cf-47be-44c3-9438-fb1803f4141f#:~:text=https%3A//hdl.handle.net/20.500.12594/1547","CC0 1.0 Universal (CC0 1.0)","Royal Botanic Garden Edinburgh"
"wfo-0000399924","A high epiphyte in dipterocarp and mossy forest, occasionally on moss-covered ground, 360–1230m. Fl. May–Oct.","Ecology","Argent G. 2015, Rhododendrons subgen. Vireya 2nd edn.","https://research-scotland.ac.uk/items/235dc3cf-47be-44c3-9438-fb1803f4141f#:~:text=https%3A//hdl.handle.net/20.500.12594/1547","CC0 1.0 Universal (CC0 1.0)","Royal Botanic Garden Edinburgh"
"wfo-1200001336","Both terrestrial and epiphytic in moss forest, low shrubberies and on bare sandstone rocks, locally common, 800–2400m. Fl. May, Aug.–Nov.","Ecology","Argent G. 2015, Rhododendrons subgen. Vireya 2nd edn.","https://research-scotland.ac.uk/items/235dc3cf-47be-44c3-9438-fb1803f4141f#:~:text=https%3A//hdl.handle.net/20.500.12594/1547","CC0 1.0 Universal (CC0 1.0)","Royal Botanic Garden Edinburgh"
"wfo-0001365292","This subspecies occurs in open heath forest above 900m. Fl. March, April, Oct.","Ecology","Argent G. 2015, Rhododendrons subgen. Vireya 2nd edn.","https://research-scotland.ac.uk/items/235dc3cf-47be-44c3-9438-fb1803f4141f#:~:text=https%3A//hdl.handle.net/20.500.12594/1547","CC0 1.0 Universal (CC0 1.0)","Royal Botanic Garden Edinburgh"
"wfo-0000400819","Mostly terrestrial, less commonly epiphytic in mossy forest in damp shady places, but also on open exposed ridges, sometimes the dominant species in ericaceous shrubberies, 1220–2600m. Fl. Jan.–Dec.","Ecology","Argent G. 2015, Rhododendrons subgen. Vireya 2nd edn.","https://research-scotland.ac.uk/items/235dc3cf-47be-44c3-9438-fb1803f4141f#:~:text=https%3A//hdl.handle.net/20.500.12594/1547","CC0 1.0 Universal (CC0 1.0)","Royal Botanic Garden Edinburgh"
"wfo-0000400490","Terrestrial in mossy forest and open shrubberies, especially on ridges, occasionally as an epiphyte but always in well-illuminated situations, 1830–3350m. Fl. Jan.–Dec., main flowering Feb.–April.","Ecology","Argent G. 2015, Rhododendrons subgen. Vireya 2nd edn.","https://research-scotland.ac.uk/items/235dc3cf-47be-44c3-9438-fb1803f4141f#:~:text=https%3A//hdl.handle.net/20.500.12594/1547","CC0 1.0 Universal (CC0 1.0)","Royal Botanic Garden Edinburgh"
"wfo-0001358672","Occurring as an epiphyte in moderately shady situations in the tall montane valley forest, often occurring high up in trees but apparently not competing successfully on open ridges where many of the other Rhododendron species such as the closely related R. acuminatum do so well. It is characteristic of the zone usually dominated by the climbing bamboo Racemobambos gibbsiae (Stapf) Holttum and becomes much more conspicuous after one of the mass flowerings and death of most of these bamboos. At this time the forest takes on a much more open aspect for a year or two before the bamboo again begins to dominate the sub-canopy, 2150–2700m. Fl. Nov.–Jan., possibly throughout the year.","Ecology","Argent G. 2015, Rhododendrons subgen. Vireya 2nd edn.","https://research-scotland.ac.uk/items/235dc3cf-47be-44c3-9438-fb1803f4141f#:~:text=https%3A//hdl.handle.net/20.500.12594/1547","CC0 1.0 Universal (CC0 1.0)","Royal Botanic Garden Edinburgh"
"wfo-1200001374","Epiphytic in upper montane forest, 2150–2700m. Fl. Nov.–Jan.","Ecology","Argent G. 2015, Rhododendrons subgen. Vireya 2nd edn.","https://research-scotland.ac.uk/items/235dc3cf-47be-44c3-9438-fb1803f4141f#:~:text=https%3A//hdl.handle.net/20.500.12594/1547","CC0 1.0 Universal (CC0 1.0)","Royal Botanic Garden Edinburgh"
"wfo-1200001352","Epiphyte in large trees in mossy montane forest on Mt Kinabalu where it can be very difficult to spot even when in flower as the small plants are often obscured by other leaves and branches. Terrestrial on mountain ridges of the correct altitude where the vegetation is sufficiently open; abundant on the summit ridge of Mt Api in the Mulu National Park, Sarawak where it occurs on the deep peat overlying limestone in an open sub-montane shrubbery, 1300–2000m. Fl. April ","Ecology","Argent G. 2015, Rhododendrons subgen. Vireya 2nd edn.","https://research-scotland.ac.uk/items/235dc3cf-47be-44c3-9438-fb1803f4141f#:~:text=https%3A//hdl.handle.net/20.500.12594/1547","CC0 1.0 Universal (CC0 1.0)","Royal Botanic Garden Edinburgh"
"wfo-1200001353","Known only from the type locality in mountain forest, 1800m. Fl. Oct.","Ecology","Argent G. 2015, Rhododendrons subgen. Vireya 2nd edn.","https://research-scotland.ac.uk/items/235dc3cf-47be-44c3-9438-fb1803f4141f#:~:text=https%3A//hdl.handle.net/20.500.12594/1547","CC0 1.0 Universal (CC0 1.0)","Royal Botanic Garden Edinburgh"
"wfo-0000400800","Montane forest and open ridges, 1500–2300m. Fl. Oct., Dec.","Ecology","Argent G. 2015, Rhododendrons subgen. Vireya 2nd edn.","https://research-scotland.ac.uk/items/235dc3cf-47be-44c3-9438-fb1803f4141f#:~:text=https%3A//hdl.handle.net/20.500.12594/1547","CC0 1.0 Universal (CC0 1.0)","Royal Botanic Garden Edinburgh"
"wfo-0000400580","Mostly epiphytic in moss forest on peaks and ridges, 1380–2930m. Fl. March, May–Oct.","Ecology","Argent G. 2015, Rhododendrons subgen. Vireya 2nd edn.","https://research-scotland.ac.uk/items/235dc3cf-47be-44c3-9438-fb1803f4141f#:~:text=https%3A//hdl.handle.net/20.500.12594/1547","CC0 1.0 Universal (CC0 1.0)","Royal Botanic Garden Edinburgh"
"wfo-0000400344","Montane forest, 270–800m. Fl. April.","Ecology","Argent G. 2015, Rhododendrons subgen. Vireya 2nd edn.","https://research-scotland.ac.uk/items/235dc3cf-47be-44c3-9438-fb1803f4141f#:~:text=https%3A//hdl.handle.net/20.500.12594/1547","CC0 1.0 Universal (CC0 1.0)","Royal Botanic Garden Edinburgh"
"wfo-0000400483","In dense sub-alpine forest, 2300–2870m. Fl. Jan.–June.","Ecology","Argent G. 2015, Rhododendrons subgen. Vireya 2nd edn.","https://research-scotland.ac.uk/items/235dc3cf-47be-44c3-9438-fb1803f4141f#:~:text=https%3A//hdl.handle.net/20.500.12594/1547","CC0 1.0 Universal (CC0 1.0)","Royal Botanic Garden Edinburgh"
"wfo-0000403261","Rhododendron cernuum is reported growing on a dry sulphur-stone slope at 1500m and is said to be rare. Fl. July–Aug.","Ecology","Argent G. 2015, Rhododendrons subgen. Vireya 2nd edn.","https://research-scotland.ac.uk/items/235dc3cf-47be-44c3-9438-fb1803f4141f#:~:text=https%3A//hdl.handle.net/20.500.12594/1547","CC0 1.0 Universal (CC0 1.0)","Royal Botanic Garden Edinburgh"
"wfo-0000400495","Epiphytic in montane forest, 1200–1700m. Fl. Sept.–Jan.","Ecology","Argent G. 2015, Rhododendrons subgen. Vireya 2nd edn.","https://research-scotland.ac.uk/items/235dc3cf-47be-44c3-9438-fb1803f4141f#:~:text=https%3A//hdl.handle.net/20.500.12594/1547","CC0 1.0 Universal (CC0 1.0)","Royal Botanic Garden Edinburgh"
"wfo-0000405541","Bare open slopes or ridges, exposed summits, volcanic rocks or crater walls, in fern-grass – and scrub-vegetation or open forest, in Casuarina forest, on dry places, on sandy, stony or ashy soil, also near solfataras, common locally, 1200–3090m. Fl. predominantly in the dry season, April–Oct.","Ecology","Argent G. 2015, Rhododendrons subgen. Vireya 2nd edn.","https://research-scotland.ac.uk/items/235dc3cf-47be-44c3-9438-fb1803f4141f#:~:text=https%3A//hdl.handle.net/20.500.12594/1547","CC0 1.0 Universal (CC0 1.0)","Royal Botanic Garden Edinburgh"
"wfo-0000400408","On open sandy ridges, 2600–3000m. Fl. June.","Ecology","Argent G. 2015, Rhododendrons subgen. Vireya 2nd edn.","https://research-scotland.ac.uk/items/235dc3cf-47be-44c3-9438-fb1803f4141f#:~:text=https%3A//hdl.handle.net/20.500.12594/1547","CC0 1.0 Universal (CC0 1.0)","Royal Botanic Garden Edinburgh"
"wfo-0000400244","In low forest and open sub-alpine shrubberies, 2500–3000m. Fl. June.","Ecology","Argent G. 2015, Rhododendrons subgen. Vireya 2nd edn.","https://research-scotland.ac.uk/items/235dc3cf-47be-44c3-9438-fb1803f4141f#:~:text=https%3A//hdl.handle.net/20.500.12594/1547","CC0 1.0 Universal (CC0 1.0)","Royal Botanic Garden Edinburgh"
"wfo-0000400106","In low sub-alpine forest and mountain heath vegetation, 2800–3000m. Fl. March, June, but probably continuously.","Ecology","Argent G. 2015, Rhododendrons subgen. Vireya 2nd edn.","https://research-scotland.ac.uk/items/235dc3cf-47be-44c3-9438-fb1803f4141f#:~:text=https%3A//hdl.handle.net/20.500.12594/1547","CC0 1.0 Universal (CC0 1.0)","Royal Botanic Garden Edinburgh"
"wfo-0000403120","Sub-alpine forest, marginal forest shrubberies and in open vegetation, also on ridge crests, commonly on mossy or peaty soil, locally abundant, 3100–4300m. Fl. Feb., Aug.–Dec.","Ecology","Argent G. 2015, Rhododendrons subgen. Vireya 2nd edn.","https://research-scotland.ac.uk/items/235dc3cf-47be-44c3-9438-fb1803f4141f#:~:text=https%3A//hdl.handle.net/20.500.12594/1547","CC0 1.0 Universal (CC0 1.0)","Royal Botanic Garden Edinburgh"
"wfo-0000400165","Terrestrial in dense sub-mossy forest, on a steep slope below the summit, 2550m, apparently rare. Fr. Jan.","Ecology","Argent G. 2015, Rhododendrons subgen. Vireya 2nd edn.","https://research-scotland.ac.uk/items/235dc3cf-47be-44c3-9438-fb1803f4141f#:~:text=https%3A//hdl.handle.net/20.500.12594/1547","CC0 1.0 Universal (CC0 1.0)","Royal Botanic Garden Edinburgh"
"wfo-0000400629","Alpine grassland and montane shrubberies on ridges, 3050–3960m. Fl. July.","Ecology","Argent G. 2015, Rhododendrons subgen. Vireya 2nd edn.","https://research-scotland.ac.uk/items/235dc3cf-47be-44c3-9438-fb1803f4141f#:~:text=https%3A//hdl.handle.net/20.500.12594/1547","CC0 1.0 Universal (CC0 1.0)","Royal Botanic Garden Edinburgh"
"wfo-1200001310","Terrestrial in alpine grassland, 3000–4000m. Fl. April, July.","Ecology","Argent G. 2015, Rhododendrons subgen. Vireya 2nd edn.","https://research-scotland.ac.uk/items/235dc3cf-47be-44c3-9438-fb1803f4141f#:~:text=https%3A//hdl.handle.net/20.500.12594/1547","CC0 1.0 Universal (CC0 1.0)","Royal Botanic Garden Edinburgh"
"wfo-1200001311","Cliffs in open grassland and terrestrial on a steep, boggy slope, 3600–3800m. Fl. April–July.","Ecology","Argent G. 2015, Rhododendrons subgen. Vireya 2nd edn.","https://research-scotland.ac.uk/items/235dc3cf-47be-44c3-9438-fb1803f4141f#:~:text=https%3A//hdl.handle.net/20.500.12594/1547","CC0 1.0 Universal (CC0 1.0)","Royal Botanic Garden Edinburgh"
"wfo-0000405539","Epiphytic in montane forest, but mostly terrestrial at the forest margins, on steep slopes or exposed rocks or grassland above the forest line, often along streams, 1300–3680m. Fl. throughout the year.","Ecology","Argent G. 2015, Rhododendrons subgen. Vireya 2nd edn.","https://research-scotland.ac.uk/items/235dc3cf-47be-44c3-9438-fb1803f4141f#:~:text=https%3A//hdl.handle.net/20.500.12594/1547","CC0 1.0 Universal (CC0 1.0)","Royal Botanic Garden Edinburgh"
"wfo-0000405729","Grassy edges of Podocarpus forest, alpine grassland or boggy slopes, scattered through open mossy shrubberies on exposed ridges, in wet shallow sandy or peaty soil, 3200–3950m. Fl. continuously.","Ecology","Argent G. 2015, Rhododendrons subgen. Vireya 2nd edn.","https://research-scotland.ac.uk/items/235dc3cf-47be-44c3-9438-fb1803f4141f#:~:text=https%3A//hdl.handle.net/20.500.12594/1547","CC0 1.0 Universal (CC0 1.0)","Royal Botanic Garden Edinburgh"
"wfo-0000400220","On exposed sandstone, in shallow sandy soil or on peaty soil at the base of rocks, or epiphytic, 3200–3900m. Fl. Aug.–Feb.","Ecology","Argent G. 2015, Rhododendrons subgen. Vireya 2nd edn.","https://research-scotland.ac.uk/items/235dc3cf-47be-44c3-9438-fb1803f4141f#:~:text=https%3A//hdl.handle.net/20.500.12594/1547","CC0 1.0 Universal (CC0 1.0)","Royal Botanic Garden Edinburgh"
"wfo-0000400256","1750–2600m.","Ecology","Argent G. 2015, Rhododendrons subgen. Vireya 2nd edn.","https://research-scotland.ac.uk/items/235dc3cf-47be-44c3-9438-fb1803f4141f#:~:text=https%3A//hdl.handle.net/20.500.12594/1547","CC0 1.0 Universal (CC0 1.0)","Royal Botanic Garden Edinburgh"
"wfo-0000400284","Epiphytic on moss-covered trees in sub-alpine forest, terrestrial in peat in limestone grikes, locally common, 2500–3520m. Fl. March–April, Aug., Oct., probably continuously.","Ecology","Argent G. 2015, Rhododendrons subgen. Vireya 2nd edn.","https://research-scotland.ac.uk/items/235dc3cf-47be-44c3-9438-fb1803f4141f#:~:text=https%3A//hdl.handle.net/20.500.12594/1547","CC0 1.0 Universal (CC0 1.0)","Royal Botanic Garden Edinburgh"
"wfo-0000400334","Epiphytic in stunted, mossy forest on an exposed summit, 2100m. Fl. Jan.","Ecology","Argent G. 2015, Rhododendrons subgen. Vireya 2nd edn.","https://research-scotland.ac.uk/items/235dc3cf-47be-44c3-9438-fb1803f4141f#:~:text=https%3A//hdl.handle.net/20.500.12594/1547","CC0 1.0 Universal (CC0 1.0)","Royal Botanic Garden Edinburgh"
"wfo-0000400467","Growing in the high open valleys dominated by tree-ferns and forming cushions on their trunks, 2400–3500m. Probably protected from frost and with optimal shading by growing usually about mid-way up the tree-fern trunks. Fl. Aug.–Sept.","Ecology","Argent G. 2015, Rhododendrons subgen. Vireya 2nd edn.","https://research-scotland.ac.uk/items/235dc3cf-47be-44c3-9438-fb1803f4141f#:~:text=https%3A//hdl.handle.net/20.500.12594/1547","CC0 1.0 Universal (CC0 1.0)","Royal Botanic Garden Edinburgh"
"wfo-0000400601","In montane forest, open grassland or alpine shrubberies, epiphytic on moss on trees, or trailing over fallen logs, 1190–3500m. Fl. Jan.– Dec.","Ecology","Argent G. 2015, Rhododendrons subgen. Vireya 2nd edn.","https://research-scotland.ac.uk/items/235dc3cf-47be-44c3-9438-fb1803f4141f#:~:text=https%3A//hdl.handle.net/20.500.12594/1547","CC0 1.0 Universal (CC0 1.0)","Royal Botanic Garden Edinburgh"
"wfo-1200001335","Terrestrial in shrubberies and on peaty ridges, 3100–4100m. Fl. April, May, Aug.","Ecology","Argent G. 2015, Rhododendrons subgen. Vireya 2nd edn.","https://research-scotland.ac.uk/items/235dc3cf-47be-44c3-9438-fb1803f4141f#:~:text=https%3A//hdl.handle.net/20.500.12594/1547","CC0 1.0 Universal (CC0 1.0)","Royal Botanic Garden Edinburgh"
"wfo-0001360628","Podocarpus–Phyllocladus woodland with Gahnia tussocks dominating the ground layer, 3380–3800m.","Ecology","Argent G. 2015, Rhododendrons subgen. Vireya 2nd edn.","https://research-scotland.ac.uk/items/235dc3cf-47be-44c3-9438-fb1803f4141f#:~:text=https%3A//hdl.handle.net/20.500.12594/1547","CC0 1.0 Universal (CC0 1.0)","Royal Botanic Garden Edinburgh"
"wfo-0000405700","Mostly in open mossy forest or along forest margins, also in grassland above the timber line where it is terrestrial, rarely epiphytic on mossy trunks, 3200–3960m. Fl. Feb.–Sept.","Ecology","Argent G. 2015, Rhododendrons subgen. Vireya 2nd edn.","https://research-scotland.ac.uk/items/235dc3cf-47be-44c3-9438-fb1803f4141f#:~:text=https%3A//hdl.handle.net/20.500.12594/1547","CC0 1.0 Universal (CC0 1.0)","Royal Botanic Garden Edinburgh"
"wfo-0000405568","Growing in peaty crevices on limestone slopes and cliffs, 3520–3540m. Fl. Oct., Dec.","Ecology","Argent G. 2015, Rhododendrons subgen. Vireya 2nd edn.","https://research-scotland.ac.uk/items/235dc3cf-47be-44c3-9438-fb1803f4141f#:~:text=https%3A//hdl.handle.net/20.500.12594/1547","CC0 1.0 Universal (CC0 1.0)","Royal Botanic Garden Edinburgh"
"wfo-0000405518","In alpine shrubberies and upper montane forest, epiphytic or at the base of trees, 2600–3400m. Fl. Jan., April–Aug.","Ecology","Argent G. 2015, Rhododendrons subgen. Vireya 2nd edn.","https://research-scotland.ac.uk/items/235dc3cf-47be-44c3-9438-fb1803f4141f#:~:text=https%3A//hdl.handle.net/20.500.12594/1547","CC0 1.0 Universal (CC0 1.0)","Royal Botanic Garden Edinburgh"
"wfo-0000405358","Usually terrestrial in open vegetation, near Lake Habbema said to be plentiful in shrubberies with thick ground moss, or on peaty ridges, or open boggy ground with tree-ferns, 3100–3450m. Fl. Feb., Aug.","Ecology","Argent G. 2015, Rhododendrons subgen. Vireya 2nd edn.","https://research-scotland.ac.uk/items/235dc3cf-47be-44c3-9438-fb1803f4141f#:~:text=https%3A//hdl.handle.net/20.500.12594/1547","CC0 1.0 Universal (CC0 1.0)","Royal Botanic Garden Edinburgh"
"wfo-0000403319","Sub-alpine shrubbery, 3800m. Fl. May.","Ecology","Argent G. 2015, Rhododendrons subgen. Vireya 2nd edn.","https://research-scotland.ac.uk/items/235dc3cf-47be-44c3-9438-fb1803f4141f#:~:text=https%3A//hdl.handle.net/20.500.12594/1547","CC0 1.0 Universal (CC0 1.0)","Royal Botanic Garden Edinburgh"
"wfo-0000403024","Terrestrial on open steep slopes, and ridge-top shrubberies, or occasionally epiphytic, 2600–3810m. Fl. Jan., Oct.","Ecology","Argent G. 2015, Rhododendrons subgen. Vireya 2nd edn.","https://research-scotland.ac.uk/items/235dc3cf-47be-44c3-9438-fb1803f4141f#:~:text=https%3A//hdl.handle.net/20.500.12594/1547","CC0 1.0 Universal (CC0 1.0)","Royal Botanic Garden Edinburgh"
"wfo-0000405367","In open alpine grassland, occasionally on shrubby ridges, 3225–4000m. Fl. May– Feb., probably throughout the year.","Ecology","Argent G. 2015, Rhododendrons subgen. Vireya 2nd edn.","https://research-scotland.ac.uk/items/235dc3cf-47be-44c3-9438-fb1803f4141f#:~:text=https%3A//hdl.handle.net/20.500.12594/1547","CC0 1.0 Universal (CC0 1.0)","Royal Botanic Garden Edinburgh"
"wfo-0001358648","Epiphytic in lowland forest at the extraordinarily low altitude of 175m. Fl. Oct.","Ecology","Argent G. 2015, Rhododendrons subgen. Vireya 2nd edn.","https://research-scotland.ac.uk/items/235dc3cf-47be-44c3-9438-fb1803f4141f#:~:text=https%3A//hdl.handle.net/20.500.12594/1547","CC0 1.0 Universal (CC0 1.0)","Royal Botanic Garden Edinburgh"
"wfo-0000399980","A depression on peaty ground in primary forest, also from secondary vegetation, 1500–2000m, locally common. Fl. July.","Ecology","Argent G. 2015, Rhododendrons subgen. Vireya 2nd edn.","https://research-scotland.ac.uk/items/235dc3cf-47be-44c3-9438-fb1803f4141f#:~:text=https%3A//hdl.handle.net/20.500.12594/1547","CC0 1.0 Universal (CC0 1.0)","Royal Botanic Garden Edinburgh"
"wfo-0000400098","Terrestrial or epiphytic in upper montane forest, 1400–1600m. Fl. Feb., June.","Ecology","Argent G. 2015, Rhododendrons subgen. Vireya 2nd edn.","https://research-scotland.ac.uk/items/235dc3cf-47be-44c3-9438-fb1803f4141f#:~:text=https%3A//hdl.handle.net/20.500.12594/1547","CC0 1.0 Universal (CC0 1.0)","Royal Botanic Garden Edinburgh"
"wfo-0000400171","Terrestrial on margins of mossy forest with grassland, on ridge shrubberies and river banks, locally common, 2680–3260m. Fl. July–Oct.","Ecology","Argent G. 2015, Rhododendrons subgen. Vireya 2nd edn.","https://research-scotland.ac.uk/items/235dc3cf-47be-44c3-9438-fb1803f4141f#:~:text=https%3A//hdl.handle.net/20.500.12594/1547","CC0 1.0 Universal (CC0 1.0)","Royal Botanic Garden Edinburgh"
"wfo-0000400234","In ridge forest, on humus-rich peaty soil, 1800–1850m. Fl. Oct.","Ecology","Argent G. 2015, Rhododendrons subgen. Vireya 2nd edn.","https://research-scotland.ac.uk/items/235dc3cf-47be-44c3-9438-fb1803f4141f#:~:text=https%3A//hdl.handle.net/20.500.12594/1547","CC0 1.0 Universal (CC0 1.0)","Royal Botanic Garden Edinburgh"
"wfo-0000400254","In primary upper montane mossy forest, c.2000m. Fl. Feb.","Ecology","Argent G. 2015, Rhododendrons subgen. Vireya 2nd edn.","https://research-scotland.ac.uk/items/235dc3cf-47be-44c3-9438-fb1803f4141f#:~:text=https%3A//hdl.handle.net/20.500.12594/1547","CC0 1.0 Universal (CC0 1.0)","Royal Botanic Garden Edinburgh"
"wfo-0000400273","In hill forest dominated by Castanopsis and in open grassland at 1770–2440m. Fl. March, Sept., Oct.","Ecology","Argent G. 2015, Rhododendrons subgen. Vireya 2nd edn.","https://research-scotland.ac.uk/items/235dc3cf-47be-44c3-9438-fb1803f4141f#:~:text=https%3A//hdl.handle.net/20.500.12594/1547","CC0 1.0 Universal (CC0 1.0)","Royal Botanic Garden Edinburgh"
"wfo-0000400295","In primary upper montane mossy forest, c.2000m. Fl. Feb.","Ecology","Argent G. 2015, Rhododendrons subgen. Vireya 2nd edn.","https://research-scotland.ac.uk/items/235dc3cf-47be-44c3-9438-fb1803f4141f#:~:text=https%3A//hdl.handle.net/20.500.12594/1547","CC0 1.0 Universal (CC0 1.0)","Royal Botanic Garden Edinburgh"
"wfo-0000400320","In ridge forest, at 2895m. Fl. Jan.","Ecology","Argent G. 2015, Rhododendrons subgen. Vireya 2nd edn.","https://research-scotland.ac.uk/items/235dc3cf-47be-44c3-9438-fb1803f4141f#:~:text=https%3A//hdl.handle.net/20.500.12594/1547","CC0 1.0 Universal (CC0 1.0)","Royal Botanic Garden Edinburgh"
"wfo-0000400345","Epiphytic in large trees in montane mossy forest, or terrestrial on deep peat, sometimes in ultrabasic areas, 1300–2100m. Fl. Jan., June, Sept.","Ecology","Argent G. 2015, Rhododendrons subgen. Vireya 2nd edn.","https://research-scotland.ac.uk/items/235dc3cf-47be-44c3-9438-fb1803f4141f#:~:text=https%3A//hdl.handle.net/20.500.12594/1547","CC0 1.0 Universal (CC0 1.0)","Royal Botanic Garden Edinburgh"
"wfo-0000400403","Usually epiphytic in ridge forests, occasionally terrestrial in clearings, 2400m.","Ecology","Argent G. 2015, Rhododendrons subgen. Vireya 2nd edn.","https://research-scotland.ac.uk/items/235dc3cf-47be-44c3-9438-fb1803f4141f#:~:text=https%3A//hdl.handle.net/20.500.12594/1547","CC0 1.0 Universal (CC0 1.0)","Royal Botanic Garden Edinburgh"
"wfo-0000400405","Sub-montane forest, 2250–2710m. Fl. March, July.","Ecology","Argent G. 2015, Rhododendrons subgen. Vireya 2nd edn.","https://research-scotland.ac.uk/items/235dc3cf-47be-44c3-9438-fb1803f4141f#:~:text=https%3A//hdl.handle.net/20.500.12594/1547","CC0 1.0 Universal (CC0 1.0)","Royal Botanic Garden Edinburgh"
"wfo-0000400445","In open evergreen forest, margins of valley forest, on moss-covered ground among non-calcareous rocks in shade, 1860–2600m. Fl. June–Aug.","Ecology","Argent G. 2015, Rhododendrons subgen. Vireya 2nd edn.","https://research-scotland.ac.uk/items/235dc3cf-47be-44c3-9438-fb1803f4141f#:~:text=https%3A//hdl.handle.net/20.500.12594/1547","CC0 1.0 Universal (CC0 1.0)","Royal Botanic Garden Edinburgh"
"wfo-0000400462","Epiphytic or terrestrial in Castanopsis and Nothofagus forests, also on mossy ridges and valley forest, 1200–2000m. Fl. Oct.–Dec.","Ecology","Argent G. 2015, Rhododendrons subgen. Vireya 2nd edn.","https://research-scotland.ac.uk/items/235dc3cf-47be-44c3-9438-fb1803f4141f#:~:text=https%3A//hdl.handle.net/20.500.12594/1547","CC0 1.0 Universal (CC0 1.0)","Royal Botanic Garden Edinburgh"
"wfo-0000400507","Growing in upper montane, mossy forest dominated by Phyllocladus, Drimys and Vaccinium and common in open islands of scrub amongst bryophytes and lichens on the summit sandstone ridge at 1400–1800m. Fl. Feb., Oct.","Ecology","Argent G. 2015, Rhododendrons subgen. Vireya 2nd edn.","https://research-scotland.ac.uk/items/235dc3cf-47be-44c3-9438-fb1803f4141f#:~:text=https%3A//hdl.handle.net/20.500.12594/1547","CC0 1.0 Universal (CC0 1.0)","Royal Botanic Garden Edinburgh"
"wfo-0000400624","Epiphytic in moss forest, 2300–2745m. Fl. Jan., Nov.","Ecology","Argent G. 2015, Rhododendrons subgen. Vireya 2nd edn.","https://research-scotland.ac.uk/items/235dc3cf-47be-44c3-9438-fb1803f4141f#:~:text=https%3A//hdl.handle.net/20.500.12594/1547","CC0 1.0 Universal (CC0 1.0)","Royal Botanic Garden Edinburgh"
"wfo-0000400666","On exposed ridge, and sub-alpine grasslands, c.2000–2400m. Fl. Aug., Oct.","Ecology","Argent G. 2015, Rhododendrons subgen. Vireya 2nd edn.","https://research-scotland.ac.uk/items/235dc3cf-47be-44c3-9438-fb1803f4141f#:~:text=https%3A//hdl.handle.net/20.500.12594/1547","CC0 1.0 Universal (CC0 1.0)","Royal Botanic Garden Edinburgh"
"wfo-1200001360","Epiphytic or terrestrial in ridge forest and shrubberies and in open places on rocks, 1100–1500m. Fl. Dec.","Ecology","Argent G. 2015, Rhododendrons subgen. Vireya 2nd edn.","https://research-scotland.ac.uk/items/235dc3cf-47be-44c3-9438-fb1803f4141f#:~:text=https%3A//hdl.handle.net/20.500.12594/1547","CC0 1.0 Universal (CC0 1.0)","Royal Botanic Garden Edinburgh"
"wfo-0001360856","Open sub-alpine shrubbery, 300–450m. Fl. May.","Ecology","Argent G. 2015, Rhododendrons subgen. Vireya 2nd edn.","https://research-scotland.ac.uk/items/235dc3cf-47be-44c3-9438-fb1803f4141f#:~:text=https%3A//hdl.handle.net/20.500.12594/1547","CC0 1.0 Universal (CC0 1.0)","Royal Botanic Garden Edinburgh"
"wfo-0001360857","Sub-alpine shrubbery, 1900–3100m. Fl. March–Nov.","Ecology","Argent G. 2015, Rhododendrons subgen. Vireya 2nd edn.","https://research-scotland.ac.uk/items/235dc3cf-47be-44c3-9438-fb1803f4141f#:~:text=https%3A//hdl.handle.net/20.500.12594/1547","CC0 1.0 Universal (CC0 1.0)","Royal Botanic Garden Edinburgh"
"wfo-1200001359","Terrestrial in open rocky places often near volcanic vents, and a high epiphyte in sub-montane rain forest, 750–1500m. Fl. May–July.","Ecology","Argent G. 2015, Rhododendrons subgen. Vireya 2nd edn.","https://research-scotland.ac.uk/items/235dc3cf-47be-44c3-9438-fb1803f4141f#:~:text=https%3A//hdl.handle.net/20.500.12594/1547","CC0 1.0 Universal (CC0 1.0)","Royal Botanic Garden Edinburgh"
"wfo-1200001338","In mossy sub-montane forest, 1500–1725m. Fl. May.","Ecology","Argent G. 2015, Rhododendrons subgen. Vireya 2nd edn.","https://research-scotland.ac.uk/items/235dc3cf-47be-44c3-9438-fb1803f4141f#:~:text=https%3A//hdl.handle.net/20.500.12594/1547","CC0 1.0 Universal (CC0 1.0)","Royal Botanic Garden Edinburgh"
"wfo-0001360122","Epiphytic in montane mossy forest, (700)1700–2400m. Fl. May–June, Oct.–Nov.","Ecology","Argent G. 2015, Rhododendrons subgen. Vireya 2nd edn.","https://research-scotland.ac.uk/items/235dc3cf-47be-44c3-9438-fb1803f4141f#:~:text=https%3A//hdl.handle.net/20.500.12594/1547","CC0 1.0 Universal (CC0 1.0)","Royal Botanic Garden Edinburgh"
"wfo-0000403009","In secondary forest amongst Sphagnum, 1750m. Two collections. Fl. April–May.","Ecology","Argent G. 2015, Rhododendrons subgen. Vireya 2nd edn.","https://research-scotland.ac.uk/items/235dc3cf-47be-44c3-9438-fb1803f4141f#:~:text=https%3A//hdl.handle.net/20.500.12594/1547","CC0 1.0 Universal (CC0 1.0)","Royal Botanic Garden Edinburgh"
"wfo-0000403302","Epiphytic on an open hillside, 2440m. Fl. Jan.","Ecology","Argent G. 2015, Rhododendrons subgen. Vireya 2nd edn.","https://research-scotland.ac.uk/items/235dc3cf-47be-44c3-9438-fb1803f4141f#:~:text=https%3A//hdl.handle.net/20.500.12594/1547","CC0 1.0 Universal (CC0 1.0)","Royal Botanic Garden Edinburgh"
"wfo-0000403303","On open hillsides, along rocky river banks and gorges, mostly terrestrial but occasionally epiphytic, 1830–2950m. Fl. Jan., June.","Ecology","Argent G. 2015, Rhododendrons subgen. Vireya 2nd edn.","https://research-scotland.ac.uk/items/235dc3cf-47be-44c3-9438-fb1803f4141f#:~:text=https%3A//hdl.handle.net/20.500.12594/1547","CC0 1.0 Universal (CC0 1.0)","Royal Botanic Garden Edinburgh"
"wfo-0000403304","Montane forest and sub-alpine shrubbery. Fl. Jan.","Ecology","Argent G. 2015, Rhododendrons subgen. Vireya 2nd edn.","https://research-scotland.ac.uk/items/235dc3cf-47be-44c3-9438-fb1803f4141f#:~:text=https%3A//hdl.handle.net/20.500.12594/1547","CC0 1.0 Universal (CC0 1.0)","Royal Botanic Garden Edinburgh"
"wfo-0000405392","Primary forest, abundant on limestone, 1900–2500m. Fl. July.","Ecology","Argent G. 2015, Rhododendrons subgen. Vireya 2nd edn.","https://research-scotland.ac.uk/items/235dc3cf-47be-44c3-9438-fb1803f4141f#:~:text=https%3A//hdl.handle.net/20.500.12594/1547","CC0 1.0 Universal (CC0 1.0)","Royal Botanic Garden Edinburgh"
"wfo-1200001472","Epiphytic and terrestrial, common on the trees and ridges on Mt Kinabalu, 1200–1700m. Fl. Dec.–March.","Ecology","Argent G. 2015, Rhododendrons subgen. Vireya 2nd edn.","https://research-scotland.ac.uk/items/235dc3cf-47be-44c3-9438-fb1803f4141f#:~:text=https%3A//hdl.handle.net/20.500.12594/1547","CC0 1.0 Universal (CC0 1.0)","Royal Botanic Garden Edinburgh"
"wfo-1200001444","Common in secondary forest on stony and peaty soil; epiphytic in sub-montane mossy forest, 1700–2000m. Fl. Feb., Aug.","Ecology","Argent G. 2015, Rhododendrons subgen. Vireya 2nd edn.","https://research-scotland.ac.uk/items/235dc3cf-47be-44c3-9438-fb1803f4141f#:~:text=https%3A//hdl.handle.net/20.500.12594/1547","CC0 1.0 Universal (CC0 1.0)","Royal Botanic Garden Edinburgh"
"wfo-0001385406","In low forest, on volcanic grit or sandy soil, 1500–1700m.","Ecology","Argent G. 2015, Rhododendrons subgen. Vireya 2nd edn.","https://research-scotland.ac.uk/items/235dc3cf-47be-44c3-9438-fb1803f4141f#:~:text=https%3A//hdl.handle.net/20.500.12594/1547","CC0 1.0 Universal (CC0 1.0)","Royal Botanic Garden Edinburgh"
"wfo-0001382944","In open places, peaty soil or granite, 1700–2000m. Fl. July–Aug.","Ecology","Argent G. 2015, Rhododendrons subgen. Vireya 2nd edn.","https://research-scotland.ac.uk/items/235dc3cf-47be-44c3-9438-fb1803f4141f#:~:text=https%3A//hdl.handle.net/20.500.12594/1547","CC0 1.0 Universal (CC0 1.0)","Royal Botanic Garden Edinburgh"
"wfo-1200001443","Lower montane rain forest, 1153–1344m. Fl. Feb.","Ecology","Argent G. 2015, Rhododendrons subgen. Vireya 2nd edn.","https://research-scotland.ac.uk/items/235dc3cf-47be-44c3-9438-fb1803f4141f#:~:text=https%3A//hdl.handle.net/20.500.12594/1547","CC0 1.0 Universal (CC0 1.0)","Royal Botanic Garden Edinburgh"
"wfo-0000405513","Fl. April.","Ecology","Argent G. 2015, Rhododendrons subgen. Vireya 2nd edn.","https://research-scotland.ac.uk/items/235dc3cf-47be-44c3-9438-fb1803f4141f#:~:text=https%3A//hdl.handle.net/20.500.12594/1547","CC0 1.0 Universal (CC0 1.0)","Royal Botanic Garden Edinburgh"
"wfo-0000405515","Terrestrial shrub in open sub-alpine woodland or shrubberies, occasionally epiphytic, common at the margins of upper montane Nothofagus forest, 1800–2700m. Fl. April, May, Oct.","Ecology","Argent G. 2015, Rhododendrons subgen. Vireya 2nd edn.","https://research-scotland.ac.uk/items/235dc3cf-47be-44c3-9438-fb1803f4141f#:~:text=https%3A//hdl.handle.net/20.500.12594/1547","CC0 1.0 Universal (CC0 1.0)","Royal Botanic Garden Edinburgh"
"wfo-0000405441","Both epiphytic in dense forest and terrestrial in open disturbed Nothofagus summit forest or shrubberies, 2200–3000m. Fl. Jan.","Ecology","Argent G. 2015, Rhododendrons subgen. Vireya 2nd edn.","https://research-scotland.ac.uk/items/235dc3cf-47be-44c3-9438-fb1803f4141f#:~:text=https%3A//hdl.handle.net/20.500.12594/1547","CC0 1.0 Universal (CC0 1.0)","Royal Botanic Garden Edinburgh"
"wfo-1000002498","Terrestrial or epiphytic, in open places or on stream banks within the mossy forest, 2770–3000m. Fl. Feb.–Oct.","Ecology","Argent G. 2015, Rhododendrons subgen. Vireya 2nd edn.","https://research-scotland.ac.uk/items/235dc3cf-47be-44c3-9438-fb1803f4141f#:~:text=https%3A//hdl.handle.net/20.500.12594/1547","CC0 1.0 Universal (CC0 1.0)","Royal Botanic Garden Edinburgh"
"wfo-0000403058","Epiphytic in evergreen forest dominated by Fokienia and Phyllostachys, 1000–2100m. Fl. Sept.","Ecology","Argent G. 2015, Rhododendrons subgen. Vireya 2nd edn.","https://research-scotland.ac.uk/items/235dc3cf-47be-44c3-9438-fb1803f4141f#:~:text=https%3A//hdl.handle.net/20.500.12594/1547","CC0 1.0 Universal (CC0 1.0)","Royal Botanic Garden Edinburgh"
"wfo-0000400191","Epiphytic or terrestrial in mossy forest and on peaty soil, 1370–2135m. Fl. Feb.–Nov.","Ecology","Argent G. 2015, Rhododendrons subgen. Vireya 2nd edn.","https://research-scotland.ac.uk/items/235dc3cf-47be-44c3-9438-fb1803f4141f#:~:text=https%3A//hdl.handle.net/20.500.12594/1547","CC0 1.0 Universal (CC0 1.0)","Royal Botanic Garden Edinburgh"
"wfo-0000400242","Mostly epiphytic in rain forest, mossy forest or secondary forest, sometimes epiphytic in swampy habitats, 1200–2560m. Fl. Jan.–Dec.","Ecology","Argent G. 2015, Rhododendrons subgen. Vireya 2nd edn.","https://research-scotland.ac.uk/items/235dc3cf-47be-44c3-9438-fb1803f4141f#:~:text=https%3A//hdl.handle.net/20.500.12594/1547","CC0 1.0 Universal (CC0 1.0)","Royal Botanic Garden Edinburgh"
"wfo-0000400802","Terrestrial on slopes, 1800–2000m. Fl. Jan., June, Sept.","Ecology","Argent G. 2015, Rhododendrons subgen. Vireya 2nd edn.","https://research-scotland.ac.uk/items/235dc3cf-47be-44c3-9438-fb1803f4141f#:~:text=https%3A//hdl.handle.net/20.500.12594/1547","CC0 1.0 Universal (CC0 1.0)","Royal Botanic Garden Edinburgh"
"wfo-0000400260","Mostly terrestrial in open rocky places, hillsides or pastures, also near volcanoes, sometimes epiphytic in mountain forest, 900–2100m. Fl. Jan.–Dec.","Ecology","Argent G. 2015, Rhododendrons subgen. Vireya 2nd edn.","https://research-scotland.ac.uk/items/235dc3cf-47be-44c3-9438-fb1803f4141f#:~:text=https%3A//hdl.handle.net/20.500.12594/1547","CC0 1.0 Universal (CC0 1.0)","Royal Botanic Garden Edinburgh"
"wfo-0000400221","On a ridge in forest at 1850m. Fl. Feb.","Ecology","Argent G. 2015, Rhododendrons subgen. Vireya 2nd edn.","https://research-scotland.ac.uk/items/235dc3cf-47be-44c3-9438-fb1803f4141f#:~:text=https%3A//hdl.handle.net/20.500.12594/1547","CC0 1.0 Universal (CC0 1.0)","Royal Botanic Garden Edinburgh"
"wfo-0000400377","Epiphytic in montane forest, 1200–1830m. Fl. Jan.","Ecology","Argent G. 2015, Rhododendrons subgen. Vireya 2nd edn.","https://research-scotland.ac.uk/items/235dc3cf-47be-44c3-9438-fb1803f4141f#:~:text=https%3A//hdl.handle.net/20.500.12594/1547","CC0 1.0 Universal (CC0 1.0)","Royal Botanic Garden Edinburgh"
"wfo-1200001455","In mossy forest, 2500m. Fl. April.","Ecology","Argent G. 2015, Rhododendrons subgen. Vireya 2nd edn.","https://research-scotland.ac.uk/items/235dc3cf-47be-44c3-9438-fb1803f4141f#:~:text=https%3A//hdl.handle.net/20.500.12594/1547","CC0 1.0 Universal (CC0 1.0)","Royal Botanic Garden Edinburgh"
"wfo-1200001454","In ridge shrubbery, 1850–3000m. Fl. Jan., Feb.","Ecology","Argent G. 2015, Rhododendrons subgen. Vireya 2nd edn.","https://research-scotland.ac.uk/items/235dc3cf-47be-44c3-9438-fb1803f4141f#:~:text=https%3A//hdl.handle.net/20.500.12594/1547","CC0 1.0 Universal (CC0 1.0)","Royal Botanic Garden Edinburgh"
"wfo-1200001453","In ridge shrubbery, 2800m. Fl. March.","Ecology","Argent G. 2015, Rhododendrons subgen. Vireya 2nd edn.","https://research-scotland.ac.uk/items/235dc3cf-47be-44c3-9438-fb1803f4141f#:~:text=https%3A//hdl.handle.net/20.500.12594/1547","CC0 1.0 Universal (CC0 1.0)","Royal Botanic Garden Edinburgh"
"wfo-1200024252","Epiphytic in humid primary forest, sub-alpine forest or at forest margins, 1000–2900m. Fl. Sept.–March.","Ecology","Argent G. 2015, Rhododendrons subgen. Vireya 2nd edn.","https://research-scotland.ac.uk/items/235dc3cf-47be-44c3-9438-fb1803f4141f#:~:text=https%3A//hdl.handle.net/20.500.12594/1547","CC0 1.0 Universal (CC0 1.0)","Royal Botanic Garden Edinburgh"
"wfo-1200001309","In mossy forest, on ridges, 1220–2500m.","Ecology","Argent G. 2015, Rhododendrons subgen. Vireya 2nd edn.","https://research-scotland.ac.uk/items/235dc3cf-47be-44c3-9438-fb1803f4141f#:~:text=https%3A//hdl.handle.net/20.500.12594/1547","CC0 1.0 Universal (CC0 1.0)","Royal Botanic Garden Edinburgh"
"wfo-0000400177","It is only known growing terrestrially around the summit of Mt Tambuyukon in open shrubby vegetation amongst ultramafic rocks at 2400–2500m. Fl. July.","Ecology","Argent G. 2015, Rhododendrons subgen. Vireya 2nd edn.","https://research-scotland.ac.uk/items/235dc3cf-47be-44c3-9438-fb1803f4141f#:~:text=https%3A//hdl.handle.net/20.500.12594/1547","CC0 1.0 Universal (CC0 1.0)","Royal Botanic Garden Edinburgh"
"wfo-0000400488","Terrestrial in summit shrubberies, 3160–3650m. Fl. March, July–Dec.","Ecology","Argent G. 2015, Rhododendrons subgen. Vireya 2nd edn.","https://research-scotland.ac.uk/items/235dc3cf-47be-44c3-9438-fb1803f4141f#:~:text=https%3A//hdl.handle.net/20.500.12594/1547","CC0 1.0 Universal (CC0 1.0)","Royal Botanic Garden Edinburgh"
"wfo-0000400476","Epiphytic in mossy sub-montane forest, 1500–1600m. Fl. Jan.–Dec.","Ecology","Argent G. 2015, Rhododendrons subgen. Vireya 2nd edn.","https://research-scotland.ac.uk/items/235dc3cf-47be-44c3-9438-fb1803f4141f#:~:text=https%3A//hdl.handle.net/20.500.12594/1547","CC0 1.0 Universal (CC0 1.0)","Royal Botanic Garden Edinburgh"
"wfo-0000405435","Low montane forest, c.1250m. Fl. April.","Ecology","Argent G. 2015, Rhododendrons subgen. Vireya 2nd edn.","https://research-scotland.ac.uk/items/235dc3cf-47be-44c3-9438-fb1803f4141f#:~:text=https%3A//hdl.handle.net/20.500.12594/1547","CC0 1.0 Universal (CC0 1.0)","Royal Botanic Garden Edinburgh"
"wfo-0000400464","In forest above 3100m, but more frequent in shrubberies and in open places amongst the granite rocks, up to 3900m. Fl. Jan.–Dec. but with a major flowering in Feb./March.","Ecology","Argent G. 2015, Rhododendrons subgen. Vireya 2nd edn.","https://research-scotland.ac.uk/items/235dc3cf-47be-44c3-9438-fb1803f4141f#:~:text=https%3A//hdl.handle.net/20.500.12594/1547","CC0 1.0 Universal (CC0 1.0)","Royal Botanic Garden Edinburgh"
"wfo-0000403117","In open low forest and sub-alpine shrubberies, 3050–3200m. Fl. Feb., March, July, Aug.","Ecology","Argent G. 2015, Rhododendrons subgen. Vireya 2nd edn.","https://research-scotland.ac.uk/items/235dc3cf-47be-44c3-9438-fb1803f4141f#:~:text=https%3A//hdl.handle.net/20.500.12594/1547","CC0 1.0 Universal (CC0 1.0)","Royal Botanic Garden Edinburgh"
"wfo-0000405641","Open landslide in the ultramafic area, 2800–2900m.. Fl. Jan., July.","Ecology","Argent G. 2015, Rhododendrons subgen. Vireya 2nd edn.","https://research-scotland.ac.uk/items/235dc3cf-47be-44c3-9438-fb1803f4141f#:~:text=https%3A//hdl.handle.net/20.500.12594/1547","CC0 1.0 Universal (CC0 1.0)","Royal Botanic Garden Edinburgh"
"wfo-7000000218","Mostly epiphytic in dense humid forest, along rivers particularly near waterfalls, also recorded from ‘heath-forest’, 100–800m. Its flowering time is not well known and is probably quite variable and intermittent throughout the year.","Ecology","Argent G. 2015, Rhododendrons subgen. Vireya 2nd edn.","https://research-scotland.ac.uk/items/235dc3cf-47be-44c3-9438-fb1803f4141f#:~:text=https%3A//hdl.handle.net/20.500.12594/1547","CC0 1.0 Universal (CC0 1.0)","Royal Botanic Garden Edinburgh"
"wfo-0000405649","Epiphytic on trees in mossy montane forest, c.2600–2700m. Fl. Feb.–March.","Ecology","Argent G. 2015, Rhododendrons subgen. Vireya 2nd edn.","https://research-scotland.ac.uk/items/235dc3cf-47be-44c3-9438-fb1803f4141f#:~:text=https%3A//hdl.handle.net/20.500.12594/1547","CC0 1.0 Universal (CC0 1.0)","Royal Botanic Garden Edinburgh"
"wfo-0000400489","An epiphyte in dense montane rain forest at c.1725m. Known only from this single location. Fl. May.","Ecology","Argent G. 2015, Rhododendrons subgen. Vireya 2nd edn.","https://research-scotland.ac.uk/items/235dc3cf-47be-44c3-9438-fb1803f4141f#:~:text=https%3A//hdl.handle.net/20.500.12594/1547","CC0 1.0 Universal (CC0 1.0)","Royal Botanic Garden Edinburgh"
"wfo-0000406461","Low mossy sub-montane forest, c.1200m.","Ecology","Argent G. 2015, Rhododendrons subgen. Vireya 2nd edn.","https://research-scotland.ac.uk/items/235dc3cf-47be-44c3-9438-fb1803f4141f#:~:text=https%3A//hdl.handle.net/20.500.12594/1547","CC0 1.0 Universal (CC0 1.0)","Royal Botanic Garden Edinburgh"
"wfo-0000405524","Growing amongst ultramafic boulders in open sub-montane forest, 1300m. Fl. Aug.","Ecology","Argent G. 2015, Rhododendrons subgen. Vireya 2nd edn.","https://research-scotland.ac.uk/items/235dc3cf-47be-44c3-9438-fb1803f4141f#:~:text=https%3A//hdl.handle.net/20.500.12594/1547","CC0 1.0 Universal (CC0 1.0)","Royal Botanic Garden Edinburgh"
"wfo-0000405691","Epiphytic or terrestrial in shrubberies, banks or open mossy forest, considered to be rare, 1800–2400m. Fl. Feb.","Ecology","Argent G. 2015, Rhododendrons subgen. Vireya 2nd edn.","https://research-scotland.ac.uk/items/235dc3cf-47be-44c3-9438-fb1803f4141f#:~:text=https%3A//hdl.handle.net/20.500.12594/1547","CC0 1.0 Universal (CC0 1.0)","Royal Botanic Garden Edinburgh"
"wfo-1200001499","Mostly epiphytic in mossy forest, but also terrestrial on banks in barren places, shrubberies or grassland and on exposed ridges, locally common, 1000–2100m. Fl. Jan.–Dec.","Ecology","Argent G. 2015, Rhododendrons subgen. Vireya 2nd edn.","https://research-scotland.ac.uk/items/235dc3cf-47be-44c3-9438-fb1803f4141f#:~:text=https%3A//hdl.handle.net/20.500.12594/1547","CC0 1.0 Universal (CC0 1.0)","Royal Botanic Garden Edinburgh"
"wfo-0001360626","mossy ridge at c.1200m","Ecology","Argent G. 2015, Rhododendrons subgen. Vireya 2nd edn.","https://research-scotland.ac.uk/items/235dc3cf-47be-44c3-9438-fb1803f4141f#:~:text=https%3A//hdl.handle.net/20.500.12594/1547","CC0 1.0 Universal (CC0 1.0)","Royal Botanic Garden Edinburgh"
"wfo-0000405370","In forest, 2950m. Fl. June.","Ecology","Argent G. 2015, Rhododendrons subgen. Vireya 2nd edn.","https://research-scotland.ac.uk/items/235dc3cf-47be-44c3-9438-fb1803f4141f#:~:text=https%3A//hdl.handle.net/20.500.12594/1547","CC0 1.0 Universal (CC0 1.0)","Royal Botanic Garden Edinburgh"
"wfo-0000399964","Terrestrial shrub on the summit, c.2280m. Fl. Sept.","Ecology","Argent G. 2015, Rhododendrons subgen. Vireya 2nd edn.","https://research-scotland.ac.uk/items/235dc3cf-47be-44c3-9438-fb1803f4141f#:~:text=https%3A//hdl.handle.net/20.500.12594/1547","CC0 1.0 Universal (CC0 1.0)","Royal Botanic Garden Edinburgh"
"wfo-0000400502","Terrestrial in shrubbery, or epiphytic in low forest, c.3000m, common. Fl. July.","Ecology","Argent G. 2015, Rhododendrons subgen. Vireya 2nd edn.","https://research-scotland.ac.uk/items/235dc3cf-47be-44c3-9438-fb1803f4141f#:~:text=https%3A//hdl.handle.net/20.500.12594/1547","CC0 1.0 Universal (CC0 1.0)","Royal Botanic Garden Edinburgh"
"wfo-0000400373","Mostly epiphytic in primary montane forest on mountain ridges, also in heath-forest, and colonising roadsides and landslips, 850–2135m. Fl. Jan.–Dec.","Ecology","Argent G. 2015, Rhododendrons subgen. Vireya 2nd edn.","https://research-scotland.ac.uk/items/235dc3cf-47be-44c3-9438-fb1803f4141f#:~:text=https%3A//hdl.handle.net/20.500.12594/1547","CC0 1.0 Universal (CC0 1.0)","Royal Botanic Garden Edinburgh"
"wfo-0000405387","In open montane forest, 1800m. Known only from the type locality.","Ecology","Argent G. 2015, Rhododendrons subgen. Vireya 2nd edn.","https://research-scotland.ac.uk/items/235dc3cf-47be-44c3-9438-fb1803f4141f#:~:text=https%3A//hdl.handle.net/20.500.12594/1547","CC0 1.0 Universal (CC0 1.0)","Royal Botanic Garden Edinburgh"
"wfo-0000400229","Growing amongst moss in open areas near the summit, 3300m. Fl. March, June.","Ecology","Argent G. 2015, Rhododendrons subgen. Vireya 2nd edn.","https://research-scotland.ac.uk/items/235dc3cf-47be-44c3-9438-fb1803f4141f#:~:text=https%3A//hdl.handle.net/20.500.12594/1547","CC0 1.0 Universal (CC0 1.0)","Royal Botanic Garden Edinburgh"
"wfo-0000400356","Open places in the sub-alpine forest or in open alpine vegetation, 2500–3000m. Fl. Jan., June–Aug.","Ecology","Argent G. 2015, Rhododendrons subgen. Vireya 2nd edn.","https://research-scotland.ac.uk/items/235dc3cf-47be-44c3-9438-fb1803f4141f#:~:text=https%3A//hdl.handle.net/20.500.12594/1547","CC0 1.0 Universal (CC0 1.0)","Royal Botanic Garden Edinburgh"
"wfo-0000405725","Epiphyte in primary Agathis forest on clayey soil, 840m. Fl. Feb.","Ecology","Argent G. 2015, Rhododendrons subgen. Vireya 2nd edn.","https://research-scotland.ac.uk/items/235dc3cf-47be-44c3-9438-fb1803f4141f#:~:text=https%3A//hdl.handle.net/20.500.12594/1547","CC0 1.0 Universal (CC0 1.0)","Royal Botanic Garden Edinburgh"
"wfo-0000400789","In open, swampy localities, or on the edge of sub-montane forest, c.3200m. Fl. Feb., Aug.","Ecology","Argent G. 2015, Rhododendrons subgen. Vireya 2nd edn.","https://research-scotland.ac.uk/items/235dc3cf-47be-44c3-9438-fb1803f4141f#:~:text=https%3A//hdl.handle.net/20.500.12594/1547","CC0 1.0 Universal (CC0 1.0)","Royal Botanic Garden Edinburgh"
"wfo-0000405687","Epiphytic or terrestrial, forest or open hillside, common in sub-alpine shrubberies, 2195–2590m. Fl. Jan.–Nov.","Ecology","Argent G. 2015, Rhododendrons subgen. Vireya 2nd edn.","https://research-scotland.ac.uk/items/235dc3cf-47be-44c3-9438-fb1803f4141f#:~:text=https%3A//hdl.handle.net/20.500.12594/1547","CC0 1.0 Universal (CC0 1.0)","Royal Botanic Garden Edinburgh"
"wfo-0000405416","Epiphytic and terrestrial but mostly epiphytic and probably under-recorded due to its rather inconspicuous flowers, 2000–2300m. Fl. March.","Ecology","Argent G. 2015, Rhododendrons subgen. Vireya 2nd edn.","https://research-scotland.ac.uk/items/235dc3cf-47be-44c3-9438-fb1803f4141f#:~:text=https%3A//hdl.handle.net/20.500.12594/1547","CC0 1.0 Universal (CC0 1.0)","Royal Botanic Garden Edinburgh"
"wfo-0000400627","Epiphytic in mossy Nothofagus forest, 1550–1900m, apparently very scattered or rare. Fl. Oct.–March.","Ecology","Argent G. 2015, Rhododendrons subgen. Vireya 2nd edn.","https://research-scotland.ac.uk/items/235dc3cf-47be-44c3-9438-fb1803f4141f#:~:text=https%3A//hdl.handle.net/20.500.12594/1547","CC0 1.0 Universal (CC0 1.0)","Royal Botanic Garden Edinburgh"
"wfo-1000002487","Terrestrial on open peaty ground in degraded montane shrubbery, 2000m.","Ecology","Argent G. 2015, Rhododendrons subgen. Vireya 2nd edn.","https://research-scotland.ac.uk/items/235dc3cf-47be-44c3-9438-fb1803f4141f#:~:text=https%3A//hdl.handle.net/20.500.12594/1547","CC0 1.0 Universal (CC0 1.0)","Royal Botanic Garden Edinburgh"
"wfo-0000403118","Mossy forest and shrubberies, 860m. Fl. June.","Ecology","Argent G. 2015, Rhododendrons subgen. Vireya 2nd edn.","https://research-scotland.ac.uk/items/235dc3cf-47be-44c3-9438-fb1803f4141f#:~:text=https%3A//hdl.handle.net/20.500.12594/1547","CC0 1.0 Universal (CC0 1.0)","Royal Botanic Garden Edinburgh"
"wfo-0000403015","Terrestrial in grassland at the edge of Papuacedrus forest, in open semi-swampy places, also on crests of high ridges, stony ground, 1800–4000m, becoming very small-leafed at high altitudes, flowering freely in fully exposed positions. Fl. throughout the year.","Ecology","Argent G. 2015, Rhododendrons subgen. Vireya 2nd edn.","https://research-scotland.ac.uk/items/235dc3cf-47be-44c3-9438-fb1803f4141f#:~:text=https%3A//hdl.handle.net/20.500.12594/1547","CC0 1.0 Universal (CC0 1.0)","Royal Botanic Garden Edinburgh"
"wfo-0000405502","Epiphytic in mossy forest and forest margins, 1525–3655m. Fl. Feb.–March, June.","Ecology","Argent G. 2015, Rhododendrons subgen. Vireya 2nd edn.","https://research-scotland.ac.uk/items/235dc3cf-47be-44c3-9438-fb1803f4141f#:~:text=https%3A//hdl.handle.net/20.500.12594/1547","CC0 1.0 Universal (CC0 1.0)","Royal Botanic Garden Edinburgh"
"wfo-0000405653","Epiphytic in mossy montane forest and a ridge dominated by Syzygium and Podocarpus, 1175–1800m. Fl. Jan., Feb.","Ecology","Argent G. 2015, Rhododendrons subgen. Vireya 2nd edn.","https://research-scotland.ac.uk/items/235dc3cf-47be-44c3-9438-fb1803f4141f#:~:text=https%3A//hdl.handle.net/20.500.12594/1547","CC0 1.0 Universal (CC0 1.0)","Royal Botanic Garden Edinburgh"
"wfo-0000400619","Terrestrial in low shrubberies, grassy marshes and open boggy slopes, locally frequent, 3225m. Fl. Aug.","Ecology","Argent G. 2015, Rhododendrons subgen. Vireya 2nd edn.","https://research-scotland.ac.uk/items/235dc3cf-47be-44c3-9438-fb1803f4141f#:~:text=https%3A//hdl.handle.net/20.500.12594/1547","CC0 1.0 Universal (CC0 1.0)","Royal Botanic Garden Edinburgh"
"wfo-0000400450","Shrubby forest, or grassy margins of Podocarpus forest, or open shrubberies on ridges, 3200–3225m. Fl. Aug.–Sept.","Ecology","Argent G. 2015, Rhododendrons subgen. Vireya 2nd edn.","https://research-scotland.ac.uk/items/235dc3cf-47be-44c3-9438-fb1803f4141f#:~:text=https%3A//hdl.handle.net/20.500.12594/1547","CC0 1.0 Universal (CC0 1.0)","Royal Botanic Garden Edinburgh"
"wfo-0000400180","Terrestrial in Nothofagus and Libocedrus forest, 2320–3500m. Fl. Jan., Oct.","Ecology","Argent G. 2015, Rhododendrons subgen. Vireya 2nd edn.","https://research-scotland.ac.uk/items/235dc3cf-47be-44c3-9438-fb1803f4141f#:~:text=https%3A//hdl.handle.net/20.500.12594/1547","CC0 1.0 Universal (CC0 1.0)","Royal Botanic Garden Edinburgh"
"wfo-0000405522","Epiphytic or terrestrial, in open shrubberies on ridges and epiphytic on high trees in mossy forest, (500)1900–3345m. Fl. Aug., Oct.","Ecology","Argent G. 2015, Rhododendrons subgen. Vireya 2nd edn.","https://research-scotland.ac.uk/items/235dc3cf-47be-44c3-9438-fb1803f4141f#:~:text=https%3A//hdl.handle.net/20.500.12594/1547","CC0 1.0 Universal (CC0 1.0)","Royal Botanic Garden Edinburgh"
"wfo-0000400227","Epiphytic on tall trees in mossy forest, 1100–2150m. Fl. Dec., Feb., May–June.","Ecology","Argent G. 2015, Rhododendrons subgen. Vireya 2nd edn.","https://research-scotland.ac.uk/items/235dc3cf-47be-44c3-9438-fb1803f4141f#:~:text=https%3A//hdl.handle.net/20.500.12594/1547","CC0 1.0 Universal (CC0 1.0)","Royal Botanic Garden Edinburgh"
"wfo-0000400258","Epiphytic on tall trees in mossy forest, 2150m. Fl. Feb.","Ecology","Argent G. 2015, Rhododendrons subgen. Vireya 2nd edn.","https://research-scotland.ac.uk/items/235dc3cf-47be-44c3-9438-fb1803f4141f#:~:text=https%3A//hdl.handle.net/20.500.12594/1547","CC0 1.0 Universal (CC0 1.0)","Royal Botanic Garden Edinburgh"
"wfo-0000405712","Growing on the open valley floor in dark peaty soil with limestone fragments.","Ecology","Argent G. 2015, Rhododendrons subgen. Vireya 2nd edn.","https://research-scotland.ac.uk/items/235dc3cf-47be-44c3-9438-fb1803f4141f#:~:text=https%3A//hdl.handle.net/20.500.12594/1547","CC0 1.0 Universal (CC0 1.0)","Royal Botanic Garden Edinburgh"
"wfo-0000400412","At the edge of sub-alpine forest and alpine shrubberies, 3590–3840m. Main flowering appears to be June to September but it has also been collected in flower in April and December and is probably to be found with some flowers throughout the year.","Ecology","Argent G. 2015, Rhododendrons subgen. Vireya 2nd edn.","https://research-scotland.ac.uk/items/235dc3cf-47be-44c3-9438-fb1803f4141f#:~:text=https%3A//hdl.handle.net/20.500.12594/1547","CC0 1.0 Universal (CC0 1.0)","Royal Botanic Garden Edinburgh"
"wfo-0000405440","High epiphyte, frequent in mid-mountain mossy forest, or common terrestrially on white sand in clearings, 1550–2600m. Fl. Oct.–Nov.","Ecology","Argent G. 2015, Rhododendrons subgen. Vireya 2nd edn.","https://research-scotland.ac.uk/items/235dc3cf-47be-44c3-9438-fb1803f4141f#:~:text=https%3A//hdl.handle.net/20.500.12594/1547","CC0 1.0 Universal (CC0 1.0)","Royal Botanic Garden Edinburgh"
"wfo-0000400686","In mossy forest or forest openings, Vaccinium-shrubbery, commonly on old landslides, the edges of deep gullies or steep mountainsides with grassy slopes in full sun, often on infertile sandy soil, sometimes on limestone ridges, 1800–3400m. Fl. Jan.–Dec.","Ecology","Argent G. 2015, Rhododendrons subgen. Vireya 2nd edn.","https://research-scotland.ac.uk/items/235dc3cf-47be-44c3-9438-fb1803f4141f#:~:text=https%3A//hdl.handle.net/20.500.12594/1547","CC0 1.0 Universal (CC0 1.0)","Royal Botanic Garden Edinburgh"
"wfo-0000400105","On an open slope with rocks, 3280m. Fl. Oct.","Ecology","Argent G. 2015, Rhododendrons subgen. Vireya 2nd edn.","https://research-scotland.ac.uk/items/235dc3cf-47be-44c3-9438-fb1803f4141f#:~:text=https%3A//hdl.handle.net/20.500.12594/1547","CC0 1.0 Universal (CC0 1.0)","Royal Botanic Garden Edinburgh"
"wfo-0000405456","On steep open slopes with rocks, 3300–3500m. Fl. Oct.","Ecology","Argent G. 2015, Rhododendrons subgen. Vireya 2nd edn.","https://research-scotland.ac.uk/items/235dc3cf-47be-44c3-9438-fb1803f4141f#:~:text=https%3A//hdl.handle.net/20.500.12594/1547","CC0 1.0 Universal (CC0 1.0)","Royal Botanic Garden Edinburgh"
"wfo-0000400198","Terrestrial in open places on moss-cushions, or epiphytic in mossy forest, 1525–2550m. Fl. July–Dec.","Ecology","Argent G. 2015, Rhododendrons subgen. Vireya 2nd edn.","https://research-scotland.ac.uk/items/235dc3cf-47be-44c3-9438-fb1803f4141f#:~:text=https%3A//hdl.handle.net/20.500.12594/1547","CC0 1.0 Universal (CC0 1.0)","Royal Botanic Garden Edinburgh"
"wfo-1200001505","Epiphytic in mossy forest, or terrestrial in openings, on sandy or peaty soil, 1370–3250m. Fl. Oct.–March.","Ecology","Argent G. 2015, Rhododendrons subgen. Vireya 2nd edn.","https://research-scotland.ac.uk/items/235dc3cf-47be-44c3-9438-fb1803f4141f#:~:text=https%3A//hdl.handle.net/20.500.12594/1547","CC0 1.0 Universal (CC0 1.0)","Royal Botanic Garden Edinburgh"
"wfo-1200001502","Epiphytic or on moss-covered soil, in open Nothofagus–Rapanea ridge forest, 1480–1800m. Fl. June–Oct.","Ecology","Argent G. 2015, Rhododendrons subgen. Vireya 2nd edn.","https://research-scotland.ac.uk/items/235dc3cf-47be-44c3-9438-fb1803f4141f#:~:text=https%3A//hdl.handle.net/20.500.12594/1547","CC0 1.0 Universal (CC0 1.0)","Royal Botanic Garden Edinburgh"
"wfo-1200001503","High epiphyte in tall mossy forest, 820–1600m. Fl. Jan., Oct.","Ecology","Argent G. 2015, Rhododendrons subgen. Vireya 2nd edn.","https://research-scotland.ac.uk/items/235dc3cf-47be-44c3-9438-fb1803f4141f#:~:text=https%3A//hdl.handle.net/20.500.12594/1547","CC0 1.0 Universal (CC0 1.0)","Royal Botanic Garden Edinburgh"
"wfo-0000405444","Terrestrial, common at the edges of mossy forest, or in open mossy shrubberies and in an open shrubbery on a dry ridge, 3225–3345m. Fl. Aug.","Ecology","Argent G. 2015, Rhododendrons subgen. Vireya 2nd edn.","https://research-scotland.ac.uk/items/235dc3cf-47be-44c3-9438-fb1803f4141f#:~:text=https%3A//hdl.handle.net/20.500.12594/1547","CC0 1.0 Universal (CC0 1.0)","Royal Botanic Garden Edinburgh"
"wfo-0000400432","In alpine or semi-alpine shrubby vegetation, 3000–3200m. Fl. July.","Ecology","Argent G. 2015, Rhododendrons subgen. Vireya 2nd edn.","https://research-scotland.ac.uk/items/235dc3cf-47be-44c3-9438-fb1803f4141f#:~:text=https%3A//hdl.handle.net/20.500.12594/1547","CC0 1.0 Universal (CC0 1.0)","Royal Botanic Garden Edinburgh"
"wfo-0000405645","Epiphytic on trees or on peat on blocks of granite in primary sub-montane forest, 700–1500m. Fl. Jan.","Ecology","Argent G. 2015, Rhododendrons subgen. Vireya 2nd edn.","https://research-scotland.ac.uk/items/235dc3cf-47be-44c3-9438-fb1803f4141f#:~:text=https%3A//hdl.handle.net/20.500.12594/1547","CC0 1.0 Universal (CC0 1.0)","Royal Botanic Garden Edinburgh"
"wfo-1000002488","A mossy hummock and as an epiphyte on a tree by a river in lower montane forest, 1271–1717m.","Ecology","Argent G. 2015, Rhododendrons subgen. Vireya 2nd edn.","https://research-scotland.ac.uk/items/235dc3cf-47be-44c3-9438-fb1803f4141f#:~:text=https%3A//hdl.handle.net/20.500.12594/1547","CC0 1.0 Universal (CC0 1.0)","Royal Botanic Garden Edinburgh"
"wfo-1200001387","Terrestrial or epiphytic, often on tall trees in primary or secondary forest, along rivers and in mangrove, quartzite rocks, sandstone pavement, limestone hills or sandy clay; in heath-forest (kerangas); from sea level up to 1500m. Fl. Jan.–Dec.","Ecology","Argent G. 2015, Rhododendrons subgen. Vireya 2nd edn.","https://research-scotland.ac.uk/items/235dc3cf-47be-44c3-9438-fb1803f4141f#:~:text=https%3A//hdl.handle.net/20.500.12594/1547","CC0 1.0 Universal (CC0 1.0)","Royal Botanic Garden Edinburgh"
"wfo-0001388529","Epiphyte in lowland forest, 760–1060m.","Ecology","Argent G. 2015, Rhododendrons subgen. Vireya 2nd edn.","https://research-scotland.ac.uk/items/235dc3cf-47be-44c3-9438-fb1803f4141f#:~:text=https%3A//hdl.handle.net/20.500.12594/1547","CC0 1.0 Universal (CC0 1.0)","Royal Botanic Garden Edinburgh"
"wfo-1200001385","Epiphytic in sub-montane forest and on large trees along the river, 425–700m.","Ecology","Argent G. 2015, Rhododendrons subgen. Vireya 2nd edn.","https://research-scotland.ac.uk/items/235dc3cf-47be-44c3-9438-fb1803f4141f#:~:text=https%3A//hdl.handle.net/20.500.12594/1547","CC0 1.0 Universal (CC0 1.0)","Royal Botanic Garden Edinburgh"
"wfo-0001388738","Terrestrial and epiphytic in heath-forest, 700–1000m. Fl. Jan.–Dec.","Ecology","Argent G. 2015, Rhododendrons subgen. Vireya 2nd edn.","https://research-scotland.ac.uk/items/235dc3cf-47be-44c3-9438-fb1803f4141f#:~:text=https%3A//hdl.handle.net/20.500.12594/1547","CC0 1.0 Universal (CC0 1.0)","Royal Botanic Garden Edinburgh"
"wfo-0000405504","Epiphytic on tall trees, especially those overhanging rivers, also terrestrial on rocks by streams, occasionally on wooded hillsides or swamps, locally common, 1035–1830m. Fl. Jan.–Dec.","Ecology","Argent G. 2015, Rhododendrons subgen. Vireya 2nd edn.","https://research-scotland.ac.uk/items/235dc3cf-47be-44c3-9438-fb1803f4141f#:~:text=https%3A//hdl.handle.net/20.500.12594/1547","CC0 1.0 Universal (CC0 1.0)","Royal Botanic Garden Edinburgh"
"wfo-0000405495","In sub-alpine shrubberies, and open volcanic areas, mostly terrestrial, rarely epiphytic, 1000–2500m. Fl. Jan.–Dec.","Ecology","Argent G. 2015, Rhododendrons subgen. Vireya 2nd edn.","https://research-scotland.ac.uk/items/235dc3cf-47be-44c3-9438-fb1803f4141f#:~:text=https%3A//hdl.handle.net/20.500.12594/1547","CC0 1.0 Universal (CC0 1.0)","Royal Botanic Garden Edinburgh"
"wfo-1000002529","Mountain summits 1750–2100m.","Ecology","Argent G. 2015, Rhododendrons subgen. Vireya 2nd edn.","https://research-scotland.ac.uk/items/235dc3cf-47be-44c3-9438-fb1803f4141f#:~:text=https%3A//hdl.handle.net/20.500.12594/1547","CC0 1.0 Universal (CC0 1.0)","Royal Botanic Garden Edinburgh"
"wfo-1200001363","Mostly epiphytic and in primary and secondary forest, but also terrestrial near craters, on narrow ridges, between rocks and on steep slopes, 800–2550m. Fl. Jan.–Dec., with preference for the dry season.","Ecology","Argent G. 2015, Rhododendrons subgen. Vireya 2nd edn.","https://research-scotland.ac.uk/items/235dc3cf-47be-44c3-9438-fb1803f4141f#:~:text=https%3A//hdl.handle.net/20.500.12594/1547","CC0 1.0 Universal (CC0 1.0)","Royal Botanic Garden Edinburgh"
"wfo-0001365423","Epiphytic on mangrove or rocks at sea level, ascending to 1525m in the mossy forest, with preference for trees along rivers at the lower altitudes. Fl. Jan.–Dec.","Ecology","Argent G. 2015, Rhododendrons subgen. Vireya 2nd edn.","https://research-scotland.ac.uk/items/235dc3cf-47be-44c3-9438-fb1803f4141f#:~:text=https%3A//hdl.handle.net/20.500.12594/1547","CC0 1.0 Universal (CC0 1.0)","Royal Botanic Garden Edinburgh"
"wfo-0001365522","Epiphytic in lowland forest, occasionally in more exposed situations on rocks, from sea level to 1500m. Fl. Jan.–Dec.","Ecology","Argent G. 2015, Rhododendrons subgen. Vireya 2nd edn.","https://research-scotland.ac.uk/items/235dc3cf-47be-44c3-9438-fb1803f4141f#:~:text=https%3A//hdl.handle.net/20.500.12594/1547","CC0 1.0 Universal (CC0 1.0)","Royal Botanic Garden Edinburgh"
"wfo-0001360859","Lowland forest and low open forest on ultramafic rocks (Mt Silam), 300–500m. Fl. Sept.","Ecology","Argent G. 2015, Rhododendrons subgen. Vireya 2nd edn.","https://research-scotland.ac.uk/items/235dc3cf-47be-44c3-9438-fb1803f4141f#:~:text=https%3A//hdl.handle.net/20.500.12594/1547","CC0 1.0 Universal (CC0 1.0)","Royal Botanic Garden Edinburgh"
"wfo-0001366617","Epiphytic in sub-montane forest and terrestrial on open ground, 900–1500m. Fl. Nov.","Ecology","Argent G. 2015, Rhododendrons subgen. Vireya 2nd edn.","https://research-scotland.ac.uk/items/235dc3cf-47be-44c3-9438-fb1803f4141f#:~:text=https%3A//hdl.handle.net/20.500.12594/1547","CC0 1.0 Universal (CC0 1.0)","Royal Botanic Garden Edinburgh"
"wfo-0001360121","Montane forest, 1500–2000m. Fl. Jan.","Ecology","Argent G. 2015, Rhododendrons subgen. Vireya 2nd edn.","https://research-scotland.ac.uk/items/235dc3cf-47be-44c3-9438-fb1803f4141f#:~:text=https%3A//hdl.handle.net/20.500.12594/1547","CC0 1.0 Universal (CC0 1.0)","Royal Botanic Garden Edinburgh"
"wfo-0001360860","Distinctly sub-montane in its ecology, growing as an epiphyte in forest or on the ground in openings such as road cuttings and landslips. 1000–1800m, which is higher than the altitudes at which ssp. brookeanum grows. Fl. Jan.–Dec.","Ecology","Argent G. 2015, Rhododendrons subgen. Vireya 2nd edn.","https://research-scotland.ac.uk/items/235dc3cf-47be-44c3-9438-fb1803f4141f#:~:text=https%3A//hdl.handle.net/20.500.12594/1547","CC0 1.0 Universal (CC0 1.0)","Royal Botanic Garden Edinburgh"
"wfo-0001360861","Montane forests, 800–2000m. Fl. Nov., Dec.","Ecology","Argent G. 2015, Rhododendrons subgen. Vireya 2nd edn.","https://research-scotland.ac.uk/items/235dc3cf-47be-44c3-9438-fb1803f4141f#:~:text=https%3A//hdl.handle.net/20.500.12594/1547","CC0 1.0 Universal (CC0 1.0)","Royal Botanic Garden Edinburgh"
"wfo-0001341950","Mostly terrestrial in semi-open swampy heath forest at 1000–1500m. Fl. May (March in cultivation).","Ecology","Argent G. 2015, Rhododendrons subgen. Vireya 2nd edn.","https://research-scotland.ac.uk/items/235dc3cf-47be-44c3-9438-fb1803f4141f#:~:text=https%3A//hdl.handle.net/20.500.12594/1547","CC0 1.0 Universal (CC0 1.0)","Royal Botanic Garden Edinburgh"
"wfo-0000405436","Mostly terrestrial, occasionally epiphytic, in open forests, summit vegetation, sub-alpine shrubberies or grassland, locally common, 1800–2700m. Fl. Jan.–Dec. in the wild.","Ecology","Argent G. 2015, Rhododendrons subgen. Vireya 2nd edn.","https://research-scotland.ac.uk/items/235dc3cf-47be-44c3-9438-fb1803f4141f#:~:text=https%3A//hdl.handle.net/20.500.12594/1547","CC0 1.0 Universal (CC0 1.0)","Royal Botanic Garden Edinburgh"
"wfo-0000400216","Probably epiphytic at c.1000m.","Ecology","Argent G. 2015, Rhododendrons subgen. Vireya 2nd edn.","https://research-scotland.ac.uk/items/235dc3cf-47be-44c3-9438-fb1803f4141f#:~:text=https%3A//hdl.handle.net/20.500.12594/1547","CC0 1.0 Universal (CC0 1.0)","Royal Botanic Garden Edinburgh"
"wfo-0000405380","Terrestrial, or rarely epiphytic, in open primary or secondary forest, roadsides and crater sides, 1100–1980m. Fl. Jan.–Dec.","Ecology","Argent G. 2015, Rhododendrons subgen. Vireya 2nd edn.","https://research-scotland.ac.uk/items/235dc3cf-47be-44c3-9438-fb1803f4141f#:~:text=https%3A//hdl.handle.net/20.500.12594/1547","CC0 1.0 Universal (CC0 1.0)","Royal Botanic Garden Edinburgh"
"wfo-0000400395","Epiphytic in montane mossy forests, 1400–2450m. Fl. Jan.–Aug.","Ecology","Argent G. 2015, Rhododendrons subgen. Vireya 2nd edn.","https://research-scotland.ac.uk/items/235dc3cf-47be-44c3-9438-fb1803f4141f#:~:text=https%3A//hdl.handle.net/20.500.12594/1547","CC0 1.0 Universal (CC0 1.0)","Royal Botanic Garden Edinburgh"
"wfo-0000399917","In grassland or shrubberies on dry but fertile soil, very rich in humus, apparently rare, 1800–2000m. Fl. March–Nov.","Ecology","Argent G. 2015, Rhododendrons subgen. Vireya 2nd edn.","https://research-scotland.ac.uk/items/235dc3cf-47be-44c3-9438-fb1803f4141f#:~:text=https%3A//hdl.handle.net/20.500.12594/1547","CC0 1.0 Universal (CC0 1.0)","Royal Botanic Garden Edinburgh"
"wfo-0000405485","Epiphytic in Casuarina forest and summit vegetation, terrestrial on stony ground, on the slopes and crater edge, 1500–2400m. Fl. May–Nov.","Ecology","Argent G. 2015, Rhododendrons subgen. Vireya 2nd edn.","https://research-scotland.ac.uk/items/235dc3cf-47be-44c3-9438-fb1803f4141f#:~:text=https%3A//hdl.handle.net/20.500.12594/1547","CC0 1.0 Universal (CC0 1.0)","Royal Botanic Garden Edinburgh"
"wfo-1200001471","Mossy sub-montane forest, mainly terrestrial in light, open situations, 2700–2800m. Fl. Jan.–Dec., most abundant Feb.–June.","Ecology","Argent G. 2015, Rhododendrons subgen. Vireya 2nd edn.","https://research-scotland.ac.uk/items/235dc3cf-47be-44c3-9438-fb1803f4141f#:~:text=https%3A//hdl.handle.net/20.500.12594/1547","CC0 1.0 Universal (CC0 1.0)","Royal Botanic Garden Edinburgh"
"wfo-0001365523","Mossy sub-montane forest, 1500–2400m. Fl. Sept.–April.","Ecology","Argent G. 2015, Rhododendrons subgen. Vireya 2nd edn.","https://research-scotland.ac.uk/items/235dc3cf-47be-44c3-9438-fb1803f4141f#:~:text=https%3A//hdl.handle.net/20.500.12594/1547","CC0 1.0 Universal (CC0 1.0)","Royal Botanic Garden Edinburgh"
"wfo-1200001498","Epiphytic in moss forest, and occasionally on the ground, 700–1500m. An old record from near Kuching reports it from ‘swampy jungle’ implying it was growing at near sea level. Fl. Jan., Feb.","Ecology","Argent G. 2015, Rhododendrons subgen. Vireya 2nd edn.","https://research-scotland.ac.uk/items/235dc3cf-47be-44c3-9438-fb1803f4141f#:~:text=https%3A//hdl.handle.net/20.500.12594/1547","CC0 1.0 Universal (CC0 1.0)","Royal Botanic Garden Edinburgh"
"wfo-1200001497","Montane forest on granite-derived soils; ridge top with exposed granite rocks, 975m. Fl. March.","Ecology","Argent G. 2015, Rhododendrons subgen. Vireya 2nd edn.","https://research-scotland.ac.uk/items/235dc3cf-47be-44c3-9438-fb1803f4141f#:~:text=https%3A//hdl.handle.net/20.500.12594/1547","CC0 1.0 Universal (CC0 1.0)","Royal Botanic Garden Edinburgh"
"wfo-1200001289","Epiphytic in a large tree, 1000m. Fl. Nov.","Ecology","Argent G. 2015, Rhododendrons subgen. Vireya 2nd edn.","https://research-scotland.ac.uk/items/235dc3cf-47be-44c3-9438-fb1803f4141f#:~:text=https%3A//hdl.handle.net/20.500.12594/1547","CC0 1.0 Universal (CC0 1.0)","Royal Botanic Garden Edinburgh"
"wfo-1200001312","Epiphytic in deep shade of mossy forest but also terrestrial on open landslides, locally common and widespread, 1200–2200m. Fl. Jan.–Dec.","Ecology","Argent G. 2015, Rhododendrons subgen. Vireya 2nd edn.","https://research-scotland.ac.uk/items/235dc3cf-47be-44c3-9438-fb1803f4141f#:~:text=https%3A//hdl.handle.net/20.500.12594/1547","CC0 1.0 Universal (CC0 1.0)","Royal Botanic Garden Edinburgh"
"wfo-0001382957","Epiphyte in primary forest,1600–1850m (summit), Fl. Oct..","Ecology","Argent G. 2015, Rhododendrons subgen. Vireya 2nd edn.","https://research-scotland.ac.uk/items/235dc3cf-47be-44c3-9438-fb1803f4141f#:~:text=https%3A//hdl.handle.net/20.500.12594/1547","CC0 1.0 Universal (CC0 1.0)","Royal Botanic Garden Edinburgh"
"wfo-1200001313","Montane forest, 2100m.","Ecology","Argent G. 2015, Rhododendrons subgen. Vireya 2nd edn.","https://research-scotland.ac.uk/items/235dc3cf-47be-44c3-9438-fb1803f4141f#:~:text=https%3A//hdl.handle.net/20.500.12594/1547","CC0 1.0 Universal (CC0 1.0)","Royal Botanic Garden Edinburgh"
"wfo-0000400040","Terrestrial on the open landslip opposite Mesilau Cave at c.1900m. Only genuinely known from this site. Records from Sarawak (Mt Mulu) are now considered to be R. yongii.","Ecology","Argent G. 2015, Rhododendrons subgen. Vireya 2nd edn.","https://research-scotland.ac.uk/items/235dc3cf-47be-44c3-9438-fb1803f4141f#:~:text=https%3A//hdl.handle.net/20.500.12594/1547","CC0 1.0 Universal (CC0 1.0)","Royal Botanic Garden Edinburgh"
"wfo-0000400043","Lower montane forest, 1310m. Fl. July.","Ecology","Argent G. 2015, Rhododendrons subgen. Vireya 2nd edn.","https://research-scotland.ac.uk/items/235dc3cf-47be-44c3-9438-fb1803f4141f#:~:text=https%3A//hdl.handle.net/20.500.12594/1547","CC0 1.0 Universal (CC0 1.0)","Royal Botanic Garden Edinburgh"
"wfo-0000400037","In primary forest, said to be common locally, 1800–1850m. Fl. Oct.","Ecology","Argent G. 2015, Rhododendrons subgen. Vireya 2nd edn.","https://research-scotland.ac.uk/items/235dc3cf-47be-44c3-9438-fb1803f4141f#:~:text=https%3A//hdl.handle.net/20.500.12594/1547","CC0 1.0 Universal (CC0 1.0)","Royal Botanic Garden Edinburgh"
"wfo-0000400259","Probably terrestrial in mossy forest on the summit area, 1829m. Fl. March.","Ecology","Argent G. 2015, Rhododendrons subgen. Vireya 2nd edn.","https://research-scotland.ac.uk/items/235dc3cf-47be-44c3-9438-fb1803f4141f#:~:text=https%3A//hdl.handle.net/20.500.12594/1547","CC0 1.0 Universal (CC0 1.0)","Royal Botanic Garden Edinburgh"
"wfo-0000400579","Sub-alpine shrubbery of the summit ridge, growing on deep peat which overlies limestone, c.1600m. Fl. Jan.","Ecology","Argent G. 2015, Rhododendrons subgen. Vireya 2nd edn.","https://research-scotland.ac.uk/items/235dc3cf-47be-44c3-9438-fb1803f4141f#:~:text=https%3A//hdl.handle.net/20.500.12594/1547","CC0 1.0 Universal (CC0 1.0)","Royal Botanic Garden Edinburgh"
"wfo-1200001458","Epiphytic or terrestrial in low mossy forest and open exposed ridges, in widely different habitats from dense shade to full sun, and with a very broad altitudinal range, 2000–3500m on Mt Kinabalu at least, where it is almost always to be found in flower, although it flowers at different elevations at different times. Miss Gibbs, following her visit to Kinabalu in 1910 (Gibbs 1914), commented that ‘the lovely heads of waxy pink flowers formed one of the most vivid impressions in the ascent’. Fl. Jan.–Dec.","Ecology","Argent G. 2015, Rhododendrons subgen. Vireya 2nd edn.","https://research-scotland.ac.uk/items/235dc3cf-47be-44c3-9438-fb1803f4141f#:~:text=https%3A//hdl.handle.net/20.500.12594/1547","CC0 1.0 Universal (CC0 1.0)","Royal Botanic Garden Edinburgh"
"wfo-0000399959","Sub-montane forest. 1900–2500m. Fl. Nov.","Ecology","Argent G. 2015, Rhododendrons subgen. Vireya 2nd edn.","https://research-scotland.ac.uk/items/235dc3cf-47be-44c3-9438-fb1803f4141f#:~:text=https%3A//hdl.handle.net/20.500.12594/1547","CC0 1.0 Universal (CC0 1.0)","Royal Botanic Garden Edinburgh"
"wfo-0000400362","Mostly terrestrial, rarely epiphytic, in mossy forest or open, sunny landslides, not common, 1900–3050m. Fl. March–Aug., Dec.","Ecology","Argent G. 2015, Rhododendrons subgen. Vireya 2nd edn.","https://research-scotland.ac.uk/items/235dc3cf-47be-44c3-9438-fb1803f4141f#:~:text=https%3A//hdl.handle.net/20.500.12594/1547","CC0 1.0 Universal (CC0 1.0)","Royal Botanic Garden Edinburgh"
"wfo-0000405410","Terrestrial on summit rocks and amongst moss along the ridges in open sub-montane forest, 900–1000m. Fl. Jan., Sept.","Ecology","Argent G. 2015, Rhododendrons subgen. Vireya 2nd edn.","https://research-scotland.ac.uk/items/235dc3cf-47be-44c3-9438-fb1803f4141f#:~:text=https%3A//hdl.handle.net/20.500.12594/1547","CC0 1.0 Universal (CC0 1.0)","Royal Botanic Garden Edinburgh"
"wfo-0000405540","In mossy montane forest on ridges where it is predominantly terrestrial but it may also grow epiphytically. Fl. Oct.–Nov.","Ecology","Argent G. 2015, Rhododendrons subgen. Vireya 2nd edn.","https://research-scotland.ac.uk/items/235dc3cf-47be-44c3-9438-fb1803f4141f#:~:text=https%3A//hdl.handle.net/20.500.12594/1547","CC0 1.0 Universal (CC0 1.0)","Royal Botanic Garden Edinburgh"
"wfo-0000400383","Occurring in low ridge forest or more open shrub-covered ridges, 2000–2500m. Fl. Jan., March.","Ecology","Argent G. 2015, Rhododendrons subgen. Vireya 2nd edn.","https://research-scotland.ac.uk/items/235dc3cf-47be-44c3-9438-fb1803f4141f#:~:text=https%3A//hdl.handle.net/20.500.12594/1547","CC0 1.0 Universal (CC0 1.0)","Royal Botanic Garden Edinburgh"
"wfo-0000400183","Montane forest, mostly epiphytic, 1100–1800m. Fl. March, April.","Ecology","Argent G. 2015, Rhododendrons subgen. Vireya 2nd edn.","https://research-scotland.ac.uk/items/235dc3cf-47be-44c3-9438-fb1803f4141f#:~:text=https%3A//hdl.handle.net/20.500.12594/1547","CC0 1.0 Universal (CC0 1.0)","Royal Botanic Garden Edinburgh"
"wfo-0000400314","Frequently growing as an epiphyte on large trees in mossy forest but also on the ground in suitable open vegetation on mountain ridges and rocky outcrops, 800–1800m. Fl. most probably all months of the year.","Ecology","Argent G. 2015, Rhododendrons subgen. Vireya 2nd edn.","https://research-scotland.ac.uk/items/235dc3cf-47be-44c3-9438-fb1803f4141f#:~:text=https%3A//hdl.handle.net/20.500.12594/1547","CC0 1.0 Universal (CC0 1.0)","Royal Botanic Garden Edinburgh"
"wfo-0000400096","An epiphyte in the shade of wet mossy forest or occasionally on the ground in open peaty situations from c.1000 to 1600m. Fl. March, April, Sept., Oct., Dec.; probably throughout the year.","Ecology","Argent G. 2015, Rhododendrons subgen. Vireya 2nd edn.","https://research-scotland.ac.uk/items/235dc3cf-47be-44c3-9438-fb1803f4141f#:~:text=https%3A//hdl.handle.net/20.500.12594/1547","CC0 1.0 Universal (CC0 1.0)","Royal Botanic Garden Edinburgh"
"wfo-0000400828","Epiphytic in mossy forest, 1300–2000m. Fl. March, June, Aug., Oct., Nov.","Ecology","Argent G. 2015, Rhododendrons subgen. Vireya 2nd edn.","https://research-scotland.ac.uk/items/235dc3cf-47be-44c3-9438-fb1803f4141f#:~:text=https%3A//hdl.handle.net/20.500.12594/1547","CC0 1.0 Universal (CC0 1.0)","Royal Botanic Garden Edinburgh"
"wfo-0000403025","Mostly terrestrial in swampy jungle or white sand podsols at low elevations in shaded habitats. Fl. Jan.–Dec.","Ecology","Argent G. 2015, Rhododendrons subgen. Vireya 2nd edn.","https://research-scotland.ac.uk/items/235dc3cf-47be-44c3-9438-fb1803f4141f#:~:text=https%3A//hdl.handle.net/20.500.12594/1547","CC0 1.0 Universal (CC0 1.0)","Royal Botanic Garden Edinburgh"
"wfo-0000400674","Epiphytic in Agathis forest on waterlogged, white, acid sands or on granite rock faces, 600–1050m. Fl. April, Sept.","Ecology","Argent G. 2015, Rhododendrons subgen. Vireya 2nd edn.","https://research-scotland.ac.uk/items/235dc3cf-47be-44c3-9438-fb1803f4141f#:~:text=https%3A//hdl.handle.net/20.500.12594/1547","CC0 1.0 Universal (CC0 1.0)","Royal Botanic Garden Edinburgh"
"wfo-0000399968","Mossy sub-montane forest; common in the zone of ultramafic soils dominated by bamboo; it usually grows on emergent trees although seedlings can be commonly found on the ground or amongst moss on tree trunks. 2300–2900m. Fl. Feb.–June.","Ecology","Argent G. 2015, Rhododendrons subgen. Vireya 2nd edn.","https://research-scotland.ac.uk/items/235dc3cf-47be-44c3-9438-fb1803f4141f#:~:text=https%3A//hdl.handle.net/20.500.12594/1547","CC0 1.0 Universal (CC0 1.0)","Royal Botanic Garden Edinburgh"
"wfo-0000405488","Growing terrestrially between 2000 and 2700m in shaded moist valleys often in the ultrabasic zone on Mt Kinabalu. It flowers throughout the year and large bees have been seen visiting the flowers.","Ecology","Argent G. 2015, Rhododendrons subgen. Vireya 2nd edn.","https://research-scotland.ac.uk/items/235dc3cf-47be-44c3-9438-fb1803f4141f#:~:text=https%3A//hdl.handle.net/20.500.12594/1547","CC0 1.0 Universal (CC0 1.0)","Royal Botanic Garden Edinburgh"
"wfo-0000400159","Occurring as an epiphyte in dense mossy forest, hanging from cliffs, and on ridges, 1300–2300m. Fl. Jan., Feb., May, Sept.","Ecology","Argent G. 2015, Rhododendrons subgen. Vireya 2nd edn.","https://research-scotland.ac.uk/items/235dc3cf-47be-44c3-9438-fb1803f4141f#:~:text=https%3A//hdl.handle.net/20.500.12594/1547","CC0 1.0 Universal (CC0 1.0)","Royal Botanic Garden Edinburgh"
"wfo-0000399930","Terrestrial in gullies in mossy forest and on open shrubberies on rocky ridges, 2700–3650m. Fl. Jan.–Dec.","Ecology","Argent G. 2015, Rhododendrons subgen. Vireya 2nd edn.","https://research-scotland.ac.uk/items/235dc3cf-47be-44c3-9438-fb1803f4141f#:~:text=https%3A//hdl.handle.net/20.500.12594/1547","CC0 1.0 Universal (CC0 1.0)","Royal Botanic Garden Edinburgh"
"wfo-0000406469","Low mossy sub-montane forest, c.1600m.","Ecology","Argent G. 2015, Rhododendrons subgen. Vireya 2nd edn.","https://research-scotland.ac.uk/items/235dc3cf-47be-44c3-9438-fb1803f4141f#:~:text=https%3A//hdl.handle.net/20.500.12594/1547","CC0 1.0 Universal (CC0 1.0)","Royal Botanic Garden Edinburgh"
"wfo-0000400053","On ridges in mossy forest, 1000–2300m. Fl. Jan.–Dec.","Ecology","Argent G. 2015, Rhododendrons subgen. Vireya 2nd edn.","https://research-scotland.ac.uk/items/235dc3cf-47be-44c3-9438-fb1803f4141f#:~:text=https%3A//hdl.handle.net/20.500.12594/1547","CC0 1.0 Universal (CC0 1.0)","Royal Botanic Garden Edinburgh"
"wfo-0000405695","Along streams, in ravines, 1500–2200m. Fl. Sept.","Ecology","Argent G. 2015, Rhododendrons subgen. Vireya 2nd edn.","https://research-scotland.ac.uk/items/235dc3cf-47be-44c3-9438-fb1803f4141f#:~:text=https%3A//hdl.handle.net/20.500.12594/1547","CC0 1.0 Universal (CC0 1.0)","Royal Botanic Garden Edinburgh"
"wfo-0000400292","Mossy forest near the summit, 2400–2895m. Fl. April, July, Aug.","Ecology","Argent G. 2015, Rhododendrons subgen. Vireya 2nd edn.","https://research-scotland.ac.uk/items/235dc3cf-47be-44c3-9438-fb1803f4141f#:~:text=https%3A//hdl.handle.net/20.500.12594/1547","CC0 1.0 Universal (CC0 1.0)","Royal Botanic Garden Edinburgh"
"wfo-0000406458","Mossy forest, c.1600m. Not seen flowering in the wild.","Ecology","Argent G. 2015, Rhododendrons subgen. Vireya 2nd edn.","https://research-scotland.ac.uk/items/235dc3cf-47be-44c3-9438-fb1803f4141f#:~:text=https%3A//hdl.handle.net/20.500.12594/1547","CC0 1.0 Universal (CC0 1.0)","Royal Botanic Garden Edinburgh"
"wfo-0000400220","Growing in alpine grassland, margins of sub-alpine forest.","Habitat","Argent G. 2015, Rhododendrons subgen. Vireya 2nd edn.","https://research-scotland.ac.uk/items/235dc3cf-47be-44c3-9438-fb1803f4141f#:~:text=https%3A//hdl.handle.net/20.500.12594/1547","CC0 1.0 Universal (CC0 1.0)","Royal Botanic Garden Edinburgh"
"wfo-0000400256","Mossy forest.","Habitat","Argent G. 2015, Rhododendrons subgen. Vireya 2nd edn.","https://research-scotland.ac.uk/items/235dc3cf-47be-44c3-9438-fb1803f4141f#:~:text=https%3A//hdl.handle.net/20.500.12594/1547","CC0 1.0 Universal (CC0 1.0)","Royal Botanic Garden Edinburgh"
"wfo-0000400829","Fl. March–June.","Phylogeny","Argent G. 2015, Rhododendrons subgen. Vireya 2nd edn.","https://research-scotland.ac.uk/items/235dc3cf-47be-44c3-9438-fb1803f4141f#:~:text=https%3A//hdl.handle.net/20.500.12594/1547","CC0 1.0 Universal (CC0 1.0)","Royal Botanic Garden Edinburgh"