WFOID,type,language,description,contributor,audience,rightsHolder,created,creator,source,rights,license,bibliographicCitation,URI,Volume,Part
wfo-4000002953,general,EN,"Moderate sized, solitary or clustering, monoecious palms. Stem often with green internodes, distinct leaf scars distally, and a cone of adventitious roots basally. Leaves 5–10 in crown, spirally arranged; sheath tubular forming a yellowish to brownish tinged green crownshaft; petiole very short or less than 50 cm long, unarmed, smooth; blade splitting in usually regularly distributed, one to several folded, narrowly sigmoid pinnae, distributed in one plane, leaf apex often composed of several irregularly splitting, closely inserted pinnae. Inflorescence infrafoliar, branched from first to third order, sheathed in bud only by the prophyll, this thinly coriaceous and early deciduous, peduncle short, inflorescence branches spreading to stiffly erect. Unisexual flowers in cymose flower cluster of two to three, or solitary towards the rachillae apices, female flowers much larger than male flowers, only fully developed at the very base of the rachillae, male flowering part of rachillae wilting and often present as tails in the infructescence. Fruit one seeded, epicarp smooth usually red at maturity, mesocarp usually thin, fleshy to fibrous, endocarp composed of longitudinal fibres, more or less free at the base, endosperm deeply ruminate.</br></br>Fifty species found in tropical and subtropical Asia; four species native in Thailand, one (A. catechu) is only known from cultivation and not included here since it has not been recorded from the wild (<a href=""../image/flora/11/AREC_Plate98.jpg"" target=_blank >Plate XCVIII: A</a>).",A.S. Barfod & J. Dransfield,,Forest Herbarium,2022-04-21,Rachun Pooma & Sawita Yooprasert,ref-THA-4000002953,Forest Herbarium,All rights reserved,"Areca  . Flora of Thailand. Vol. 11. Part 3, 2013. Pg. 329. Accessed 2022-04-21",https://www.dnp.go.th/botany/eflora/floragenus.html?tdcode=05091,11,3
wfo-0000262620,general,EN,"Solitary or clustering palm tree up to 4 m tall. Stem c. 1.5–2.5 cm diam. Leaf: petioleshort, c. 10 cm long or less; rachis short probably not more than 1 m long, with few irregularly spaced pinnae. Inflorescence branched to second order with more than 15, spirally arranged, yellowish-green, first order branches. Male flowers mostly inserted in pairs, with 6 stamens. Fruit rather large to 3.5 cm long.",A.S. Barfod & J. Dransfield,,Forest Herbarium,2022-04-21,Rachun Pooma & Sawita Yooprasert,ref-THA-0000262620,Forest Herbarium,All rights reserved,"Areca laosensis . Flora of Thailand. Vol. 11. Part 3, 2013. Pg. 330. Accessed 2022-04-21",https://www.dnp.go.th/botany/eflora/floraspecies.html?tdcode=05092,11,3
wfo-0000262825,general,EN,"Solitary palm, with individual stems up to 6 m tall and 7 cm diam. Leaves 5–8 in crown; leaf sheath forming a yellowish-green up to 50 cm long crownshaft; petiole 20–40 cm long, green glabrous; rachis 0.8–1.3 m long, with 5–15 pinnae per side, longest ones in the middle, 40–60 cm long. Inflorescence branched to three orders, peduncle 1–3 cm long, rachis 10–25 cm long, flowering branches yellowish-green, rachillae 10–15 cm long, male flowers mostly paired, with 3 stamens. Fruit ellipsoid to ovoid, 2–3 by 1–1.5 cm, red.",A.S. Barfod & J. Dransfield,,Forest Herbarium,2022-04-21,Rachun Pooma & Sawita Yooprasert,ref-THA-0000262825,Forest Herbarium,All rights reserved,"Areca montana . Flora of Thailand. Vol. 11. Part 3, 2013. Pg. 330. Accessed 2022-04-21",https://www.dnp.go.th/botany/eflora/floraspecies.html?tdcode=05093,11,3
wfo-0000263352,general,EN,"Clustering palm, with individual stems up to 6 m tall and 7 cm diam. Leaves 5–8 in crown; leaf sheath forming a yellowish-green up to 60 cm long crownshaft; petiole 30–50 cm long, green glabrous; rachis 1–2 m long, with 13–40 pinnae per side, longest pinnae in the middle, up to 80 cm long. Inflorescence branched to three orders, peduncle 2–3 cm long, rachis 10–40 cm long, flowering branches yellowish-green, rachillae 15–30 cm long, male flowers mostly paired, with 3 stamens. Fruit ellipsoid to ovoid, 2–3 by 1–1.5 cm, red.",A.S. Barfod & J. Dransfield,,Forest Herbarium,2022-04-21,Rachun Pooma & Sawita Yooprasert,ref-THA-0000263352,Forest Herbarium,All rights reserved,"Areca triandra . Flora of Thailand. Vol. 11. Part 3, 2013. Pg. 331. Accessed 2022-04-21",https://www.dnp.go.th/botany/eflora/floraspecies.html?tdcode=05094,11,3
wfo-0000263373,general,EN,"Solitary palm, up to 5 m tall and 5 cm diam. Leaves 8–12 in crown; leaf sheath forming a brownish-green up to 45 cm long crownshaft; petiole 15–20 cm long, green glabrous; rachis up to 2.5 m long, with 5–15 or rarely more pinnae on each side, longest pinnae in the middle, up to 70 cm long. Inflorescence branched to first order (rarely to second), peduncle 2–3 cm long, rachis 10–15 cm, flowering branches up to 15, distichously arranged, stiffl y upright, dark purplish to brown, 15–30 cm long. Male flowers paired or solitary, with 6 stamens. Fruit ellipsoid to ovoid, 3–4.5 by 1.5–3 cm, purplish-green to brown.",A.S. Barfod & J. Dransfield,,Forest Herbarium,2022-04-21,Rachun Pooma & Sawita Yooprasert,ref-THA-0000263373,Forest Herbarium,All rights reserved,"Areca tunku . Flora of Thailand. Vol. 11. Part 3, 2013. Pg. 331. Accessed 2022-04-21",https://www.dnp.go.th/botany/eflora/floraspecies.html?tdcode=05095,11,3
wfo-4000002961,general,EN,"Low shrubs to robust tree palms, solitary or clustered, monoecious usually with unisexual inflorescences, male and female flowering separated in time, pleonanthic or hapaxanthic. Leaves imparipinnate, induplicate; leaf sheath usually disintegrating into a fibrous mesh; petiole slender to very robust; leafl ets regularly arranged in one plane or unevenly arranged in several planes, strongly asymmetrical at the base, sometimes with one or two auricles. Flowering acropetal in pleonanthic species, basipetal in hapaxanthic species. Inflorescence enclosed in numerous bracts, branched to first or second order, drooping, unisexual, in hapaxanthic species the female ones produced distally before the male ones. Flowers dimorphic. Male flowers usually with more than 15 functional stamens, and without a pistillode. Female flowers with globose ovary, sessile stigmas and 2–3 locules. Fruit globose to ellipsoidal, often somewhat angled, 1–3 seeded; epicarp smooth, dull to brightly coloured, mesocarp fleshy, with high density of raphide-containing ideoblasts causing skin irritation, endocarp not differentiated. Seed with homogeneous endosperm.</br></br>Twenty four species with three varieties in tropical and subtropical Asia to N Australia. Five species in Thailand.",A.S. Barfod & J. Dransfield,,Forest Herbarium,2022-04-21,Rachun Pooma & Sawita Yooprasert,ref-THA-4000002961,Forest Herbarium,All rights reserved,"Arenga  . Flora of Thailand. Vol. 11. Part 3, 2013. Pg. 333. Accessed 2022-04-21",https://www.dnp.go.th/botany/eflora/floragenus.html?tdcode=05096,11,3
wfo-0000263554,general,EN,"Densely clustered shrub. Stem 0.6–2 cm diam. Leaves c. 10 in crown; sheath deeply split, with margins resolving in fibrous mesh, petiole 30–60 cm long; rachis to 60 cm long; lamina divided into 4–10 rhomboid to linear pinnae on each side, 20–80 by 2–10 cm, dark green, distinctly silvery grey below, apical margins praemorse. Inflorescences 2–3, interfoliar, developing in basipetal sequence, the most distal one usually female, the others male, spicate, or rarely with secondary branches, 25–30 cm long, curved. Fruit 1–1.5 cm diam., globose, orange to red, densely inserted.",A.S. Barfod & J. Dransfield,,Forest Herbarium,2022-04-21,Rachun Pooma & Sawita Yooprasert,ref-THA-0000263554,Forest Herbarium,All rights reserved,"Arenga caudata . Flora of Thailand. Vol. 11. Part 3, 2013. Pg. 334. Accessed 2022-04-21",https://www.dnp.go.th/botany/eflora/floraspecies.html?tdcode=05097,11,3
wfo-0000263620,general,EN,"Densely clustered shrub. Stem 0.6–2 cm diam. Leaves 5–10 per stem, simple, or rarely divided into few small segments; sheath deeply split, with margins resolving in fibrous mesh; petiole 30–60 cm long; blade 60–80 by 20–30 cm, oblong, distinctly silvery grey below, with up to 8 praemorse lobes on each side of rachis. <Inflorescence 2–3 interfoliar, developing in basipetal sequence, the most distal one usually female, the others male but infrequently produced, spicate, or rarely with secondary branches, 25–30 cm long. <Fruit 1–1.5 cm diam., globose, orange to red, densely inserted.",A.S. Barfod & J. Dransfield,,Forest Herbarium,2022-04-21,Rachun Pooma & Sawita Yooprasert,ref-THA-0000263620,Forest Herbarium,All rights reserved,"Arenga hookeriana . Flora of Thailand. Vol. 11. Part 3, 2013. Pg. 334. Accessed 2022-04-21",https://www.dnp.go.th/botany/eflora/floraspecies.html?tdcode=05098,11,3
wfo-0000263720,general,EN,"Loosely clustered tree, to 15 m tall, pleonanthic. Stem 20–30 cm diam., internodes grey, ringed by leaf scars. Leaves 12–15 in crown, pinnate; sheath 60–100 cm long, deeply split, persietent grey, distintegrating along the margins in mesh of coarse, black fibres; petiole 30-90 cm long; rachis 4–8(–10) m long, curved distally; pinnae 100–105 on each side of rachis, 100–150 by 6–9 cm, lanceolate, evenly distributed, in one plane or slightly plumose, silvery grey below, with praemorse margins. Inflorescence 2-4, interfoliar, flowering sequence on stem acropetal; peduncle 20–75 cm long, c. 6 cm wide, upright and curved; rachis 30–75 cm long, drooping; rachillae 20–60 to 25–45 cm long, drooping. Fruit 4–6 by 3–4 cm, oblong, subtriangular in cross section, light green when young to yellowish-green at maturity. Seed elongate, keeled, basally with white scar from the funicle.",A.S. Barfod & J. Dransfield,,Forest Herbarium,2022-04-21,Rachun Pooma & Sawita Yooprasert,ref-THA-0000263720,Forest Herbarium,All rights reserved,"Arenga obtusifolia . Flora of Thailand. Vol. 11. Part 3, 2013. Pg. 335. Accessed 2022-04-21",https://www.dnp.go.th/botany/eflora/floraspecies.html?tdcode=05099,11,3
wfo-0000263799,general,EN,"Solitary palm tree to 20 m tall, hapaxanthic. Stem 40–60 cm diam., usually covered to the base by persistent leaf sheaths, basally with a cone of adventitious roots. Leaves 12–15 in crown; sheaths deeply split, 80–90 cm long, disintegrating along the margins into a mesh of coarse, black fibres; petiole 100–130 cm long, rachis 4–8 m long, pinnae 80–150 on each side, 100–130 by 6–10 cm, evenly distributed in one plane, only rarely pointing in different directions, silvery grey with rusty tinge below, praemorse distally, terminal pair often united and wider. Inflorescences 4–6, interfoliar, flowering sequence on stem basipetal; peduncle 30–60 cm long, upright, and curved; rachis 0.8–1.2 m long, drooping; rachillae 40–70, to 0.6–1.6 m long, drooping. Fruit globose or slightly longer than wide, 5–7 cm diam., bluish-green or dark green at maturity. Seed elongate to elliptic, with a sharp keel, scar from funicle inconspicuous.",A.S. Barfod & J. Dransfield,,Forest Herbarium,2022-04-21,Rachun Pooma & Sawita Yooprasert,ref-THA-0000263799,Forest Herbarium,All rights reserved,"Arenga westerhoutii . Flora of Thailand. Vol. 11. Part 3, 2013. Pg. 337. Accessed 2022-04-21",https://www.dnp.go.th/botany/eflora/floraspecies.html?tdcode=05101,11,3
wfo-4000005012,general,EN,"Solitary, dioecious, pleonanthic palm trees. Leaves induplicate, costapalmate; leaf sheath splitting to the base, fibrous along margins, with additional triangular cleft below the petiole; petiole robust, deeply channelled above, margins smooth and very sharp; adaxial hastula well developed, abaxial hastula reduced or absent, blade deeply divided into several folded segments, these further parted into single-folded segments, transverse veinlets conspicuous. Inflorescences interfoliar, dimorphic, enclosed at the base in the prophyll and one to few peduncular bracts, more or less drooping at anthesis. Male inflorescences branched to second order, male rachillae with tight spiral of imbricate bracts, subtending and covering sympodial flower clusters of 2–6 flowers, male flowers exserted one at a time as they pass into anthesis, stamens 6–15, pistillode minute to absent. Female inflorescence spicate or with few branches, with tight spiral of overlapping bracts, each subtending a single female flower, this much larger than male flower and only partly covered by the bracts, staminodes much reduced, gynoecium globose, 3-loculate with sessile stigmas. Fruit large, rounded, usually 3-seeded, rarely with fewer seeds, epicarp smooth, mesocarp fibrous, endocarp around individual pyrenes very thick and grooved. Seed with homogeneous endosperm.</br></br>Two species, Peninsular Thailand, Peninsular Malaysia, Borneo. One species in Thailand.",A.S. Barfod & J. Dransfield,,Forest Herbarium,2022-04-21,Rachun Pooma & Sawita Yooprasert,ref-THA-4000005012,Forest Herbarium,All rights reserved,"Borassodendron  . Flora of Thailand. Vol. 11. Part 3, 2013. Pg. 337. Accessed 2022-04-21",https://www.dnp.go.th/botany/eflora/floragenus.html?tdcode=05102,11,3
wfo-0000350280,general,EN,"Massive, solitary tree palm, up to 20 m tall. Stem 20–30 cm diam. Leaves 40–45 in crown; petiole 3–4 m long; costa 80–100 cm long; lamina 3–3.5 m across; deeply divided into 70–80 segments, these 140–170 cm long, dark green on both surfaces, and further divided to about the middle in more or less drooping, one folded segments, giving an overall untidy appearance to the leaf. Inflorescences up to 8 on one palm, drooping; male inflorescence with 20–40 cm long peduncle, rachis 1–1.5 m long with 5–9 first order branches each bearing 3–4 rachillae clustered towards the apex; rachillae 30–40 cm long, 4–6 cm diam., male flowers 1.7–2 cm long at anthesis; female inflorescence with 30–50 cm long peduncle, rachis 40–60 cm long, unbranched or with up to 3 flower bearing branches; female flowers 2.8–3.2 cm long at anthesis. Fruit obovoid, 8–16 by 7–13 cm, yellowish-black at maturity.",A.S. Barfod & J. Dransfield,,Forest Herbarium,2022-04-21,Rachun Pooma & Sawita Yooprasert,ref-THA-0000350280,Forest Herbarium,All rights reserved,"Borassodendron machadonis . Flora of Thailand. Vol. 11. Part 3, 2013. Pg. 339. Accessed 2022-04-21",https://www.dnp.go.th/botany/eflora/floraspecies.html?tdcode=05103,11,3
wfo-4000005013,general,EN,"Solitary, dioecious, pleonanthic palm trees. Leaves induplicate, costapalmate; leaf sheath splitting to the base, fibrous along margins, with additional triangular cleft below the petiole; petiole robust, flattened adaxially, margins armed with short spines, irregular in size and shape; adaxial hastula well developed, abaxial hastula a low ridge; blade divided approximately halfway to the middle in stiff, bifid, single-folded segments, transverse veinlets conspicuous. Inflorescence interfoliar, dimorphic, enclosed at the base by the prophyll, peduncular bracts lacking or highly reduced. Male inflorescences branched to second order, male rachillae with tight spiral of imbricate bracts, subtending and covering sympodial flower clusters of 4–7 flowers, exserted one at a time as they pass into anthesis, stamens 6, pistillode minute. Female inflorescence spicate or with few branches, with tight spiral of overlapping bracts, each subtending a single pistillate flower, this much larger than male flower and only partly covered by the bracts, staminodes much reduced, gynoecium globose, three-loculate with sessile stigmas. Fruit large, rounded, usually 3-seeded, rarely less, epicarp smooth, mesocarp fibrous, endocarp around individual pyrenes hard and bony. Seed with homogeneous endosperm.</br></br>Five species in NE Tropical Africa, Madagascar, Tropical Asia, Malesia. One species in Thailand, possibly native, but widely cultivated.",A.S. Barfod & J. Dransfield,,Forest Herbarium,2022-04-21,Rachun Pooma & Sawita Yooprasert,ref-THA-4000005013,Forest Herbarium,All rights reserved,"Borassus  . Flora of Thailand. Vol. 11. Part 3, 2013. Pg. 339. Accessed 2022-04-21",https://www.dnp.go.th/botany/eflora/floragenus.html?tdcode=05104,11,3
wfo-0000350367,general,EN,"Solitary tree palm, up to 20 m tall. Stem grey and clean or sometimes covered to the base by persistent leaf bases, 25–30 cm diam. Leaves 40–50 in crown, lower ones marcescent; petiole 1.5–2 m long; costa 0.6–1.1 m long; lamina 1.2–1.8 m across, undulate and untidy looking, parted about halfway in 60–65 stiff, single-folded segments, green on both surfaces. Male inflorescence with 50–60 cm long peduncle, rachis 40–50 cm long with 5–7 first order branches each bearing 2–3, 35–50 cm long rachillae; male flowers 0.5–0.7 cm long at anthesis; female inflorescence with 40–50 cm long peduncle, rachis 20–85 cm long, unbranched, rarely with a few additional flower bearing branches; female flowers 2.8–3.2 cm long at anthesis. Fruit obovoid, 10–12 by 8–10 cm, leaden blue to black at maturity.",A.S. Barfod & J. Dransfield,,Forest Herbarium,2022-04-21,Rachun Pooma & Sawita Yooprasert,ref-THA-0000350367,Forest Herbarium,All rights reserved,"Borassus flabellifer . Flora of Thailand. Vol. 11. Part 3, 2013. Pg. 341. Accessed 2022-04-21",https://www.dnp.go.th/botany/eflora/floraspecies.html?tdcode=05105,11,3
wfo-4000005953,general,EN,"Solitary or clustering, stemless to high-climbing or erect pleonanthic dioecious rattans; sheaths usually heavily armed with spines, the spines frequently highly organized; flagellum (sterile inflorescence) often present, borne on the leaf sheath, sometimes absent and replaced by a cirrus at the end of the leaf, very rarely both present or both absent; knee often present; ocrea sometimes well developed, usually inconspicuous. Male and female inflorescences superficially similar, often ending in a long flagellum, sometimes with gradual succession of branches, often with discrete distant branches (partial inflorescences); bracts always tubular at the base, rarely with broad limbs splitting down one side but, if so, then the base always tubular and unsplit, bracts variously armed; partial inflorescences usually much longer than the subtending bract, very rarely shorter, floral bracteoles inconspicuous. Male flower solitary in each rachilla bract, with cup-shaped calyx, usually with 3 well defined lobes; corolla split almost to the base into 3 petals; stamens 6 (very rarely 12), very shortly epipetalous; pistillode minute. Female flower borne together with a sterile male flower as a pair; sterile male flower like the fertile male, but with empty anthers; female flower usually larger than the male, with calyx shallowly 3-lobed; corolla with 3 petals; staminodes 6, joined basally to form a ring; ovary tipped with 3 stigmas and covered with reflexed scales; locules 3 with one ovule in each. Fruit variously shaped, covered in reflexed scales. Seed usually one only, rarely 3 developing, very variable in shape, covered in a thin to thick sarcotesta; endosperm homogeneous or ruminate; embryo basal or lateral. Seedling leaf bifid or pinnate.</br></br>About 388 species: Africa, Sri Lanka, India and South China, southwards through Malesia to Australia and Fiji. Reaches its greatest diversity in Peninsular Malaysia and Borneo with a secondary centre of diversity in New Guinea. Fifty four species with two subspecies and four varieties in Thailand.</br></br>Calamus can only be identified to genus by a combination of characters. Together with Ceratolobus, Daemonorops and Pogonotium it forms a group of closely related genera in which the female inflorescence bears dyads – pairs of flowers, each consisting of a female flower together with a sterile male flower – while the male inflorescence bears male flowers singly. The differences between these genera are based mostly on the overall structure of the inflorescence, in particular the nature of the bracts. The most reliable character separating Calamus is the persistent tubular nature of the bracts. Some generalisations can be made – rattans with flagella must belong to Calamus, though not all species of Calamus bear flagella. Rattans with subcirrate leaves are usually species of Calamus. If the endosperm is homogeneous, then the rattan cannot belong to Daemonorops, but ruminate endosperms are found in both genera. The differences are summarized in the key to genera. With practice the genera are eventually easily distinguished.",A.S. Barfod & J. Dransfield,,Forest Herbarium,2022-04-21,Rachun Pooma & Sawita Yooprasert,ref-THA-4000005953,Forest Herbarium,All rights reserved,"Calamus  . Flora of Thailand. Vol. 11. Part 3, 2013. Pg. 341. Accessed 2022-04-21",https://www.dnp.go.th/botany/eflora/floragenus.html?tdcode=05106,11,3
wfo-0000753883,general,EN,"Dwarf acaulescent rattan. Stem very short, bulbous, erect, usually mostly subterranean, up to c. 5 cm diam. Leaves ecirrate, to 1.5 m long; leaf bases thick, leathery, surrounding the bulbous stem; knee absent; flagellum absent; petiole up to 90 cm long, the sheathing base split open, tubular only in the young state, distally petiole c. 0.5 cm wide, sparsely armed with yellow spines to 0.5 cm long; leaflets to 14 on each side of the rachis, arranged in groups of 2–3, held in different planes, the whole leaf hence plumose, longest leaflets 15–23 by 0.8–1.5 cm, armed with abundant stiff yellow spines on adaxial surface of the midrib and along margins. Inflorescences erect, 0.4–1.1 m long, male and female superficially similar, the male branching to 1 or 2 orders, the female to 1 order. Fruit c. 1.2 by 0.9 cm, ± rounded, with a short beak to 0.2 cm, and covered in 13–14 vertical rows of ivory-coloured scales with dark margins. Seed c. 0.7 by 0.6 by 0.4 cm; endosperm homogeneous.",A.S. Barfod & J. Dransfield,,Forest Herbarium,2022-04-21,Rachun Pooma & Sawita Yooprasert,ref-THA-0000753883,Forest Herbarium,All rights reserved,"Calamus acanthophyllus . Flora of Thailand. Vol. 11. Part 3, 2013. Pg. 346. Accessed 2022-04-21",https://www.dnp.go.th/botany/eflora/floraspecies.html?tdcode=05107,11,3
wfo-0000753905,general,EN,"Solitary or sparsely clustering rattan. Stems climbing to 30 m or more long, without sheaths c. 0.9 cm diam., with sheaths 1.5–2.5 cm diam., internodes 20–30 cm long. Leaf ecirrate; sheath dark green with scattered pale brown indumentum and abundant fragile spines, mostly slender, needle-like, 0.5–1 cm long, scattered in between larger bulbous based spines to 1.2 cm long; knee conspicuous, more sparsely armed than the rest of the sheath; ocrea short, to 1 cm long, covered in abundant dark spines to 0.3 cm long; flagellum to 1.5 m long; petiole short, to 3 cm long; rachis to 1 m long, bearing 9–10, regularly arranged, broad lanceolate, acuminate, concolorous, dark green leaflets, bearing abundant bristles along margins and on upper surface of veins. Inflorescences rather stiff, 0.7–1.4 m long, rather distant partial inflorescences, male and female superficially similar, male branching to 3 orders, the female to 2, with c. 5 rather distant, evenly spaced partial inflorescences with recurved axes; male rachillae 6–7 by 0.2 cm; female rachillae 5–7 by 0.3 cm, with very conspicuous flower cluster scars. Mature fruit ovoid, c. 2.4 by 1.5 cm, shortly beaked, covered in 13 vertical rows of yellowish-green scales with reddish margins, drying dark brown. Seed ovoid c. 1.8 by 1 cm; endosperm ruminate.",A.S. Barfod & J. Dransfield,,Forest Herbarium,2022-04-21,Rachun Pooma & Sawita Yooprasert,ref-THA-0000753905,Forest Herbarium,All rights reserved,"Calamus acanthospathus . Flora of Thailand. Vol. 11. Part 3, 2013. Pg. 347. Accessed 2022-04-21",https://www.dnp.go.th/botany/eflora/floraspecies.html?tdcode=05108,11,3
wfo-0000754099,general,EN,"Moderate to robust clustering erect rattan showing no tendency to climb. Stems to 10 m long, 6.5 cm diam., internodes short, to 10 cm long. Leaf ecirrate; sheaths green, open and tubular only at the base, armed densely with scattered or partially whorled flattened black spines, to 4 cm long; ocrea present; knee absent; flagellum absent; petiole 0.5–1.5 m long, densely armed with flattened black spines to 8 cm long, arranged in partial whorls; rachis to 2.5–4 m long; leaflets 25–90 on each side of the rachis, regularly arranged, ± lanceolate, adaxially dark green, abaxially with a dense layer of whitish indumentum, the largest to 1 by 0.06 m. Inflorescences to 2.5 m long, without terminal flagellum, male and female superficially similar, the male branched to 3 orders, the female to 2 orders; primary bracts splitting and tattering at their tips; partial inflorescences up to 15, to 60 cm long; male rachillae 12–19 by 0.3 cm, female to 18 by 0.4 cm. Fruits obovoid to ellipsoid, to 2.2 by 0.5 cm, shortly beaked and covered in 12 vertical rows of reddish-brown deeply channelled scales. Seed 1.2 by 0.6 cm, irregularly pitted; endosperm homogeneous. Seedling leaf not recorded.",A.S. Barfod & J. Dransfield,,Forest Herbarium,2022-04-21,Rachun Pooma & Sawita Yooprasert,ref-THA-0000754099,Forest Herbarium,All rights reserved,"Calamus arborescens . Flora of Thailand. Vol. 11. Part 3, 2013. Pg. 349. Accessed 2022-04-21",https://www.dnp.go.th/botany/eflora/floraspecies.html?tdcode=05109,11,3
wfo-0000754207,general,EN,"Clustering moderate high-climbing rattan. Stems to 40 m or more long, without sheaths to 1.3 cm diam., with sheaths to 2.5 cm diam., internodes to 15 cm long at maturity, longer in juvenile stems. Leaf cirrate; sheaths dull green, armed with scattered, green, basally pale, black-tipped spines to 2.5 by 0.5 cm, with much smaller spines scattered in between; knee conspicuous; ocrea dark brown, tattering, to 0.6 cm high; leaf to 2 m long including the cirrus to 75 cm; petiole either absent or rather short, sparsely armed, channelled on the upper surface; leaflets c. 20 on each side of the rachis, subregularly arranged near the base, in pairs distally or in pairs throughout, the longest to c. 45 by 4 cm, sometimes much shorter and broader, very slightly bristly at the tip, concolorous. Male and female inflorescences superficially similar, the male branched to 3 orders, the female to two orders, 0.8–1.2 m long, with c. 6 partial inflorescences to 15 cm long; rachillae reflexed, male to 2.5 cm long, the female to c. 6 cm long. Mature fruit ovoid, c. 1.1 by 0.9 cm, shortly beaked, covered in up to 26 rows of dull straw-coloured overlapping scales. Seed to 0.8 by 0.5 by 0.4 cm; endosperm homogeneous. Seedling leaf not recorded.",A.S. Barfod & J. Dransfield,,Forest Herbarium,2022-04-21,Rachun Pooma & Sawita Yooprasert,ref-THA-0000754207,Forest Herbarium,All rights reserved,"Calamus axillaris . Flora of Thailand. Vol. 11. Part 3, 2013. Pg. 349. Accessed 2022-04-21",https://www.dnp.go.th/botany/eflora/floraspecies.html?tdcode=05110,11,3
wfo-0000754262,general,EN,"Solitary or clustering moderate rattan. Stem climbing to 15 m or more, without sheaths c. 1 cm diam., with sheaths to c. 2 cm diam., internodes to c. 10 cm long. Leaf ecirrate; sheaths rather densely armed with dark brown spines of varying length, reflexed or patent, the longest to 5 cm long, 0.5 cm wide at the base, spines around the leaf sheath mouth erect, to 10 cm long, brown indumentum abundant between spines; knee conspicuous; ocrea inconspicuous; flagellum to 2 m long; petiole to 15 cm long; rachis to 1.85 m long, it and the petiole rather densely covered with pale to mid-brown indumentum and scattered spines, particularly along margins; leaflets to c. 50–90 on each side of the rachis, regularly arranged, close, linear, the largest to 28 by 1.6 cm, adaxially with 3 veins, bristly, abaxially very densely armed with minute bristles. Inflorescences flagellate, male and female superficially similar, to c. 3.5 m long, with 5–9 partial inflorescences, the male branched to 3 orders, the female to 2; male rachillae c. 1.5 by 0.3 cm; female rachillae to 7.5 by 0.15 cm. Mature fruit unknown; immature fruit green with 22 vertical rows of scales.",A.S. Barfod & J. Dransfield,,Forest Herbarium,2022-04-21,Rachun Pooma & Sawita Yooprasert,ref-THA-0000754262,Forest Herbarium,All rights reserved,"Calamus balingensis . Flora of Thailand. Vol. 11. Part 3, 2013. Pg. 350. Accessed 2022-04-21",https://www.dnp.go.th/botany/eflora/floraspecies.html?tdcode=05111,11,3
wfo-0000754480,general,EN,"Slender clustering rattan. Stem climbing to 20 m, without sheaths 0.6–0.8 cm diam., with sheaths 1–1.2 cm diam., internodes 5–12 cm long. Leaves ecirrate; leaf sheath rather densely covered with solitary spines 0.1–1.3 cm long, with slightly swollen bases, thin scattered pale brown tomentum present between the spines; knee prominent, c. 0.3 cm high, unarmed or more sparsely armed than the sheath; flagellum to 125 cm long; petiole 7–12.5 cm long, c. 0.4 cm wide, armed abaxially and laterally with recurved spines to 0.4 cm, adaxially ± unarmed; rachis 22–47 cm long, armed abaxially with recurved spines; leaflets rhomboid, 5–6 on each side of the rachis, regularly arranged but rather distant, apical pair divergent, basal leaflets 6–10 by 2.8–4.6 cm, middle leaflets 9–17.5 by 3.5–6.5 cm, with numerous radiating veins, transverse veinlets conspicuous, margins undulate and bearing sparse black bristles. Inflorescence (only female known) to 90 cm long including terminal flagellum to 60 cm long, branching to 2 orders, with 1–3 partial inflorescences; prophyll strictly tubular, entire, 8–19 cm long, armed with scattered reflexed spines, rachis bracts similar; partial inflorescences inserted on the rachis at the mouth of the subtending bract; rachillae 5–7, distichously arranged, 1–4 cm long, c. 0.15–0.2 cm diam., ± straight, appearing zig-zag from flower insertions; rachilla bracts striate. Female flower c. 0.3 by 0.2 cm. Fruit broadly ovoid, abruptly beaked, beak to 1.8 by 1.4 cm; scales straw yellow with dark margins, arranged in 18 vertical rows. Seed c. 1 by 0.7–0.8 cm, coarsely pitted; endosperm ruminate. Seedling leaf with two divergent rhomboid leaflets.",A.S. Barfod & J. Dransfield,,Forest Herbarium,2022-04-21,Rachun Pooma & Sawita Yooprasert,ref-THA-0000754480,Forest Herbarium,All rights reserved,"Calamus bousigonii bousigonii. Flora of Thailand. Vol. 11. Part 3, 2013. Pg. 351. Accessed 2022-04-21",https://www.dnp.go.th/botany/eflora/florainfra.html?tdcode=05114,11,3
wfo-0001316910,general,EN,"Differing from the typical variety in being generally much shorter, often flowering at ground level, in having inflorescence rachis bracts conspicuously tattered and split to the base, the partial inflorescences inserted just above the bract insertion, and the narrow ellipsoid fruit with scales in 20 vertical rows. Known from incomplete material – male inflorescence branching to 3 orders, female to 2 orders.",A.S. Barfod & J. Dransfield,,Forest Herbarium,2022-04-21,Rachun Pooma & Sawita Yooprasert,ref-THA-0001316910,Forest Herbarium,All rights reserved,"Calamus bousigonii smitinandii. Flora of Thailand. Vol. 11. Part 3, 2013. Pg. 352. Accessed 2022-04-21",https://www.dnp.go.th/botany/eflora/florainfra.html?tdcode=05115,11,3
wfo-0000754589,general,EN,"Clustering moderate-sized rattan forming thickets. Stems climbing to 20 m or more, without sheaths 1.5 cm diam., with sheaths to 3.5 cm diam., internodes to c. 20 cm long. Leaves ecirrate; sheaths dull green, armed with scattered triangular green, black-tipped spines to 1.2 by 0.4 cm, with swollen yellowish bases, the spines solitary or grouped in twos or threes, pale brown indumentum abundant between the spines; knee conspicuous; ocrea to 0.5 cm high, densely hispid; flagellum to 4 m long; petiole to c. 40 cm long, sparsely armed wth spines; rachis to 1.1 m long; leaflets c. 40 on each side of the rachis, regularly arranged, rather close, linear to narrow lanceolate, arcuate, the longest to 35 by 2 cm, rather abruptly decreasing to 10 by 1.5 cm near the leaf tip, drying pale green, apical pair joined basally, leaflets armed with bristles on 3 veins adaxially, sometimes on the mid vein abaxially. Inflorescences flagellate, to 4 m long, bearing 7 or more distant partial inflorescences, the male branched to 3 orders the female to 2 orders; male rachillae very short bearing congested flowers; female rachillae arcuate, neartly distichous and rather distant, to 10 cm long. Mature fruit ellipsoid, 1–1.2 by 0.5–0.6 cm, very shortly beaked, covered in 15–16 vertical rows of pale green or whitish scales with dark margins. Seed 0.8–0.9 by 0.3–0.4 cm, oblong to pointed at both ends, shallowly pitted, sarcotesta green, extremely sour and bitter; endosperm homogeneous. Seedling leaf with 4 very fine small divaricate leaflets.",A.S. Barfod & J. Dransfield,,Forest Herbarium,2022-04-21,Rachun Pooma & Sawita Yooprasert,ref-THA-0000754589,Forest Herbarium,All rights reserved,"Calamus burkillianus . Flora of Thailand. Vol. 11. Part 3, 2013. Pg. 352. Accessed 2022-04-21",https://www.dnp.go.th/botany/eflora/floraspecies.html?tdcode=05116,11,3
wfo-0000754622,general,EN,"Clustering, moderate-sized rattan. Stems potentially climbing to great heights, to 100 m or more, usually much less due to over-exploitation, the clump tending to be very close and dense, without sheaths 0.7–1.8 cm diam., with sheaths to 2.5 cm diam., internodes to 50 cm long, sometimes even longer in juveniles, bare stem highly polished, covered with a shiny silica layer, breaking off in flakes when stem bent. Leaves cirrate; sheaths dull green, armed with sparse pale triangular spines to 1.5 by 0.5 cm; knee prominent; petiole present in juveniles, absent in adult stem; rachis to 75 cm long; cirrus to 75 cm long; leaflets c. 15 on each side of the rachis, irregularly arranged, usually in alternate pairs, dark green adaxially, abaxially covered in dense grey-white indumentum, the leaflets thus conspicuously discolorous somewhat plicate and cucullate, the longest to 30 by 5 cm. Inflorescence to 2 m long, with 7 or more partial inflorescence; bracts strictly tubular with sparse brown indumentum; male rachillae up to 3 cm long, female rachillae to 10 cm long. Ripe fruit ovoid, c. 1.5 by 1 cm, with a beak to 0.2 by 0.2 cm, and covered in 15–21 vertical rows of greenish-white scales, drying pale straw coloured. Seed ovoid, c. 1.2 by 0.7 cm; endosperm deeply ruminate. Seedling leaf forked, the two lobes parallel, ¼ the length of the whole lamina, adaxially dark green, abaxially greyish-white.",A.S. Barfod & J. Dransfield,,Forest Herbarium,2022-04-21,Rachun Pooma & Sawita Yooprasert,ref-THA-0000754622,Forest Herbarium,All rights reserved,"Calamus caesius . Flora of Thailand. Vol. 11. Part 3, 2013. Pg. 353. Accessed 2022-04-21",https://www.dnp.go.th/botany/eflora/floraspecies.html?tdcode=05117,11,3
wfo-0000754686,general,EN,"Clustering acaulescent non-climbing palm of the forest undergrowth. Stem usually completely subterranean or shortly erect or prostrate, to 1.5 m long, without sheaths to 8 cm diam., with sheaths to 12 cm diam., internodes very short, rarely exceeding 3 cm long. Leaf ecirrate to 4 m long; sheaths tubular within the bud but soon splitting and becoming open, dull green, armed with flattened grey, yellow-based grouped spines variable in length, 0.2–8 cm; tattered bristly ligule present on the margins of the sheath mouth; flagellum absent; petiole up to 2.5 m long, distally rounded in cross section, armed as the sheath; rachis to 5 m long; leaflets c. 30–40 on each side of the rachis, regularly arranged, linear-lanceolate, the largest to 50 by 3 cm, shining dark green adaxially, abaxially covered with a layer of dirty-grey indumentum, armed with 3 rows of black bristles abaxially and sometimes on main vein adaxially. Inflorescences to 45 cm long, borne low down on the leaf sheaths, their bases usually obscured by spines and debris, male and female superficially similar, the male branched to 3 orders, the female to 2 orders; male rachillae to 4 cm long, c. 0.4 cm diam., bearing distichous bracts, pinkish or crimson when newly emerged; female rachillae fewer and longer, to 12 cm long, 0.5 cm diam., bracts similarly coloured to the male. Mature fruit ellipsoid, to 2.5 by 1.8 cm, strongly beaked, covered in 18–27 vertical rows of chestnut brown scales. Seed c. 1.8 by 1.2 cm; endosperm homogeneous. Seedling leaf with 6 leaflets, dark green adaxially, abaxially covered with grey indumentum.",A.S. Barfod & J. Dransfield,,Forest Herbarium,2022-04-21,Rachun Pooma & Sawita Yooprasert,ref-THA-0000754686,Forest Herbarium,All rights reserved,"Calamus castaneus . Flora of Thailand. Vol. 11. Part 3, 2013. Pg. 354. Accessed 2022-04-21",https://www.dnp.go.th/botany/eflora/floraspecies.html?tdcode=05118,11,3
wfo-0000754826,general,EN,"Very short clustering rattan. Stems erect or procumbent, not climbing, to 4–5 m long, without sheaths 3.5–5 cm diam., with sheaths to 8 cm diam., internodes short, rarely exceeding 8 cm long, usually less. Leaves ecirrate; sheath open through much of its length, densely armed with large flattened straw-coloured triangular spines to 4 cm long, 1 cm wide at the swollen green bases, the spines solitary or grouped into partial whorls, pale to mid-brown indumentum abundant between the spines; ocrea conspicuous, to 75 cm long, soon tattering, densely bristly; knee absent; flagellum absent; petiole up to 1.5 m or more long, armed as the sheath; rachis to 3.5 m long; leaflets 35–60 on each side of the rachis, irregularly arranged, in groups of 2–5, slightly fanned within the groups, sometimes almost regular, linear lanceolate, the longest to 70 by 5 cm, drying pale dull green, armed with pale bristles on margins and adaxially on the main vein and abaxially along three veins. Inflorescences male and female superficially similar, erect or arching, to 2 m long, not flagellate, bearing 4–10 partial inflorescences, the male branched to 3 orders, the female to 2 orders; rachis bracts rather inflated, loosely tubular, armed with scattered spines; male rachillae very crowded to 2.5 by 0.3 cm; female rachillae to 10 by 0.5 cm. Fruit rounded, conspicuously beaked, c. 0.8 cm diam., covered in 15–18 vertical rows of straw-coloured scales. Seed c. 0.5 cm diam., slightly furrowed; endosperm homogeneous.",A.S. Barfod & J. Dransfield,,Forest Herbarium,2022-04-21,Rachun Pooma & Sawita Yooprasert,ref-THA-0000754826,Forest Herbarium,All rights reserved,"Calamus concinnus . Flora of Thailand. Vol. 11. Part 3, 2013. Pg. 355. Accessed 2022-04-21",https://www.dnp.go.th/botany/eflora/floraspecies.html?tdcode=05119,11,3
wfo-0000755027,general,EN,"Clustering high climbing moderate-sized rattan. Stems to 40 m long, without sheaths 2.2 cm diam., with sheaths to 4 cm diam.; internodes to 30 cm long. Leaf ecirrate; sheaths bright to yellowish-green, very densely armed with reflexed triangular blackish spines with pale bases, the spines very variable, the longest to 2.2 by 1 cm, sometimes with hairy margins, the spine bases sometimes joined by swollen ridges, caducous black indumentum abundant between the spines; knee conspicuous; ocrea inconspicuous; flagellum to 3 m long; petiole to 20 cm in juvenile shoots, usually ± absent in adult leaves; rachis arcuate to 2 m long, armed with short reflexed spines; leaflets linear, up to c. 60 on each side of the rachis, regularly arranged, the longest to c. 30 by 1.5 cm, conspicuously bristly along margins, and 3 veins adaxially and the main vein abaxially. Inflorescences flagellate, 3–5 m long, the male and female superficially similar, bearing up to 6 rather distant partial inflorescences, the male inflorescence branched to 3 orders the female to 2 orders; male rachillae crowded, to 3–4 by 0.2 cm, the female lax, to 10 by 0.4 cm. Mature fruit ovoid, to 2 by 1.2 cm, strongly beaked, covered in 18 vertical rows of straw-coloured scales. Seed c. 1.2 by 0.9 cm, somewhat angular, pitted; endosperm ruminate.",A.S. Barfod & J. Dransfield,,Forest Herbarium,2022-04-21,Rachun Pooma & Sawita Yooprasert,ref-THA-0000755027,Forest Herbarium,All rights reserved,"Calamus densiflorus . Flora of Thailand. Vol. 11. Part 3, 2013. Pg. 355. Accessed 2022-04-21",https://www.dnp.go.th/botany/eflora/floraspecies.html?tdcode=05120,11,3
wfo-0000755089,general,EN,"Clustering rattan. Stems climbing to 20 m or more, without sheaths to c. 1.5 cm diam., with sheaths to 3 cm diam., internodes to c. 15 cm long. Leaves ecirrate; sheaths dull, often brownish-green, drying brown, armed with long black flattened spines to 4 cm long, usually less, sometimes with conspicuous swollen bases, brown scales abundant between the spines; knee conspicuous; ocrea poorly developed; flagellum to 2 m long; petiole 20–40 cm long; rachis curved, to 1 m long; leaflets c. 15–30 on each side of the rachis, regularly arranged, curved, linear, the longest (in one form) to 35 by 1.4 cm, or (in another form) to 50 by 2 cm, bristly on main vein on upper surface, armed with 3 rows of bristles or densely covered with bristles on the lower surface. Inflorescence to 4 m, the male and female superficially similar, the male branched to 3 orders, the female to 2 orders, with c. 5 very distant, partial inflorescences, long pendulous; male rachillae c. 5 by 0.2 cm; female rachillae c. 7 by 0.3 cm. Mature fruit rounded, c. 2.2 cm diam., shortly beaked and covered in 16–21 vertical rows of brown scales. Seed rounded, 1–1.2 cm diam., deeply pitted; endosperm ruminate. Seedling leaf bifid.",A.S. Barfod & J. Dransfield,,Forest Herbarium,2022-04-21,Rachun Pooma & Sawita Yooprasert,ref-THA-0000755089,Forest Herbarium,All rights reserved,"Calamus diepenhorstii . Flora of Thailand. Vol. 11. Part 3, 2013. Pg. 356. Accessed 2022-04-21",https://www.dnp.go.th/botany/eflora/floraspecies.html?tdcode=05121,11,3
wfo-0000755551,general,EN,"Clustering massive erect non-climbing rattan. Stems to 6 m tall, without sheaths 3–5 cm diam., with sheaths to 7 cm diam., internodes short, not usually exceeding 8 cm long. Leaves ecirrate; sheaths open, tubular only when very young, light to dark green, armed with partial whorls of flattened black spines 2–5 cm long, interspersed with black needle-like spicules and dark brown indumentum; knee absent; ocrea to over 15 cm long, covered in short black bristles, and splitting into two, forming auricles on either side of the petiole, auricles eventually disintegrating; flagellum absent; petioles of upper leaves 50–150 cm long, much longer in rosette leaves, rounded in cross section, armed with whorls of long, straw-coloured spines to 5–15 cm long; rachis to 350 cm, armed as the petiole; leaflets c. 40 on each side of the rachis, regularly arranged except in juvenile leaves where somewhat irregular, the longest 60–80 by 3.5–5 cm, mid vein with short or long bristles on both surfaces and along margins. Inflorescence lacking a terminal flagellum and with numerous rather crowded partial inflorescences; male and female inflorescences superficially similar, erect, to 2 m long, the male branching to 3 orders, the female to 2 orders; primary bracts tubular but becoming lacerated at the tips; male rachillae to 10–20 by 0.3 cm, female to 11 by 0.3 cm. Fruits ellipsoid, 3–5 by 2–2.5 cm with a short beak to 0.2 by 0.2 cm, and covered with 14–15 vertical rows of reddish-brown deeply grooved scales with dark and light patches. Seed 2–3.5 by 1.2–2.9 cm, endosperm deeply ruminate. Seedling leaf not recorded.",A.S. Barfod & J. Dransfield,,Forest Herbarium,2022-04-21,Rachun Pooma & Sawita Yooprasert,ref-THA-0000755551,Forest Herbarium,All rights reserved,"Calamus erectus . Flora of Thailand. Vol. 11. Part 3, 2013. Pg. 357. Accessed 2022-04-21",https://www.dnp.go.th/botany/eflora/floraspecies.html?tdcode=05122,11,3
wfo-0000755604,general,EN,"Robust clustering rattan tending to form thickets on the landward side of mangrove or behind coastal sand bars. Stem climbing to 15 m, without sheaths 2–3.5 cm diam., with sheaths to 5 cm diam., rarely more, internodes to c. 30 cm. Leaves cirrate; sheaths orangish-yellow to yellowish-green when fresh, very densely armed with slender greyish-brown spines, 0.2–3.5 cm long, held horizontally and arranged in horizontal or oblique whorls, spines and sheath epidermis densely covered with grey deciduous indumentum; spines around the leaf sheath mouth upward-pointing, in groups of 5–9, the longest to 6 cm; knee and base of petiole very conspicuous, unarmed, orange-yellow, when young densely covered with indumentum; petiole to 25 cm long, armed along the margins only with grouped spines to 3 cm long; rachis to 2.25 m long; cirrus to 2 m; leaflets to 70 or more on each side of the rachis, greyish-green, very regular, close, limply pendulous, the longest to 40 by 2 cm, armed with short bristles along the margins and on the veins on the lower surface, the lower surface also with white wax and minute brown scales. Inflorescences to 1.5 m long, male and female superficially similar, the male branched to 3 orders, the female to 2 orders, with very short peduncle enclosed by the leaf sheath; primary bracts armed with groups of short spines; partial inflorescences about 7 on each side of the axis, gradually decreasing in size distally; male rachillae 1–2 cm long with close distichous flowers; female rachillae 10 cm long with laxer distichous flowers. Fruit rounded, to 1 cm diam., covered in 12 vertical rows of straw-coloured scales. Seed rounded, c. 0.7 cm diam.; endosperm homogeneous. Seedling leaf not recorded.",A.S. Barfod & J. Dransfield,,Forest Herbarium,2022-04-21,Rachun Pooma & Sawita Yooprasert,ref-THA-0000755604,Forest Herbarium,All rights reserved,"Calamus erinaceus . Flora of Thailand. Vol. 11. Part 3, 2013. Pg. 357. Accessed 2022-04-21",https://www.dnp.go.th/botany/eflora/floraspecies.html?tdcode=05123,11,3
wfo-0000755625,general,EN,"Slender solitary or clustering rattan. Stems climbing to 15 m long, usually less, without sheaths 0.4–0.6 cm diam., with sheaths 1.5 cm (rarely to 2.5 cm) diam.; internodes to 15 cm long. Leaves ecirrate; sheaths dull greyish-brown, vary variable in armature, always very densely covered with minute spines giving a scabrid feel to the whole sheath, triangular spines to 1.2 cm long with hairy margins sometimes also present on the sheaths, particularly in montane populations; knee conspicuous, armed as the sheath; ocrea inconspicuous; flagellum to 1.75 m long; petiole to 15 cm long; rachis 20–40 cm long, scabrid as the leaf sheaths, bearing conspicuous pale chestnut-brown hairs adaxially among the bases of the leaflets; leaflets 20–25 on each side of the rachis, regularly arranged, linear-lanceolate to lanceolate, to 15 by 0.8 cm, rather thin in texture, densely covered with fine pale bristles on both surfaces and margins, rarely these bristles almost absent. Inflorescences flagellate, to 75 cm long, with 2–7 partial inflorescences, the male inflorescence branched to 3 orders, the female to 2 orders; rachillae of both sexes strongly reflexed, the male to 1 by 0.1 cm, the female to 4 by 0.3 cm, the flower groups with conspicuous circular cup-like attachment. Mature fruit ovoid to oblong, to 1.3 by 0.8 cm, borne on a large disk, shortly beaked, covered in 15–18 vertical rows of straw-coloured scales. Seed ovoid to oblong, c. 1 by 0.6 cm, flattened on one side, very deeply and sinuously grooved, the whole with a thin, green, intensely bitter and foetid sarcotesta; endosperm homogeneous. Seedling leaf pinnate with up to 10 ciliate hairy leafl ets on each side and conspicuous rusty hairs adaxially along the rachis.",A.S. Barfod & J. Dransfield,,Forest Herbarium,2022-04-21,Rachun Pooma & Sawita Yooprasert,ref-THA-0000755625,Forest Herbarium,All rights reserved,"Calamus exilis . Flora of Thailand. Vol. 11. Part 3, 2013. Pg. 358. Accessed 2022-04-21",https://www.dnp.go.th/botany/eflora/floraspecies.html?tdcode=05124,11,3
wfo-0000755864,general,EN,"Robust clustering rattan. Stems climbing to 30 m or more long, without sheaths 1.5–3 cm diam., with sheaths 3.5–5 cm diam.; internodes to 30 cm. Leaves ecirrate; sheaths generally not splitting opposite the petiole, greenish-yellow with reddish-brown indumentum and very densely armed with a variety of different spine types, large flattened straw coloured spines to 6 cm long, with paler swollen bases tending to be arranged in groups, and abundant small black spicules to 0.5 cm long scattered or in groups, spines around the leaf sheath mouth ± erect, to 10 cm long; ocrea to 15 cm long, covered in black spicules, split to form two auricles on each side of the petiole, soon splitting further, tattering and disintegrating; knee present but rather poorly developed and partially obscured by spines; flagellum massive, to 6 m long; petiole 30–70 cm long, armed as the leaf sheath but more sparsely; leaf rachis to 2 m long; leaflets to 35 on each side of the rachis, regularly arranged, rather distant, lanceolate, the largest 60–70 by 3.5–4.5 cm, conspicuous black bristles present along the main vein on both surfaces and along margins. Inflorescences male and female superficially similar, the male branched to 3 orders, the female to 2 orders, with 6 or more very distant pendulous partial inflorescences, to 60 cm long; male rachillae 9 by 0.25 cm; female rachillae to 13 by 0.4 cm. Mature fruit ovoid, 2.5–3 by 1.1–1.8 cm, covered with 12–13 vertical rows of channelled scales; seed ovoid, c. 2 by 1.4 cm; endosperm ruminate.",A.S. Barfod & J. Dransfield,,Forest Herbarium,2022-04-21,Rachun Pooma & Sawita Yooprasert,ref-THA-0000755864,Forest Herbarium,All rights reserved,"Calamus flagellum . Flora of Thailand. Vol. 11. Part 3, 2013. Pg. 359. Accessed 2022-04-21",https://www.dnp.go.th/botany/eflora/floraspecies.html?tdcode=05125,11,3
wfo-0000756063,general,EN,"Slender clustering rattan. All parts drying pale green. Stem without sheaths c. 0.9 cm diam., with sheaths c. 1.5 cm diam., internodes 15–17 cm long. Leaves ecirrate; sheaths bearing scattered triangular, somewhat flattened black spines to 1.1 by 0.6 cm, with paler bases, the spine bases sometimes rather oblique and downswept, these often interspersed with much smaller black spines to 0.2 cm long, also with swollen bases, scattered caducous indumentum present between spines; ocrea very short, sometimes with a group of spines opposite the petiole; knee present; flagellum to c. 50 cm long; petiole absent in mature climbing stems, present in juveniles, up to 3 cm long; rachis 50–60 cm long, armed with scattered black tipped reflexed spines with swollen bases; leaflets narrow lanceolate, 15–17 on each side of the rachis, regularly arranged, the longest to 27 by 2 cm, the tips long acuminate, adaxially bright shiny green, abaxially paler with some very thin grey caducous indumentum, bristly along mid vein both adaxially and abaxially and along margins. Inflorescences to 1.3 m long, including a short terminal flagellum, the male and female superficially similar, the male branched to 3 orders, the female to 2 orders; partial inflorescences up to c. 11, c. 10–30 cm apart, up to 27 cm long; rachillae strongly curled, the male to 1.5 by 0.1 cm, mostly much shorter, the female 1–2.5 by 0.15 cm. Mature fruit rounded, c. 1.3 cm diam., with a short beak to 0.1 by 0.1 cm, and covered in 17 vertical rows of pale straw-coloured channelled scales with darker margins. Seed c. 1 by 1 by 0.7 cm, flattened laterally with a hollow at the chalaza, deeply grooved and almost brain-like; endosperm homogeneous. Seedling leaf not recorded.",A.S. Barfod & J. Dransfield,,Forest Herbarium,2022-04-21,Rachun Pooma & Sawita Yooprasert,ref-THA-0000756063,Forest Herbarium,All rights reserved,"Calamus godefroyi . Flora of Thailand. Vol. 11. Part 3, 2013. Pg. 360. Accessed 2022-04-21",https://www.dnp.go.th/botany/eflora/floraspecies.html?tdcode=05126,11,3
wfo-0000756193,general,EN,"Slender clustering rattan. Stem without sheaths c. 0.5 cm diam., with sheaths 0.8 cm diam., internodes c. 15 cm long. Leaves ecirrate; sheaths bearing scattered solitary reflexed narrow triangular spines 0.2–0.6 by 0.1–0.15 cm with swollen bases, and thin caducous brown tomentum; knee well developed, unarmed; flagellum to 60 cm; petiole absent; rachis 20–30 cm long, bearing scattered, reflexed curved spines to 2 by 1.5 cm with black tips and swollen bases; leaflets broadly lanceolate, rather thin, 5–6 on each side of the rachis, the proximal 2–3 reflexed across the sheathed stem, the apical two joined for about one half their length, and forming a group of four with two more leaflets, the other leaflets very distant and somewhat irregularly arranged, basal leaflets 4–16 by 0.7–30 cm; middle leaflets 10.5–26 by 3–4.5 cm; apical leaflets 12–21 by 3–4.5 cm; upper surface of leaflets with conspicuous distant transverse veinlets, undersurface of leaflets covered in thin grey tomentum. Inflorescence flagelliform, only female known, to at least 112 cm long, with at least 2 partial inflorescences; bracts strictly tubular, tightly sheathing, with triangular tips and bearing scattered and rather sparse reflexed spines to 0.2 by 0.1 cm, with scattered brown indumentum between; partial inflorescences to at least 45 cm long, and 2–3 distant rachillae on each side; rachillae held ± at right angles, to 0.45 by 0.2 cm. Immature fruit ovoid to broadly ellipsoid, 0.7 by 0.4 cm with a beak 0.2 by 0.1 cm and covered in 20 vertical rows of pale brown scales with mid-brown margins and central marking and pale tips.",A.S. Barfod & J. Dransfield,,Forest Herbarium,2022-04-21,Rachun Pooma & Sawita Yooprasert,ref-THA-0000756193,Forest Herbarium,All rights reserved,"Calamus griseus . Flora of Thailand. Vol. 11. Part 3, 2013. Pg. 360. Accessed 2022-04-21",https://www.dnp.go.th/botany/eflora/floraspecies.html?tdcode=05127,11,3
wfo-0000756214,general,EN,"Clustering moderate-sized rattan. Stems climbing to 20 m long, without sheaths 0.5–2 cm diam., with sheaths 13–30 cm diam., internodes up to 13–30 cm long. Leaves ecirrate; leaf sheaths dull green, very densely armed with upward pointing triangular, flattened dark brown to black spines of various lengths, 0.1–2.5 cm long, the largest with decurrent bases, bases in general rather swollen and pale, the margins often irregular and with abundant caducous pale brown indumentum on and between the spines, spines around the leaf sheath mouth much larger and longer than the rest, to 15 cm long, dark brown; knee present, armed as the rest of the sheath; ocrea 10–15 cm long or more, papery, mid-brown, soon disintegrating; flagellum to 0.75–3 m long; petiole 10–25 cm long, sparsely armed with dark brown reflexed spines to 0.5 cm; rachis 0.65–1.39 m, arcuate, armed with scattered and grouped refl exed hook-like spines; leaflets 35-50 on each side of the rachis, regularly arranged, rather widely spaced, the largest 25–45 by 1.7–2.2 cm, apical pair to 5 by 0.5 cm, very shortly joined near the base, adaxially with 3 veins bristly, abaxially the main vein bristly., Inflorescences 0.3–2.5 m long, the male and female superficially similar, the male branched to 3 orders, the female to 2 orders, with a terminal flagellum, and 2-8 partial inflorescences, each subtended by a conspicuous brown flattened papery open bract, tubular at its very base, sparsely to densely armed with short pale spines to 0.4 cm long; male rachillae crowded, to 1 by 0.2 cm, female rachillae to 10 by 0.3 cm. Fruit rounded, c. 0.7 cm diam., with a short beak to 0.15 by 0.1 cm and covered in 15–18 vertical rows of pale straw-coloured scales. Seed c. 0.5 cm diam., somewhat flattened on one side, the surface rugose; endosperm homogeneous. Seedling leaf not recorded.",A.S. Barfod & J. Dransfield,,Forest Herbarium,2022-04-21,Rachun Pooma & Sawita Yooprasert,ref-THA-0000756214,Forest Herbarium,All rights reserved,"Calamus guruba . Flora of Thailand. Vol. 11. Part 3, 2013. Pg. 361. Accessed 2022-04-21",https://www.dnp.go.th/botany/eflora/floraspecies.html?tdcode=05128,11,3
wfo-0000756324,general,EN,"Slender clustering rattan. Stems climbing to 10 m long, without sheaths to 0.4–1 cm diam., with sheaths to 2 cm diam., internodes 5–18 cm long. Leaves ecirrate; sheaths green with reddish-brown indumentum, and bearing abundant scattered or partially grouped narrow triangular spines with swollen bases, the longest to 2 cm, the spine margins hairy, smaller spines often interspersed with larger ones, occasionally a few spines around the leaf sheath mouth larger than the rest, to 5 cm long and erect; ocrea inconspicuous, unarmed; knee conspicuous, generally unarmed; flagellum to 1 m; leaf rachis to 75 cm long, bearing up to 35 leaflets on each side, regularly arranged but usually with a few gaps; the longest 15–40 by 1.3–2 cm, covered with small bristles along the 3–5 prominent ribs adaxially and abaxially, margins bristly. Inflorescences with a terminal flagellum, and with up to 5 rather distant partial inflorescences; male and female inflorescences superficially similar, to 1.5 m long, the male branched to 2-3 orders, the female to 1-2 orders, each partial inflorescence to 12 cm long, composed of strongly adpressed rachillae 0.5-2.5 cm long, giving the whole partial inflorescence a spike-like appearance. Mature fruit broad ellipsoid, c. 1 by 0.7 cm, with a short beak, and covered with c. 17 vertical rows of straw-coloured scales with dark red margins. Seed rounded, c. 0.7 cm diam.; endosperm homogeneous.",A.S. Barfod & J. Dransfield,,Forest Herbarium,2022-04-21,Rachun Pooma & Sawita Yooprasert,ref-THA-0000756324,Forest Herbarium,All rights reserved,"Calamus henryanus . Flora of Thailand. Vol. 11. Part 3, 2013. Pg. 362. Accessed 2022-04-21",https://www.dnp.go.th/botany/eflora/floraspecies.html?tdcode=05129,11,3
wfo-0001317000,general,EN,"Almost always solitary high-climbing slender to moderate-sized rattan, all parts drying pale straw-coloured. Stems to 20 m long, without sheaths to 1 cm diam., with sheaths to 2 cm diam., internodes to 18 cm or more long. Leaves ecirrate; sheath dull to bright green, densely armed with patent-orientated to slightly reflexed green spines to 2.5 cm long, with black tips and slightly swollen bases, scattered brown scales present between the spines; knee prominent; ocrea inconspicuous; flagellum to 2 m long; petiole absent or to 15 cm long; rachis to 80 cm long, it and the petiole armed with short triangular spines; leaflets c. 9 on each side of the rachis, regularly arranged but generally very distant, very broad lanceolate, cucullate, of a very thick leathery texture, transverse veinlets very conspicuous, sinuous and close, apical leaflet pair usually joined along half their length, leaflet margins thickened. Inflorescences male and female superficially similar, the male branched to 3 orders, the female to 2 orders, flagellate to 2 m long, with up to 8 partial inflorescences; rachillae reflexed, the male to 2 by 0.3 cm, the female to 10 by 0.4 cm. Mature fruit ovoid or oblong in outline, to 1.2 by 0.7 cm, with a very conspicuous beak to 0.3 by 0.2 cm and covered in 22 vertical rows of pale yellowish-straw coloured scales. Seed c. 0.9 by 0.5 cm, slightly pitted; endosperm homogeneous. Seedling leaf bifid, with broad shiny green leaflets with very conspicuous cross veins.",A.S. Barfod & J. Dransfield,,Forest Herbarium,2022-04-21,Rachun Pooma & Sawita Yooprasert,ref-THA-0001317000,Forest Herbarium,All rights reserved,"Calamus insignis longispinosus. Flora of Thailand. Vol. 11. Part 3, 2013. Pg. 363. Accessed 2022-04-21",https://www.dnp.go.th/botany/eflora/florainfra.html?tdcode=05131,11,3
wfo-0000756737,general,EN,"Extremely variable slender to very slender clustering rattan forming low thickets or climbing. Stem to 10 m or more long, without sheaths 0.2–0.6 cm diam., with sheaths to 1 cm diam., internodes to 30 cm long, usually less. Leaves ecirrate; sheaths bright green when fresh, frequently reddish tinged, somewhat striate, unarmed or sparsely to densely armed with patent spines to 0.5 cm; knee present; ocrea moderately conspicuous, to 1 cm, deep crimson when young, tattering with age; flagellum to 1 m; petiole usually absent, rarely to 5 cm in some montane forms; leaflets 4–10 on each side of the rachis, grouped or more rarely subregular, lanceolate to spathulate, the lowermost 1–2 pairs often swept back across the stem, longest leaflets to 20 by 5 cm but usually much less, transverse veinlets conspicuous; young leaves tinged pink. Male and female inflorescences superficially similar, the male branched to 3 orders, the female to 2 orders, with 2–5 partial inflorescences bearing crimson rachillae ± at right angles; male rachillae 3–5 by 0.2 cm, female rachillae 2–5 by 0.2 cm. Ripe fruit ovoid, c. 1.2 by 0.8 cm, with a short beak and covered in 15–21 vertical rows of pale greenish-white scales. Seed somewhat angular; endosperm homogeneous. Seedling leaf with 4 broad shiny leaflets.",A.S. Barfod & J. Dransfield,,Forest Herbarium,2022-04-21,Rachun Pooma & Sawita Yooprasert,ref-THA-0000756737,Forest Herbarium,All rights reserved,"Calamus javensis . Flora of Thailand. Vol. 11. Part 3, 2013. Pg. 364. Accessed 2022-04-21",https://www.dnp.go.th/botany/eflora/floraspecies.html?tdcode=05133,11,3
wfo-0000757035,general,EN,"Solitary (very rarely clustered) moderate rattan. Stems climbing to 30 m or more long, without sheaths 0.8–1 cm diam., with sheaths to 2 cm diam., internodes to 25 cm long. Leaves cirrate; sheaths dull to pale green, drying very pale brownish-green, armed with sparse patent ± triangular spines borne on swollen bases, sometimes also with very faint horizontal ridges, sometimes unarmed, and with brown scales abundant on young leaf surfaces; knee conspicuous; ocrea scarcely developed; flagellum absent; petiole absent; rachis to 35 cm long; cirrus to 65 cm long; leaflets c. 20 on each side of the rachis, concolorous, arranged irregularly, the basal up to 8 pairs on each side very close and strongly reflexed across the leaf sheaths forming a chamber in which ants frequently nest, upper leaflets in groups of 2–4 and fanned within the groups, the largest leaflets to c. 20 by 0.5–2 cm, somewhat plicate, drying very pale green. Inflorescences usually about the same length as the leaves, without a terminal flagellum, and with up to 10 partial inflorescences, the male branching to 3 orders, the female to 2 orders; main bracts rather densely armed with black-tipped, pale, bulbous-based spines and brown indumentum, ultimate bracts and bracteoles with abundant minute spines producing a rough feel; male rachillae very short, to 0.5 by 0.1 cm, female rachillae to 7 by 0.2 cm. Mature fruit rounded, c. 1.2 cm diam., with a short beak and covered with 15–19 vertical rows of pale straw- to whitish-coloured scales, sometimes flecked with red. Seed rounded, c. 1 cm diam., deeply pitted; endosperm slightly ruminate. Seedling leaf bifid.",A.S. Barfod & J. Dransfield,,Forest Herbarium,2022-04-21,Rachun Pooma & Sawita Yooprasert,ref-THA-0000757035,Forest Herbarium,All rights reserved,"Calamus laevigatus . Flora of Thailand. Vol. 11. Part 3, 2013. Pg. 365. Accessed 2022-04-21",https://www.dnp.go.th/botany/eflora/floraspecies.html?tdcode=05134,11,3
wfo-0000757412,general,EN,"Very robust clustering rattan. Stems climbing to 30 m long, usually less, without sheaths 3.5–5 cm diam., with sheaths 7–10 cm diam., internodes 10–45 cm long. Leaves ecirrate; leaf sheath dull green, densely armed with erect, spreading and reflexed flattened yellow-based spines of varying length, solitary or grouped in partial whorls, the longest to 6 cm long and 0.5 cm wide at base, interspersed with groups of much smaller needle-like spines, grey indumentum abundant between and on the spines; knee present but largely obscured by spines; ocrea inconspicuous; flagellum very robust, often to 10 m long; petiole 0.6–1.5 m long, densely armed with solitary and grouped blackish spines with yellow bases, of size similar to those on the sheath; rachis to 3 m long, yellowish-green, armed as the petiole; leaflets to c. 50 on each side of the rachis, irregularly arranged in groups of 2–7 and fanned within the groups, giving the whole leaf a plumose appearance, the longest to 75 by 4 cm, sharply spinulose along margins and upper-surface of mid vein and armed with black bristles to 2 cm long along mid vein on undersurface. Inflorescences flagellate, often to 10 m long, the male and female superficially similar, the male branching to 3 orders, the female to 2 orders, with up to 12 rather distant partial infl orescences, the longest to over 1.5 m long; male rachillae to 10 by 0.4 cm long, female rachillae to 45 by 0.5 cm. Fruit turbinate, to 3.5 by 2 cm, with a triangular beak 0.4 cm long, and covered in c. 12 vertical rows of dull mid-brown, horizontally banded with darker brown unchannelled scales with laciniate margins. Seed c. 2.7 by 1.7 cm, endosperm homogeneous. Seedling leaf not recorded.",A.S. Barfod & J. Dransfield,,Forest Herbarium,2022-04-21,Rachun Pooma & Sawita Yooprasert,ref-THA-0000757412,Forest Herbarium,All rights reserved,"Calamus longisetus . Flora of Thailand. Vol. 11. Part 3, 2013. Pg. 366. Accessed 2022-04-21",https://www.dnp.go.th/botany/eflora/floraspecies.html?tdcode=05135,11,3
wfo-0000757564,general,EN,"Solitary, massive high-climbing rattan. Stems ultimately reaching over 100 m long, but rarely attaining this due to overharvesting, without sheaths to 8 cm diam., sometimes very much more slender near the stem base (c. 2.5 cm diam.), with sheaths to 11 cm diam., internodes to 40 cm long, less in exposed stems from above the forest canopy. Leaf cirrate; sheaths dull grey green, densely armed with black, flattened, hairy-margined, patent or slightly reflexed, triangular spines, the largest to 3 by 1 cm, scattered or arranged in lateral groups, much smaller spines to 0.5 cm long abundant between the larger spines, thin white wax abundant between spines, particularly on newly emerged sheaths; knee conspicuous, armed as the rest of the sheath; ocrea ill-defined; flagellum absent; petiole to 12 by 5 cm, much longer in juveniles, armed as the rachis with short triangular grapnel spines and with scattered indumentum; rachis to 5 m long; cirrus to 3 m long; leaflets pale greyish-green, 45–60 on each side of the rachis, ± regularly arranged, limply pendulous and versatile in adult leaves, somewhat irregular and grouped, not obviously pendulous in juvenile leaves, margins with conspicuous black bristles. Inflorescences very robust, to c. 2.5 m long with numerous (up to 18) rather close partial inflorescences to 70 cm long, subtending bracts densely armed with spines to 0.3 cm long, the male inflorescence branched to 3 orders, the female to 2 orders; male rachillae to 3 by 0.3 cm, the female to 15 by 0.5 cm. Mature fruit ovoid, to 2.8 by 2 cm, with a wide short beak to 0.3 by 0.3 cm, and covered with 15 vertical rows of yellowish scales with blackish-brown margins. Seed ovoid, to 1.8 by 1.2 cm, with finely pitted surface; endosperm densely and deeply ruminate. Seedling leaf with 2 divergent cucullate leaflets with a grey-blue bloom on a dull green surface.",A.S. Barfod & J. Dransfield,,Forest Herbarium,2022-04-21,Rachun Pooma & Sawita Yooprasert,ref-THA-0000757564,Forest Herbarium,All rights reserved,"Calamus manan . Flora of Thailand. Vol. 11. Part 3, 2013. Pg. 367. Accessed 2022-04-21",https://www.dnp.go.th/botany/eflora/floraspecies.html?tdcode=05137,11,3
wfo-0000758656,general,EN,"Robust clustering rattan. Stem climbing to great heights, to 50 m or more long, without sheaths to 4 cm diam., with rather prominent nodes and frequently slightly angular in cross section, with sheaths to 7 cm diam., internodes to 30 cm long. Leaves subcirrate; sheaths dark green, armed with large triangular, flattened, yellowish-based black spines to 4 by 1 cm, and scattered dull brown scales; knee conspicuous; ocrea short, quickly tattering; flagellum massive, to 10 m or more long, dark green, armed with short black, yellowish-based spines; petiole to 1 m (usually less); rachis to 3 m long; leaflets 20–30 on each side of the rachis, usually pale green, regularly arranged, the proximal to 50 by 5 cm increasing to 80 by 8 cm in the middle, decreasing to minute at the tip, c. 4 by 0.5 cm, the rachis tip forming a subcirrus, the leaflets drying pale green, not blackish, prickly on the upper surface of the veins near the tip and along the margins. Inflorescences to 8 m long including the long terminal flagellum, male and female superficially similar, the male branched to 3 orders, the female to 2 orders, bearing 4–6 partial inflorescences to 80 cm long; male rachillae slender 5–8 by 3 cm, female rachillae robust, reflexed, 10–18 by 0.4 cm. Male flower with 12 stamens. Ripe fruit ellipsoid, to 3 by 2 cm, tipped with a short beak and covered in 15 vertical rows of matt brown to black scales with paler bases. Seed to 2 by 0.8 cm, rather angular and grooved with one flattened lateral face; sarcotesta sour; endosperm homogeneous. Seedling leaf bifid, shiny green.",A.S. Barfod & J. Dransfield,,Forest Herbarium,2022-04-21,Rachun Pooma & Sawita Yooprasert,ref-THA-0000758656,Forest Herbarium,All rights reserved,"Calamus ornatus . Flora of Thailand. Vol. 11. Part 3, 2013. Pg. 370. Accessed 2022-04-21",https://www.dnp.go.th/botany/eflora/floraspecies.html?tdcode=05140,11,3
wfo-0000758754,general,EN,"Solitary (very rarely clustering) rattan. Stem climbing to 10 m, without sheaths to 1.5 cm diam., with sheaths to 3 cm diam., internodes to 15 cm long. Leaf cirrate; sheaths bright green, rather densely armed with black, yellow-based flattened spines to 5 by 0.7 cm, upward-pointing, patent or reflexed; knee poorly developed, usually obscured by spines; ocrea tattering, inconspicuous; petiole to 30 cm long, armed with long black, yellowish-based spines; rachis arching, to 1.1 m or more long; cirrus to 60 cm long; leaflets to c. 50 on each side of the rachis, arranged in groups of 2–5 (rarely more), arcuate, dark shiny green except at the base where pale yellowish, 20–30 by 2–3 cm, ± unarmed. Inflorescences strongly curved, male and female superfi cially similar, the male branching to 3 orders, the female to 2 orders, to 1.2 m, with c. 7 partial inflorescences, the longest to 40 cm; male rachillae to 3 cm long; female rachillae to 4 cm bearing rather distant flowers. Ripe fruit rounded, c. 1.2 cm diam., with conspicuous beak to 0.15 cm long, and covered in 12–13 vertical rows of yellowish scales with brown margins. Seed hemispherical, c. 0.9 cm diam., with superficial pitting; endosperm very sparsely and shallowly ruminate. Seedling leaf not recorded.",A.S. Barfod & J. Dransfield,,Forest Herbarium,2022-04-21,Rachun Pooma & Sawita Yooprasert,ref-THA-0000758754,Forest Herbarium,All rights reserved,"Calamus oxleyanus . Flora of Thailand. Vol. 11. Part 3, 2013. Pg. 370. Accessed 2022-04-21",https://www.dnp.go.th/botany/eflora/floraspecies.html?tdcode=05141,11,3
wfo-0000758896,general,EN,"Moderate to robust clustering rattan. Stems climbing to 30 m long, without sheaths 0.3–3 cm diam., with sheaths 0.7–5 cm diam., internodes 15–30 cm long. Leaf cirrate; sheaths bright green, variably armed sparsely to densely with scattered, patent or slightly reflexed red-brown, yellow-based spines to 3 cm long, sometimes interspersed with much smaller broad-triangular dark spines, pale to reddish-brown caducous indumentum usually abundant on newly emerged sheaths, sometimes distinctly striped; knee conspicuous, usually more sparsely armed than the rest of the sheath; ocrea very inconspicuous, unarmed, soon disintegrating; flagellum absent; petiole 5–30 cm long, semi-circular in cross section, the adaxial surface often armed with short erect spines; rachis to 2.5 m or more; cirrus 0.4–1 m; leaflets 10–25 on each side of the rachis arranged in evenly spaced divergent pairs, a few leaflets near the base and the cirrus borne singly, the largest leaflets to 35 by 5.5 cm, rarely larger, tips somewhat cucullate, margins bristly, veins both adaxially and abaxially unarmed. Inflorescences male to 1.4 m long, the female usually much shorter, to 50 cm long, lacking a terminal flagellum, the male branched to 3 orders, the female to 2 orders, partial inflorescences 8–12, close and not very well differentiated; male rachillae 2.5–5 by 0.3 cm long, female rachillae to 10 by 0.4 cm. Fruit rounded, the calyx explanate at fruit maturity so fruit appearing sessile, 0.7–1.2 by 0.7–1 cm, with a short rather triangular reddish beak to 0.15 by 0.15 cm, and covered in 17 vertical rows of white unchannelled scales. Seed c. 0.5–0.9 by 0.5–0.7 cm, ± rounded; endosperm homogeneous.",A.S. Barfod & J. Dransfield,,Forest Herbarium,2022-04-21,Rachun Pooma & Sawita Yooprasert,ref-THA-0000758896,Forest Herbarium,All rights reserved,"Calamus palustris . Flora of Thailand. Vol. 11. Part 3, 2013. Pg. 371. Accessed 2022-04-21",https://www.dnp.go.th/botany/eflora/floraspecies.html?tdcode=05142,11,3
wfo-0000758959,general,EN,"Clustering slender rattan. Stem climbing to 15 m, without sheaths c. 0.6 cm diam., with sheaths to c. 1 cm diam., internodes c. 12 cm long. All parts drying dark brown. Leaf ecirrate; sheath dark green, armed with bulbous swellings, some of which ending in minute spines, pale brown indumentum scattered on sheath surface; knee conspicuous, often with a ring-like swelling below it; ocrea inconspicuous; flagellum to 80 cm long; petiole absent; rachis together with apical leaflets to 45 cm long, with up to 8 leaflets on each side of the rachis, the terminal pair joined for at least a quarter of their length, other leaflets somewhat irregularly arranged, dark green, said to smell of pandan when fresh, the longest to 25 by 3 cm. Inflorescence to 1 m long, male and female superficially similar, the male branched to 3 orders, the female to 2 orders, with up to 8 partial inflorescences, each with curving rachillae; male rachillae to 3 cm long, the female to 6 cm long. Flowers rather large, to 0.4 cm long. Fruit ± oblate, to 1.7 by 1.9 cm, covered in 23 vertical rows of pale brown scales. Seed c. 1 cm diam., endosperm deeply ruminate.",A.S. Barfod & J. Dransfield,,Forest Herbarium,2022-04-21,Rachun Pooma & Sawita Yooprasert,ref-THA-0000758959,Forest Herbarium,All rights reserved,"Calamus pandanosmus . Flora of Thailand. Vol. 11. Part 3, 2013. Pg. 373. Accessed 2022-04-21",https://www.dnp.go.th/botany/eflora/floraspecies.html?tdcode=05143,11,3
wfo-0000759145,general,EN,"Solitary moderate to robust rattan. Stem climbing to 20 m tall or more, without sheaths c. 2 cm diam., with sheaths 3.5–7 cm diam., internodes 6–20 cm long. Leaf ecirrate; sheaths mid green with broad yellow streaks when fresh, pale brown when dry, armed with scattered large pale yellow green black-tipped flattened spines with conspicuous swollen yellowish bases and black hairy margins, the largest spines to 4 by 0.8 cm, much smaller spines often present between the large ones, sparse caducous brown indumentum present between spines; knee well developed, armed as the sheath, or sometimes unarmed; ocrea poorly developed; flagellum to 3.5 m long; all cut surfaces oozing yellow creamy gum; petiole 0.6–1.75 m long, armed with pale yellowish-green spines with black tips similar to those on sheath; rachis conspicuously arcuate, to 3.5 m long, armed with reflexed grapnel spines to 0.5 cm long; leaflets 30–50 on each side of the rachis, regularly arranged, rather stiff, the longest to 50 by 2–4 cm, main veins bristly on both surfaces, margins bristly near the leaflet tip. Inflorescences 3–6 m long, male and female superficially similar, the male branched to 3 orders, the female to 2 orders with 2–3 partial inflorescences only, to 25 cm long, borne near the inflorescence base, and a long terminal flagellum; primary bracts conspicuous, splitting along part of their length and becoming flattened, tattering near their tips, armed with short triangular spines; male rachillae c. 3 by 0.2 cm, the female to 5 by 0.2 cm, flowers relatively large (to 0.75 cm long). Mature fruit globose to very slightly obovoid, borne on a stalked disc, to 2 by 1.6 cm, with a short beak to 0.2 by 0.1 cm, and covered in 15–16 vertical rows of bright reddish-brown, unchannelled scales. Seed globose, c. 1.5 cm diam., pitted; endosperm deeply ruminate. Seedling leaf with 4–6 very slender leaflets.",A.S. Barfod & J. Dransfield,,Forest Herbarium,2022-04-21,Rachun Pooma & Sawita Yooprasert,ref-THA-0000759145,Forest Herbarium,All rights reserved,"Calamus peregrinus . Flora of Thailand. Vol. 11. Part 3, 2013. Pg. 373. Accessed 2022-04-21",https://www.dnp.go.th/botany/eflora/floraspecies.html?tdcode=05144,11,3
wfo-0000759276,general,EN,"Slender, clustering rattan. Stems climbing to 25 m long, without sheaths 1.2–1.6 cm diam., with sheaths 2.5–3.9 cm diam., internodes 20–45 cm long. Leaves ecirrate; sheaths green with abundant upward-pointing flattened brown to blackish spines, varying from 2–4 cm long, the spines sometimes with several points, the larger spines interspersed with numerous needle-like spines, caducous reddish-brown indumentum abundant between the spines, spines around the leaf sheath mouth much larger than the rest, to 8 cm long; knee conspicuous, armed with needle-like spines; ocrea to 10 cm long, pale brown, papery and soon disintegrating; flagellum to 1–3.5 m long; petiole to 25 cm long, armed as the sheath but with smaller spines; rachis 0.8–1.7 m long; leaflets 4–8, regularly or slightly irregularly arranged but rather distant, the largest to 55 by 8 cm, somewhat cucullate, conspicuously discolorous, adaxially bright to dark green, densely covered in chalky white indumentum abaxially, apical pair free or joined in basal half, rachis to 0.8 m long. Inflorescences male and female superficially similar, with a terminal flagellum and with up to 4 partial inflorescences, each subtended by a conspicuous open bract tubular at the very base, the male branched to 3 orders, the female to 2 orders; male rachillae to 4 by 0.1 cm, female rachillae to 8 by 0.2 cm. Fruit rounded, to 8 cm diam., with a short beak to 0.1 by 0.1 cm, and covered in vertical rows of whitish scales. Seed c. 0.6 cm diam., endosperm homogeneous.",A.S. Barfod & J. Dransfield,,Forest Herbarium,2022-04-21,Rachun Pooma & Sawita Yooprasert,ref-THA-0000759276,Forest Herbarium,All rights reserved,"Calamus platyspathus . Flora of Thailand. Vol. 11. Part 3, 2013. Pg. 374. Accessed 2022-04-21",https://www.dnp.go.th/botany/eflora/floraspecies.html?tdcode=05145,11,3
wfo-0000759317,general,EN,"Robust single-stemmed rattan. Stem climbing to 150 m long, but usually much less because of over-harvesting, without sheaths 3–5 cm diam., with sheaths 40–75 cm diam., internodes c. 35 cm long, longer in juvenile stems. Leaves ecirrate, massive; sheaths bright green, sometimes with scattered dark brown indumentum, armed with scattered, solitary or occasionally paired, reflexed broad triangular green spines 1.5–3.5 cm long, with black tips and slightly swollen bases, spines sometimes very sparse or lacking altogether; ocrea inconspicuous, very short, tattering, bearing scattered black caducous indumentum; knee prominent, generally unarmed; flagellum massive, often exceeding 7 m long; petiole to 60 cm long, c. 2.5 cm wide, armed with scattered groups of broad trianglar spines to 1.5 by 0.4 cm; rachis to 2.25 m, somewhat curved, bearing c. 40, regularly arranged leaflets on each side of the rachis, the longest to 55 by 3 cm, armed with scattered short black spines along the margins and two lateral nerves on upper surface. Inflorescences 2–6 m or more long with a terminal flagellum and numerous (10 or more) widely spaced partial inflorescnces, the male branched to 3 orders the female to 2; male rachillae 3 by 0.4 cm, female rachillae 11–20 by 0.4 cm. Mature fruit ovoid, 2 by 1.4 cm, covered in c. 20 rows of pale straw-coloured spines with darker margins. Seed ellipsoid with flattened side, c. 1.2 by 0.8 cm; endosperm homogeneous.",A.S. Barfod & J. Dransfield,,Forest Herbarium,2022-04-21,Rachun Pooma & Sawita Yooprasert,ref-THA-0000759317,Forest Herbarium,All rights reserved,"Calamus poilanei . Flora of Thailand. Vol. 11. Part 3, 2013. Pg. 375. Accessed 2022-04-21",https://www.dnp.go.th/botany/eflora/floraspecies.html?tdcode=05146,11,3
wfo-0000759596,general,EN,"Clustering moderate-sized rattan. Stems climbing to 10–15 m, without sheaths 1.5 cm diam., with sheaths to 3 cm diam., internodes c. 15 cm long. Leaf ecirrate; sheaths dull green, armed with abundant triangular spines to 0.6 cm long, with conspicuous paler swollen bases, the spines obliquely aligned and somewhat upward pointing; knee present; ocrea inconspicuous; flagellum present, length unknown; petiole absent; rachis to c. 1.5 m long, arcuate; leaflets numerous (full number not known), regularly arranged, close, narrow lanceolate, the longest to 45 by 2.5 cm, the terminal leaflets partially joined. Only female inflorescence known, branching to 2 orders, flagellate, bearing lax partial inflorescences to 1 m long, bearing c. 15 rachillae on each side, each to 4.5–9 by 0.2 cm, the bracts subtending the rachillae densely scabrid. Fruit ovoid, 0.8 by 0.65 cm, with a short beak to 0.1 by 0.1 cm, and covered in 15 vertical rows of pale brown scales with darker margins and tips. Seed 0.5 by 0.3 cm; endosperm homogeneous. Other parts unknown.",A.S. Barfod & J. Dransfield,,Forest Herbarium,2022-04-21,Rachun Pooma & Sawita Yooprasert,ref-THA-0000759596,Forest Herbarium,All rights reserved,"Calamus radulosus . Flora of Thailand. Vol. 11. Part 3, 2013. Pg. 375. Accessed 2022-04-21",https://www.dnp.go.th/botany/eflora/floraspecies.html?tdcode=05147,11,3
wfo-0000759895,general,EN,"Very robust clustering rattan. Stem climbing to 75 m, usually less, without sheaths 2.5–3.5 cm diam., with sheaths 4–7 cm diam.; internodes to 30 cm or more long. Leaf ecirrate; sheaths tending to split deeply opposite the petiole, light to yellowish-green, very densely armed with a wide range of different sized spines, including large reflexed flattened reddish-brown spines to 5 cm long borne in oblique partial whorls, particularly below the petiole, and much smaller black needle-like spines to 0.5 cm long, also borne in short partial whorls, and scattered ungrouped spines, and particularly large erect pale brown flattened spines to 15 cm long, borne around the leaf sheath mouth; knee inconspicuous, not greatly swollen and almost entirely obscured by the sheath spines; ocrea inconspicuous; flagellum massive, to 6 m or more long; petiole 20–60 cm long, densely armed with partial whorls of spines as on the leaf sheath; rachis to 3.5 m long, bearing regularly arranged, close, linear-lanceolate leaflets, the largest to 45–65 by 1.5–2.5 cm, with robust bristles at least 1 cm long on the adaxial and abaxial surfaces of the main vein, the margins also bristly. Inflorescences male and female superficially similar, the male branching to 3 orders, the female to 2 orders, to 6.5 m long including the long terminal flagellum with up to 8 or more well spaced pendulous partial inflorescences, each up to 1.5 m long; male rachillae to 20 by 0.2–0.3 cm; female rachillae 12–35 by 0.3–0.4 cm. Mature fruit ovoid, c. 1.8 by 1.2 cm, covered in 13 vertical rows of yellowish-brown deeply channelled scales with thin dark margins. Seed globose c. 0.9 cm diam.; endosperm homogeneous. Seedling leaf with 4–6 linear leaflets.",A.S. Barfod & J. Dransfield,,Forest Herbarium,2022-04-21,Rachun Pooma & Sawita Yooprasert,ref-THA-0000759895,Forest Herbarium,All rights reserved,"Calamus rudentum . Flora of Thailand. Vol. 11. Part 3, 2013. Pg. 376. Accessed 2022-04-21",https://www.dnp.go.th/botany/eflora/floraspecies.html?tdcode=05148,11,3
wfo-0000760097,general,EN,"Robust clustering rattan, all parts drying dark brown or black. Stem climbing to great heights, often to 50 m or more, without sheaths c. 2.5 cm diam., sometimes to 3.5 cm, with prominent nodes and slightly uneven in cross section, with sheaths to 5 cm diam., internodes very long, sometimes exceeding 1 m. Leaf ecirrate; sheaths mid to dark green, armed with large triangular flattened yellowish-based black spines to 5 cm long, often partly grouped, and abundant deciduous grey indumentum; knee conspicuous; ocrea short, soon tattering; flagellum robust, frequently exceeding 7 m, armed with black spines; petiole to 30 cm long; rachis to 1.7 m long; leaflets c. 25 on each side of the rachis, regularly arranged, the proximal to 40 by 3 cm and distal to 20 by 3 cm, dull green and rather neatly curved, bristly only at the tip. Inflorescence to 6 m or more, male and female superficially similar, the male branched to 3 orders, the female to 2 orders, with c. 7 partial inflorescences often to 1.5 m long, male rachillae to 2 by 0.2 cm, female rachillae slender, reflexed, 15–18 by 0.3 cm. Ripe fruit ovoid to 1.4 by 0.9 cm, with a short beak and covered with 14–15 vertical rows of dull green scales. Seed ovoid c. 1 by 0.5 cm with scattered shallow pits; endosperm homogeneous. Seedling leaf with 4 leaflets arranged in a fan.",A.S. Barfod & J. Dransfield,,Forest Herbarium,2022-04-21,Rachun Pooma & Sawita Yooprasert,ref-THA-0000760097,Forest Herbarium,All rights reserved,"Calamus scipionum . Flora of Thailand. Vol. 11. Part 3, 2013. Pg. 376. Accessed 2022-04-21",https://www.dnp.go.th/botany/eflora/floraspecies.html?tdcode=05149,11,3
wfo-0000760138,general,EN,"Short acaulescent or erect solitary non-climbing palm. Stems rarely exceeding 2 m long, without sheaths c. 4.5 cm diam., with sheaths to 6 cm diam., internodes 2–3 cm long. Leaf ecirrate; sheaths dull green, densely covered in paler green spines of varying length, to 4 cm long, but to 20 cm long and upward pointing around the leaf sheath mouth, dense brownish indumentum abundant between the spines, spines generally very sparse or absent below the petiole; knee absent; ocrea poorly defined; flagellum absent; petiole 0.6–1 m long, armed along the margins with robust lateral spines to 4 cm long and scattered smaller spines on adaxial and abaxial surfaces; rachis to 2 m long; leaflets 20–30 on each side of the rachis, rather distant, broad and conspicuously plicate, the longest to 50 by 5 cm, the distalmost pair c. 15 by 2 cm and markedly divergent. Inflorescence lacking a flagellum, confusingly variable but the male and female nevertheless superficially similar, the male branched to 3 orders, the female to 2 orders; peduncle often to 60 cm long; primary bracts very conspicuous, longitudinally splitting, but remaining tubular near the base, enclosing the whole inflorescence or partial inflorescence, the bracts bright mid-brown, armed with short spines near the base only and densely covered in bright brown indumentum, adaxially shining brown; inflorescences occasionally very short, not exceeding 20 cm including the peduncle; male rachillae very congested, c. 0.6 by 0.1 cm, female rachillae usually less crowded, to 4 by 0.4 cm. Mature fruit rounded, c. 0.8–1 cm diam., with a prominent beak to 0.15 by 0.15 cm, and covered in 15–18 vertical rows of bright red-brown scales. Seed rounded, c. 0.8 cm diam., flattened on one side, with a hollow next to the attachment; endosperm homogeneous. Seedling leaf bifid with strongly divergent leaflets.",A.S. Barfod & J. Dransfield,,Forest Herbarium,2022-04-21,Rachun Pooma & Sawita Yooprasert,ref-THA-0000760138,Forest Herbarium,All rights reserved,"Calamus sedens . Flora of Thailand. Vol. 11. Part 3, 2013. Pg. 377. Accessed 2022-04-21",https://www.dnp.go.th/botany/eflora/floraspecies.html?tdcode=05150,11,3
wfo-0000760452,general,EN,"Clustering, high-climbing, moderate-sized rattan. Stems to 20 m long, without sheaths c. 1 cm diam., with sheaths to 2 cm diam.; internodes to 40 cm long. Leaf ecirrate; sheaths dull green, rather densely armed with dull green swollen-based spines of variable length, held horizontally or slightly reflexed, the longest to 1.5 cm long; ocrea inconspicuous; knee well developed; flagellum to 1.5 m; petiole to 30 cm long, armed abaxially with scattered spines; rachis to 70 cm, armed as the petiole; leaflets c. 40 on each side of the rachis, regularly arranged, close, linear, the longest to 35 by 1.5 cm, adaxially unarmed, abaxially all leaflets very densely armed with short bristles. Inflorescences flagellate, usually not longer than the leaves and often very much shorter, male and female superficially similar, the male branching to 3 orders, the female to 2 orders, with 3–6 partial inflorescences, each subtended by rather wide inflated and loose bracts; rachillae very crowded, bearing relatively very large flowers, up to 1 cm long. Mature fruit rounded, c. 2 cm diam., very shortly beaked, covered in c. 18 vertical rows of shiny, unchannelled, dark chestnut brown scales with fimbriate margins. Seed c. 1.4 cm diam., somewhat flattened on one side; endosperm homogeneous.",A.S. Barfod & J. Dransfield,,Forest Herbarium,2022-04-21,Rachun Pooma & Sawita Yooprasert,ref-THA-0000760452,Forest Herbarium,All rights reserved,"Calamus spectatissimus . Flora of Thailand. Vol. 11. Part 3, 2013. Pg. 380. Accessed 2022-04-21",https://www.dnp.go.th/botany/eflora/floraspecies.html?tdcode=05155,11,3
wfo-0000342751,general,EN,"Moderately robust erect rattan to 5 m tall. Stem dimensions not known but probably at least 5 cm diam. Leaves ecirrate; sheath ± open, armed with partial whorls of flattened black spines to 3 cm long, with pale bases thickened and coalescing laterally to form low ridges, abundant groups of much smaller black spines interspersed with large spines; flagellum apparently lacking; petiole probably exceeding 50 cm long, c. 1–1.2 cm diam., rounded abaxially, deeply channelled adaxially, armed on both surfaces with whorls of large and small spines as the body of the sheath; rachis to 1.5 m long, armed as the petiole; leaflets numerous, arranged irregularly in groups of 2–6 held in the same plane, terminal leaflets not joined, the longest leaflets in the middle, to 40 by 2 cm, dark green adaxially with 3 bristly prominent veins, paler abaxially but lacking indumentum and bristles. Inflorescence male unknown; female inflorescences ± erect, at least 80 cm long, branched to 2 orders, partial inflorescences to 40 cm long; bracts on main axis and first order branches tattering to the base; rachillae 1–23 cm long, densely covered with crowded flower groups. Flowers not seen. Fruit very broadly ellipsoid, almost globose, c. 1.9 by 1.4–1.5 cm, with a short abrupt beak, scales very dark, almost blackish, but chestnut brown at their bases, very shallowly channelled, arranged in 16 vertical rows, the scale margins fimbriate. Seed ellipsoid, c. 1.1 by 1 by 0.8 cm, flattened on one side, the surface deeply pitted and channelled, appearing like a human brain; endosperm deeply ruminate; embryo basal. Seedling leaf not known.",A.S. Barfod & J. Dransfield,,Forest Herbarium,2022-04-21,Rachun Pooma & Sawita Yooprasert,ref-THA-0000342751,Forest Herbarium,All rights reserved,"Calamus temii . Flora of Thailand. Vol. 11. Part 3, 2013. Pg. 381. Accessed 2022-04-21",https://www.dnp.go.th/botany/eflora/floraspecies.html?tdcode=05156,11,3
wfo-0000760674,general,EN,"Densely clustering slender rattan. Stems climbing to 20 m long or more, without sheaths 0.8–1.6 cm diam., with sheaths to 2.5 cm diam., internodes to 20 cm long. Leaves ecirrate; sheaths bright green, with scattered mid-brown indumentum and abundant slightly reflexed narrow triangular brownish-black spines with yellowish swollen bases, variable in size, the longest to 2 cm, the spine bases with lateral margins swept down, spine margins hairy when newly emerged; knee conspicuous, armed as the leaf sheath or unarmed; flagellum up to 2.5 m long; ocrea inconspicuous, dry, unarmed; petiole 8–15 cm long, longer in juvenile stems, armed laterally and abaxially with dark spines with swollen yellowish bases; rachis 60–100 cm long, curved; leaflets up to 40 on each side of the rachis, regularly arranged, shiny, somewhat arcuate, linear-lanceolate, usually most bearing a short yellowish bristle on the upper surface of the main vein near to the insertion on the rachis, otherwise with three prominent veins bearing black bristles adaxially, the mid vein only bristly on abaxial surface, margins bristly. Inflorescences male and female superficially similar, the male branching to 3 orders, the female to 2 orders, to 2.5 m long, including the terminal flagellum, and bearing numerous well spaced partial inflorescences; male rachillae to 2.5 by 0.05 cm, female rachillae to 5 by 0.15 cm. Mature fruit ellipsoid, 1.4 by 0.8 cm, covered with 16–17 vertical rows of white or pale yellow scales with dark margins. Seed rounded, c. 0.9 cm diam.; endosperm shallowly ruminate.",A.S. Barfod & J. Dransfield,,Forest Herbarium,2022-04-21,Rachun Pooma & Sawita Yooprasert,ref-THA-0000760674,Forest Herbarium,All rights reserved,"Calamus tenuis . Flora of Thailand. Vol. 11. Part 3, 2013. Pg. 382. Accessed 2022-04-21",https://www.dnp.go.th/botany/eflora/floraspecies.html?tdcode=05157,11,3
wfo-0000760696,general,EN,"Slender clustering rattan. Stems climbing to 10 m or more long, without sheaths 0.3–1 cm diam., with sheaths 0.7–1.8 cm diam., internodes up to 18 cm long. Leaf ecirrate; sheaths mid green, tending to dry pale, with scattered yellowish brown narrow triangular spines 0.2–1.5 cm long, with dark tips, armature variable in abundance; ocrea inconspicuous; knee conspicuous, generally unarmed; flagellum to 1.8 m long; petiole 3–10 cm long; rachis 20–60 cm long; leaflets broadly lanceolate, up to c. 10 on each side of the rachis, grouped in pairs except at the apex where a group of 4 in all, and at the very base where occasionally solitary, leaflet grouping sometimes irregular, largest leaflets 11–28 by 2–6.5 cm, the margins usually bristly. Inflorescences male and female superficially similar, the male branched to 3 orders, the female to 2 orders, with up to 4 rather distant diffusely branched partial inflorescences; male rachillae to 1.2 by 0.15 cm; female rachillae 1.5–5 by 0.2 cm. Mature fruit spherical, shortly beaked, c. 0.9 cm diam., covered in c. 15 vertical rows of pale straw-coloured scales with narrow darker margins. Seed rounded, fattened on one side, c. 0.5 by 0.4 cm; endosperm shallowly ruminate.",A.S. Barfod & J. Dransfield,,Forest Herbarium,2022-04-21,Rachun Pooma & Sawita Yooprasert,ref-THA-0000760696,Forest Herbarium,All rights reserved,"Calamus tetradactylus . Flora of Thailand. Vol. 11. Part 3, 2013. Pg. 383. Accessed 2022-04-21",https://www.dnp.go.th/botany/eflora/floraspecies.html?tdcode=05158,11,3
wfo-0000761041,general,EN,"Clustering slender rattan forming large thickets. Stems climbing to 35 m, without sheaths 0.5–1.5 cm diam., with sheaths 0.9–3 cm diam., internodes 10–30 cm long. Leaves ecirrate; sheaths pale green with abundant caducous white indumentum and sparsely armed with yellowish spines to 4 cm long with reddish tips and swollen yellowish bases; ocrea inconspicuous; knee well developed, armed as the rest of the sheath; flagellum to 3 m long; petiole 5–20 cm long, longer in juvenile stems, armed with spines along the margins and abaxial mid line with spines 1–4 cm long; rachis up to 1.3 m long; leaflets to 55 on each side of the rachis, arranged in groups of 2–4 fanned within the groups, the largest 15–35 (rarely less) by 1–1.5 cm, dark shiny green. Inflorescence to 5 m long including long terminal flagellum, male and female superficially similar but male branched to 3 orders, the female to 2 orders, partial inflorescences to 7 or more, to 30 cm long; male rachillae very short, curved, c. 1 by 0.15 cm, female rachillae 5–1.5 by 0.2 cm, some rachilla bracts subtending two female flowers and 1 sterile male instead of usual dyad. Mature fruit relatively small, rounded, c. 0.8 cm diam., with a beak to 0.1 by 0.1 cm, and covered in 11–12 vertical rows of whitish (when fresh) turning yellowish scales with fine dark margins. Seed globose, c. 0.6 cm diam.; endosperm homogeneous. Seedling leaf with 4 very slender widely separated leaflets.",A.S. Barfod & J. Dransfield,,Forest Herbarium,2022-04-21,Rachun Pooma & Sawita Yooprasert,ref-THA-0000761041,Forest Herbarium,All rights reserved,"Calamus viminalis . Flora of Thailand. Vol. 11. Part 3, 2013. Pg. 383. Accessed 2022-04-21",https://www.dnp.go.th/botany/eflora/floraspecies.html?tdcode=05159,11,3
wfo-0000761133,general,EN,"Slender, clustering rattan of montane forest. Stems very short and the plant appearing acaulescent or climbing to 10 m tall, without sheaths 0.3–0.7 cm diam., with sheaths 0.6–1.5 cm diam., internodes very short to 15 cm long. Leaves cirrate in climbing forms, rarely ecirrate in stemless forms; sheaths dull green, armed with patent or slightly erect irregular black yellow-based spines to 3 cm long, often much less, and abundant greyish-brown indumentum betwee the spines; knee present in climbing forms, armed as the sheath; ocrea inconspicuous; flagellum absent; petiole very short to 25 cm long in climbing forms, to 1 m in acaulescent forms, sparsely armed; rachis 30–60 cm in climbing forms, much longer in acaulescent forms; cirrus 25–75 cm long; leafl ets 7–11 on each side of the rachis, arranged in groups of 2–5, generally dark green with paler bases, 8–40 by 0.5–2.5 cm, variously bristly. Inflorescences 0.4–1 m long, without terminal flagellum, the male and female superficially similar, the male branching to 3 orders, the female to 2 orders; with partial inflorescences varying greatly in length; male rachillae 2.5–6 by 0.15 cm; female rachillae 5–10 by 0.2 cm. Mature fruit oblong in outline or ovoid, to 0.8 by 0.6 cm, covered in up to 15 vertical rows of dull brown or yellowish scales with grey margins. Seed ovoid 0.6 by 0.4 cm; endosperm homogeneous. Seedling leaf with 4–6 slender dark green widely spreading leaflets.",A.S. Barfod & J. Dransfield,,Forest Herbarium,2022-04-21,Rachun Pooma & Sawita Yooprasert,ref-THA-0000761133,Forest Herbarium,All rights reserved,"Calamus viridispinus . Flora of Thailand. Vol. 11. Part 3, 2013. Pg. 385. Accessed 2022-04-21",https://www.dnp.go.th/botany/eflora/floraspecies.html?tdcode=05160,11,3
wfo-0000761185,general,EN,"Robust clustering rattan. Stems to 50 m long, without sheaths 1.5–3.5 cm diam., with sheaths 2–5 cm diam., internodes to 35 cm long. Leaf cirrate; sheaths green, often with stripes of white indumentum, sheaths near base of stem covered with abundant evenly distributed small spines to c. 0.2 cm long, more distally with an abundance of large brown triangular spines to 1.2 cm long, interspersed with much smaller spines to 0.2 cm long, very rarely ± unarmed; petiole 5–20 cm long; rachis to 3 m long; cirrus to 1.5 m long; leaflets regularly arranged, c. 30 on each side of the rachis, lanceolate, the longest 35–50 by 2–5.5 cm, ± unarmed except for bristles along the margins. Inflorescences to 1 m long, male and female superficially similar, the male branching to 3 orders, the female to 2 orders, lacking a terminal flagellum, with up to 10 evenly distributed partial inflorescences; primary bracts spiny; male rachillae to 2 cm long, the female to 5 cm long. Mature fruit ellipsoid 1.7–2 by 1–1.1 cm, shortly beaked, covered in 17–18 vertical rows of ivory coloured scales with brown margins. Seed ellipsoid, 1.5 by 0.9 cm; endosperm shallowly ruminate.",A.S. Barfod & J. Dransfield,,Forest Herbarium,2022-04-21,Rachun Pooma & Sawita Yooprasert,ref-THA-0000761185,Forest Herbarium,All rights reserved,"Calamus wailong . Flora of Thailand. Vol. 11. Part 3, 2013. Pg. 386. Accessed 2022-04-21",https://www.dnp.go.th/botany/eflora/floraspecies.html?tdcode=05161,11,3
wfo-4000006870,general,EN,"Moderate-sized to robust tree palms, solitary or clustered, monoecious with bisexual inflorescences, male and female flowering separated in time, hapaxanthic. Leaves bipinnately divided, induplicate; sheath closed at first, later disintegrating into a fibrous network opposite the petiole, often densely covered by rusty scaly hairs; pinnae regularly arranged, straight and more less orientated in one plane, each divided into a number of pinnules (second order pinnae), these evenly distributed in one plane to drooping and untidy looking, triangular in outline with two straight sides and one irregularly lobed, praemorse side. Flowering basipetal. Inflorescence bearing 6–8 bracts, branched to first order, drooping, bisexual. Flowers dimorphic. Male flowers with 6 to >100 functional stamens and without a pistillode. Female flowers with ± three-angled ovary, sessile stigmas and 3 locules. Fruit globose, 1–2 seeded; epicarp smooth, brightly coloured to dark at maturity, mesocarp fleshy, with high density of raphide containing ideoblasts causing skin irritation, endocarp not differentiated. Seed with homogeneous or ruminate endosperm. </br></br>Thirteen species in India, throughout SE Asia, N Australia and W Pacifi c to Vanuatu. Four species in Thailand.",A.S. Barfod & J. Dransfield,,Forest Herbarium,2022-04-21,Rachun Pooma & Sawita Yooprasert,ref-THA-4000006870,Forest Herbarium,All rights reserved,"Caryota  . Flora of Thailand. Vol. 11. Part 3, 2013. Pg. 387. Accessed 2022-04-21",https://www.dnp.go.th/botany/eflora/floragenus.html?tdcode=05162,11,3
wfo-0000809498,general,EN,"Solitary palm tree to 25–35 m tall. Stem 70–85 cm diam., moderately swollen at the middle, internodes 20–30 cm long, basally with conspicuous, up to 2.5 m tall cone of adventitious roots. Leaves 8–10, forming a compact crown, rounded in outline; sheath green with dense greyish to dark brown tomentum; petiole 30–50 cm long; rachis 6–8 m long, straight, with 20–25 pinnae on each side, evenly distributed in one plane, curved, divided into up to 40 pinnules on each side, pinnules evenly distributed in one plane, curved, up to 35 cm long, 2–3 times as long as wide, dark green on both sides, praemorse and lobed distally. Inflorescences 3–5; peduncle to 1 m long, strongly curved distally; rachis to 1.5 m long, drooping, rachillae numerous, to 1.3 m long, drooping. Fruit globose, 3–4 cm diam. Seeds mostly two per fruit, endosperm homogeneous. Seedling leaves pinnate.",A.S. Barfod & J. Dransfield,,Forest Herbarium,2022-04-21,Rachun Pooma & Sawita Yooprasert,ref-THA-0000809498,Forest Herbarium,All rights reserved,"Caryota kiriwongensis . Flora of Thailand. Vol. 11. Part 3, 2013. Pg. 387. Accessed 2022-04-21",https://www.dnp.go.th/botany/eflora/floraspecies.html?tdcode=05163,11,3
wfo-0000809531,general,EN,"Solitary palm tree to 20–30 m tall. Stem 40–70 cm diam., not swollen, internodes 30–45 cm long. Leaves 10–20, forming a rather loose, elliptic crown in outline; sheath 1.5–1.7 m long, green with dense greyish to pale brown tomentum; petiole 20–50 cm long; rachis 2.5–5 m long, curved, with 15–27 pinnae on each side, evenly distributed in one plane, curved to drooping apically, divided into 15–30 pinnules on each side, pinnules drooping, up to 35 cm, more than 4 times as long as wide, greyish-green on both sides, praemorse distally. Inflorescences 3–5; peduncle 1–1.5 m long, strongly curved distally; rachis to 1.5–3 m long, drooping, rachillae 80–170, 1–2 m long, drooping. Fruit globose, 2–2.5 cm diam. Seeds mostly one per fruit, endosperm ruminate. Seedling leaves bifid.",A.S. Barfod & J. Dransfield,,Forest Herbarium,2022-04-21,Rachun Pooma & Sawita Yooprasert,ref-THA-0000809531,Forest Herbarium,All rights reserved,"Caryota maxima . Flora of Thailand. Vol. 11. Part 3, 2013. Pg. 388. Accessed 2022-04-21",https://www.dnp.go.th/botany/eflora/floraspecies.html?tdcode=05164,11,3
wfo-0000809552,general,EN,"Clustering tree palm to 5–7 m tall. Stem 8–15 cm diam., internodes 30–40 cm long. Leaves 5–12 per stem, persistent often to base of the stem; sheath 0.5–1.2 m long, dark green with patches of ferruginous indument; petiole 0.2–1.6 m long; rachis 1.5–3 m long, straight, with 10–30 pinnae on each side, evenly distributed in one plane, 0.7–1.5 m long, curved distally, divided into 6–20 pinnules on each side, pinnules evenly distributed in one plane, up to 35 cm long, 3–4 times as long as wide, dark green on both sides, praemorse with elongate apex distally. Inflorescence 4–7 per stem; peduncle 25–40 cm long, strongly curved distally; rachis 15–50 cm long, drooping, rachillae 110–150, 25–30 cm long, drooping. Fruit globose, 1–1.5 cm diam., burgundy red to blackish at maturity. Seeds mostly one per fruit, endosperm ruminate. Seedling leaves bifid.",A.S. Barfod & J. Dransfield,,Forest Herbarium,2022-04-21,Rachun Pooma & Sawita Yooprasert,ref-THA-0000809552,Forest Herbarium,All rights reserved,"Caryota mitis . Flora of Thailand. Vol. 11. Part 3, 2013. Pg. 389. Accessed 2022-04-21",https://www.dnp.go.th/botany/eflora/floraspecies.html?tdcode=05165,11,3
wfo-0000809593,general,EN,"Solitary palm tree 20–40 m tall. Stem 50–90 cm diam., swollen at the middle, internodes 20–30 cm long, basally with conspicuous cone of adventitious roots. Leaves 6–15, forming a compact crown rounded in outline; sheath 1.25–1.5 m long, green with dense greyish tomentum; petiole 50–100 cm long; rachis 4–5.5 m long, straight, with 18–24 pinnae on each side, evenly distributed in one plane, curved to drooping distally, divided into up to 20–25 pinnules on each side, pinnules evenly distributed in one plane, up to 20–35 cm long, 2–3 times as long as wide, dark green on both sides, praemorse and lobed distally. Inflorescences 3–5; peduncle to 0.5–1 m long, strongly curved distally; rachis to 2.5–4 m long, drooping, rachillae 150–200, 1.2–1.8 m long, drooping. Fruit globose, 1.5–2 cm diam., red. Seeds mostly two per fruit, endosperm ruminate. Seedling leaves bifid.",A.S. Barfod & J. Dransfield,,Forest Herbarium,2022-04-21,Rachun Pooma & Sawita Yooprasert,ref-THA-0000809593,Forest Herbarium,All rights reserved,"Caryota obtusa . Flora of Thailand. Vol. 11. Part 3, 2013. Pg. 389. Accessed 2022-04-21",https://www.dnp.go.th/botany/eflora/floraspecies.html?tdcode=05166,11,3
wfo-4000009417,general,EN,"Solitary, hermaphrodite, hapaxanthic tree palms. Leaves induplicate, costapalmate; leaf sheath splitting to the base, shallowly disintegrating into fibres along the margins, later with conspicuous /\-shaped cleft below the petiole; petiole massive, deeply channelled above, margins with distinct teeth; adaxial hastula well developed, abaxial hastula somewhat irregular, blade regularly divided to half its radius into single fold segments, these further indented along the abaxial folds, adaxial folds of young leaves often terminated by filaments, transverse veinlets conspicuous. Inflorescences each subtended by bract-like leaves, gathered in a massive, terminal, composite flowering structure, individual inflorescences branched to the third order, prophyll bicarinate, rachis bracts tubular, rachillae with spirally arranged cincinni of up to 10 flowers. Flowers on short pseudopedicels formed by a fusion of the base of the calyx and the receptacle, stamens 6, the antesepalous ones free, the antepetalous ones shortly adnate to the petals, gynoecium 3-loculate, distinctly 3-grooved, with elongate style and inconspicuous stigmatic branches. Fruit globose, single-seeded, epicarp smooth, mesocarp fleshy, endocarp poorly differentiated, usually partly attached to seed coat. Seed with homogeneous endosperm.</br></br>Five species in tropical Asia to Australia. Two species are indigenous in Thailand. A third species, C. umbraculifera L., which is native to Sri Lanka and South India has been introduced and is often seen associated with temple compounds and as a grand street tree. It can be distinguished from C. lecomtei by the absence of black bands on the petioles, and from C. utan by the absence of indumentum on the petioles and the presence of ear-like auricles at the base of the petiole.</br></br>Species of Corypha remain very poorly understood.",A.S. Barfod & J. Dransfield,,Forest Herbarium,2022-04-21,Rachun Pooma & Sawita Yooprasert,ref-THA-4000009417,Forest Herbarium,All rights reserved,"Corypha  . Flora of Thailand. Vol. 11. Part 3, 2013. Pg. 392. Accessed 2022-04-21",https://www.dnp.go.th/botany/eflora/floragenus.html?tdcode=05169,11,3
wfo-0000925821,general,EN,"Solitary tree palm, leaf-bearing part of stem 5–10 m long at flowering. Stem often covered to the base by persistent leaf bases. Leaves 20–30 in crown; petiole 4–6 m long, with a black 1–1.5 cm wide marginal band and armed with regularly arranged, densely inserted 0.5–1 cm long black teeth; blade c. 3 m across, undulate and untidy-looking, costa arching, greyish-green on both sides, divided into 120–140 segments, the basal ones narrow and drooping, the remaining ones stiff. Composite flowering structure overall 5–7 m tall, triangular in outline, individual inflorescences more than 25, the lowest one up to 3 m long and held in a more or less horizontal position and curved downward, the subsequent ones gradually decreasing in size towards the stem apex. Fruit 5–7 cm diam., greenish-brown, rounded to slightly ellipsoid.",A.S. Barfod & J. Dransfield,,Forest Herbarium,2022-04-21,Rachun Pooma & Sawita Yooprasert,ref-THA-0000925821,Forest Herbarium,All rights reserved,"Corypha lecomtei . Flora of Thailand. Vol. 11. Part 3, 2013. Pg. 393. Accessed 2022-04-21",https://www.dnp.go.th/botany/eflora/floraspecies.html?tdcode=05170,11,3
wfo-0000925853,general,EN,"Solitary tree palm, leaf-bearing part of stem usually more than 15 m long at flowering. Stem usually naked in adult trees, 0.8–1 m diam., slightly ventricose, the leaf scars usually describing distinct spirals on the trunk. Leaves 20–30 in crown; petiole 2.5–4 m long, green, armed with regularly arranged, up to 2 cm long black spines; blade c. 2.4–3 m across, slightly wider than long, undulate, costa curved, greyish-green on both sides, divided into 80–100 segments, all rather stiff. Composite flowering structure overall 2.5–5 m tall, rounded to elliptic in outline, individual inflorescences 20–25, the middle ones largest, up to 2.5 m long, rachis straight to slightly curved upwards. Fruit 2–3 cm diam., yellowish-brown at maturity, rounded to slightly elliptic.",A.S. Barfod & J. Dransfield,,Forest Herbarium,2022-04-21,Rachun Pooma & Sawita Yooprasert,ref-THA-0000925853,Forest Herbarium,All rights reserved,"Corypha utan . Flora of Thailand. Vol. 11. Part 3, 2013. Pg. 393. Accessed 2022-04-21",https://www.dnp.go.th/botany/eflora/floraspecies.html?tdcode=05171,11,3
wfo-4000010554,general,EN,"Caespitose or solitary, monoecious palm trees. Stem often conspicuously ringed by leaf scars and with numerous adventitious roots at the base. Leaves reduplicate, pinnately divided; leaf sheath tubular forming a distinct crownshaft, falling neatly by abscission; petiole usually short, pinnae single-fold, regularly arranged. Inflorescence infrafoliar, branched to 2–4 orders, enclosed in prophyll until leaf fall, peduncle short, peduncular bract incompletely enclosing the inflorescence, rachis longer than peduncle, first order branches robust spreading, rachillae numerous, always with spirally arranged floral triads of one female flower and two male flowers, these sunken in shallow pits, partly covered by shallow triangular rachillae bracts. Male flowers with petals twice as long as sepals and united basally to c. ⅓ of their length, stamens 8–15, connate at the base; female flowers about the same size or slightly larger, petals slightly larger than sepals, staminodal ring membranous and reduced, gynoecium unilocular, ellipsoidal with three sessile, recurved stigmas. Fruit ellipsoidal to sickle-shaped, often black at maturity with persistent perianth basally and apical stigmatic remains, epicarp smooth, mesocarp thin, endocarp poorly differentiated. Seed with homogeneous endosperm.</br></br>Seven species in Peninsular Thailand to Papuasia. One species in Thailand.",A.S. Barfod & J. Dransfield,,Forest Herbarium,2022-04-21,Rachun Pooma & Sawita Yooprasert,ref-THA-4000010554,Forest Herbarium,All rights reserved,"Cyrtostachys  . Flora of Thailand. Vol. 11. Part 3, 2013. Pg. 395. Accessed 2022-04-21",https://www.dnp.go.th/botany/eflora/floragenus.html?tdcode=05172,11,3
wfo-0000936248,general,EN,"Caespitose moderate-sized palm, usually with 3–5 adult stems per clump, each 5–10(–15) m high. Stem 6–10 cm diam., internodes 15–25 cm long. Leaves 7–10 in crown, crownshaft 0.8–1 m long, bright red; petiole 5–15(–30) cm long, red, channelled adaxially; rachis 1.5–1.8 m long, with 26–40 pinnae on each side, the middle ones 0.55–1.1 m long. Inflorescence 70–90 cm long, branched to 2(–3) orders, greenish turning dark purplish-red during fruit maturation, peduncle 5–8 cm long, rachis 15–25 cm long, rachillae 25–75 by 0.4–0.6 cm. Male flowers 0.2–0.25 cm long, asymmetrical, keeled, brownish; female flowers 0.4–0.5 cm long, keeled, reddish-brown to black. Fruit 0.7–1 cm long, ellipsoid to ovoid, light green turning black at maturity.",A.S. Barfod & J. Dransfield,,Forest Herbarium,2022-04-21,Rachun Pooma & Sawita Yooprasert,ref-THA-0000936248,Forest Herbarium,All rights reserved,"Cyrtostachys renda . Flora of Thailand. Vol. 11. Part 3, 2013. Pg. 396. Accessed 2022-04-21",https://www.dnp.go.th/botany/eflora/floraspecies.html?tdcode=05173,11,3
wfo-4000010663,general,EN,"Solitary or clustered, stemless to high-climbing hapaxanthic or pleonanthic dioecious rattans. Leaves usually cirrate, even in non-climbing species the apical leaves showing some vestige of a cirrus; sheaths usually heavily armed with spines, the spines frequently grouped; knee present or not; ocrea inconspicuous; flagellum absent; leaflets variously arranged, never discolorous. Inflorescences male and female superficially similar, the male branching to 3 orders, the female to 2, within the genus inflorescnces of two basic types, one with all bracts enclosed within the outermost bract (prophyll), splitting along their length to expose the flowers but with the bract tips still included within the outermost bract, the other with bracts borne on a more elongate inflorescence, the bracts tubular at first, then at flowering splitting along their entire length to leave no tubular portion, and usually quickly falling, the prophyll sometimes persisting; bracts variously armed; partial inflorescences usually shorter than the subtending bract; involucre and involucrophore inconspicuous, the latter often stalk-like. Male flower with small cup-like calyx with 3 short lobes; corolla split ± to the base into 3 petals; stamens 6, slightly epipetalous; pistillode minute. Sterile male flower borne with the female as a pair, like the fertile males but with empty anthers and soon falling. Female flower usually larger than the male, with calyx truncate or 3-lobed; corolla with 3 petals; staminodes 6, joined at the base to form a ring; ovary covered in reflexed scales, and tipped with 3 stigmas, and with 3 locules. Seed usually 1 only, covered in thin to thick, sweet or sour sarcotesta; endosperm deeply ruminate, embryo basal. Seedling leaf usually with 4 or more leafl ets.</br></br>A hundred and three species in Tropical and Subtropical Asia. Fifteen species in Thailand.",A.S. Barfod & J. Dransfield,,Forest Herbarium,2022-04-21,Rachun Pooma & Sawita Yooprasert,ref-THA-4000010663,Forest Herbarium,All rights reserved,"Daemonorops  . Flora of Thailand. Vol. 11. Part 3, 2013. Pg. 396. Accessed 2022-04-21",https://www.dnp.go.th/botany/eflora/floragenus.html?tdcode=05174,11,3
wfo-0000937022,general,EN,"Moderate clustering rattan. Stems rarely more than 15 m tall, often fertile when only 3 m tall, without sheaths c. 1.2 cm diam., with sheaths to 3 cm diam., internodes to 15 cm long. Leaf cirrate; sheaths dark green, armed with scattered, somewhat reflexed, variable, grey to black triangular spines, 0.4–2.5 cm long with yellow bases; knee prominent; petiole to 40 cm long usually ± rounded in cross section, armed with sparse spines on the yellowish lower surface and rather dense groups of short spines on the dark green upper surface; rachis to 1.1 m long; cirrus to 1 m long; leaflets to c. 20 on each side of the rachis, usually arranged in divergent opposite or alternate pairs but sometimes arranged ± regularly in the proximal portion and paired in the distal portion only, or subregularly throughout, the leaflets usually rather broad, to 35 by 3.5 cm, rarely narrow lanceolate, 40 by 2 cm, bristly along the margins, otherwise unarmed. Inflorescences to 20 cm long, rarely to 50 cm long, male and female superficially similar, the male branching to 3 orders, the female to 2 orders, with all but the first bract quickly falling at anthesis; peduncle and first bract densely armed with partial whorls of short triangular spines to 0.5 cm long; partial inflorescences up to c. 5, often 1 or 2 only; rachillae and flowers covered in red-brown indumentum; male rachillae to 2 by 1.2 cm; female rachillae 3–4 by 0.3 cm. Ripe fruit ovoid to 2.5 by 2 cm, covered in 12–15 vertical rows of rather swollen reddish-brown scales densely covered with red resin. Seed ovoid, to 1.3 by 1.2 cm with slight flattening; endosperm deeply ruminate. Seedling leaf with 4–6 broad leaflets.",A.S. Barfod & J. Dransfield,,Forest Herbarium,2022-04-21,Rachun Pooma & Sawita Yooprasert,ref-THA-0000937022,Forest Herbarium,All rights reserved,"Daemonorops didymophylla . Flora of Thailand. Vol. 11. Part 3, 2013. Pg. 400. Accessed 2022-04-21",https://www.dnp.go.th/botany/eflora/floraspecies.html?tdcode=05176,11,3
wfo-0000937025,general,EN,"Clustering rattan. Stems climbing to 15 m long, usually less and sometimes very short, without sheaths c. 1.5 cm diam., with sheaths to 3 cm diam., internodes c. 15 cm long. Leaf cirrate; sheath bright green, bearing dark brown indumentum when young, armed with irregular groups of black spines to 2 cm long and also sparse groups of much smaller black spicules; ocrea absent; petiole to 30 cm long, armed laterally with groups of short spines to 0.6 cm long; rachis to 1.1 m long; cirrus to 1 m long; leaflets c. 20 on each side of the rachis, ± regularly arranged, or regularly arranged near the base and somewhat irregularly distally, rather distant, linear-lanceolate, long acuminate, the longest to 40 by 2.5 cm, armed withlong bristles on the main vein and 2 laterals on the undersurface, transverse veinlets minute but easily visible. Inflorescences pendulous, much shorter than the leaves, c. 45 cm long, male and female superficially similar, the male branched to 3 orders, the female to 2 orders with c. 3 partial inflorescences, bracts rather thick and woody, soon falling at anthesis; rachillae very short and congested, the male to 3 by 0.2 cm, the female 4–6 by 0.3 cm. Mature fruit ovoid, 2.8 by 2 cm, covered in 16 vertical rows of scales, heavily encrusted with red resin (dragon’s blood). Seed ± rounded, c. 1.5 by 1.3 cm; endosperm deeply ruminate.",A.S. Barfod & J. Dransfield,,Forest Herbarium,2022-04-21,Rachun Pooma & Sawita Yooprasert,ref-THA-0000937025,Forest Herbarium,All rights reserved,"Daemonorops draco . Flora of Thailand. Vol. 11. Part 3, 2013. Pg. 400. Accessed 2022-04-21",https://www.dnp.go.th/botany/eflora/floraspecies.html?tdcode=05177,11,3
wfo-0000937038,general,EN,"Moderate-sized, usually solitary rather short rattan. Stems usually less than 5 m long, but occasionally to 20 m, often flowering when merely 1–2 m long, without sheaths to 2 cm diam., with sheaths to 3.5 cm diam., internodes to 10 cm long, usually less. Leaves cirrate; sheaths dark shiny green with abundant greyish-brown indumentum, armed with oblique almost diagonal partial whorls of reflexed flattened black spines to 4 cm long mixed with fine spines to 0.5 cm long, the spine bases confluent in low collars persisting after spines disintegrate in old sheaths, spines around the leaf sheath mouth obliquely upward pointing, to 10 cm long, often paler than those on the body of the sheath; knee a low rounded swelling, usually unarmed and hence conspicuous; ocrea absent; petiole to 1 m long, usually armed with large patent pale straw-coloured spines to 7 cm long, these tending to trap leaf litter, distally armed with scattered groupsof reflexed spines; rachis 1–1.5 m; cirrus 0.4–1 m; leaflets up to 40 on each side of the rachis, usually irregularly arranged in groups of 3–10, sometimes ± regular, dark green, the largest to 35 by 2 cm. Inflorescences pendulous, to 60 cm long, the male and female superficially similar, the male branched to 3 orders, the female to 2 orders; peduncle conspicuous, to 40 cm long, armed with short lateral spines to 1.5 cm long; prophyll and peduncular bracts thin, almost papery, soon splitting and falling or disintegrating, armed with groups of very slender horse-hair like spines; male rachillae to 35 by 0.3 cm, with very densely crowded strictly distichous flowers; female rachillae to 80 by 0.4 cm. Mature fruit ± spherical, to c. 2.2 cm diam., with a short beak to 0.2 by 0.2 cm, and covered in 15–17 vertical rows of pale straw-coloured channelled scales with darker margins and usually with red flecks. Seed ± rounded, somewhat flattened on one side, c. 1.2 cm diam., endosperm deeply ruminate. Seedling leaf with 4–6 leaflets.",A.S. Barfod & J. Dransfield,,Forest Herbarium,2022-04-21,Rachun Pooma & Sawita Yooprasert,ref-THA-0000937038,Forest Herbarium,All rights reserved,"Daemonorops geniculata . Flora of Thailand. Vol. 11. Part 3, 2013. Pg. 401. Accessed 2022-04-21",https://www.dnp.go.th/botany/eflora/floraspecies.html?tdcode=05178,11,3
wfo-0000937042,general,EN,"Clustering moderate-sized to robust rattan. Stems climbing to 20 m long, without sheaths c. 1.8–3 cm diam., with sheaths c. 3–5 cm diam., internodes 20–30 cm long. Leaves cirrate; sheath pale green to pale brown armed with scattered or partially whorled black spines to 5 cm long, interspersed with caducous black indumentum; knee conspicuous; ocrea insignificant; petiole to 40 cm armed with short, grouped spines along the margins; rachis to 1.5 m long, it and the rachis crimson in emerging leaves; leaflets c. 30 on each side of the rachis, rather distant, broad, when newly emerged dull bluish-green, not shining, becoming dark green with age, the largest to 50 by 4.5 cm, very sparsely bristly or unarmed. Inflorescences erect, ± sessile, the male and female superficially similar, but the male branched to 3 orders and the female to 2 orders, the whole inflorescence to c. 70 cm long, usually less, 15 cm wide, smaller in impoverished stems; prophyll boat shaped with a beak to 15 cm long, and densely armed with black spines and abundant dark indumentum, enclosing the entire inflorescence with all its bracts, the prophyll splitting at anthesis but bract tips usually remaining captured within the tip of the prophyll; rachillae very densely crowded. Mature fruit rounded, 2.5 cm diam., with a short beak to 0.15 by 0.15 cm, and covered in 14–16 vertical rows of yellowish-brown, channelled scales with darker margins. Seed rounded c. 2 cm diam.; endosperm deeply ruminate. Seedling leaf with c. 6 broad bluish-green leaflets.",A.S. Barfod & J. Dransfield,,Forest Herbarium,2022-04-21,Rachun Pooma & Sawita Yooprasert,ref-THA-0000937042,Forest Herbarium,All rights reserved,"Daemonorops grandis . Flora of Thailand. Vol. 11. Part 3, 2013. Pg. 402. Accessed 2022-04-21",https://www.dnp.go.th/botany/eflora/floraspecies.html?tdcode=05179,11,3
wfo-0000937060,general,EN,"Clustering moderate-sized to robust rattan tending to form dense thickets. Stems to 25 m or more long, but often flowering when much less, without sheaths 1.5–3 cm diam., with sheaths 3–6 cm diam., internodes 25–40 cm long. Leaves cirrate; sheaths dull green to pale brown, with abundant reddish to dark brown indumentum and armed with abundant scattered and grouped black spines, the largest flattened, 3–4 cm long, interspersed with smaller less obviously flattened spines 0.3–2 cm long, the spines sometimes arranged in partial whorls; knee conspicuous, armed as the rest of the sheath, although sometimes less densely so; ocrea minute, scarcely developed; petiole 10–50 cm long, much longer in juvenile stems and rosette leaves, armed abaxially and along margins with black spines 0.2–1 cm long; rachis to 2 m long, armed as the petiole; cirrus 50–90 cm long; leaflets to 70 or more on each side of the rachis, regularly arranged, linear, the largest 30–70 by 1.5–3.8 cm, bristly along 3 nerves adaxially, along margins, and along midrib abaxially. Inflorescences erect, ± sessile, or peduncle very short, not exceeding 6 cm long, the male and female superficially similar, but the male branched to 3 orders and the female to 2 orders, the whole infl orescence to c. 65 cm long, rarely more, 15 cm wide, smaller in impoverished stems; prophyll boat-shaped with a beak to 7–15 cm long, and densely armed with black spines and abundant dark indumentum, enclosing the entire inflorescence with all its bracts, the prophyll splitting at anthesis but bract tips usually remaining captured within the tip of the prophyll; rachillae very densely crowded, male to 3 by 0.2 cm, female to 8 by 0.3 cm. Mature fruit rounded, c. 1.9 cm diam., with a short beak to 0.15 by 0.15 cm, and covered in 17–18 vertical rows of yellowish-brown, channelled scales with darker margins. Seed rounded c. 1.3 cm diam.; endosperm deeply ruminate. Seedling leaf with c. 8 closely set linear leaflets.",A.S. Barfod & J. Dransfield,,Forest Herbarium,2022-04-21,Rachun Pooma & Sawita Yooprasert,ref-THA-0000937060,Forest Herbarium,All rights reserved,"Daemonorops jenkinsiana . Flora of Thailand. Vol. 11. Part 3, 2013. Pg. 402. Accessed 2022-04-21",https://www.dnp.go.th/botany/eflora/floraspecies.html?tdcode=05180,11,3
wfo-0000937066,general,EN,"Clustering, moderate-sized acaulescent to short-climbing rattan. Stems often very short, sometimes climbing to 5 m, without sheaths to 3.5 cm diam., with sheaths to 5.5 cm diam., internodes 5–10 cm long. Leaves cirrate or, very rarely in acaulescent forms, ecirrate; sheaths dull brownish-green, densely covered with reddish-brown or dull dark brown indumentum and armed with dark brown to blackish spines to 4 cm long, erect or reflexed, arranged in oblique or horizonal partial whorls, the larger spines often interspersed with smaller spines, spines around the leaf sheath mouth erect and much larger than other spines, to 6 cm long; knee absent in non-climbing forms; ocrea absent; petiole up to 1 m long, much less in climbing forms, armed with lateral spines 0.6–2 cm long; rachis to 2 m long, usually less; cirrus very short (rarely absent) or to 1 m long; leaflets to c. 65 on each side of the rachis, regularly arranged, rather close, the longest to 50 by 2.5 cm, armed adaxially with brown bristles on 3 nerves, abaxially only on midrib. Inflorescences male and female superficially similar, the male branched to 3 orders, the female to 2 orders, borne on a conspicuous peduncle to 50–80 cm or more long in short stemmed forms, much less in climbing forms, the peduncle armed with abundant short grouped spines to 0.4 cm long; prophyll and up to 7 peduncular bracts armed with grouped short spines, the bracts splitting longitudinally and all falling except for the prophyll that persists; male rachillae to 5.3 by 0.2 cm, the female to 1.2 by 0.4 cm. Mature fruit rounded, c. 1.8 cm diam., with a short beak to 0.15 cm long, and covered in 15–18 vertical rows of rich brown channelled scales with slightly darker margins. Seed rounded c. 1.2 cm diam.; endosperm deeply ruminate. Seedling leaf with 4–6 leaflets.",A.S. Barfod & J. Dransfield,,Forest Herbarium,2022-04-21,Rachun Pooma & Sawita Yooprasert,ref-THA-0000937066,Forest Herbarium,All rights reserved,"Daemonorops kunstleri . Flora of Thailand. Vol. 11. Part 3, 2013. Pg. 403. Accessed 2022-04-21",https://www.dnp.go.th/botany/eflora/floraspecies.html?tdcode=05181,11,3
wfo-0000937147,general,EN,"Clustering moderate-sized rattan. Stems climbing to 40 m long, without sheaths c. 1.5 cm diam., with sheaths to 3 cm diam., internodes to 15 cm long. Leaf cirrate; sheaths bright green, bearing complete and partial pale coloured collars to 1 cm, tipped with black and brown horsehair-like spines, 1–6 cm long, the longest tending to be paler in colour and all bearing abundant dark grey, caducous indumentum, at least some of the collars interlocking to produce ant galleries; knee conspicuous, usually less heavily armed than the sheath; ocrea absent; petiole to 40 cm, armed near the base with low collars bearing black spines, distally with scattered or grouped triangular spines; rachis 1.1 m long; cirrus to 1 m long; leaflets very variable in arrangement, to c. 20 on each side of the rachis, rarely subregular, usually grouped in threes to sixes, the basal 2 groups being congested and the leaflets pointing in several directions, the longest usually the most basal, to 40 by 2.5 cm, unarmed except for short marginal bristles. Inflorescences pendulous, to 60 cm long, the male branching to 3 orders, the female to 2 orders; primary bracts densely armed with fine black spines, all except the prophyll quickly falling at anthesis, other bracts inconspicuous; male rachillae to 1.5 by 0.1 cm, female rachillae to 5 by 0.2 cm. Mature fruit ovoid, very shortly beaked, c. 1.6 by 1.2 cm, rarely spherical, covered with 14–17 vertical rows of yellowish-brown scales. Seed c. 1.2 by 0.9 cm; endosperm deeply ruminate. Seedling leaf with divergent leaflets.",A.S. Barfod & J. Dransfield,,Forest Herbarium,2022-04-21,Rachun Pooma & Sawita Yooprasert,ref-THA-0000937147,Forest Herbarium,All rights reserved,"Daemonorops sabut . Flora of Thailand. Vol. 11. Part 3, 2013. Pg. 409. Accessed 2022-04-21",https://www.dnp.go.th/botany/eflora/floraspecies.html?tdcode=05187,11,3
wfo-0000937153,general,EN,"Clustering moderate-sized rattan, often forming thickets. Stems climbing to 10 m long, often less, without sheaths up to 2 cm diam., with sheaths to 3.5 cm diam., internodes to 20 cm long. Leaf cirrate; sheaths dull green, very densely armed with dull brown spines to 3 cm long, these sometimes grouped, and abundant chocolate brown indumentum, the spines often paler than the indumentum; knee well developed; ocrea inconspicuous; petiole 25–30 cm long, armed with scattered spines along the margins; rachis to 1.75 m or more long; cirrus to 1 m; leaflets c. 80 on each side of the rachis, regularly arranged, very close, linear, the longest to 35 by 1.5 cm, armed with bristles on nerves adaxially, along the margins and abaxially along the mid-vein. Inflorescences erect, ± sessile, the male and female superfi cially similar, but the male branched to 3 orders and the female to 2 orders, the whole inflorescence to c. 30 cm long, usually less, 10 cm wide; prophyll boat shaped with a beak to 10 cm long, and very densely armed with slender black spines to 3.5 cm long and dense dark indumentum, enclosing the entire inflorescence with all its bracts, the prophyll splitting at anthesis but bract tips usually remaining captured within the tip of the prophyll; rachillae very densely crowded, the male to 1 by 0.1 cm, the female to 3 by 0.3 cm. Mature fruit rounded, c. 3 cm diam., with a short beak to 0.15 by 0.15 cm, and covered in 15–18 vertical rows of rich brown, channelled scales with paler margins. Seed rounded, irregularly angled, c. 2.5 cm diam.; endosperm deeply ruminate. Seedling leaf not known.",A.S. Barfod & J. Dransfield,,Forest Herbarium,2022-04-21,Rachun Pooma & Sawita Yooprasert,ref-THA-0000937153,Forest Herbarium,All rights reserved,"Daemonorops sepal . Flora of Thailand. Vol. 11. Part 3, 2013. Pg. 410. Accessed 2022-04-21",https://www.dnp.go.th/botany/eflora/floraspecies.html?tdcode=05188,11,3
wfo-0000937172,general,EN,"Usually solitary, variable, moderate-sized rattan. Stems rarely exceeding 15 m long, often much less, without sheaths to 2 cm diam., with sheaths to 3 cm diam., internodes rather short, rarely exceeding 12 cm long. Leaves cirrate; sheaths bright green, densely armed with interlocking pairs of green collars bearing very fine black horse-hair like spines to 2 cm long, intermingled with numerous large flattened yellowish-green to blackish spines to 6 cm long, the interlocking galleries usually occupied by ants, dark brown indumentum abundant on young sheaths, particularly on spines and collars, the indumentum often utilized by ants to construct vertical galleries linking the horizontal galleries, spines around the leaf sheath mouth erect, to 8 cm long, tending to trap leaf litter; knee present but largely obscured by the spines and collars; ocrea not developed; petiole 35–40 cm long, armed with reflexed black spines to 5 cm long, interspersed with groups of minute black bristles; rachis to 2.6 m long; cirrus to 1 m, often less; leaflets 45–60 on each side of the rachis, regularly arranged, close, linear, the longest to c. 40 by 2.3 cm, abaxially sparsely bristly on mid nerve and lateral veins. Inflorescences borne on peduncles to 30–65 cm long, armed with lateral spines to 1 cm long, the male and female superficially similar, the male branched to 3 orders, the female to 2 orders; bracts on primary axis straw-coloured, thin, almost papery, armed with groups of slender black bristles to 1.5 cm long, all primary bracts splitting and soon falling apart from the first bract (prophyll) which may persist; male rachillae to 5 by 0.3 cm, the flowers strikingly distichous and very crowded, female rachillae to 12 by 0.4 cm. Mature fruit rounded to 1.5 cm diam., with a short beak to 0.1 by 0.1 cm, and covered with c. 15 vertical rows of straw-coloured to reddish-brown channelled scales with darker margins. Seed rounded, slightly angled, c. 0.9 cm diam., somewhat pitted; endosperm deeply ruminate. Seedling leaf pinnate with few close-set leaflets.",A.S. Barfod & J. Dransfield,,Forest Herbarium,2022-04-21,Rachun Pooma & Sawita Yooprasert,ref-THA-0000937172,Forest Herbarium,All rights reserved,"Daemonorops verticillaris . Flora of Thailand. Vol. 11. Part 3, 2013. Pg. 410. Accessed 2022-04-21",https://www.dnp.go.th/botany/eflora/floraspecies.html?tdcode=05189,11,3
wfo-4000013165,general,EN,"Moderate-sized, clustering, hapaxanthic, dioecious palm. Stem subterranean with short internodes, obscured by the persistent leaf bases. Leaves pinnate; leaf sheath open, not forming a crownshaft, armed with neat partial whorls of robust spines, except at the extreme base; petiole elongate, armed as leaf sheath; leaflets single-fold, linear to lanceolate in outline, equally spaced and orientated in one plane. Inflorescences gathered at a terminal position, erect in the centre of the crown, individual inflorescences (lateral) subtended by a highly reduced leaf, compact, shortly pedunculate, slightly dimorphic; prophyll short, quickly tattering. Flowers borne in dyads, enclosed by a tight spiral of imbricate subtending bracts in bud, exserted at anthesis; male flowers pinkish at anthesis, calyx tubular, 3-lobed; corolla tubular at the base, bearing 3, triangular, valvate lobes; stamens 6, borne at the mouth of corolla tube, filament fleshy, elongate, anthers elongate. Female flowers coupled with a sterile male flower in dyads, superficially similar to male flowers but larger, staminodes 6, gynoecium tricarpellate, triovulate, covered with flattened scales, stigmas 3. Fruit mostly 1-seeded, with a narrow base, otherwise irregularly shaped, with apical stigmatic remains; epicarp covered in neat vertical rows of reflexed scales, the scale tips spinelike and upward pointing, mesocarp spongy, endocarp not differentiated. Seed with thick sarcotesta, endosperm homogeneous, the apex with a pit. Germination adjacent ligular; eophyll entire, bifid.</br></br>One species from Thailand and Peninsular Malaysia to Borneo and Sumatra.",A.S. Barfod & J. Dransfield,,Forest Herbarium,2022-04-21,Rachun Pooma & Sawita Yooprasert,ref-THA-4000013165,Forest Herbarium,All rights reserved,"Eleiodoxa  . Flora of Thailand. Vol. 11. Part 3, 2013. Pg. 411. Accessed 2022-04-21",https://www.dnp.go.th/botany/eflora/floragenus.html?tdcode=05190,11,3
wfo-0000948032,general,EN,"Clustering understorey palm, up to 8 m tall. Stem short, subterranean. Leaves numerous; leaf sheath 60–80 cm long, deeply split, yellowish-green, covered by dense, brown indumentum, armed with whorls of black to brown, 4–8 cm long spines; petiole 2.5–4 m long and rachis up to 4 m long, both similar to sheath in armature; leaflets 25–35 per side, 40–65 by 5–7 cm, equally distributed in one plane, marginally armed with short spines. Inflorescence compact, rounded, 30–50 cm across, visible at anthesis among the leaf bases in the centre of the crown; rachillae numerous, c. 15 cm long, densely crowded. Fruits gathered in head-like infructescences, 2–4 by 2–3 cm, narrow basally but otherwise irregularly shaped, densely covered in reddish-brown to brown, spine-like scales.",A.S. Barfod & J. Dransfield,,Forest Herbarium,2022-04-21,Rachun Pooma & Sawita Yooprasert,ref-THA-0000948032,Forest Herbarium,All rights reserved,"Eleiodoxa conferta . Flora of Thailand. Vol. 11. Part 3, 2013. Pg. 412. Accessed 2022-04-21",https://www.dnp.go.th/botany/eflora/floraspecies.html?tdcode=05191,11,3
wfo-4000014149,general,EN,"Moderate to robust, clustering, spiny, hapaxanthic, polygamous, acaulescent palm. Stem subterranean, branching sympodially by basal (?axillary) suckers, internodes very short, usually covered by rotting leaf sheaths. Leaves pinnate, spirally arranged; sheath usually splitting opposite the petiole, unarmed at the very base, bearing black, flattened spines distally, and scales and branched hairs, sheath margin ligule-like distally; petiole well developed, adaxially deeply channelled in proximal portion, distally ± rounded in section, the abaxial surface sparsely to densely armed with black, scattered flattened spines; rachis armed as the petiole but more sparsely; leaflets single-fold, numerous, linear to lanceolate, entire, regularly arranged, bearing bristles along the main veins or the margins, and irregular bands of caducous indumentum, midribs prominent, transverse veinlets moderately conspicuous. Inflorescence system terminal, erect, branched, lateral inflorescences branched to 3rd order, subtended by reduced or by tubular, apiculate, spiny or unarmed bracts; branches of all orders bearing a tubular, 2-keeled prophyll, and terminating in a cupule of tightly sheathing bracts enclosing a flower pair; cupule bracts 11–13, flower pair consisting of a male and a large hermaphrodite flower. Male flowers shortly pedicellate; calyx tubular, coriaceous, striate, dull brown, with pointed lobes; corolla tubular in the basal ¼ to ⅓, distally with 3 narrow, elongate, woody, valvate lobes terminating in hard, sharp, spine-like tips; stamens 22–27; pistillode minute. Hermaphrodite flowers very similar in size and shape to the male, flattened on one side by pressure of the male flower in bud; gynoecium triovulate. Fruit ovoid, beaked, cupule bracts, calyx, and usually the corolla persisting; epicarp covered in irregular vertical rows of very small reflexed, fringed scales. Seed single, basally attached, seed coat thin, dry, endosperm homogeneous, hard; embryo basal. Germination remote-ligular; eophyll pinnate.</br></br>Six species in Peninsular Thailand to Peninsular Malaysia, Borneo. One species in Thailand.",A.S. Barfod & J. Dransfield,,Forest Herbarium,2022-04-21,Rachun Pooma & Sawita Yooprasert,ref-THA-4000014149,Forest Herbarium,All rights reserved,"Eugeissona  . Flora of Thailand. Vol. 11. Part 3, 2013. Pg. 414. Accessed 2022-04-21",https://www.dnp.go.th/botany/eflora/floragenus.html?tdcode=05192,11,3
wfo-0000956214,general,EN,"Fiercely spiny acaulescent palm forming dense thickets of up to 12 individual stems in the forest undergrowth. Leaves 7–10 per mature shoot, up to 8 m long; petiole up to 3 m long, up to 5 cm diam. at the tip of the ligule, densely covered with irregularly arranged shiny black spines to 5 cm long, decreasing in size towards the petiole tip; rachis armed as the petiole; leaflets to 100 or more on each side of the rachis, regularly arranged, with abundant black bristles along the midrib, the longest leaflets to 90 by 2–4 cm. Inflorescence system terminal, shorter than the leaves, to 5 m tall, subtending leaves of lateral inflorescences gradually decreasing to bracts; ultimate branches terminating in cupules of 12–13 tightly imbricate brown striate unarmed bracts, enclosing a pair of flowers comprising a male and a hermaphrodite flower, the males of the inflorescence emerging first, followed by the hermaphrodite flower. Male flowers borne on a short pedicel, to 1 cm long, to 6 cm long, shiny brown; calyx to 2 cm, striate; petals to 6 cm, tubular at the base, distally split into 3 spine-tipped woody petals; stamens 22–27, anthers elongate, dangling at anthesis. Hermaphrodite flower similar to the male flower, but with an asymmetrically flattened tip in bud; gynoecium ovoid, tipped with conspicuous pyramidal stigma. Fruit at maturity 7–9 by 3–5 cm, beaked; epicarp scales brown, somewhat irregularly arranged; endocarp with 3 + 3 flanges penetrating the homogeneous endosperm.",A.S. Barfod & J. Dransfield,,Forest Herbarium,2022-04-21,Rachun Pooma & Sawita Yooprasert,ref-THA-0000956214,Forest Herbarium,All rights reserved,"Eugeissona tristis . Flora of Thailand. Vol. 11. Part 3, 2013. Pg. 414. Accessed 2022-04-21",https://www.dnp.go.th/botany/eflora/floraspecies.html?tdcode=05193,11,3
wfo-4000018986,general,EN,"Small, solitary or caespitose, acaulescent or stemmed, understorey palms. Stems to 4 m tall, conspicuously ringed, with or without stilt roots at base, variously tomentose. Leaves regularly to irregularly pinnate or undivided and conspicuously pinnately ribbed, apically entire or bifid, variously tomentose; sheaths marcescent and not forming a crownshaft or rarely abscising neatly and forming a crownshaft; petiole present or lacking; pinnae single- or several nerved, margins parallel or diverging, tips praemorse, undivided blades with toothed margins. Inflorescences interfoliar or infrafoliar if crownshaft present, solitary, spicate or branched to 1 or 2 orders, erect initially, spreading or pendulous in flower and fruit; peduncle nearly lacking to very long; prophyll tubular, short, first peduncular bract attached just above prophyll and usually greatly exceeding it; rachis usually much shorter than peduncle; rachillae few, rarely exceeding 20, slender to moderately robust, glabrous or tomentose.</br></br>Iguanura includes 33 species from southern Peninsular Myanmar and middle Peninsular Thailand to Peninsular Malaysia, Borneo and Sumatra. Seven species occur in Thailand.",A.S. Barfod & J. Dransfield,,Forest Herbarium,2022-04-21,Rachun Pooma & Sawita Yooprasert,ref-THA-4000018986,Forest Herbarium,All rights reserved,"Iguanura  . Flora of Thailand. Vol. 11. Part 3, 2013. Pg. 415. Accessed 2022-04-21",https://www.dnp.go.th/botany/eflora/floragenus.html?tdcode=05194,11,3
wfo-0000217349,general,EN,"Small, caespitose, shrubby, understorey palm to 3 m tall. Stems 1.2–2.2 cm diam. Leaves 6–8 per stem, pinnate, spreading; sheaths to 30 cm long, tubular, forming a crownshaft; petiole to 25 cm long; rachis to 75 cm long; pinnae 7 per side, 20–25 by 15 cm, ± trapezoid, sides not parallel, nerves diverging, apical margin praemorse. Inflorescences 1–3 per stem, infrafoliar, to 30 cm long; peduncle 4 cm long, erect; rachis 4–5 cm long, erect; rachillae 5–8, to 15 cm long, erect to spreading. Fruit c. 2 by 1.8 cm, oblong-obovoid, tip distinctly bilobed, reddish.",A.S. Barfod & J. Dransfield,,Forest Herbarium,2022-04-21,Rachun Pooma & Sawita Yooprasert,ref-THA-0000217349,Forest Herbarium,All rights reserved,"Iguanura bicornis . Flora of Thailand. Vol. 11. Part 3, 2013. Pg. 416. Accessed 2022-04-21",https://www.dnp.go.th/botany/eflora/floraspecies.html?tdcode=05195,11,3
wfo-0000217358,general,EN,"Small, caespitose, shrubby, understorey palm to 3 m tall. Stems 2.5–3.5 cm diam. Leaves 7 per stem, pinnate, ascending-spreading; sheaths 25 cm long, tubular, persistent, marcescent, not forming a crownshaft; petiole 20–30 cm long; rachis 1–1.25 m long; pinnae 4–5 per side, to 42 by 11 cm, ± trapezoid, sides not parallel, nerves diverging, apical margin praemorse. Inflorescences 1–2 per stem, interfoliar, to 60 cm long; peduncle 25 cm long, ascending; rachis to 13 cm long, ascending-spreading; rachillae 9–13, to 34 cm long, 0.15–0.175 cm diam., spreading and intertwined. Fruit not seen.",A.S. Barfod & J. Dransfield,,Forest Herbarium,2022-04-21,Rachun Pooma & Sawita Yooprasert,ref-THA-0000217358,Forest Herbarium,All rights reserved,"Iguanura divergens . Flora of Thailand. Vol. 11. Part 3, 2013. Pg. 416. Accessed 2022-04-21",https://www.dnp.go.th/botany/eflora/floraspecies.html?tdcode=05196,11,3
wfo-0000217382,general,EN,"Small, caespitose, shrubby, understorey palm to 3 m tall. Stems 1.2–2.0 cm diam. Leaves 9–11 per stem, pinnate, spreading; sheaths to 20 cm long, tubular, forming a crownshaft; petiole to 30 cm long; rachis to 1 m long; pinnae 4–7 per side, to 24 by 10 cm, ± trapezoid, sides not parallel, nerves diverging, apical margin praemorse. Inflorescences 1–3 per stem, inter- or infrafoliar, to 30 cm long; peduncle to 20 cm long, erect; rachis 4–5 cm long, erect; rachillae 4–6, to 15 cm long, ascending to spreading. Fruit 1.5–2 by 0.7–0.8 cm, ellipsoid, sometimes curved, tip unlobed, red.",A.S. Barfod & J. Dransfield,,Forest Herbarium,2022-04-21,Rachun Pooma & Sawita Yooprasert,ref-THA-0000217382,Forest Herbarium,All rights reserved,"Iguanura polymorpha . Flora of Thailand. Vol. 11. Part 3, 2013. Pg. 417. Accessed 2022-04-21",https://www.dnp.go.th/botany/eflora/floraspecies.html?tdcode=05197,11,3
wfo-0000217390,general,EN,"Small, caespitose, rarely solitary, shrubby, understorey palm to 4 m tall. Stems 1.0–1.5 cm diam. Leaves 8–12 per stem, undivided, spreading; sheaths to 15 cm long, tubular, forming a crownshaft, 2–3 brown ligules to 2.5 cm long at petiole; petiole to 10 cm long; rachis to 36 cm long; blade to 42 by 15 cm, oblong, simple, bifi d apically for 5 cm, sides and nerves parallel, margins toothed, undulate. Inflorescences 1–3 per stem, inter- or infrafoliar, to 30 cm long; peduncle to 12 cm long, erect; rachis nearly lacking, to 0.5 cm long, erect; rachillae 3, to 15 cm long, ascending to spreading. Fruit not seen.",A.S. Barfod & J. Dransfield,,Forest Herbarium,2022-04-21,Rachun Pooma & Sawita Yooprasert,ref-THA-0000217390,Forest Herbarium,All rights reserved,"Iguanura speciosa . Flora of Thailand. Vol. 11. Part 3, 2013. Pg. 417. Accessed 2022-04-21",https://www.dnp.go.th/botany/eflora/floraspecies.html?tdcode=05198,11,3
wfo-0001317008,general,EN,Differing from the typical variety solely in its solitary habit.,A.S. Barfod & J. Dransfield,,Forest Herbarium,2022-04-21,Rachun Pooma & Sawita Yooprasert,ref-THA-0001317008,Forest Herbarium,All rights reserved,"Iguanura tenuis khaosokensis. Flora of Thailand. Vol. 11. Part 3, 2013. Pg. 418. Accessed 2022-04-21",https://www.dnp.go.th/botany/eflora/florainfra.html?tdcode=05201,11,3
wfo-0000217395,general,EN,"Small, caespitose, shrubby, understorey palm to 1.5 m tall. Stems 2.0 cm diam. Leaves 7 per stem, pinnate, spreading; sheaths to 10 cm long, tubular, persistent, marcescent, not forming a crownshaft; petiole to 7 cm long; rachis to 45 cm long; pinnae 4–5 per side, to 19 by 3.5–7.0 cm, ± trapezoid, sides not parallel, nerves diverging, apical margin praemorse. Inflorescences 1–2 per stem, interfoliar, to 90 cm long; peduncle to 30 cm long, ascending; rachis to 22 cm long; rachillae 9–15, to 35 cm long, c. 0.05 cm diam, spreading, wiry, flexuous. Fruit 1.1–1.2 by 0.6 cm, narrowly ovoid, white with pink blush to pink.",A.S. Barfod & J. Dransfield,,Forest Herbarium,2022-04-21,Rachun Pooma & Sawita Yooprasert,ref-THA-0000217395,Forest Herbarium,All rights reserved,"Iguanura tenuis tenuis. Flora of Thailand. Vol. 11. Part 3, 2013. Pg. 418. Accessed 2022-04-21",https://www.dnp.go.th/botany/eflora/florainfra.html?tdcode=05200,11,3
wfo-0000217396,general,EN,"Small, solitary, understorey palm to 2 m tall. Stem 1.5–2 cm diam. Leaves 9–10 per stem, pinnate, spreading; sheaths to 12 cm long, tubular, marcescent or abscising neatly; petiole to 8 cm long; rachis to 65 cm long; pinnae 4–6 per side, to 18–25 by 0.5–10 cm, ± trapezoid, sides not parallel, nerves diverging, apical margin praemorse. Inflorescences 2 or more per stem, interfoliar, to 45 cm long; peduncle to 20 cm long, rachis 3 cm long, rachillae 1–2(–4), to 30 cm long. Fruit ovoid, white to pink when unripe.",A.S. Barfod & J. Dransfield,,Forest Herbarium,2022-04-21,Rachun Pooma & Sawita Yooprasert,ref-THA-0000217396,Forest Herbarium,All rights reserved,"Iguanura thalangensis . Flora of Thailand. Vol. 11. Part 3, 2013. Pg. 419. Accessed 2022-04-21",https://www.dnp.go.th/botany/eflora/floraspecies.html?tdcode=05202,11,3
wfo-0000217397,general,EN,"Small, caespitose, shrubby, understorey palm to 3 m tall. Stems 2.5–3.5 cm diam. Leaves 6–10 per stem, pinnate, rarely undivided, spreading; sheaths to 25 cm long, tubular, persistent, marcescent, not forming a crownshaft; petiole to 15 cm long; rachis to 2 m long; pinnae (1–)3–8(–30) per side, to 50 by (1.3–)2.5–25(–80) cm, variously oblong, sides and nerves parallel, apical margin praemorse. Inflorescences 1–3 per stem, interfoliar, to 75 cm long; peduncle to 40 cm long, ascending; rachis to 10 cm long; rachillae 6–15, to 30 cm long, spreading. Fruit 1.8–3 by (0.8–)1.5–2 cm, long-ovoid, pinkish to red.",A.S. Barfod & J. Dransfield,,Forest Herbarium,2022-04-21,Rachun Pooma & Sawita Yooprasert,ref-THA-0000217397,Forest Herbarium,All rights reserved,"Iguanura wallichiana . Flora of Thailand. Vol. 11. Part 3, 2013. Pg. 420. Accessed 2022-04-21",https://www.dnp.go.th/botany/eflora/floraspecies.html?tdcode=05203,11,3
wfo-4000019583,general,EN,"Acaulescent to shortly trunked palms, solitary. Stem procumbent, usually subterranean. Leaf entire, diamond-shaped, large and often trapping litter; sheath tubular, disintegrating into fibrous mesh; petiole armed along the edges with small spines; hastula barely visible as a dead strip of tissue at petiole-blade transition; blade with prominent subpinnately ribbed costa, proximal margins armed like petiole, distal margins with alternating long and short indentations. Inflorescence interfoliar, short, often partly covered by litter, branched to 1–5 orders; prophyll densely tomentose, peduncular bracts up to seven; rachis shorter than peduncle; rachillae 3–6. Flowers hermaphrodite, inserted in groups of 2–4 or solitary; stemens 6, filaments broad, fleshy, connate basally to form an androecial ring. Fruit one-seeded and rounded, rarely 2–3 seeded and lobed, at maturity brown with corky warts produced by the splitting of the epidermis and adjacent mesocarp layers, 4–6 cm diam.; endocarp distinct and bony. Germination remote-tubular.</br></br>Four species from Peninsular Thailand, Peninsular Malaysia, Sumatra and Borneo. One species in Thailand.",A.S. Barfod & J. Dransfield,,Forest Herbarium,2022-04-21,Rachun Pooma & Sawita Yooprasert,ref-THA-4000019583,Forest Herbarium,All rights reserved,"Johannesteijsmannia  . Flora of Thailand. Vol. 11. Part 3, 2013. Pg. 420. Accessed 2022-04-21",https://www.dnp.go.th/botany/eflora/floragenus.html?tdcode=05204,11,3
wfo-0000220130,general,EN,"Solitary acaulescent palm. Stem subterranean, procumbent to 15 cm diam. Leaves 20–30 in crown, large, erect; petiole up to 2.5 m long, armed with minute, up to 0.1 cm long spines; blade up to 3.5 m long, 1.8 m wide, with up to 20 or more folds on each side, glabrous below, with brown scales proximally on the costa. Inflorescences erect at first, eventually pendent, branched to the third order; peduncle 30–50 cm long; rachillae 20–100, 5–20 cm long, greenish with dense white tomentum. Flowers cream coloured and pointed in bud, 0.4–0.5 cm long. Fruit 4–5 cm diam., with 60–80, 0.6–0.8 cm long corky warts.",A.S. Barfod & J. Dransfield,,Forest Herbarium,2022-04-21,Rachun Pooma & Sawita Yooprasert,ref-THA-0000220130,Forest Herbarium,All rights reserved,"Johannesteijsmannia altifrons . Flora of Thailand. Vol. 11. Part 3, 2013. Pg. 422. Accessed 2022-04-21",https://www.dnp.go.th/botany/eflora/floraspecies.html?tdcode=05205,11,3
wfo-4000019959,general,EN,"Small to moderate-sized tree palm, solitary, dioecious, pleonanthic. Stem usually covered by the persistent remains of leaf bases. Leaves palmately divided, induplicate; sheath splitting cleanly to the base opposite the petiole, with caducous woolly indumentum; petiole long, channelled adaxially, unarmed; hastula conspicuous adaxially, abaxially absent; blade thin, divided along adaxial ribs into short single-fold segments, transverse veinlets conspicuous. Inflorescence solitary, interfoliar, emerging from a cleft in the subtending leaf, cream-coloured, rachis longer than peduncle, first order branches subtended by conspicuous, shortly tubular bracts, distally with triangular limb; male inflorescence eventually arching, branched to 4 orders, with numerous condensed rachillae; female inflorescence erect, branched to 2 orders, more robust and with fewer rachillae than the male. Male flowers with stalk-like corolla base, six free stamens and no pistillode; female flowers as the male, but larger, with empty anthers and a large 3-lobed gynoecium. Fruit 1(–2) seeded, globose; epicarp minutely and irregularly warty, mesocarp thick and spongy; endocarp thin; endosperm shallowly ruminate. Germination remote-ligular.</br></br>A single species endemic to Peninsular Thailand.",A.S. Barfod & J. Dransfield,,Forest Herbarium,2022-04-21,Rachun Pooma & Sawita Yooprasert,ref-THA-4000019959,Forest Herbarium,All rights reserved,"Kerriodoxa  . Flora of Thailand. Vol. 11. Part 3, 2013. Pg. 422. Accessed 2022-04-21",https://www.dnp.go.th/botany/eflora/floragenus.html?tdcode=05206,11,3
wfo-0000220954,general,EN,"Solitary tree palm, 1–4(–10) m tall. Stem procumbent, sometimes subterranean, only the very tall ones basally clean, closely ringed, 18–25 cm diam. Leaves 25–35 in crown; sheath 45–60 cm long; petiole 1.5–3 m long, dark green to black, unarmed but with sharp edges, blade up to 2 m diam., flattened, dark green and glabrous above, with dense white indumentum below, divided for 0.2–0.3 of its radius into 90–100 single-fold segments. Male inflorescence arching, peduncle to 30 cm long, rachis 15–20 cm long, first order branches 15–20, rachillae numerous, 10–15 cm long, flowers 0.25–0.3 cm long; female infl orescence erect, peduncle to 30 cm long, rachis 35–40 cm long, rachillae numerous, to 12 cm long and zig-zag, flowers 0.5–0.6 mm long. Fruit 3.5–4(–5) cm diam., epicarp irregularly and minutely warty, cream-coloured turning orange yellow at maturity.",A.S. Barfod & J. Dransfield,,Forest Herbarium,2022-04-21,Rachun Pooma & Sawita Yooprasert,ref-THA-0000220954,Forest Herbarium,All rights reserved,"Kerriodoxa elegans . Flora of Thailand. Vol. 11. Part 3, 2013. Pg. 424. Accessed 2022-04-21",https://www.dnp.go.th/botany/eflora/floraspecies.html?tdcode=05207,11,3
wfo-4000020182,general,EN,"Slender to robust, clustering, high-climbing, hapaxanthic, hermaphrodite rattans, frequently with stems branching in the forest canopy. Leaf sheaths without knee, variously armed; ocrea very conspicuous, variously armed, tubular and sheathing, expanded, net-like, inflated and forming an ant chamber; petiole absent to well developed; cirrus present; leaflets rather few ± regularly arranged, usually diamond-shaped, sometimes lanceolate, but always with the upper margins jaggedm praemorse, the leaflets often joined to the rachis on a short stalk, the lower surface of the leaflet frequently covered in indumentum. Inflorescences produced in the axils of the uppermost reduced leaves, branching to produce usually pendulous catkin-like flower-bearing branches, each covered with a tight or loose spiral of bracts; rachilla bracts each subtending a single hermaphrodite flower usually embedded in a mass of hairs; sepals 3, joined at the base; petals 3, much longer than the sepals, joined at the base to form a short tube; stamens 6, rarely 7, borne on the petals; ovary with sharp pyramidal stigma and rows of scales. Fruits tipped with the remains of the stigmas and often bearing the remains of the corolla surrounding the stigma; scales brownish, arranged in neat vertical rows; inner fruit wall fleshy, sweet. Seed with thin, non-fleshy testa; endosperm ruminate or homogeneous. Seedling leaf simple or forked with jagged upper margins.</br></br>Twenty seven species in Indo-China to New Guinea. Five species in Thailand.",A.S. Barfod & J. Dransfield,,Forest Herbarium,2022-04-21,Rachun Pooma & Sawita Yooprasert,ref-THA-4000020182,Forest Herbarium,All rights reserved,"Korthalsia  . Flora of Thailand. Vol. 11. Part 3, 2013. Pg. 424. Accessed 2022-04-21",https://www.dnp.go.th/botany/eflora/floragenus.html?tdcode=05208,11,3
wfo-0000221418,general,EN,"Robust clustering and branching rattan, confined to peat swamp forest. Stems climbing to 40 m or more, without sheaths to 2.5 cm diam. or more, with sheaths to 4 cm or more, internodes to 30 cm, longer in juveniles. Leaf cirrate; sheath ± unarmed, dull reddish-brown, covered in caducous black scales and pale brown hairs; ocrea tightly sheathing, unarmed, covered in scales and indumentum as the sheaths, tending to split opposite the petiole; mature leaf to 2.5 m including the cirrus to 1 m, petiole to 15 cm; leaflets 8–20 on each side of the rachis, borne on long stalks, narrow, to 30 by 4.5 cm, dark bluish-green on the upper surface, brownish on the undersurface, with frequent bands of deciduous chocolate-coloured scales. Inflorescences to 75 cm, highly branched; rachillae numerous, to 12 by 0.7 cm, dull brown tomentose. Fruit to 2 by 1.2 cm, covered in 19–21 vertical rows of straw-coloured scales. Seed 1.2 by 0.9 cm; endosperm deeply ruminate. Seedling leaf entire; juvenile leaves often very large and entire with blades reaching 1 by 0.3 m.",A.S. Barfod & J. Dransfield,,Forest Herbarium,2022-04-21,Rachun Pooma & Sawita Yooprasert,ref-THA-0000221418,Forest Herbarium,All rights reserved,"Korthalsia flagellaris . Flora of Thailand. Vol. 11. Part 3, 2013. Pg. 426. Accessed 2022-04-21",https://www.dnp.go.th/botany/eflora/floraspecies.html?tdcode=05209,11,3
wfo-0000221427,general,EN,"Robust clustering high-climbing rattan, frequently branching in the forest canopy. Stems to 50 m or more long, without sheaths 2.5–6 cm diam., with sheaths 4–7 cm diam., internodes to c. 25 cm long in mature aerial stems, shorter near inflorescences and longer in juveniles. Leaves cirrate; sheaths bright green, armed with sparse triangular spines to 0.6 cm long and covered in abundant reddish-brown indumentum and chocolate-coloured scales and usually completely obscured by the ocrea of the preceding leaf; knee absent; ocrea conspicuous, to 20 cm or more long, closely sheathing at first but tattering to form a loosely sheathing pale brown net-like tube, sometimes armed with triangular spines as the sheath; petiole to 8 cm long in mature leaves, longer in juveniles, sparsely armed with triangular spines as on the sheath; rachis to c. 120 cm; cirrus to 120 m, bearing irregularly arranged reflexed spines; leaflets up to 9 on each side of the rachis, broadly diamond-shaped, the upper margins conspicuously praemorse, the whole borne on short stalks to 2 cm long, largest leaflets to 28 by 12 cm, adaxially bright green, abaxially chalky-white. Inflorescences borne simultaneously from the top 5–7 nodes, branched to 3 orders, to c. 75 cm long with up to 30 rachillae; rachillae to 10 by 1 cm, reddish-brown tomentose. Flowers c. 0.5 by 0.2 cm. Mature fruit rounded, ovoid or turbinate, to 2 by 1.5 cm, covered in 15 vertical rows of dull brown unchannelled scales with fimbriate margins. Seed ovoid, c. 1.5 by 1 cm, with a pronounced chalazal pit on one side; endosperm deeply ruminate. Seedling leaf simple with praemorse distal margins.",A.S. Barfod & J. Dransfield,,Forest Herbarium,2022-04-21,Rachun Pooma & Sawita Yooprasert,ref-THA-0000221427,Forest Herbarium,All rights reserved,"Korthalsia laciniosa . Flora of Thailand. Vol. 11. Part 3, 2013. Pg. 427. Accessed 2022-04-21",https://www.dnp.go.th/botany/eflora/floraspecies.html?tdcode=05210,11,3
wfo-0000221437,general,EN,"Moderate clustering rattan. Stems frequently branching in the canopy, climbing to 50 m or more, without sheaths to 2 cm diam., usually less, with sheaths to 2.5 cm, internodes to 20 cm or more. Leaves cirrate; sheaths dull green, densely covered with persistent grey indumentum and deciduous chocolate-coloured scales, and sparsely armed with triangular spines to 1 cm, rarely densely armed (juvenile shoots); ocrea to c. 4 cm long, tightly sheathing, ± truncate with a narrow tattering margin, rarely splitting, usually unarmed; petiole to 10 cm long; rachis to 75 cm long; cirrus to 75 cm; leaflets c. 5–7 on each side of the rachis, shining dark green on upper surface, bluish-grey beneath, the longest to 15 by 8 cm, borne on a short stalk to 2.5 cm, chocolate coloured scales occasionally present on ribs on the undersurface. Inflorescences produced from up to 12 topmost nodes, highly branched, to 80 cm long, bearing c. 8 partial inflorescences on each side, each with c. 10 rachillae; rachillae slender, inconspicuously tomentose, to 15 cm long, dull dark brown. Fruit rounded, c. 1 cm diam., with 15 vertical rows of dark green to dull brown scales. Seed c. 0.8 cm diam., irregularly ruminate. Seedling leaf simple, dark shiny green on upper surface, grey beneath.",A.S. Barfod & J. Dransfield,,Forest Herbarium,2022-04-21,Rachun Pooma & Sawita Yooprasert,ref-THA-0000221437,Forest Herbarium,All rights reserved,"Korthalsia rigida . Flora of Thailand. Vol. 11. Part 3, 2013. Pg. 429. Accessed 2022-04-21",https://www.dnp.go.th/botany/eflora/floraspecies.html?tdcode=05211,11,3
wfo-0000221442,general,EN,"Slender clustering rattan. Stems high-climbing and branching, to 20 m or more long, without sheaths 0.6–0.9 cm diam., with sheaths 0.8–1.5 cm diam., internodes to 10 cm. Leaf cirrate; sheaths dull green with scattered short black-tipped spines to 0.2 cm; ocrea not exceeding 3 by 2 cm, inflated, armed with very short scattered spines to 0.3 cm; ants abundant. Leaf to 1.1 m including the cirrus to 60 cm; petiole short to well-developed, 3–15 cm; leaflets 3–7 on each side of the rachis, generally broad rhomboid, to 20 by 10 cm borne on short stalks to 0.3 cm, rarely (see below) narrow lanceolate, to 22 by 2 cm, upper leaflet surface dark green, lower surface whitish. Inflorescences borne on up to 4 topmost nodes, to 50 cm, bearing up to 10 rachillae; rachillae slender c. 8 by 0.7 cm, densely brown tomentose. Fruit to 2 by 1.2 cm, somewhat obovoid, covered in 15–18 vertical rows of orangey-brown scales. Seed c. 1.5 by 0.8 cm; endosperm deeply ruminate. Seedling leaf bifid, with praemorse tips.",A.S. Barfod & J. Dransfield,,Forest Herbarium,2022-04-21,Rachun Pooma & Sawita Yooprasert,ref-THA-0000221442,Forest Herbarium,All rights reserved,"Korthalsia rostrata . Flora of Thailand. Vol. 11. Part 3, 2013. Pg. 429. Accessed 2022-04-21",https://www.dnp.go.th/botany/eflora/floraspecies.html?tdcode=05212,11,3
wfo-0000221447,general,EN,"Clustering, moderate-sized, high-climbing rattan, frequently branching in the forest canopy. Stems to 20 m or more long, without sheaths 1–1.5 cm diam., with sheaths 1.5–2 cm diam., internodes to c. 25 cm long in middle of stem, longer near the base and in juvenile stems, much shorter near inflorescences. Leaf cirrate; sheaths dull green, with sparse short triangular spines to 0.2 cm long, and ± entirely covered by the swollen ocrea of the preceding leaf, red-brown indumentum scattered; ocrea leathery, swollen, to 20 by 4 cm, shorter and proportionately wider near inflorescences, covered in scattered short triangular spines 0.5–0.8 cm long, and caducous chocolate-coloured scales, sometimes almost unarmed, ants usually abundant within the ocrea chamber; petiole 10 cm long, longer in juvenile stems; rachis to 1.2 m; cirrus to 1.25 m, armed with scattered reflexed spines; leaflets up to 11 on each side of the rachis, regularly arranged and rather distant, rather narrow-rhomboid, the largest to 30 by 5 cm, the distal quarter only praemorse, adaxially dark green, abaxially covered in whitish indumentum but not densely so. Inflorescences produced simultaneously from c. 6 topmost nodes, branched to 2 orders and each with up to c. 10 rachillae; rachillae to 25 by 0.8 cm. Mature fruit ovoid, c. 2 by 0.9–1.1 cm, covered in 16–18 vertical rows of dull brown unchannelled scales with fimbriate margins. Seed 1.5 by 1 cm, with a deep chalazal pit on one side; endosperm deeply ruminate.",A.S. Barfod & J. Dransfield,,Forest Herbarium,2022-04-21,Rachun Pooma & Sawita Yooprasert,ref-THA-0000221447,Forest Herbarium,All rights reserved,"Korthalsia scortechinii . Flora of Thailand. Vol. 11. Part 3, 2013. Pg. 430. Accessed 2022-04-21",https://www.dnp.go.th/botany/eflora/floraspecies.html?tdcode=05213,11,3
wfo-4000021687,general,EN,"Small rosette plants to moderate sized shrubs, solitary or caespitose. Leaf palmate; petiole usually elongate, armed along the margins, spines gradually decreasing in size towards the blade; blade rarely undivided or divided to the base into a number of wedge-shaped segments, all sessile or middle segment rarely with a petiolule. Apices of individual segments dissected by a mixture of long indentations, leading to the adaxial (upper) ribs and short indentations leading to the abaxial (lower) ribs. Inflorescence interfoliar; peduncular bracts and rachis bracts tubular; number of partial inflorescences (first order branches) 1–7, spicate or branched, decreasing in size towards the distal nodes. Flowers hermaphrodite and protandrous, inserted in groups or solitary; stamens 6, fused to the corolla basally, the filaments distally free or connate and forming a cuplike structure. Fruit one-seeded ripening from green to red, globose and less than 1 cm diam.; endocarp thin and bony; endosperm homogeneous. Germination remote-tubular.</br></br>About one hundred and thirty five species from India to Vanuatu. Thirteen species and one variety in Thailand.",A.S. Barfod & J. Dransfield,,Forest Herbarium,2022-04-21,Rachun Pooma & Sawita Yooprasert,ref-THA-4000021687,Forest Herbarium,All rights reserved,"Licuala  . Flora of Thailand. Vol. 11. Part 3, 2013. Pg. 430. Accessed 2022-04-21",https://www.dnp.go.th/botany/eflora/floragenus.html?tdcode=05214,11,3
wfo-0000227428,general,EN,"Solitary palm 3–5 m tall. Stem c. 5.5–7 cm diam. Leaf sheath 1.2–1.3 m long, extended in a chartaceous, c. 70 cm long ocrea; petiole up to 2.3 m long, armed basally with flattened, up to 0.7–0.8 cm long spines; blade divided into 33–35 segments; middle segment with 3 adaxial ribs, sometimes petiolulate, c. 75 cm long, the remaining segments with 2 adaxial ribs, the basal ones 48–52 cm long; indentations leading to the adaxial ribs 11–12 cm long, those leading to the abaxial ribs 4–6.5 cm long. Inflorescence up to 2.5 m long, with about six branched partial inflorescences; peduncle to 50 cm long; prophyll 25–30 cm long, to 3.5 cm wide; peduncular bract one, 25–30 cm long, splitting irregularly at the apex only; partial inflorescence with 3–5, up to 40 cm long rachillae. Flowers borne on c. 0.25 cm long pedicels, solitary, buds spindle-shaped, 1–1.1 by 0.35–0.4 cm; calyx 0.4–0.5 cm long; corolla 0.7–0.8 cm long, glabrous, cream white, reflexed at anthesis; filaments free distally, not forming a staminal ring. Fruit 1.5–1.7 by 1–1.2 cm, ovoid.",A.S. Barfod & J. Dransfield,,Forest Herbarium,2022-04-21,Rachun Pooma & Sawita Yooprasert,ref-THA-0000227428,Forest Herbarium,All rights reserved,"Licuala distans . Flora of Thailand. Vol. 11. Part 3, 2013. Pg. 431. Accessed 2022-04-21",https://www.dnp.go.th/botany/eflora/floraspecies.html?tdcode=05215,11,3
wfo-0000227446,general,EN,"Solitary palm, usually less than 2 m tall. Stem 2–3 cm diam. Leaf sheath 12–15 cm long with ligule up to 15 cm long in young leaves; petiole up to 2.2 m long, basally with 0.2–0.3 cm long spines; blade divided into 19–21 segments; middle segment with 2–4 adaxial ribs, 30–55 cm long, sometimes with short petiolule, the remaining segments with one adaxial rib, the basal ones 35–40 cm long; indentations leading to the adaxial ribs 1–1.5 cm long, those leading to the abaxial ribs c. 0.5 cm long. Inflorescence 0.8–1.8 m long, with 6–11 branched partial inflorescences; peduncle 12–30 cm long; prophyll 15–25 cm long; peduncular bract lacking or one (rarely two), 15–25 cm long, with a 1–2 cm long split along one side; partial inflorescences with 3–7, 8–10 cm long rachillae. Flowers sessile on widened tubercles, solitary or in 2–3 flowered cincinni; buds 0.2–0.3 cm long, rounded to club–shaped; calyx 0.25–0.3 cm long; corolla 0.4–0.5 cm long, erect at anthesis, greenish to yellow; filaments fused to staminal ring, filament teeth longitudinally extending to c. 0.1 cm long at anthesis. Fruit 1.2–1.5 by 0.7–1 cm, ellipsoid.",A.S. Barfod & J. Dransfield,,Forest Herbarium,2022-04-21,Rachun Pooma & Sawita Yooprasert,ref-THA-0000227446,Forest Herbarium,All rights reserved,"Licuala glabra . Flora of Thailand. Vol. 11. Part 3, 2013. Pg. 432. Accessed 2022-04-21",https://www.dnp.go.th/botany/eflora/floraspecies.html?tdcode=05216,11,3
wfo-0000227467,general,EN,"Solitary palm, acaulescent or with short stem no more than 1 m tall. Stem 4–7 cm diam. Leaf sheath 20–35 cm long with ligule up to 20 cm long in young leaves; petiole up to 200 cm long, basally with unevenly sized, irregularly spaced and up to 0.3 cm long spines; lamina divided into 11–19 unequally wide segments; middle segment with 14–16 adaxial ribs, 30–65 cm long, the remaining segments with 1–2 adaxial ribs, the basal ones 24–30 cm long; indentations of middle segment shallow, those of the remaining segments leading to the adaxial folds deeper, up to 2.5 cm. Inflorescence 20–70 cm long, with 2–4 partial inflorescences; peduncle 10–20 cm; prophyll 12–26 cm long, splitting cleanly along one side or in many places for 1–2 cm; peduncular bract lacking; rachis bracts up to 12 cm long basally; partial inflorescence unbranched or rarely with up to three rachillae, basally contained in the tubular rachis bract; rachillae 4–12 cm long. Flowers up to 60 on one rachilla, solitary or in pairs, on prominent 0.1–0.2 cm long pedicels, floral subtending bract triangular, inconspicuous; bud c. 0.5 by 0.3 cm, turbinate; calyx 0.15–0.2 cm long, loosely enclosing corolla in dried specimens, sparsely covered with golden hairs, membranous and striate, apically truncate to irregularly split; corolla 0.3–0.4 cm long, densely covered with simple golden hairs, lobes up to 0.2 cm long, erect at anthesis, creamy white; androecium 0.2–0.25 cm long, staminal ring c. 0.2 mm high, filaments shortly subulate; anthers reniform, c. 0.5 mm long; ovary 0.15–0.2 cm long, cylindrical, glabrous, rounded apically, style 0.15 cm long, overtopping the anthers at anthesis. Fruit globose, c. 1 cm diam.",A.S. Barfod & J. Dransfield,,Forest Herbarium,2022-04-21,Rachun Pooma & Sawita Yooprasert,ref-THA-0000227467,Forest Herbarium,All rights reserved,"Licuala kunstleri . Flora of Thailand. Vol. 11. Part 3, 2013. Pg. 433. Accessed 2022-04-21",https://www.dnp.go.th/botany/eflora/floraspecies.html?tdcode=05217,11,3
wfo-0000227482,general,EN,"Solitary or clustering palm with 1–2 dominant shoots, acaulescent or with stems 1.5–2(–3) m tall. Stem 2–4 cm diam. Leaf sheath 30–40 cm long, ligule fragile; petiole up to 2.2 m long, basally with 0.2–0.3(–0.6) cm long, evenly distributed spines; lamina divided into 13–19 segments; middle segment with 3–4 adaxial ribs, 30–50 cm long, sometimes with 5–7 cm long petiolule, the remaining segments with 1–2 adaxial ribs, the basal ones 25–35 cm long, indentations leading to the adaxial folds 0.4–0.6 cm long in apical segment to 2 cm in basal segments, those leading to the abaxial folds to 0.5 cm long. Inflorescences 20–50 cm long, with 4–5 partial inflorescences; peduncle 10–20 cm long; prophyll 5–15 cm long, covered by ferruginous ramenta; peduncular bract lacking; proximal rachis bract 5–9 cm long, rounded, dry and woody towards the apex, with 1 to several splits up to 2 cm long; partial inflorescence branched to second order, basally contained inside the tubular rachis bract, with 2–5 rachillae; rachillae 2–12 cm long, curved to sinuous. Flowers up to 70 on longest rachillae, more or less distichously arranged, strictly solitary, borne on short pedicels, subtended by minute floral subtending bracts; bud 0.35–0.5 by 0.2–0.25 cm, ellipsoid; calyx cylindrical, 0.2–0.3 cm long, covered by scattered, minute translucent simple hairs, apically truncate with shallow, irregular splits or with bifi d lobes; corolla c. 0.35–0.4 cm long, densely covered by minute, more or less adpressed golden brown hairs, lobes c. 0.15 cm long; androecium fused to corolla for 0.2–0.25 cm, staminal ring c. 0.5 mm high, filaments subulate; anthers 0.5–0.7 mm long; ovary 0.18–0.2 cm long, fusiform, glabrous, often constricted at the middle, locules in lower half, apex tapered, style slender 0.1–0.12 cm long, not overtopping the anthers at anthesis. Fruit globose, c. 1 cm diam.",A.S. Barfod & J. Dransfield,,Forest Herbarium,2022-04-21,Rachun Pooma & Sawita Yooprasert,ref-THA-0000227482,Forest Herbarium,All rights reserved,"Licuala malajana . Flora of Thailand. Vol. 11. Part 3, 2013. Pg. 434. Accessed 2022-04-21",https://www.dnp.go.th/botany/eflora/floraspecies.html?tdcode=05218,11,3
wfo-0000227485,general,EN,"Solitary palm tree. Stem usually less than 1 m tall, 5–8 cm diam., often covered by persistent leaf bases to the base. Leaf sheath 40–50 cm long, ligule up to 15 cm long in young leaves; petiole up to 2.2 m long, basally with 0.2–0.5 cm long, slender, often unevenly sized and irregularly set spines; lamina divided into 9–17 segments; middle segment entire with 7–17 adaxial ribs, or breaking up irregularly into up to three additional segments, petiolulate or rarely sessile, 35–65 cm long; the remaining segments with 2–4 adaxial ribs, the basal ones 30–50 cm long; indentations leading to adaxial and abaxial folds almost even, 0.2–0.5 cm. Inflorescence rarely more than 50 cm long, sinuous and messy looking, often partly covered by litter trapped at the leaf bases, with 4–6(–7) partial infl orescences; peduncle 10–15 cm long; prophyll 9–12 cm long; peduncular bracts lacking; basal rachis bract 8–15(–20) cm long, inflated distally, disintegrating irregularly at the apex; partial inflorescences with 3–6 rachillae, curved in various directions, with light brown to ferruginous woolly hair covering, proximal rachillae (5–)10–15 cm long. Flowers up to c. 150 on longest rachillae, grouped in 2–3 fl owered cincinni basally to solitary distally, sessile; bract subtending cincinni or individual flowers up to 0.5 cm; calyx 0.25–0.4 cm long, urn-shaped, glabrous basally, covered by light brown woolly hair above the middle, with three rounded c. 0.5 mm long lobes; corolla 0.3–0.4 cm long, covered by seriate hairs arranged in transversal stripes, erect at anthesis, greenish-brown on the outside, bright yellow on the inside; androecium c. 0.15 cm long, fused to corolla for 0.5 mm; anthers 0.6–0.8 mm long: ovary 0.15 cm long, obovoid, locules in lower half, style c. 0.5 mm, stigma overtopping anthers. Fruit rounded, 0.8–1 cm diam.",A.S. Barfod & J. Dransfield,,Forest Herbarium,2022-04-21,Rachun Pooma & Sawita Yooprasert,ref-THA-0000227485,Forest Herbarium,All rights reserved,"Licuala merguensis . Flora of Thailand. Vol. 11. Part 3, 2013. Pg. 434. Accessed 2022-04-21",https://www.dnp.go.th/botany/eflora/floraspecies.html?tdcode=05219,11,3
wfo-0000227489,general,EN,"Medium-sized palm, solitary to caespitose with 1–3 dominant stems up to 3 m tall. Stem 2–3 cm diam., with numerous suckers at base. Leaf sheath 10–20 cm long; petiole up to 1.2 m long, armed basally with narrowly triangular spines, spreading to reflexed, up to 0.5 cm long; lamina divided into a variable number of segments, 7–22, these equal-sized with 3–5 adaxial ribs in many-segmented leaves to middle segment largest with 8–18 adaxial ribs in few-segmented leaves; middle segment 25–32 cm long; indentations leading to the adaxial folds c. 2 cm long on middle segment, to 3 cm long on remaining segments. Inflorescence 22–57 cm long, with 1–5 partial inflorescences; peduncle 21–41 cm long; prophyll to c. 25 cm long; peduncular bracts lacking; rachis bracts chartaceous, basal ones splitting deeply, to 17 cm, mouth loosely sheathing; partial inflorescences often branching near the mouth of the rachis bract, with 1–4 rachillae; rachillae 7–14 cm long. Flowers solitary or gathered in cincinni of 2–3, on up to 0.5 mm, hairy stalks; calyx cylindrical with a slight constriction just above base, 0.25–0.3 cm long, wide and flattened basally, apex truncate to irregularly lobed, covered with scattered to dense coarse tawny golden brown hairs; corolla 0.45–0.5 cm long, densely covered with fine adpressed golden brown simple hairs, lobes 0.25–0.35 cm long; androecium with c. 0.5 mm high staminal ring; filaments filiform with triangular base, 0.05–0.1 cm long, anthers reniform, c. 0.8 mm long; ovary glabrous, cylindrical with rounded apex, c. 0.2 cm long; style filiform, 0.12 cm long. Fruit globose, c. 0.9 cm diam.",A.S. Barfod & J. Dransfield,,Forest Herbarium,2022-04-21,Rachun Pooma & Sawita Yooprasert,ref-THA-0000227489,Forest Herbarium,All rights reserved,"Licuala modesta . Flora of Thailand. Vol. 11. Part 3, 2013. Pg. 435. Accessed 2022-04-21",https://www.dnp.go.th/botany/eflora/floraspecies.html?tdcode=05220,11,3
wfo-0000227508,general,EN,"Caespitose palm, with up to 7 m tall stems. Stem 5–7 cm diam. Leaf sheath to 40 cm long, with ligule up to 10 cm long in young leaves; petiole up to 2.5 m long, ranging in colour from greenish-brown to orange brown, basally armed with 0.2–0.3(–0.5) cm long rounded spines, straight or curved, evenly sized, inserted more or less regularly; lamina divided into 8–12 more or less equal, 47–88 cm long segments, the middle one with 6–8 adaxial ribs, split to 8–15 cm above the base in two truncate lobes, the remaining ones with 2–7 adaxial ribs, indentations leading to the adaxial folds 2–3 cm long, those leading to the abaxial folds c. 0.5 cm long. Inflorescence 1.5–2 m long, with 6–7 partial inflorescences; peduncle 25–50 cm long, prophyll 25–30 cm long covered with a mixture of ferruginous ramenta and stellate hairs; peduncular bracts 1–2; rachis bracts splitting cleanly at the apex in a few irregular sized teeth 0.5–1 cm long; partial inflorescences with 4–8 rachillae; longest rachillae 12–20 cm long. Flowers up to 150 on one rachilla, mostly solitary but also in cincinni of 2–3, sessile; floral subtending bract to 0.5 mm long, deltoid; buds 0.25–0.3 cm long; calyx c. 0.2 cm long, glabrous, almost truncate apically, with three short, pointed teeth; corolla 0.25–0.3 cm long, drying striate, glabrous, erect, greenish; androecium 0.15–0.18 cm long, staminal ring 0.3–0.5 mm high, filaments filiform 0.1–0.2 mm long; anthers 0.4–0.5 mm long; ovary c. 0.1 cm long, glabrous, turbinate, truncate apically, filling about half the lumen inside flower, locules three times longer than wide, central in each carpel, style slender, filiform, c. 0.1 cm long, not overtopping the anthers. Fruit globose, 0.6–0.8 cm diam.",A.S. Barfod & J. Dransfield,,Forest Herbarium,2022-04-21,Rachun Pooma & Sawita Yooprasert,ref-THA-0000227508,Forest Herbarium,All rights reserved,"Licuala paludosa . Flora of Thailand. Vol. 11. Part 3, 2013. Pg. 436. Accessed 2022-04-21",https://www.dnp.go.th/botany/eflora/floraspecies.html?tdcode=05221,11,3
wfo-0001317018,general,EN,"Solitary palm. Stem usually less than 2 m tall, c. 10 cm diam., often covered by old, black spine-like leaf bases. Leaf sheath 50–60 cm long; petiole up to 2.7 m long, armed in entire length with up to 1.5 cm long, flattened, recurved spines; lamina divided into a varying number of up to 21 segments, this number being relatively constant throughout a population, with translucent specks visible with backlighting at 10x; segments in divided leaves 50–90 cm long; indentations leading to the adaxial ribs 0.3–1.5 cm long, those leading to the abaxial ribs 2–6 cm long in basal segments to less than 2 cm in apical segment. Inflorescences up to 3.5 m long, with about seven, spicate, pendent, partial inflorescences; peduncle to 1.2 m long; prophyll 35–40 cm long; peduncular bract one, 33–36 cm long, covered with scattered minute ramenta, green to dry and woody distally, splitting irregularly, often with narrow rim of fibrous mesh; basal 2nd order rachis on up to 15 cm long bare basal portion and a 35–55 cm long flower-bearing portion. Flowers up to 200 on longest rachilla, solitary; floral subtending bract c. 0.25 cm long; pedicel c. 0.2 cm long, hairy; buds ventricose to obclavate in outline, 1.3–1.4 by 0.5–0.6 cm; calyx 0.6–0.7 cm long, campanulate, truncate with irregular indentations, not fused with receptacle; corolla 1–1.2 cm long, sericeous, reflexed at anthesis, on the inside white to green apically; androecium 0.8–0.9 cm long, fused basally with corolla in basal c. 0.5 cm, the remaining part of the filament free, anthers elongate, 0.3–0.35 cm long; ovary 0.2–0.3 cm long at anthesis, barrel-shaped, truncate, glabrous, style slender 0.7–0.8 cm long. Fruit ellipsoid, 1.2–1.9 by 0.9–1 cm.",A.S. Barfod & J. Dransfield,,Forest Herbarium,2022-04-21,Rachun Pooma & Sawita Yooprasert,ref-THA-0001317018,Forest Herbarium,All rights reserved,"Licuala peltata peltata. Flora of Thailand. Vol. 11. Part 3, 2013. Pg. 437. Accessed 2022-04-21",https://www.dnp.go.th/botany/eflora/florainfra.html?tdcode=05223,11,3
wfo-0001317019,general,EN,Differing from the typical variety only in its unsegmented leaf.,A.S. Barfod & J. Dransfield,,Forest Herbarium,2022-04-21,Rachun Pooma & Sawita Yooprasert,ref-THA-0001317019,Forest Herbarium,All rights reserved,"Licuala peltata sumawongii. Flora of Thailand. Vol. 11. Part 3, 2013. Pg. 439. Accessed 2022-04-21",https://www.dnp.go.th/botany/eflora/florainfra.html?tdcode=05224,11,3
wfo-0000913196,general,EN,"Caespitose palm, 4–8 stemmed, individual stems up to 2.5 m tall, 2.8–3 cm diam. below the crown and with 0.5–1 cm long internodes. Leaves 10–12 in crown, sheath margins disintegrating into fibrous mesh; petiole 1.2–1.5 m long, armed on lower 30–50 cm, with more or less evenly distributed, irregularly sized, up to 0.3 cm long, straight spines; leaf blade divided into 11–15 segments, with slightly curved to straight lateral margins, converging basally in funnellike manner, middle segment sessile, undivided, 35–45 cm long, with 9–11 adaxial ribs, lateral segments of more or less equal length, with 3 or 4 adaxial ribs, basal segments 30–35 cm long, obliquely truncate; indentations leading to adaxial ribs 0.5–1 cm long, those leading to abaxial splits 0.2–0.5 cm long. Inflorescences 80–90 cm long, carrying 4 or 5 partial inflorescences; peduncle 60 cm long; prophyll 30 cm long; basal rachis bract up to 27 cm long, covered with patches of ferruginous ramenta loosely fitting, irregularly splitting; basal partial inflorescence with 1–3, up to 12 cm long rachillae. Flowers shortly pedicellate, somewhat triquetrous, 0.7–0.75 cm long, borne in pairs almost throughout the rachilla, each pair subtended by an inconspicuous up to 0.5 mm long bract; calyx 0.48–0.5 cm long, unevenly tomentose, with rounded to truncate lobes; corolla 0.5–0.55 cm long; androecium fused to corolla for 0.22–0.23 cm, staminal ring c. 0.1 cm high. Fruits unknown.",A.S. Barfod & J. Dransfield,,Forest Herbarium,2022-04-21,Rachun Pooma & Sawita Yooprasert,ref-THA-0000913196,Forest Herbarium,All rights reserved,"Licuala pitta . Flora of Thailand. Vol. 11. Part 3, 2013. Pg. 439. Accessed 2022-04-21",https://www.dnp.go.th/botany/eflora/floraspecies.html?tdcode=05225,11,3
wfo-0000227521,general,EN,"Solitary or caespitose palm, usually with one, up to 5 m tall stem, suckering at the base, 3–5 cm diam., covered by leaf sheath remnants distally. Leaf sheath 30–40 cm long, with ligule up to 15 cm long in young leaves; petiole 80–150 cm long, basal ¼ with up to 0.4 cm long spines; lamina divided into 9–11 segments; middle segment with 9–11 adaxial ribs, 40–55 cm long, the remaining segments decreasing gradually in width towards the base, here with 3–4 adaxial ribs, 30–45 cm long; indentations of middle and lateral segments leading to the adaxial ribs c. 1 cm long, those leading to the abaxial ribs c. 0.5 cm long, indentations of basal segments more irregular. Inflorescence 1–1.5 m long, with 5–7 unbranched partial inflorescences; peduncle 20–30 cm long; prophyll 20–30 cm long, loosely fitting, splitting irregularly to tattering apically; peduncular bract lacking; rachis 80–120 cm long; proximal rachis bracts 25–29 cm long, tubular, loosely fitting, inserted up to 40 cm below the divergence point of the partial inflorescences subtended; basal partial inflorescence 8–15 cm long, displaced above or hidden inside subtending bract, strongly zig-zagged to straight, narrowly diverging from rachis, densely covered with felt-like indumentum of stellate hairs. Flowers up to 40–60 on longest rachillae, solitary, rarely in pairs, sessile, subtended by c. 0.6 mm long, sparsely hairy, deltoid bracts; buds 0.7–0.9 cm long, bullet-shaped, often with a more or less oblique base; calyx to 0.7 cm long on longest(abaxial) side, basally covered with patches of ferruginous ramenta, to striate distally when dried, with 3 obtuse to rounded lobes up to 0.5 mm long; corolla c. 0.6 cm long, with minute ferruginous ramenta on exposed parts, erect at anthesis, yellow-greenish on lower ¾ and brown distally; androecium 0.25–0.3 cm long, fused to corolla for 0.1–0.15 cm, filaments to 0.1 cm long, narrowly deltoid; anthers elongate, 0.22–0.24 cm long, pointed apically; ovary c. 0.15 cm long, obovoid, tapering distally, locules in lower ½ to ¾; style slender, c. 0.15 cm long, stigma amidst the anthers. Fruit 0.9–1.2 cm diam., globose.",A.S. Barfod & J. Dransfield,,Forest Herbarium,2022-04-21,Rachun Pooma & Sawita Yooprasert,ref-THA-0000227521,Forest Herbarium,All rights reserved,"Licuala poonsakii . Flora of Thailand. Vol. 11. Part 3, 2013. Pg. 441. Accessed 2022-04-21",https://www.dnp.go.th/botany/eflora/floraspecies.html?tdcode=05226,11,3
wfo-0000227526,general,EN,"Solitary, acaulescent palm. Stem short subterranean. Leaf: petioleto 90 cm long, scarcely armed in basal 10 cm, spines c. 0.2 cm long, recurved and set more or less regularly 1 cm apart; lamina divided into 3–4 gently curved segments, converging basally in a funnel-like fashion, middle segment c. 32 cm long, with 19 adaxial ribs, slightly curved lateral margins, rounded apically and c. 12 cm wide, the remaining segments 15–20 cm long, with 2–5 adaxial ribs, narrowly wedge-shaped to linear, obliquely truncate apically; indentations leading to the adaxial folds c. 0.5 cm long in middle segment, to 2 cm long in remaining segments, those leading to the abaxial folds less than 0.5 cm long. Infl orescence patent, shorter than leaves, c. 30 cm long, with 2–3 partial inflorescences; peduncle c. 18 cm long; prophyll loosely sheathing; peduncular bracts absent; rachis c. 12 cm long; basal rachis bract c. 8 cm long, inflated in distal half; partial inflorescences spicate, inserted up to 8 cm above the mouth of their subtending bracts; rachillae up to 8 cm long, 0.1–0.2 cm diam., rigid, straight to slightly zig-zagged, narrowly diverging from rachis, densely covered with deciduous ferruginous felt-like hairs. Flowers in groups of up to 5(–7) on slightly swollen tubercles (prominent in fruiting specimens), solitary towards the apex; calyx cylindrical, 0.26–0.32 cm long, chartaceous, covered with scattered 0.4–0.7 mm long simple hairs, splitting neatly into three pointed lobes; corolla c. 0.25–0.32 cm long, rather thick, covered with patent white hairs in upper two thirds, glabrescent towards the base, lobes c. 0.2 cm long with acuminate apex; androecium with c. 0.5–0.7 mm long, truncate staminal ring; filaments filiform, c. 0.3 mm long; anthers reniform, c. 0.5 mm long; ovary 1–1.5 mm long turbinate to club-shaped, densely covered with coarse silky white hairs mostly on upper parts, style filiform, 0.1 cm long. Fruit globose, c. 0.8–1 cm diam.",A.S. Barfod & J. Dransfield,,Forest Herbarium,2022-04-21,Rachun Pooma & Sawita Yooprasert,ref-THA-0000227526,Forest Herbarium,All rights reserved,"Licuala pusilla . Flora of Thailand. Vol. 11. Part 3, 2013. Pg. 441. Accessed 2022-04-21",https://www.dnp.go.th/botany/eflora/floraspecies.html?tdcode=05227,11,3
wfo-0000227544,general,EN,"Solitary palm, rarely suckering. Stem to 1 m tall, 1.7–2 cm diam., smooth, inconspicuously ringed. Leaf sheath 5–8 cm long on older leaves, with ligule up to 10 cm long; petiole 15–30 cm long, basally with few, scattered spines to 0.1–0.2 cm long; lamina thin chartaceous, often with a crumpled appearance, unevenly divided into 4–5 segments, with convexly curved lateral margins and converging basally in a funnel-like fashion; middle segment entire, with 13–14 adaxial ribs, 15–20 cm long, the remaining segments with 3–5 adaxial ribs, 15–77 cm long; indentations leading to the adaxial folds to c. 1.2 cm long, those leading to the abaxial folds c. 0.4 cm long. Inflorescences 15–34 cm long, patent to pendulous, spicate to furcate; peduncle c. 25–30 cm long; prophyll 17–22 cm long, inflated, with 6 cm long split along one side; peduncular bract lacking; rachis sinuous, almost glabrous; single rachis bract 2–5 cm long, loosely sheathing at the apex, inserted c. 3 cm above prophyll, sparsely covered with stellate hairs, splitting cleanly along one side; partial inflorescence spicate or branching near the apex of the subtending bract into two, 3–5 cm long rachillae, covered with simple, whitish to golden hairs. Flowers light green, solitary or in cincinni of 2(–3), on hairy floral stalks up to 0.1 cm long; floral subtending bracts c. 0.5 mm long; buds c. 0.35 cm long, turbinate; calyx c. 0.15 cm long, membranous, loosely enclosing corolla in dried specimens, striate, truncate apically, covered with dense to scattered fine golden hairs; corolla to 0.3–0.4 cm long, thick, striate when dried, covered with scattered fine brown simple hairs, lobes c. 0.2 cm long, apex acute; androecium c. 0.5 mm long; filaments filiform, c. 0.5 mm long, with triangular base; anthers reniform, c. 0.8 mm long; ovary glabrous, cylindrical, apex rounded, c. 0.1 cm long; style filiform, c. 0.15 cm long; stigma overtopping the anthers. Fruit c. 0.5 cm diam., globose.",A.S. Barfod & J. Dransfield,,Forest Herbarium,2022-04-21,Rachun Pooma & Sawita Yooprasert,ref-THA-0000227544,Forest Herbarium,All rights reserved,"Licuala scortechinii . Flora of Thailand. Vol. 11. Part 3, 2013. Pg. 442. Accessed 2022-04-21",https://www.dnp.go.th/botany/eflora/floraspecies.html?tdcode=05228,11,3
wfo-0000227549,general,EN,"Caespitose palm, with up to 4 m tall stems forming large clumps. Individual stems 4–5 cm diam., ringed by leaf scars. Leaf sheath to 40 cm long, with ligule up to 10 cm long, in younger leaves with dense cover of ferruginous to hyaline ramenta; petiole variable in length up to 2.5 m in fully developed leaves, armed almost to the distal end, armature variable but usually quite noticeable; lamina divided into 15–19 segments, 44–72 cm long; the middle segment sessile or with a petiolule to 6 cm long, with 5–9 adaxial ribs, the remaining ones with 1–3 adaxial ribs, indentations leading to the adaxial folds 1–4 cm long, those leading to the abaxial folds 0.5–1 cm long. Inflorescence 0.9–2.5 m long, extended above the crown, with 5–9 partial inflorescences; peduncle 20–50 cm long, for a large part hidden in prophyll; prophyll 20–30 cm long, covered with patches of ferruginous ramenta; peduncular bracts absent or present; rachis bracts dark green to brown distally, tubular, similar to the prophyll in texture and hair-covering, splitting irregularly into up to 2.5 cm long teeth or disintegrated apically; partial inflorescence inserted 2–6 cm above mouth of subtending bract, covered with dense, puberulent tomentum of simple, ferruginous to hyaline hairs; rachillae 2–7; longest rachilla 20–40 cm long. Flowers up to 200 on one rachilla, solitary or in 2(–3)-flowered cincinni; floral subtending bract to 0.5 mm long, deltoid; buds c. 0.3 cm long; calyx cylindrical to cyathiform, c. 0.3 cm long, covered with adpressed to patent hairs, apex with 0.1–0.13 cm long, obtuse to acuminate lobes; corolla 0.35–0.4 cm long, exposed parts densely covered by seriate hairs arranged in stripes towards the apex, light beige to white on the inside; androecium 0.25–0.3 cm long, staminal ring white 0.1–0.13 cm high, truncate, filaments subulate 0.3–0.4 mm long; anthers c. 0.5 mm long, elliptic; ovary c. 0.1 cm long, glabrous, turbinate, truncate apically, filling little less than half the lumen of the inside flower, locules 0.5–0.6 mm long, basally in each carpel, style slender, filiform, 0.12–0.13 cm long. Fruit globose, c. 0.8 cm diam.",A.S. Barfod & J. Dransfield,,Forest Herbarium,2022-04-21,Rachun Pooma & Sawita Yooprasert,ref-THA-0000227549,Forest Herbarium,All rights reserved,"Licuala spinosa . Flora of Thailand. Vol. 11. Part 3, 2013. Pg. 443. Accessed 2022-04-21",https://www.dnp.go.th/botany/eflora/floraspecies.html?tdcode=05229,11,3
wfo-0000227568,general,EN,"Solitary, acaulescent palm. Stem subterranean, with very short internodes, J-shaped in older individuals, c. 2 cm diam. Leaf sheath 3–7 cm long in older leaves, sometimes with 1–2 cm long, caducous ligule; petiole 15–70(–90) cm long, lower ½ to ⅔ armed with 0.2–0.3(–0.5)cm long, spines; lamina divided into 3–11 unequal segments, converging basally in a funnel-like fashion, with translucent rounded specks visible with backlighting at 10x, scattered to numerous and in characteristic groups; middle segment 15–21(–30) cm long, with (10–)12–17 adaxial ribs, apically curved to rounded, middle 1–3 segments sessile, often inserted on up to 5 cm long petiolule, lateral and basal segments (14–)17–30 cm long, with (1–)3–5 adaxial ribs; indentations leading to the adaxial folds 0.5–0.7(–1.5) cm long, those leading to the abaxial folds c. 0.2–0.5 cm long. Inflorescence 15–25(–40) cm long, with 2–4 partial inflorescences; peduncle 7–15(–20) cm long; prophyll 3–5 cm long, often hidden in axil of the subtending leaf, covered with minute ramentose to stellate hairs, splitting cleanly along keels; peduncular bract one, 4–7 cm long, splitting cleanly but in 3–4 irregular teeth; rachis 8–10(–20) cm long; rachis bracts similar to peduncular bracts; unbranched and branched portion of partial inflorescence short; rachillae to 2–3, longest one 3–8 cm long, more or less zig-zagged. Flowers up to 20 on one rachilla, sessile, solitary or in pairs; floral subtending bract minute to lacking; buds ellipsoid, 0.35–0.4 cm long; calyx 0.2–0.25 cm long, vase-shaped, thickened basally, membranous distally, covered with simple ferruginous hairs, neatly split in three rounded, c. 0.1 cm long apically pointed lobes; corolla 0.3–0.35 cm long, covered by minute hairs on upper ⅔, white, erect to slightly recurved at anthesis; androecium 0.22–0.25 cm long, fused to corolla for 0.18–0.2 cm, staminal ring 0.4–0.5 mm high, filaments subulate, 0.2–0.3 mm long; anthers 0.4–0.5 mm long; ovary 1–1.3 cm long, obovoid, densely covered on upper half with minute adpressed white hairs, locules three times longer than wide, central in each carpel, style slender, c. 0.08–0.1 cm long, slightly overtopping the anthers. Fruit globose, 0.8–1 cm diam.",A.S. Barfod & J. Dransfield,,Forest Herbarium,2022-04-21,Rachun Pooma & Sawita Yooprasert,ref-THA-0000227568,Forest Herbarium,All rights reserved,"Licuala triphylla . Flora of Thailand. Vol. 11. Part 3, 2013. Pg. 444. Accessed 2022-04-21",https://www.dnp.go.th/botany/eflora/floraspecies.html?tdcode=05230,11,3
wfo-4000022014,general,EN,"Tall palm trees, solitary, hermaphrodite or occasionally functionally dioecious (Australian-New Guinean species). Stem erect, ringed, basally with persistent leaf bases. Crown more or less globose, with skirt of dead leaves. Leaf palmate to costapalmate, induplicate; petiole elongate, armed along margins, usually with robust spines; adaxial hastula conspicuous, abaxial hastula poorly developed to absent; blade splitting along adaxial ribs, usually into single-fold segments. Inflorescence interfoliar; branched to 4 orders; peduncle elongate, peduncular bracts lacking or one; rachis longer than peduncle; rachis bracts loosely tubular like the peduncular bract; partial inflorescences (first order branches) 3–9, decreasing in size towards the distal nodes. Flowers inserted in groups of 3–6; stamens 6, fused to the corolla basally forming a cuplike structure; gynoecium united apically in slender style. Fruit one-seeded, greenish-blue, leaden blue to purple at maturity, globose to elliptical, more than 1 cm long; epicarp smooth, mesocarp fleshy; endocarp bony. Seed with homogeneous endosperm penetrated by an intrusion of the seed coat. Germination remote-tubular.</br></br>Twenty five species in NE tropical Africa, S Yemen, Bangladesh to Japan and Australia. Three species in Thailand.",A.S. Barfod & J. Dransfield,,Forest Herbarium,2022-04-21,Rachun Pooma & Sawita Yooprasert,ref-THA-4000022014,Forest Herbarium,All rights reserved,"Livistona  . Flora of Thailand. Vol. 11. Part 3, 2013. Pg. 445. Accessed 2022-04-21",https://www.dnp.go.th/botany/eflora/floragenus.html?tdcode=05231,11,3
wfo-0000230418,general,EN,"Palm tree up to 20 m tall. Stem 25–30 cm diam. Crown with 30–50 leaves. Leaf sheath 50–60 cm long, breaking up in fibrous mesh; petiole 200–260 cm long, armed with basally swollen, up to 2 cm long, recurved spines; blade almost circular, flattened at first, becoming wavy, 2.6–2.8 m long, divided into 90–100 single-fold segments, lustrous green above, glaucous green below. Inflorescence branched to 3 orders, peduncle 25–30 cm long, prophyll 30–45 cm long, peduncular bract partly contained within prophyll; rachis 120–130 cm long, first order branches 4–6, with numerous, 10–30 cm long, rigid rachillae. Flowers in clusters of 3–5, sepals 0.2–0.4 cm long, petals 0.3–0.4 cm long. Fruit 2.5–3 cm long, globose to reniform, leaden blue. Seed coat intrusion apical.",A.S. Barfod & J. Dransfield,,Forest Herbarium,2022-04-21,Rachun Pooma & Sawita Yooprasert,ref-THA-0000230418,Forest Herbarium,All rights reserved,"Livistona jenkinsiana . Flora of Thailand. Vol. 11. Part 3, 2013. Pg. 446. Accessed 2022-04-21",https://www.dnp.go.th/botany/eflora/floraspecies.html?tdcode=05232,11,3
wfo-0000230452,general,EN,"Palm up to 40 m tall. Stem 40–65 cm diam. Crown with 25–30 leaves. Leaf sheath 25–30 cm, breaking up in mesh of coarse fibres; petiole 150–200 cm long, armed with strongly recurved, brown spines, largest on proximal portion, up to 6 cm long; blade divided ¼ to ¾ of radius into 80–90 single-fold, further divided almost to the hastula into groups of 2–12 segments, segment tips pendulous, light green on both sides. Inflorescence branched to 4 orders, 1.5–2.5 m long; first order branches 6–9; rachillae numerous, 15–45 cm long, pendulous, yellow. Flowers in clusters of 3–5, 0.15–0.2 cm long. Fruit reniform, globose to slightly ellipsoid, 1.5–2.5 cm long, glossy blue to blackish. Seed coat intrusion lateral.",A.S. Barfod & J. Dransfield,,Forest Herbarium,2022-04-21,Rachun Pooma & Sawita Yooprasert,ref-THA-0000230452,Forest Herbarium,All rights reserved,"Livistona saribus . Flora of Thailand. Vol. 11. Part 3, 2013. Pg. 448. Accessed 2022-04-21",https://www.dnp.go.th/botany/eflora/floraspecies.html?tdcode=05233,11,3
wfo-0000230454,general,EN,"Palm tree up to 25 m tall. Stem 20–30 cm diam.; crown with 30–60 leaves. Leaf sheath 40–50 cm long, extending in up to 20 cm long ligules; petiole 1.4–1.9 m long, armed basally with proximally swollen, up to 2.5 cm long, recurved spines; blade almost circular, wavy, 2–2.1 m long, divided into 90–110 single-fold segments, lustrous green above, glaucous green below. Inflorescence branched to 4 orders; peduncle c. 50 cm long; prophyll c. 30 cm long; peduncular bracts partly contained within prophyll; rachis 1–1.2 m long, first order branches 5–8; second order branches up to 26 on one first order branch; rachillae numerous, up to 22 cm long. Flowers in clusters of 5–7, sessile on small tubercles, sepals 0.1–0.2 cm long, petals 0.25–0.4 cm long. Fruit elliptic to obovoid, 2.5–3.5 cm long, lustrous bluish-green. Seed coat intrusion lateral.",A.S. Barfod & J. Dransfield,,Forest Herbarium,2022-04-21,Rachun Pooma & Sawita Yooprasert,ref-THA-0000230454,Forest Herbarium,All rights reserved,"Livistona speciosa . Flora of Thailand. Vol. 11. Part 3, 2013. Pg. 448. Accessed 2022-04-21",https://www.dnp.go.th/botany/eflora/floraspecies.html?tdcode=05234,11,3
wfo-4000023374,general,EN,"Shrubby, acaulescent to short-stemmed, clustering palms. Leaf palmate, induplicate; sheath disintegrating into long persistent, coarse fibres; petiole elongate, unarmed; adaxial hastula distinct, triangular, shallow, with erose margin, abaxial hastula obscure; blade splitting for half to two thirds their radius along the adaxial ribs into numerous, single-fold segments, these shallowly indented at the tip. Inflorescence interfoliar; branched to 1–3 orders; peduncular bracts 1–3; rachis bracts tubular with triangular limbs. Flowers small, hermaphrodite or unisexual, inserted in groups of 2–3 or solitary; stamens 6, fused to form a shortly epipetalous, staminal tube; gynoecium of three free carpels, shortly united basally, hairy distally, with triangular styles. Fruit one-seeded, globose to ellipsoid, less than 1 cm diam.; epicarp silky hairy in young stages; mesocarp thin, fleshy; endocarp poorly developed. Seed with homogeneous endosperm, intrusion of the seed coat lateral and shallow. Germination remote; eophyll very narrow, strap-shaped.</br></br>Three species in Peninsular Thailand to Peninsular Malaysia. Two species in Thailand.",A.S. Barfod & J. Dransfield,,Forest Herbarium,2022-04-21,Rachun Pooma & Sawita Yooprasert,ref-THA-4000023374,Forest Herbarium,All rights reserved,"Maxburretia  . Flora of Thailand. Vol. 11. Part 3, 2013. Pg. 449. Accessed 2022-04-21",https://www.dnp.go.th/botany/eflora/floragenus.html?tdcode=05235,11,3
wfo-0000238118,general,EN,"Clustering dioecious palm, rarely with more than 10 stems. Stem up to 3(–5) m tall at maturity, c. 5 cm diam., naked proximally, with close leaf sheath scars and vertical cracking, covered distally for 1-2 m with persistent, spine-like leaf sheath fibres. Leaf: petiole up to (20–)30–50(–70) cm long, cross section subcircular basally to oval distally, 0.3–0.5 cm diam.; blade rounded in outline, flattened, up to 75 cm diam., spilt into 25-30 single-fold segments, splits longest about ½ radius in the distal part, individual segments with 1–5 cm long indentations, pale green above, covered with thin white wax below. Inflorescence 25–40 cm long, with 3–5 first order branches rachillae to 4 cm long; male inflorescence branched to three orders, male flowers solitary or in groups; female inflorescence branched to 2 orders, flowers solitary. Flower c. 0.25 cm long, male flower with 0.1 cm long staminal tube and 0.5 mm long pistillode; female flower with flattened, c. 0.3 mm long staminodes and c. 0.15 cm long gynoecium. Fruit narrowly ovoid, c. 0.8 by 0.4 cm, yellowish-brown at maturity.",A.S. Barfod & J. Dransfield,,Forest Herbarium,2022-04-21,Rachun Pooma & Sawita Yooprasert,ref-THA-0000238118,Forest Herbarium,All rights reserved,"Maxburretia furtadoana . Flora of Thailand. Vol. 11. Part 3, 2013. Pg. 450. Accessed 2022-04-21",https://www.dnp.go.th/botany/eflora/floraspecies.html?tdcode=05236,11,3
wfo-0000238119,general,EN,"Clustering hermaphrodite palm, with up to 4 stems. Stem up to 7 m tall at maturity, c. 8 cm diam., naked proximally, with close leaf sheath scars, covered distally for 1–2 m with persistent leaf sheath fibres, remaining connected in the ligule-shaped tips. Leaf: petiole up to 70 cm long, more or less terete throughout, c. 0.5 cm diam.; blade rounded in outline, flattened, up to 25–40 cm diam., deeply split into 25–30 single-fold segments, individual segments shortly indented, greyish-green above, somewhat paler below with scattered brown dots. Inflorescence 70-90 cm long, rachillae numerous 7–12 cm long, minutely puberulous when young. Flowers solitary or inserted in groups of 2–3, bisexual, c. 0.2 by 0.15 cm, stamen filaments fused into a conspicuous c. 0.25 cm long tube, shortly adnate to corolla basally, gynoecium c. 0.1 cm long, densely covered by silky hairs. Fruit globose to ovoid, up to 1 by 0.5 cm, brown at maturity.",A.S. Barfod & J. Dransfield,,Forest Herbarium,2022-04-21,Rachun Pooma & Sawita Yooprasert,ref-THA-0000238119,Forest Herbarium,All rights reserved,"Maxburretia gracilis . Flora of Thailand. Vol. 11. Part 3, 2013. Pg. 450. Accessed 2022-04-21",https://www.dnp.go.th/botany/eflora/floraspecies.html?tdcode=05237,11,3
wfo-4000025113,general,EN,"Clustering high-climbing dioecious hapaxanthic rattan with moderate to robust stems. Sheaths without knees; ocrea absent; flagellum absent. Leaf cirrate, bearing entire ± regularly arranged concolorous leaflets. Inflorescences produced simultaneously in the axils of the uppermost leaves, male and female superficially similar; primary axis branching to 3 orders, the branches bearing tubular triangular-tipped bracts subtending clusters of 2–7 flowers. Flowers: male flower with tubular calyx with 3 triangular lobes and 3 petals joined at the base; stamens 6, borne on the petals; pistillode minute; female flower with tubular calyx with 3 very short obtuse lobes, and corolla with 3 lobes; staminodes 6 epipetalous; ovary tipped with 3 small divergent stigmas; calyx enlarging considerably and splitting irregularly, persisting to mature fruiting; corolla also persistent. Mature fruit tipped with minute stigmatic remains, covered in minute irregularly arranged scales giving the fruit surface the appearance of sharkskin. Seed with thin sarcotesta; endosperm homogeneous. Seedling leaf bifid.</br></br>One species in Indo-China to Sumatra.",A.S. Barfod & J. Dransfield,,Forest Herbarium,2022-04-21,Rachun Pooma & Sawita Yooprasert,ref-THA-4000025113,Forest Herbarium,All rights reserved,"Myrialepis  . Flora of Thailand. Vol. 11. Part 3, 2013. Pg. 451. Accessed 2022-04-21",https://www.dnp.go.th/botany/eflora/floragenus.html?tdcode=05238,11,3
wfo-0000248194,general,EN,"Robust clustering thicket-forming dioecious rattan. Stems to 40 m or more long, without sheaths to 4 cm diam., with sheaths to 7 cm diam., internodes to 40 cm long in juvenile stems, 15–20 cm in exposed adult stems. Leaves cirrate; sheaths sparsely to densely covered in red brown scales, juvenile stems with distant whorls or partial whorls of robust slightly reflexed pale spines to 4 cm long, the whorls 6–7 cm apart, mature sheaths with far fewer spines, usually in groups of 2–7 in distant horizontal rows; knee absent; ocrea absent; petiole 5–30 cm long, longest in juvenile stems; rachis to 3 m long, covered in abundant reddish-brown indumentum; cirrus 1.5–2 m long; leaflets up to 30 on each side of the rachis, ± regularly arranged or in groups of 2–3, the longest to 45 by 5 cm, not bristly, shiny green adaxially, bright green abaxially. Inflorescences produced simultaneously from the topmost reduced leaves, the stems dying after flowering and fruiting, branching to 3 orders, male and female superficially similar, to 75 cm long with up to 25 pendulous or twisted partial inflorescences to 30 cm long, all axes covered in closely sheathing brown bracts with triangular tips. Mature fruit rounded or slightly oblate, c. 3 cm diam., with small black stigmatic remains, and covered with minute greenish scales. Seed rounded, slightly flattened at the base, c. 2.2 by 1.8 cm, the surface smooth, sarcotesta very thin; endosperm homogeneous. Seedling leaf bifid.",A.S. Barfod & J. Dransfield,,Forest Herbarium,2022-04-21,Rachun Pooma & Sawita Yooprasert,ref-THA-0000248194,Forest Herbarium,All rights reserved,"Myrialepis paradoxa . Flora of Thailand. Vol. 11. Part 3, 2013. Pg. 451. Accessed 2022-04-21",https://www.dnp.go.th/botany/eflora/floraspecies.html?tdcode=05239,11,3
wfo-4000025585,general,EN,"Small to moderate sized, solitary or clustering, monoecious palms. Stem slender with green internodes and distinct leaf scars at least distally, basally often with cone of adventitious roots. Leaf sheath tubular, forming a well-defined crownshaft; petiole well developed, unarmed; blade pinnately divided into several, single-folded leaflets, these reduplicate, evenly spaced, inserted in one plane, linear to sigmoid, acute or acuminate, sometimes and especially the apical ones joined with only a short indentation at the tip. Inflorescence protandrous, in Thai species infrafoliar, pendulous, branching to 1(–2) orders, sheathed in bud by thin, membranous prophyll; peduncular bracts incomplete; rachillae basally with protandrous triads of one central female flower and two lateral male flowers, distally with solitary or paired male flowers. Flowers sessile, cream white; male flower slightly longer than female flower, fleshy, with 6 free stamens, elongate anthers, and no pistillode; female flower with no or minute staminodes; gynoecium globose, uniloculate, stigmas three, sessile. Fruiting and flowering rachillae not distinctly different in colour; fruit ovoid, epicarp smooth; mesocarp thin, fleshy; endocarp composed of longitudinal fibres. Seed with deeply ruminate endosperm. Germination adjacent ligular.</br></br>Five species in S Indo-China to W Malesia. Two species and one variety in Thailand.",A.S. Barfod & J. Dransfield,,Forest Herbarium,2022-04-21,Rachun Pooma & Sawita Yooprasert,ref-THA-4000025585,Forest Herbarium,All rights reserved,"Nenga  . Flora of Thailand. Vol. 11. Part 3, 2013. Pg. 452. Accessed 2022-04-21",https://www.dnp.go.th/botany/eflora/floragenus.html?tdcode=05240,11,3
wfo-0000249904,general,EN,"Solitary palm. Stem 2–6 m tall, 4–6 cm diam. Leaves up to 7 in crown; sheath 20–45 cm long, forming a green to yellowish, swollen, up to 60 cm long crownshaft; petiole 10–55 cm long, blade 1.5–2 m long with up to 30 pinnae per side, longest ones in the middle, 30–65 cm long. Inflorescence branched to first order; peduncle 2–4 cm long; rachillae 3–4(–5), 25–40 cm long. Male flowers 0.6–1.3 cm long, calyx of male flower shorter than or equal to the corolla; female flowers with sepals 0.4–0.6 cm long, equal to or shorter than the petals. Fruit ellipsoid, 3–4 by 1.3–1.7 cm, with up to 0.3 cm long stigmatic remains, purplish black at maturity.",A.S. Barfod & J. Dransfield,,Forest Herbarium,2022-04-21,Rachun Pooma & Sawita Yooprasert,ref-THA-0000249904,Forest Herbarium,All rights reserved,"Nenga macrocarpa . Flora of Thailand. Vol. 11. Part 3, 2013. Pg. 453. Accessed 2022-04-21",https://www.dnp.go.th/botany/eflora/floraspecies.html?tdcode=05241,11,3
wfo-0000249909,general,EN,"Clustering palm. Individual stems 3–5 m tall, 3–6 cm diam. Leaves 5–7 in crown; leaf sheath 25–60 cm long, forming a green to yellowish, slightly swollen, up to 80 cm long crownshaft; petiole 4–50 cm long; blade 2–3 m long with up to 30 pinnae per side, longest ones in the middle, 35–70 cm long. Inflorescence branched to first order; peduncle 1.5–3 cm long; rachillae 2–4, 20–35 cm long. Male flowers 1.2–1.6(–2) cm long, calyx of male flower much longer than the corolla; female flower with sepals 0.3–0.4 cm long, equal to or slightly longer than the petals. Fruit ellipsoid, 2.5–3 by 1–1.5 cm, with up to 0.2 cm long stigmatic remains, with erect lobes, brick red at maturity.",A.S. Barfod & J. Dransfield,,Forest Herbarium,2022-04-21,Rachun Pooma & Sawita Yooprasert,ref-THA-0000249909,Forest Herbarium,All rights reserved,"Nenga pumila . Flora of Thailand. Vol. 11. Part 3, 2013. Pg. 453. Accessed 2022-04-21",https://www.dnp.go.th/botany/eflora/floraspecies.html?tdcode=05242,11,3
wfo-0000249910,general,EN,"Differs from the typical variety on West Java by having fruits that are 2.5–3 cm long (as opposed to 1.5–2 cm long), tipped by a trilobed stigma (as opposed to cushion-shaped stigma), ripening brick red (as opposed to orange brown) and drying with longitudinal ridges (as opposed to broad, shallow dimples).",A.S. Barfod & J. Dransfield,,Forest Herbarium,2022-04-21,Rachun Pooma & Sawita Yooprasert,ref-THA-0000249910,Forest Herbarium,All rights reserved,"Nenga pumila pachystachya. Flora of Thailand. Vol. 11. Part 3, 2013. Pg. 455. Accessed 2022-04-21",https://www.dnp.go.th/botany/eflora/florainfra.html?tdcode=05243,11,3
wfo-4000026428,general,EN,"Creeping, moderate sized palm, monoecious. Stem prostrate to subterranean, branching dichotomously, distinctively stepped by curved leaf scars; crown of few large, erect leaves. Leaf sheath splitting cleanly to the base, glabrous; petiole elongate, wide and channelled above proximally to rounded in cross section distally, unarmed; blade pinnately divided into numerous, regularly distributed, single-fold, reduplicate pinnae; individual pinnae coriaceous, apically acute, with prominent midrib bearing large, brown bifurcating ramenta, transverse veinlets inconspicuous. Inflorescence protogynous, interfoliar, erect, branching to 4-6 orders; peduncle elongate; prophyll, peduncular bract and rachis bracts tubular, splitting longitudinally, leathery brown; rachis shorter than peduncle; female flowers gathered in a single terminal head (rarely more), male rachillae borne on third to fifth order branches below, at male anthesis often overtopping the terminal head of female flowers; female flowers densely inserted on club-shaped apex on the inflorescence; perianthparts free; staminodes lacking; carpels three, free, much longer than perianth; asymmetrically urn-shaped with more or less lateral, funnel-shaped stigmatic opening; male flowers densely inserted on catkin-like rachillae, perianth similar to female flowers; stamens three, filaments and connective connate into a common stalk; pistillode lacking. Fruits aggregated in head-like structure, compressed and irregularly angled; epicarp smoooth; mesocarp fibrous; endocarp thick; endsosperm homogeneous. Germination adjacent, viviparous seedling eventually detached from mother plant by elongating plumule.</br></br>One species in Sri Lanka to Ryukyu Islands and Caroline Islands. Introduced and naturalized (invasive?) in West Africa, South America, Central America and the Caribbean.",A.S. Barfod & J. Dransfield,,Forest Herbarium,2022-04-21,Rachun Pooma & Sawita Yooprasert,ref-THA-4000026428,Forest Herbarium,All rights reserved,"Nypa  . Flora of Thailand. Vol. 11. Part 3, 2013. Pg. 455. Accessed 2022-04-21",https://www.dnp.go.th/botany/eflora/floragenus.html?tdcode=05244,11,3
wfo-0000252566,general,EN,"Creeping tree growing horizontally, and bifurcating at more or less regular intervals. Stem covered by marcescent leaves and persistent leaf bases above ground. Leaves 4–7 in crown, rarely more; sheath and petiole 1.3–1.8 m long; rachis 6–7 m long; pinnae 70–80 per side; the largest ones, the middle of the leaf up to 1.2 m long. Inflorescences 0.9–1.7 m long; peduncle 60–90 cm long, terete; prophyll approximately 30-40 cm long; peduncular bracts 20–30 cm long; rachis 30-80 cm long, rachis bracts tubular; first order branches 5–10; terminal head of female flowers globose, 6–8 cm diam.; male rachillae 7–12 cm long; female flowers with perianth 0.3–0.4 cm long, carpels 0.8–1.1 cm long, stigmatic opening 0.2–0.3 cm long, covered by viscid droplet at anthesis; male flowers much smaller than female flowers, perianth similar in size and shape; common stalk of three stamens 0.4–0.5 cm long. Fruit obovoid, angled, dark brown, 8–11 by 6–8 cm.",A.S. Barfod & J. Dransfield,,Forest Herbarium,2022-04-21,Rachun Pooma & Sawita Yooprasert,ref-THA-0000252566,Forest Herbarium,All rights reserved,"Nypa fruticans . Flora of Thailand. Vol. 11. Part 3, 2013. Pg. 456. Accessed 2022-04-21",https://www.dnp.go.th/botany/eflora/floraspecies.html?tdcode=05245,11,3
wfo-4000026856,general,EN,"Tall, clustering, monoecious palms. Individual stems slender, naked and ringed by scars, armed with robust spines below the crown, these usually eroded towards the base on old stems. Leaf sheath tubular forming a well defi ned crownshaft, densely covered by hairs and spines of varying lengths; petiole robust, armed similarly to the sheath in hair covering and armature; blade pinnately divided into numerous, single-fold, regularly arranged, reduplicate, apically acuminate pinnae, lacking spines. Inflorescence protandrous, infrafoliar, erect in bud to pendulous at anthesis, branching to 2 orders; peduncle short; prophyll coriaceous, with dense hair covering, more or less spiny; single peduncular bract similar to prophyll but more sparsely armed; rachis longer than peduncle; first order branches numerous to few, pendulous; rachillae basally with protandrous triads of one central female flower and two lateral male flowers, distally with solitary or paired male flowers. Flowers sessile, cream white; male flower slightly longer than female flower, with 6–9(–12) free stamens, elongate anthers and strongly reduced pistillode; female flower with highly reduced staminodes. Fruit globose, dark blue to black; epicarp smooth; mesocarp thin, fleshy, without fi bres; endocarp thin, crustaceous, with basal operculum. Seed with deeply ruminate endosperm. Germination adjacent ligular.</br></br>Five species in Sri Lanka to the Philippines. Two species in Thailand.",A.S. Barfod & J. Dransfield,,Forest Herbarium,2022-04-21,Rachun Pooma & Sawita Yooprasert,ref-THA-4000026856,Forest Herbarium,All rights reserved,"Oncosperma  . Flora of Thailand. Vol. 11. Part 3, 2013. Pg. 458. Accessed 2022-04-21",https://www.dnp.go.th/botany/eflora/floragenus.html?tdcode=05246,11,3
wfo-0000256781,general,EN,"Clustering palm with many stems per clump. Individual stems up to 20(–25) m tall, 15–25 cm diam. Leaves 10–20 in crown; leaf sheaths forming a 50–60 cm long, often swollen crownshaft, green and smooth proximally to beige and spiny distally; petiole 15–40 cm long; blade 3–3.5 m long, midrib often twisted 90˚ towards the distal end; pinnae 80–90 per side, held in one plane, curved, longest ones in the middle, 60–70 cm long. Inflorescence with 10–15 cm long peduncle; rachillae 20–25, almost equal in length, 60–100 cm long, yellow, pendulous, sinuous. Fruits globose, 1.5–1.8 cm diam., black at maturity.",A.S. Barfod & J. Dransfield,,Forest Herbarium,2022-04-21,Rachun Pooma & Sawita Yooprasert,ref-THA-0000256781,Forest Herbarium,All rights reserved,"Oncosperma horridum . Flora of Thailand. Vol. 11. Part 3, 2013. Pg. 458. Accessed 2022-04-21",https://www.dnp.go.th/botany/eflora/floraspecies.html?tdcode=05247,11,3
wfo-0000256784,general,EN,"Clustering palm with numerous stems per clump. Individual stems up to 20(–25) m tall, 10–15 cm diam. Leaves 10–20 in crown; leaf sheaths forming a 60–70 cm long crownshaft, greenish tinged to cream coloured, sparsely covered with up to 10 cm long spines; petiole 10–30 cm long; blade 2–3 m long; pinnae 55–70 per side, neatly pendulous from the base, longest ones in the middle, 50–60 cm long. Inflorescence with 15–20 cm long peduncle; rachillae 35–50, almost equal in length, 40–60 cm long. Fruits globose, 1–1.2 cm diam., black at maturity.",A.S. Barfod & J. Dransfield,,Forest Herbarium,2022-04-21,Rachun Pooma & Sawita Yooprasert,ref-THA-0000256784,Forest Herbarium,All rights reserved,"Oncosperma tigillarium . Flora of Thailand. Vol. 11. Part 3, 2013. Pg. 459. Accessed 2022-04-21",https://www.dnp.go.th/botany/eflora/floraspecies.html?tdcode=05248,11,3
wfo-4000027004,general,EN,"Tall solitary, monoecious palm. Stem naked, conspicuously ringed by leaf scars distally, unarmed. Leaf sheath deeply split, fibrous along margins, not forming a crownshaft; petiole variable in length, densely tomentose; blade pinnately divided into numerous pinnae, these unarmed, regularly arranged in one plane, linear-lanceolate, reduplicate, single-fold, apically praemorse, discolorous. Inflorescence protandrous, interfoliar, branching to 1–3 orders; peduncle variable in length, terete, often tomentose; prophyll included within the subtending leaf; peduncular bract 1(–2), large, conspicuous, enclosing inflorescence in bud, splitting longitudinally, eventually deciduous, apically with a flattened beak; rachillae spreading, flexuous, glabrous to tomentose, basally with protandrous triads of one central female flower and two lateral male flowers, distally with solitary or paired male flowers. Flowers sessile, creamy white, calyx much shorter than petals; male flower with 3–32, free or variously connate stamens, anthers elongate; female flower wider than the male, otherwise quite similar, with 3–11 staminodes, gynoecium trilocular, triovulate, with three short stigmas. Fruit developing from 1, 2 or 3 carpels, globose to lobed, greenish-yellow, orange or yellowish-brown at maturity, epicarp smooth, mesocarp thin or thick, fleshy, endocarp thin; endosperm homogeneous. Germination remote-tubular; eophyll usually bifid with praemorse tips.</br></br>Eighteen species from Madagascar, Peninsular Thailand to New Guinea. One species in Thailand.",A.S. Barfod & J. Dransfield,,Forest Herbarium,2022-04-21,Rachun Pooma & Sawita Yooprasert,ref-THA-4000027004,Forest Herbarium,All rights reserved,"Orania  . Flora of Thailand. Vol. 11. Part 3, 2013. Pg. 459. Accessed 2022-04-21",https://www.dnp.go.th/botany/eflora/floragenus.html?tdcode=05249,11,3
wfo-0000258670,general,EN,"Solitary palm to 20 m tall. Crown rounded in outline, with 15–20 leaves. Leaf sheath 30–50 cm long; petiole 30–110 cm long; rachis 2.5–3.5 m long, straight to slightly curved distally; pinnae 60–75 per side, longest ones in the middle, 80–100 cm long. Inflorescence with 30–60 cm long peduncle; first order branches 20–30, up to 30 cm long proximally; rachillae numerous 20–25 cm long, spreading to eventually drooping at fruit maturity. Fruits globose or 2–3 lobed, 3.5–4.5 cm diam., yellow at maturity.",A.S. Barfod & J. Dransfield,,Forest Herbarium,2022-04-21,Rachun Pooma & Sawita Yooprasert,ref-THA-0000258670,Forest Herbarium,All rights reserved,"Orania sylvicola . Flora of Thailand. Vol. 11. Part 3, 2013. Pg. 461. Accessed 2022-04-21",https://www.dnp.go.th/botany/eflora/floraspecies.html?tdcode=05250,11,3
wfo-4000029298,general,EN,"Shrubby, creeping to large palms, solitary or clustered, dioecious. Stem with spirally arranged, closely inserted leaf bases. Leaf sheath dissolving in fibrous mesh; petiole short to elongate; blade pinnately divided into single-folded, induplicate leaflets, regularly arranged in one plane or grouped in various ways and pointing in different directions, the proximal ones modified as spines. Inflorescence interfoliar, branching to 1 order, male and female inflorescences more or less similar until anthesis; peduncle flattened, elongating in female inflorescence after anthesis, peduncular and rachis bracts strongly reduced and inconspicuous; rachillae numerous, often inserted in groups along the rachis, with spirally arranged solitary flowers. Male flower ovoid in bud, with sepals connate forming a low cupule; petals free, much longer than the calyx; stamens (3–)6(–9), free or shortly adnate to corolla, with short filament and elongate anther, pistillode lacking; female flower globose, about ½ the length of the male flower, petals about twice as long as the calyx cupule, staminodes reduced and inconspicuous; carpels three, free, with short, narrow recurved stigma. Infructescence long pedunculate. Fruit usually developing from one carpel, ovoid to oblong; epicarp smooth, mesocarp fleshy; endocarp membranous. Seed with homogeneous endosperm in Thai species. Germination remote tubular.</br></br>Fourteen species in Africa, Crete to W & C Malesia. Three species and one variety in Thailand.",A.S. Barfod & J. Dransfield,,Forest Herbarium,2022-04-21,Rachun Pooma & Sawita Yooprasert,ref-THA-4000029298,Forest Herbarium,All rights reserved,"Phoenix  . Flora of Thailand. Vol. 11. Part 3, 2013. Pg. 461. Accessed 2022-04-21",https://www.dnp.go.th/botany/eflora/floragenus.html?tdcode=05251,11,3
wfo-0000269784,general,EN,"Loosely clustering to solitary palm. Stem 1–5 m tall, 10–30 cm diam., with densely inserted persistent leaf bases. Leaves up to 2 m long; leaf sheath not ligulate; blade with 80–130 leaflets per side, in groups of 3–4 proximally, pointing in different directions, concolorous or discolorous and bluish-green abaxially, acanthophylls 14–16 per side, up to 20 cm long. Male inflorescence erect, peduncle 10–15 cm long, rachillae 25–30, 8–12 cm long, male flowers 0.5–0.8 cm long; female inflorescence erect, peduncle 1–1.5 m long, rachillae 30–40, 30–40 cm long, female flowers 0.3–0.4 cm long. Infructescence 1.4–1.6 m long, arching at maturity, rachillae with fruits only in distal ⅔–½. Fruits ovoid to obovoid, 0.9–1.8 by 0.5–0.9 cm, rounded in cross section.",A.S. Barfod & J. Dransfield,,Forest Herbarium,2022-04-21,Rachun Pooma & Sawita Yooprasert,ref-THA-0000269784,Forest Herbarium,All rights reserved,"Phoenix loureiroi . Flora of Thailand. Vol. 11. Part 3, 2013. Pg. 462. Accessed 2022-04-21",https://www.dnp.go.th/botany/eflora/floraspecies.html?tdcode=05252,11,3
wfo-0000269791,general,EN,"Clustering, forming large, dense clumps. Stem 2–5 m tall, 5–8 cm in diam on clean part, with dead leaves persistent below crown, leaf base scars annular. Leaves 2–3 m long; leaf sheath ligulate; blade with 30-60 leaflets per side, in groups of 3-4, pointing in different directions, discolorous, adaxially green, abaxially greyish, acanthophylls 11–19 per side, up to 8 cm long. Male inflorescence erect, peduncle 20-30 cm long, rachillae 30-50, 5-10 cm long; male flowers 0.7-0.9 cm long; female inflorescence erect, peduncle 20-30 cm long, rachillae 20-40, 9-30 cm long; female flowers 0.35-0.5 cm long. Infructescence 1–1.5 m long, erect at maturity, rachillae with fruits throughout. Fruits ovoid-ellipsoid, 1-1.2 by 0.7-1 cm, somewhat flattened in cross section.",A.S. Barfod & J. Dransfield,,Forest Herbarium,2022-04-21,Rachun Pooma & Sawita Yooprasert,ref-THA-0000269791,Forest Herbarium,All rights reserved,"Phoenix paludosa . Flora of Thailand. Vol. 11. Part 3, 2013. Pg. 463. Accessed 2022-04-21",https://www.dnp.go.th/botany/eflora/floraspecies.html?tdcode=05253,11,3
wfo-0000269803,general,EN,"Loosely clustering. Stems 1–3 m tall, often with acaulescent suckers basally, 8–10 cm diam., with densely inserted persistent leaf bases. Leaves 1–2 m long, arching; leaf sheath not ligulate; blade with 25-50 leaflets per side, regularly arranged in one plane, concolorous, deep green, acanthophylls 10-14 per side, up to 8 cm long. Male inflorescence pendulous, peduncle 20-30 cm long, rachillae 15-20, 7-20 cm long; male flowers 0.8-0.9 cm long; female inflorecence erect, peduncle 20-30 cm long, rachillae 40-50; female flowers 0.5-0.6 cm long. Infructescence 1.2-1.5 m long, arching at maturity. Fruits abovoid, 1.3-1.8 by 0.6-0.7 cm, rounded in cross section.",A.S. Barfod & J. Dransfield,,Forest Herbarium,2022-04-21,Rachun Pooma & Sawita Yooprasert,ref-THA-0000269803,Forest Herbarium,All rights reserved,"Phoenix roebelenii . Flora of Thailand. Vol. 11. Part 3, 2013. Pg. 463. Accessed 2022-04-21",https://www.dnp.go.th/botany/eflora/floraspecies.html?tdcode=05254,11,3
wfo-4000029303,general,EN,"Tall, solitary palm, hermaphrodite. Stem erect, ringed with inconspicuous leaf scars. Leaf costapalmate, induplicate; sheath dissolving in mesh of reddish-brown fibres; petiole elongate, often with two conspicuous, yellowish stripes, armed along the margins with very long, robust, horizontal, basally swollen spines; adaxial hastula conspicuous, triangular, abaxial hastula inconspicuous or lacking; blade splitting deeply into 3–4 folded segment groups along adaxial ribs almost to the hastula, individual segments futher divided to ½–⅔ the radius into single-folded, apically indented segments. Inflorescence interfoliar; branched to 4 orders; peduncular bracts 1–6, conspicuous, tubular; rachis longer than peduncle; rachis bracts tubular; rachillae with spirally arranged flowers, solitary or in groups of 2–3. Flower sessile on low tubercles, calyx shallowly cup-shaped; petals free; stamens 6, connate to form a conspicuous tube, free from the corolla; gynoecium hairy, united apically in a slender style. Fruit one-seeded, large, orange to brown, globose; epicarp smooth or cracked in the Thai species into numerous corky warts; mesocarp thick, more or less fleshy, orange; endocarp crustaceous. Seed with thick, homogeneous endosperm, penetrated laterally by a convoluted intrusion of the seed coat. Germination remote-tubular.</br></br>Six species in Peninsular Thailand to Malesia. One species in Thailand.",A.S. Barfod & J. Dransfield,,Forest Herbarium,2022-04-21,Rachun Pooma & Sawita Yooprasert,ref-THA-4000029303,Forest Herbarium,All rights reserved,"Pholidocarpus  . Flora of Thailand. Vol. 11. Part 3, 2013. Pg. 465. Accessed 2022-04-21",https://www.dnp.go.th/botany/eflora/floragenus.html?tdcode=05255,11,3
wfo-0000269816,general,EN,"Palm tree up to 30 m tall. Stem 25–30 cm diam.; crown of 40–50 leaves. Leaf sheath dissolved in abundant, reddish-brown, fibrous mesh, apically extended in up to 40 cm long ligule; petiole 1.6–2.5 m long, glossy dark green, abaxially with two longitudinal stripes, armed with straight 4–5(–7) cm long, basally swollen spines, distantly inserted and decreasing in length towards the distal end; blade untidy looking with age, up to 2 m across, divided almost to the hastula into 12–14, 3–4 folded segment groups; these again divided to ⅓–⅔ of the radius into single-folded segments, with stiff to eventually drooping tips. Inflorescence, peduncle and rachis more or less equal in length, 0.8–1 m; first order branches 5–7, rachillae numerous, 15–25 cm long. Fruit 10–12(–15) cm diam., corky-warty, brown at maturity.",A.S. Barfod & J. Dransfield,,Forest Herbarium,2022-04-21,Rachun Pooma & Sawita Yooprasert,ref-THA-0000269816,Forest Herbarium,All rights reserved,"Pholidocarpus macrocarpus . Flora of Thailand. Vol. 11. Part 3, 2013. Pg. 465. Accessed 2022-04-21",https://www.dnp.go.th/botany/eflora/floraspecies.html?tdcode=05256,11,3
wfo-4000029763,general,EN,"Small, understorey palms, seldom moderately tall. Stems clustered or less often solitary, usually ringed with prominent leaf scars. Leaves pinnate or occasionally undivided; leaf sheaths closed and forming a prominent crownshaft, rarely crownshaft not developing; pinnae regularly arranged along the rachis and spreading in the same plane, linear to sigmoid, 1- to several-veined; pinnae at leaf apex joined with only a short split at the tip, giving praemorse appearance. Inflorescences branched to one order, sometimes spicate, borne below the crownshaft, rarely among the leaves; rachillae covered initially with prophyll only, peduncular bract absent; rachillae few, usually pendulous, glabrous or seldom variously hairy. Flowers borne in triads, the triads spirally arranged or more often distichously arranged along the rachillae. Fruits small to moderate, spindle-shaped, commonly beaked, red, orange, or black, 1-seeded. Seed with ruminate endosperm, germination adjacent, eophyll bifid.</br></br>About 130 species from India through Indo-China and into southeast Asia to New Guinea. Fifteen species in Thailand.",A.S. Barfod & J. Dransfield,,Forest Herbarium,2022-04-21,Rachun Pooma & Sawita Yooprasert,ref-THA-4000029763,Forest Herbarium,All rights reserved,"Pinanga  . Flora of Thailand. Vol. 11. Part 3, 2013. Pg. 466. Accessed 2022-04-21",https://www.dnp.go.th/botany/eflora/floragenus.html?tdcode=05257,11,3
wfo-0000273614,general,EN,"Stems clustered, to 8 m tall, 4–5 cm diam., green. Leaves pinnate; sheaths 30–60 cm long, whitish-green to yellowish with purplish hairs; petioles 30–50 cm long; rachis to 2 m long; pinnae to 26 per side of rachis, green abaxially, linear, regularly arranged, closely spaced, the middle ones 50–65 by 1.5–4 cm. Inflorescences pendulous; peduncles 3.5–4 cm long, 1 cm wide; rachis 3.5–4 cm long; rachillae 5–7, 18–35 cm long, zig-zag, triangular in cross-section, glabrous; triads arranged distichously, superficial on the rachillae. Male flowers not seen; female flowers to 0.3 cm long; sepals to 0.3 cm long, rounded at the apices, hairy on the margins; petals to 0.3 cm long, ciliate. Fruits ovoid to obovoid, 1–1.8 by 0.6–1.2 cm, ripening red to purplish-black.",A.S. Barfod & J. Dransfield,,Forest Herbarium,2022-04-21,Rachun Pooma & Sawita Yooprasert,ref-THA-0000273614,Forest Herbarium,All rights reserved,"Pinanga adangensis . Flora of Thailand. Vol. 11. Part 3, 2013. Pg. 467. Accessed 2022-04-21",https://www.dnp.go.th/botany/eflora/floraspecies.html?tdcode=05258,11,3
wfo-0000273623,general,EN,"Stems solitary, to 4 m tall, 1.5–3 cm diam., green with silvery-brown hairs. Leaves pinnate; sheaths 25–50 cm long, whitish-green with brown hairs; petioles 15–30 cm long; rachis 0.5–1 m long; pinnae 5–10 per side of rachis, discolorous, sigmoid, regularly arranged, distantly spaced, the middle ones 25–30 by 7–13 cm. Inflorescences pendulous; peduncles 1.2 by 0.7 cm; rachis 0.3 cm long; rachillae 2–6, 8–15 cm long, straight, rectangular in cross-section, glabrous; triads arranged distichously, superficial on the rachillae. Male flowers 0.5 cm long, sessile; sepals 0.1 cm long, broad triangular, minutely joined at the base; petals 5 by 0.25 cm, triangular, valvate; stamens c. 9; female flowers 0.2 cm long; sepals 0.2 cm long, rounded at the apices, scarcely ciliate; petals 0.2 cm long, scarcely ciliate. Fruits ellipsoid to globose, 2 by 0.6 cm, ripening red to black.",A.S. Barfod & J. Dransfield,,Forest Herbarium,2022-04-21,Rachun Pooma & Sawita Yooprasert,ref-THA-0000273623,Forest Herbarium,All rights reserved,"Pinanga auriculata . Flora of Thailand. Vol. 11. Part 3, 2013. Pg. 467. Accessed 2022-04-21",https://www.dnp.go.th/botany/eflora/floraspecies.html?tdcode=05259,11,3
wfo-0000273625,general,EN,Fruits ripening from creamy white to red then black.,A.S. Barfod & J. Dransfield,,Forest Herbarium,2022-04-21,Rachun Pooma & Sawita Yooprasert,ref-THA-0000273625,Forest Herbarium,All rights reserved,"Pinanga auriculata leucocarpa. Flora of Thailand. Vol. 11. Part 3, 2013. Pg. 468. Accessed 2022-04-21",https://www.dnp.go.th/botany/eflora/florainfra.html?tdcode=05260,11,3
wfo-0000273626,general,EN,Fruits ripening from red to black.,A.S. Barfod & J. Dransfield,,Forest Herbarium,2022-04-21,Rachun Pooma & Sawita Yooprasert,ref-THA-0000273626,Forest Herbarium,All rights reserved,"Pinanga auriculata merguiensis. Flora of Thailand. Vol. 11. Part 3, 2013. Pg. 468. Accessed 2022-04-21",https://www.dnp.go.th/botany/eflora/florainfra.html?tdcode=05261,11,3
wfo-0000273627,general,EN,"Stems clustered, to 3 m tall, 1.5–2.5 cm diam., greenish-brown. Leaves pinnate; sheaths 30 cm long, green with brownish hairs; petioles 35–90 cm long; rachis 1.3–1.8 m long; pinnae 17–23 per side of rachis, green abaxially, linear, regularly arranged, the middle ones c. 38 by 2.5 cm. Inflorescences pendulous; peduncles c. 3 cm long; rachis short; rachillae 2–3, 9–15 cm long, straight, rectangular in cross-section, glabrous; triads arranged distichously. Male flowers not seen, deciduous; female flowers to 0.3 cm long; sepals to 0.3 cm long, rounded at the apices, ciliate; petals to 0.3 cm long, ciliate. Fruits ovoid, 1.5–1.7 by 0.5–0.8 cm, pink or red.",A.S. Barfod & J. Dransfield,,Forest Herbarium,2022-04-21,Rachun Pooma & Sawita Yooprasert,ref-THA-0000273627,Forest Herbarium,All rights reserved,"Pinanga badia . Flora of Thailand. Vol. 11. Part 3, 2013. Pg. 468. Accessed 2022-04-21",https://www.dnp.go.th/botany/eflora/floraspecies.html?tdcode=05262,11,3
wfo-0000273688,general,EN,"Stems clustered, to 4 m tall, 3–5 cm diam., greenish-brown. Leaves pinnate; sheaths to 34 cm long, green with reddish-brown hairs; petioles 0.7–1 m long; rachis to 2 m long; pinnae 8 per side of rachis, concolorous, linear, regularly arranged, distantly spaced, the middle ones to 70 by 6–15 cm. Inflorescences pendulous; peduncles c. 2.5 by 0.7 cm; rachis 1 cm long; rachillae 5, to 17 cm long, zig-zag, rectangular in cross-section, glabrous; triads arranged distichously, superficial on the rachillae; male flowers 1.1 cm long, not pedicellate; sepals 0.4 cm long, narrowly triangular, joined at the base; petals 1 cm long, triangular, valvate but spreading at the apices. Male flowers with stamens c. 43; female flowers c. 0.35 cm long; sepals c. 0.25 cm long, rounded at the apices, sparsely ciliate; petals c. 0.25 cm long, sparsely ciliate. Fruits ovoid, to 3 by 1.5 cm, brownish-yellow.",A.S. Barfod & J. Dransfield,,Forest Herbarium,2022-04-21,Rachun Pooma & Sawita Yooprasert,ref-THA-0000273688,Forest Herbarium,All rights reserved,"Pinanga fractiflexa . Flora of Thailand. Vol. 11. Part 3, 2013. Pg. 469. Accessed 2022-04-21",https://www.dnp.go.th/botany/eflora/floraspecies.html?tdcode=05264,11,3
wfo-0000273735,general,EN,"Stems clustered, less often solitary, to 7 m tall, 3.8–7 cm diam., green. Leaves pinnate; sheaths 35–50 cm long, green to yellowish with purplish hairs; petioles 0.4–1.3 m long; rachis 1.4–2.2 m long; pinnae 24–28 per side of rachis, greyish abaxially, linear, regularly arranged, the middle ones 60–90 by 3.5–7 cm. Inflorescences pendulous; peduncles 5–6 by 2 cm; rachis 2.5–3 cm long; rachillae 3–6, 20–29 cm long, thick and stout, zig-zag, rectangular in cross-section, glabrous; triads arranged distichously, superficial on rachillae. Male flowers not seen; female flowers 0.5 cm long; sepals 0.5 cm long, rounded at the apices, scarcely ciliate; petals 0.5 cm long, scarcely ciliate. Fruits oblong to ovoid, to 2.5 by 1–1.5 cm, ripening green to yellowish-red to purplish-black.",A.S. Barfod & J. Dransfield,,Forest Herbarium,2022-04-21,Rachun Pooma & Sawita Yooprasert,ref-THA-0000273735,Forest Herbarium,All rights reserved,"Pinanga malaiana . Flora of Thailand. Vol. 11. Part 3, 2013. Pg. 470. Accessed 2022-04-21",https://www.dnp.go.th/botany/eflora/floraspecies.html?tdcode=05265,11,3
wfo-0000273758,general,EN,"Pinnae multi-veined, 3–8 per side of rachis.",A.S. Barfod & J. Dransfield,,Forest Herbarium,2022-04-21,Rachun Pooma & Sawita Yooprasert,ref-THA-0000273758,Forest Herbarium,All rights reserved,"Pinanga paradoxa paradoxa. Flora of Thailand. Vol. 11. Part 3, 2013. Pg. 471. Accessed 2022-04-21",https://www.dnp.go.th/botany/eflora/florainfra.html?tdcode=05267,11,3
wfo-0000273767,general,EN,"Stems clustered, to 2.5 m tall, 1.5–4 cm diam., reddish. Leaves pinnate; sheaths 20–45 cm long, yellow or orange with reddish-brown or purple hairs; petioles 25–60 cm long; rachis 1.8–2 m long; pinnae 15–23 per side of rachis, light grey abaxially, linear, regularly arranged, closely spaced, the middle ones 45–75 by 1.5–4 cm. Inflorescences pendulous; peduncles 1–1.4 by 0.3–0.4 cm; rachis c. 0.5 cm long; rachillae 3–7, 5–8 cm long, straight, rectangular in cross-section, glabrous; triads arranged distichously, superfi cial on the rachillae. Male flowers c. 0.35 cm long, not pedicellate; sepals c. 0.35 cm long, triangular, joined at the base; petals c. 0.3 cm long, triangular; stamens 6; female flowers c. 0.3 cm long; sepals c. 0.2 cm long, rounded at the apices, ciliate; petals c. 0.2 cm long, ciliate. Fruits oblong to ellipsoid, to 2 by 1 cm, ripening pink to black.",A.S. Barfod & J. Dransfield,,Forest Herbarium,2022-04-21,Rachun Pooma & Sawita Yooprasert,ref-THA-0000273767,Forest Herbarium,All rights reserved,"Pinanga perakensis . Flora of Thailand. Vol. 11. Part 3, 2013. Pg. 471. Accessed 2022-04-21",https://www.dnp.go.th/botany/eflora/floraspecies.html?tdcode=05268,11,3
wfo-0000273771,general,EN,"Stems clustered, rarely solitary, to 3 m tall, 1.5–2 cm diam., reddish. Leaves pinnate; sheaths 15 cm long, yellowish with brown hairs; petioles to 30 cm long; rachis to 0.5 m long; pinnae 2–3 per side of rachis, often mottled, silvery grey abaxially, falcate, regularly arranged, closely spaced, the middle ones 35–45 by 6–12 cm. Inflorescences erect; peduncles 1.5 by 0.4 cm; rachis very short or absent; rachillae 1–4, to 10 cm long, straight, rounded in cross-section, glabrous; triads arranged spirally, superficial on the rachillae. Male flowers 0.5 cm long, not pedicellate; sepals 0.15 cm long, triangular, united at base; petals 0.35 cm long, triangular, valvate; stamens 12; female flowers 0.2 cm long; sepals 0.15 cm long, rounded at the apices, ciliate; petals 0.15 cm long, ciliate. Fruits ovoid, to 1.4 by 1.2 cm, purple-black.",A.S. Barfod & J. Dransfield,,Forest Herbarium,2022-04-21,Rachun Pooma & Sawita Yooprasert,ref-THA-0000273771,Forest Herbarium,All rights reserved,"Pinanga polymorpha . Flora of Thailand. Vol. 11. Part 3, 2013. Pg. 471. Accessed 2022-04-21",https://www.dnp.go.th/botany/eflora/floraspecies.html?tdcode=05269,11,3
wfo-0000273781,general,EN,"Stems loosely clustered and spreading by rhizomes, to 5 m tall, 1–3 cm diam., greenish. Leaves pinnate; sheaths 15–23 cm long, green with silvery-grey hairs; petioles to 15 cm long; rachis 0.5–0.8 m long; pinnae 3–9 per side of rachis, discolorous, linear, regularly arranged, distantly spaced, the middle ones to 25 by 4–6 cm. Inflorescences pendulous; peduncles 1.5–2.5 by 0.4–0.6 cm; rachis 1–2 cm long; rachillae 2–4, 12–20 cm long, straight, glabrous/tomentose; triads arranged distichously, superficial on the rachillae. Male flowers pale pink; sepals c. 0.1 by 0.1 cm; petals triangular c. 0.8 by 0.4 cm; stamens 10–16; female flowers c. 0.3 by 0.3 cm; sepals c. 0.2 cm long, rounded, smooth; petals c. 0.2 cm long, smooth. Fruits oblong to ellipsoid, to 1.3 by 0.7 cm, ripening red to black.",A.S. Barfod & J. Dransfield,,Forest Herbarium,2022-04-21,Rachun Pooma & Sawita Yooprasert,ref-THA-0000273781,Forest Herbarium,All rights reserved,"Pinanga riparia . Flora of Thailand. Vol. 11. Part 3, 2013. Pg. 472. Accessed 2022-04-21",https://www.dnp.go.th/botany/eflora/floraspecies.html?tdcode=05270,11,3
wfo-0000273793,general,EN,"Stems clustered, forming loose clumps, 2–4 m tall, 2.5–5 cm diam., green or yellowish. Leaves pinnate; sheaths 26–60 cm long, green to yellowish; petioles 0.35–1 m long; rachis 2–2.5 m long; pinnae (2–)5–22 per side of rachis, green abaxially, sometimes mottled light and dark green, linear to broadly falcate, regularly arranged, the middle ones 45–50 by 2.5–5 cm. Inflorescences erect; peduncles 0.8–2.5 by 0.5–0.7 cm; rachis 1–1.5 cm long; rachillae 3–9, 9.5–15.3 cm long, straight, triangular in cross-section, glabrous; flowers arranged spirally. Male flowers 1 cm long, not pedicellate; sepals 0.3 cm long, narrowly triangular, connate at base; petals 0.9 cm long, triangular, valvate; stamens 25; female flowers to 0.25 cm long; sepals to 0.25 cm long, apiculate, scarcely ciliate; petals to 0.2 cm long, scarcely ciliate. Fruits ovoid to ellipsoid, 1.5–1.6 by 1 cm, black.",A.S. Barfod & J. Dransfield,,Forest Herbarium,2022-04-21,Rachun Pooma & Sawita Yooprasert,ref-THA-0000273793,Forest Herbarium,All rights reserved,"Pinanga scortechinii . Flora of Thailand. Vol. 11. Part 3, 2013. Pg. 472. Accessed 2022-04-21",https://www.dnp.go.th/botany/eflora/floraspecies.html?tdcode=05271,11,3
wfo-0000273799,general,EN,"Leaves undivided, sometimes with 2–3 pinnae per side of rachis.",A.S. Barfod & J. Dransfield,,Forest Herbarium,2022-04-21,Rachun Pooma & Sawita Yooprasert,ref-THA-0000273799,Forest Herbarium,All rights reserved,"Pinanga simplicifrons simplicifrons. Flora of Thailand. Vol. 11. Part 3, 2013. Pg. 473. Accessed 2022-04-21",https://www.dnp.go.th/botany/eflora/florainfra.html?tdcode=05273,11,3
wfo-0000273809,general,EN,"Stems clustered, to 1.5 m tall, 0.5 cm diam., dark reddish-brown at the base, dull green by crownshaft, with abundant dark reddish-brown scales. Leaves pinnate or undivided; sheaths 6–8 cm long, dull green with scattered dark reddish-brown scales; petioles 2.5–8 cm long; rachis 12–20 cm long; pinnae 2–15 per side of rachis, or leaf undivided, bi- or concolorous, pinnae when present linear to sigmoid, regularly arranged, closely to widely spaced, the middle ones 10–25 by 1–2.5 cm. Inflorescences pendulous, spicate; peduncles less than 1 by 0.2 cm; rachillae, 4–6 cm long, straight or slightly zig-zag, 0.1 cm in cross-section, glabrous; triads arranged distichously, superficial on rachillae. Male flowers 0.6 cm long, sessile; sepals 0.5 mm long, acute, slightly joined at the base; petals 0.4–0.6 cm long, triangular, valvate; stamens c. 9; female flowers c. 0.3 by 0.3 cm; sepals c. 0.2 cm long, acuminate, minutely ciliate; petals c. 0.2 cm long, minutely ciliate. Fruits spindle-shaped to curved when young, swelling to become narrow ellipsoid at maturity, 1.3–2 by 0.35–0.5 cm, red.",A.S. Barfod & J. Dransfield,,Forest Herbarium,2022-04-21,Rachun Pooma & Sawita Yooprasert,ref-THA-0000273809,Forest Herbarium,All rights reserved,"Pinanga subintegra . Flora of Thailand. Vol. 11. Part 3, 2013. Pg. 473. Accessed 2022-04-21",https://www.dnp.go.th/botany/eflora/floraspecies.html?tdcode=05274,11,3
wfo-0001317027,general,EN,"Pinnae widely spaced, 3 per side of rachis.",A.S. Barfod & J. Dransfield,,Forest Herbarium,2022-04-21,Rachun Pooma & Sawita Yooprasert,ref-THA-0001317027,Forest Herbarium,All rights reserved,"Pinanga subintegra intermedia. Flora of Thailand. Vol. 11. Part 3, 2013. Pg. 474. Accessed 2022-04-21",https://www.dnp.go.th/botany/eflora/florainfra.html?tdcode=05275,11,3
wfo-0000273812,general,EN,"Stems clustered, to 6 m tall, 1.5–3.5 cm diam., brownish. Leaves pinnate; sheaths 17–45 cm long, green or yellowish, with reddish hairs; petioles 10–25 cm long; rachis 1–1.3 m long; pinnae 10–28 per side of rachis, green abaxially, linear, distantly spaced, regularly arranged, the middle ones 39–60 by 2–5 cm. Inflorescences pendulous, occasionally erect; peduncles 2.5–6 by 0.7 cm; rachis 0.5–2.5 cm long; rachillae 3–8, 9–26 cm long, zig-zag, triangular in cross-section, glabrous; triads distichously arranged, superficial on the rachillae. Male flowers not seen; female flowers to 0.3 cm long; sepals to 0.3 cm long, rounded at the apices, ciliate; petals to 0.3 cm long, ciliate. Fruits ellipsoid, 1.4–1.8 by 0.5–0.7 cm, red.",A.S. Barfod & J. Dransfield,,Forest Herbarium,2022-04-21,Rachun Pooma & Sawita Yooprasert,ref-THA-0000273812,Forest Herbarium,All rights reserved,"Pinanga sylvestris . Flora of Thailand. Vol. 11. Part 3, 2013. Pg. 474. Accessed 2022-04-21",https://www.dnp.go.th/botany/eflora/floraspecies.html?tdcode=05276,11,3
wfo-0000273833,general,EN,"Stems clustered, to 2.5 m tall, 1.5 cm diam., dark purplish-brown at the base, green near the crownshaft. Leaves pinnate; sheaths 14–27 cm long, yellowish with brown scales; petioles 10–13 cm long; rachis to 0.7 m long; pinnae 8–13 per side of rachis, usually mottled, somewhat discolorous, linear, regularly arranged, closely spaced, the middle ones 30–35 by 1.3–1.6 cm. Inflorescences pendulous or sometimes erect, spicate or with up to 4 rachillae; peduncles 1–1.8 by 0.2–0.3 cm; rachis, if developed, very short, to 0.5 cm long; rachillae 1–4, 5–20 cm long, straight, circular in cross-section, glabrous; triads arranged distichously, superficial on rachillae. Male flowers not recorded; female flowers c. 0.25 cm long; sepals c. 0.2 by 0.2 cm, rounded, minutely ciliate; petals c. 0.2 by 0.2 cm, minutely ciliate. Fruits ovoid to spindle-shaped, to 1.5 by 1 cm, ripening red to black.",A.S. Barfod & J. Dransfield,,Forest Herbarium,2022-04-21,Rachun Pooma & Sawita Yooprasert,ref-THA-0000273833,Forest Herbarium,All rights reserved,"Pinanga watanaiana . Flora of Thailand. Vol. 11. Part 3, 2013. Pg. 475. Accessed 2022-04-21",https://www.dnp.go.th/botany/eflora/floraspecies.html?tdcode=05277,11,3
wfo-4000030195,general,EN,"Moderate to robust, solitary or clustering, high-climbing, dioecious hapaxanthic rattans. Leaf sheath without knee, usually armed with partial whorls of spines and indumentum; ocrea inconspicuous. Leaf frequently very robust, terminating in a long cirrus; petiole present or absent; leaflets numerous, usually irregularly arranged, grouped and fanned within the groups, often discolorous. Male and female inflorescences superficially similar, produced simultaneously from the topmost nodes; primary axes held ± horizontally, stiff; secondary axes limply pendulous, bearing close imbricate distichous bracts, each one subtending and ± hiding a short branch bearing the flowers. Male flowers with calyx short, terminating in 3 teeth; corolla with 3 petals free almost to the base; stamens 6, shortly epipetalous; pistillode minute; female flower with calyx terminating in 3 lobes; corolla with 3 petals free almost to the base; pistil with fimbriate scaly ovary and 3 stigmas. Fruit 1-seeded, covered in fimbriate or smooth margined scales, the scale tips often reflexed; mesocarp quite thick. Seed with thin sarcotesta; endosperm homogeneous; embryo basal. Seedling leaf lanceolate, undivided; second seedling leaf bifid.</br></br>Sixteen species in E. Himalaya to Hainan and Malesia. Three species in Thailand.",A.S. Barfod & J. Dransfield,,Forest Herbarium,2022-04-21,Rachun Pooma & Sawita Yooprasert,ref-THA-4000030195,Forest Herbarium,All rights reserved,"Plectocomia  . Flora of Thailand. Vol. 11. Part 3, 2013. Pg. 475. Accessed 2022-04-21",https://www.dnp.go.th/botany/eflora/floragenus.html?tdcode=05278,11,3
wfo-0000275155,general,EN,"Robust, solitary rattan. Stem climbing to 50 m, without sheaths to 6 cm diam. near the base, to 10 cm or more in upper parts, with sheaths to 20 cm diam., internodes to 30 cm long; lower parts of old stems frequently with bulbil-like shoots from the nodes. Leaves cirrate; sheaths dull green, armed with horizontal or oblique combs of golden brown or deep reddish-brown spines to 4 cm long, and abundant white or buff-coloured indumentum; knee absent; petiole to c. 30 cm long; rachis to 4 m long; cirrus to 3 m long; leaflets to c. 60 on each side of the rachis, arranged irregularly in groups of two to seven and fanned within the groups, bluish-green on the upper surface, whitish beneath. Inflorescences produced from the top 7–10 nodes, to c. 80 cm long and bearing c. 12 crowded pendulous branches to c. 1 m; bracts chestnut brown, c. 7 by 5 cm, with triangular tips but scarcely truncate. Male flowers up to c. 20 within each bract; female flowers 3–9 within each bract, ± completely concealed. Mature fruit c. 8 within each bract (if fewer, then fruit larger), very crowded, c. 1.5 cm diam., with reflexed stigmas and covered in c. 50 vertical rows of fimbriate-margined reddish-brown scales. Seed c. 1 cm diam. Seedling leaf lanceolate, undivided.",A.S. Barfod & J. Dransfield,,Forest Herbarium,2022-04-21,Rachun Pooma & Sawita Yooprasert,ref-THA-0000275155,Forest Herbarium,All rights reserved,"Plectocomia elongata . Flora of Thailand. Vol. 11. Part 3, 2013. Pg. 476. Accessed 2022-04-21",https://www.dnp.go.th/botany/eflora/floraspecies.html?tdcode=05279,11,3
wfo-0000275161,general,EN,"Robust clustering rattan. Stem climbing to 10 m or more, without sheaths 0.5–4 cm diam., with sheaths 1–10 cm diam., internodes up to c. 30 cm long. Leaves cirrate; leaf sheath mid green, armed with abundant combs of yellow slender spines not exceeding 1.5 cm long, the spines in groups of 20 or more, caducous pale indumentum present on sheath and spines; ocrea absent; knee absent, flagellum absent; petiole very short or absent in distal leaves, to 3 cm long, c. 2 cm wide, deeply channelled; rachis to 3 m long; cirrus to c. 1 m long; leaflets over 40 on each side of the rachis, irregularly arranged in groups and fanned within the groups, the largest 45–50 by 3.5–4 cm, long acuminate in a fine thread to 7 cm long, the lower surface the same colour as the upper surface, never having grey indumentum. Inflorescences produced simultaneously in the axils of many uppermost leaves, the male and female superficially similar, to 2 m long and bearing pendulous first order branches to 80 cm long, bearing conspicuous pale brown bracts, tubular at first, soon splitting along their length, each subtending a short rachilla, bracts in male inflorescences 4–5.5 cm long, male rachillae 2–2.8 cm long, bracts in female inflorescence 4–5.5 cm long, female rachillae 1.2–2.5 cm long, all bracts becoming chestnut brown with age and persisting to fruiting. Fruit at maturity rounded, to 1.5 cm diam., with a short beak to 0.2 by 0.2 cm and covered in c. 26 vertical rows of dull brown scales with smooth margins and non-spiny tips. Seed rounded, basally somewhat flattened, c. 0.9 cm diam.; endosperm homogeneous.",A.S. Barfod & J. Dransfield,,Forest Herbarium,2022-04-21,Rachun Pooma & Sawita Yooprasert,ref-THA-0000275161,Forest Herbarium,All rights reserved,"Plectocomia himalayana . Flora of Thailand. Vol. 11. Part 3, 2013. Pg. 477. Accessed 2022-04-21",https://www.dnp.go.th/botany/eflora/floraspecies.html?tdcode=05280,11,3
wfo-0000275175,general,EN,"Moderately robust, clustering rattan. Stems climbing to 35 m long, without sheaths 0.5–4 cm diam., with sheaths 1–9 cm diam., internodes up to c. 30 cm long, the stem generally very slender near the ground, much more robust distally, particularly just before flowering. Leaves cirrate; sheaths mid green, armed with scattered, golden, needle-like spines, 1–2 cm long, sometimes arranged in horizontal combs of no more than 5 spines, abundant caducous dark indumentum, spines shorter, sparser on distal sheaths; ocrea absent; knee absent; flagellum absent; petiole in distal leaves very short or absent, not exceeding c. 3 by up to 2.5 cm; rachis to 3 m long; cirrus to 1 m long; leaflets up to 40 on each side of the rachis, irregularly arranged in groups and fanned within the groups, the largest 40–55 by 3.5–4 cm, adaxially shiny dark green, abaxially with a fugacious layer of white indumentum, usually conspicuous on newly emerged leaves, sometimes long persistent, the leaflets generally lacking bristles. Inflorescences male and female superficially similar, produced simultaneously from many topmost nodes (up to 15 or more) the basalmost to 1.5 m long, decreasing in length towards the stem tip, the longest with up to 15 pendulous first order branches; first order branches bearing conspicuous pale yellowish-green, reddish-brown tipped bracts, tubular at first, soon splitting along their length, each subtending a short rachilla, bracts in male inflorescences 1.9–4 cm long, male rachillae 0.8–1.9 cm long, bracts in female inflorescence 2.5–4 cm long, female rachillae 1.2–2 cm long, all bracts becoming chestnut brown with age and persisting to fruiting. Fruit at maturity rounded, to 2 cm diam., with a short beak to 0.2 by 0.2 cm and covered in c. 35 vertical rows of dull brown scales with smooth margins and non-spiny tips. Seed rounded, basally somewhat flattened, c. 1.2 cm diam.; endosperm homogeneous.",A.S. Barfod & J. Dransfield,,Forest Herbarium,2022-04-21,Rachun Pooma & Sawita Yooprasert,ref-THA-0000275175,Forest Herbarium,All rights reserved,"Plectocomia pierreana . Flora of Thailand. Vol. 11. Part 3, 2013. Pg. 477. Accessed 2022-04-21",https://www.dnp.go.th/botany/eflora/floraspecies.html?tdcode=05281,11,3
wfo-4000030196,general,EN,"Clustering high-climbing dioecious hapaxanthic rattans with moderate to robust stems. Leaf cirrate, sheaths without knees, ocrea sometimes conspicuous; rachis bearing entire ± regularly arranged concolorous leaflets. Inflorescences produced simultaneously in the axils of the uppermost leaves, male and female superficially similar; primary axis branching to 1 or 2 orders, the branches bearing tubular triangular-tipped bracts subtending clusters of 2–7 flowers. Male flower with tubular calyx with 3 triangular lobes and 3 petals joined at the base; stamens 6, borne on the petals; pistillode minute; female flower with tubular calyx with 3 very short obtuse lobes, and corolla with 3 lobes; staminodes 6 epipetalous; ovary tipped with 3 small divergent stigmas; calyx enlarging considerably and splitting irregularly, persisting to mature fruiting; corolla also persistent. Mature fruit tipped with minute stigmatic remains, covered in many somewhat irregular vertical rows of scales. Seed with thin sarcotesta; endosperm homogeneous. Seedling leaf bifid.</br></br>Six or seven species known from Myanmar and Thailand south to Peninsular Malaysia, Sumatra, Billiton and Borneo. Two species in Thailand. A genus of rather coarse clustering rattans normally found in secondary forest or seral facies of primary forest (such as old landslips or the clearings formed by the death or fall of large trees). Generally not used as the cane has a soft pith and poor external appearance. However, the apex of at least one species is eaten in some parts of Borneo.",A.S. Barfod & J. Dransfield,,Forest Herbarium,2022-04-21,Rachun Pooma & Sawita Yooprasert,ref-THA-4000030196,Forest Herbarium,All rights reserved,"Plectocomiopsis  . Flora of Thailand. Vol. 11. Part 3, 2013. Pg. 479. Accessed 2022-04-21",https://www.dnp.go.th/botany/eflora/floragenus.html?tdcode=05282,11,3
wfo-0000275185,general,EN,"Clustering, moderate to robust rattan, forming rather dense thickets. Stems to 30 m or more, without sheaths to 3 cm diam., with sheaths to 6 cm diam., but usually more slender, internodes to 40 cm, shorter in exposed stems. Leaves cirrate; sheaths generally dull green with persistent grey tomentum and scattered caducous reddish-brown scales, and abundant scattered golden-yellow spines to 0.8 cm long, the spines sometimes absent on the sheaths subtending the inflorescences; ocrea irregular, oblique, fibrous and tattering; petiole absent in adult stems; rachis to 2 m long; cirrus to 1 m; leaflets c. 30 on each side of the rachis, regularly arranged, the largest to 40 by 4 cm, bright shining green, concolorous, with short bristles along the margins, the mid nerve on the upper surface usually with conspicuous golden bristles to 1.5 cm. Inflorescences up to 15 produced simultaneously, the male with more slender branches than the female, to 40 cm, with curving branches to 30 cm bearing clusters of flowers. Ripe fruit oblate, to 2.5 by 3 cm, covered in up to 42 vertical rows of pale greenish to chestnut brown scales. Seed c. 2 by 2 cm; endosperm homogeneous. Seedling leaf bifid.",A.S. Barfod & J. Dransfield,,Forest Herbarium,2022-04-21,Rachun Pooma & Sawita Yooprasert,ref-THA-0000275185,Forest Herbarium,All rights reserved,"Plectocomiopsis geminiflora . Flora of Thailand. Vol. 11. Part 3, 2013. Pg. 480. Accessed 2022-04-21",https://www.dnp.go.th/botany/eflora/floraspecies.html?tdcode=05283,11,3
wfo-0000275193,general,EN,"Clustering, moderate-sized rattan forming rather dense thickets. Stems climbing to 30 m long, without sheaths distinctly triangular in cross section, to 1.3 cm diam., with sheaths to 2 cm diam., internodes to 40 cm near the ground, usually much less (c. 20 cm) in stems in the forest canopy. Leaves cirrate; sheaths dull green, armed with evenly scattered, slightly upward pointing golden spines to 0.3 cm long and covered with sparse reddish-brown indumentum; ocrea very short, to 0.5 cm long, truncate, golden brown; flagellum absent; petiole to c. 15 cm long, densely covered in caducous red brown scales and abaxially very sparsely armed with reflexed spines; rachis to 90 cm long; cirrus to c. 1 m long; leaflets 15–20 on each side of the rachis, regularly arranged, rather distant (c. 5 cm apart), the longest to c. 30 by 3 cm, acuminate in long drip tips, armed along the adaxial surface of the main vein with short golden spinules to 0.2 cm long. Inflorescences to 30 cm long, produced simultaneously from the axils of the uppermost reduced leaves, the male branched to 2 orders, the female to 1 order; first order branches to c. 20 cm long. Male flowers borne on very short c. 0.8 cm, strongly curved branches from bracts on the first order branches; female flowers borne in groups of 2 or 3 flowers only. Mature fruit borne on persistent enlarged and split calyx and corolla, slightly oblate and obscurely three-angled, c. 2.5 by 3 cm, with a short beak to 1 by 1 mm, and covered in c. 22 vertical rows of yellow brown scales with dark margins. Seed c. 2 by 1.5 cm; endosperm homogeneous. Seedling leaf unknown.",A.S. Barfod & J. Dransfield,,Forest Herbarium,2022-04-21,Rachun Pooma & Sawita Yooprasert,ref-THA-0000275193,Forest Herbarium,All rights reserved,"Plectocomiopsis wrayi . Flora of Thailand. Vol. 11. Part 3, 2013. Pg. 482. Accessed 2022-04-21",https://www.dnp.go.th/botany/eflora/floraspecies.html?tdcode=05284,11,3
wfo-4000032911,general,EN,"Small, clustering palm, dioecious or polygamous. Stem slender, bamboo-like, erect, covered by persistent leaf bases, eventually naked and conspicuously ringed by leaf scars. Leaf palmate, induplicate; sheath dissolving into loose mesh of interlocking fibres; petiole elongate, slender, unarmed; adaxial hastula small, abaxial one absent; blade circular in outline, entire to deeply bifid, splitting in single- to several-folded, apically toothed segments, tranverse veinlets conspicuous. Inflorescence interfoliar, branching to 1–3 orders; peduncle short, often contained in leaf sheath; prophyll splitting longitudinally on abaxial face; peduncular bract lacking; rachis longer than peduncle, with tubular rachis bracts, the proximal 1–2 conspicuously enlarged; rachillae spreading to crowded in male inflorescences, with spirally arranged, solitary, rarely paired flowers. Male and female flowers similar in overall shape, size and in the perianth parts; sepals fused in shallow cup-shaped calyx; petals much longer than calyx, connate into fleshy corolla tube, further elongated especially in the male flowers by stalk-like extension of the receptacle above the calyx; stamens six, adnate basally to corolla tube, with short anthers, staminodes when present reduced in size; gynoecium of three free carpels, glabrous, apically with minute tube-shaped stigma. Fruit usually developing from one carpel only, globose, purplish brown to white at maturity; epicarp smooth; mesocarp fleshy; endocarp thin. Seed with homogeneous endosperm and lateral intrusion of seed coat. Germination remote-tubular.</br></br>Eight species in S China to Indo-China. Two species in Thailand.",A.S. Barfod & J. Dransfield,,Forest Herbarium,2022-04-21,Rachun Pooma & Sawita Yooprasert,ref-THA-4000032911,Forest Herbarium,All rights reserved,"Rhapis  . Flora of Thailand. Vol. 11. Part 3, 2013. Pg. 483. Accessed 2022-04-21",https://www.dnp.go.th/botany/eflora/floragenus.html?tdcode=05285,11,3
wfo-0000296176,general,EN,"Loosely clustered, shrubby to moderate-sized palm. Individual stems 1–2(–3) m, 0.8–1.5 cm diam. (without leaf sheath remnants), often rhizomatous basally. Leaves 8–20 in crown; leaf sheath 5–12 cm long; petiole 15–30 cm long, 0.3–0.5 cm across; blade ½–4/5-circular in outline, flattened to open funnel-shaped, darker and more glossy green above, up to 50 cm diam., evenly split to 1–9 cm from hastula, in 5–12, 15–27-folded segments. Male and female inflorescences similar, branched to 2 orders, to 25–35 cm long, basalmost rachis bract conspicuously inflated, rachis 5–10(–15) cm long with two first order branches, rachillae 5–15, 1.5–6(–10) cm long. Flowers 0.3–0.4 cm long, different sexual types of flowers similar, calyx regularly lobed, often with striate pigmentation, male and hermaphrodite flowers clearly longer than the female ones. Fruit ellipsoid to ovoid, 0.8–1.2 cm diam., borne on an c. 0.5 mm long receptacular stalk.",A.S. Barfod & J. Dransfield,,Forest Herbarium,2022-04-21,Rachun Pooma & Sawita Yooprasert,ref-THA-0000296176,Forest Herbarium,All rights reserved,"Rhapis laosensis . Flora of Thailand. Vol. 11. Part 3, 2013. Pg. 483. Accessed 2022-04-21",https://www.dnp.go.th/botany/eflora/floraspecies.html?tdcode=05286,11,3
wfo-0000296185,general,EN,"Tightly clustered, small-sized palm forming large clumps. Individual stems 2–3 m tall, 0.4–1.5 cm diam. (without leaf sheath remnants). Leaves 7–18 in crown; leaf sheath 10–15 cm long, often with persistent ligule; petiole 20–25 cm long, 0.15–0.2 cm across; blade ½–4/5-circular in outline, flattened, pale green abaxially as well as adaxially, variable in size up to 40 cm diam., splitting variable to 0.1–17 cm from hastula, segments 2–11, 7–25-folded. Male and female inflorescence similar, branched to 1–2 orders, to 30–50(–60) cm long, prophyll and rachis bracts similar, overlapping not inflated; rachis 6–30 cm long with two first order branches, rachillae usually few, 3–25 cm long. Flowers 0.5–0.65 cm long, different sexual types of flowers similar, calyx irregularly lobed, evenly pigmented, male flowers slightly longer than the female and hermaphrodite ones. Fruit globose, 0.8–1 cm diam., borne on an up to 0.2 cm long receptacular stalk.",A.S. Barfod & J. Dransfield,,Forest Herbarium,2022-04-21,Rachun Pooma & Sawita Yooprasert,ref-THA-0000296185,Forest Herbarium,All rights reserved,"Rhapis subtilis . Flora of Thailand. Vol. 11. Part 3, 2013. Pg. 484. Accessed 2022-04-21",https://www.dnp.go.th/botany/eflora/floraspecies.html?tdcode=05287,11,3
wfo-4000033820,general,EN,"Moderate-sized clustering, pleonanthic or hapaxanthic dioecious palms. Stem subterranean, decumbent or shortly erect, internodes short, usually obscured by the persistent leaf bases. Leaves pinnate; leaf sheath and petiole elongate, open, not forming a crownshaft, armed with flattened spines, arranged in rows or whorls; leaflet single-fold, except for the terminal pair which is usually joined, linear or sigmoid in outline, equally spaced and orientated in one plane or grouped and pointing in different directions, acuminate. Inflorescence axillary and emerging though a groove along the abaxial surface of the leaf base or inflorescences terminal and subtended by reduced leaves, sometimes spicate, male inflorescences usually branched to 1 more order than female; peduncle short; prophyll rather inconspicuous, partly enclosed within the leaf sheath slit. Male flowers borne in dyads, sunken in pits, exserted at anthesis; calyx tubular, 3-lobed; corolla often with a short stalk-like base, and a long proximal tube, bearing 3 triangular, valvate lobes; stamens 6, borne at the mouth of corolla tube, filament short, anthers rounded to elongate. Female flowers either solitary or coupled with a sterile male flower in dyads, gynoecium tricarpellate, triovulate, covered with flattened scales, stigmas 3. Fruit (1–)3-seeded, globose to pear-shaped or ellipsoidal, with apical stigmatic remains; epicarp covered in somewhat irregular vertical rows of reflexed scales, the scale tips spinelike and upward pointing, mesocarp thin at maturity, endocarp not differentiated. Seed with thick sarcotesta, endosperm homogeneous, the apex with a pit. Germination adjacent ligular; eophyll entire, bifid.</br></br>Twenty species in India (Assam) to S China and W Malesia. Four species in Thailand.",A.S. Barfod & J. Dransfield,,Forest Herbarium,2022-04-21,Rachun Pooma & Sawita Yooprasert,ref-THA-4000033820,Forest Herbarium,All rights reserved,"Salacca  . Flora of Thailand. Vol. 11. Part 3, 2013. Pg. 484. Accessed 2022-04-21",https://www.dnp.go.th/botany/eflora/floragenus.html?tdcode=05288,11,3
wfo-0000300092,general,EN,"Densely clustered understorey palm up to 7 m tall. Stem erect or creeping, to 1 m tall, 5–12 m diam. Leaves 9–18 per stem; sheath 45–60 cm long, deeply split, densely covered with brownish indument and armed with more or less complete whorls of 1–5 cm long, yellow to distally black spines; petiole 2–3 m long, greenish-yellow, otherwise as sheath; rachis 2–4 m long; leaflets 23–30 per side, clustered in groups of 3–4 and pointing in different directions to regularly arranged in one plane toward the apex, sigmoid, 45–60 by 5 cm, acuminate, apical leaflets coherent. Inflorescences 2–4 per stem, lateral, emerging though groove on the abaxial side of the leaf base; male inflorescence 30–60 cm long with 10–25 branches, partial inflorescences spike-like, 8–12 cm long, glabrous; female inflorescence to 25 cm long with fewer branches, partial spike-like inflorescence 5–12 cm long. Fruit c. 4.5 by 3 cm, pear-shaped or obovoid, beaked, densely covered with reddish, spine-like scales.",A.S. Barfod & J. Dransfield,,Forest Herbarium,2022-04-21,Rachun Pooma & Sawita Yooprasert,ref-THA-0000300092,Forest Herbarium,All rights reserved,"Salacca glabrescens . Flora of Thailand. Vol. 11. Part 3, 2013. Pg. 486. Accessed 2022-04-21",https://www.dnp.go.th/botany/eflora/floraspecies.html?tdcode=05289,11,3
wfo-0000916638,general,EN,"Acaulescent caespitose palm, stems short and subterranean. Leaves 10–15 per stem; sheath and petiole not distinct from each other, to 2.9 m long, densely covered with spines in groups of 2–10; rachis to 4.5 m long; leafl ets 35–42 per side, evenly spaced and arranged in one plane, lanceolate, 83–125 by 4–7 cm, above with small spines along the major veins, apical pair of leaflets usually split. Inflorescences several per stem, terminal, erect, compact, branched to second order, subtended by much reduced leaves and covered with overlapping bracts, subtending bracts of floral dyads and individual flowers tomentose to densely hairy on the abaxial surface; male inflorescence to 100 cm long, with spike-like 13–24 cm long partial inflorescences; female inflorescence 30–40 cm long, with 7–10, 8–12 cm long spike-like partial inflorescences, inserted more or less distichously. Fruit 5–6 by 6–8 cm, obovoid beaked, densely covered with reddish, spine-like scales.",A.S. Barfod & J. Dransfield,,Forest Herbarium,2022-04-21,Rachun Pooma & Sawita Yooprasert,ref-THA-0000916638,Forest Herbarium,All rights reserved,"Salacca griffithii . Flora of Thailand. Vol. 11. Part 3, 2013. Pg. 487. Accessed 2022-04-21",https://www.dnp.go.th/botany/eflora/floraspecies.html?tdcode=05290,11,3
wfo-0000300107,general,EN,"Loosly clustering understorey palm, up to 4 m tall. Stems creeping to shortly erect, with conspicuous aerial roots. Leaves 6–9 per stem; sheath 30–60 cm long, deeply split, densely covered with brownish, felt-like indument and armed with up to 4 cm long slender black spines, arranged in horizontal groups of 3–7 basally to paired or solitary towards the petiole; petiole c. 1.2 m long; rachis 2–2.5 m long, armed abaxially with solitary or paired spines to 1.5 cm long; leaflets 15–17 per side, clustered in subopposite groups of 2–3 and pointing in different directions, sigmoid, c. 50 by 5 cm, long acuminate, apical pair of leaflets coherent, not split. Male inflorescence lateral, emerging though groove on the abaxial side of the leaf base, to 4 m long, whip-like, with c. 3 partial inflorescences, these reddish, spike-like and up to 20 cm long, with hairs projecting from the subtending bracts; female inflorescences not seen. Fruits ellipsoid to obovoid, densely covered in spine-like scales.",A.S. Barfod & J. Dransfield,,Forest Herbarium,2022-04-21,Rachun Pooma & Sawita Yooprasert,ref-THA-0000300107,Forest Herbarium,All rights reserved,"Salacca stolonifera . Flora of Thailand. Vol. 11. Part 3, 2013. Pg. 487. Accessed 2022-04-21",https://www.dnp.go.th/botany/eflora/floraspecies.html?tdcode=05291,11,3
wfo-0000300110,general,EN,"Large clustering palm, up to 12 m tall. Stem creeping to 5 m long and 20 cm diam., with many adventitious roots. Leaves 12–18 per stem; sheath to 1 m long; petiole 5–7.5 m long, sheath and petiole heavily armed with more or less complete whorls of up to 8 cm long, black spines; rachis 5–7 m long; leaflets 40–60 per side, clustered in groups of 2–5 and pointing in different directions, sigmoid, 0.7–1 by c. 0.08 m, acuminate, apical pair of leaflets coherent, not split and wide. Inflorescences 2–3 per stem, lateral, emerging though groove on the abaxial side of the leaf base; male inflorescence 2–3 m long, pendulous often lying on the ground, with 10 first order branches, each bearing 10 spike-like, reddish, up to 10 cm long, hairy rachillae; female inflorescences up to 0.7 m long, with fewer branches, each bearing spike-like rachillae similar to those of the male inflorescence. Fruits 7–8 by 4–5 cm, obovoid, densely covered with reddish-brown spine-like scales.",A.S. Barfod & J. Dransfield,,Forest Herbarium,2022-04-21,Rachun Pooma & Sawita Yooprasert,ref-THA-0000300110,Forest Herbarium,All rights reserved,"Salacca wallichiana . Flora of Thailand. Vol. 11. Part 3, 2013. Pg. 488. Accessed 2022-04-21",https://www.dnp.go.th/botany/eflora/floraspecies.html?tdcode=05292,11,3
wfo-4000038702,general,EN,"Shrubby to moderate-sized, solitary or clustering palms, dioecious or polygamous. Stem decumbent or erect, distally covered by skirt of dead leaves and persistant leaf bases. Leaf palmate, induplicate; sheath dissolving into mesh of fine and course fibres; petiole elongate, unarmed or rarely with very fine teeth; adaxial hastula well developed, abaxial one absent; blade almost circular, glaucous green abaxially in several species, splitting equally to unequally along adaxial ribs into numerous, single-fold segments, these shallowly indented at the tip. Inflorescence interfoliar; branching to 4 orders; peduncle short; prophyll conspicuous, with caducous tomentum; peduncular bracts 1–3; rachis shorter or longer than peduncle; rachis bracts tubular basally. Male and female flowers similar in overall size, shape and in the perianth parts; sepals united at the base; petals free, much longer than the calyx; stamens 6, filaments free, with short anthers, staminodes when present similar but with empty anthers; gynoecium of three, free carpels, hairy, apically with partially open, stigmatic slits. Fruit usually developing from one carpel only, kidney-shaped to oblong, purplish-black at maturity; epicarp hairy in young fruits to glabrous at maturity; mesocarp thin; endocarp crustaceous. Seed with homogeneous endosperm, with lateral intrusion of the seed coat. Germination remote-tubular.</br></br>Eight species in Himalaya to S China. One species in Thailand.",A.S. Barfod & J. Dransfield,,Forest Herbarium,2022-04-21,Rachun Pooma & Sawita Yooprasert,ref-THA-4000038702,Forest Herbarium,All rights reserved,"Trachycarpus  . Flora of Thailand. Vol. 11. Part 3, 2013. Pg. 490. Accessed 2022-04-21",https://www.dnp.go.th/botany/eflora/floragenus.html?tdcode=05293,11,3
wfo-0000326536,general,EN,"Solitary polygamo-dioecious palm. Stem up to 9 m tall at maturity, 10–16 cm diam., erect, naked, conspicuously ringed. Leaves 20–25 in crown; sheath c. 25–30 cm long dissolving in spreading fine fibres; petiole 40–50 cm long, margins minutely toothed and somewhat tomentose; adaxial hastula prominent to 3 cm long; blade rounded in outline, moderately undulate to flat, 0.9–1.1 m diam., evenly splitting to c. ½ radius into 60–90, single-folded segments, individual segments shortly indented, green adaxially, glaucous green abaxially. Inflorescences 3–5 on one palm, arching, prophyll 15–25 cm long, peduncular bracts and rachis bracts similar, 15–35 cm long, decreasing in length towards the distal parts, tubular proximally, inflated distally; male inflorescences 30–50 cm long, with 15–20 cm long peduncle; female (sometimes hermaphrodite?) inflorescences 0.8–1 m long, with 30–50 cm long peduncle; rachillae 3–10 cm long, stiff. Flowers minute in bud. Fruit kidney-shaped, 0.6–0.8 cm long and 10–12 cm wide, yellow to yellowish-brown at maturity.",A.S. Barfod & J. Dransfield,,Forest Herbarium,2022-04-21,Rachun Pooma & Sawita Yooprasert,ref-THA-0000326536,Forest Herbarium,All rights reserved,"Trachycarpus oreophilus . Flora of Thailand. Vol. 11. Part 3, 2013. Pg. 490. Accessed 2022-04-21",https://www.dnp.go.th/botany/eflora/floraspecies.html?tdcode=05294,11,3
wfo-4000040501,general,EN,"Small monoecious, understorey palms to small trees. Stems clustered, rarely solitary. Leaves usually few in crown, separated by long internodes, spirally or distichously arranged, leaf sheath elongate, ligulate, disintegrating in fibrous mesh, petiole rounded in cross section, pinnae induplicate, lanceolate, entire to irregularly lobed, praemorse, leaf apex composed of several unsplit pinnae. Inflorescence spicate or branched to one order, peduncular bracts numerous, chartaceous, brown tomentose, male inflorescences lateral, flower clusters spirally arranged, composed of two male flowers flanking an aborted female flower, petals free, stamens 3–19, pistillode absent; female inflorescence terminal, with spirally arranged solitary flowers, petals fused into three-lobed corolla, staminodes absent. Fruit ovoid to oblong, with apical stigmatic residue.</br></br>Eight species in Himalaya to S China. Three species in Thailand.",A.S. Barfod & J. Dransfield,,Forest Herbarium,2022-04-21,Rachun Pooma & Sawita Yooprasert,ref-THA-4000040501,Forest Herbarium,All rights reserved,"Wallichia  . Flora of Thailand. Vol. 11. Part 3, 2013. Pg. 491. Accessed 2022-04-21",https://www.dnp.go.th/botany/eflora/floragenus.html?tdcode=05295,11,3
wfo-0000333786,general,EN,"Caespitose shrub with individual stems up to 3 m tall, 2–10 cm diam. Leaves 4–7, spirally arranged; petiole 0.8–1.5 m long; rachis 0.9–1.5 m long, with 8–12 pinnae per side, alternate, more or less evenly spaced except basally, and distributed in one plane, longest ones in the middle, up to 50 cm long, lanceolate, with two conspicuous lobes. Male inflorescence 40–50 cm long, with up to 30 cm long peduncle, branched to the first order with c. 25, up to 21 cm long rachillae, male flowers 0.5–0.6 cm long, yellow, stamens 11–16; female inflorescence 40–50 cm long, with up to 25 cm long peduncle, branched to first order, with 7–17, up to 20 cm long rachillae, female flowers up to 0.25 cm long. Fruit ellipsoid, up to 1.7 by 0.8 cm, red.",A.S. Barfod & J. Dransfield,,Forest Herbarium,2022-04-21,Rachun Pooma & Sawita Yooprasert,ref-THA-0000333786,Forest Herbarium,All rights reserved,"Wallichia caryotoides . Flora of Thailand. Vol. 11. Part 3, 2013. Pg. 492. Accessed 2022-04-21",https://www.dnp.go.th/botany/eflora/floraspecies.html?tdcode=05296,11,3
wfo-0000333791,general,EN,"Solitary palm tree up to 6 m tall. Stem 15–25 cm diam. Leaves arranged more or less distichously; sheath 40–60 cm long, disintegrating into an outer layer of coarse fibres interlocking with an inner layer of finer fibres; petiole 0.5–1.5 m long; rachis 1.8–3.5 m long, with 43–73 pinnae, these irregularly arranged in groups of 3–8 pointing in different directions, longest ones in the middle, up to 80 cm long, linear to lanceolate, shallowly lobed. Male inflorescences to 1.2 m long, with up to 0.5 m long peduncle, branched to the first order with c. 1000, up to 30 cm long rachillae, flowers up to 1 cm long, beige with purplish tinge, stamens 8–15; female inflorescence to 1 m long, peduncle to 50 cm long, with 40–50, up to 60 cm long rachillae, female flowers 0.2 cm long. Fruit ovoid to ellipsoid, up to 2.2 by 1.5 cm, reddish-brown.",A.S. Barfod & J. Dransfield,,Forest Herbarium,2022-04-21,Rachun Pooma & Sawita Yooprasert,ref-THA-0000333791,Forest Herbarium,All rights reserved,"Wallichia disticha . Flora of Thailand. Vol. 11. Part 3, 2013. Pg. 492. Accessed 2022-04-21",https://www.dnp.go.th/botany/eflora/floraspecies.html?tdcode=05297,11,3
wfo-0000333794,general,EN,"Caespitose shrub with individual stems up to 1.6 m tall and 4–10 cm diam. Leaves spirally arranged; sheath 30–75 cm long; petiole 1–1.5 m long; rachis 0.8–1.3 m long, with 5–10 pinnae per side, alternate, more or less evenly spaced except basally, and distributed in one plane, longest ones in the middle, up to 80 cm long, lanceolate, not lobed or indistinctly so. Male inflorescences to 10, up to 20 cm long rachillae, flowers up to 0.6 cm long, stamens 16–19; female inflorescences with rachillae up to 11 cm long, female flowers c. 0.3 cm long. Fruit ovoid, up to 11 by 8 mm, red to purple.",A.S. Barfod & J. Dransfield,,Forest Herbarium,2022-04-21,Rachun Pooma & Sawita Yooprasert,ref-THA-0000333794,Forest Herbarium,All rights reserved,"Wallichia marianneae . Flora of Thailand. Vol. 11. Part 3, 2013. Pg. 493. Accessed 2022-04-21",https://www.dnp.go.th/botany/eflora/floraspecies.html?tdcode=05298,11,3
