WFOID,identifier,vernacularName,isPreferredName,source,language,countryCode,uri,rights,license,bibliographicCitation,Volume,Part
wfo-1000025423,ver-THA-1000025423.01,tam yao si khit(ตำหยาวสี่ขีด),,ref-THA-1000025423,TH,THA,https://botany.dnp.go.th/eflora/floraspecies.html?tdcode=08240,Forest Herbarium,All rights reserved,"Alphonsea annulata . Flora of Thailand. Vol. 16. Part 1, 2022. Pg. 11. Accessed 2024-06-07",16,1
wfo-0000527334,ver-THA-0000527334.01,kluai khang (กล้วยค่าง)(Chaiyaphum),,ref-THA-0000527334,TH,THA,https://botany.dnp.go.th/eflora/floraspecies.html?tdcode=08241,Forest Herbarium,All rights reserved,"Alphonsea boniana . Flora of Thailand. Vol. 16. Part 1, 2022. Pg. 13. Accessed 2024-06-07",16,1
wfo-0000527334,ver-THA-0000527334.02,mai lueang (ไม้เหลือง)(Chanthaburi),,ref-THA-0000527334,TH,THA,https://botany.dnp.go.th/eflora/floraspecies.html?tdcode=08241,Forest Herbarium,All rights reserved,"Alphonsea boniana . Flora of Thailand. Vol. 16. Part 1, 2022. Pg. 13. Accessed 2024-06-07",16,1
wfo-0000527334,ver-THA-0000527334.03,tam yao phon tum(ตำหยาวผลตุ่ม),,ref-THA-0000527334,TH,THA,https://botany.dnp.go.th/eflora/floraspecies.html?tdcode=08241,Forest Herbarium,All rights reserved,"Alphonsea boniana . Flora of Thailand. Vol. 16. Part 1, 2022. Pg. 13. Accessed 2024-06-07",16,1
wfo-0000527338,ver-THA-0000527338.01,tam yao (ตำหยาว)(Narathiwat),,ref-THA-0000527338,TH,THA,https://botany.dnp.go.th/eflora/floraspecies.html?tdcode=08242,Forest Herbarium,All rights reserved,"Alphonsea curtisii . Flora of Thailand. Vol. 16. Part 1, 2022. Pg. 14. Accessed 2024-06-07",16,1
wfo-0000527338,ver-THA-0000527338.02,sang yu (สังหยู)(Narathiwat),,ref-THA-0000527338,TH,THA,https://botany.dnp.go.th/eflora/floraspecies.html?tdcode=08242,Forest Herbarium,All rights reserved,"Alphonsea curtisii . Flora of Thailand. Vol. 16. Part 1, 2022. Pg. 14. Accessed 2024-06-07",16,1
wfo-0000527339,ver-THA-0000527339.01,tam yao lek (ตำหยาวเล็ก)(Peninsular),,ref-THA-0000527339,TH,THA,https://botany.dnp.go.th/eflora/floraspecies.html?tdcode=08243,Forest Herbarium,All rights reserved,"Alphonsea cylindrica . Flora of Thailand. Vol. 16. Part 1, 2022. Pg. 15. Accessed 2024-06-07",16,1
wfo-0000527340,ver-THA-0000527340.01,sang yu (สังหยู)(Narathiwat)(Peninsular),,ref-THA-0000527340,TH,THA,https://botany.dnp.go.th/eflora/floraspecies.html?tdcode=08244,Forest Herbarium,All rights reserved,"Alphonsea elliptica . Flora of Thailand. Vol. 16. Part 1, 2022. Pg. 15. Accessed 2024-06-07",16,1
wfo-0000527340,ver-THA-0000527340.02,tam yao (ตำหยาว)(Peninsular),,ref-THA-0000527340,TH,THA,https://botany.dnp.go.th/eflora/floraspecies.html?tdcode=08244,Forest Herbarium,All rights reserved,"Alphonsea elliptica . Flora of Thailand. Vol. 16. Part 1, 2022. Pg. 15. Accessed 2024-06-07",16,1
wfo-0000527340,ver-THA-0000527340.03,bi-sae-ka-yu (บีแซกายู)(Malay-Narathiwat),,ref-THA-0000527340,TH,THA,https://botany.dnp.go.th/eflora/floraspecies.html?tdcode=08244,Forest Herbarium,All rights reserved,"Alphonsea elliptica . Flora of Thailand. Vol. 16. Part 1, 2022. Pg. 15. Accessed 2024-06-07",16,1
wfo-0001347494,ver-THA-0001347494.01,cha fang (จ้าฝาง)(Northern),,ref-THA-0001347494,TH,THA,https://botany.dnp.go.th/eflora/floraspecies.html?tdcode=08245,Forest Herbarium,All rights reserved,"Alphonsea glandulosa . Flora of Thailand. Vol. 16. Part 1, 2022. Pg. 16. Accessed 2024-06-07",16,1
wfo-1000001306,ver-THA-1000001306.01,sang yu(สังยู้),,ref-THA-1000001306,TH,THA,https://botany.dnp.go.th/eflora/floraspecies.html?tdcode=08246,Forest Herbarium,All rights reserved,"Alphonsea isthmicola . Flora of Thailand. Vol. 16. Part 1, 2022. Pg. 17. Accessed 2024-06-07",16,1
wfo-0000527348,ver-THA-0000527348.01,tam yao khaek(ตำหยาวแขก),,ref-THA-0000527348,TH,THA,https://botany.dnp.go.th/eflora/floraspecies.html?tdcode=08247,Forest Herbarium,All rights reserved,"Alphonsea javanica . Flora of Thailand. Vol. 16. Part 1, 2022. Pg. 18. Accessed 2024-06-07",16,1
wfo-0000527348,ver-THA-0000527348.02,phuam phrao (พวมพร้าว)(Trang),,ref-THA-0000527348,TH,THA,https://botany.dnp.go.th/eflora/floraspecies.html?tdcode=08247,Forest Herbarium,All rights reserved,"Alphonsea javanica . Flora of Thailand. Vol. 16. Part 1, 2022. Pg. 18. Accessed 2024-06-07",16,1
wfo-0000527350,ver-THA-0000527350.01,maha phrom (มหาพรหม)(Peninsular),,ref-THA-0000527350,TH,THA,https://botany.dnp.go.th/eflora/floraspecies.html?tdcode=08248,Forest Herbarium,All rights reserved,"Alphonsea keithii . Flora of Thailand. Vol. 16. Part 1, 2022. Pg. 18. Accessed 2024-06-07",16,1
wfo-0000527352,ver-THA-0000527352.01,tam yao khao rak kiat (ตำหยาวเขารักเกียรติ)(Songkhla),,ref-THA-0000527352,TH,THA,https://botany.dnp.go.th/eflora/floraspecies.html?tdcode=08249,Forest Herbarium,All rights reserved,"Alphonsea kingii . Flora of Thailand. Vol. 16. Part 1, 2022. Pg. 19. Accessed 2024-06-07",16,1
wfo-1000020946,ver-THA-1000020946.01,luk khu (ลูกคู่)(Saraburi),,ref-THA-1000020946,TH,THA,https://botany.dnp.go.th/eflora/floraspecies.html?tdcode=08250,Forest Herbarium,All rights reserved,"Alphonsea longicarpa . Flora of Thailand. Vol. 16. Part 1, 2022. Pg. 21. Accessed 2024-06-07",16,1
wfo-1000020946,ver-THA-1000020946.02,tam yao phon yao khao hin pun(ตำหยาวผลยาวเขาหินปูน),,ref-THA-1000020946,TH,THA,https://botany.dnp.go.th/eflora/floraspecies.html?tdcode=08250,Forest Herbarium,All rights reserved,"Alphonsea longicarpa . Flora of Thailand. Vol. 16. Part 1, 2022. Pg. 21. Accessed 2024-06-07",16,1
wfo-0000527353,ver-THA-0000527353.01,tam yao pak tai(ตำหยาวปักษ์ใต้),,ref-THA-0000527353,TH,THA,https://botany.dnp.go.th/eflora/floraspecies.html?tdcode=08251,Forest Herbarium,All rights reserved,"Alphonsea lucida . Flora of Thailand. Vol. 16. Part 1, 2022. Pg. 21. Accessed 2024-06-07",16,1
wfo-0000527359,ver-THA-0000527359.01,tam yao malay(ตำหยาวมาเลย์),,ref-THA-0000527359,TH,THA,https://botany.dnp.go.th/eflora/floraspecies.html?tdcode=08252,Forest Herbarium,All rights reserved,"Alphonsea malayana . Flora of Thailand. Vol. 16. Part 1, 2022. Pg. 22. Accessed 2024-06-07",16,1
wfo-0000527366,ver-THA-0000527366.01,dok mai nang(ดอกไม้หนัง),,ref-THA-0000527366,TH,THA,https://botany.dnp.go.th/eflora/floraspecies.html?tdcode=08253,Forest Herbarium,All rights reserved,"Alphonsea pallida . Flora of Thailand. Vol. 16. Part 1, 2022. Pg. 23. Accessed 2024-06-07",16,1
wfo-0000527366,ver-THA-0000527366.02,naun paeng (นวลแป้ง)(Peninsular),,ref-THA-0000527366,TH,THA,https://botany.dnp.go.th/eflora/floraspecies.html?tdcode=08253,Forest Herbarium,All rights reserved,"Alphonsea pallida . Flora of Thailand. Vol. 16. Part 1, 2022. Pg. 23. Accessed 2024-06-07",16,1
wfo-1000020947,ver-THA-1000020947.01,tam yao phu wua(ตำหยาวภูวัว),,ref-THA-1000020947,TH,THA,https://botany.dnp.go.th/eflora/floraspecies.html?tdcode=08254,Forest Herbarium,All rights reserved,"Alphonsea phuwuaensis . Flora of Thailand. Vol. 16. Part 1, 2022. Pg. 23. Accessed 2024-06-07",16,1
wfo-0000527374,ver-THA-0000527374.01,chan khao (จันขาว)(Sa Kaeo),,ref-THA-0000527374,TH,THA,https://botany.dnp.go.th/eflora/floraspecies.html?tdcode=08255,Forest Herbarium,All rights reserved,"Alphonsea siamensis . Flora of Thailand. Vol. 16. Part 1, 2022. Pg. 24. Accessed 2024-06-07",16,1
wfo-0000527374,ver-THA-0000527374.02,tam yao sayam(ตำหยาวสยาม),,ref-THA-0000527374,TH,THA,https://botany.dnp.go.th/eflora/floraspecies.html?tdcode=08255,Forest Herbarium,All rights reserved,"Alphonsea siamensis . Flora of Thailand. Vol. 16. Part 1, 2022. Pg. 24. Accessed 2024-06-07",16,1
wfo-0000527381,ver-THA-0000527381.01,tam yao doi phu kha (ตำหยาวดอยภูคา)(ตำหยาวเวียดนาม),,ref-THA-0000527381,TH,THA,https://botany.dnp.go.th/eflora/floraspecies.html?tdcode=08256,Forest Herbarium,All rights reserved,"Alphonsea tonquinensis . Flora of Thailand. Vol. 16. Part 1, 2022. Pg. 26. Accessed 2024-06-07",16,1
wfo-0000527381,ver-THA-0000527381.02,tam yao vietnam(ตำหยาวเวียดนาม),,ref-THA-0000527381,TH,THA,https://botany.dnp.go.th/eflora/floraspecies.html?tdcode=08256,Forest Herbarium,All rights reserved,"Alphonsea tonquinensis . Flora of Thailand. Vol. 16. Part 1, 2022. Pg. 26. Accessed 2024-06-07",16,1
wfo-0000533464,ver-THA-0000533464.01,kamlang wua thaloeng (กำลังวัวเถลิง)(Central),,ref-THA-0000533464,TH,THA,https://botany.dnp.go.th/eflora/floraspecies.html?tdcode=08261,Forest Herbarium,All rights reserved,"Anaxagorea luzonensis . Flora of Thailand. Vol. 16. Part 1, 2022. Pg. 30. Accessed 2024-06-07",16,1
wfo-0000533464,ver-THA-0000533464.02,pun (ปูน)(Surat Thani),,ref-THA-0000533464,TH,THA,https://botany.dnp.go.th/eflora/floraspecies.html?tdcode=08261,Forest Herbarium,All rights reserved,"Anaxagorea luzonensis . Flora of Thailand. Vol. 16. Part 1, 2022. Pg. 30. Accessed 2024-06-07",16,1
wfo-0000533464,ver-THA-0000533464.03,ya nang ton (หญ้านางต้น)(Loei),,ref-THA-0000533464,TH,THA,https://botany.dnp.go.th/eflora/floraspecies.html?tdcode=08261,Forest Herbarium,All rights reserved,"Anaxagorea luzonensis . Flora of Thailand. Vol. 16. Part 1, 2022. Pg. 30. Accessed 2024-06-07",16,1
wfo-0000537770,ver-THA-0000537770.01,noi na nam (น้อยหน่าน้ำ)(น้อยหน่าเกลี้ยง),,ref-THA-0000537770,TH,THA,https://botany.dnp.go.th/eflora/floraspecies.html?tdcode=08263,Forest Herbarium,All rights reserved,"Annona glabra . Flora of Thailand. Vol. 16. Part 1, 2022. Pg. 33. Accessed 2024-06-07",16,1
wfo-0000537770,ver-THA-0000537770.02,noi na kliang(น้อยหน่าเกลี้ยง),,ref-THA-0000537770,TH,THA,https://botany.dnp.go.th/eflora/floraspecies.html?tdcode=08263,Forest Herbarium,All rights reserved,"Annona glabra . Flora of Thailand. Vol. 16. Part 1, 2022. Pg. 33. Accessed 2024-06-07",16,1
wfo-0000537847,ver-THA-0000537847.01,noi na Brazil(น้อยหน่าบราซิล),,ref-THA-0000537847,TH,THA,https://botany.dnp.go.th/eflora/floraspecies.html?tdcode=08264,Forest Herbarium,All rights reserved,"Annona mucosa . Flora of Thailand. Vol. 16. Part 1, 2022. Pg. 34. Accessed 2024-06-07",16,1
wfo-0000537848,ver-THA-0000537848.01,thurian thet (ทุเรียนเทศ)(Central),,ref-THA-0000537848,TH,THA,https://botany.dnp.go.th/eflora/floraspecies.html?tdcode=08265,Forest Herbarium,All rights reserved,"Annona muricata . Flora of Thailand. Vol. 16. Part 1, 2022. Pg. 35. Accessed 2024-06-07",16,1
wfo-0000537848,ver-THA-0000537848.02,thurian khaek (ทุเรียนแขก)(Central),,ref-THA-0000537848,TH,THA,https://botany.dnp.go.th/eflora/floraspecies.html?tdcode=08265,Forest Herbarium,All rights reserved,"Annona muricata . Flora of Thailand. Vol. 16. Part 1, 2022. Pg. 35. Accessed 2024-06-07",16,1
wfo-0000537848,ver-THA-0000537848.03,ma thurian (มะทุเรียน)(Northern),,ref-THA-0000537848,TH,THA,https://botany.dnp.go.th/eflora/floraspecies.html?tdcode=08265,Forest Herbarium,All rights reserved,"Annona muricata . Flora of Thailand. Vol. 16. Part 1, 2022. Pg. 35. Accessed 2024-06-07",16,1
wfo-0000537848,ver-THA-0000537848.04,thurian nam (ทุเรียนน้ำ)(Southern),,ref-THA-0000537848,TH,THA,https://botany.dnp.go.th/eflora/floraspecies.html?tdcode=08265,Forest Herbarium,All rights reserved,"Annona muricata . Flora of Thailand. Vol. 16. Part 1, 2022. Pg. 35. Accessed 2024-06-07",16,1
wfo-0000537905,ver-THA-0000537905.01,noi nong(น้อยโหน่ง),,ref-THA-0000537905,TH,THA,https://botany.dnp.go.th/eflora/floraspecies.html?tdcode=08266,Forest Herbarium,All rights reserved,"Annona reticulata . Flora of Thailand. Vol. 16. Part 1, 2022. Pg. 36. Accessed 2024-06-07",16,1
wfo-0000537905,ver-THA-0000537905.02,ma nong (มะโหน่ง)(Northern),,ref-THA-0000537905,TH,THA,https://botany.dnp.go.th/eflora/floraspecies.html?tdcode=08266,Forest Herbarium,All rights reserved,"Annona reticulata . Flora of Thailand. Vol. 16. Part 1, 2022. Pg. 36. Accessed 2024-06-07",16,1
wfo-0000537905,ver-THA-0000537905.03,ma niang haeng (มะเนียงแฮ้ง)(Northern),,ref-THA-0000537905,TH,THA,https://botany.dnp.go.th/eflora/floraspecies.html?tdcode=08266,Forest Herbarium,All rights reserved,"Annona reticulata . Flora of Thailand. Vol. 16. Part 1, 2022. Pg. 36. Accessed 2024-06-07",16,1
wfo-0000537905,ver-THA-0000537905.04,mak o (หมากอ้อ)(Mae Hong Son),,ref-THA-0000537905,TH,THA,https://botany.dnp.go.th/eflora/floraspecies.html?tdcode=08266,Forest Herbarium,All rights reserved,"Annona reticulata . Flora of Thailand. Vol. 16. Part 1, 2022. Pg. 36. Accessed 2024-06-07",16,1
wfo-0000537905,ver-THA-0000537905.05,non lao (หนอนลาว)(Ubon Ratchathani),,ref-THA-0000537905,TH,THA,https://botany.dnp.go.th/eflora/floraspecies.html?tdcode=08266,Forest Herbarium,All rights reserved,"Annona reticulata . Flora of Thailand. Vol. 16. Part 1, 2022. Pg. 36. Accessed 2024-06-07",16,1
wfo-0000537905,ver-THA-0000537905.06,rengna (เร็งนา)(Kanchanaburi),,ref-THA-0000537905,TH,THA,https://botany.dnp.go.th/eflora/floraspecies.html?tdcode=08266,Forest Herbarium,All rights reserved,"Annona reticulata . Flora of Thailand. Vol. 16. Part 1, 2022. Pg. 36. Accessed 2024-06-07",16,1
wfo-0000537905,ver-THA-0000537905.07,ma dak (มะดาก)(Phetchaburi),,ref-THA-0000537905,TH,THA,https://botany.dnp.go.th/eflora/floraspecies.html?tdcode=08266,Forest Herbarium,All rights reserved,"Annona reticulata . Flora of Thailand. Vol. 16. Part 1, 2022. Pg. 36. Accessed 2024-06-07",16,1
wfo-0000537905,ver-THA-0000537905.08,noi nang (น้อยหนัง)(Peninsular),,ref-THA-0000537905,TH,THA,https://botany.dnp.go.th/eflora/floraspecies.html?tdcode=08266,Forest Herbarium,All rights reserved,"Annona reticulata . Flora of Thailand. Vol. 16. Part 1, 2022. Pg. 36. Accessed 2024-06-07",16,1
wfo-0000537905,ver-THA-0000537905.09,barasa (บ้าราสา)(Phatthalung),,ref-THA-0000537905,TH,THA,https://botany.dnp.go.th/eflora/floraspecies.html?tdcode=08266,Forest Herbarium,All rights reserved,"Annona reticulata . Flora of Thailand. Vol. 16. Part 1, 2022. Pg. 36. Accessed 2024-06-07",16,1
wfo-0000537947,ver-THA-0000537947.01,noi na (น้อยหน่า)(Northern),,ref-THA-0000537947,TH,THA,https://botany.dnp.go.th/eflora/floraspecies.html?tdcode=08267,Forest Herbarium,All rights reserved,"Annona squamosa . Flora of Thailand. Vol. 16. Part 1, 2022. Pg. 37. Accessed 2024-06-07",16,1
wfo-0000537947,ver-THA-0000537947.02,ma no nae (มะนอแน่)(Northern),,ref-THA-0000537947,TH,THA,https://botany.dnp.go.th/eflora/floraspecies.html?tdcode=08267,Forest Herbarium,All rights reserved,"Annona squamosa . Flora of Thailand. Vol. 16. Part 1, 2022. Pg. 37. Accessed 2024-06-07",16,1
wfo-0000537947,ver-THA-0000537947.03,ma nae (มะแน่)(Northern),,ref-THA-0000537947,TH,THA,https://botany.dnp.go.th/eflora/floraspecies.html?tdcode=08267,Forest Herbarium,All rights reserved,"Annona squamosa . Flora of Thailand. Vol. 16. Part 1, 2022. Pg. 37. Accessed 2024-06-07",16,1
wfo-0000537947,ver-THA-0000537947.04,ma-o-cha (มะออจ้า(Shan-Northern),,ref-THA-0000537947,TH,THA,https://botany.dnp.go.th/eflora/floraspecies.html?tdcode=08267,Forest Herbarium,All rights reserved,"Annona squamosa . Flora of Thailand. Vol. 16. Part 1, 2022. Pg. 37. Accessed 2024-06-07",16,1
wfo-0000537947,ver-THA-0000537947.05,มะโอจ่า)(Shan-Northern),,ref-THA-0000537947,TH,THA,https://botany.dnp.go.th/eflora/floraspecies.html?tdcode=08267,Forest Herbarium,All rights reserved,"Annona squamosa . Flora of Thailand. Vol. 16. Part 1, 2022. Pg. 37. Accessed 2024-06-07",16,1
wfo-0000537947,ver-THA-0000537947.06,no-klo-sae (หน่อเกล๊ะแซ)(Shan-Mae Hong Son),,ref-THA-0000537947,TH,THA,https://botany.dnp.go.th/eflora/floraspecies.html?tdcode=08267,Forest Herbarium,All rights reserved,"Annona squamosa . Flora of Thailand. Vol. 16. Part 1, 2022. Pg. 37. Accessed 2024-06-07",16,1
wfo-0000537947,ver-THA-0000537947.07,mak khiap (หมากเขียบ)(North-Eastern),,ref-THA-0000537947,TH,THA,https://botany.dnp.go.th/eflora/floraspecies.html?tdcode=08267,Forest Herbarium,All rights reserved,"Annona squamosa . Flora of Thailand. Vol. 16. Part 1, 2022. Pg. 37. Accessed 2024-06-07",16,1
wfo-0000537947,ver-THA-0000537947.08,bak khiap (บักเขียบ)(North-Eastern),,ref-THA-0000537947,TH,THA,https://botany.dnp.go.th/eflora/floraspecies.html?tdcode=08267,Forest Herbarium,All rights reserved,"Annona squamosa . Flora of Thailand. Vol. 16. Part 1, 2022. Pg. 37. Accessed 2024-06-07",16,1
wfo-0000537947,ver-THA-0000537947.09,noi nae (น้อยแน่)(Peninsular),,ref-THA-0000537947,TH,THA,https://botany.dnp.go.th/eflora/floraspecies.html?tdcode=08267,Forest Herbarium,All rights reserved,"Annona squamosa . Flora of Thailand. Vol. 16. Part 1, 2022. Pg. 37. Accessed 2024-06-07",16,1
wfo-0000537947,ver-THA-0000537947.10,la nang (ลาหนัง)(Pattani),,ref-THA-0000537947,TH,THA,https://botany.dnp.go.th/eflora/floraspecies.html?tdcode=08267,Forest Herbarium,All rights reserved,"Annona squamosa . Flora of Thailand. Vol. 16. Part 1, 2022. Pg. 37. Accessed 2024-06-07",16,1
wfo-0000549739,ver-THA-0000549739.01,karawek nang (การเวกหนัง)(Northeastern),,ref-THA-0000549739,TH,THA,https://botany.dnp.go.th/eflora/floraspecies.html?tdcode=08269,Forest Herbarium,All rights reserved,"Artabotrys brevipes . Flora of Thailand. Vol. 16. Part 1, 2022. Pg. 40. Accessed 2024-06-07",16,1
wfo-0001345515,ver-THA-0001345515.01,karawek bai yai (การเวกใบใหญ่)(Central),,ref-THA-0001345515,TH,THA,https://botany.dnp.go.th/eflora/floraspecies.html?tdcode=08270,Forest Herbarium,All rights reserved,"Artabotrys byrsophyllus . Flora of Thailand. Vol. 16. Part 1, 2022. Pg. 41. Accessed 2024-06-07",16,1
wfo-0000549754,ver-THA-0000549754.01,karawek bai na(การเวกใบหนา),,ref-THA-0000549754,TH,THA,https://botany.dnp.go.th/eflora/floraspecies.html?tdcode=08271,Forest Herbarium,All rights reserved,"Artabotrys crassifolius . Flora of Thailand. Vol. 16. Part 1, 2022. Pg. 43. Accessed 2024-06-07",16,1
wfo-0000549773,ver-THA-0000549773.01,nom ngua (นมงัว)(Surin),,ref-THA-0000549773,TH,THA,https://botany.dnp.go.th/eflora/floraspecies.html?tdcode=08272,Forest Herbarium,All rights reserved,"Artabotrys harmandii . Flora of Thailand. Vol. 16. Part 1, 2022. Pg. 43. Accessed 2024-06-07",16,1
wfo-0000549776,ver-THA-0000549776.01,kradang nga chin (กระดังงาจีน)(Central),,ref-THA-0000549776,TH,THA,https://botany.dnp.go.th/eflora/floraspecies.html?tdcode=08273,Forest Herbarium,All rights reserved,"Artabotrys hexapetalus . Flora of Thailand. Vol. 16. Part 1, 2022. Pg. 44. Accessed 2024-06-07",16,1
wfo-0000549776,ver-THA-0000549776.02,karawek(การเวก),,ref-THA-0000549776,TH,THA,https://botany.dnp.go.th/eflora/floraspecies.html?tdcode=08273,Forest Herbarium,All rights reserved,"Artabotrys hexapetalus . Flora of Thailand. Vol. 16. Part 1, 2022. Pg. 44. Accessed 2024-06-07",16,1
wfo-0000549776,ver-THA-0000549776.03,saban nga chin (สะบันงาจีน)(Northern),,ref-THA-0000549776,TH,THA,https://botany.dnp.go.th/eflora/floraspecies.html?tdcode=08273,Forest Herbarium,All rights reserved,"Artabotrys hexapetalus . Flora of Thailand. Vol. 16. Part 1, 2022. Pg. 44. Accessed 2024-06-07",16,1
wfo-0000549776,ver-THA-0000549776.04,saban nga khruea (สะบันงาเครือ)(Northern),,ref-THA-0000549776,TH,THA,https://botany.dnp.go.th/eflora/floraspecies.html?tdcode=08273,Forest Herbarium,All rights reserved,"Artabotrys hexapetalus . Flora of Thailand. Vol. 16. Part 1, 2022. Pg. 44. Accessed 2024-06-07",16,1
wfo-1000021111,ver-THA-1000021111.01,karawek ton(การเวกโตน),,ref-THA-1000021111,TH,THA,https://botany.dnp.go.th/eflora/floraspecies.html?tdcode=08274,Forest Herbarium,All rights reserved,"Artabotrys insurae . Flora of Thailand. Vol. 16. Part 1, 2022. Pg. 45. Accessed 2024-06-07",16,1
wfo-1000021112,ver-THA-1000021112.01,karawek sae(การเวกแส้),,ref-THA-1000021112,TH,THA,https://botany.dnp.go.th/eflora/floraspecies.html?tdcode=08275,Forest Herbarium,All rights reserved,"Artabotrys longipetalus . Flora of Thailand. Vol. 16. Part 1, 2022. Pg. 45. Accessed 2024-06-07",16,1
wfo-0000549816,ver-THA-0000549816.01,karawek cho (การเวกช่อ)(Central),,ref-THA-0000549816,TH,THA,https://botany.dnp.go.th/eflora/floraspecies.html?tdcode=08276,Forest Herbarium,All rights reserved,"Artabotrys multiflorus . Flora of Thailand. Vol. 16. Part 1, 2022. Pg. 46. Accessed 2024-06-07",16,1
wfo-0000549820,ver-THA-0000549820.01,hok (ฮอก)(Si Sa Ket),,ref-THA-0000549820,TH,THA,https://botany.dnp.go.th/eflora/floraspecies.html?tdcode=08277,Forest Herbarium,All rights reserved,"Artabotrys oblanceolatus . Flora of Thailand. Vol. 16. Part 1, 2022. Pg. 47. Accessed 2024-06-07",16,1
wfo-0000549820,ver-THA-0000549820.02,hua sum (หัวสุ่ม)(Ubon Ratchathani),,ref-THA-0000549820,TH,THA,https://botany.dnp.go.th/eflora/floraspecies.html?tdcode=08277,Forest Herbarium,All rights reserved,"Artabotrys oblanceolatus . Flora of Thailand. Vol. 16. Part 1, 2022. Pg. 47. Accessed 2024-06-07",16,1
wfo-0000549820,ver-THA-0000549820.03,kradang nga khao (กระดังงาเขา)(Eastern),,ref-THA-0000549820,TH,THA,https://botany.dnp.go.th/eflora/floraspecies.html?tdcode=08277,Forest Herbarium,All rights reserved,"Artabotrys oblanceolatus . Flora of Thailand. Vol. 16. Part 1, 2022. Pg. 47. Accessed 2024-06-07",16,1
wfo-0000549829,ver-THA-0000549829.01,karawek bai man(การเวกใบมัน),,ref-THA-0000549829,TH,THA,https://botany.dnp.go.th/eflora/floraspecies.html?tdcode=08278,Forest Herbarium,All rights reserved,"Artabotrys oxycarpus . Flora of Thailand. Vol. 16. Part 1, 2022. Pg. 47. Accessed 2024-06-07",16,1
wfo-0000549840,ver-THA-0000549840.01,karawek luk khang(การเวกลูกข่าง),,ref-THA-0000549840,TH,THA,https://botany.dnp.go.th/eflora/floraspecies.html?tdcode=08279,Forest Herbarium,All rights reserved,"Artabotrys pleurocarpus . Flora of Thailand. Vol. 16. Part 1, 2022. Pg. 49. Accessed 2024-06-07",16,1
wfo-0000549844,ver-THA-0000549844.01,karawek kra (การะเวกกระ)(Central),,ref-THA-0000549844,TH,THA,https://botany.dnp.go.th/eflora/floraspecies.html?tdcode=08280,Forest Herbarium,All rights reserved,"Artabotrys punctulatus . Flora of Thailand. Vol. 16. Part 1, 2022. Pg. 49. Accessed 2024-06-07",16,1
wfo-0000549858,ver-THA-0000549858.01,karawek (การะเวก)(Central),,ref-THA-0000549858,TH,THA,https://botany.dnp.go.th/eflora/floraspecies.html?tdcode=08281,Forest Herbarium,All rights reserved,"Artabotrys siamensis . Flora of Thailand. Vol. 16. Part 1, 2022. Pg. 51. Accessed 2024-06-07",16,1
wfo-0000549858,ver-THA-0000549858.02,nom chani (นมชะนี)(Prachuap Khiri Khan),,ref-THA-0000549858,TH,THA,https://botany.dnp.go.th/eflora/floraspecies.html?tdcode=08281,Forest Herbarium,All rights reserved,"Artabotrys siamensis . Flora of Thailand. Vol. 16. Part 1, 2022. Pg. 51. Accessed 2024-06-07",16,1
wfo-0000549858,ver-THA-0000549858.03,kradang ngua (กระดังงัว)(Ratchaburi),,ref-THA-0000549858,TH,THA,https://botany.dnp.go.th/eflora/floraspecies.html?tdcode=08281,Forest Herbarium,All rights reserved,"Artabotrys siamensis . Flora of Thailand. Vol. 16. Part 1, 2022. Pg. 51. Accessed 2024-06-07",16,1
wfo-0000549858,ver-THA-0000549858.04,kradang nga pa (กระดังงาป่า)(Ratchaburi),,ref-THA-0000549858,TH,THA,https://botany.dnp.go.th/eflora/floraspecies.html?tdcode=08281,Forest Herbarium,All rights reserved,"Artabotrys siamensis . Flora of Thailand. Vol. 16. Part 1, 2022. Pg. 51. Accessed 2024-06-07",16,1
wfo-0000549858,ver-THA-0000549858.05,kradang nga thao (กระดังงาเถา)(Peninsular),,ref-THA-0000549858,TH,THA,https://botany.dnp.go.th/eflora/floraspecies.html?tdcode=08281,Forest Herbarium,All rights reserved,"Artabotrys siamensis . Flora of Thailand. Vol. 16. Part 1, 2022. Pg. 51. Accessed 2024-06-07",16,1
wfo-0000549858,ver-THA-0000549858.06,nam khwai non (หนามควายนอน)(Chon Buri),,ref-THA-0000549858,TH,THA,https://botany.dnp.go.th/eflora/floraspecies.html?tdcode=08281,Forest Herbarium,All rights reserved,"Artabotrys siamensis . Flora of Thailand. Vol. 16. Part 1, 2022. Pg. 51. Accessed 2024-06-07",16,1
wfo-0000549858,ver-THA-0000549858.07,tin tang (ตีนตั่ง(Loei),,ref-THA-0000549858,TH,THA,https://botany.dnp.go.th/eflora/floraspecies.html?tdcode=08281,Forest Herbarium,All rights reserved,"Artabotrys siamensis . Flora of Thailand. Vol. 16. Part 1, 2022. Pg. 51. Accessed 2024-06-07",16,1
wfo-0000549858,ver-THA-0000549858.08,ตีนต้าง)(Loei),,ref-THA-0000549858,TH,THA,https://botany.dnp.go.th/eflora/floraspecies.html?tdcode=08281,Forest Herbarium,All rights reserved,"Artabotrys siamensis . Flora of Thailand. Vol. 16. Part 1, 2022. Pg. 51. Accessed 2024-06-07",16,1
wfo-0000549858,ver-THA-0000549858.09,saban nga khruea (สะบันงาเครือ)(Northern),,ref-THA-0000549858,TH,THA,https://botany.dnp.go.th/eflora/floraspecies.html?tdcode=08281,Forest Herbarium,All rights reserved,"Artabotrys siamensis . Flora of Thailand. Vol. 16. Part 1, 2022. Pg. 51. Accessed 2024-06-07",16,1
wfo-1000003204,ver-THA-1000003204.01,karawek phrueksa sawan (การะเวกพฤกษาสวรรค์)(Central),,ref-THA-1000003204,TH,THA,https://botany.dnp.go.th/eflora/floraspecies.html?tdcode=08282,Forest Herbarium,All rights reserved,"Artabotrys spathulatus . Flora of Thailand. Vol. 16. Part 1, 2022. Pg. 52. Accessed 2024-06-07",16,1
wfo-0000549860,ver-THA-0000549860.01,nao nam (นาวน้ำ)(Ubon Ratchathani),,ref-THA-0000549860,TH,THA,https://botany.dnp.go.th/eflora/floraspecies.html?tdcode=08283,Forest Herbarium,All rights reserved,"Artabotrys spinosus . Flora of Thailand. Vol. 16. Part 1, 2022. Pg. 52. Accessed 2024-06-07",16,1
wfo-0000549866,ver-THA-0000549866.01,kai (ก๋าย)(Narathiwat),,ref-THA-0000549866,TH,THA,https://botany.dnp.go.th/eflora/floraspecies.html?tdcode=08284,Forest Herbarium,All rights reserved,"Artabotrys suaveolens . Flora of Thailand. Vol. 16. Part 1, 2022. Pg. 53. Accessed 2024-06-07",16,1
wfo-1000003205,ver-THA-1000003205.01,karawek tanaosi (การเวกตะนาวศรี)(Central),,ref-THA-1000003205,TH,THA,https://botany.dnp.go.th/eflora/floraspecies.html?tdcode=08285,Forest Herbarium,All rights reserved,"Artabotrys tanaosriensis . Flora of Thailand. Vol. 16. Part 1, 2022. Pg. 54. Accessed 2024-06-07",16,1
wfo-0001345517,ver-THA-0001345517.01,karawek daeng(การเวกแดง),,ref-THA-0001345517,TH,THA,https://botany.dnp.go.th/eflora/floraspecies.html?tdcode=08286,Forest Herbarium,All rights reserved,"Artabotrys tipuliferus . Flora of Thailand. Vol. 16. Part 1, 2022. Pg. 54. Accessed 2024-06-07",16,1
wfo-0000549878,ver-THA-0000549878.01,karawek dok diao(การเวกดอกเดียว),,ref-THA-0000549878,TH,THA,https://botany.dnp.go.th/eflora/floraspecies.html?tdcode=08287,Forest Herbarium,All rights reserved,"Artabotrys uniflorus . Flora of Thailand. Vol. 16. Part 1, 2022. Pg. 55. Accessed 2024-06-07",16,1
wfo-0000549881,ver-THA-0000549881.01,karawek khao(การเวกเขา),,ref-THA-0000549881,TH,THA,https://botany.dnp.go.th/eflora/floraspecies.html?tdcode=08288,Forest Herbarium,All rights reserved,"Artabotrys venustus . Flora of Thailand. Vol. 16. Part 1, 2022. Pg. 55. Accessed 2024-06-07",16,1
wfo-0000583376,ver-THA-0000583376.01,chum saeng (ชุมแสง)(Central),,ref-THA-0000583376,TH,THA,https://botany.dnp.go.th/eflora/floraspecies.html?tdcode=08290,Forest Herbarium,All rights reserved,"Cananga brandisiana . Flora of Thailand. Vol. 16. Part 1, 2022. Pg. 57. Accessed 2024-06-07",16,1
wfo-0000583376,ver-THA-0000583376.02,sakae saeng (สะแกแสง)(Central),,ref-THA-0000583376,TH,THA,https://botany.dnp.go.th/eflora/floraspecies.html?tdcode=08290,Forest Herbarium,All rights reserved,"Cananga brandisiana . Flora of Thailand. Vol. 16. Part 1, 2022. Pg. 57. Accessed 2024-06-07",16,1
wfo-0000583376,ver-THA-0000583376.03,ham hok (หำฮอก)(Nakhon Ratchasima),,ref-THA-0000583376,TH,THA,https://botany.dnp.go.th/eflora/floraspecies.html?tdcode=08290,Forest Herbarium,All rights reserved,"Cananga brandisiana . Flora of Thailand. Vol. 16. Part 1, 2022. Pg. 57. Accessed 2024-06-07",16,1
wfo-0000583376,ver-THA-0000583376.04,kaen saeng (แกนแซง)(Uttaradit),,ref-THA-0000583376,TH,THA,https://botany.dnp.go.th/eflora/floraspecies.html?tdcode=08290,Forest Herbarium,All rights reserved,"Cananga brandisiana . Flora of Thailand. Vol. 16. Part 1, 2022. Pg. 57. Accessed 2024-06-07",16,1
wfo-0000583376,ver-THA-0000583376.05,nao (เนา)(Northern),,ref-THA-0000583376,TH,THA,https://botany.dnp.go.th/eflora/floraspecies.html?tdcode=08290,Forest Herbarium,All rights reserved,"Cananga brandisiana . Flora of Thailand. Vol. 16. Part 1, 2022. Pg. 57. Accessed 2024-06-07",16,1
wfo-0000583376,ver-THA-0000583376.06,ngun saban nga (งุ้นสะบันงา)(Chiang Mai),,ref-THA-0000583376,TH,THA,https://botany.dnp.go.th/eflora/floraspecies.html?tdcode=08290,Forest Herbarium,All rights reserved,"Cananga brandisiana . Flora of Thailand. Vol. 16. Part 1, 2022. Pg. 57. Accessed 2024-06-07",16,1
wfo-0000583376,ver-THA-0000583376.07,phoeng (เผิง)(Satun),,ref-THA-0000583376,TH,THA,https://botany.dnp.go.th/eflora/floraspecies.html?tdcode=08290,Forest Herbarium,All rights reserved,"Cananga brandisiana . Flora of Thailand. Vol. 16. Part 1, 2022. Pg. 57. Accessed 2024-06-07",16,1
wfo-0000583376,ver-THA-0000583376.08,rap (ราบ)(Surat Thani),,ref-THA-0000583376,TH,THA,https://botany.dnp.go.th/eflora/floraspecies.html?tdcode=08290,Forest Herbarium,All rights reserved,"Cananga brandisiana . Flora of Thailand. Vol. 16. Part 1, 2022. Pg. 57. Accessed 2024-06-07",16,1
wfo-0000583376,ver-THA-0000583376.09,taeng saeng (แตงแสง)(Chaiyaphum),,ref-THA-0000583376,TH,THA,https://botany.dnp.go.th/eflora/floraspecies.html?tdcode=08290,Forest Herbarium,All rights reserved,"Cananga brandisiana . Flora of Thailand. Vol. 16. Part 1, 2022. Pg. 57. Accessed 2024-06-07",16,1
wfo-0000749030,ver-THA-0000749030.01,kluai (กล้วย)(Chaiyaphum),,ref-THA-0000749030,TH,THA,https://botany.dnp.go.th/eflora/floraspecies.html?tdcode=08295,Forest Herbarium,All rights reserved,"Cyathocalyx harmandii . Flora of Thailand. Vol. 16. Part 1, 2022. Pg. 61. Accessed 2024-06-07",16,1
wfo-0000749030,ver-THA-0000749030.02,teng hin (เต็งหิน)(Chumphon),,ref-THA-0000749030,TH,THA,https://botany.dnp.go.th/eflora/floraspecies.html?tdcode=08295,Forest Herbarium,All rights reserved,"Cyathocalyx harmandii . Flora of Thailand. Vol. 16. Part 1, 2022. Pg. 61. Accessed 2024-06-07",16,1
wfo-0000749030,ver-THA-0000749030.03,nang leo (นางเลว)(Chanthaburi),,ref-THA-0000749030,TH,THA,https://botany.dnp.go.th/eflora/floraspecies.html?tdcode=08295,Forest Herbarium,All rights reserved,"Cyathocalyx harmandii . Flora of Thailand. Vol. 16. Part 1, 2022. Pg. 61. Accessed 2024-06-07",16,1
wfo-0000749030,ver-THA-0000749030.04,saban nga dong (สะบันงาดง)(Northern),,ref-THA-0000749030,TH,THA,https://botany.dnp.go.th/eflora/floraspecies.html?tdcode=08295,Forest Herbarium,All rights reserved,"Cyathocalyx harmandii . Flora of Thailand. Vol. 16. Part 1, 2022. Pg. 61. Accessed 2024-06-07",16,1
wfo-0000749030,ver-THA-0000749030.05,"sa raek (สาแหรก)(Lampang, Nakhon Sawan)",,ref-THA-0000749030,TH,THA,https://botany.dnp.go.th/eflora/floraspecies.html?tdcode=08295,Forest Herbarium,All rights reserved,"Cyathocalyx harmandii . Flora of Thailand. Vol. 16. Part 1, 2022. Pg. 61. Accessed 2024-06-07",16,1
wfo-0000749030,ver-THA-0000749030.06,salaeng (แสลง)(Phitsanulok): ham chang (หำช้าง)(Tak),,ref-THA-0000749030,TH,THA,https://botany.dnp.go.th/eflora/floraspecies.html?tdcode=08295,Forest Herbarium,All rights reserved,"Cyathocalyx harmandii . Flora of Thailand. Vol. 16. Part 1, 2022. Pg. 61. Accessed 2024-06-07",16,1
wfo-0000749030,ver-THA-0000749030.07,ham ma (หำม้า)(Prachuap Khiri Khan),,ref-THA-0000749030,TH,THA,https://botany.dnp.go.th/eflora/floraspecies.html?tdcode=08295,Forest Herbarium,All rights reserved,"Cyathocalyx harmandii . Flora of Thailand. Vol. 16. Part 1, 2022. Pg. 61. Accessed 2024-06-07",16,1
wfo-0000631061,ver-THA-0000631061.01,dam mit(ด้ามมีด),,ref-THA-0000631061,TH,THA,https://botany.dnp.go.th/eflora/floraspecies.html?tdcode=08296,Forest Herbarium,All rights reserved,"Cyathocalyx martabanicus . Flora of Thailand. Vol. 16. Part 1, 2022. Pg. 62. Accessed 2024-06-07",16,1
wfo-0000631082,ver-THA-0000631082.01,kham fu(คำฟู),,ref-THA-0000631082,TH,THA,https://botany.dnp.go.th/eflora/floraspecies.html?tdcode=08297,Forest Herbarium,All rights reserved,"Cyathocalyx sumatranus . Flora of Thailand. Vol. 16. Part 1, 2022. Pg. 62. Accessed 2024-06-07",16,1
wfo-0000631082,ver-THA-0000631082.02,kradang nga dong (กระดังงาดง)(Surat Thani),,ref-THA-0000631082,TH,THA,https://botany.dnp.go.th/eflora/floraspecies.html?tdcode=08297,Forest Herbarium,All rights reserved,"Cyathocalyx sumatranus . Flora of Thailand. Vol. 16. Part 1, 2022. Pg. 62. Accessed 2024-06-07",16,1
wfo-0000743705,ver-THA-0000743705.01,burong dok laem(บุหรงดอกแหลม),,ref-THA-0000743705,TH,THA,https://botany.dnp.go.th/eflora/floraspecies.html?tdcode=08299,Forest Herbarium,All rights reserved,"Dasymaschalon acuminatum . Flora of Thailand. Vol. 16. Part 1, 2022. Pg. 66. Accessed 2024-06-07",16,1
wfo-0000743706,ver-THA-0000743706.01,burong kan kliang (บุหรงก้านเกลี้ยง)(บุหรงใบเรียว),,ref-THA-0000743706,TH,THA,https://botany.dnp.go.th/eflora/floraspecies.html?tdcode=08300,Forest Herbarium,All rights reserved,"Dasymaschalon angustifolium . Flora of Thailand. Vol. 16. Part 1, 2022. Pg. 67. Accessed 2024-06-07",16,1
wfo-0000743706,ver-THA-0000743706.02,burong bai riao(บุหรงใบเรียว),,ref-THA-0000743706,TH,THA,https://botany.dnp.go.th/eflora/floraspecies.html?tdcode=08300,Forest Herbarium,All rights reserved,"Dasymaschalon angustifolium . Flora of Thailand. Vol. 16. Part 1, 2022. Pg. 67. Accessed 2024-06-07",16,1
wfo-0000506972,ver-THA-0000506972.01,burong (บุหรง)(Bangkok),,ref-THA-0000506972,TH,THA,https://botany.dnp.go.th/eflora/floraspecies.html?tdcode=08301,Forest Herbarium,All rights reserved,"Dasymaschalon dasymaschalum . Flora of Thailand. Vol. 16. Part 1, 2022. Pg. 67. Accessed 2024-06-07",16,1
wfo-0000506972,ver-THA-0000506972.02,kradang nga khao (กระดังงาเขา)(Surat Thani),,ref-THA-0000506972,TH,THA,https://botany.dnp.go.th/eflora/floraspecies.html?tdcode=08301,Forest Herbarium,All rights reserved,"Dasymaschalon dasymaschalum . Flora of Thailand. Vol. 16. Part 1, 2022. Pg. 67. Accessed 2024-06-07",16,1
wfo-0000743707,ver-THA-0000743707.01,burong phu luang(บุหรงภูหลวง),,ref-THA-0000743707,TH,THA,https://botany.dnp.go.th/eflora/floraspecies.html?tdcode=08302,Forest Herbarium,All rights reserved,"Dasymaschalon echinatum . Flora of Thailand. Vol. 16. Part 1, 2022. Pg. 69. Accessed 2024-06-07",16,1
wfo-0000638254,ver-THA-0000638254.01,burong kan yao (บุหรงก้านยาว)(Peninsular),,ref-THA-0000638254,TH,THA,https://botany.dnp.go.th/eflora/floraspecies.html?tdcode=08303,Forest Herbarium,All rights reserved,"Dasymaschalon filipes . Flora of Thailand. Vol. 16. Part 1, 2022. Pg. 71. Accessed 2024-06-07",16,1
wfo-0000638256,ver-THA-0000638256.01,burong bai nuan(บุหรงใบนวล),,ref-THA-0000638256,TH,THA,https://botany.dnp.go.th/eflora/floraspecies.html?tdcode=08304,Forest Herbarium,All rights reserved,"Dasymaschalon glaucum . Flora of Thailand. Vol. 16. Part 1, 2022. Pg. 71. Accessed 2024-06-07",16,1
wfo-0000743708,ver-THA-0000743708.01,burong chang(บุหรงช้าง),,ref-THA-0000743708,TH,THA,https://botany.dnp.go.th/eflora/floraspecies.html?tdcode=08305,Forest Herbarium,All rights reserved,"Dasymaschalon grandiflorum . Flora of Thailand. Vol. 16. Part 1, 2022. Pg. 73. Accessed 2024-06-07",16,1
wfo-0000638258,ver-THA-0000638258.01,prong kio (โปร่งกิ่ว)(Northeastern),,ref-THA-0000638258,TH,THA,https://botany.dnp.go.th/eflora/floraspecies.html?tdcode=08306,Forest Herbarium,All rights reserved,"Dasymaschalon lomentaceum . Flora of Thailand. Vol. 16. Part 1, 2022. Pg. 73. Accessed 2024-06-07",16,1
wfo-0000638258,ver-THA-0000638258.02,tit to (ติดต่อ)(Northeastern),,ref-THA-0000638258,TH,THA,https://botany.dnp.go.th/eflora/floraspecies.html?tdcode=08306,Forest Herbarium,All rights reserved,"Dasymaschalon lomentaceum . Flora of Thailand. Vol. 16. Part 1, 2022. Pg. 73. Accessed 2024-06-07",16,1
wfo-0000638260,ver-THA-0000638260.01,ting fa (ติ่งฟ้า)(North-Eastern),,ref-THA-0000638260,TH,THA,https://botany.dnp.go.th/eflora/floraspecies.html?tdcode=08307,Forest Herbarium,All rights reserved,"Dasymaschalon macrocalyx . Flora of Thailand. Vol. 16. Part 1, 2022. Pg. 74. Accessed 2024-06-07",16,1
wfo-0000638269,ver-THA-0000638269.01,burong Suthep (บุหรงสุเทพ)(Northern),,ref-THA-0000638269,TH,THA,https://botany.dnp.go.th/eflora/floraspecies.html?tdcode=08308,Forest Herbarium,All rights reserved,"Dasymaschalon sootepense . Flora of Thailand. Vol. 16. Part 1, 2022. Pg. 74. Accessed 2024-06-07",16,1
wfo-0000638269,ver-THA-0000638269.02,saban nga kliao (สะบันงาเกลียว)(Northern),,ref-THA-0000638269,TH,THA,https://botany.dnp.go.th/eflora/floraspecies.html?tdcode=08308,Forest Herbarium,All rights reserved,"Dasymaschalon sootepense . Flora of Thailand. Vol. 16. Part 1, 2022. Pg. 74. Accessed 2024-06-07",16,1
wfo-0000743710,ver-THA-0000743710.01,burong kan khon(บุหรงก้านขน),,ref-THA-0000743710,TH,THA,https://botany.dnp.go.th/eflora/floraspecies.html?tdcode=08309,Forest Herbarium,All rights reserved,"Dasymaschalon wallichii . Flora of Thailand. Vol. 16. Part 1, 2022. Pg. 75. Accessed 2024-06-07",16,1
wfo-0000638273,ver-THA-0000638273.01,burong dok thu(บุหรงดอกทู่),,ref-THA-0000638273,TH,THA,https://botany.dnp.go.th/eflora/floraspecies.html?tdcode=08310,Forest Herbarium,All rights reserved,"Dasymaschalon yunnanense . Flora of Thailand. Vol. 16. Part 1, 2022. Pg. 75. Accessed 2024-06-07",16,1
wfo-0001332168,ver-THA-0001332168.01,taksina mani (ทักษิณามณี)(Peninsular),,ref-THA-0001332168,TH,THA,https://botany.dnp.go.th/eflora/floraspecies.html?tdcode=08312,Forest Herbarium,All rights reserved,"Dendrokingstonia gardneri . Flora of Thailand. Vol. 16. Part 1, 2022. Pg. 78. Accessed 2024-06-07",16,1
wfo-0000642348,ver-THA-0000642348.01,khruea khao klaep (เครือเขาแกลบ)(Loei),,ref-THA-0000642348,TH,THA,https://botany.dnp.go.th/eflora/floraspecies.html?tdcode=08314,Forest Herbarium,All rights reserved,"Desmos chinensis . Flora of Thailand. Vol. 16. Part 1, 2022. Pg. 79. Accessed 2024-06-07",16,1
wfo-0000642348,ver-THA-0000642348.02,sa lao (ส่าเหล้า)(Prachuap Khiri Khan),,ref-THA-0000642348,TH,THA,https://botany.dnp.go.th/eflora/floraspecies.html?tdcode=08314,Forest Herbarium,All rights reserved,"Desmos chinensis . Flora of Thailand. Vol. 16. Part 1, 2022. Pg. 79. Accessed 2024-06-07",16,1
wfo-0000642348,ver-THA-0000642348.03,sai yut (สายหยุด)(Central),,ref-THA-0000642348,TH,THA,https://botany.dnp.go.th/eflora/floraspecies.html?tdcode=08314,Forest Herbarium,All rights reserved,"Desmos chinensis . Flora of Thailand. Vol. 16. Part 1, 2022. Pg. 79. Accessed 2024-06-07",16,1
wfo-0000642348,ver-THA-0000642348.04,"sao yut (สาวหยุด)(Central, Peninsular)",,ref-THA-0000642348,TH,THA,https://botany.dnp.go.th/eflora/floraspecies.html?tdcode=08314,Forest Herbarium,All rights reserved,"Desmos chinensis . Flora of Thailand. Vol. 16. Part 1, 2022. Pg. 79. Accessed 2024-06-07",16,1
wfo-0000642354,ver-THA-0000642354.01,sa lao (ส่าเหล้า)(Southwestern),,ref-THA-0000642354,TH,THA,https://botany.dnp.go.th/eflora/floraspecies.html?tdcode=08315,Forest Herbarium,All rights reserved,"Desmos cochinchinensis . Flora of Thailand. Vol. 16. Part 1, 2022. Pg. 81. Accessed 2024-06-07",16,1
wfo-0000642354,ver-THA-0000642354.02,sa lao chang (ส่าเหล้าช้าง)(Southwestern),,ref-THA-0000642354,TH,THA,https://botany.dnp.go.th/eflora/floraspecies.html?tdcode=08315,Forest Herbarium,All rights reserved,"Desmos cochinchinensis . Flora of Thailand. Vol. 16. Part 1, 2022. Pg. 81. Accessed 2024-06-07",16,1
wfo-0000642365,ver-THA-0000642365.01,kradang nga pa (กระดังงาป่า)(Central),,ref-THA-0000642365,TH,THA,https://botany.dnp.go.th/eflora/floraspecies.html?tdcode=08317,Forest Herbarium,All rights reserved,"Desmos dumosus . Flora of Thailand. Vol. 16. Part 1, 2022. Pg. 82. Accessed 2024-06-07",16,1
wfo-0000642365,ver-THA-0000642365.02,tin tang (ตีนตั่ง)(Loei),,ref-THA-0000642365,TH,THA,https://botany.dnp.go.th/eflora/floraspecies.html?tdcode=08317,Forest Herbarium,All rights reserved,"Desmos dumosus . Flora of Thailand. Vol. 16. Part 1, 2022. Pg. 82. Accessed 2024-06-07",16,1
wfo-0000642388,ver-THA-0000642388.01,sai yut yai (สายหยุดใหญ่)(Central),,ref-THA-0000642388,TH,THA,https://botany.dnp.go.th/eflora/floraspecies.html?tdcode=08319,Forest Herbarium,All rights reserved,"Desmos macrocarpus . Flora of Thailand. Vol. 16. Part 1, 2022. Pg. 85. Accessed 2024-06-07",16,1
wfo-0000642393,ver-THA-0000642393.01,nom wua (นมวัว)(Kanchanaburi),,ref-THA-0000642393,TH,THA,https://botany.dnp.go.th/eflora/floraspecies.html?tdcode=08320,Forest Herbarium,All rights reserved,"Desmos pedunculosus . Flora of Thailand. Vol. 16. Part 1, 2022. Pg. 86. Accessed 2024-06-07",16,1
wfo-0000642393,ver-THA-0000642393.02,sao yut (สาวหยุด)(Kanchanaburi),,ref-THA-0000642393,TH,THA,https://botany.dnp.go.th/eflora/floraspecies.html?tdcode=08320,Forest Herbarium,All rights reserved,"Desmos pedunculosus . Flora of Thailand. Vol. 16. Part 1, 2022. Pg. 86. Accessed 2024-06-07",16,1
wfo-0000642393,ver-THA-0000642393.03,sa loa (ส่าเหล้า)(Prachuap Khiri Khan),,ref-THA-0000642393,TH,THA,https://botany.dnp.go.th/eflora/floraspecies.html?tdcode=08320,Forest Herbarium,All rights reserved,"Desmos pedunculosus . Flora of Thailand. Vol. 16. Part 1, 2022. Pg. 86. Accessed 2024-06-07",16,1
wfo-0000642393,ver-THA-0000642393.04,yom (โยม)(Pattani),,ref-THA-0000642393,TH,THA,https://botany.dnp.go.th/eflora/floraspecies.html?tdcode=08320,Forest Herbarium,All rights reserved,"Desmos pedunculosus . Flora of Thailand. Vol. 16. Part 1, 2022. Pg. 86. Accessed 2024-06-07",16,1
wfo-0000652197,ver-THA-0000652197.01,ban cham(บานฉ่ำ),,ref-THA-0000652197,TH,THA,https://botany.dnp.go.th/eflora/floraspecies.html?tdcode=08322,Forest Herbarium,All rights reserved,"Disepalum pulchrum . Flora of Thailand. Vol. 16. Part 1, 2022. Pg. 87. Accessed 2024-06-07",16,1
wfo-0000656602,ver-THA-0000656602.01,nang leo phuang(นางเลวพวง),,ref-THA-0000656602,TH,THA,https://botany.dnp.go.th/eflora/floraspecies.html?tdcode=08324,Forest Herbarium,All rights reserved,"Drepananthus pruniferus . Flora of Thailand. Vol. 16. Part 1, 2022. Pg. 91. Accessed 2024-06-07",16,1
wfo-1200031830,ver-THA-1200031830.01,kluai masang (กล้วยมะสัง)(Nakhon Si Thammarat),,ref-THA-1200031830,TH,THA,https://botany.dnp.go.th/eflora/floraspecies.html?tdcode=08326,Forest Herbarium,All rights reserved,"Fissistigma affine . Flora of Thailand. Vol. 16. Part 1, 2022. Pg. 93. Accessed 2024-06-07",16,1
wfo-1200031830,ver-THA-1200031830.02,ya-pa-chio (ยาปะจิว(Lahu-Chiang Rai),,ref-THA-1200031830,TH,THA,https://botany.dnp.go.th/eflora/floraspecies.html?tdcode=08326,Forest Herbarium,All rights reserved,"Fissistigma affine . Flora of Thailand. Vol. 16. Part 1, 2022. Pg. 93. Accessed 2024-06-07",16,1
wfo-0000691132,ver-THA-0000691132.01,kluai masang mai thong(กล้วยมะสังไหมทอง),,ref-THA-0000691132,TH,THA,https://botany.dnp.go.th/eflora/floraspecies.html?tdcode=08327,Forest Herbarium,All rights reserved,"Fissistigma chrysosericeum . Flora of Thailand. Vol. 16. Part 1, 2022. Pg. 94. Accessed 2024-06-07",16,1
wfo-0000691143,ver-THA-0000691143.01,nom maeo pa (นมแมวป่า)(Narathiwat),,ref-THA-0000691143,TH,THA,https://botany.dnp.go.th/eflora/floraspecies.html?tdcode=08328,Forest Herbarium,All rights reserved,"Fissistigma fulgens . Flora of Thailand. Vol. 16. Part 1, 2022. Pg. 94. Accessed 2024-06-07",16,1
wfo-0000691145,ver-THA-0000691145.01,tin tang khruea (ตีนตั่งเครือ)(Nan),,ref-THA-0000691145,TH,THA,https://botany.dnp.go.th/eflora/floraspecies.html?tdcode=08329,Forest Herbarium,All rights reserved,"Fissistigma glaucescens . Flora of Thailand. Vol. 16. Part 1, 2022. Pg. 95. Accessed 2024-06-07",16,1
wfo-0000691154,ver-THA-0000691154.01,kluai masang nara (กล้วยมะสังนรา)(Narathiwat),,ref-THA-0000691154,TH,THA,https://botany.dnp.go.th/eflora/floraspecies.html?tdcode=08330,Forest Herbarium,All rights reserved,"Fissistigma kingii . Flora of Thailand. Vol. 16. Part 1, 2022. Pg. 95. Accessed 2024-06-07",16,1
wfo-0000691161,ver-THA-0000691161.01,yan lueat mo tae (ย่านเลือดเมาะแต)(Narathiwat),,ref-THA-0000691161,TH,THA,https://botany.dnp.go.th/eflora/floraspecies.html?tdcode=08331,Forest Herbarium,All rights reserved,"Fissistigma lanuginosum . Flora of Thailand. Vol. 16. Part 1, 2022. Pg. 96. Accessed 2024-06-07",16,1
wfo-0000691177,ver-THA-0000691177.01,kha hot (ข่าหด)(Northern),,ref-THA-0000691177,TH,THA,https://botany.dnp.go.th/eflora/floraspecies.html?tdcode=08332,Forest Herbarium,All rights reserved,"Fissistigma minuticalyx . Flora of Thailand. Vol. 16. Part 1, 2022. Pg. 97. Accessed 2024-06-07",16,1
wfo-0000691177,ver-THA-0000691177.02,haeng khruea (แห้งเครือ)(Northern),,ref-THA-0000691177,TH,THA,https://botany.dnp.go.th/eflora/floraspecies.html?tdcode=08332,Forest Herbarium,All rights reserved,"Fissistigma minuticalyx . Flora of Thailand. Vol. 16. Part 1, 2022. Pg. 97. Accessed 2024-06-07",16,1
wfo-0000691177,ver-THA-0000691177.03,nom kwai (นมควาย)(Chiang Rai),,ref-THA-0000691177,TH,THA,https://botany.dnp.go.th/eflora/floraspecies.html?tdcode=08332,Forest Herbarium,All rights reserved,"Fissistigma minuticalyx . Flora of Thailand. Vol. 16. Part 1, 2022. Pg. 97. Accessed 2024-06-07",16,1
wfo-0000691197,ver-THA-0000691197.01,khlong (โคลง)(Malay-Pattani),,ref-THA-0000691197,TH,THA,https://botany.dnp.go.th/eflora/floraspecies.html?tdcode=08335,Forest Herbarium,All rights reserved,"Fissistigma rubiginosum . Flora of Thailand. Vol. 16. Part 1, 2022. Pg. 100. Accessed 2024-06-07",16,1
wfo-0000691197,ver-THA-0000691197.02,nom chang (นมช้าง)(Nakhon Ratchasima),,ref-THA-0000691197,TH,THA,https://botany.dnp.go.th/eflora/floraspecies.html?tdcode=08335,Forest Herbarium,All rights reserved,"Fissistigma rubiginosum . Flora of Thailand. Vol. 16. Part 1, 2022. Pg. 100. Accessed 2024-06-07",16,1
wfo-0000691197,ver-THA-0000691197.03,nom wua (นมวัว)(Songkhla),,ref-THA-0000691197,TH,THA,https://botany.dnp.go.th/eflora/floraspecies.html?tdcode=08335,Forest Herbarium,All rights reserved,"Fissistigma rubiginosum . Flora of Thailand. Vol. 16. Part 1, 2022. Pg. 100. Accessed 2024-06-07",16,1
wfo-0000691197,ver-THA-0000691197.04,yan lueat (ย่านเลือด)(Surat Thani),,ref-THA-0000691197,TH,THA,https://botany.dnp.go.th/eflora/floraspecies.html?tdcode=08335,Forest Herbarium,All rights reserved,"Fissistigma rubiginosum . Flora of Thailand. Vol. 16. Part 1, 2022. Pg. 100. Accessed 2024-06-07",16,1
wfo-0000691202,ver-THA-0000691202.01,kluai masang khao chong(กล้วยมะสังเขาช่อง),,ref-THA-0000691202,TH,THA,https://botany.dnp.go.th/eflora/floraspecies.html?tdcode=08336,Forest Herbarium,All rights reserved,"Fissistigma scandens . Flora of Thailand. Vol. 16. Part 1, 2022. Pg. 102. Accessed 2024-06-07",16,1
wfo-0000692485,ver-THA-0000692485.01,khruea niao (เครือเหนียว)(Surat Thani),,ref-THA-0000692485,TH,THA,https://botany.dnp.go.th/eflora/floraspecies.html?tdcode=08339,Forest Herbarium,All rights reserved,"Friesodielsia affinis . Flora of Thailand. Vol. 16. Part 1, 2022. Pg. 105. Accessed 2024-06-07",16,1
wfo-1000027132,ver-THA-1000027132.01,sa lao (ส่าเหล้า)(Krabi),,ref-THA-1000027132,TH,THA,https://botany.dnp.go.th/eflora/floraspecies.html?tdcode=08340,Forest Herbarium,All rights reserved,"Friesodielsia brevistipitata . Flora of Thailand. Vol. 16. Part 1, 2022. Pg. 106. Accessed 2024-06-07",16,1
wfo-0000692496,ver-THA-0000692496.01,bu nga darika(บุหงาดาริกา),,ref-THA-0000692496,TH,THA,https://botany.dnp.go.th/eflora/floraspecies.html?tdcode=08341,Forest Herbarium,All rights reserved,"Friesodielsia calycina . Flora of Thailand. Vol. 16. Part 1, 2022. Pg. 108. Accessed 2024-06-07",16,1
wfo-0000692499,ver-THA-0000692499.01,khruea titto (เครือติดต่อ)(Surat Thani),,ref-THA-0000692499,TH,THA,https://botany.dnp.go.th/eflora/floraspecies.html?tdcode=08342,Forest Herbarium,All rights reserved,"Friesodielsia desmoides . Flora of Thailand. Vol. 16. Part 1, 2022. Pg. 109. Accessed 2024-06-07",16,1
wfo-0000692499,ver-THA-0000692499.02,bu nga soeang(บุหงาเซิง),,ref-THA-0000692499,TH,THA,https://botany.dnp.go.th/eflora/floraspecies.html?tdcode=08342,Forest Herbarium,All rights reserved,"Friesodielsia desmoides . Flora of Thailand. Vol. 16. Part 1, 2022. Pg. 109. Accessed 2024-06-07",16,1
wfo-0000692499,ver-THA-0000692499.03,bu nga taeng ngan (บุหงาแต่งงาน)(Bangkok),,ref-THA-0000692499,TH,THA,https://botany.dnp.go.th/eflora/floraspecies.html?tdcode=08342,Forest Herbarium,All rights reserved,"Friesodielsia desmoides . Flora of Thailand. Vol. 16. Part 1, 2022. Pg. 109. Accessed 2024-06-07",16,1
wfo-0000692499,ver-THA-0000692499.04,sai yut (สายหยุด)(Chumphon),,ref-THA-0000692499,TH,THA,https://botany.dnp.go.th/eflora/floraspecies.html?tdcode=08342,Forest Herbarium,All rights reserved,"Friesodielsia desmoides . Flora of Thailand. Vol. 16. Part 1, 2022. Pg. 109. Accessed 2024-06-07",16,1
wfo-0000692499,ver-THA-0000692499.05,sa lao (ส่าเหล้า)(Surat Thani),,ref-THA-0000692499,TH,THA,https://botany.dnp.go.th/eflora/floraspecies.html?tdcode=08342,Forest Herbarium,All rights reserved,"Friesodielsia desmoides . Flora of Thailand. Vol. 16. Part 1, 2022. Pg. 109. Accessed 2024-06-07",16,1
wfo-0000692502,ver-THA-0000692502.01,bu nga thao (บุหงาเถา)(Trat),,ref-THA-0000692502,TH,THA,https://botany.dnp.go.th/eflora/floraspecies.html?tdcode=08343,Forest Herbarium,All rights reserved,"Friesodielsia discolor . Flora of Thailand. Vol. 16. Part 1, 2022. Pg. 110. Accessed 2024-06-07",16,1
wfo-0000692506,ver-THA-0000692506.01,bu nga kan dok yao(บุหงาก้านดอกยาว),,ref-THA-0000692506,TH,THA,https://botany.dnp.go.th/eflora/floraspecies.html?tdcode=08344,Forest Herbarium,All rights reserved,"Friesodielsia filipes . Flora of Thailand. Vol. 16. Part 1, 2022. Pg. 110. Accessed 2024-06-07",16,1
wfo-1000027133,ver-THA-1000027133.01,bu nga tarutao (บุหงาตะรุเตา)(สาวหยุด),,ref-THA-1000027133,TH,THA,https://botany.dnp.go.th/eflora/floraspecies.html?tdcode=08345,Forest Herbarium,All rights reserved,"Friesodielsia glabra . Flora of Thailand. Vol. 16. Part 1, 2022. Pg. 111. Accessed 2024-06-07",16,1
wfo-1000027133,ver-THA-1000027133.02,sao yut(สาวหยุด),,ref-THA-1000027133,TH,THA,https://botany.dnp.go.th/eflora/floraspecies.html?tdcode=08345,Forest Herbarium,All rights reserved,"Friesodielsia glabra . Flora of Thailand. Vol. 16. Part 1, 2022. Pg. 111. Accessed 2024-06-07",16,1
wfo-0000692508,ver-THA-0000692508.01,bu nga nuan paeng(บุหงานวลแป้ง),,ref-THA-0000692508,TH,THA,https://botany.dnp.go.th/eflora/floraspecies.html?tdcode=08346,Forest Herbarium,All rights reserved,"Friesodielsia glauca . Flora of Thailand. Vol. 16. Part 1, 2022. Pg. 112. Accessed 2024-06-07",16,1
wfo-1000027134,ver-THA-1000027134.01,bu nga khao luang(บุหงาเขาหลวง),,ref-THA-1000027134,TH,THA,https://botany.dnp.go.th/eflora/floraspecies.html?tdcode=08347,Forest Herbarium,All rights reserved,"Friesodielsia khaoluangensis . Flora of Thailand. Vol. 16. Part 1, 2022. Pg. 112. Accessed 2024-06-07",16,1
wfo-1000027134,ver-THA-1000027134.02,sao yut (สาวหยุด)(Nakhon Si Thammarat),,ref-THA-1000027134,TH,THA,https://botany.dnp.go.th/eflora/floraspecies.html?tdcode=08347,Forest Herbarium,All rights reserved,"Friesodielsia khaoluangensis . Flora of Thailand. Vol. 16. Part 1, 2022. Pg. 112. Accessed 2024-06-07",16,1
wfo-0000692518,ver-THA-0000692518.01,bu nga klip yai(บุหงากลีบใหญ่),,ref-THA-0000692518,TH,THA,https://botany.dnp.go.th/eflora/floraspecies.html?tdcode=08348,Forest Herbarium,All rights reserved,"Friesodielsia kingii . Flora of Thailand. Vol. 16. Part 1, 2022. Pg. 113. Accessed 2024-06-07",16,1
wfo-0000692518,ver-THA-0000692518.02,la ro (ลาเราะ)(Narathiwat),,ref-THA-0000692518,TH,THA,https://botany.dnp.go.th/eflora/floraspecies.html?tdcode=08348,Forest Herbarium,All rights reserved,"Friesodielsia kingii . Flora of Thailand. Vol. 16. Part 1, 2022. Pg. 113. Accessed 2024-06-07",16,1
wfo-0000692523,ver-THA-0000692523.01,bu nga bai kwang(บุหงาใบกว้าง),,ref-THA-0000692523,TH,THA,https://botany.dnp.go.th/eflora/floraspecies.html?tdcode=08349,Forest Herbarium,All rights reserved,"Friesodielsia latifolia . Flora of Thailand. Vol. 16. Part 1, 2022. Pg. 114. Accessed 2024-06-07",16,1
wfo-1000027135,ver-THA-1000027135.01,bu nga taeng ngan(บุหงาแต่งงาน),,ref-THA-1000027135,TH,THA,https://botany.dnp.go.th/eflora/floraspecies.html?tdcode=08350,Forest Herbarium,All rights reserved,"Friesodielsia longipetala . Flora of Thailand. Vol. 16. Part 1, 2022. Pg. 115. Accessed 2024-06-07",16,1
wfo-1000027135,ver-THA-1000027135.02,sao yut (สาวหยุด)(Satun),,ref-THA-1000027135,TH,THA,https://botany.dnp.go.th/eflora/floraspecies.html?tdcode=08350,Forest Herbarium,All rights reserved,"Friesodielsia longipetala . Flora of Thailand. Vol. 16. Part 1, 2022. Pg. 115. Accessed 2024-06-07",16,1
wfo-1000027136,ver-THA-1000027136.01,bu nga sawittri (บุหงาสาวิตรี)(Nakhon Si Thammarat),,ref-THA-1000027136,TH,THA,https://botany.dnp.go.th/eflora/floraspecies.html?tdcode=08351,Forest Herbarium,All rights reserved,"Friesodielsia macrosepala . Flora of Thailand. Vol. 16. Part 1, 2022. Pg. 115. Accessed 2024-06-07",16,1
wfo-1000027136,ver-THA-1000027136.02,sao yut (สาวหยุด)(Nakhon Si Thammarat),,ref-THA-1000027136,TH,THA,https://botany.dnp.go.th/eflora/floraspecies.html?tdcode=08351,Forest Herbarium,All rights reserved,"Friesodielsia macrosepala . Flora of Thailand. Vol. 16. Part 1, 2022. Pg. 115. Accessed 2024-06-07",16,1
wfo-1000027137,ver-THA-1000027137.01,bu nga soeang phangan(บุหงาเซิงพะงัน),,ref-THA-1000027137,TH,THA,https://botany.dnp.go.th/eflora/floraspecies.html?tdcode=08352,Forest Herbarium,All rights reserved,"Friesodielsia phanganensis . Flora of Thailand. Vol. 16. Part 1, 2022. Pg. 116. Accessed 2024-06-07",16,1
wfo-1000027138,ver-THA-1000027138.01,bu nga soeang songkhla(บุหงาเซิงสงขลา),,ref-THA-1000027138,TH,THA,https://botany.dnp.go.th/eflora/floraspecies.html?tdcode=08353,Forest Herbarium,All rights reserved,"Friesodielsia songkhlaensis . Flora of Thailand. Vol. 16. Part 1, 2022. Pg. 117. Accessed 2024-06-07",16,1
wfo-0000692546,ver-THA-0000692546.01,bu nga klip na (บุหงากลีบหนา)(Phangnga),,ref-THA-0000692546,TH,THA,https://botany.dnp.go.th/eflora/floraspecies.html?tdcode=08354,Forest Herbarium,All rights reserved,"Friesodielsia unonifolia . Flora of Thailand. Vol. 16. Part 1, 2022. Pg. 118. Accessed 2024-06-07",16,1
wfo-0000692546,ver-THA-0000692546.02,sa lao (ส่าเหล้า)(Surat Thani),,ref-THA-0000692546,TH,THA,https://botany.dnp.go.th/eflora/floraspecies.html?tdcode=08354,Forest Herbarium,All rights reserved,"Friesodielsia unonifolia . Flora of Thailand. Vol. 16. Part 1, 2022. Pg. 118. Accessed 2024-06-07",16,1
wfo-0000509346,ver-THA-0000509346.01,panan mueang kan(ปาหนันเมืองกาญจน์),,ref-THA-0000509346,TH,THA,https://botany.dnp.go.th/eflora/floraspecies.html?tdcode=08356,Forest Herbarium,All rights reserved,"Goniothalamus aurantiacus . Flora of Thailand. Vol. 16. Part 1, 2022. Pg. 122. Accessed 2024-06-07",16,1
wfo-0000706443,ver-THA-0000706443.01,saban nga pa (สะบันงาป่า)(Chiang Mai),,ref-THA-0000706443,TH,THA,https://botany.dnp.go.th/eflora/floraspecies.html?tdcode=08357,Forest Herbarium,All rights reserved,"Goniothalamus calvicarpus . Flora of Thailand. Vol. 16. Part 1, 2022. Pg. 122. Accessed 2024-06-07",16,1
wfo-0000706452,ver-THA-0000706452.01,panan yak (ปาหนันยักษ์)(Nan),,ref-THA-0000706452,TH,THA,https://botany.dnp.go.th/eflora/floraspecies.html?tdcode=08358,Forest Herbarium,All rights reserved,"Goniothalamus cheliensis . Flora of Thailand. Vol. 16. Part 1, 2022. Pg. 124. Accessed 2024-06-07",16,1
wfo-0000706452,ver-THA-0000706452.02,panan yunnan(ปาหนันยูนนาน),,ref-THA-0000706452,TH,THA,https://botany.dnp.go.th/eflora/floraspecies.html?tdcode=08358,Forest Herbarium,All rights reserved,"Goniothalamus cheliensis . Flora of Thailand. Vol. 16. Part 1, 2022. Pg. 124. Accessed 2024-06-07",16,1
wfo-0000706472,ver-THA-0000706472.01,panan chio (ปาหนันจิ๋ว)(Sakon Nakhon),,ref-THA-0000706472,TH,THA,https://botany.dnp.go.th/eflora/floraspecies.html?tdcode=08359,Forest Herbarium,All rights reserved,"Goniothalamus elegans . Flora of Thailand. Vol. 16. Part 1, 2022. Pg. 125. Accessed 2024-06-07",16,1
wfo-0000706478,ver-THA-0000706478.01,panan tia (ปาหนันเตี้ย)(Yala),,ref-THA-0000706478,TH,THA,https://botany.dnp.go.th/eflora/floraspecies.html?tdcode=08360,Forest Herbarium,All rights reserved,"Goniothalamus expansus . Flora of Thailand. Vol. 16. Part 1, 2022. Pg. 125. Accessed 2024-06-07",16,1
wfo-0000706485,ver-THA-0000706485.01,panan chang (ปาหนันช้าง)(Trang),,ref-THA-0000706485,TH,THA,https://botany.dnp.go.th/eflora/floraspecies.html?tdcode=08361,Forest Herbarium,All rights reserved,"Goniothalamus giganteus . Flora of Thailand. Vol. 16. Part 1, 2022. Pg. 126. Accessed 2024-06-07",16,1
wfo-0000706491,ver-THA-0000706491.01,panan morakot (ปาหนันมรกต)(Kanchanaburi),,ref-THA-0000706491,TH,THA,https://botany.dnp.go.th/eflora/floraspecies.html?tdcode=08362,Forest Herbarium,All rights reserved,"Goniothalamus griffithii . Flora of Thailand. Vol. 16. Part 1, 2022. Pg. 128. Accessed 2024-06-07",16,1
wfo-0000706507,ver-THA-0000706507.01,khao lam dong(ข้าวหลามดง),,ref-THA-0000706507,TH,THA,https://botany.dnp.go.th/eflora/floraspecies.html?tdcode=08363,Forest Herbarium,All rights reserved,"Goniothalamus laoticus . Flora of Thailand. Vol. 16. Part 1, 2022. Pg. 128. Accessed 2024-06-07",16,1
wfo-0000706510,ver-THA-0000706510.01,sa lao ton (ส่าเหล้าต้น)(Ranong),,ref-THA-0000706510,TH,THA,https://botany.dnp.go.th/eflora/floraspecies.html?tdcode=08364,Forest Herbarium,All rights reserved,"Goniothalamus latestigma . Flora of Thailand. Vol. 16. Part 1, 2022. Pg. 129. Accessed 2024-06-07",16,1
wfo-0000706521,ver-THA-0000706521.01,king dok diao (กิ่งดอกเดียว)(Trang),,ref-THA-0000706521,TH,THA,https://botany.dnp.go.th/eflora/floraspecies.html?tdcode=08365,Forest Herbarium,All rights reserved,"Goniothalamus macrophyllus . Flora of Thailand. Vol. 16. Part 1, 2022. Pg. 130. Accessed 2024-06-07",16,1
wfo-0000706521,ver-THA-0000706521.02,ratcha khru dam (ราชครูดำ)(Pattani),,ref-THA-0000706521,TH,THA,https://botany.dnp.go.th/eflora/floraspecies.html?tdcode=08365,Forest Herbarium,All rights reserved,"Goniothalamus macrophyllus . Flora of Thailand. Vol. 16. Part 1, 2022. Pg. 130. Accessed 2024-06-07",16,1
wfo-0000509348,ver-THA-0000509348.01,panan mae wong(ปาหนันแม่วงก์),,ref-THA-0000509348,TH,THA,https://botany.dnp.go.th/eflora/floraspecies.html?tdcode=08366,Forest Herbarium,All rights reserved,"Goniothalamus maewongensis . Flora of Thailand. Vol. 16. Part 1, 2022. Pg. 131. Accessed 2024-06-07",16,1
wfo-0000706527,ver-THA-0000706527.01,panan phru (ปาหนันพรุ)(Narathiwat),,ref-THA-0000706527,TH,THA,https://botany.dnp.go.th/eflora/floraspecies.html?tdcode=08367,Forest Herbarium,All rights reserved,"Goniothalamus malayanus . Flora of Thailand. Vol. 16. Part 1, 2022. Pg. 131. Accessed 2024-06-07",16,1
wfo-0000706554,ver-THA-0000706554.01,saet siam(แสดสยาม),,ref-THA-0000706554,TH,THA,https://botany.dnp.go.th/eflora/floraspecies.html?tdcode=08368,Forest Herbarium,All rights reserved,"Goniothalamus repevensis . Flora of Thailand. Vol. 16. Part 1, 2022. Pg. 133. Accessed 2024-06-07",16,1
wfo-0000706558,ver-THA-0000706558.01,panan pum rak (ปาหนันปุ่มราก)(Narathiwat),,ref-THA-0000706558,TH,THA,https://botany.dnp.go.th/eflora/floraspecies.html?tdcode=08369,Forest Herbarium,All rights reserved,"Goniothalamus ridleyi . Flora of Thailand. Vol. 16. Part 1, 2022. Pg. 133. Accessed 2024-06-07",16,1
wfo-0000509349,ver-THA-0000509349.01,panan rong kla (ปาหนันร่องกล้า)(Phitsanulok),,ref-THA-0000509349,TH,THA,https://botany.dnp.go.th/eflora/floraspecies.html?tdcode=08370,Forest Herbarium,All rights reserved,"Goniothalamus rongklanus . Flora of Thailand. Vol. 16. Part 1, 2022. Pg. 135. Accessed 2024-06-07",16,1
wfo-1000065420,ver-THA-1000065420.01,panan klip muang(ปาหนันกลีบม่วง),,ref-THA-1000065420,TH,THA,https://botany.dnp.go.th/eflora/floraspecies.html?tdcode=08371,Forest Herbarium,All rights reserved,"Goniothalamus roseipetalus . Flora of Thailand. Vol. 16. Part 1, 2022. Pg. 137. Accessed 2024-06-07",16,1
wfo-0000706561,ver-THA-0000706561.01,panan hom (ปาหนันหอม)(Narathiwat),,ref-THA-0000706561,TH,THA,https://botany.dnp.go.th/eflora/floraspecies.html?tdcode=08372,Forest Herbarium,All rights reserved,"Goniothalamus rotundisepalus . Flora of Thailand. Vol. 16. Part 1, 2022. Pg. 137. Accessed 2024-06-07",16,1
wfo-0000706566,ver-THA-0000706566.01,panan yik (ปาหนันหยิก)(Phetchaburi),,ref-THA-0000706566,TH,THA,https://botany.dnp.go.th/eflora/floraspecies.html?tdcode=08373,Forest Herbarium,All rights reserved,"Goniothalamus sawtehii . Flora of Thailand. Vol. 16. Part 1, 2022. Pg. 139. Accessed 2024-06-07",16,1
wfo-0000706567,ver-THA-0000706567.01,panan klip phae (ปาหนักลีบแผ่)(Narathiwat),,ref-THA-0000706567,TH,THA,https://botany.dnp.go.th/eflora/floraspecies.html?tdcode=08374,Forest Herbarium,All rights reserved,"Goniothalamus scortechinii . Flora of Thailand. Vol. 16. Part 1, 2022. Pg. 141. Accessed 2024-06-07",16,1
wfo-1000065421,ver-THA-1000065421.01,ratcha khru khao (ราชครูขาว)(Narathiwat),,ref-THA-1000065421,TH,THA,https://botany.dnp.go.th/eflora/floraspecies.html?tdcode=08375,Forest Herbarium,All rights reserved,"Goniothalamus sukhirinensis . Flora of Thailand. Vol. 16. Part 1, 2022. Pg. 141. Accessed 2024-06-07",16,1
wfo-0000706581,ver-THA-0000706581.01,khao lam (ข้าวหลาม)(Chon Buri),,ref-THA-0000706581,TH,THA,https://botany.dnp.go.th/eflora/floraspecies.html?tdcode=08376,Forest Herbarium,All rights reserved,"Goniothalamus tamirensis . Flora of Thailand. Vol. 16. Part 1, 2022. Pg. 142. Accessed 2024-06-07",16,1
wfo-0000706584,ver-THA-0000706584.01,bu nga lam chiak (บุหงาลำเจียก)(Narathiwat),,ref-THA-0000706584,TH,THA,https://botany.dnp.go.th/eflora/floraspecies.html?tdcode=08377,Forest Herbarium,All rights reserved,"Goniothalamus tapis . Flora of Thailand. Vol. 16. Part 1, 2022. Pg. 143. Accessed 2024-06-07",16,1
wfo-0000706586,ver-THA-0000706586.01,panan klip riao (ปาหนันกลีบเรียว)(Phuket),,ref-THA-0000706586,TH,THA,https://botany.dnp.go.th/eflora/floraspecies.html?tdcode=08378,Forest Herbarium,All rights reserved,"Goniothalamus tavoyensis . Flora of Thailand. Vol. 16. Part 1, 2022. Pg. 143. Accessed 2024-06-07",16,1
wfo-0000706588,ver-THA-0000706588.01,panan nang (ปาหนันหนัง)(Narathiwat),,ref-THA-0000706588,TH,THA,https://botany.dnp.go.th/eflora/floraspecies.html?tdcode=08379,Forest Herbarium,All rights reserved,"Goniothalamus tenuifolius . Flora of Thailand. Vol. 16. Part 1, 2022. Pg. 144. Accessed 2024-06-07",16,1
wfo-0000706593,ver-THA-0000706593.01,panan klip na (ปาหนันกลีบหนา)(Narathiwat),,ref-THA-0000706593,TH,THA,https://botany.dnp.go.th/eflora/floraspecies.html?tdcode=08380,Forest Herbarium,All rights reserved,"Goniothalamus tortilipetalus . Flora of Thailand. Vol. 16. Part 1, 2022. Pg. 145. Accessed 2024-06-07",16,1
wfo-0000706598,ver-THA-0000706598.01,panan khi maeo (ปาหนันขี้แมว)(Krabi),,ref-THA-0000706598,TH,THA,https://botany.dnp.go.th/eflora/floraspecies.html?tdcode=08381,Forest Herbarium,All rights reserved,"Goniothalamus undulatus . Flora of Thailand. Vol. 16. Part 1, 2022. Pg. 145. Accessed 2024-06-07",16,1
wfo-0000706600,ver-THA-0000706600.01,panan sen bai (ปาหนันเส้นใบ)(Narathiwat),,ref-THA-0000706600,TH,THA,https://botany.dnp.go.th/eflora/floraspecies.html?tdcode=08382,Forest Herbarium,All rights reserved,"Goniothalamus uvarioides . Flora of Thailand. Vol. 16. Part 1, 2022. Pg. 147. Accessed 2024-06-07",16,1
wfo-0001342035,ver-THA-0001342035.01,chan dong (จันทน์ดง)(Khon Kaen),,ref-THA-0001342035,TH,THA,https://botany.dnp.go.th/eflora/floraspecies.html?tdcode=08384,Forest Herbarium,All rights reserved,"Huberantha cerasoides . Flora of Thailand. Vol. 16. Part 1, 2022. Pg. 148. Accessed 2024-06-07",16,1
wfo-0001342035,ver-THA-0001342035.02,sai den (ทรายเด่น)(Khon Kaen),,ref-THA-0001342035,TH,THA,https://botany.dnp.go.th/eflora/floraspecies.html?tdcode=08384,Forest Herbarium,All rights reserved,"Huberantha cerasoides . Flora of Thailand. Vol. 16. Part 1, 2022. Pg. 148. Accessed 2024-06-07",16,1
wfo-0001342035,ver-THA-0001342035.03,ka chian (กะเจียน)(Chon Buri),,ref-THA-0001342035,TH,THA,https://botany.dnp.go.th/eflora/floraspecies.html?tdcode=08384,Forest Herbarium,All rights reserved,"Huberantha cerasoides . Flora of Thailand. Vol. 16. Part 1, 2022. Pg. 148. Accessed 2024-06-07",16,1
wfo-0001342035,ver-THA-0001342035.04,khae hang (แคหาง)(Ratchaburi),,ref-THA-0001342035,TH,THA,https://botany.dnp.go.th/eflora/floraspecies.html?tdcode=08384,Forest Herbarium,All rights reserved,"Huberantha cerasoides . Flora of Thailand. Vol. 16. Part 1, 2022. Pg. 148. Accessed 2024-06-07",16,1
wfo-0001342035,ver-THA-0001342035.05,kha sam sik (ค่าสามซีก)(Chiang Mai),,ref-THA-0001342035,TH,THA,https://botany.dnp.go.th/eflora/floraspecies.html?tdcode=08384,Forest Herbarium,All rights reserved,"Huberantha cerasoides . Flora of Thailand. Vol. 16. Part 1, 2022. Pg. 148. Accessed 2024-06-07",16,1
wfo-0001342035,ver-THA-0001342035.06,khi hen (ขี้เห็น)(Eastern),,ref-THA-0001342035,TH,THA,https://botany.dnp.go.th/eflora/floraspecies.html?tdcode=08384,Forest Herbarium,All rights reserved,"Huberantha cerasoides . Flora of Thailand. Vol. 16. Part 1, 2022. Pg. 148. Accessed 2024-06-07",16,1
wfo-0001342035,ver-THA-0001342035.07,lueang (เหลือง)(Lampang),,ref-THA-0001342035,TH,THA,https://botany.dnp.go.th/eflora/floraspecies.html?tdcode=08384,Forest Herbarium,All rights reserved,"Huberantha cerasoides . Flora of Thailand. Vol. 16. Part 1, 2022. Pg. 148. Accessed 2024-06-07",16,1
wfo-0001342035,ver-THA-0001342035.08,mot dong (โมดดง)(Rayong),,ref-THA-0001342035,TH,THA,https://botany.dnp.go.th/eflora/floraspecies.html?tdcode=08384,Forest Herbarium,All rights reserved,"Huberantha cerasoides . Flora of Thailand. Vol. 16. Part 1, 2022. Pg. 148. Accessed 2024-06-07",16,1
wfo-0001342035,ver-THA-0001342035.09,padak (ปะดัก)(South-Eastern),,ref-THA-0001342035,TH,THA,https://botany.dnp.go.th/eflora/floraspecies.html?tdcode=08384,Forest Herbarium,All rights reserved,"Huberantha cerasoides . Flora of Thailand. Vol. 16. Part 1, 2022. Pg. 148. Accessed 2024-06-07",16,1
wfo-0001342035,ver-THA-0001342035.10,phaya rakdam (พญารากดำ)(Chon Buri),,ref-THA-0001342035,TH,THA,https://botany.dnp.go.th/eflora/floraspecies.html?tdcode=08384,Forest Herbarium,All rights reserved,"Huberantha cerasoides . Flora of Thailand. Vol. 16. Part 1, 2022. Pg. 148. Accessed 2024-06-07",16,1
wfo-0001342035,ver-THA-0001342035.11,saban nga pa (สะบันงาป่า)(Northern),,ref-THA-0001342035,TH,THA,https://botany.dnp.go.th/eflora/floraspecies.html?tdcode=08384,Forest Herbarium,All rights reserved,"Huberantha cerasoides . Flora of Thailand. Vol. 16. Part 1, 2022. Pg. 148. Accessed 2024-06-07",16,1
wfo-0001342041,ver-THA-0001342041.01,kradung nga khao (กระดังงาเขา)(Surat Thani),,ref-THA-0001342041,TH,THA,https://botany.dnp.go.th/eflora/floraspecies.html?tdcode=08385,Forest Herbarium,All rights reserved,"Huberantha jenkinsii . Flora of Thailand. Vol. 16. Part 1, 2022. Pg. 149. Accessed 2024-06-07",16,1
wfo-0001342041,ver-THA-0001342041.02,saiyut ton (สายหยุดต้น)(Penninsular),,ref-THA-0001342041,TH,THA,https://botany.dnp.go.th/eflora/floraspecies.html?tdcode=08385,Forest Herbarium,All rights reserved,"Huberantha jenkinsii . Flora of Thailand. Vol. 16. Part 1, 2022. Pg. 149. Accessed 2024-06-07",16,1
wfo-0001342041,ver-THA-0001342041.03,sang yu (สังหยู)(Penninsular),,ref-THA-0001342041,TH,THA,https://botany.dnp.go.th/eflora/floraspecies.html?tdcode=08385,Forest Herbarium,All rights reserved,"Huberantha jenkinsii . Flora of Thailand. Vol. 16. Part 1, 2022. Pg. 149. Accessed 2024-06-07",16,1
wfo-0000372929,ver-THA-0000372929.01,ma puan tai(มะป่วนใต้),,ref-THA-0000372929,TH,THA,https://botany.dnp.go.th/eflora/floraspecies.html?tdcode=08438,Forest Herbarium,All rights reserved,"Mitrephora vulpina . Flora of Thailand. Vol. 16. Part 1, 2022. Pg. 197. Accessed 2024-06-07",16,1
wfo-0001066527,ver-THA-0001066527.01,phrom doi(พรหมดอย),,ref-THA-0001066527,TH,THA,https://botany.dnp.go.th/eflora/floraspecies.html?tdcode=08439,Forest Herbarium,All rights reserved,"Mitrephora wangii . Flora of Thailand. Vol. 16. Part 1, 2022. Pg. 197. Accessed 2024-06-07",16,1
wfo-0000372938,ver-THA-0000372938.01,maha phrom (มหาพรหม)(Prachuap Khiri Khan),,ref-THA-0000372938,TH,THA,https://botany.dnp.go.th/eflora/floraspecies.html?tdcode=08440,Forest Herbarium,All rights reserved,"Mitrephora winitii . Flora of Thailand. Vol. 16. Part 1, 2022. Pg. 198. Accessed 2024-06-07",16,1
wfo-0001332437,ver-THA-0001332437.01,ma fat(มะแฝด),,ref-THA-0001332437,TH,THA,https://botany.dnp.go.th/eflora/floraspecies.html?tdcode=08442,Forest Herbarium,All rights reserved,"Monocarpia maingayi . Flora of Thailand. Vol. 16. Part 1, 2022. Pg. 199. Accessed 2024-06-07",16,1
wfo-0001332437,ver-THA-0001332437.02,pi sae (ปีแซ)(Narathiwat),,ref-THA-0001332437,TH,THA,https://botany.dnp.go.th/eflora/floraspecies.html?tdcode=08442,Forest Herbarium,All rights reserved,"Monocarpia maingayi . Flora of Thailand. Vol. 16. Part 1, 2022. Pg. 199. Accessed 2024-06-07",16,1
wfo-0001332437,ver-THA-0001332437.03,pi-sae-ga-yu (ปีแซกายู)(Narathiwat),,ref-THA-0001332437,TH,THA,https://botany.dnp.go.th/eflora/floraspecies.html?tdcode=08442,Forest Herbarium,All rights reserved,"Monocarpia maingayi . Flora of Thailand. Vol. 16. Part 1, 2022. Pg. 199. Accessed 2024-06-07",16,1
wfo-0001332437,ver-THA-0001332437.04,pu-nae-mu-do (ปูแนมูดอ)(Peninsular-Malaysia),,ref-THA-0001332437,TH,THA,https://botany.dnp.go.th/eflora/floraspecies.html?tdcode=08442,Forest Herbarium,All rights reserved,"Monocarpia maingayi . Flora of Thailand. Vol. 16. Part 1, 2022. Pg. 199. Accessed 2024-06-07",16,1
wfo-0001332437,ver-THA-0001332437.05,phi-ne-mu-do (พิเนมูดอ)(Peninsular-Malaysia),,ref-THA-0001332437,TH,THA,https://botany.dnp.go.th/eflora/floraspecies.html?tdcode=08442,Forest Herbarium,All rights reserved,"Monocarpia maingayi . Flora of Thailand. Vol. 16. Part 1, 2022. Pg. 199. Accessed 2024-06-07",16,1
wfo-0001332437,ver-THA-0001332437.06,me-dang-tan-yong (เมดังตันหยง)(Peninsular-Malaysia),,ref-THA-0001332437,TH,THA,https://botany.dnp.go.th/eflora/floraspecies.html?tdcode=08442,Forest Herbarium,All rights reserved,"Monocarpia maingayi . Flora of Thailand. Vol. 16. Part 1, 2022. Pg. 199. Accessed 2024-06-07",16,1
wfo-0001334279,ver-THA-0001334279.01,sang kha yu (ซังคายู้)(Pattani),,ref-THA-0001334279,TH,THA,https://botany.dnp.go.th/eflora/floraspecies.html?tdcode=08445,Forest Herbarium,All rights reserved,"Monoon asteriellum . Flora of Thailand. Vol. 16. Part 1, 2022. Pg. 202. Accessed 2024-06-07",16,1
wfo-1000028094,ver-THA-1000028094.01,kluai ton (กล้วยต้น)(Narathiwat),,ref-THA-1000028094,TH,THA,https://botany.dnp.go.th/eflora/floraspecies.html?tdcode=08446,Forest Herbarium,All rights reserved,"Monoon clavigerum . Flora of Thailand. Vol. 16. Part 1, 2022. Pg. 203. Accessed 2024-06-07",16,1
wfo-0001334288,ver-THA-0001334288.01,nang na phon klom(หนังหนาผลกลม),,ref-THA-0001334288,TH,THA,https://botany.dnp.go.th/eflora/floraspecies.html?tdcode=08447,Forest Herbarium,All rights reserved,"Monoon cupulare . Flora of Thailand. Vol. 16. Part 1, 2022. Pg. 204. Accessed 2024-06-07",16,1
wfo-0001334292,ver-THA-0001334292.01,sang yu (ซังหยู)(Nakhon Si Thammarat),,ref-THA-0001334292,TH,THA,https://botany.dnp.go.th/eflora/floraspecies.html?tdcode=08448,Forest Herbarium,All rights reserved,"Monoon fuscum . Flora of Thailand. Vol. 16. Part 1, 2022. Pg. 205. Accessed 2024-06-07",16,1
wfo-0001334292,ver-THA-0001334292.02,nang na phon ting(หนังหนาผลติ่ง),,ref-THA-0001334292,TH,THA,https://botany.dnp.go.th/eflora/floraspecies.html?tdcode=08448,Forest Herbarium,All rights reserved,"Monoon fuscum . Flora of Thailand. Vol. 16. Part 1, 2022. Pg. 205. Accessed 2024-06-07",16,1
wfo-0000509771,ver-THA-0000509771.01,tara (ตารา)(Narathiwat),,ref-THA-0000509771,TH,THA,https://botany.dnp.go.th/eflora/floraspecies.html?tdcode=08387,Forest Herbarium,All rights reserved,"Maasia glauca . Flora of Thailand. Vol. 16. Part 1, 2022. Pg. 152. Accessed 2024-06-07",16,1
wfo-0000509772,ver-THA-0000509772.01,sang yu khao (สังหยูขาว)(Nakhon Si Thammarat),,ref-THA-0000509772,TH,THA,https://botany.dnp.go.th/eflora/floraspecies.html?tdcode=08388,Forest Herbarium,All rights reserved,"Maasia hypoleuca . Flora of Thailand. Vol. 16. Part 1, 2022. Pg. 154. Accessed 2024-06-07",16,1
wfo-0000509772,ver-THA-0000509772.02,sang yu lang khao (สังหยูหลังขาว)(Nakhon Si Thammarat),,ref-THA-0000509772,TH,THA,https://botany.dnp.go.th/eflora/floraspecies.html?tdcode=08388,Forest Herbarium,All rights reserved,"Maasia hypoleuca . Flora of Thailand. Vol. 16. Part 1, 2022. Pg. 154. Accessed 2024-06-07",16,1
wfo-0000748671,ver-THA-0000748671.01,chat lila (ฉัตรลีลา)(นมแมวน้อย),,ref-THA-0000748671,TH,THA,https://botany.dnp.go.th/eflora/floraspecies.html?tdcode=08390,Forest Herbarium,All rights reserved,"Marsypopetalum modestum . Flora of Thailand. Vol. 16. Part 1, 2022. Pg. 155. Accessed 2024-06-07",16,1
wfo-0000748671,ver-THA-0000748671.02,nom maeo noi(นมแมวน้อย),,ref-THA-0000748671,TH,THA,https://botany.dnp.go.th/eflora/floraspecies.html?tdcode=08390,Forest Herbarium,All rights reserved,"Marsypopetalum modestum . Flora of Thailand. Vol. 16. Part 1, 2022. Pg. 155. Accessed 2024-06-07",16,1
wfo-1000033182,ver-THA-1000033182.01,mu sang yu (หมูสังหยู)(Peninsular)(South-Eastern),,ref-THA-1000033182,TH,THA,https://botany.dnp.go.th/eflora/floraspecies.html?tdcode=08392,Forest Herbarium,All rights reserved,"Meiogyne anomalocarpa . Flora of Thailand. Vol. 16. Part 1, 2022. Pg. 158. Accessed 2024-06-07",16,1
wfo-1000033182,ver-THA-1000033182.02,nom kho (นมโค)(South-Eastern),,ref-THA-1000033182,TH,THA,https://botany.dnp.go.th/eflora/floraspecies.html?tdcode=08392,Forest Herbarium,All rights reserved,"Meiogyne anomalocarpa . Flora of Thailand. Vol. 16. Part 1, 2022. Pg. 158. Accessed 2024-06-07",16,1
wfo-1000033182,ver-THA-1000033182.03,sai den(ไสเดน),,ref-THA-1000033182,TH,THA,https://botany.dnp.go.th/eflora/floraspecies.html?tdcode=08392,Forest Herbarium,All rights reserved,"Meiogyne anomalocarpa . Flora of Thailand. Vol. 16. Part 1, 2022. Pg. 158. Accessed 2024-06-07",16,1
wfo-0001332101,ver-THA-0001332101.01,sai den huai yang(ไสเดนห้วยยาง),,ref-THA-0001332101,TH,THA,https://botany.dnp.go.th/eflora/floraspecies.html?tdcode=08393,Forest Herbarium,All rights reserved,"Meiogyne caudata . Flora of Thailand. Vol. 16. Part 1, 2022. Pg. 159. Accessed 2024-06-07",16,1
wfo-1000033183,ver-THA-1000033183.01,sai den chiang rai(ไสเดนเชียงราย),,ref-THA-1000033183,TH,THA,https://botany.dnp.go.th/eflora/floraspecies.html?tdcode=08394,Forest Herbarium,All rights reserved,"Meiogyne chiangraiensis . Flora of Thailand. Vol. 16. Part 1, 2022. Pg. 159. Accessed 2024-06-07",16,1
wfo-1000033184,ver-THA-1000033184.01,sai den gardner(ไสเดนการ์ดเนอร์),,ref-THA-1000033184,TH,THA,https://botany.dnp.go.th/eflora/floraspecies.html?tdcode=08395,Forest Herbarium,All rights reserved,"Meiogyne gardneri . Flora of Thailand. Vol. 16. Part 1, 2022. Pg. 160. Accessed 2024-06-07",16,1
wfo-0001340770,ver-THA-0001340770.01,sai den hala(ไสเดนฮาลา),,ref-THA-0001340770,TH,THA,https://botany.dnp.go.th/eflora/floraspecies.html?tdcode=08396,Forest Herbarium,All rights reserved,"Meiogyne kanthanensis . Flora of Thailand. Vol. 16. Part 1, 2022. Pg. 162. Accessed 2024-06-07",16,1
wfo-1000033185,ver-THA-1000033185.01,sai den dok yai(ไสเดนดอกใหญ่),,ref-THA-1000033185,TH,THA,https://botany.dnp.go.th/eflora/floraspecies.html?tdcode=08397,Forest Herbarium,All rights reserved,"Meiogyne maxiflora . Flora of Thailand. Vol. 16. Part 1, 2022. Pg. 162. Accessed 2024-06-07",16,1
wfo-0000372360,ver-THA-0000372360.01,yai pluak (ยายปลวก)(Peninsular),,ref-THA-0000372360,TH,THA,https://botany.dnp.go.th/eflora/floraspecies.html?tdcode=08398,Forest Herbarium,All rights reserved,"Meiogyne monosperma . Flora of Thailand. Vol. 16. Part 1, 2022. Pg. 163. Accessed 2024-06-07",16,1
wfo-0000372490,ver-THA-0000372490.01,sang yu khao (สังหยูขาว)(Peninsular),,ref-THA-0000372490,TH,THA,https://botany.dnp.go.th/eflora/floraspecies.html?tdcode=08399,Forest Herbarium,All rights reserved,"Meiogyne virgata . Flora of Thailand. Vol. 16. Part 1, 2022. Pg. 164. Accessed 2024-06-07",16,1
wfo-0000372461,ver-THA-0000372461.01,hua tao (หัวเต่า)(Nakhon Si Thammarat),,ref-THA-0000372461,TH,THA,https://botany.dnp.go.th/eflora/floraspecies.html?tdcode=08402,Forest Herbarium,All rights reserved,"Mezzettia parviflora . Flora of Thailand. Vol. 16. Part 1, 2022. Pg. 167. Accessed 2024-06-07",16,1
wfo-0000372466,ver-THA-0000372466.01,bai biao (ใบเบี้ยว)(Peninsular),,ref-THA-0000372466,TH,THA,https://botany.dnp.go.th/eflora/floraspecies.html?tdcode=08404,Forest Herbarium,All rights reserved,"Miliusa amplexicaulis . Flora of Thailand. Vol. 16. Part 1, 2022. Pg. 170. Accessed 2024-06-07",16,1
wfo-0000372450,ver-THA-0000372450.01,ra khang phu(ระฆังภู),,ref-THA-0000372450,TH,THA,https://botany.dnp.go.th/eflora/floraspecies.html?tdcode=08405,Forest Herbarium,All rights reserved,"Miliusa campanulata . Flora of Thailand. Vol. 16. Part 1, 2022. Pg. 170. Accessed 2024-06-07",16,1
wfo-1000005938,ver-THA-1000005938.01,ra khang chan (ระฆังจันท์)(Southeastern),,ref-THA-1000005938,TH,THA,https://botany.dnp.go.th/eflora/floraspecies.html?tdcode=08406,Forest Herbarium,All rights reserved,"Miliusa chantaburiana . Flora of Thailand. Vol. 16. Part 1, 2022. Pg. 171. Accessed 2024-06-07",16,1
wfo-0001066174,ver-THA-0001066174.01,mong kong (มงกง)(Northern),,ref-THA-0001066174,TH,THA,https://botany.dnp.go.th/eflora/floraspecies.html?tdcode=08407,Forest Herbarium,All rights reserved,"Miliusa cuneata . Flora of Thailand. Vol. 16. Part 1, 2022. Pg. 171. Accessed 2024-06-07",16,1
wfo-0001066174,ver-THA-0001066174.02,salit (สลิด)(Northern),,ref-THA-0001066174,TH,THA,https://botany.dnp.go.th/eflora/floraspecies.html?tdcode=08407,Forest Herbarium,All rights reserved,"Miliusa cuneata . Flora of Thailand. Vol. 16. Part 1, 2022. Pg. 171. Accessed 2024-06-07",16,1
wfo-0001066174,ver-THA-0001066174.03,"ra khang khiao (ระฆังเขียว)(Northern, Southwestern)",,ref-THA-0001066174,TH,THA,https://botany.dnp.go.th/eflora/floraspecies.html?tdcode=08407,Forest Herbarium,All rights reserved,"Miliusa cuneata . Flora of Thailand. Vol. 16. Part 1, 2022. Pg. 171. Accessed 2024-06-07",16,1
wfo-0001342822,ver-THA-0001342822.01,ra khang sai yao (ระฆังสายยาว)(Peninsular),,ref-THA-0001342822,TH,THA,https://botany.dnp.go.th/eflora/floraspecies.html?tdcode=08408,Forest Herbarium,All rights reserved,"Miliusa eupoda . Flora of Thailand. Vol. 16. Part 1, 2022. Pg. 172. Accessed 2024-06-07",16,1
wfo-0001342822,ver-THA-0001342822.02,ra khang tai (ระฆังใต้)(Peninsular),,ref-THA-0001342822,TH,THA,https://botany.dnp.go.th/eflora/floraspecies.html?tdcode=08408,Forest Herbarium,All rights reserved,"Miliusa eupoda . Flora of Thailand. Vol. 16. Part 1, 2022. Pg. 172. Accessed 2024-06-07",16,1
wfo-0000372457,ver-THA-0000372457.01,ra khang thasan (ระฆังท่าสาร)(Peninsular),,ref-THA-0000372457,TH,THA,https://botany.dnp.go.th/eflora/floraspecies.html?tdcode=08409,Forest Herbarium,All rights reserved,"Miliusa filipes . Flora of Thailand. Vol. 16. Part 1, 2022. Pg. 173. Accessed 2024-06-07",16,1
wfo-0001337921,ver-THA-0001337921.01,chanthima doi (จันทิมาดอย)(Northern),,ref-THA-0001337921,TH,THA,https://botany.dnp.go.th/eflora/floraspecies.html?tdcode=08410,Forest Herbarium,All rights reserved,"Miliusa fragrans . Flora of Thailand. Vol. 16. Part 1, 2022. Pg. 173. Accessed 2024-06-07",16,1
wfo-0000372752,ver-THA-0000372752.01,"chan thi ma (จันทิมา)(Northeastern, Eastern)",,ref-THA-0000372752,TH,THA,https://botany.dnp.go.th/eflora/floraspecies.html?tdcode=08411,Forest Herbarium,All rights reserved,"Miliusa fusca . Flora of Thailand. Vol. 16. Part 1, 2022. Pg. 175. Accessed 2024-06-07",16,1
wfo-0000373035,ver-THA-0000373035.01,hatsadi phithak (หัสดีพิทักษ์)(Southwestern),,ref-THA-0000373035,TH,THA,https://botany.dnp.go.th/eflora/floraspecies.html?tdcode=08412,Forest Herbarium,All rights reserved,"Miliusa glandulifera . Flora of Thailand. Vol. 16. Part 1, 2022. Pg. 176. Accessed 2024-06-07",16,1
wfo-1000044643,ver-THA-1000044643.01,ra khang bai khon (ระฆังใบขน)(Southwestern),,ref-THA-1000044643,TH,THA,https://botany.dnp.go.th/eflora/floraspecies.html?tdcode=08413,Forest Herbarium,All rights reserved,"Miliusa hirsuta . Flora of Thailand. Vol. 16. Part 1, 2022. Pg. 176. Accessed 2024-06-07",16,1
wfo-0001066369,ver-THA-0001066369.01,"i raet (อีแรด)(Northern, Eastern, Central, Southeastern, Peninsular)",,ref-THA-0001066369,TH,THA,https://botany.dnp.go.th/eflora/floraspecies.html?tdcode=08414,Forest Herbarium,All rights reserved,"Miliusa horsfieldii . Flora of Thailand. Vol. 16. Part 1, 2022. Pg. 177. Accessed 2024-06-07",16,1
wfo-0001066369,ver-THA-0001066369.02,"po khi hat (ปอขี้แฮด)(Northern, Eastern, Central, Southeastern, Peninsular)",,ref-THA-0001066369,TH,THA,https://botany.dnp.go.th/eflora/floraspecies.html?tdcode=08414,Forest Herbarium,All rights reserved,"Miliusa horsfieldii . Flora of Thailand. Vol. 16. Part 1, 2022. Pg. 177. Accessed 2024-06-07",16,1
wfo-1000044642,ver-THA-1000044642.01,ching chap tai (จิงจาบใต้)(Peninsular),,ref-THA-1000044642,TH,THA,https://botany.dnp.go.th/eflora/floraspecies.html?tdcode=08415,Forest Herbarium,All rights reserved,"Miliusa intermedia . Flora of Thailand. Vol. 16. Part 1, 2022. Pg. 178. Accessed 2024-06-07",16,1
wfo-1000030423,ver-THA-1000030423.01,ching chap khio khem (จิงจาบคิ้วเข้ม)(Southeastern),,ref-THA-1000030423,TH,THA,https://botany.dnp.go.th/eflora/floraspecies.html?tdcode=08416,Forest Herbarium,All rights reserved,"Miliusa microphylla . Flora of Thailand. Vol. 16. Part 1, 2022. Pg. 178. Accessed 2024-06-07",16,1
wfo-0000372969,ver-THA-0000372969.01,ching chap(จิงจาบ),,ref-THA-0000372969,TH,THA,https://botany.dnp.go.th/eflora/floraspecies.html?tdcode=08417,Forest Herbarium,All rights reserved,"Miliusa mollis . Flora of Thailand. Vol. 16. Part 1, 2022. Pg. 179. Accessed 2024-06-07",16,1
wfo-0001337922,ver-THA-0001337922.01,bai biao lek (ใบเบี้ยวเล็ก)(Peninsular),,ref-THA-0001337922,TH,THA,https://botany.dnp.go.th/eflora/floraspecies.html?tdcode=08418,Forest Herbarium,All rights reserved,"Miliusa nakhonsiana . Flora of Thailand. Vol. 16. Part 1, 2022. Pg. 179. Accessed 2024-06-07",16,1
wfo-0000372962,ver-THA-0000372962.01,phra in cham laeng (พระอินทร์จำแลง)(Peninsular),,ref-THA-0000372962,TH,THA,https://botany.dnp.go.th/eflora/floraspecies.html?tdcode=08419,Forest Herbarium,All rights reserved,"Miliusa parviflora . Flora of Thailand. Vol. 16. Part 1, 2022. Pg. 180. Accessed 2024-06-07",16,1
wfo-0001341395,ver-THA-0001341395.01,ra khang nam phrai (ระฆังน้ำพราย)(Peninsular),,ref-THA-0001341395,TH,THA,https://botany.dnp.go.th/eflora/floraspecies.html?tdcode=08420,Forest Herbarium,All rights reserved,"Miliusa pumila . Flora of Thailand. Vol. 16. Part 1, 2022. Pg. 181. Accessed 2024-06-07",16,1
wfo-0000372949,ver-THA-0000372949.01,"ham fan (หำฟาน)(Northern, Southwestern)",,ref-THA-0000372949,TH,THA,https://botany.dnp.go.th/eflora/floraspecies.html?tdcode=08421,Forest Herbarium,All rights reserved,"Miliusa sclerocarpa . Flora of Thailand. Vol. 16. Part 1, 2022. Pg. 181. Accessed 2024-06-07",16,1
wfo-0000372949,ver-THA-0000372949.02,"lueang rat chani (เหลืองรัชนี)(Northern, Southwestern)",,ref-THA-0000372949,TH,THA,https://botany.dnp.go.th/eflora/floraspecies.html?tdcode=08421,Forest Herbarium,All rights reserved,"Miliusa sclerocarpa . Flora of Thailand. Vol. 16. Part 1, 2022. Pg. 181. Accessed 2024-06-07",16,1
wfo-0000372949,ver-THA-0000372949.03,sam tao dam (สามเต่าดำ)(Northern),,ref-THA-0000372949,TH,THA,https://botany.dnp.go.th/eflora/floraspecies.html?tdcode=08421,Forest Herbarium,All rights reserved,"Miliusa sclerocarpa . Flora of Thailand. Vol. 16. Part 1, 2022. Pg. 181. Accessed 2024-06-07",16,1
wfo-0000372949,ver-THA-0000372949.04,pi-o-ka-sae (ปีออกาแซ)(Karen-Kanchanaburi),,ref-THA-0000372949,TH,THA,https://botany.dnp.go.th/eflora/floraspecies.html?tdcode=08421,Forest Herbarium,All rights reserved,"Miliusa sclerocarpa . Flora of Thailand. Vol. 16. Part 1, 2022. Pg. 181. Accessed 2024-06-07",16,1
wfo-0001337923,ver-THA-0001337923.01,bai biao dam kwan(ใบเบี้ยวด้ามขวาน),,ref-THA-0001337923,TH,THA,https://botany.dnp.go.th/eflora/floraspecies.html?tdcode=08422,Forest Herbarium,All rights reserved,"Miliusa sessilis . Flora of Thailand. Vol. 16. Part 1, 2022. Pg. 182. Accessed 2024-06-07",16,1
wfo-0001337924,ver-THA-0001337924.01,ra khang sayam (ระฆังสยาม)(Peninsular),,ref-THA-0001337924,TH,THA,https://botany.dnp.go.th/eflora/floraspecies.html?tdcode=08423,Forest Herbarium,All rights reserved,"Miliusa thailandica . Flora of Thailand. Vol. 16. Part 1, 2022. Pg. 182. Accessed 2024-06-07",16,1
wfo-0000372953,ver-THA-0000372953.01,ma dam(หมาดำ),,ref-THA-0000372953,TH,THA,https://botany.dnp.go.th/eflora/floraspecies.html?tdcode=08424,Forest Herbarium,All rights reserved,"Miliusa thorelii . Flora of Thailand. Vol. 16. Part 1, 2022. Pg. 183. Accessed 2024-06-07",16,1
wfo-0001337925,ver-THA-0001337925.01,ra khang hom (ระฆังหอม)(Northern),,ref-THA-0001337925,TH,THA,https://botany.dnp.go.th/eflora/floraspecies.html?tdcode=08425,Forest Herbarium,All rights reserved,"Miliusa umpangensis . Flora of Thailand. Vol. 16. Part 1, 2022. Pg. 184. Accessed 2024-06-07",16,1
wfo-0000372950,ver-THA-0000372950.01,khang hua mu(ขางหัวหมู),,ref-THA-0000372950,TH,THA,https://botany.dnp.go.th/eflora/floraspecies.html?tdcode=08426,Forest Herbarium,All rights reserved,"Miliusa velutina . Flora of Thailand. Vol. 16. Part 1, 2022. Pg. 184. Accessed 2024-06-07",16,1
wfo-0000372950,ver-THA-0000372950.02,hang rok (หางรอก)(Northern),,ref-THA-0000372950,TH,THA,https://botany.dnp.go.th/eflora/floraspecies.html?tdcode=08426,Forest Herbarium,All rights reserved,"Miliusa velutina . Flora of Thailand. Vol. 16. Part 1, 2022. Pg. 184. Accessed 2024-06-07",16,1
wfo-0000372950,ver-THA-0000372950.03,chon chet nai (โจรเจ็ดนาย)(Southwestern),,ref-THA-0000372950,TH,THA,https://botany.dnp.go.th/eflora/floraspecies.html?tdcode=08426,Forest Herbarium,All rights reserved,"Miliusa velutina . Flora of Thailand. Vol. 16. Part 1, 2022. Pg. 184. Accessed 2024-06-07",16,1
wfo-0000372950,ver-THA-0000372950.04,hua chai maiyarap (หัวใจไมยราพ)(Southwestern),,ref-THA-0000372950,TH,THA,https://botany.dnp.go.th/eflora/floraspecies.html?tdcode=08426,Forest Herbarium,All rights reserved,"Miliusa velutina . Flora of Thailand. Vol. 16. Part 1, 2022. Pg. 184. Accessed 2024-06-07",16,1
wfo-1000028071,ver-THA-1000028071.01,lam duan thao(ลำดวนเถา),,ref-THA-1000028071,TH,THA,https://botany.dnp.go.th/eflora/floraspecies.html?tdcode=08428,Forest Herbarium,All rights reserved,"Mitrella elegans . Flora of Thailand. Vol. 16. Part 1, 2022. Pg. 187. Accessed 2024-06-07",16,1
wfo-0000372976,ver-THA-0000372976.01,phrom khao(พรหมขาว),,ref-THA-0000372976,TH,THA,https://botany.dnp.go.th/eflora/floraspecies.html?tdcode=08430,Forest Herbarium,All rights reserved,"Mitrephora alba . Flora of Thailand. Vol. 16. Part 1, 2022. Pg. 190. Accessed 2024-06-07",16,1
wfo-1000033219,ver-THA-1000033219.01,phrom chula phon(พรหมจุฬาภรณ์),,ref-THA-1000033219,TH,THA,https://botany.dnp.go.th/eflora/floraspecies.html?tdcode=08431,Forest Herbarium,All rights reserved,"Mitrephora chulabhorniana . Flora of Thailand. Vol. 16. Part 1, 2022. Pg. 191. Accessed 2024-06-07",16,1
wfo-0000371056,ver-THA-0000371056.01,klai(กลาย),,ref-THA-0000371056,TH,THA,https://botany.dnp.go.th/eflora/floraspecies.html?tdcode=08432,Forest Herbarium,All rights reserved,"Mitrephora keithii . Flora of Thailand. Vol. 16. Part 1, 2022. Pg. 191. Accessed 2024-06-07",16,1
wfo-0000371056,ver-THA-0000371056.02,kluai khang (กล้วยค่าง)(Bangkok),,ref-THA-0000371056,TH,THA,https://botany.dnp.go.th/eflora/floraspecies.html?tdcode=08432,Forest Herbarium,All rights reserved,"Mitrephora keithii . Flora of Thailand. Vol. 16. Part 1, 2022. Pg. 191. Accessed 2024-06-07",16,1
wfo-0001038598,ver-THA-0001038598.01,phrom chumphon(พรหมชุมพร),,ref-THA-0001038598,TH,THA,https://botany.dnp.go.th/eflora/floraspecies.html?tdcode=08433,Forest Herbarium,All rights reserved,"Mitrephora macclurei . Flora of Thailand. Vol. 16. Part 1, 2022. Pg. 192. Accessed 2024-06-07",16,1
wfo-0001354496,ver-THA-0001354496.01,phrom phanom(พรหมพนม),,ref-THA-0001354496,TH,THA,https://botany.dnp.go.th/eflora/floraspecies.html?tdcode=08434,Forest Herbarium,All rights reserved,"Mitrephora monocarpa . Flora of Thailand. Vol. 16. Part 1, 2022. Pg. 192. Accessed 2024-06-07",16,1
wfo-0000507649,ver-THA-0000507649.01,maha phrom rachini(มหาพรหมราชินี),,ref-THA-0000507649,TH,THA,https://botany.dnp.go.th/eflora/floraspecies.html?tdcode=08435,Forest Herbarium,All rights reserved,"Mitrephora sirikitiae . Flora of Thailand. Vol. 16. Part 1, 2022. Pg. 194. Accessed 2024-06-07",16,1
wfo-0000372908,ver-THA-0000372908.01,nang daeng(นางแดง),,ref-THA-0000372908,TH,THA,https://botany.dnp.go.th/eflora/floraspecies.html?tdcode=08436,Forest Herbarium,All rights reserved,"Mitrephora teysmannii . Flora of Thailand. Vol. 16. Part 1, 2022. Pg. 194. Accessed 2024-06-07",16,1
wfo-0000372908,ver-THA-0000372908.02,po haet (ปอแฮด)(Chiang Mai),,ref-THA-0000372908,TH,THA,https://botany.dnp.go.th/eflora/floraspecies.html?tdcode=08436,Forest Herbarium,All rights reserved,"Mitrephora teysmannii . Flora of Thailand. Vol. 16. Part 1, 2022. Pg. 194. Accessed 2024-06-07",16,1
wfo-0001038588,ver-THA-0001038588.01,ma puan (มะป่วน)(Northeastern),,ref-THA-0001038588,TH,THA,https://botany.dnp.go.th/eflora/floraspecies.html?tdcode=08437,Forest Herbarium,All rights reserved,"Mitrephora tomentosa . Flora of Thailand. Vol. 16. Part 1, 2022. Pg. 196. Accessed 2024-06-07",16,1
wfo-0001038588,ver-THA-0001038588.02,lamduan dong (ลำดวนดง)(Chanthaburi),,ref-THA-0001038588,TH,THA,https://botany.dnp.go.th/eflora/floraspecies.html?tdcode=08437,Forest Herbarium,All rights reserved,"Mitrephora tomentosa . Flora of Thailand. Vol. 16. Part 1, 2022. Pg. 196. Accessed 2024-06-07",16,1
wfo-0001334295,ver-THA-0001334295.01,lueang krachuk (เหลืองกระจุก)(Trat),,ref-THA-0001334295,TH,THA,https://botany.dnp.go.th/eflora/floraspecies.html?tdcode=08449,Forest Herbarium,All rights reserved,"Monoon harmandii . Flora of Thailand. Vol. 16. Part 1, 2022. Pg. 205. Accessed 2024-06-07",16,1
wfo-0001334295,ver-THA-0001334295.02,lueang chan (เหลืองจันทร์)(Trat),,ref-THA-0001334295,TH,THA,https://botany.dnp.go.th/eflora/floraspecies.html?tdcode=08449,Forest Herbarium,All rights reserved,"Monoon harmandii . Flora of Thailand. Vol. 16. Part 1, 2022. Pg. 205. Accessed 2024-06-07",16,1
wfo-0001334295,ver-THA-0001334295.03,kra dang nga pa (กระดังงาป่า)(Trat),,ref-THA-0001334295,TH,THA,https://botany.dnp.go.th/eflora/floraspecies.html?tdcode=08449,Forest Herbarium,All rights reserved,"Monoon harmandii . Flora of Thailand. Vol. 16. Part 1, 2022. Pg. 205. Accessed 2024-06-07",16,1
wfo-0001334296,ver-THA-0001334296.01,kui so (กุยโซ)(Yawi-Narathiwat),,ref-THA-0001334296,TH,THA,https://botany.dnp.go.th/eflora/floraspecies.html?tdcode=08450,Forest Herbarium,All rights reserved,"Monoon hookerianum . Flora of Thailand. Vol. 16. Part 1, 2022. Pg. 206. Accessed 2024-06-07",16,1
wfo-0001334297,ver-THA-0001334297.01,kluai chamot(กล้วยชะมด),,ref-THA-0001334297,TH,THA,https://botany.dnp.go.th/eflora/floraspecies.html?tdcode=08451,Forest Herbarium,All rights reserved,"Monoon hypogaeum . Flora of Thailand. Vol. 16. Part 1, 2022. Pg. 207. Accessed 2024-06-07",16,1
wfo-0001334297,ver-THA-0001334297.02,pi-sae-ga-yu (ปีแซกายู)(Narathiwat),,ref-THA-0001334297,TH,THA,https://botany.dnp.go.th/eflora/floraspecies.html?tdcode=08451,Forest Herbarium,All rights reserved,"Monoon hypogaeum . Flora of Thailand. Vol. 16. Part 1, 2022. Pg. 207. Accessed 2024-06-07",16,1
wfo-0001334298,ver-THA-0001334298.01,yang lueang(ยางเหลือง),,ref-THA-0001334298,TH,THA,https://botany.dnp.go.th/eflora/floraspecies.html?tdcode=08452,Forest Herbarium,All rights reserved,"Monoon jucundum . Flora of Thailand. Vol. 16. Part 1, 2022. Pg. 208. Accessed 2024-06-07",16,1
wfo-0000372999,ver-THA-0000372999.01,niam khao (เนียมเขา)(Chumphon),,ref-THA-0000372999,TH,THA,https://botany.dnp.go.th/eflora/floraspecies.html?tdcode=08453,Forest Herbarium,All rights reserved,"Monoon lateriflorum . Flora of Thailand. Vol. 16. Part 1, 2022. Pg. 208. Accessed 2024-06-07",16,1
wfo-0000372999,ver-THA-0000372999.02,sang yu bai yai (สังหยูใบใหญ่)(Trang),,ref-THA-0000372999,TH,THA,https://botany.dnp.go.th/eflora/floraspecies.html?tdcode=08453,Forest Herbarium,All rights reserved,"Monoon lateriflorum . Flora of Thailand. Vol. 16. Part 1, 2022. Pg. 208. Accessed 2024-06-07",16,1
wfo-0000372999,ver-THA-0000372999.03,kluai mu sang (กล้วยหมูสัง)(Yala),,ref-THA-0000372999,TH,THA,https://botany.dnp.go.th/eflora/floraspecies.html?tdcode=08453,Forest Herbarium,All rights reserved,"Monoon lateriflorum . Flora of Thailand. Vol. 16. Part 1, 2022. Pg. 208. Accessed 2024-06-07",16,1
wfo-0000372999,ver-THA-0000372999.04,kluai i hen (กล้วยอีเห็น)(Yala),,ref-THA-0000372999,TH,THA,https://botany.dnp.go.th/eflora/floraspecies.html?tdcode=08453,Forest Herbarium,All rights reserved,"Monoon lateriflorum . Flora of Thailand. Vol. 16. Part 1, 2022. Pg. 208. Accessed 2024-06-07",16,1
wfo-0000372999,ver-THA-0000372999.05,kluai (กล้วย)(Narathiwat),,ref-THA-0000372999,TH,THA,https://botany.dnp.go.th/eflora/floraspecies.html?tdcode=08453,Forest Herbarium,All rights reserved,"Monoon lateriflorum . Flora of Thailand. Vol. 16. Part 1, 2022. Pg. 208. Accessed 2024-06-07",16,1
wfo-0000372999,ver-THA-0000372999.06,pi-sae (ปีแซ)(Narathiwat),,ref-THA-0000372999,TH,THA,https://botany.dnp.go.th/eflora/floraspecies.html?tdcode=08453,Forest Herbarium,All rights reserved,"Monoon lateriflorum . Flora of Thailand. Vol. 16. Part 1, 2022. Pg. 208. Accessed 2024-06-07",16,1
wfo-0001425469,ver-THA-0001425469.01,a sok india(อโศกอินเดีย),,ref-THA-0001425469,TH,THA,https://botany.dnp.go.th/eflora/floraspecies.html?tdcode=08454,Forest Herbarium,All rights reserved,"Monoon longifolium . Flora of Thailand. Vol. 16. Part 1, 2022. Pg. 210. Accessed 2024-06-07",16,1
wfo-0001425469,ver-THA-0001425469.02,a sok sen khabrial (อโศกเซนต์คาเบรียล)(Bangkok),,ref-THA-0001425469,TH,THA,https://botany.dnp.go.th/eflora/floraspecies.html?tdcode=08454,Forest Herbarium,All rights reserved,"Monoon longifolium . Flora of Thailand. Vol. 16. Part 1, 2022. Pg. 210. Accessed 2024-06-07",16,1
wfo-0001334304,ver-THA-0001334304.01,bulan bala(บุหลันบาลา),,ref-THA-0001334304,TH,THA,https://botany.dnp.go.th/eflora/floraspecies.html?tdcode=08455,Forest Herbarium,All rights reserved,"Monoon magnoliiflorum . Flora of Thailand. Vol. 16. Part 1, 2022. Pg. 211. Accessed 2024-06-07",16,1
wfo-0001425490,ver-THA-0001425490.01,sabun nga dong (สะบันงาดง)(Kanchanaburi),,ref-THA-0001425490,TH,THA,https://botany.dnp.go.th/eflora/floraspecies.html?tdcode=08456,Forest Herbarium,All rights reserved,"Monoon membranifolium . Flora of Thailand. Vol. 16. Part 1, 2022. Pg. 212. Accessed 2024-06-07",16,1
wfo-0001425490,ver-THA-0001425490.02,sang yu (ซังหยู)(Trang),,ref-THA-0001425490,TH,THA,https://botany.dnp.go.th/eflora/floraspecies.html?tdcode=08456,Forest Herbarium,All rights reserved,"Monoon membranifolium . Flora of Thailand. Vol. 16. Part 1, 2022. Pg. 212. Accessed 2024-06-07",16,1
wfo-0001425490,ver-THA-0001425490.03,nang na dok yai (หนังหนาดอกใหญ่)(Peninsular),,ref-THA-0001425490,TH,THA,https://botany.dnp.go.th/eflora/floraspecies.html?tdcode=08456,Forest Herbarium,All rights reserved,"Monoon membranifolium . Flora of Thailand. Vol. 16. Part 1, 2022. Pg. 212. Accessed 2024-06-07",16,1
wfo-0001334308,ver-THA-0001334308.01,yang phai (ยางพาย)(Chiang Mai),,ref-THA-0001334308,TH,THA,https://botany.dnp.go.th/eflora/floraspecies.html?tdcode=08457,Forest Herbarium,All rights reserved,"Monoon obtusum . Flora of Thailand. Vol. 16. Part 1, 2022. Pg. 212. Accessed 2024-06-07",16,1
wfo-0001334308,ver-THA-0001334308.02,"tong ho oi (ตองห่ออ้อย)(Chiang Mai, Lamphun)",,ref-THA-0001334308,TH,THA,https://botany.dnp.go.th/eflora/floraspecies.html?tdcode=08457,Forest Herbarium,All rights reserved,"Monoon obtusum . Flora of Thailand. Vol. 16. Part 1, 2022. Pg. 212. Accessed 2024-06-07",16,1
wfo-0001334308,ver-THA-0001334308.03,sa ban nga pa (สะบันงาป่า)(Lamphun),,ref-THA-0001334308,TH,THA,https://botany.dnp.go.th/eflora/floraspecies.html?tdcode=08457,Forest Herbarium,All rights reserved,"Monoon obtusum . Flora of Thailand. Vol. 16. Part 1, 2022. Pg. 212. Accessed 2024-06-07",16,1
wfo-0001334308,ver-THA-0001334308.04,yang dong (ยางดง)(Lamphun),,ref-THA-0001334308,TH,THA,https://botany.dnp.go.th/eflora/floraspecies.html?tdcode=08457,Forest Herbarium,All rights reserved,"Monoon obtusum . Flora of Thailand. Vol. 16. Part 1, 2022. Pg. 212. Accessed 2024-06-07",16,1
wfo-0001334308,ver-THA-0001334308.05,sam tao (สามเต้า)(Lampang),,ref-THA-0001334308,TH,THA,https://botany.dnp.go.th/eflora/floraspecies.html?tdcode=08457,Forest Herbarium,All rights reserved,"Monoon obtusum . Flora of Thailand. Vol. 16. Part 1, 2022. Pg. 212. Accessed 2024-06-07",16,1
wfo-0001334308,ver-THA-0001334308.06,"yang ueng (ยางอึ่ง)(Phitsanulok, Sukhothai)",,ref-THA-0001334308,TH,THA,https://botany.dnp.go.th/eflora/floraspecies.html?tdcode=08457,Forest Herbarium,All rights reserved,"Monoon obtusum . Flora of Thailand. Vol. 16. Part 1, 2022. Pg. 212. Accessed 2024-06-07",16,1
wfo-0001334308,ver-THA-0001334308.07,yang don (ยางโดน)(Udon Thani),,ref-THA-0001334308,TH,THA,https://botany.dnp.go.th/eflora/floraspecies.html?tdcode=08457,Forest Herbarium,All rights reserved,"Monoon obtusum . Flora of Thailand. Vol. 16. Part 1, 2022. Pg. 212. Accessed 2024-06-07",16,1
wfo-0001334308,ver-THA-0001334308.08,yang on (ยางโอน)(Kalasin),,ref-THA-0001334308,TH,THA,https://botany.dnp.go.th/eflora/floraspecies.html?tdcode=08457,Forest Herbarium,All rights reserved,"Monoon obtusum . Flora of Thailand. Vol. 16. Part 1, 2022. Pg. 212. Accessed 2024-06-07",16,1
wfo-0001334308,ver-THA-0001334308.09,yang ben (ยางเบน)(Chaiyaphum),,ref-THA-0001334308,TH,THA,https://botany.dnp.go.th/eflora/floraspecies.html?tdcode=08457,Forest Herbarium,All rights reserved,"Monoon obtusum . Flora of Thailand. Vol. 16. Part 1, 2022. Pg. 212. Accessed 2024-06-07",16,1
wfo-0001334308,ver-THA-0001334308.10,kai ta ke (ไข่ตะเข้)(Kanchanaburi),,ref-THA-0001334308,TH,THA,https://botany.dnp.go.th/eflora/floraspecies.html?tdcode=08457,Forest Herbarium,All rights reserved,"Monoon obtusum . Flora of Thailand. Vol. 16. Part 1, 2022. Pg. 212. Accessed 2024-06-07",16,1
wfo-0001334308,ver-THA-0001334308.11,yang dong (ยางดง)(Ratchaburi),,ref-THA-0001334308,TH,THA,https://botany.dnp.go.th/eflora/floraspecies.html?tdcode=08457,Forest Herbarium,All rights reserved,"Monoon obtusum . Flora of Thailand. Vol. 16. Part 1, 2022. Pg. 212. Accessed 2024-06-07",16,1
wfo-0001334308,ver-THA-0001334308.12,sa yang (ซ้ายาง)(Saraburi),,ref-THA-0001334308,TH,THA,https://botany.dnp.go.th/eflora/floraspecies.html?tdcode=08457,Forest Herbarium,All rights reserved,"Monoon obtusum . Flora of Thailand. Vol. 16. Part 1, 2022. Pg. 212. Accessed 2024-06-07",16,1
wfo-0001334308,ver-THA-0001334308.13,yang on (ยางโอน)(Chachoengsao),,ref-THA-0001334308,TH,THA,https://botany.dnp.go.th/eflora/floraspecies.html?tdcode=08457,Forest Herbarium,All rights reserved,"Monoon obtusum . Flora of Thailand. Vol. 16. Part 1, 2022. Pg. 212. Accessed 2024-06-07",16,1
wfo-0001334308,ver-THA-0001334308.14,"sanan (สนั่น)(Ranong)</br></br>Many of the vernacular names compare the species in various ways to dipterocarp(yang, ยาง) trees, for example “yang ueng,” with the monocarp rugose like a bullfrog, and “yang dong,” relating it to the forest",,ref-THA-0001334308,TH,THA,https://botany.dnp.go.th/eflora/floraspecies.html?tdcode=08457,Forest Herbarium,All rights reserved,"Monoon obtusum . Flora of Thailand. Vol. 16. Part 1, 2022. Pg. 212. Accessed 2024-06-07",16,1
wfo-1000040838,ver-THA-1000040838.01,nang na hua nok(หนังหนาหัวนก),,ref-THA-1000040838,TH,THA,https://botany.dnp.go.th/eflora/floraspecies.html?tdcode=08458,Forest Herbarium,All rights reserved,"Monoon ornithocephalum . Flora of Thailand. Vol. 16. Part 1, 2022. Pg. 214. Accessed 2024-06-07",16,1
wfo-1000040839,ver-THA-1000040839.01,saban nga phu kradueng(สะบันงาภูกระดึง),,ref-THA-1000040839,TH,THA,https://botany.dnp.go.th/eflora/floraspecies.html?tdcode=08459,Forest Herbarium,All rights reserved,"Monoon phukraduengense . Flora of Thailand. Vol. 16. Part 1, 2022. Pg. 215. Accessed 2024-06-07",16,1
wfo-1000040840,ver-THA-1000040840.01,saban nga phuluang(สะบันงาภูหลวง),,ref-THA-1000040840,TH,THA,https://botany.dnp.go.th/eflora/floraspecies.html?tdcode=08460,Forest Herbarium,All rights reserved,"Monoon phuluangense . Flora of Thailand. Vol. 16. Part 1, 2022. Pg. 216. Accessed 2024-06-07",16,1
wfo-1000040841,ver-THA-1000040841.01,ka nan (กานัน)(Phangnga),,ref-THA-1000040841,TH,THA,https://botany.dnp.go.th/eflora/floraspecies.html?tdcode=08461,Forest Herbarium,All rights reserved,"Monoon roseum . Flora of Thailand. Vol. 16. Part 1, 2022. Pg. 217. Accessed 2024-06-07",16,1
wfo-0001334315,ver-THA-0001334315.01,panan daeng (ปาหนันแดง)(Narathiwat),,ref-THA-0001334315,TH,THA,https://botany.dnp.go.th/eflora/floraspecies.html?tdcode=08462,Forest Herbarium,All rights reserved,"Monoon sclerophyllum . Flora of Thailand. Vol. 16. Part 1, 2022. Pg. 217. Accessed 2024-06-07",16,1
wfo-0001334315,ver-THA-0001334315.02,ka-nang-hu-tae (กะนางฮูแต)(Narathiwat),,ref-THA-0001334315,TH,THA,https://botany.dnp.go.th/eflora/floraspecies.html?tdcode=08462,Forest Herbarium,All rights reserved,"Monoon sclerophyllum . Flora of Thailand. Vol. 16. Part 1, 2022. Pg. 217. Accessed 2024-06-07",16,1
wfo-0001334315,ver-THA-0001334315.03,kluai (กล้วย)(Narathiwat),,ref-THA-0001334315,TH,THA,https://botany.dnp.go.th/eflora/floraspecies.html?tdcode=08462,Forest Herbarium,All rights reserved,"Monoon sclerophyllum . Flora of Thailand. Vol. 16. Part 1, 2022. Pg. 217. Accessed 2024-06-07",16,1
wfo-0001334315,ver-THA-0001334315.04,kluai mai (กล้วยไม้)(Narathiwat),,ref-THA-0001334315,TH,THA,https://botany.dnp.go.th/eflora/floraspecies.html?tdcode=08462,Forest Herbarium,All rights reserved,"Monoon sclerophyllum . Flora of Thailand. Vol. 16. Part 1, 2022. Pg. 217. Accessed 2024-06-07",16,1
wfo-0001334315,ver-THA-0001334315.05,pi-sae-ka-yu (ปีแซกายู)(Malay-Narathiwat),,ref-THA-0001334315,TH,THA,https://botany.dnp.go.th/eflora/floraspecies.html?tdcode=08462,Forest Herbarium,All rights reserved,"Monoon sclerophyllum . Flora of Thailand. Vol. 16. Part 1, 2022. Pg. 217. Accessed 2024-06-07",16,1
wfo-0001334317,ver-THA-0001334317.01,yang yuet(ยางยืด),,ref-THA-0001334317,TH,THA,https://botany.dnp.go.th/eflora/floraspecies.html?tdcode=08463,Forest Herbarium,All rights reserved,"Monoon simiarum . Flora of Thailand. Vol. 16. Part 1, 2022. Pg. 218. Accessed 2024-06-07",16,1
wfo-0001334317,ver-THA-0001334317.02,"yang ueng (ยางอึ่ง)(Sukhothai, Phitsanulok)",,ref-THA-0001334317,TH,THA,https://botany.dnp.go.th/eflora/floraspecies.html?tdcode=08463,Forest Herbarium,All rights reserved,"Monoon simiarum . Flora of Thailand. Vol. 16. Part 1, 2022. Pg. 218. Accessed 2024-06-07",16,1
wfo-0001334321,ver-THA-0001334321.01,khi haet (ขี้แฮด)(Shan-Mae Hong Son),,ref-THA-0001334321,TH,THA,https://botany.dnp.go.th/eflora/floraspecies.html?tdcode=08464,Forest Herbarium,All rights reserved,"Monoon viride . Flora of Thailand. Vol. 16. Part 1, 2022. Pg. 219. Accessed 2024-06-07",16,1
wfo-0001334321,ver-THA-0001334321.02,nom wua ton (นมวัวต้น)(Chiang Mai),,ref-THA-0001334321,TH,THA,https://botany.dnp.go.th/eflora/floraspecies.html?tdcode=08464,Forest Herbarium,All rights reserved,"Monoon viride . Flora of Thailand. Vol. 16. Part 1, 2022. Pg. 219. Accessed 2024-06-07",16,1
wfo-0001334321,ver-THA-0001334321.03,yang phai (ยางพาย)(Chiang Rai),,ref-THA-0001334321,TH,THA,https://botany.dnp.go.th/eflora/floraspecies.html?tdcode=08464,Forest Herbarium,All rights reserved,"Monoon viride . Flora of Thailand. Vol. 16. Part 1, 2022. Pg. 219. Accessed 2024-06-07",16,1
wfo-0001334321,ver-THA-0001334321.04,sam dao (ส่ามด่าว)(Phayao),,ref-THA-0001334321,TH,THA,https://botany.dnp.go.th/eflora/floraspecies.html?tdcode=08464,Forest Herbarium,All rights reserved,"Monoon viride . Flora of Thailand. Vol. 16. Part 1, 2022. Pg. 219. Accessed 2024-06-07",16,1
wfo-0001334321,ver-THA-0001334321.05,yang don (ยางโดน)(Loei),,ref-THA-0001334321,TH,THA,https://botany.dnp.go.th/eflora/floraspecies.html?tdcode=08464,Forest Herbarium,All rights reserved,"Monoon viride . Flora of Thailand. Vol. 16. Part 1, 2022. Pg. 219. Accessed 2024-06-07",16,1
wfo-0000748693,ver-THA-0000748693.01,ma khiao (มะเขียว)(Peninsular),,ref-THA-0000748693,TH,THA,https://botany.dnp.go.th/eflora/floraspecies.html?tdcode=08466,Forest Herbarium,All rights reserved,"Neo-uvaria sparsistellata . Flora of Thailand. Vol. 16. Part 1, 2022. Pg. 222. Accessed 2024-06-07",16,1
wfo-0000748688,ver-THA-0000748688.01,ma neng (มะเหน่ง)(Peninsular),,ref-THA-0000748688,TH,THA,https://botany.dnp.go.th/eflora/floraspecies.html?tdcode=08467,Forest Herbarium,All rights reserved,"Neo-uvaria telopea . Flora of Thailand. Vol. 16. Part 1, 2022. Pg. 222. Accessed 2024-06-07",16,1
wfo-0001066422,ver-THA-0001066422.01,"prik nok dok yai (พริกนกดอกใหญ่)(Northern, Southwestern)",,ref-THA-0001066422,TH,THA,https://botany.dnp.go.th/eflora/floraspecies.html?tdcode=08469,Forest Herbarium,All rights reserved,"Orophea brandisii . Flora of Thailand. Vol. 16. Part 1, 2022. Pg. 225. Accessed 2024-06-07",16,1
wfo-0001066421,ver-THA-0001066421.01,"prik lueang (พริกเหลือง)(Southwestern, Peninsular)",,ref-THA-0001066421,TH,THA,https://botany.dnp.go.th/eflora/floraspecies.html?tdcode=08470,Forest Herbarium,All rights reserved,"Orophea cuneiformis . Flora of Thailand. Vol. 16. Part 1, 2022. Pg. 227. Accessed 2024-06-07",16,1
wfo-0000385564,ver-THA-0000385564.01,"prik daeng (พริกแดง)(Southwestern, Peninsular)",,ref-THA-0000385564,TH,THA,https://botany.dnp.go.th/eflora/floraspecies.html?tdcode=08471,Forest Herbarium,All rights reserved,"Orophea fusca . Flora of Thailand. Vol. 16. Part 1, 2022. Pg. 227. Accessed 2024-06-07",16,1
wfo-0001066439,ver-THA-0001066439.01,tang hu nari(ต่างหูนารี),,ref-THA-0001066439,TH,THA,https://botany.dnp.go.th/eflora/floraspecies.html?tdcode=08472,Forest Herbarium,All rights reserved,"Orophea hirsuta . Flora of Thailand. Vol. 16. Part 1, 2022. Pg. 228. Accessed 2024-06-07",16,1
wfo-0001066438,ver-THA-0001066438.01,tang hu mo kha (ต่างหูหมอคาร์)(Peninsular),,ref-THA-0001066438,TH,THA,https://botany.dnp.go.th/eflora/floraspecies.html?tdcode=08473,Forest Herbarium,All rights reserved,"Orophea kerrii . Flora of Thailand. Vol. 16. Part 1, 2022. Pg. 229. Accessed 2024-06-07",16,1
wfo-0000385553,ver-THA-0000385553.01,chak han(จักหัน),,ref-THA-0000385553,TH,THA,https://botany.dnp.go.th/eflora/floraspecies.html?tdcode=08474,Forest Herbarium,All rights reserved,"Orophea polycarpa . Flora of Thailand. Vol. 16. Part 1, 2022. Pg. 229. Accessed 2024-06-07",16,1
wfo-0001066450,ver-THA-0001066450.01,tang hu Siam (ต่างหูสยาม)(Northern),,ref-THA-0001066450,TH,THA,https://botany.dnp.go.th/eflora/floraspecies.html?tdcode=08475,Forest Herbarium,All rights reserved,"Orophea siamensis . Flora of Thailand. Vol. 16. Part 1, 2022. Pg. 231. Accessed 2024-06-07",16,1
wfo-1000028226,ver-THA-1000028226.01,tang hu khlong ngoen (ต่างหูคลองเงิน)(Peninsular),,ref-THA-1000028226,TH,THA,https://botany.dnp.go.th/eflora/floraspecies.html?tdcode=08476,Forest Herbarium,All rights reserved,"Orophea sichaikhanii . Flora of Thailand. Vol. 16. Part 1, 2022. Pg. 232. Accessed 2024-06-07",16,1
wfo-0001332102,ver-THA-0001332102.01,hua ling bai khon (หัวลิงใบขน)(Narathiwat),,ref-THA-0001332102,TH,THA,https://botany.dnp.go.th/eflora/floraspecies.html?tdcode=08478,Forest Herbarium,All rights reserved,"Phaeanthus intermedius . Flora of Thailand. Vol. 16. Part 1, 2022. Pg. 233. Accessed 2024-06-07",16,1
wfo-0000393646,ver-THA-0000393646.01,hua ling (หัวลิง)(Peninsular),,ref-THA-0000393646,TH,THA,https://botany.dnp.go.th/eflora/floraspecies.html?tdcode=08479,Forest Herbarium,All rights reserved,"Phaeanthus splendens . Flora of Thailand. Vol. 16. Part 1, 2022. Pg. 234. Accessed 2024-06-07",16,1
wfo-0000393596,ver-THA-0000393596.01,ham chang (หำช้าง)(Southeastern),,ref-THA-0000393596,TH,THA,https://botany.dnp.go.th/eflora/floraspecies.html?tdcode=08481,Forest Herbarium,All rights reserved,"Platymitra macrocarpa . Flora of Thailand. Vol. 16. Part 1, 2022. Pg. 236. Accessed 2024-06-07",16,1
wfo-0000393596,ver-THA-0000393596.02,kaham (กะหำ)(Chanthaburi),,ref-THA-0000393596,TH,THA,https://botany.dnp.go.th/eflora/floraspecies.html?tdcode=08481,Forest Herbarium,All rights reserved,"Platymitra macrocarpa . Flora of Thailand. Vol. 16. Part 1, 2022. Pg. 236. Accessed 2024-06-07",16,1
wfo-0000393596,ver-THA-0000393596.03,matum chang (มะตุ้มช้าง)(Chachoengsao),,ref-THA-0000393596,TH,THA,https://botany.dnp.go.th/eflora/floraspecies.html?tdcode=08481,Forest Herbarium,All rights reserved,"Platymitra macrocarpa . Flora of Thailand. Vol. 16. Part 1, 2022. Pg. 236. Accessed 2024-06-07",16,1
wfo-0000393596,ver-THA-0000393596.04,nom chang (นมช้าง)(Nakhon Nayok),,ref-THA-0000393596,TH,THA,https://botany.dnp.go.th/eflora/floraspecies.html?tdcode=08481,Forest Herbarium,All rights reserved,"Platymitra macrocarpa . Flora of Thailand. Vol. 16. Part 1, 2022. Pg. 236. Accessed 2024-06-07",16,1
wfo-0000393737,ver-THA-0000393737.01,klueng badan (กลึงบาดาล)(Surat Thani),,ref-THA-0000393737,TH,THA,https://botany.dnp.go.th/eflora/floraspecies.html?tdcode=08483,Forest Herbarium,All rights reserved,"Polyalthia bullata . Flora of Thailand. Vol. 16. Part 1, 2022. Pg. 240. Accessed 2024-06-07",16,1
wfo-0000393737,ver-THA-0000393737.02,"lang kong (หลังโกง)(Krabi, Trang)",,ref-THA-0000393737,TH,THA,https://botany.dnp.go.th/eflora/floraspecies.html?tdcode=08483,Forest Herbarium,All rights reserved,"Polyalthia bullata . Flora of Thailand. Vol. 16. Part 1, 2022. Pg. 240. Accessed 2024-06-07",16,1
wfo-1000028488,ver-THA-1000028488.01,"tap tao (ตับเต่า)(Northern, Ubon Ratchathani)",,ref-THA-1000028488,TH,THA,https://botany.dnp.go.th/eflora/floraspecies.html?tdcode=08484,Forest Herbarium,All rights reserved,"Polyalthia cambodica . Flora of Thailand. Vol. 16. Part 1, 2022. Pg. 240. Accessed 2024-06-07",16,1
wfo-1000028488,ver-THA-1000028488.02,"khai tao (ไข่เต่า)(Chiang Mai, Uttaradit, Sukhothai)",,ref-THA-1000028488,TH,THA,https://botany.dnp.go.th/eflora/floraspecies.html?tdcode=08484,Forest Herbarium,All rights reserved,"Polyalthia cambodica . Flora of Thailand. Vol. 16. Part 1, 2022. Pg. 240. Accessed 2024-06-07",16,1
wfo-1000028488,ver-THA-1000028488.03,"tap tao noi (ตับเต่าน้อย)(Chiang Mai, Uttaradit, Sukhothai)",,ref-THA-1000028488,TH,THA,https://botany.dnp.go.th/eflora/floraspecies.html?tdcode=08484,Forest Herbarium,All rights reserved,"Polyalthia cambodica . Flora of Thailand. Vol. 16. Part 1, 2022. Pg. 240. Accessed 2024-06-07",16,1
wfo-1000028488,ver-THA-1000028488.04,"kluai tao (กล้วยเต่า)(Khon Kaen, Chachoengsao, Ratchaburi)",,ref-THA-1000028488,TH,THA,https://botany.dnp.go.th/eflora/floraspecies.html?tdcode=08484,Forest Herbarium,All rights reserved,"Polyalthia cambodica . Flora of Thailand. Vol. 16. Part 1, 2022. Pg. 240. Accessed 2024-06-07",16,1
wfo-1000028488,ver-THA-1000028488.05,kluai tap tao (กล้วยตับเต่า)(Ratchaburi),,ref-THA-1000028488,TH,THA,https://botany.dnp.go.th/eflora/floraspecies.html?tdcode=08484,Forest Herbarium,All rights reserved,"Polyalthia cambodica . Flora of Thailand. Vol. 16. Part 1, 2022. Pg. 240. Accessed 2024-06-07",16,1
wfo-1000028488,ver-THA-1000028488.06,tao yai (เต่าใหญ่)(Nakhon Ratchasima),,ref-THA-1000028488,TH,THA,https://botany.dnp.go.th/eflora/floraspecies.html?tdcode=08484,Forest Herbarium,All rights reserved,"Polyalthia cambodica . Flora of Thailand. Vol. 16. Part 1, 2022. Pg. 240. Accessed 2024-06-07",16,1
wfo-1000028488,ver-THA-1000028488.07,bat-pa-del-tom (บาดพเด็ลทม)(Khmer-Surin),,ref-THA-1000028488,TH,THA,https://botany.dnp.go.th/eflora/floraspecies.html?tdcode=08484,Forest Herbarium,All rights reserved,"Polyalthia cambodica . Flora of Thailand. Vol. 16. Part 1, 2022. Pg. 240. Accessed 2024-06-07",16,1
wfo-0000393731,ver-THA-0000393731.01,champa khom (จำปาขอม)(Phangnga),,ref-THA-0000393731,TH,THA,https://botany.dnp.go.th/eflora/floraspecies.html?tdcode=08485,Forest Herbarium,All rights reserved,"Polyalthia cauliflora . Flora of Thailand. Vol. 16. Part 1, 2022. Pg. 241. Accessed 2024-06-07",16,1
wfo-0000393731,ver-THA-0000393731.02,pi-sae (ปีแซ)(Narathiwat),,ref-THA-0000393731,TH,THA,https://botany.dnp.go.th/eflora/floraspecies.html?tdcode=08485,Forest Herbarium,All rights reserved,"Polyalthia cauliflora . Flora of Thailand. Vol. 16. Part 1, 2022. Pg. 241. Accessed 2024-06-07",16,1
wfo-0000393731,ver-THA-0000393731.03,ya-mo-ti-ya (ยาโมตียะ)(Narathiwat),,ref-THA-0000393731,TH,THA,https://botany.dnp.go.th/eflora/floraspecies.html?tdcode=08485,Forest Herbarium,All rights reserved,"Polyalthia cauliflora . Flora of Thailand. Vol. 16. Part 1, 2022. Pg. 241. Accessed 2024-06-07",16,1
wfo-1000028490,ver-THA-1000028490.01,tong laeng khao luang(ต้องแล่งเขาหลวง),,ref-THA-1000028490,TH,THA,https://botany.dnp.go.th/eflora/floraspecies.html?tdcode=08486,Forest Herbarium,All rights reserved,"Polyalthia chalermglinii . Flora of Thailand. Vol. 16. Part 1, 2022. Pg. 242. Accessed 2024-06-07",16,1
wfo-1000028491,ver-THA-1000028491.01,tong laeng doi (ต้องแล่งดอย)(Phitsanulok),,ref-THA-1000028491,TH,THA,https://botany.dnp.go.th/eflora/floraspecies.html?tdcode=08487,Forest Herbarium,All rights reserved,"Polyalthia chantaranothaii . Flora of Thailand. Vol. 16. Part 1, 2022. Pg. 244. Accessed 2024-06-07",16,1
wfo-1000028491,ver-THA-1000028491.02,nom noi (นมน้อย)(Phitsanulok),,ref-THA-1000028491,TH,THA,https://botany.dnp.go.th/eflora/floraspecies.html?tdcode=08487,Forest Herbarium,All rights reserved,"Polyalthia chantaranothaii . Flora of Thailand. Vol. 16. Part 1, 2022. Pg. 244. Accessed 2024-06-07",16,1
wfo-1000028492,ver-THA-1000028492.01,ton nam thip(ต้นน้ำทิพย์),,ref-THA-1000028492,TH,THA,https://botany.dnp.go.th/eflora/floraspecies.html?tdcode=08488,Forest Herbarium,All rights reserved,"Polyalthia chayamaritiana . Flora of Thailand. Vol. 16. Part 1, 2022. Pg. 246. Accessed 2024-06-07",16,1
wfo-0000393721,ver-THA-0000393721.01,pi sang (ปีซัง)(Satun),,ref-THA-0000393721,TH,THA,https://botany.dnp.go.th/eflora/floraspecies.html?tdcode=08489,Forest Herbarium,All rights reserved,"Polyalthia cinnamomea . Flora of Thailand. Vol. 16. Part 1, 2022. Pg. 248. Accessed 2024-06-07",16,1
wfo-0000393721,ver-THA-0000393721.02,sang yu dok daeng (สังหยูดอกแดง)(Malay-Narathiwat),,ref-THA-0000393721,TH,THA,https://botany.dnp.go.th/eflora/floraspecies.html?tdcode=08489,Forest Herbarium,All rights reserved,"Polyalthia cinnamomea . Flora of Thailand. Vol. 16. Part 1, 2022. Pg. 248. Accessed 2024-06-07",16,1
wfo-0000393721,ver-THA-0000393721.03,ya-mu-kia (ยามูเกียะ)(Malay-Narathiwat),,ref-THA-0000393721,TH,THA,https://botany.dnp.go.th/eflora/floraspecies.html?tdcode=08489,Forest Herbarium,All rights reserved,"Polyalthia cinnamomea . Flora of Thailand. Vol. 16. Part 1, 2022. Pg. 248. Accessed 2024-06-07",16,1
wfo-0000393666,ver-THA-0000393666.01,kai yoi (ไค้ยอย)(Phrae),,ref-THA-0000393666,TH,THA,https://botany.dnp.go.th/eflora/floraspecies.html?tdcode=08490,Forest Herbarium,All rights reserved,"Polyalthia corticosa . Flora of Thailand. Vol. 16. Part 1, 2022. Pg. 248. Accessed 2024-06-07",16,1
wfo-0000393666,ver-THA-0000393666.02,saban nga dong (สะบันงาดง)(Uttaradit),,ref-THA-0000393666,TH,THA,https://botany.dnp.go.th/eflora/floraspecies.html?tdcode=08490,Forest Herbarium,All rights reserved,"Polyalthia corticosa . Flora of Thailand. Vol. 16. Part 1, 2022. Pg. 248. Accessed 2024-06-07",16,1
wfo-0000393666,ver-THA-0000393666.03,saban nga pa(สะบันงาป่า),,ref-THA-0000393666,TH,THA,https://botany.dnp.go.th/eflora/floraspecies.html?tdcode=08490,Forest Herbarium,All rights reserved,"Polyalthia corticosa . Flora of Thailand. Vol. 16. Part 1, 2022. Pg. 248. Accessed 2024-06-07",16,1
wfo-0000393656,ver-THA-0000393656.01,khai tao (ไข่เต่า)(Southeastern),,ref-THA-0000393656,TH,THA,https://botany.dnp.go.th/eflora/floraspecies.html?tdcode=08491,Forest Herbarium,All rights reserved,"Polyalthia debilis . Flora of Thailand. Vol. 16. Part 1, 2022. Pg. 249. Accessed 2024-06-07",16,1
wfo-0000393656,ver-THA-0000393656.02,tap tao (ตับเต่า)(Southeastern),,ref-THA-0000393656,TH,THA,https://botany.dnp.go.th/eflora/floraspecies.html?tdcode=08491,Forest Herbarium,All rights reserved,"Polyalthia debilis . Flora of Thailand. Vol. 16. Part 1, 2022. Pg. 249. Accessed 2024-06-07",16,1
wfo-0000393656,ver-THA-0000393656.03,"kluai tao (กล้วยเต่า)(Southeastern, Ratchaburi, Prachuap Khiri Khan)",,ref-THA-0000393656,TH,THA,https://botany.dnp.go.th/eflora/floraspecies.html?tdcode=08491,Forest Herbarium,All rights reserved,"Polyalthia debilis . Flora of Thailand. Vol. 16. Part 1, 2022. Pg. 249. Accessed 2024-06-07",16,1
wfo-0000393686,ver-THA-0000393686.01,titto tua phu (ติดต่อตัวผู้)(Nong Khai),,ref-THA-0000393686,TH,THA,https://botany.dnp.go.th/eflora/floraspecies.html?tdcode=08492,Forest Herbarium,All rights reserved,"Polyalthia evecta . Flora of Thailand. Vol. 16. Part 1, 2022. Pg. 250. Accessed 2024-06-07",16,1
wfo-0000393686,ver-THA-0000393686.02,"tong laeng (ต้องแล่ง)(Sakon Nakhon, Kalasin, Roi Et)",,ref-THA-0000393686,TH,THA,https://botany.dnp.go.th/eflora/floraspecies.html?tdcode=08492,Forest Herbarium,All rights reserved,"Polyalthia evecta . Flora of Thailand. Vol. 16. Part 1, 2022. Pg. 250. Accessed 2024-06-07",16,1
wfo-1000028493,ver-THA-1000028493.01,lueang suriya(เหลืองสุริยา),,ref-THA-1000028493,TH,THA,https://botany.dnp.go.th/eflora/floraspecies.html?tdcode=08493,Forest Herbarium,All rights reserved,"Polyalthia heliopetala . Flora of Thailand. Vol. 16. Part 1, 2022. Pg. 251. Accessed 2024-06-07",16,1
wfo-0001345506,ver-THA-0001345506.01,nam tao laeng (น้ำเต้าแล้ง)(Nakhon Ratchasima),,ref-THA-0001345506,TH,THA,https://botany.dnp.go.th/eflora/floraspecies.html?tdcode=08494,Forest Herbarium,All rights reserved,"Polyalthia intermedia . Flora of Thailand. Vol. 16. Part 1, 2022. Pg. 252. Accessed 2024-06-07",16,1
wfo-0001345506,ver-THA-0001345506.02,"nom noi (นมน้อย)(Khon Kaen, Maha Sarakham, Yasothon)",,ref-THA-0001345506,TH,THA,https://botany.dnp.go.th/eflora/floraspecies.html?tdcode=08494,Forest Herbarium,All rights reserved,"Polyalthia intermedia . Flora of Thailand. Vol. 16. Part 1, 2022. Pg. 252. Accessed 2024-06-07",16,1
wfo-0000394064,ver-THA-0000394064.01,tong laeng phu(ต้องแล่งพุ),,ref-THA-0000394064,TH,THA,https://botany.dnp.go.th/eflora/floraspecies.html?tdcode=08495,Forest Herbarium,All rights reserved,"Polyalthia kanchanaburiana . Flora of Thailand. Vol. 16. Part 1, 2022. Pg. 252. Accessed 2024-06-07",16,1
wfo-1000034011,ver-THA-1000034011.01,tong laeng khao yai(ตองแล่งเขาใหญ่),,ref-THA-1000034011,TH,THA,https://botany.dnp.go.th/eflora/floraspecies.html?tdcode=08496,Forest Herbarium,All rights reserved,"Polyalthia khaoyaiensis . Flora of Thailand. Vol. 16. Part 1, 2022. Pg. 253. Accessed 2024-06-07",16,1
wfo-0000394052,ver-THA-0000394052.01,saet siat fa(แสดเสียดฟ้า),,ref-THA-0000394052,TH,THA,https://botany.dnp.go.th/eflora/floraspecies.html?tdcode=08497,Forest Herbarium,All rights reserved,"Polyalthia lateritia . Flora of Thailand. Vol. 16. Part 1, 2022. Pg. 254. Accessed 2024-06-07",16,1
wfo-0000394339,ver-THA-0000394339.01,kamlang wua thalueng (กำลังวัวเถลิง)(Eastern),,ref-THA-0000394339,TH,THA,https://botany.dnp.go.th/eflora/floraspecies.html?tdcode=08498,Forest Herbarium,All rights reserved,"Polyalthia parviflora . Flora of Thailand. Vol. 16. Part 1, 2022. Pg. 255. Accessed 2024-06-07",16,1
wfo-0000394339,ver-THA-0000394339.02,chang han (จังหัน)(Nakhon Ratchasima),,ref-THA-0000394339,TH,THA,https://botany.dnp.go.th/eflora/floraspecies.html?tdcode=08498,Forest Herbarium,All rights reserved,"Polyalthia parviflora . Flora of Thailand. Vol. 16. Part 1, 2022. Pg. 255. Accessed 2024-06-07",16,1
wfo-0000394339,ver-THA-0000394339.03,"sura mi rit (สุรามีฤทธิ์)(Nakhon Ratchasima, Sa Kaeo, Chachoengsao)",,ref-THA-0000394339,TH,THA,https://botany.dnp.go.th/eflora/floraspecies.html?tdcode=08498,Forest Herbarium,All rights reserved,"Polyalthia parviflora . Flora of Thailand. Vol. 16. Part 1, 2022. Pg. 255. Accessed 2024-06-07",16,1
wfo-0000394384,ver-THA-0000394384.01,saet si nara(แสดศรีนารา),,ref-THA-0000394384,TH,THA,https://botany.dnp.go.th/eflora/floraspecies.html?tdcode=08499,Forest Herbarium,All rights reserved,"Polyalthia pumila . Flora of Thailand. Vol. 16. Part 1, 2022. Pg. 255. Accessed 2024-06-07",16,1
wfo-0000394184,ver-THA-0000394184.01,ka po (กาโป้)(Pattani),,ref-THA-0000394184,TH,THA,https://botany.dnp.go.th/eflora/floraspecies.html?tdcode=08500,Forest Herbarium,All rights reserved,"Polyalthia socia . Flora of Thailand. Vol. 16. Part 1, 2022. Pg. 256. Accessed 2024-06-07",16,1
wfo-0000394181,ver-THA-0000394181.01,nuat pla duk (หนวดปลาดุก)(Yala),,ref-THA-0000394181,TH,THA,https://botany.dnp.go.th/eflora/floraspecies.html?tdcode=08501,Forest Herbarium,All rights reserved,"Polyalthia stenopetala . Flora of Thailand. Vol. 16. Part 1, 2022. Pg. 257. Accessed 2024-06-07",16,1
wfo-0001066143,ver-THA-0001066143.01,chang klong (ชั่งกลอง)(Ratchaburi),,ref-THA-0001066143,TH,THA,https://botany.dnp.go.th/eflora/floraspecies.html?tdcode=08502,Forest Herbarium,All rights reserved,"Polyalthia suberosa . Flora of Thailand. Vol. 16. Part 1, 2022. Pg. 258. Accessed 2024-06-07",16,1
wfo-0001066143,ver-THA-0001066143.02,thong khlong (ท้องคลอง)(Ratchaburi),,ref-THA-0001066143,TH,THA,https://botany.dnp.go.th/eflora/floraspecies.html?tdcode=08502,Forest Herbarium,All rights reserved,"Polyalthia suberosa . Flora of Thailand. Vol. 16. Part 1, 2022. Pg. 258. Accessed 2024-06-07",16,1
wfo-0001066143,ver-THA-0001066143.03,ching klom (จิงกล่อม)(Peninsular),,ref-THA-0001066143,TH,THA,https://botany.dnp.go.th/eflora/floraspecies.html?tdcode=08502,Forest Herbarium,All rights reserved,"Polyalthia suberosa . Flora of Thailand. Vol. 16. Part 1, 2022. Pg. 258. Accessed 2024-06-07",16,1
wfo-0001066143,ver-THA-0001066143.04,kam chai (กำจาย)(Nakhon Sawan),,ref-THA-0001066143,TH,THA,https://botany.dnp.go.th/eflora/floraspecies.html?tdcode=08502,Forest Herbarium,All rights reserved,"Polyalthia suberosa . Flora of Thailand. Vol. 16. Part 1, 2022. Pg. 258. Accessed 2024-06-07",16,1
wfo-0001066143,ver-THA-0001066143.05,dam dong (ดำดง)(Nakhon Si Thammarat),,ref-THA-0001066143,TH,THA,https://botany.dnp.go.th/eflora/floraspecies.html?tdcode=08502,Forest Herbarium,All rights reserved,"Polyalthia suberosa . Flora of Thailand. Vol. 16. Part 1, 2022. Pg. 258. Accessed 2024-06-07",16,1
wfo-0001066143,ver-THA-0001066143.06,khrai nam (ไคร้น้ำ)(Uttaradit),,ref-THA-0001066143,TH,THA,https://botany.dnp.go.th/eflora/floraspecies.html?tdcode=08502,Forest Herbarium,All rights reserved,"Polyalthia suberosa . Flora of Thailand. Vol. 16. Part 1, 2022. Pg. 258. Accessed 2024-06-07",16,1
wfo-0001066143,ver-THA-0001066143.07,khleng khlong (เคล็งคลอง)(Kariang-Kanchanaburi),,ref-THA-0001066143,TH,THA,https://botany.dnp.go.th/eflora/floraspecies.html?tdcode=08502,Forest Herbarium,All rights reserved,"Polyalthia suberosa . Flora of Thailand. Vol. 16. Part 1, 2022. Pg. 258. Accessed 2024-06-07",16,1
wfo-0001066143,ver-THA-0001066143.08,klueng klom (กลึงกล่อม)(Ratchaburi),,ref-THA-0001066143,TH,THA,https://botany.dnp.go.th/eflora/floraspecies.html?tdcode=08502,Forest Herbarium,All rights reserved,"Polyalthia suberosa . Flora of Thailand. Vol. 16. Part 1, 2022. Pg. 258. Accessed 2024-06-07",16,1
wfo-0001066143,ver-THA-0001066143.09,krathum khlong (กระทุ่มคลอง)(Ratchaburi),,ref-THA-0001066143,TH,THA,https://botany.dnp.go.th/eflora/floraspecies.html?tdcode=08502,Forest Herbarium,All rights reserved,"Polyalthia suberosa . Flora of Thailand. Vol. 16. Part 1, 2022. Pg. 258. Accessed 2024-06-07",16,1
wfo-0001066143,ver-THA-0001066143.10,krathum klong (กระทุ่มกลอง)(Kanchanaburi),,ref-THA-0001066143,TH,THA,https://botany.dnp.go.th/eflora/floraspecies.html?tdcode=08502,Forest Herbarium,All rights reserved,"Polyalthia suberosa . Flora of Thailand. Vol. 16. Part 1, 2022. Pg. 258. Accessed 2024-06-07",16,1
wfo-0001066143,ver-THA-0001066143.11,chong klong (ช่องกลอง)(Kanchanaburi),,ref-THA-0001066143,TH,THA,https://botany.dnp.go.th/eflora/floraspecies.html?tdcode=08502,Forest Herbarium,All rights reserved,"Polyalthia suberosa . Flora of Thailand. Vol. 16. Part 1, 2022. Pg. 258. Accessed 2024-06-07",16,1
wfo-0001066143,ver-THA-0001066143.12,ma cham (มะจ้ำ)(Northern),,ref-THA-0001066143,TH,THA,https://botany.dnp.go.th/eflora/floraspecies.html?tdcode=08502,Forest Herbarium,All rights reserved,"Polyalthia suberosa . Flora of Thailand. Vol. 16. Part 1, 2022. Pg. 258. Accessed 2024-06-07",16,1
wfo-0001066143,ver-THA-0001066143.13,phak cham (ผักจ้ำ)(Northern),,ref-THA-0001066143,TH,THA,https://botany.dnp.go.th/eflora/floraspecies.html?tdcode=08502,Forest Herbarium,All rights reserved,"Polyalthia suberosa . Flora of Thailand. Vol. 16. Part 1, 2022. Pg. 258. Accessed 2024-06-07",16,1
wfo-0001066143,ver-THA-0001066143.14,mong cham (มงจาม)(Ang Thong),,ref-THA-0001066143,TH,THA,https://botany.dnp.go.th/eflora/floraspecies.html?tdcode=08502,Forest Herbarium,All rights reserved,"Polyalthia suberosa . Flora of Thailand. Vol. 16. Part 1, 2022. Pg. 258. Accessed 2024-06-07",16,1
wfo-0001066143,ver-THA-0001066143.15,mai ti klong (ไม้ตีกลอง)(Lamphun),,ref-THA-0001066143,TH,THA,https://botany.dnp.go.th/eflora/floraspecies.html?tdcode=08502,Forest Herbarium,All rights reserved,"Polyalthia suberosa . Flora of Thailand. Vol. 16. Part 1, 2022. Pg. 258. Accessed 2024-06-07",16,1
wfo-0001066143,ver-THA-0001066143.16,nam noi (น้ำน้อย)(Loei),,ref-THA-0001066143,TH,THA,https://botany.dnp.go.th/eflora/floraspecies.html?tdcode=08502,Forest Herbarium,All rights reserved,"Polyalthia suberosa . Flora of Thailand. Vol. 16. Part 1, 2022. Pg. 258. Accessed 2024-06-07",16,1
wfo-0001066143,ver-THA-0001066143.17,"nam nong (น้ำนอง)(Peninsular, Pattani)",,ref-THA-0001066143,TH,THA,https://botany.dnp.go.th/eflora/floraspecies.html?tdcode=08502,Forest Herbarium,All rights reserved,"Polyalthia suberosa . Flora of Thailand. Vol. 16. Part 1, 2022. Pg. 258. Accessed 2024-06-07",16,1
wfo-0001066143,ver-THA-0001066143.18,nom noi (นมน้อย)(Loei),,ref-THA-0001066143,TH,THA,https://botany.dnp.go.th/eflora/floraspecies.html?tdcode=08502,Forest Herbarium,All rights reserved,"Polyalthia suberosa . Flora of Thailand. Vol. 16. Part 1, 2022. Pg. 258. Accessed 2024-06-07",16,1
wfo-0001066143,ver-THA-0001066143.19,tin kong (ตีนกอง)(Tak),,ref-THA-0001066143,TH,THA,https://botany.dnp.go.th/eflora/floraspecies.html?tdcode=08502,Forest Herbarium,All rights reserved,"Polyalthia suberosa . Flora of Thailand. Vol. 16. Part 1, 2022. Pg. 258. Accessed 2024-06-07",16,1
wfo-1000028495,ver-THA-1000028495.01,nara morakot(นารามรกต),,ref-THA-1000028495,TH,THA,https://botany.dnp.go.th/eflora/floraspecies.html?tdcode=08503,Forest Herbarium,All rights reserved,"Polyalthia taweensis . Flora of Thailand. Vol. 16. Part 1, 2022. Pg. 259. Accessed 2024-06-07",16,1
wfo-0000394130,ver-THA-0000394130.01,num(นุ่ม),,ref-THA-0000394130,TH,THA,https://botany.dnp.go.th/eflora/floraspecies.html?tdcode=08505,Forest Herbarium,All rights reserved,"Popowia fusca . Flora of Thailand. Vol. 16. Part 1, 2022. Pg. 260. Accessed 2024-06-07",16,1
wfo-0000393922,ver-THA-0000393922.01,nian(เนียน),,ref-THA-0000393922,TH,THA,https://botany.dnp.go.th/eflora/floraspecies.html?tdcode=08506,Forest Herbarium,All rights reserved,"Popowia pisocarpa . Flora of Thailand. Vol. 16. Part 1, 2022. Pg. 261. Accessed 2024-06-07",16,1
wfo-0000393922,ver-THA-0000393922.02,nut dam (นูดดำ)(Narathiwat),,ref-THA-0000393922,TH,THA,https://botany.dnp.go.th/eflora/floraspecies.html?tdcode=08506,Forest Herbarium,All rights reserved,"Popowia pisocarpa . Flora of Thailand. Vol. 16. Part 1, 2022. Pg. 261. Accessed 2024-06-07",16,1
wfo-0000745762,ver-THA-0000745762.01,sang yu dok hom(สังหยูดอกหอม),,ref-THA-0000745762,TH,THA,https://botany.dnp.go.th/eflora/floraspecies.html?tdcode=08508,Forest Herbarium,All rights reserved,"Pseuduvaria fragrans . Flora of Thailand. Vol. 16. Part 1, 2022. Pg. 264. Accessed 2024-06-07",16,1
wfo-0000745760,ver-THA-0000745760.01,sang yu huai yot(สังหยูห้วยยอด),,ref-THA-0000745760,TH,THA,https://botany.dnp.go.th/eflora/floraspecies.html?tdcode=08509,Forest Herbarium,All rights reserved,"Pseuduvaria gardneri . Flora of Thailand. Vol. 16. Part 1, 2022. Pg. 266. Accessed 2024-06-07",16,1
wfo-0000745759,ver-THA-0000745759.01,sang yu than to(สังหยูธารโต),,ref-THA-0000745759,TH,THA,https://botany.dnp.go.th/eflora/floraspecies.html?tdcode=08510,Forest Herbarium,All rights reserved,"Pseuduvaria glossopetala . Flora of Thailand. Vol. 16. Part 1, 2022. Pg. 266. Accessed 2024-06-07",16,1
wfo-1000024375,ver-THA-1000024375.01,sang yu khao sok(สังหยูเขาสก),,ref-THA-1000024375,TH,THA,https://botany.dnp.go.th/eflora/floraspecies.html?tdcode=08511,Forest Herbarium,All rights reserved,"Pseuduvaria khaosokensis . Flora of Thailand. Vol. 16. Part 1, 2022. Pg. 268. Accessed 2024-06-07",16,1
wfo-0001066254,ver-THA-0001066254.01,sang yu dok daeng(สังหยูดอกแดง),,ref-THA-0001066254,TH,THA,https://botany.dnp.go.th/eflora/floraspecies.html?tdcode=08512,Forest Herbarium,All rights reserved,"Pseuduvaria macrophylla . Flora of Thailand. Vol. 16. Part 1, 2022. Pg. 268. Accessed 2024-06-07",16,1
wfo-0000393936,ver-THA-0000393936.01,sang yu khao(สังหยูเขา),,ref-THA-0000393936,TH,THA,https://botany.dnp.go.th/eflora/floraspecies.html?tdcode=08513,Forest Herbarium,All rights reserved,"Pseuduvaria monticola . Flora of Thailand. Vol. 16. Part 1, 2022. Pg. 269. Accessed 2024-06-07",16,1
wfo-0000393951,ver-THA-0000393951.01,sang yu dok yai(สังหยูดอกใหญ่),,ref-THA-0000393951,TH,THA,https://botany.dnp.go.th/eflora/floraspecies.html?tdcode=08514,Forest Herbarium,All rights reserved,"Pseuduvaria multiovulata . Flora of Thailand. Vol. 16. Part 1, 2022. Pg. 269. Accessed 2024-06-07",16,1
wfo-0000745851,ver-THA-0000745851.01,anu phrom(อนุพรหม),,ref-THA-0000745851,TH,THA,https://botany.dnp.go.th/eflora/floraspecies.html?tdcode=08515,Forest Herbarium,All rights reserved,"Pseuduvaria phuyensis . Flora of Thailand. Vol. 16. Part 1, 2022. Pg. 270. Accessed 2024-06-07",16,1
wfo-0000393943,ver-THA-0000393943.01,sang yu dok khao(สังหยูดอกขาว),,ref-THA-0000393943,TH,THA,https://botany.dnp.go.th/eflora/floraspecies.html?tdcode=08516,Forest Herbarium,All rights reserved,"Pseuduvaria reticulata . Flora of Thailand. Vol. 16. Part 1, 2022. Pg. 270. Accessed 2024-06-07",16,1
wfo-0001066253,ver-THA-0001066253.01,sang yu dam (สังหยูดำ)(Trang),,ref-THA-0001066253,TH,THA,https://botany.dnp.go.th/eflora/floraspecies.html?tdcode=08517,Forest Herbarium,All rights reserved,"Pseuduvaria rugosa . Flora of Thailand. Vol. 16. Part 1, 2022. Pg. 273. Accessed 2024-06-07",16,1
wfo-0001066470,ver-THA-0001066470.01,sang yu bai khon(สังหยูใบขน),,ref-THA-0001066470,TH,THA,https://botany.dnp.go.th/eflora/floraspecies.html?tdcode=08518,Forest Herbarium,All rights reserved,"Pseuduvaria setosa . Flora of Thailand. Vol. 16. Part 1, 2022. Pg. 275. Accessed 2024-06-07",16,1
wfo-0001042322,ver-THA-0001042322.01,sang yu nuea(สังหยูเหนือ),,ref-THA-0001042322,TH,THA,https://botany.dnp.go.th/eflora/floraspecies.html?tdcode=08519,Forest Herbarium,All rights reserved,"Pseuduvaria trimera . Flora of Thailand. Vol. 16. Part 1, 2022. Pg. 275. Accessed 2024-06-07",16,1
wfo-0000393937,ver-THA-0000393937.01,plao (เปลา)(Yala),,ref-THA-0000393937,TH,THA,https://botany.dnp.go.th/eflora/floraspecies.html?tdcode=08521,Forest Herbarium,All rights reserved,"Pyramidanthe prismatica . Flora of Thailand. Vol. 16. Part 1, 2022. Pg. 277. Accessed 2024-06-07",16,1
wfo-0000435431,ver-THA-0000435431.01,ka mok daeng (กะโมกแดง)(Peninsular),,ref-THA-0000435431,TH,THA,https://botany.dnp.go.th/eflora/floraspecies.html?tdcode=08523,Forest Herbarium,All rights reserved,"Sageraea bracteolata . Flora of Thailand. Vol. 16. Part 1, 2022. Pg. 279. Accessed 2024-06-07",16,1
wfo-0000435443,ver-THA-0000435443.01,ka mok khao (กะโมกเขา)(Peninsular),,ref-THA-0000435443,TH,THA,https://botany.dnp.go.th/eflora/floraspecies.html?tdcode=08524,Forest Herbarium,All rights reserved,"Sageraea elliptica . Flora of Thailand. Vol. 16. Part 1, 2022. Pg. 279. Accessed 2024-06-07",16,1
wfo-0000435443,ver-THA-0000435443.02,la mok (ลาโมก)(Southeastern),,ref-THA-0000435443,TH,THA,https://botany.dnp.go.th/eflora/floraspecies.html?tdcode=08524,Forest Herbarium,All rights reserved,"Sageraea elliptica . Flora of Thailand. Vol. 16. Part 1, 2022. Pg. 279. Accessed 2024-06-07",16,1
wfo-0000435424,ver-THA-0000435424.01,ka mok pasak (กะโมกป่าสัก)(Central),,ref-THA-0000435424,TH,THA,https://botany.dnp.go.th/eflora/floraspecies.html?tdcode=08525,Forest Herbarium,All rights reserved,"Sageraea reticulata . Flora of Thailand. Vol. 16. Part 1, 2022. Pg. 280. Accessed 2024-06-07",16,1
wfo-0000435213,ver-THA-0000435213.01,lam duan luai(ลำดวนหลวย),,ref-THA-0000435213,TH,THA,https://botany.dnp.go.th/eflora/floraspecies.html?tdcode=08527,Forest Herbarium,All rights reserved,"Sphaerocoryne affinis . Flora of Thailand. Vol. 16. Part 1, 2022. Pg. 282. Accessed 2024-06-07",16,1
wfo-0000435214,ver-THA-0000435214.01,chan khao (จันขาว)(Krabi),,ref-THA-0000435214,TH,THA,https://botany.dnp.go.th/eflora/floraspecies.html?tdcode=08528,Forest Herbarium,All rights reserved,"Sphaerocoryne blanfordiana . Flora of Thailand. Vol. 16. Part 1, 2022. Pg. 283. Accessed 2024-06-07",16,1
wfo-1000029028,ver-THA-1000029028.01,hom nuan (หอมนวล)(Northern),,ref-THA-1000029028,TH,THA,https://botany.dnp.go.th/eflora/floraspecies.html?tdcode=08529,Forest Herbarium,All rights reserved,"Sphaerocoryne lefevrei . Flora of Thailand. Vol. 16. Part 1, 2022. Pg. 284. Accessed 2024-06-07",16,1
wfo-1000029028,ver-THA-1000029028.02,lam duan (ลำดวน)(Central),,ref-THA-1000029028,TH,THA,https://botany.dnp.go.th/eflora/floraspecies.html?tdcode=08529,Forest Herbarium,All rights reserved,"Sphaerocoryne lefevrei . Flora of Thailand. Vol. 16. Part 1, 2022. Pg. 284. Accessed 2024-06-07",16,1
wfo-1000029028,ver-THA-1000029028.03,lam duan dong(ลำดวนดง),,ref-THA-1000029028,TH,THA,https://botany.dnp.go.th/eflora/floraspecies.html?tdcode=08529,Forest Herbarium,All rights reserved,"Sphaerocoryne lefevrei . Flora of Thailand. Vol. 16. Part 1, 2022. Pg. 284. Accessed 2024-06-07",16,1
wfo-1000029318,ver-THA-1000029318.01,ma khao khao (มะขาวเขา)(Kanchanaburi),,ref-THA-1000029318,TH,THA,https://botany.dnp.go.th/eflora/floraspecies.html?tdcode=08536,Forest Herbarium,All rights reserved,"Trivalvaria ochroleuca . Flora of Thailand. Vol. 16. Part 1, 2022. Pg. 291. Accessed 2024-06-07",16,1
wfo-1000029319,ver-THA-1000029319.01,ma khao dok lek (มะขาวดอกเล็ก)(Kanchanaburi)(สกาวไพร),,ref-THA-1000029319,TH,THA,https://botany.dnp.go.th/eflora/floraspecies.html?tdcode=08537,Forest Herbarium,All rights reserved,"Trivalvaria recurva . Flora of Thailand. Vol. 16. Part 1, 2022. Pg. 291. Accessed 2024-06-07",16,1
wfo-1000029319,ver-THA-1000029319.02,sakao phrai(สกาวไพร),,ref-THA-1000029319,TH,THA,https://botany.dnp.go.th/eflora/floraspecies.html?tdcode=08537,Forest Herbarium,All rights reserved,"Trivalvaria recurva . Flora of Thailand. Vol. 16. Part 1, 2022. Pg. 291. Accessed 2024-06-07",16,1
wfo-1000029320,ver-THA-1000029320.01,ma khao klip khaep (มะขาวกลีบแคบ)(Ranong),,ref-THA-1000029320,TH,THA,https://botany.dnp.go.th/eflora/floraspecies.html?tdcode=08538,Forest Herbarium,All rights reserved,"Trivalvaria stenopetala . Flora of Thailand. Vol. 16. Part 1, 2022. Pg. 292. Accessed 2024-06-07",16,1
wfo-0000415867,ver-THA-0000415867.01,bua bok (บัวบก)(Chon Buri),,ref-THA-0000415867,TH,THA,https://botany.dnp.go.th/eflora/floraspecies.html?tdcode=08543,Forest Herbarium,All rights reserved,"Uvaria concava . Flora of Thailand. Vol. 16. Part 1, 2022. Pg. 297. Accessed 2024-06-07",16,1
wfo-0000415867,ver-THA-0000415867.02,kluai ai phon (กล้วยไอ้พล)(Chanthaburi),,ref-THA-0000415867,TH,THA,https://botany.dnp.go.th/eflora/floraspecies.html?tdcode=08543,Forest Herbarium,All rights reserved,"Uvaria concava . Flora of Thailand. Vol. 16. Part 1, 2022. Pg. 297. Accessed 2024-06-07",16,1
wfo-0000415858,ver-THA-0000415858.01,kluai kam phuan (กล้วยกำพวน)(Ranong),,ref-THA-0000415858,TH,THA,https://botany.dnp.go.th/eflora/floraspecies.html?tdcode=08544,Forest Herbarium,All rights reserved,"Uvaria curtisii . Flora of Thailand. Vol. 16. Part 1, 2022. Pg. 298. Accessed 2024-06-07",16,1
wfo-0000415886,ver-THA-0000415886.01,kluai lueang I hen (กล้วยเหลืองอีเห็น)(Southeastern),,ref-THA-0000415886,TH,THA,https://botany.dnp.go.th/eflora/floraspecies.html?tdcode=08545,Forest Herbarium,All rights reserved,"Uvaria dac . Flora of Thailand. Vol. 16. Part 1, 2022. Pg. 299. Accessed 2024-06-07",16,1
wfo-0000415886,ver-THA-0000415886.02,kluai I hen (กล้วยอีเห็น)(Southeastern),,ref-THA-0000415886,TH,THA,https://botany.dnp.go.th/eflora/floraspecies.html?tdcode=08545,Forest Herbarium,All rights reserved,"Uvaria dac . Flora of Thailand. Vol. 16. Part 1, 2022. Pg. 299. Accessed 2024-06-07",16,1
wfo-0000745982,ver-THA-0000745982.01,nom suea(นมเสือ),,ref-THA-0000745982,TH,THA,https://botany.dnp.go.th/eflora/floraspecies.html?tdcode=08546,Forest Herbarium,All rights reserved,"Uvaria dasoclema . Flora of Thailand. Vol. 16. Part 1, 2022. Pg. 299. Accessed 2024-06-07",16,1
wfo-0001066093,ver-THA-0001066093.01,khruea nom ngua (เครือนมงัว)(Northern),,ref-THA-0001066093,TH,THA,https://botany.dnp.go.th/eflora/floraspecies.html?tdcode=08547,Forest Herbarium,All rights reserved,"Uvaria dulcis . Flora of Thailand. Vol. 16. Part 1, 2022. Pg. 300. Accessed 2024-06-07",16,1
wfo-0001066093,ver-THA-0001066093.02,manom ngua(มะนมงัว),,ref-THA-0001066093,TH,THA,https://botany.dnp.go.th/eflora/floraspecies.html?tdcode=08547,Forest Herbarium,All rights reserved,"Uvaria dulcis . Flora of Thailand. Vol. 16. Part 1, 2022. Pg. 300. Accessed 2024-06-07",16,1
wfo-0001066093,ver-THA-0001066093.03,nom maeo (นมแมว)(Northern),,ref-THA-0001066093,TH,THA,https://botany.dnp.go.th/eflora/floraspecies.html?tdcode=08547,Forest Herbarium,All rights reserved,"Uvaria dulcis . Flora of Thailand. Vol. 16. Part 1, 2022. Pg. 300. Accessed 2024-06-07",16,1
wfo-0001066093,ver-THA-0001066093.04,nom maeo son (นมแมวซ้อน)(Northern),,ref-THA-0001066093,TH,THA,https://botany.dnp.go.th/eflora/floraspecies.html?tdcode=08547,Forest Herbarium,All rights reserved,"Uvaria dulcis . Flora of Thailand. Vol. 16. Part 1, 2022. Pg. 300. Accessed 2024-06-07",16,1
wfo-0001066093,ver-THA-0001066093.05,nom wua (นมวัว)(Northern),,ref-THA-0001066093,TH,THA,https://botany.dnp.go.th/eflora/floraspecies.html?tdcode=08547,Forest Herbarium,All rights reserved,"Uvaria dulcis . Flora of Thailand. Vol. 16. Part 1, 2022. Pg. 300. Accessed 2024-06-07",16,1
wfo-0001066093,ver-THA-0001066093.06,tin tang (ตีนตั่ง)(Ubon Ratchathani),,ref-THA-0001066093,TH,THA,https://botany.dnp.go.th/eflora/floraspecies.html?tdcode=08547,Forest Herbarium,All rights reserved,"Uvaria dulcis . Flora of Thailand. Vol. 16. Part 1, 2022. Pg. 300. Accessed 2024-06-07",16,1
wfo-0001066093,ver-THA-0001066093.07,top hu (ตบหู)(Ubon Ratchathani),,ref-THA-0001066093,TH,THA,https://botany.dnp.go.th/eflora/floraspecies.html?tdcode=08547,Forest Herbarium,All rights reserved,"Uvaria dulcis . Flora of Thailand. Vol. 16. Part 1, 2022. Pg. 300. Accessed 2024-06-07",16,1
wfo-0001066093,ver-THA-0001066093.08,(Ubon Ratchathani),,ref-THA-0001066093,TH,THA,https://botany.dnp.go.th/eflora/floraspecies.html?tdcode=08547,Forest Herbarium,All rights reserved,"Uvaria dulcis . Flora of Thailand. Vol. 16. Part 1, 2022. Pg. 300. Accessed 2024-06-07",16,1
wfo-0001066093,ver-THA-0001066093.09,tin tang noi (ตีนตั่งน้อย)(Nakhon Phanom),,ref-THA-0001066093,TH,THA,https://botany.dnp.go.th/eflora/floraspecies.html?tdcode=08547,Forest Herbarium,All rights reserved,"Uvaria dulcis . Flora of Thailand. Vol. 16. Part 1, 2022. Pg. 300. Accessed 2024-06-07",16,1
wfo-0000416343,ver-THA-0000416343.01,chu-biang (ชูเบียง)(Karen-Mae Hong Son),,ref-THA-0000416343,TH,THA,https://botany.dnp.go.th/eflora/floraspecies.html?tdcode=08559,Forest Herbarium,All rights reserved,"Uvaria littoralis . Flora of Thailand. Vol. 16. Part 1, 2022. Pg. 307. Accessed 2024-06-07",16,1
wfo-0000416343,ver-THA-0000416343.02,ka liap (กาเลียบ)(Chumphon),,ref-THA-0000416343,TH,THA,https://botany.dnp.go.th/eflora/floraspecies.html?tdcode=08559,Forest Herbarium,All rights reserved,"Uvaria littoralis . Flora of Thailand. Vol. 16. Part 1, 2022. Pg. 307. Accessed 2024-06-07",16,1
wfo-0000416343,ver-THA-0000416343.03,kluai mu sang (กล้วยหมูสัง)(Chumphon),,ref-THA-0000416343,TH,THA,https://botany.dnp.go.th/eflora/floraspecies.html?tdcode=08559,Forest Herbarium,All rights reserved,"Uvaria littoralis . Flora of Thailand. Vol. 16. Part 1, 2022. Pg. 307. Accessed 2024-06-07",16,1
wfo-0000416343,ver-THA-0000416343.04,la-ko (ลาเกาะ)(Malay-Narathiwat),,ref-THA-0000416343,TH,THA,https://botany.dnp.go.th/eflora/floraspecies.html?tdcode=08559,Forest Herbarium,All rights reserved,"Uvaria littoralis . Flora of Thailand. Vol. 16. Part 1, 2022. Pg. 307. Accessed 2024-06-07",16,1
wfo-0000416343,ver-THA-0000416343.05,nom kwai (นมควาย)(Nakhon Si Thammarat),,ref-THA-0000416343,TH,THA,https://botany.dnp.go.th/eflora/floraspecies.html?tdcode=08559,Forest Herbarium,All rights reserved,"Uvaria littoralis . Flora of Thailand. Vol. 16. Part 1, 2022. Pg. 307. Accessed 2024-06-07",16,1
wfo-0000416343,ver-THA-0000416343.06,nom chang (นมช้าง)(Northern),,ref-THA-0000416343,TH,THA,https://botany.dnp.go.th/eflora/floraspecies.html?tdcode=08559,Forest Herbarium,All rights reserved,"Uvaria littoralis . Flora of Thailand. Vol. 16. Part 1, 2022. Pg. 307. Accessed 2024-06-07",16,1
wfo-0000416343,ver-THA-0000416343.07,nom maeo yai (นมแมวใหญ่)(Chumphon),,ref-THA-0000416343,TH,THA,https://botany.dnp.go.th/eflora/floraspecies.html?tdcode=08559,Forest Herbarium,All rights reserved,"Uvaria littoralis . Flora of Thailand. Vol. 16. Part 1, 2022. Pg. 307. Accessed 2024-06-07",16,1
wfo-0000416343,ver-THA-0000416343.08,nom wua (นมวัว)(Surat Thani):,,ref-THA-0000416343,TH,THA,https://botany.dnp.go.th/eflora/floraspecies.html?tdcode=08559,Forest Herbarium,All rights reserved,"Uvaria littoralis . Flora of Thailand. Vol. 16. Part 1, 2022. Pg. 307. Accessed 2024-06-07",16,1
wfo-0000416342,ver-THA-0000416342.01,thao tan lueat (เถาตานเลือด)(Surat Thani),,ref-THA-0000416342,TH,THA,https://botany.dnp.go.th/eflora/floraspecies.html?tdcode=08560,Forest Herbarium,All rights reserved,"Uvaria lobbiana . Flora of Thailand. Vol. 16. Part 1, 2022. Pg. 308. Accessed 2024-06-07",16,1
wfo-0000416484,ver-THA-0000416484.01,nam tao noi (น้ำเต้าน้อย)(Prachin Buri),,ref-THA-0000416484,TH,THA,https://botany.dnp.go.th/eflora/floraspecies.html?tdcode=08561,Forest Herbarium,All rights reserved,"Uvaria micrantha . Flora of Thailand. Vol. 16. Part 1, 2022. Pg. 309. Accessed 2024-06-07",16,1
wfo-0000416484,ver-THA-0000416484.02,nom maeo (นมแมว)(Prachuap Khiri Khan),,ref-THA-0000416484,TH,THA,https://botany.dnp.go.th/eflora/floraspecies.html?tdcode=08561,Forest Herbarium,All rights reserved,"Uvaria micrantha . Flora of Thailand. Vol. 16. Part 1, 2022. Pg. 309. Accessed 2024-06-07",16,1
wfo-0000416484,ver-THA-0000416484.03,thao ruesi phasom kaeo (เถาฤาษีผสมแก้ว)(Surat Thani),,ref-THA-0000416484,TH,THA,https://botany.dnp.go.th/eflora/floraspecies.html?tdcode=08561,Forest Herbarium,All rights reserved,"Uvaria micrantha . Flora of Thailand. Vol. 16. Part 1, 2022. Pg. 309. Accessed 2024-06-07",16,1
wfo-0000416213,ver-THA-0000416213.01,phi phuan (พีพวน)(Loei),,ref-THA-0000416213,TH,THA,https://botany.dnp.go.th/eflora/floraspecies.html?tdcode=08564,Forest Herbarium,All rights reserved,"Uvaria pierrei . Flora of Thailand. Vol. 16. Part 1, 2022. Pg. 311. Accessed 2024-06-07",16,1
wfo-0001066290,ver-THA-0001066290.01,bu nga yai (บุหงาใหญ่)(Northern),,ref-THA-0001066290,TH,THA,https://botany.dnp.go.th/eflora/floraspecies.html?tdcode=08565,Forest Herbarium,All rights reserved,"Uvaria rufa . Flora of Thailand. Vol. 16. Part 1, 2022. Pg. 312. Accessed 2024-06-07",16,1
wfo-0001066290,ver-THA-0001066290.02,ham ling (หำลิง)(Northeastern),,ref-THA-0001066290,TH,THA,https://botany.dnp.go.th/eflora/floraspecies.html?tdcode=08565,Forest Herbarium,All rights reserved,"Uvaria rufa . Flora of Thailand. Vol. 16. Part 1, 2022. Pg. 312. Accessed 2024-06-07",16,1
wfo-0001066290,ver-THA-0001066290.03,"nom kwai (นมควาย)(Southwestern, Peninsular)",,ref-THA-0001066290,TH,THA,https://botany.dnp.go.th/eflora/floraspecies.html?tdcode=08565,Forest Herbarium,All rights reserved,"Uvaria rufa . Flora of Thailand. Vol. 16. Part 1, 2022. Pg. 312. Accessed 2024-06-07",16,1
wfo-0001066290,ver-THA-0001066290.04,nom maeo (นมแมว)(Central),,ref-THA-0001066290,TH,THA,https://botany.dnp.go.th/eflora/floraspecies.html?tdcode=08565,Forest Herbarium,All rights reserved,"Uvaria rufa . Flora of Thailand. Vol. 16. Part 1, 2022. Pg. 312. Accessed 2024-06-07",16,1
wfo-0001066290,ver-THA-0001066290.05,nom maeo pa (นมแมวป่า)(Chiang Mai),,ref-THA-0001066290,TH,THA,https://botany.dnp.go.th/eflora/floraspecies.html?tdcode=08565,Forest Herbarium,All rights reserved,"Uvaria rufa . Flora of Thailand. Vol. 16. Part 1, 2022. Pg. 312. Accessed 2024-06-07",16,1
wfo-0001066290,ver-THA-0001066290.06,"nom ngua (นมงัว)(Northern, Peninsular)",,ref-THA-0001066290,TH,THA,https://botany.dnp.go.th/eflora/floraspecies.html?tdcode=08565,Forest Herbarium,All rights reserved,"Uvaria rufa . Flora of Thailand. Vol. 16. Part 1, 2022. Pg. 312. Accessed 2024-06-07",16,1
wfo-0001066290,ver-THA-0001066290.07,"nom wua (นมวัว)(Krabi, Phitsanulok)",,ref-THA-0001066290,TH,THA,https://botany.dnp.go.th/eflora/floraspecies.html?tdcode=08565,Forest Herbarium,All rights reserved,"Uvaria rufa . Flora of Thailand. Vol. 16. Part 1, 2022. Pg. 312. Accessed 2024-06-07",16,1
wfo-0001066290,ver-THA-0001066290.08,phi phuan (ผีพวน)(Udon Thani),,ref-THA-0001066290,TH,THA,https://botany.dnp.go.th/eflora/floraspecies.html?tdcode=08565,Forest Herbarium,All rights reserved,"Uvaria rufa . Flora of Thailand. Vol. 16. Part 1, 2022. Pg. 312. Accessed 2024-06-07",16,1
wfo-0001066290,ver-THA-0001066290.09,phi puan noi (พีพวนน้อย)(Chumphon),,ref-THA-0001066290,TH,THA,https://botany.dnp.go.th/eflora/floraspecies.html?tdcode=08565,Forest Herbarium,All rights reserved,"Uvaria rufa . Flora of Thailand. Vol. 16. Part 1, 2022. Pg. 312. Accessed 2024-06-07",16,1
wfo-0001066290,ver-THA-0001066290.10,si muan (สีม่วน)(Chaiyaphum),,ref-THA-0001066290,TH,THA,https://botany.dnp.go.th/eflora/floraspecies.html?tdcode=08565,Forest Herbarium,All rights reserved,"Uvaria rufa . Flora of Thailand. Vol. 16. Part 1, 2022. Pg. 312. Accessed 2024-06-07",16,1
wfo-0001066290,ver-THA-0001066290.11,ting tang (ติงตัง)(Nakhon Ratchasima),,ref-THA-0001066290,TH,THA,https://botany.dnp.go.th/eflora/floraspecies.html?tdcode=08565,Forest Herbarium,All rights reserved,"Uvaria rufa . Flora of Thailand. Vol. 16. Part 1, 2022. Pg. 312. Accessed 2024-06-07",16,1
wfo-0001066290,ver-THA-0001066290.12,"tin tang khruea (ตีนตั่งเครือ)(Si Sa Ket, Ubon Ratchathani)",,ref-THA-0001066290,TH,THA,https://botany.dnp.go.th/eflora/floraspecies.html?tdcode=08565,Forest Herbarium,All rights reserved,"Uvaria rufa . Flora of Thailand. Vol. 16. Part 1, 2022. Pg. 312. Accessed 2024-06-07",16,1
wfo-0000744968,ver-THA-0000744968.01,nom maeo(นมแมว),,ref-THA-0000744968,TH,THA,https://botany.dnp.go.th/eflora/floraspecies.html?tdcode=08566,Forest Herbarium,All rights reserved,"Uvaria siamensis . Flora of Thailand. Vol. 16. Part 1, 2022. Pg. 314. Accessed 2024-06-07",16,1
wfo-0001066575,ver-THA-0001066575.01,phi phuan (พีพวน)(Ubon Ratchathani),,ref-THA-0001066575,TH,THA,https://botany.dnp.go.th/eflora/floraspecies.html?tdcode=08567,Forest Herbarium,All rights reserved,"Uvaria tonkinensis . Flora of Thailand. Vol. 16. Part 1, 2022. Pg. 315. Accessed 2024-06-07",16,1
wfo-0000744969,ver-THA-0000744969.01,nom maeo dan chedi(นมแมวด่านเจดีย์),,ref-THA-0000744969,TH,THA,https://botany.dnp.go.th/eflora/floraspecies.html?tdcode=08568,Forest Herbarium,All rights reserved,"Uvaria utteridgei . Flora of Thailand. Vol. 16. Part 1, 2022. Pg. 316. Accessed 2024-06-07",16,1
wfo-0000417847,ver-THA-0000417847.01,kai khao (กายค่าว)(Ubon Ratchathani),,ref-THA-0000417847,TH,THA,https://botany.dnp.go.th/eflora/floraspecies.html?tdcode=08569,Forest Herbarium,All rights reserved,"Uvaria vietnamensis . Flora of Thailand. Vol. 16. Part 1, 2022. Pg. 317. Accessed 2024-06-07",16,1
wfo-0000417847,ver-THA-0000417847.02,"ngo phuang phon klom (เงาะพวงผลกลม)(Eastern, South-Eastern)",,ref-THA-0000417847,TH,THA,https://botany.dnp.go.th/eflora/floraspecies.html?tdcode=08569,Forest Herbarium,All rights reserved,"Uvaria vietnamensis . Flora of Thailand. Vol. 16. Part 1, 2022. Pg. 317. Accessed 2024-06-07",16,1
wfo-0001336567,ver-THA-0001336567.01,chomphu phirom (ชมพูภิรมย์)(Peninsular),,ref-THA-0001336567,TH,THA,https://botany.dnp.go.th/eflora/floraspecies.html?tdcode=08573,Forest Herbarium,All rights reserved,"Winitia expansa . Flora of Thailand. Vol. 16. Part 1, 2022. Pg. 319. Accessed 2024-06-07",16,1
wfo-0001336567,ver-THA-0001336567.02,saet si phirom (แสดศรีภิรมย์)(Peninsular),,ref-THA-0001336567,TH,THA,https://botany.dnp.go.th/eflora/floraspecies.html?tdcode=08573,Forest Herbarium,All rights reserved,"Winitia expansa . Flora of Thailand. Vol. 16. Part 1, 2022. Pg. 319. Accessed 2024-06-07",16,1
wfo-1000025222,ver-THA-1000025222.01,ngam ngo (งำเงาะ)(Peninsular),,ref-THA-1000025222,TH,THA,https://botany.dnp.go.th/eflora/floraspecies.html?tdcode=08574,Forest Herbarium,All rights reserved,"Winitia longipes . Flora of Thailand. Vol. 16. Part 1, 2022. Pg. 319. Accessed 2024-06-07",16,1
wfo-1000025223,ver-THA-1000025223.01,saet taksina (แสดทักษิณา)(Peninsular),,ref-THA-1000025223,TH,THA,https://botany.dnp.go.th/eflora/floraspecies.html?tdcode=08575,Forest Herbarium,All rights reserved,"Winitia thailandana . Flora of Thailand. Vol. 16. Part 1, 2022. Pg. 321. Accessed 2024-06-07",16,1
wfo-0001423415,ver-THA-0001423415.01,phrao phirom(พราวภิรมย์),,ref-THA-0001423415,TH,THA,https://botany.dnp.go.th/eflora/floraspecies.html?tdcode=08577,Forest Herbarium,All rights reserved,"Wuodendron praecox . Flora of Thailand. Vol. 16. Part 1, 2022. Pg. 322. Accessed 2024-06-07",16,1
wfo-0000428846,ver-THA-0000428846.01,thurian nok (ทุเรียนนก)(Trang),,ref-THA-0000428846,TH,THA,https://botany.dnp.go.th/eflora/floraspecies.html?tdcode=08579,Forest Herbarium,All rights reserved,"Xylopia ferruginea . Flora of Thailand. Vol. 16. Part 1, 2022. Pg. 325. Accessed 2024-06-07",16,1
wfo-0000428950,ver-THA-0000428950.01,sue-li-yae-ya-ka (ซือลีแยยากา)(Malay-Narathiwat),,ref-THA-0000428950,TH,THA,https://botany.dnp.go.th/eflora/floraspecies.html?tdcode=08580,Forest Herbarium,All rights reserved,"Xylopia fusca . Flora of Thailand. Vol. 16. Part 1, 2022. Pg. 326. Accessed 2024-06-07",16,1
wfo-1000034922,ver-THA-1000034922.01,krai (กราย)(Trang),,ref-THA-1000034922,TH,THA,https://botany.dnp.go.th/eflora/floraspecies.html?tdcode=08581,Forest Herbarium,All rights reserved,"Xylopia microcalyx . Flora of Thailand. Vol. 16. Part 1, 2022. Pg. 326. Accessed 2024-06-07",16,1
wfo-1000034923,ver-THA-1000034923.01,sue-li-yae-ba-nae (ซือลีแยบาแน)(Malay-Narathiwat),,ref-THA-1000034923,TH,THA,https://botany.dnp.go.th/eflora/floraspecies.html?tdcode=08582,Forest Herbarium,All rights reserved,"Xylopia niyomdhamii . Flora of Thailand. Vol. 16. Part 1, 2022. Pg. 327. Accessed 2024-06-07",16,1
wfo-0000428916,ver-THA-0000428916.01,sa thang lek(สะทางเล็ก),,ref-THA-0000428916,TH,THA,https://botany.dnp.go.th/eflora/floraspecies.html?tdcode=08583,Forest Herbarium,All rights reserved,"Xylopia pierrei . Flora of Thailand. Vol. 16. Part 1, 2022. Pg. 329. Accessed 2024-06-07",16,1
wfo-0000428916,ver-THA-0000428916.02,ta laeo (ตาเหลว)(Nakhon Ratchasima),,ref-THA-0000428916,TH,THA,https://botany.dnp.go.th/eflora/floraspecies.html?tdcode=08583,Forest Herbarium,All rights reserved,"Xylopia pierrei . Flora of Thailand. Vol. 16. Part 1, 2022. Pg. 329. Accessed 2024-06-07",16,1
wfo-0000428653,ver-THA-0000428653.01,kan thang (กั้นทาง)(Nakhon Phanom),,ref-THA-0000428653,TH,THA,https://botany.dnp.go.th/eflora/floraspecies.html?tdcode=08586,Forest Herbarium,All rights reserved,"Xylopia vielana . Flora of Thailand. Vol. 16. Part 1, 2022. Pg. 331. Accessed 2024-06-07",16,1
wfo-0000428653,ver-THA-0000428653.02,kluai noi(กล้วยน้อย),,ref-THA-0000428653,TH,THA,https://botany.dnp.go.th/eflora/floraspecies.html?tdcode=08586,Forest Herbarium,All rights reserved,"Xylopia vielana . Flora of Thailand. Vol. 16. Part 1, 2022. Pg. 331. Accessed 2024-06-07",16,1
wfo-0000428653,ver-THA-0000428653.03,sa thang (สะทาง)(Ubon Ratchathani),,ref-THA-0000428653,TH,THA,https://botany.dnp.go.th/eflora/floraspecies.html?tdcode=08586,Forest Herbarium,All rights reserved,"Xylopia vielana . Flora of Thailand. Vol. 16. Part 1, 2022. Pg. 331. Accessed 2024-06-07",16,1
wfo-0000428653,ver-THA-0000428653.04,ta laeo (ตาเหลว)(Nakhon Ratchasima),,ref-THA-0000428653,TH,THA,https://botany.dnp.go.th/eflora/floraspecies.html?tdcode=08586,Forest Herbarium,All rights reserved,"Xylopia vielana . Flora of Thailand. Vol. 16. Part 1, 2022. Pg. 331. Accessed 2024-06-07",16,1
