WFOID,identifier,vernacularName,isPreferredName,source,language,countryCode,uri,rights,license,bibliographicCitation,Volume,Part
wfo-0000211685,ver-THA-0000211685.01,kang khimot (กางขี้มอด)(Northern),0.0,ref-THA-0000211685,TH,THA,https://botany.dnp.go.th/eflora/floraspecies.html?tdcode=00688,Forest Herbarium,All rights reserved,"Acrocarpus fraxinifolius. Flora of Thailand. Vol. 4. Part 1, 1984. Pg. 50. Accessed 2021-07-31",4,1
wfo-0000211685,ver-THA-0000211685.02,kai (ไก่)(Northern),0.0,ref-THA-0000211685,TH,THA,https://botany.dnp.go.th/eflora/floraspecies.html?tdcode=00688,Forest Herbarium,All rights reserved,"Acrocarpus fraxinifolius. Flora of Thailand. Vol. 4. Part 1, 1984. Pg. 50. Accessed 2021-07-31",4,1
wfo-0000211685,ver-THA-0000211685.03,khang chang (ขางช้าง)(Northern),0.0,ref-THA-0000211685,TH,THA,https://botany.dnp.go.th/eflora/floraspecies.html?tdcode=00688,Forest Herbarium,All rights reserved,"Acrocarpus fraxinifolius. Flora of Thailand. Vol. 4. Part 1, 1984. Pg. 50. Accessed 2021-07-31",4,1
wfo-0000211685,ver-THA-0000211685.04,daeng ham (แดงน้ำ)(Northern),0.0,ref-THA-0000211685,TH,THA,https://botany.dnp.go.th/eflora/floraspecies.html?tdcode=00688,Forest Herbarium,All rights reserved,"Acrocarpus fraxinifolius. Flora of Thailand. Vol. 4. Part 1, 1984. Pg. 50. Accessed 2021-07-31",4,1
wfo-0000211685,ver-THA-0000211685.05,saeng talon (แสงตะล่อน)(Northeastern),0.0,ref-THA-0000211685,TH,THA,https://botany.dnp.go.th/eflora/floraspecies.html?tdcode=00688,Forest Herbarium,All rights reserved,"Acrocarpus fraxinifolius. Flora of Thailand. Vol. 4. Part 1, 1984. Pg. 50. Accessed 2021-07-31",4,1
wfo-0000211685,ver-THA-0000211685.06,hon nak (หอนนาค)(Northeastern),0.0,ref-THA-0000211685,TH,THA,https://botany.dnp.go.th/eflora/floraspecies.html?tdcode=00688,Forest Herbarium,All rights reserved,"Acrocarpus fraxinifolius. Flora of Thailand. Vol. 4. Part 1, 1984. Pg. 50. Accessed 2021-07-31",4,1
wfo-0000211685,ver-THA-0000211685.07,sadao chang (สะเดาช้าง)(Southeastern),0.0,ref-THA-0000211685,TH,THA,https://botany.dnp.go.th/eflora/floraspecies.html?tdcode=00688,Forest Herbarium,All rights reserved,"Acrocarpus fraxinifolius. Flora of Thailand. Vol. 4. Part 1, 1984. Pg. 50. Accessed 2021-07-31",4,1
wfo-0000211685,ver-THA-0000211685.08,kuai ki (ก้วยกี่)(Northern-Karen),0.0,ref-THA-0000211685,TH,THA,https://botany.dnp.go.th/eflora/floraspecies.html?tdcode=00688,Forest Herbarium,All rights reserved,"Acrocarpus fraxinifolius. Flora of Thailand. Vol. 4. Part 1, 1984. Pg. 50. Accessed 2021-07-31",4,1
wfo-0000186209,ver-THA-0000186209.01,makha hua kham (มะค่าหัวคำ)(Northern),0.0,ref-THA-0000186209,TH,THA,https://botany.dnp.go.th/eflora/floraspecies.html?tdcode=00777,Forest Herbarium,All rights reserved,"Afzelia xylocarpa. Flora of Thailand. Vol. 4. Part 1, 1984. Pg. 127. Accessed 2021-07-31",4,1
wfo-0000186209,ver-THA-0000186209.02,makha luang (มะค่าหลวง)(Northern),0.0,ref-THA-0000186209,TH,THA,https://botany.dnp.go.th/eflora/floraspecies.html?tdcode=00777,Forest Herbarium,All rights reserved,"Afzelia xylocarpa. Flora of Thailand. Vol. 4. Part 1, 1984. Pg. 127. Accessed 2021-07-31",4,1
wfo-0000186209,ver-THA-0000186209.03,makha mohg (มะค่าโมง)(Central),0.0,ref-THA-0000186209,TH,THA,https://botany.dnp.go.th/eflora/floraspecies.html?tdcode=00777,Forest Herbarium,All rights reserved,"Afzelia xylocarpa. Flora of Thailand. Vol. 4. Part 1, 1984. Pg. 127. Accessed 2021-07-31",4,1
wfo-0000186209,ver-THA-0000186209.04,makha yai (มะค่าใหญ่)(Central),0.0,ref-THA-0000186209,TH,THA,https://botany.dnp.go.th/eflora/floraspecies.html?tdcode=00777,Forest Herbarium,All rights reserved,"Afzelia xylocarpa. Flora of Thailand. Vol. 4. Part 1, 1984. Pg. 127. Accessed 2021-07-31",4,1
wfo-0000186209,ver-THA-0000186209.05,kheng (เขง)(Khmer-Eastern),0.0,ref-THA-0000186209,TH,THA,https://botany.dnp.go.th/eflora/floraspecies.html?tdcode=00777,Forest Herbarium,All rights reserved,"Afzelia xylocarpa. Flora of Thailand. Vol. 4. Part 1, 1984. Pg. 127. Accessed 2021-07-31",4,1
wfo-0000186209,ver-THA-0000186209.06,beng (เบง)(Khmer-Eastern),0.0,ref-THA-0000186209,TH,THA,https://botany.dnp.go.th/eflora/floraspecies.html?tdcode=00777,Forest Herbarium,All rights reserved,"Afzelia xylocarpa. Flora of Thailand. Vol. 4. Part 1, 1984. Pg. 127. Accessed 2021-07-31",4,1
wfo-0000186209,ver-THA-0000186209.07,pin (ปี้น)(Chaobon-Eastern),0.0,ref-THA-0000186209,TH,THA,https://botany.dnp.go.th/eflora/floraspecies.html?tdcode=00777,Forest Herbarium,All rights reserved,"Afzelia xylocarpa. Flora of Thailand. Vol. 4. Part 1, 1984. Pg. 127. Accessed 2021-07-31",4,1
wfo-0000184535,ver-THA-0000184535.01,sok raya (โศกระย้า)(Central),0.0,ref-THA-0000184535,TH,THA,https://botany.dnp.go.th/eflora/floraspecies.html?tdcode=00735,Forest Herbarium,All rights reserved,"Amherstia nobilis. Flora of Thailand. Vol. 4. Part 1, 1984. Pg. 93. Accessed 2021-07-31",4,1
wfo-0000212858,ver-THA-0000212858.01,kalong (กาหลง)(Central),0.0,ref-THA-0000212858,TH,THA,https://botany.dnp.go.th/eflora/floraspecies.html?tdcode=00634,Forest Herbarium,All rights reserved,"Bauhinia acuminata. Flora of Thailand. Vol. 4. Part 1, 1984. Pg. 11. Accessed 2021-07-31",4,1
wfo-0000212858,ver-THA-0000212858.02,som sieo (ส้มเสี้ยว)(Central),0.0,ref-THA-0000212858,TH,THA,https://botany.dnp.go.th/eflora/floraspecies.html?tdcode=00634,Forest Herbarium,All rights reserved,"Bauhinia acuminata. Flora of Thailand. Vol. 4. Part 1, 1984. Pg. 11. Accessed 2021-07-31",4,1
wfo-0000199456,ver-THA-0000199456.01,khrua khao nang (เครือเขาหนัง)(Northern),0.0,ref-THA-0000199456,TH,THA,https://botany.dnp.go.th/eflora/floraspecies.html?tdcode=00656,Forest Herbarium,All rights reserved,"Bauhinia bassacensis. Flora of Thailand. Vol. 4. Part 1, 1984. Pg. 29. Accessed 2021-07-31",4,1
wfo-0000199456,ver-THA-0000199456.02,thao kradai ling (เถากระไดลิง)(Southeastern),0.0,ref-THA-0000199456,TH,THA,https://botany.dnp.go.th/eflora/floraspecies.html?tdcode=00656,Forest Herbarium,All rights reserved,"Bauhinia bassacensis. Flora of Thailand. Vol. 4. Part 1, 1984. Pg. 29. Accessed 2021-07-31",4,1
wfo-0000199456,ver-THA-0000199456.03,chongkho (ชงโค)(Peninsular),0.0,ref-THA-0000199456,TH,THA,https://botany.dnp.go.th/eflora/floraspecies.html?tdcode=00656,Forest Herbarium,All rights reserved,"Bauhinia bassacensis. Flora of Thailand. Vol. 4. Part 1, 1984. Pg. 29. Accessed 2021-07-31",4,1
wfo-0000199456,ver-THA-0000199456.04,yothika (โยธิกา)(Peninsular),0.0,ref-THA-0000199456,TH,THA,https://botany.dnp.go.th/eflora/floraspecies.html?tdcode=00656,Forest Herbarium,All rights reserved,"Bauhinia bassacensis. Flora of Thailand. Vol. 4. Part 1, 1984. Pg. 29. Accessed 2021-07-31",4,1
wfo-0000212869,ver-THA-0000212869.01,salaeng phan (แสลงพัน)(Southeastern),0.0,ref-THA-0000212869,TH,THA,https://botany.dnp.go.th/eflora/floraspecies.html?tdcode=00647,Forest Herbarium,All rights reserved,"Bauhinia binata. Flora of Thailand. Vol. 4. Part 1, 1984. Pg. 22. Accessed 2021-07-31",4,1
wfo-0000199470,ver-THA-0000199470.01,po chian (ปอเจี๋ยน)(Northern),0.0,ref-THA-0000199470,TH,THA,https://botany.dnp.go.th/eflora/floraspecies.html?tdcode=00657,Forest Herbarium,All rights reserved,"Bauhinia bracteata. Flora of Thailand. Vol. 4. Part 1, 1984. Pg. 31. Accessed 2021-07-31",4,1
wfo-0000199470,ver-THA-0000199470.02,po bung (ปอบุ้ง)(Northern),0.0,ref-THA-0000199470,TH,THA,https://botany.dnp.go.th/eflora/floraspecies.html?tdcode=00657,Forest Herbarium,All rights reserved,"Bauhinia bracteata. Flora of Thailand. Vol. 4. Part 1, 1984. Pg. 31. Accessed 2021-07-31",4,1
wfo-0000199470,ver-THA-0000199470.03,som sieo (ส้มเสี้ยว)(Northeastern),0.0,ref-THA-0000199470,TH,THA,https://botany.dnp.go.th/eflora/floraspecies.html?tdcode=00657,Forest Herbarium,All rights reserved,"Bauhinia bracteata. Flora of Thailand. Vol. 4. Part 1, 1984. Pg. 31. Accessed 2021-07-31",4,1
wfo-0000199470,ver-THA-0000199470.04,sieo dok khao (เสี้ยวดอกขาว)(Northeastern),0.0,ref-THA-0000199470,TH,THA,https://botany.dnp.go.th/eflora/floraspecies.html?tdcode=00657,Forest Herbarium,All rights reserved,"Bauhinia bracteata. Flora of Thailand. Vol. 4. Part 1, 1984. Pg. 31. Accessed 2021-07-31",4,1
wfo-0000199470,ver-THA-0000199470.05,sieo tia (เสี้ยวเตี้ย)(Northeastern),0.0,ref-THA-0000199470,TH,THA,https://botany.dnp.go.th/eflora/floraspecies.html?tdcode=00657,Forest Herbarium,All rights reserved,"Bauhinia bracteata. Flora of Thailand. Vol. 4. Part 1, 1984. Pg. 31. Accessed 2021-07-31",4,1
wfo-0000199470,ver-THA-0000199470.06,chongkho (ชงโค)(Northeastern),0.0,ref-THA-0000199470,TH,THA,https://botany.dnp.go.th/eflora/floraspecies.html?tdcode=00657,Forest Herbarium,All rights reserved,"Bauhinia bracteata. Flora of Thailand. Vol. 4. Part 1, 1984. Pg. 31. Accessed 2021-07-31",4,1
wfo-0000199470,ver-THA-0000199470.07,saen phan (แสนพัน)(Northeastern),0.0,ref-THA-0000199470,TH,THA,https://botany.dnp.go.th/eflora/floraspecies.html?tdcode=00657,Forest Herbarium,All rights reserved,"Bauhinia bracteata. Flora of Thailand. Vol. 4. Part 1, 1984. Pg. 31. Accessed 2021-07-31",4,1
wfo-0000199470,ver-THA-0000199470.08,sieo khrua (เสี้ยวเครือ)(Eastern),0.0,ref-THA-0000199470,TH,THA,https://botany.dnp.go.th/eflora/floraspecies.html?tdcode=00657,Forest Herbarium,All rights reserved,"Bauhinia bracteata. Flora of Thailand. Vol. 4. Part 1, 1984. Pg. 31. Accessed 2021-07-31",4,1
wfo-0000199470,ver-THA-0000199470.09,salaeng phan (แสลงพัน)(Southeastern),0.0,ref-THA-0000199470,TH,THA,https://botany.dnp.go.th/eflora/floraspecies.html?tdcode=00657,Forest Herbarium,All rights reserved,"Bauhinia bracteata. Flora of Thailand. Vol. 4. Part 1, 1984. Pg. 31. Accessed 2021-07-31",4,1
wfo-0000199492,ver-THA-0000199492.01,khrua khao kaep (เครือเขาแกบ)(Northeastern),0.0,ref-THA-0000199492,TH,THA,https://botany.dnp.go.th/eflora/floraspecies.html?tdcode=00651,Forest Herbarium,All rights reserved,"Bauhinia curtisii. Flora of Thailand. Vol. 4. Part 1, 1984. Pg. 24. Accessed 2021-07-31",4,1
wfo-0001056091,ver-THA-0001056091.01,sieo khrua (เสี้ยวเครือ)(Northern),0.0,ref-THA-0001056091,TH,THA,https://botany.dnp.go.th/eflora/florainfra.html?tdcode=00672,Forest Herbarium,All rights reserved,"Bauhinia glauca tenuiflora. Flora of Thailand. Vol. 4. Part 1, 1984. Pg. 41. Accessed 2021-07-31",4,1
wfo-0001056091,ver-THA-0001056091.02,sieo pa (เสี้ยวป่า)(Northern),0.0,ref-THA-0001056091,TH,THA,https://botany.dnp.go.th/eflora/florainfra.html?tdcode=00672,Forest Herbarium,All rights reserved,"Bauhinia glauca tenuiflora. Flora of Thailand. Vol. 4. Part 1, 1984. Pg. 41. Accessed 2021-07-31",4,1
wfo-0001056091,ver-THA-0001056091.03,salaeng phan (แสลงพัน)(Northern),0.0,ref-THA-0001056091,TH,THA,https://botany.dnp.go.th/eflora/florainfra.html?tdcode=00672,Forest Herbarium,All rights reserved,"Bauhinia glauca tenuiflora. Flora of Thailand. Vol. 4. Part 1, 1984. Pg. 41. Accessed 2021-07-31",4,1
wfo-0001056091,ver-THA-0001056091.04,chongkho (ชงโค)(Eastern),0.0,ref-THA-0001056091,TH,THA,https://botany.dnp.go.th/eflora/florainfra.html?tdcode=00672,Forest Herbarium,All rights reserved,"Bauhinia glauca tenuiflora. Flora of Thailand. Vol. 4. Part 1, 1984. Pg. 41. Accessed 2021-07-31",4,1
wfo-0001056091,ver-THA-0001056091.05,khang kho (คางโค)(Southeastern),0.0,ref-THA-0001056091,TH,THA,https://botany.dnp.go.th/eflora/florainfra.html?tdcode=00672,Forest Herbarium,All rights reserved,"Bauhinia glauca tenuiflora. Flora of Thailand. Vol. 4. Part 1, 1984. Pg. 41. Accessed 2021-07-31",4,1
wfo-0001056091,ver-THA-0001056091.06,pha siu (พาซิว)(Karen-Northern),0.0,ref-THA-0001056091,TH,THA,https://botany.dnp.go.th/eflora/florainfra.html?tdcode=00672,Forest Herbarium,All rights reserved,"Bauhinia glauca tenuiflora. Flora of Thailand. Vol. 4. Part 1, 1984. Pg. 41. Accessed 2021-07-31",4,1
wfo-0000199517,ver-THA-0000199517.01,sieo khrua (เสี้ยวเครือ)(Northern),0.0,ref-THA-0000199517,TH,THA,https://botany.dnp.go.th/eflora/florainfra.html?tdcode=00659,Forest Herbarium,All rights reserved,"Bauhinia harmsiana harmsiana. Flora of Thailand. Vol. 4. Part 1, 1984. Pg. 32. Accessed 2021-07-31",4,1
wfo-0000199517,ver-THA-0000199517.02,chong kho khi kai (ชงโคไก่)(Southwestern),0.0,ref-THA-0000199517,TH,THA,https://botany.dnp.go.th/eflora/florainfra.html?tdcode=00659,Forest Herbarium,All rights reserved,"Bauhinia harmsiana harmsiana. Flora of Thailand. Vol. 4. Part 1, 1984. Pg. 32. Accessed 2021-07-31",4,1
wfo-0000196986,ver-THA-0000196986.01,sieo noi (เสี้ยวน้อย)(Northern),0.0,ref-THA-0000196986,TH,THA,https://botany.dnp.go.th/eflora/floraspecies.html?tdcode=00635,Forest Herbarium,All rights reserved,"Bauhinia hirsuta. Flora of Thailand. Vol. 4. Part 1, 1984. Pg. 13. Accessed 2021-07-31",4,1
wfo-0000196986,ver-THA-0000196986.02,wung-phu (วุ้งพู)(Karen-Northern),0.0,ref-THA-0000196986,TH,THA,https://botany.dnp.go.th/eflora/floraspecies.html?tdcode=00635,Forest Herbarium,All rights reserved,"Bauhinia hirsuta. Flora of Thailand. Vol. 4. Part 1, 1984. Pg. 13. Accessed 2021-07-31",4,1
wfo-0000199522,ver-THA-0000199522.01,chongkho yan (ชงโคยาน)(Peninsular),0.0,ref-THA-0000199522,TH,THA,https://botany.dnp.go.th/eflora/floraspecies.html?tdcode=00668,Forest Herbarium,All rights reserved,"Bauhinia integrifolia. Flora of Thailand. Vol. 4. Part 1, 1984. Pg. 38. Accessed 2021-07-31",4,1
wfo-0000199522,ver-THA-0000199522.02,cliingkho yan (ชิงโคย่าน)(Peninsular),0.0,ref-THA-0000199522,TH,THA,https://botany.dnp.go.th/eflora/floraspecies.html?tdcode=00668,Forest Herbarium,All rights reserved,"Bauhinia integrifolia. Flora of Thailand. Vol. 4. Part 1, 1984. Pg. 38. Accessed 2021-07-31",4,1
wfo-0000199522,ver-THA-0000199522.03,po ling (ปอลิง)(Peninsular),0.0,ref-THA-0000199522,TH,THA,https://botany.dnp.go.th/eflora/floraspecies.html?tdcode=00668,Forest Herbarium,All rights reserved,"Bauhinia integrifolia. Flora of Thailand. Vol. 4. Part 1, 1984. Pg. 38. Accessed 2021-07-31",4,1
wfo-0000199522,ver-THA-0000199522.04,lep khwai yai (เล็บควายใหญ่)(Peninsular),0.0,ref-THA-0000199522,TH,THA,https://botany.dnp.go.th/eflora/floraspecies.html?tdcode=00668,Forest Herbarium,All rights reserved,"Bauhinia integrifolia. Flora of Thailand. Vol. 4. Part 1, 1984. Pg. 38. Accessed 2021-07-31",4,1
wfo-0000199522,ver-THA-0000199522.05,thao fai (เถาไฟ)(Central),0.0,ref-THA-0000199522,TH,THA,https://botany.dnp.go.th/eflora/floraspecies.html?tdcode=00668,Forest Herbarium,All rights reserved,"Bauhinia integrifolia. Flora of Thailand. Vol. 4. Part 1, 1984. Pg. 38. Accessed 2021-07-31",4,1
wfo-0000199522,ver-THA-0000199522.06,yothaka (โยทะกา)(Central),0.0,ref-THA-0000199522,TH,THA,https://botany.dnp.go.th/eflora/floraspecies.html?tdcode=00668,Forest Herbarium,All rights reserved,"Bauhinia integrifolia. Flora of Thailand. Vol. 4. Part 1, 1984. Pg. 38. Accessed 2021-07-31",4,1
wfo-0000199526,ver-THA-0000199526.01,"salaeng phan (แสลงพัน)(Central, Southwestern)",0.0,ref-THA-0000199526,TH,THA,https://botany.dnp.go.th/eflora/floraspecies.html?tdcode=00666,Forest Herbarium,All rights reserved,"Bauhinia involucellata. Flora of Thailand. Vol. 4. Part 1, 1984. Pg. 37. Accessed 2021-07-31",4,1
wfo-0000199533,ver-THA-0000199533.01,som sieo thao (ส้มเสี้ยวเถา)(Northeastern),0.0,ref-THA-0000199533,TH,THA,https://botany.dnp.go.th/eflora/floraspecies.html?tdcode=00669,Forest Herbarium,All rights reserved,"Bauhinia lakhonensis. Flora of Thailand. Vol. 4. Part 1, 1984. Pg. 40. Accessed 2021-07-31",4,1
wfo-0000199536,ver-THA-0000199536.01,khang kho (คังโค)(Southwestern),0.0,ref-THA-0000199536,TH,THA,https://botany.dnp.go.th/eflora/floraspecies.html?tdcode=00642,Forest Herbarium,All rights reserved,"Bauhinia malabarica. Flora of Thailand. Vol. 4. Part 1, 1984. Pg. 19. Accessed 2021-07-31",4,1
wfo-0000199536,ver-THA-0000199536.02,daengkho (แดงโค)(Central),0.0,ref-THA-0000199536,TH,THA,https://botany.dnp.go.th/eflora/floraspecies.html?tdcode=00642,Forest Herbarium,All rights reserved,"Bauhinia malabarica. Flora of Thailand. Vol. 4. Part 1, 1984. Pg. 19. Accessed 2021-07-31",4,1
wfo-0000199536,ver-THA-0000199536.03,sieo som (เสี้ยวส้ม)(Eastern),0.0,ref-THA-0000199536,TH,THA,https://botany.dnp.go.th/eflora/floraspecies.html?tdcode=00642,Forest Herbarium,All rights reserved,"Bauhinia malabarica. Flora of Thailand. Vol. 4. Part 1, 1984. Pg. 19. Accessed 2021-07-31",4,1
wfo-0000199536,ver-THA-0000199536.04,sieo yai (เสี้ยวใหญ่)(Southeastern),0.0,ref-THA-0000199536,TH,THA,https://botany.dnp.go.th/eflora/floraspecies.html?tdcode=00642,Forest Herbarium,All rights reserved,"Bauhinia malabarica. Flora of Thailand. Vol. 4. Part 1, 1984. Pg. 19. Accessed 2021-07-31",4,1
wfo-0000199536,ver-THA-0000199536.05,pam (ป้าม)(Suai-Eastern),0.0,ref-THA-0000199536,TH,THA,https://botany.dnp.go.th/eflora/floraspecies.html?tdcode=00642,Forest Herbarium,All rights reserved,"Bauhinia malabarica. Flora of Thailand. Vol. 4. Part 1, 1984. Pg. 19. Accessed 2021-07-31",4,1
wfo-0000213034,ver-THA-0000213034.01,chongkho (จงโค)(Central),0.0,ref-THA-0000213034,TH,THA,https://botany.dnp.go.th/eflora/floraspecies.html?tdcode=00625,Forest Herbarium,All rights reserved,"Bauhinia monandra. Flora of Thailand. Vol. 4. Part 1, 1984. Pg. 6. Accessed 2021-07-31",4,1
wfo-0000213034,ver-THA-0000213034.02,yothaka (โยทะกา)(Central),0.0,ref-THA-0000213034,TH,THA,https://botany.dnp.go.th/eflora/floraspecies.html?tdcode=00625,Forest Herbarium,All rights reserved,"Bauhinia monandra. Flora of Thailand. Vol. 4. Part 1, 1984. Pg. 6. Accessed 2021-07-31",4,1
wfo-0001388117,ver-THA-0001388117.01,po kian (ปอเกี๋ยน)(Northern),0.0,ref-THA-0001388117,TH,THA,https://botany.dnp.go.th/eflora/florainfra.html?tdcode=00675,Forest Herbarium,All rights reserved,"Bauhinia ornata burmanica. Flora of Thailand. Vol. 4. Part 1, 1984. Pg. 43. Accessed 2021-07-31",4,1
wfo-0000197084,ver-THA-0000197084.01,kho khlan (โคคลาน)(Southwestern),0.0,ref-THA-0000197084,TH,THA,https://botany.dnp.go.th/eflora/florainfra.html?tdcode=00674,Forest Herbarium,All rights reserved,"Bauhinia ornata kerrii. Flora of Thailand. Vol. 4. Part 1, 1984. Pg. 42. Accessed 2021-07-31",4,1
wfo-0000197084,ver-THA-0000197084.02,po mung (ปอมุ้ง)(Northern),0.0,ref-THA-0000197084,TH,THA,https://botany.dnp.go.th/eflora/florainfra.html?tdcode=00674,Forest Herbarium,All rights reserved,"Bauhinia ornata kerrii. Flora of Thailand. Vol. 4. Part 1, 1984. Pg. 42. Accessed 2021-07-31",4,1
wfo-0000197084,ver-THA-0000197084.03,salaengphan daeng (แสลงพันแดง)(Northeastern),0.0,ref-THA-0000197084,TH,THA,https://botany.dnp.go.th/eflora/florainfra.html?tdcode=00674,Forest Herbarium,All rights reserved,"Bauhinia ornata kerrii. Flora of Thailand. Vol. 4. Part 1, 1984. Pg. 42. Accessed 2021-07-31",4,1
wfo-0000199554,ver-THA-0000199554.01,sieo daeng (เสี้ยวแดง)(Northeastern),0.0,ref-THA-0000199554,TH,THA,https://botany.dnp.go.th/eflora/floraspecies.html?tdcode=00661,Forest Herbarium,All rights reserved,"Bauhinia penicilliloba. Flora of Thailand. Vol. 4. Part 1, 1984. Pg. 33. Accessed 2021-07-31",4,1
wfo-0000199563,ver-THA-0000199563.01,chongkho (ชงโค)(Southeastern),0.0,ref-THA-0000199563,TH,THA,https://botany.dnp.go.th/eflora/florainfra.html?tdcode=00632,Forest Herbarium,All rights reserved,"Bauhinia pottsii decipiens. Flora of Thailand. Vol. 4. Part 1, 1984. Pg. 11. Accessed 2021-07-31",4,1
wfo-0000199558,ver-THA-0000199558.01,chongkho dam (ชงโคดำ)(Peninsular),0.0,ref-THA-0000199558,TH,THA,https://botany.dnp.go.th/eflora/florainfra.html?tdcode=00628,Forest Herbarium,All rights reserved,"Bauhinia pottsii pottsii. Flora of Thailand. Vol. 4. Part 1, 1984. Pg. 9. Accessed 2021-07-31",4,1
wfo-0000199568,ver-THA-0000199568.01,chongkho khao (ชงโคขาว)(Central),0.0,ref-THA-0000199568,TH,THA,https://botany.dnp.go.th/eflora/florainfra.html?tdcode=00631,Forest Herbarium,All rights reserved,"Bauhinia pottsii subsessilis. Flora of Thailand. Vol. 4. Part 1, 1984. Pg. 10. Accessed 2021-07-31",4,1
wfo-0000199570,ver-THA-0000199570.01,chongkho (ชงโค)(Peninsular),0.0,ref-THA-0000199570,TH,THA,https://botany.dnp.go.th/eflora/florainfra.html?tdcode=00629,Forest Herbarium,All rights reserved,"Bauhinia pottsii velutina. Flora of Thailand. Vol. 4. Part 1, 1984. Pg. 10. Accessed 2021-07-31",4,1
wfo-0000199575,ver-THA-0000199575.01,salaeng phan thao(แสลงพันเถา),0.0,ref-THA-0000199575,TH,THA,https://botany.dnp.go.th/eflora/floraspecies.html?tdcode=00662,Forest Herbarium,All rights reserved,"Bauhinia pulla. Flora of Thailand. Vol. 4. Part 1, 1984. Pg. 33. Accessed 2021-07-31",4,1
wfo-0000199575,ver-THA-0000199575.02,kalong (กาหลง)(Northern),0.0,ref-THA-0000199575,TH,THA,https://botany.dnp.go.th/eflora/floraspecies.html?tdcode=00662,Forest Herbarium,All rights reserved,"Bauhinia pulla. Flora of Thailand. Vol. 4. Part 1, 1984. Pg. 33. Accessed 2021-07-31",4,1
wfo-0000199575,ver-THA-0000199575.03,salaeng phan (แสลงพัน)(Eastern),0.0,ref-THA-0000199575,TH,THA,https://botany.dnp.go.th/eflora/floraspecies.html?tdcode=00662,Forest Herbarium,All rights reserved,"Bauhinia pulla. Flora of Thailand. Vol. 4. Part 1, 1984. Pg. 33. Accessed 2021-07-31",4,1
wfo-0000213155,ver-THA-0000213155.01,sieo (เสี้ยว)(Northem),0.0,ref-THA-0000213155,TH,THA,https://botany.dnp.go.th/eflora/floraspecies.html?tdcode=00626,Forest Herbarium,All rights reserved,"Bauhinia purpurea. Flora of Thailand. Vol. 4. Part 1, 1984. Pg. 7. Accessed 2021-07-31",4,1
wfo-0000213155,ver-THA-0000213155.02,sieo dok daeng (เสี้ยวดอกแดง)(Northem),0.0,ref-THA-0000213155,TH,THA,https://botany.dnp.go.th/eflora/floraspecies.html?tdcode=00626,Forest Herbarium,All rights reserved,"Bauhinia purpurea. Flora of Thailand. Vol. 4. Part 1, 1984. Pg. 7. Accessed 2021-07-31",4,1
wfo-0000213155,ver-THA-0000213155.03,sieo wan (เสี้ยวหวาน)(Northem),0.0,ref-THA-0000213155,TH,THA,https://botany.dnp.go.th/eflora/floraspecies.html?tdcode=00626,Forest Herbarium,All rights reserved,"Bauhinia purpurea. Flora of Thailand. Vol. 4. Part 1, 1984. Pg. 7. Accessed 2021-07-31",4,1
wfo-0000213155,ver-THA-0000213155.04,kahoe (กะเฮอ)(Karen-Northern),0.0,ref-THA-0000213155,TH,THA,https://botany.dnp.go.th/eflora/floraspecies.html?tdcode=00626,Forest Herbarium,All rights reserved,"Bauhinia purpurea. Flora of Thailand. Vol. 4. Part 1, 1984. Pg. 7. Accessed 2021-07-31",4,1
wfo-0000213155,ver-THA-0000213155.05,sapesi (สะเปซี)(Karen-Northern),0.0,ref-THA-0000213155,TH,THA,https://botany.dnp.go.th/eflora/floraspecies.html?tdcode=00626,Forest Herbarium,All rights reserved,"Bauhinia purpurea. Flora of Thailand. Vol. 4. Part 1, 1984. Pg. 7. Accessed 2021-07-31",4,1
wfo-0000213166,ver-THA-0000213166.01,chongkho na(ชงโคนา)(Southwestern),0.0,ref-THA-0000213166,TH,THA,https://botany.dnp.go.th/eflora/floraspecies.html?tdcode=00637,Forest Herbarium,All rights reserved,"Bauhinia racemosa. Flora of Thailand. Vol. 4. Part 1, 1984. Pg. 14. Accessed 2021-07-31",4,1
wfo-0000213166,ver-THA-0000213166.02,chongkho bai lek (ชงโคใบเล็ก)(Southwestern),0.0,ref-THA-0000213166,TH,THA,https://botany.dnp.go.th/eflora/floraspecies.html?tdcode=00637,Forest Herbarium,All rights reserved,"Bauhinia racemosa. Flora of Thailand. Vol. 4. Part 1, 1984. Pg. 14. Accessed 2021-07-31",4,1
wfo-0000213166,ver-THA-0000213166.03,chongkho khikai (ชงโคขี้ไก่)(Southwestern),0.0,ref-THA-0000213166,TH,THA,https://botany.dnp.go.th/eflora/floraspecies.html?tdcode=00637,Forest Herbarium,All rights reserved,"Bauhinia racemosa. Flora of Thailand. Vol. 4. Part 1, 1984. Pg. 14. Accessed 2021-07-31",4,1
wfo-0000213166,ver-THA-0000213166.04,sieo (dim)(Northern),0.0,ref-THA-0000213166,TH,THA,https://botany.dnp.go.th/eflora/floraspecies.html?tdcode=00637,Forest Herbarium,All rights reserved,"Bauhinia racemosa. Flora of Thailand. Vol. 4. Part 1, 1984. Pg. 14. Accessed 2021-07-31",4,1
wfo-0000213166,ver-THA-0000213166.05,sieo yai (เสี้ยวใหญ่)(Southeastern),0.0,ref-THA-0000213166,TH,THA,https://botany.dnp.go.th/eflora/floraspecies.html?tdcode=00637,Forest Herbarium,All rights reserved,"Bauhinia racemosa. Flora of Thailand. Vol. 4. Part 1, 1984. Pg. 14. Accessed 2021-07-31",4,1
wfo-0000199581,ver-THA-0000199581.01,sieo pa (เสี้ยวป่า)(Northern),0.0,ref-THA-0000199581,TH,THA,https://botany.dnp.go.th/eflora/floraspecies.html?tdcode=00644,Forest Herbarium,All rights reserved,"Bauhinia saccocalyx. Flora of Thailand. Vol. 4. Part 1, 1984. Pg. 20. Accessed 2021-07-31",4,1
wfo-0000199581,ver-THA-0000199581.02,sieo khrua (เสี้ยวเครือ)(Northern),0.0,ref-THA-0000199581,TH,THA,https://botany.dnp.go.th/eflora/floraspecies.html?tdcode=00644,Forest Herbarium,All rights reserved,"Bauhinia saccocalyx. Flora of Thailand. Vol. 4. Part 1, 1984. Pg. 20. Accessed 2021-07-31",4,1
wfo-0000199581,ver-THA-0000199581.03,chongkho (ชงโค)(Southwestern),0.0,ref-THA-0000199581,TH,THA,https://botany.dnp.go.th/eflora/floraspecies.html?tdcode=00644,Forest Herbarium,All rights reserved,"Bauhinia saccocalyx. Flora of Thailand. Vol. 4. Part 1, 1984. Pg. 20. Accessed 2021-07-31",4,1
wfo-0000199592,ver-THA-0000199592.01,salaeng phan kraduk (แสลงพันกระดูก)(Southwestern),0.0,ref-THA-0000199592,TH,THA,https://botany.dnp.go.th/eflora/floraspecies.html?tdcode=00667,Forest Herbarium,All rights reserved,"Bauhinia similis. Flora of Thailand. Vol. 4. Part 1, 1984. Pg. 37. Accessed 2021-07-31",4,1
wfo-0000199594,ver-THA-0000199594.01,khayan (ขยัน)(Northern),0.0,ref-THA-0000199594,TH,THA,https://botany.dnp.go.th/eflora/floraspecies.html?tdcode=00650,Forest Herbarium,All rights reserved,"Bauhinia strychnifolia. Flora of Thailand. Vol. 4. Part 1, 1984. Pg. 24. Accessed 2021-07-31",4,1
wfo-0000199594,ver-THA-0000199594.02,sayan (สยาน)(Northern),0.0,ref-THA-0000199594,TH,THA,https://botany.dnp.go.th/eflora/floraspecies.html?tdcode=00650,Forest Herbarium,All rights reserved,"Bauhinia strychnifolia. Flora of Thailand. Vol. 4. Part 1, 1984. Pg. 24. Accessed 2021-07-31",4,1
wfo-0000213258,ver-THA-0000213258.01,chongkho dok luang (ชงโคดอกเหลือง)(Central),0.0,ref-THA-0000213258,TH,THA,https://botany.dnp.go.th/eflora/floraspecies.html?tdcode=00636,Forest Herbarium,All rights reserved,"Bauhinia tomentosa. Flora of Thailand. Vol. 4. Part 1, 1984. Pg. 14. Accessed 2021-07-31",4,1
wfo-0000213330,ver-THA-0000213330.01,piang phako (เปียงพะโก)(Northern),0.0,ref-THA-0000213330,TH,THA,https://botany.dnp.go.th/eflora/floraspecies.html?tdcode=00633,Forest Herbarium,All rights reserved,"Bauhinia variegata. Flora of Thailand. Vol. 4. Part 1, 1984. Pg. 11. Accessed 2021-07-31",4,1
wfo-0000213330,ver-THA-0000213330.02,sieo dok khao (เสี้ยวดอกขาว)(Northern),0.0,ref-THA-0000213330,TH,THA,https://botany.dnp.go.th/eflora/floraspecies.html?tdcode=00633,Forest Herbarium,All rights reserved,"Bauhinia variegata. Flora of Thailand. Vol. 4. Part 1, 1984. Pg. 11. Accessed 2021-07-31",4,1
wfo-0000213330,ver-THA-0000213330.03,phophe (โพะเพ่)(Karen-Southwestern),0.0,ref-THA-0000213330,TH,THA,https://botany.dnp.go.th/eflora/floraspecies.html?tdcode=00633,Forest Herbarium,All rights reserved,"Bauhinia variegata. Flora of Thailand. Vol. 4. Part 1, 1984. Pg. 11. Accessed 2021-07-31",4,1
wfo-0001388119,ver-THA-0001388119.01,kalong khao (กาหลงเขา)(Southwestern),0.0,ref-THA-0001388119,TH,THA,https://botany.dnp.go.th/eflora/florainfra.html?tdcode=00640,Forest Herbarium,All rights reserved,"Bauhinia viridescens hirsuta. Flora of Thailand. Vol. 4. Part 1, 1984. Pg. 17. Accessed 2021-07-31",4,1
wfo-0000196995,ver-THA-0000196995.01,som Sieo noi (ส้มเสี้ยวน้อย)(Southeastern),0.0,ref-THA-0000196995,TH,THA,https://botany.dnp.go.th/eflora/florainfra.html?tdcode=00639,Forest Herbarium,All rights reserved,"Bauhinia viridescens viridescens. Flora of Thailand. Vol. 4. Part 1, 1984. Pg. 16. Accessed 2021-07-31",4,1
wfo-0000196995,ver-THA-0000196995.02,som sieo bai bang (ส้มเสี้ยวใบบาง)(Southwestern),0.0,ref-THA-0000196995,TH,THA,https://botany.dnp.go.th/eflora/florainfra.html?tdcode=00639,Forest Herbarium,All rights reserved,"Bauhinia viridescens viridescens. Flora of Thailand. Vol. 4. Part 1, 1984. Pg. 16. Accessed 2021-07-31",4,1
wfo-0000196995,ver-THA-0000196995.03,sieo fom (เสี้ยวฟ่อม)(Northern),0.0,ref-THA-0000196995,TH,THA,https://botany.dnp.go.th/eflora/florainfra.html?tdcode=00639,Forest Herbarium,All rights reserved,"Bauhinia viridescens viridescens. Flora of Thailand. Vol. 4. Part 1, 1984. Pg. 16. Accessed 2021-07-31",4,1
wfo-0000199604,ver-THA-0000199604.01,khiu nang (คิ้วนาง)(Central),0.0,ref-THA-0000199604,TH,THA,https://botany.dnp.go.th/eflora/floraspecies.html?tdcode=00645,Forest Herbarium,All rights reserved,"Bauhinia winitii. Flora of Thailand. Vol. 4. Part 1, 1984. Pg. 21. Accessed 2021-07-31",4,1
wfo-0000199604,ver-THA-0000199604.02,oraphim (อรพิม)(Central),0.0,ref-THA-0000199604,TH,THA,https://botany.dnp.go.th/eflora/floraspecies.html?tdcode=00645,Forest Herbarium,All rights reserved,"Bauhinia winitii. Flora of Thailand. Vol. 4. Part 1, 1984. Pg. 21. Accessed 2021-07-31",4,1
wfo-0000197050,ver-THA-0000197050.01,sieo phae (เสี้ยวแพะ)(Northern),0.0,ref-THA-0000197050,TH,THA,https://botany.dnp.go.th/eflora/floraspecies.html?tdcode=00646,Forest Herbarium,All rights reserved,"Bauhinia yunnanensis. Flora of Thailand. Vol. 4. Part 1, 1984. Pg. 22. Accessed 2021-07-31",4,1
wfo-0000197050,ver-THA-0000197050.02,klet pla mong (เกล็ดปลามง)(Shan-Northen),0.0,ref-THA-0000197050,TH,THA,https://botany.dnp.go.th/eflora/floraspecies.html?tdcode=00646,Forest Herbarium,All rights reserved,"Bauhinia yunnanensis. Flora of Thailand. Vol. 4. Part 1, 1984. Pg. 22. Accessed 2021-07-31",4,1
wfo-0000186378,ver-THA-0000186378.01,ngai daeng (ง้ายแดง)(Peninsular),0.0,ref-THA-0000186378,TH,THA,https://botany.dnp.go.th/eflora/floraspecies.html?tdcode=00715,Forest Herbarium,All rights reserved,"Caesalpinia andamanica. Flora of Thailand. Vol. 4. Part 1, 1984. Pg. 79. Accessed 2021-07-31",4,1
wfo-0000186378,ver-THA-0000186378.02,ngai yai (ง้ายใหญ่)(Peninsular),0.0,ref-THA-0000186378,TH,THA,https://botany.dnp.go.th/eflora/floraspecies.html?tdcode=00715,Forest Herbarium,All rights reserved,"Caesalpinia andamanica. Flora of Thailand. Vol. 4. Part 1, 1984. Pg. 79. Accessed 2021-07-31",4,1
wfo-0000186378,ver-THA-0000186378.03,sawat (สวาด)(Peninsular),0.0,ref-THA-0000186378,TH,THA,https://botany.dnp.go.th/eflora/floraspecies.html?tdcode=00715,Forest Herbarium,All rights reserved,"Caesalpinia andamanica. Flora of Thailand. Vol. 4. Part 1, 1984. Pg. 79. Accessed 2021-07-31",4,1
wfo-0000214186,ver-THA-0000214186.01,"ba khi haet(บ่าขี้แฮด, มะกาเลง) Northern)",0.0,ref-THA-0000214186,TH,THA,https://botany.dnp.go.th/eflora/floraspecies.html?tdcode=00708,Forest Herbarium,All rights reserved,"Caesalpinia bonduc. Flora of Thailand. Vol. 4. Part 1, 1984. Pg. 72. Accessed 2021-07-31",4,1
wfo-0000214186,ver-THA-0000214186.02,"ma kaleng(บ่าขี้แฮด, มะกาเลง) Northern)",0.0,ref-THA-0000214186,TH,THA,https://botany.dnp.go.th/eflora/floraspecies.html?tdcode=00708,Forest Herbarium,All rights reserved,"Caesalpinia bonduc. Flora of Thailand. Vol. 4. Part 1, 1984. Pg. 72. Accessed 2021-07-31",4,1
wfo-0000214186,ver-THA-0000214186.03,sawat (สวาด)(Central),0.0,ref-THA-0000214186,TH,THA,https://botany.dnp.go.th/eflora/floraspecies.html?tdcode=00708,Forest Herbarium,All rights reserved,"Caesalpinia bonduc. Flora of Thailand. Vol. 4. Part 1, 1984. Pg. 72. Accessed 2021-07-31",4,1
wfo-0000214186,ver-THA-0000214186.04,da-mat (ดามัด)(Malay-Penimular),0.0,ref-THA-0000214186,TH,THA,https://botany.dnp.go.th/eflora/floraspecies.html?tdcode=00708,Forest Herbarium,All rights reserved,"Caesalpinia bonduc. Flora of Thailand. Vol. 4. Part 1, 1984. Pg. 72. Accessed 2021-07-31",4,1
wfo-0000164573,ver-THA-0000164573.01,the phi (เทพี)(Peninsular),0.0,ref-THA-0000164573,TH,THA,https://botany.dnp.go.th/eflora/floraspecies.html?tdcode=00707,Forest Herbarium,All rights reserved,"Caesalpinia crista. Flora of Thailand. Vol. 4. Part 1, 1984. Pg. 70. Accessed 2021-07-31",4,1
wfo-0000187461,ver-THA-0000187461.01,kamchai (กำจาย)(Northern),0.0,ref-THA-0000187461,TH,THA,https://botany.dnp.go.th/eflora/floraspecies.html?tdcode=00717,Forest Herbarium,All rights reserved,"Caesalpinia cucullata. Flora of Thailand. Vol. 4. Part 1, 1984. Pg. 82. Accessed 2021-07-31",4,1
wfo-0000187461,ver-THA-0000187461.02,nam chan (หนามจั่น)(Northern),0.0,ref-THA-0000187461,TH,THA,https://botany.dnp.go.th/eflora/floraspecies.html?tdcode=00717,Forest Herbarium,All rights reserved,"Caesalpinia cucullata. Flora of Thailand. Vol. 4. Part 1, 1984. Pg. 82. Accessed 2021-07-31",4,1
wfo-0000187461,ver-THA-0000187461.03,nam kha (หนามค่า)(Northeastern),0.0,ref-THA-0000187461,TH,THA,https://botany.dnp.go.th/eflora/floraspecies.html?tdcode=00717,Forest Herbarium,All rights reserved,"Caesalpinia cucullata. Flora of Thailand. Vol. 4. Part 1, 1984. Pg. 82. Accessed 2021-07-31",4,1
wfo-0000187461,ver-THA-0000187461.04,wan thalueng yai (วัลล์ทะลึงใหญ่)(Eastern),0.0,ref-THA-0000187461,TH,THA,https://botany.dnp.go.th/eflora/floraspecies.html?tdcode=00717,Forest Herbarium,All rights reserved,"Caesalpinia cucullata. Flora of Thailand. Vol. 4. Part 1, 1984. Pg. 82. Accessed 2021-07-31",4,1
wfo-0000187461,ver-THA-0000187461.05,nam khong (หนามโค้ง)(Central),0.0,ref-THA-0000187461,TH,THA,https://botany.dnp.go.th/eflora/floraspecies.html?tdcode=00717,Forest Herbarium,All rights reserved,"Caesalpinia cucullata. Flora of Thailand. Vol. 4. Part 1, 1984. Pg. 82. Accessed 2021-07-31",4,1
wfo-0000187461,ver-THA-0000187461.06,nam chai (หนามจาย)(Central),0.0,ref-THA-0000187461,TH,THA,https://botany.dnp.go.th/eflora/floraspecies.html?tdcode=00717,Forest Herbarium,All rights reserved,"Caesalpinia cucullata. Flora of Thailand. Vol. 4. Part 1, 1984. Pg. 82. Accessed 2021-07-31",4,1
wfo-0000187461,ver-THA-0000187461.07,khi raet (ขี้แรด)(Southwestern),0.0,ref-THA-0000187461,TH,THA,https://botany.dnp.go.th/eflora/floraspecies.html?tdcode=00717,Forest Herbarium,All rights reserved,"Caesalpinia cucullata. Flora of Thailand. Vol. 4. Part 1, 1984. Pg. 82. Accessed 2021-07-31",4,1
wfo-0000214241,ver-THA-0000214241.01,kamchai (กำจาย)(Central),0.0,ref-THA-0000214241,TH,THA,https://botany.dnp.go.th/eflora/floraspecies.html?tdcode=00703,Forest Herbarium,All rights reserved,"Caesalpinia decapetala. Flora of Thailand. Vol. 4. Part 1, 1984. Pg. 67. Accessed 2021-07-31",4,1
wfo-0000214253,ver-THA-0000214253.01,kamchai (กำจาย)(General),0.0,ref-THA-0000214253,TH,THA,https://botany.dnp.go.th/eflora/floraspecies.html?tdcode=00711,Forest Herbarium,All rights reserved,"Caesalpinia digyna. Flora of Thailand. Vol. 4. Part 1, 1984. Pg. 75. Accessed 2021-07-31",4,1
wfo-0000214253,ver-THA-0000214253.02,nam chai (หนามจาย)(Northern),0.0,ref-THA-0000214253,TH,THA,https://botany.dnp.go.th/eflora/floraspecies.html?tdcode=00711,Forest Herbarium,All rights reserved,"Caesalpinia digyna. Flora of Thailand. Vol. 4. Part 1, 1984. Pg. 75. Accessed 2021-07-31",4,1
wfo-0000214253,ver-THA-0000214253.03,ba ben (บ่าเบน)(Northern),0.0,ref-THA-0000214253,TH,THA,https://botany.dnp.go.th/eflora/floraspecies.html?tdcode=00711,Forest Herbarium,All rights reserved,"Caesalpinia digyna. Flora of Thailand. Vol. 4. Part 1, 1984. Pg. 75. Accessed 2021-07-31",4,1
wfo-0000214253,ver-THA-0000214253.04,khi khak (ขี้คาก)(Northern),0.0,ref-THA-0000214253,TH,THA,https://botany.dnp.go.th/eflora/floraspecies.html?tdcode=00711,Forest Herbarium,All rights reserved,"Caesalpinia digyna. Flora of Thailand. Vol. 4. Part 1, 1984. Pg. 75. Accessed 2021-07-31",4,1
wfo-0000214253,ver-THA-0000214253.05,ma nam chai (มะหนามจาย)(Northern),0.0,ref-THA-0000214253,TH,THA,https://botany.dnp.go.th/eflora/floraspecies.html?tdcode=00711,Forest Herbarium,All rights reserved,"Caesalpinia digyna. Flora of Thailand. Vol. 4. Part 1, 1984. Pg. 75. Accessed 2021-07-31",4,1
wfo-0000214253,ver-THA-0000214253.06,nam han (หนามหัน)(Southwestern),0.0,ref-THA-0000214253,TH,THA,https://botany.dnp.go.th/eflora/floraspecies.html?tdcode=00711,Forest Herbarium,All rights reserved,"Caesalpinia digyna. Flora of Thailand. Vol. 4. Part 1, 1984. Pg. 75. Accessed 2021-07-31",4,1
wfo-0000214253,ver-THA-0000214253.07,nam daeng (หนามแดง)(Southwestern),0.0,ref-THA-0000214253,TH,THA,https://botany.dnp.go.th/eflora/floraspecies.html?tdcode=00711,Forest Herbarium,All rights reserved,"Caesalpinia digyna. Flora of Thailand. Vol. 4. Part 1, 1984. Pg. 75. Accessed 2021-07-31",4,1
wfo-0000214253,ver-THA-0000214253.08,khi raet (ขี้แรด)(Southwestern),0.0,ref-THA-0000214253,TH,THA,https://botany.dnp.go.th/eflora/floraspecies.html?tdcode=00711,Forest Herbarium,All rights reserved,"Caesalpinia digyna. Flora of Thailand. Vol. 4. Part 1, 1984. Pg. 75. Accessed 2021-07-31",4,1
wfo-0000214253,ver-THA-0000214253.09,ching chai (จิงจาย)(Peninsular),0.0,ref-THA-0000214253,TH,THA,https://botany.dnp.go.th/eflora/floraspecies.html?tdcode=00711,Forest Herbarium,All rights reserved,"Caesalpinia digyna. Flora of Thailand. Vol. 4. Part 1, 1984. Pg. 75. Accessed 2021-07-31",4,1
wfo-0000214253,ver-THA-0000214253.10,ngai (งาย) hai (ฮาย)(Peninsular),0.0,ref-THA-0000214253,TH,THA,https://botany.dnp.go.th/eflora/floraspecies.html?tdcode=00711,Forest Herbarium,All rights reserved,"Caesalpinia digyna. Flora of Thailand. Vol. 4. Part 1, 1984. Pg. 75. Accessed 2021-07-31",4,1
wfo-0000214253,ver-THA-0000214253.11,hai pun (ฮายปูน)(Peninsular),0.0,ref-THA-0000214253,TH,THA,https://botany.dnp.go.th/eflora/floraspecies.html?tdcode=00711,Forest Herbarium,All rights reserved,"Caesalpinia digyna. Flora of Thailand. Vol. 4. Part 1, 1984. Pg. 75. Accessed 2021-07-31",4,1
wfo-0000214253,ver-THA-0000214253.12,ta-lu-mae (ตาลู่แม้)(Karen-Northem),0.0,ref-THA-0000214253,TH,THA,https://botany.dnp.go.th/eflora/floraspecies.html?tdcode=00711,Forest Herbarium,All rights reserved,"Caesalpinia digyna. Flora of Thailand. Vol. 4. Part 1, 1984. Pg. 75. Accessed 2021-07-31",4,1
wfo-0000214253,ver-THA-0000214253.13,sue-ki-pho (สื่อกีพอ)(Karen-Northem),0.0,ref-THA-0000214253,TH,THA,https://botany.dnp.go.th/eflora/floraspecies.html?tdcode=00711,Forest Herbarium,All rights reserved,"Caesalpinia digyna. Flora of Thailand. Vol. 4. Part 1, 1984. Pg. 75. Accessed 2021-07-31",4,1
wfo-0000196960,ver-THA-0000196960.01,khi raet yai (ขี้แรดใหญ่)(Southwestern),0.0,ref-THA-0000196960,TH,THA,https://botany.dnp.go.th/eflora/floraspecies.html?tdcode=00713,Forest Herbarium,All rights reserved,"Caesalpinia enneaphylla. Flora of Thailand. Vol. 4. Part 1, 1984. Pg. 77. Accessed 2021-07-31",4,1
wfo-0000196960,ver-THA-0000196960.02,kamchai (กำจาย)(Southwestern),0.0,ref-THA-0000196960,TH,THA,https://botany.dnp.go.th/eflora/floraspecies.html?tdcode=00713,Forest Herbarium,All rights reserved,"Caesalpinia enneaphylla. Flora of Thailand. Vol. 4. Part 1, 1984. Pg. 77. Accessed 2021-07-31",4,1
wfo-0000196960,ver-THA-0000196960.03,nam chai (หนามจาย)(Southwestern),0.0,ref-THA-0000196960,TH,THA,https://botany.dnp.go.th/eflora/floraspecies.html?tdcode=00713,Forest Herbarium,All rights reserved,"Caesalpinia enneaphylla. Flora of Thailand. Vol. 4. Part 1, 1984. Pg. 77. Accessed 2021-07-31",4,1
wfo-0000199375,ver-THA-0000199375.01,nuam (นวม)(Northern),0.0,ref-THA-0000199375,TH,THA,https://botany.dnp.go.th/eflora/floraspecies.html?tdcode=00716,Forest Herbarium,All rights reserved,"Caesalpinia furfuracea. Flora of Thailand. Vol. 4. Part 1, 1984. Pg. 80. Accessed 2021-07-31",4,1
wfo-0000199375,ver-THA-0000199375.02,nguam (งวม)(Northern),0.0,ref-THA-0000199375,TH,THA,https://botany.dnp.go.th/eflora/floraspecies.html?tdcode=00716,Forest Herbarium,All rights reserved,"Caesalpinia furfuracea. Flora of Thailand. Vol. 4. Part 1, 1984. Pg. 80. Accessed 2021-07-31",4,1
wfo-0000199375,ver-THA-0000199375.03,pha yuam (พาย่วม)(Northern),0.0,ref-THA-0000199375,TH,THA,https://botany.dnp.go.th/eflora/floraspecies.html?tdcode=00716,Forest Herbarium,All rights reserved,"Caesalpinia furfuracea. Flora of Thailand. Vol. 4. Part 1, 1984. Pg. 80. Accessed 2021-07-31",4,1
wfo-0000199375,ver-THA-0000199375.04,nam kong (หนามโก้ง)(Northern),0.0,ref-THA-0000199375,TH,THA,https://botany.dnp.go.th/eflora/floraspecies.html?tdcode=00716,Forest Herbarium,All rights reserved,"Caesalpinia furfuracea. Flora of Thailand. Vol. 4. Part 1, 1984. Pg. 80. Accessed 2021-07-31",4,1
wfo-0000199378,ver-THA-0000199378.01,fang pik kai (ฝางปีกไก่)(Eastern),0.0,ref-THA-0000199378,TH,THA,https://botany.dnp.go.th/eflora/floraspecies.html?tdcode=00705,Forest Herbarium,All rights reserved,"Caesalpinia godefroyana. Flora of Thailand. Vol. 4. Part 1, 1984. Pg. 69. Accessed 2021-07-31",4,1
wfo-0000199378,ver-THA-0000199378.02,fang ka (ฝางกา)(Eastern),0.0,ref-THA-0000199378,TH,THA,https://botany.dnp.go.th/eflora/floraspecies.html?tdcode=00705,Forest Herbarium,All rights reserved,"Caesalpinia godefroyana. Flora of Thailand. Vol. 4. Part 1, 1984. Pg. 69. Accessed 2021-07-31",4,1
wfo-0000199378,ver-THA-0000199378.03,phang ka (ผังกา)(Eastern),0.0,ref-THA-0000199378,TH,THA,https://botany.dnp.go.th/eflora/floraspecies.html?tdcode=00705,Forest Herbarium,All rights reserved,"Caesalpinia godefroyana. Flora of Thailand. Vol. 4. Part 1, 1984. Pg. 69. Accessed 2021-07-31",4,1
wfo-0000199378,ver-THA-0000199378.04,nam huen nam han (หนามหึนหนามหัน)(Southwestern),0.0,ref-THA-0000199378,TH,THA,https://botany.dnp.go.th/eflora/floraspecies.html?tdcode=00705,Forest Herbarium,All rights reserved,"Caesalpinia godefroyana. Flora of Thailand. Vol. 4. Part 1, 1984. Pg. 69. Accessed 2021-07-31",4,1
wfo-0000199378,ver-THA-0000199378.05,thao ranap nam (เถาระนาบหนาม)(Central),0.0,ref-THA-0000199378,TH,THA,https://botany.dnp.go.th/eflora/floraspecies.html?tdcode=00705,Forest Herbarium,All rights reserved,"Caesalpinia godefroyana. Flora of Thailand. Vol. 4. Part 1, 1984. Pg. 69. Accessed 2021-07-31",4,1
wfo-0000188102,ver-THA-0000188102.01,nam kong (หนามโก๊ง)(Northern),0.0,ref-THA-0000188102,TH,THA,https://botany.dnp.go.th/eflora/floraspecies.html?tdcode=00714,Forest Herbarium,All rights reserved,"Caesalpinia hymenocarpa. Flora of Thailand. Vol. 4. Part 1, 1984. Pg. 79. Accessed 2021-07-31",4,1
wfo-0000188102,ver-THA-0000188102.02,nam chan (หนามจั่น)(Northern),0.0,ref-THA-0000188102,TH,THA,https://botany.dnp.go.th/eflora/floraspecies.html?tdcode=00714,Forest Herbarium,All rights reserved,"Caesalpinia hymenocarpa. Flora of Thailand. Vol. 4. Part 1, 1984. Pg. 79. Accessed 2021-07-31",4,1
wfo-0000188102,ver-THA-0000188102.03,nam bang (หนามปั้ง)(Southeastern),0.0,ref-THA-0000188102,TH,THA,https://botany.dnp.go.th/eflora/floraspecies.html?tdcode=00714,Forest Herbarium,All rights reserved,"Caesalpinia hymenocarpa. Flora of Thailand. Vol. 4. Part 1, 1984. Pg. 79. Accessed 2021-07-31",4,1
wfo-0000188102,ver-THA-0000188102.04,nam chai (หนามจาย)(Southeastern),0.0,ref-THA-0000188102,TH,THA,https://botany.dnp.go.th/eflora/floraspecies.html?tdcode=00714,Forest Herbarium,All rights reserved,"Caesalpinia hymenocarpa. Flora of Thailand. Vol. 4. Part 1, 1984. Pg. 79. Accessed 2021-07-31",4,1
wfo-0000178132,ver-THA-0000178132.01,wat (ว้าด)(Peninsular),0.0,ref-THA-0000178132,TH,THA,https://botany.dnp.go.th/eflora/floraspecies.html?tdcode=00709,Forest Herbarium,All rights reserved,"Caesalpinia major. Flora of Thailand. Vol. 4. Part 1, 1984. Pg. 74. Accessed 2021-07-31",4,1
wfo-0000178132,ver-THA-0000178132.02,wiat (เวียด)(Peninsular),0.0,ref-THA-0000178132,TH,THA,https://botany.dnp.go.th/eflora/floraspecies.html?tdcode=00709,Forest Herbarium,All rights reserved,"Caesalpinia major. Flora of Thailand. Vol. 4. Part 1, 1984. Pg. 74. Accessed 2021-07-31",4,1
wfo-0000178132,ver-THA-0000178132.03,kamchay (กำจาย)(Peninsular),0.0,ref-THA-0000178132,TH,THA,https://botany.dnp.go.th/eflora/floraspecies.html?tdcode=00709,Forest Herbarium,All rights reserved,"Caesalpinia major. Flora of Thailand. Vol. 4. Part 1, 1984. Pg. 74. Accessed 2021-07-31",4,1
wfo-0000196945,ver-THA-0000196945.01,phak pu ya (ผักปู่ย่า)(Northern),0.0,ref-THA-0000196945,TH,THA,https://botany.dnp.go.th/eflora/floraspecies.html?tdcode=00704,Forest Herbarium,All rights reserved,"Caesalpinia mimosoides. Flora of Thailand. Vol. 4. Part 1, 1984. Pg. 67. Accessed 2021-07-31",4,1
wfo-0000196945,ver-THA-0000196945.02,nam pu ya (หนามปู่ย่า)(Northern),0.0,ref-THA-0000196945,TH,THA,https://botany.dnp.go.th/eflora/floraspecies.html?tdcode=00704,Forest Herbarium,All rights reserved,"Caesalpinia mimosoides. Flora of Thailand. Vol. 4. Part 1, 1984. Pg. 67. Accessed 2021-07-31",4,1
wfo-0000196945,ver-THA-0000196945.03,phak khaya (ผักขะยา)(Northeastern),0.0,ref-THA-0000196945,TH,THA,https://botany.dnp.go.th/eflora/floraspecies.html?tdcode=00704,Forest Herbarium,All rights reserved,"Caesalpinia mimosoides. Flora of Thailand. Vol. 4. Part 1, 1984. Pg. 67. Accessed 2021-07-31",4,1
wfo-0000196945,ver-THA-0000196945.04,phak kat ya (ผักกาดหญ้า)(Southeastern),0.0,ref-THA-0000196945,TH,THA,https://botany.dnp.go.th/eflora/floraspecies.html?tdcode=00704,Forest Herbarium,All rights reserved,"Caesalpinia mimosoides. Flora of Thailand. Vol. 4. Part 1, 1984. Pg. 67. Accessed 2021-07-31",4,1
wfo-0000196945,ver-THA-0000196945.05,cha rueat (ช้าเรือด)(Peninsular),0.0,ref-THA-0000196945,TH,THA,https://botany.dnp.go.th/eflora/floraspecies.html?tdcode=00704,Forest Herbarium,All rights reserved,"Caesalpinia mimosoides. Flora of Thailand. Vol. 4. Part 1, 1984. Pg. 67. Accessed 2021-07-31",4,1
wfo-0000185054,ver-THA-0000185054.01,kham phi paeng (คำผีแปง)(Northern),0.0,ref-THA-0000185054,TH,THA,https://botany.dnp.go.th/eflora/floraspecies.html?tdcode=00710,Forest Herbarium,All rights reserved,"Caesalpinia minax. Flora of Thailand. Vol. 4. Part 1, 1984. Pg. 74. Accessed 2021-07-31",4,1
wfo-0000185054,ver-THA-0000185054.02,khi haet (ขี้แฮด)(Northern),0.0,ref-THA-0000185054,TH,THA,https://botany.dnp.go.th/eflora/floraspecies.html?tdcode=00710,Forest Herbarium,All rights reserved,"Caesalpinia minax. Flora of Thailand. Vol. 4. Part 1, 1984. Pg. 74. Accessed 2021-07-31",4,1
wfo-0000185054,ver-THA-0000185054.03,ma dam (มะดำ)(Northern),0.0,ref-THA-0000185054,TH,THA,https://botany.dnp.go.th/eflora/floraspecies.html?tdcode=00710,Forest Herbarium,All rights reserved,"Caesalpinia minax. Flora of Thailand. Vol. 4. Part 1, 1984. Pg. 74. Accessed 2021-07-31",4,1
wfo-0000199396,ver-THA-0000199396.01,wan thalueng (วัลล์ทะลึง)(Eastern),0.0,ref-THA-0000199396,TH,THA,https://botany.dnp.go.th/eflora/floraspecies.html?tdcode=00706,Forest Herbarium,All rights reserved,"Caesalpinia parviflora. Flora of Thailand. Vol. 4. Part 1, 1984. Pg. 70. Accessed 2021-07-31",4,1
wfo-0000199396,ver-THA-0000199396.02,wua thalueng (วัวทะลึง)(Eastern),0.0,ref-THA-0000199396,TH,THA,https://botany.dnp.go.th/eflora/floraspecies.html?tdcode=00706,Forest Herbarium,All rights reserved,"Caesalpinia parviflora. Flora of Thailand. Vol. 4. Part 1, 1984. Pg. 70. Accessed 2021-07-31",4,1
wfo-0000199400,ver-THA-0000199400.01,"kadae (กะแดะ, กาแต๊ะ)(Peninsular)",0.0,ref-THA-0000199400,TH,THA,https://botany.dnp.go.th/eflora/floraspecies.html?tdcode=00712,Forest Herbarium,All rights reserved,"Caesalpinia pubescens. Flora of Thailand. Vol. 4. Part 1, 1984. Pg. 77. Accessed 2021-07-31",4,1
wfo-0000214363,ver-THA-0000214363.01,nok yung thai (นกยูงไทย)(General),0.0,ref-THA-0000214363,TH,THA,https://botany.dnp.go.th/eflora/floraspecies.html?tdcode=00701,Forest Herbarium,All rights reserved,"Caesalpinia pulcherrima. Flora of Thailand. Vol. 4. Part 1, 1984. Pg. 65. Accessed 2021-07-31",4,1
wfo-0000214363,ver-THA-0000214363.02,hang nok yung thai (หางนกยูงไทย)(General),0.0,ref-THA-0000214363,TH,THA,https://botany.dnp.go.th/eflora/floraspecies.html?tdcode=00701,Forest Herbarium,All rights reserved,"Caesalpinia pulcherrima. Flora of Thailand. Vol. 4. Part 1, 1984. Pg. 65. Accessed 2021-07-31",4,1
wfo-0000214363,ver-THA-0000214363.03,champho (จำพอ)(Northern),0.0,ref-THA-0000214363,TH,THA,https://botany.dnp.go.th/eflora/floraspecies.html?tdcode=00701,Forest Herbarium,All rights reserved,"Caesalpinia pulcherrima. Flora of Thailand. Vol. 4. Part 1, 1984. Pg. 65. Accessed 2021-07-31",4,1
wfo-0000214363,ver-THA-0000214363.04,sompho (ซมพอ)(Northern),0.0,ref-THA-0000214363,TH,THA,https://botany.dnp.go.th/eflora/floraspecies.html?tdcode=00701,Forest Herbarium,All rights reserved,"Caesalpinia pulcherrima. Flora of Thailand. Vol. 4. Part 1, 1984. Pg. 65. Accessed 2021-07-31",4,1
wfo-0000214363,ver-THA-0000214363.05,sampho (ซำพอ)(Northern),0.0,ref-THA-0000214363,TH,THA,https://botany.dnp.go.th/eflora/floraspecies.html?tdcode=00701,Forest Herbarium,All rights reserved,"Caesalpinia pulcherrima. Flora of Thailand. Vol. 4. Part 1, 1984. Pg. 65. Accessed 2021-07-31",4,1
wfo-0000214363,ver-THA-0000214363.06,khwang yoi (ขวางยอย)(Eastern),0.0,ref-THA-0000214363,TH,THA,https://botany.dnp.go.th/eflora/floraspecies.html?tdcode=00701,Forest Herbarium,All rights reserved,"Caesalpinia pulcherrima. Flora of Thailand. Vol. 4. Part 1, 1984. Pg. 65. Accessed 2021-07-31",4,1
wfo-0000214363,ver-THA-0000214363.07,nuat maeo (หนวดแมว)(Shan-Northern),0.0,ref-THA-0000214363,TH,THA,https://botany.dnp.go.th/eflora/floraspecies.html?tdcode=00701,Forest Herbarium,All rights reserved,"Caesalpinia pulcherrima. Flora of Thailand. Vol. 4. Part 1, 1984. Pg. 65. Accessed 2021-07-31",4,1
wfo-0000214430,ver-THA-0000214430.01,fang (ฝาง)(General)(Southwestern),0.0,ref-THA-0000214430,TH,THA,https://botany.dnp.go.th/eflora/floraspecies.html?tdcode=00702,Forest Herbarium,All rights reserved,"Caesalpinia sappan. Flora of Thailand. Vol. 4. Part 1, 1984. Pg. 65. Accessed 2021-07-31",4,1
wfo-0000214430,ver-THA-0000214430.02,khwahg (ขวาง)(Southwestern),0.0,ref-THA-0000214430,TH,THA,https://botany.dnp.go.th/eflora/floraspecies.html?tdcode=00702,Forest Herbarium,All rights reserved,"Caesalpinia sappan. Flora of Thailand. Vol. 4. Part 1, 1984. Pg. 65. Accessed 2021-07-31",4,1
wfo-0000214430,ver-THA-0000214430.03,nam khong (หนามโค้ง)(Northern),0.0,ref-THA-0000214430,TH,THA,https://botany.dnp.go.th/eflora/floraspecies.html?tdcode=00702,Forest Herbarium,All rights reserved,"Caesalpinia sappan. Flora of Thailand. Vol. 4. Part 1, 1984. Pg. 65. Accessed 2021-07-31",4,1
wfo-0000214430,ver-THA-0000214430.04,ngai (ง้าย)(Karen-Southwestern),0.0,ref-THA-0000214430,TH,THA,https://botany.dnp.go.th/eflora/floraspecies.html?tdcode=00702,Forest Herbarium,All rights reserved,"Caesalpinia sappan. Flora of Thailand. Vol. 4. Part 1, 1984. Pg. 65. Accessed 2021-07-31",4,1
wfo-0000214708,ver-THA-0000214708.01,ratchaphruk (ราชพฤกษ์)(Northern),0.0,ref-THA-0000214708,TH,THA,https://botany.dnp.go.th/eflora/floraspecies.html?tdcode=00750,Forest Herbarium,All rights reserved,"Cassia agnes. Flora of Thailand. Vol. 4. Part 1, 1984. Pg. 106. Accessed 2021-07-31",4,1
wfo-0000214708,ver-THA-0000214708.02,khi lek (ขี้เหล็ก)(Northern),0.0,ref-THA-0000214708,TH,THA,https://botany.dnp.go.th/eflora/floraspecies.html?tdcode=00750,Forest Herbarium,All rights reserved,"Cassia agnes. Flora of Thailand. Vol. 4. Part 1, 1984. Pg. 106. Accessed 2021-07-31",4,1
wfo-0000214708,ver-THA-0000214708.03,kala paphruk (กัลปพฤกษ์)(Eastern),0.0,ref-THA-0000214708,TH,THA,https://botany.dnp.go.th/eflora/floraspecies.html?tdcode=00750,Forest Herbarium,All rights reserved,"Cassia agnes. Flora of Thailand. Vol. 4. Part 1, 1984. Pg. 106. Accessed 2021-07-31",4,1
wfo-0000214708,ver-THA-0000214708.04,ratchaphruk pa (ราชพฤกษ์ป่า)(South-castern),0.0,ref-THA-0000214708,TH,THA,https://botany.dnp.go.th/eflora/floraspecies.html?tdcode=00750,Forest Herbarium,All rights reserved,"Cassia agnes. Flora of Thailand. Vol. 4. Part 1, 1984. Pg. 106. Accessed 2021-07-31",4,1
wfo-0000214708,ver-THA-0000214708.05,phluak khom (เปลือกขม)(South-castern),0.0,ref-THA-0000214708,TH,THA,https://botany.dnp.go.th/eflora/floraspecies.html?tdcode=00750,Forest Herbarium,All rights reserved,"Cassia agnes. Flora of Thailand. Vol. 4. Part 1, 1984. Pg. 106. Accessed 2021-07-31",4,1
wfo-0000214708,ver-THA-0000214708.06,lak khoei lak klua (ลักเคยลักเกลือ)(Peninsular),0.0,ref-THA-0000214708,TH,THA,https://botany.dnp.go.th/eflora/floraspecies.html?tdcode=00750,Forest Herbarium,All rights reserved,"Cassia agnes. Flora of Thailand. Vol. 4. Part 1, 1984. Pg. 106. Accessed 2021-07-31",4,1
wfo-0000214719,ver-THA-0000214719.01,"khi khak (ขี้คาก)(Central, Peninsular)",0.0,ref-THA-0000214719,TH,THA,https://botany.dnp.go.th/eflora/floraspecies.html?tdcode=00753,Forest Herbarium,All rights reserved,"Cassia alata. Flora of Thailand. Vol. 4. Part 1, 1984. Pg. 108. Accessed 2021-07-31",4,1
wfo-0000214719,ver-THA-0000214719.02,"mak kaling thet (หมากกะลิงเทศ)(Central, Peninsular)",0.0,ref-THA-0000214719,TH,THA,https://botany.dnp.go.th/eflora/floraspecies.html?tdcode=00753,Forest Herbarium,All rights reserved,"Cassia alata. Flora of Thailand. Vol. 4. Part 1, 1984. Pg. 108. Accessed 2021-07-31",4,1
wfo-0000214719,ver-THA-0000214719.03,"lap muen luang(ลับมึงหลวง)(Central, Peninsular)",0.0,ref-THA-0000214719,TH,THA,https://botany.dnp.go.th/eflora/floraspecies.html?tdcode=00753,Forest Herbarium,All rights reserved,"Cassia alata. Flora of Thailand. Vol. 4. Part 1, 1984. Pg. 108. Accessed 2021-07-31",4,1
wfo-0000214719,ver-THA-0000214719.04,"chum het thet (ชุมเห็ดเทศ)(Central, Peninsular)",0.0,ref-THA-0000214719,TH,THA,https://botany.dnp.go.th/eflora/floraspecies.html?tdcode=00753,Forest Herbarium,All rights reserved,"Cassia alata. Flora of Thailand. Vol. 4. Part 1, 1984. Pg. 108. Accessed 2021-07-31",4,1
wfo-0000214719,ver-THA-0000214719.05,ta-si-pho (ตะสีพอ)(Karen-Nortthern),0.0,ref-THA-0000214719,TH,THA,https://botany.dnp.go.th/eflora/floraspecies.html?tdcode=00753,Forest Herbarium,All rights reserved,"Cassia alata. Flora of Thailand. Vol. 4. Part 1, 1984. Pg. 108. Accessed 2021-07-31",4,1
wfo-0000192840,ver-THA-0000192840.01,chaiyaphruk (ชัยพฤกษ์)(Northern),0.0,ref-THA-0000192840,TH,THA,https://botany.dnp.go.th/eflora/floraspecies.html?tdcode=00749,Forest Herbarium,All rights reserved,"Cassia bakeriana. Flora of Thailand. Vol. 4. Part 1, 1984. Pg. 105. Accessed 2021-07-31",4,1
wfo-0000192840,ver-THA-0000192840.02,kalapaphruk (กัลปพฤกษ์)(Central),0.0,ref-THA-0000192840,TH,THA,https://botany.dnp.go.th/eflora/floraspecies.html?tdcode=00749,Forest Herbarium,All rights reserved,"Cassia bakeriana. Flora of Thailand. Vol. 4. Part 1, 1984. Pg. 105. Accessed 2021-07-31",4,1
wfo-0000192840,ver-THA-0000192840.03,kan (กานล์)(Khmer-Eastern),0.0,ref-THA-0000192840,TH,THA,https://botany.dnp.go.th/eflora/floraspecies.html?tdcode=00749,Forest Herbarium,All rights reserved,"Cassia bakeriana. Flora of Thailand. Vol. 4. Part 1, 1984. Pg. 105. Accessed 2021-07-31",4,1
wfo-0000214812,ver-THA-0000214812.01,song klot (ทรงกลด)(Central),0.0,ref-THA-0000214812,TH,THA,https://botany.dnp.go.th/eflora/floraspecies.html?tdcode=00763,Forest Herbarium,All rights reserved,"Cassia bicapsularis. Flora of Thailand. Vol. 4. Part 1, 1984. Pg. 117. Accessed 2021-07-31",4,1
wfo-0000214812,ver-THA-0000214812.02,khi lek india (ขี้เหล็กอินเดีย)(Central),0.0,ref-THA-0000214812,TH,THA,https://botany.dnp.go.th/eflora/floraspecies.html?tdcode=00763,Forest Herbarium,All rights reserved,"Cassia bicapsularis. Flora of Thailand. Vol. 4. Part 1, 1984. Pg. 117. Accessed 2021-07-31",4,1
wfo-0000163802,ver-THA-0000163802.01,lom laeng (ลมแล้ง)(Northern),0.0,ref-THA-0000163802,TH,THA,https://botany.dnp.go.th/eflora/floraspecies.html?tdcode=00747,Forest Herbarium,All rights reserved,"Cassia fistula. Flora of Thailand. Vol. 4. Part 1, 1984. Pg. 103. Accessed 2021-07-31",4,1
wfo-0000163802,ver-THA-0000163802.02,chaiyapruk (ชัยพฤกษ์)(Central),0.0,ref-THA-0000163802,TH,THA,https://botany.dnp.go.th/eflora/floraspecies.html?tdcode=00747,Forest Herbarium,All rights reserved,"Cassia fistula. Flora of Thailand. Vol. 4. Part 1, 1984. Pg. 103. Accessed 2021-07-31",4,1
wfo-0000163802,ver-THA-0000163802.03,ratchaphruk (ราชพฤกษ์)(Central),0.0,ref-THA-0000163802,TH,THA,https://botany.dnp.go.th/eflora/floraspecies.html?tdcode=00747,Forest Herbarium,All rights reserved,"Cassia fistula. Flora of Thailand. Vol. 4. Part 1, 1984. Pg. 103. Accessed 2021-07-31",4,1
wfo-0000163802,ver-THA-0000163802.04,khun (คูน)(Central),0.0,ref-THA-0000163802,TH,THA,https://botany.dnp.go.th/eflora/floraspecies.html?tdcode=00747,Forest Herbarium,All rights reserved,"Cassia fistula. Flora of Thailand. Vol. 4. Part 1, 1984. Pg. 103. Accessed 2021-07-31",4,1
wfo-0000163802,ver-THA-0000163802.05,ratchaphrik (ราชพริก)(Southeastern),0.0,ref-THA-0000163802,TH,THA,https://botany.dnp.go.th/eflora/floraspecies.html?tdcode=00747,Forest Herbarium,All rights reserved,"Cassia fistula. Flora of Thailand. Vol. 4. Part 1, 1984. Pg. 103. Accessed 2021-07-31",4,1
wfo-0000163802,ver-THA-0000163802.06,lak khoei lalc klua (ลักเคยลักเกลือ)(Peninsular),0.0,ref-THA-0000163802,TH,THA,https://botany.dnp.go.th/eflora/floraspecies.html?tdcode=00747,Forest Herbarium,All rights reserved,"Cassia fistula. Flora of Thailand. Vol. 4. Part 1, 1984. Pg. 103. Accessed 2021-07-31",4,1
wfo-0000163802,ver-THA-0000163802.07,poe-so (เปอโซ)(Karen-Northern),0.0,ref-THA-0000163802,TH,THA,https://botany.dnp.go.th/eflora/floraspecies.html?tdcode=00747,Forest Herbarium,All rights reserved,"Cassia fistula. Flora of Thailand. Vol. 4. Part 1, 1984. Pg. 103. Accessed 2021-07-31",4,1
wfo-0000163802,ver-THA-0000163802.08,pue-ya (บึยยะ)(Karen-Northern),0.0,ref-THA-0000163802,TH,THA,https://botany.dnp.go.th/eflora/floraspecies.html?tdcode=00747,Forest Herbarium,All rights reserved,"Cassia fistula. Flora of Thailand. Vol. 4. Part 1, 1984. Pg. 103. Accessed 2021-07-31",4,1
wfo-0000163802,ver-THA-0000163802.09,pu-yo (ปูโย)(Karen-Northern),0.0,ref-THA-0000163802,TH,THA,https://botany.dnp.go.th/eflora/floraspecies.html?tdcode=00747,Forest Herbarium,All rights reserved,"Cassia fistula. Flora of Thailand. Vol. 4. Part 1, 1984. Pg. 103. Accessed 2021-07-31",4,1
wfo-0000163802,ver-THA-0000163802.10,mae-la-yu (แมะหล่าหยู่)(Karen-Northern),0.0,ref-THA-0000163802,TH,THA,https://botany.dnp.go.th/eflora/floraspecies.html?tdcode=00747,Forest Herbarium,All rights reserved,"Cassia fistula. Flora of Thailand. Vol. 4. Part 1, 1984. Pg. 103. Accessed 2021-07-31",4,1
wfo-0000163802,ver-THA-0000163802.11,ku-phe-ya (กุเพยะ)(Karen-Southwestern),0.0,ref-THA-0000163802,TH,THA,https://botany.dnp.go.th/eflora/floraspecies.html?tdcode=00747,Forest Herbarium,All rights reserved,"Cassia fistula. Flora of Thailand. Vol. 4. Part 1, 1984. Pg. 103. Accessed 2021-07-31",4,1
wfo-0000163856,ver-THA-0000163856.01,khi lek yawa (ขี้เหล็กยะวา)(Central),0.0,ref-THA-0000163856,TH,THA,https://botany.dnp.go.th/eflora/floraspecies.html?tdcode=00761,Forest Herbarium,All rights reserved,"Cassia fruticosa. Flora of Thailand. Vol. 4. Part 1, 1984. Pg. 116. Accessed 2021-07-31",4,1
wfo-0000163856,ver-THA-0000163856.02,kaen rang (แก่นร้าง)(Southeastern),0.0,ref-THA-0000163856,TH,THA,https://botany.dnp.go.th/eflora/floraspecies.html?tdcode=00761,Forest Herbarium,All rights reserved,"Cassia fruticosa. Flora of Thailand. Vol. 4. Part 1, 1984. Pg. 116. Accessed 2021-07-31",4,1
wfo-0000186535,ver-THA-0000186535.01,khi lek khan Chang (ขี้เหล็กคันชั่ง)(Northern),0.0,ref-THA-0000186535,TH,THA,https://botany.dnp.go.th/eflora/floraspecies.html?tdcode=00757,Forest Herbarium,All rights reserved,"Cassia garrettiana. Flora of Thailand. Vol. 4. Part 1, 1984. Pg. 112. Accessed 2021-07-31",4,1
wfo-0000186535,ver-THA-0000186535.02,khilek pa (ขี้เหล็กป่า)(Northern),0.0,ref-THA-0000186535,TH,THA,https://botany.dnp.go.th/eflora/floraspecies.html?tdcode=00757,Forest Herbarium,All rights reserved,"Cassia garrettiana. Flora of Thailand. Vol. 4. Part 1, 1984. Pg. 112. Accessed 2021-07-31",4,1
wfo-0000186535,ver-THA-0000186535.03,khi lek phae (ขี้เหล็กแพะ)(Northern),0.0,ref-THA-0000186535,TH,THA,https://botany.dnp.go.th/eflora/floraspecies.html?tdcode=00757,Forest Herbarium,All rights reserved,"Cassia garrettiana. Flora of Thailand. Vol. 4. Part 1, 1984. Pg. 112. Accessed 2021-07-31",4,1
wfo-0000186535,ver-THA-0000186535.04,samae san (แสมสาร)(Central),0.0,ref-THA-0000186535,TH,THA,https://botany.dnp.go.th/eflora/floraspecies.html?tdcode=00757,Forest Herbarium,All rights reserved,"Cassia garrettiana. Flora of Thailand. Vol. 4. Part 1, 1984. Pg. 112. Accessed 2021-07-31",4,1
wfo-0000186535,ver-THA-0000186535.05,khi lek khok (ขี้เหล็กโคก)(Northeastern),0.0,ref-THA-0000186535,TH,THA,https://botany.dnp.go.th/eflora/floraspecies.html?tdcode=00757,Forest Herbarium,All rights reserved,"Cassia garrettiana. Flora of Thailand. Vol. 4. Part 1, 1984. Pg. 112. Accessed 2021-07-31",4,1
wfo-0000186535,ver-THA-0000186535.06,ka-bat (กะบัด)(Chaobon-Eastern),0.0,ref-THA-0000186535,TH,THA,https://botany.dnp.go.th/eflora/floraspecies.html?tdcode=00757,Forest Herbarium,All rights reserved,"Cassia garrettiana. Flora of Thailand. Vol. 4. Part 1, 1984. Pg. 112. Accessed 2021-07-31",4,1
wfo-0000186535,ver-THA-0000186535.07,ka-ra-bat (การะบัด)(Chaobon-Eastern),0.0,ref-THA-0000186535,TH,THA,https://botany.dnp.go.th/eflora/floraspecies.html?tdcode=00757,Forest Herbarium,All rights reserved,"Cassia garrettiana. Flora of Thailand. Vol. 4. Part 1, 1984. Pg. 112. Accessed 2021-07-31",4,1
wfo-0000186535,ver-THA-0000186535.08,"khi lek san (ขี้เหล็กสาร)(Eastern, Southeastern)",0.0,ref-THA-0000186535,TH,THA,https://botany.dnp.go.th/eflora/floraspecies.html?tdcode=00757,Forest Herbarium,All rights reserved,"Cassia garrettiana. Flora of Thailand. Vol. 4. Part 1, 1984. Pg. 112. Accessed 2021-07-31",4,1
wfo-0000186535,ver-THA-0000186535.09,ngai-san (ไงซาน)(Khmer-Eastern),0.0,ref-THA-0000186535,TH,THA,https://botany.dnp.go.th/eflora/floraspecies.html?tdcode=00757,Forest Herbarium,All rights reserved,"Cassia garrettiana. Flora of Thailand. Vol. 4. Part 1, 1984. Pg. 112. Accessed 2021-07-31",4,1
wfo-0000163908,ver-THA-0000163908.01,kalaphruk (กาฬพฤกษ์)(Central),0.0,ref-THA-0000163908,TH,THA,https://botany.dnp.go.th/eflora/floraspecies.html?tdcode=00748,Forest Herbarium,All rights reserved,"Cassia grandis. Flora of Thailand. Vol. 4. Part 1, 1984. Pg. 105. Accessed 2021-07-31",4,1
wfo-0000163963,ver-THA-0000163963.01,phong pheng (โผงเผง)(Northern),0.0,ref-THA-0000163963,TH,THA,https://botany.dnp.go.th/eflora/floraspecies.html?tdcode=00758,Forest Herbarium,All rights reserved,"Cassia hirsuta. Flora of Thailand. Vol. 4. Part 1, 1984. Pg. 113. Accessed 2021-07-31",4,1
wfo-0000163963,ver-THA-0000163963.02,dap phit (ดับพิษ)(Peninsular),0.0,ref-THA-0000163963,TH,THA,https://botany.dnp.go.th/eflora/floraspecies.html?tdcode=00758,Forest Herbarium,All rights reserved,"Cassia hirsuta. Flora of Thailand. Vol. 4. Part 1, 1984. Pg. 113. Accessed 2021-07-31",4,1
wfo-0000163963,ver-THA-0000163963.03,si-soe-phli (ซีเซอะพลี)(Karen-Southwestern),0.0,ref-THA-0000163963,TH,THA,https://botany.dnp.go.th/eflora/floraspecies.html?tdcode=00758,Forest Herbarium,All rights reserved,"Cassia hirsuta. Flora of Thailand. Vol. 4. Part 1, 1984. Pg. 113. Accessed 2021-07-31",4,1
wfo-0000163963,ver-THA-0000163963.04,ti-choe (ตีเจ้อ)(Karen-Southwestern),0.0,ref-THA-0000163963,TH,THA,https://botany.dnp.go.th/eflora/floraspecies.html?tdcode=00758,Forest Herbarium,All rights reserved,"Cassia hirsuta. Flora of Thailand. Vol. 4. Part 1, 1984. Pg. 113. Accessed 2021-07-31",4,1
wfo-0000184994,ver-THA-0000184994.01,kalaphruk (กาลพฤกษ์)(Northern),0.0,ref-THA-0000184994,TH,THA,https://botany.dnp.go.th/eflora/florainfra.html?tdcode=00751,Forest Herbarium,All rights reserved,"Cassia javanica javanica. Flora of Thailand. Vol. 4. Part 1, 1984. Pg. 107. Accessed 2021-07-31",4,1
wfo-0000184994,ver-THA-0000184994.02,kalapaphruk (กัลปพฤกษ์)(Central),0.0,ref-THA-0000184994,TH,THA,https://botany.dnp.go.th/eflora/florainfra.html?tdcode=00751,Forest Herbarium,All rights reserved,"Cassia javanica javanica. Flora of Thailand. Vol. 4. Part 1, 1984. Pg. 107. Accessed 2021-07-31",4,1
wfo-0000184994,ver-THA-0000184994.03,chaiyaphruk (ชัยพฤกษ์)(Central),0.0,ref-THA-0000184994,TH,THA,https://botany.dnp.go.th/eflora/florainfra.html?tdcode=00751,Forest Herbarium,All rights reserved,"Cassia javanica javanica. Flora of Thailand. Vol. 4. Part 1, 1984. Pg. 107. Accessed 2021-07-31",4,1
wfo-0000184994,ver-THA-0000184994.04,khi lek yawa (ขี้เหล็กยะวา)(Central),0.0,ref-THA-0000184994,TH,THA,https://botany.dnp.go.th/eflora/florainfra.html?tdcode=00751,Forest Herbarium,All rights reserved,"Cassia javanica javanica. Flora of Thailand. Vol. 4. Part 1, 1984. Pg. 107. Accessed 2021-07-31",4,1
wfo-0000164147,ver-THA-0000164147.01,kalaphruk (กาลพฤกษ์)(Northern),0.0,ref-THA-0000164147,TH,THA,https://botany.dnp.go.th/eflora/florainfra.html?tdcode=00752,Forest Herbarium,All rights reserved,"Cassia javanica nodosa. Flora of Thailand. Vol. 4. Part 1, 1984. Pg. 108. Accessed 2021-07-31",4,1
wfo-0000164147,ver-THA-0000164147.02,kalapaphruk (กัลปพฤกษ์)(Central),0.0,ref-THA-0000164147,TH,THA,https://botany.dnp.go.th/eflora/florainfra.html?tdcode=00752,Forest Herbarium,All rights reserved,"Cassia javanica nodosa. Flora of Thailand. Vol. 4. Part 1, 1984. Pg. 108. Accessed 2021-07-31",4,1
wfo-0000164147,ver-THA-0000164147.03,chaiyaphruk (ชัยพฤกษ์)(Central),0.0,ref-THA-0000164147,TH,THA,https://botany.dnp.go.th/eflora/florainfra.html?tdcode=00752,Forest Herbarium,All rights reserved,"Cassia javanica nodosa. Flora of Thailand. Vol. 4. Part 1, 1984. Pg. 108. Accessed 2021-07-31",4,1
wfo-0000164336,ver-THA-0000164336.01,ya kraduk ueng (หญ้ากระดูกอึ่ง)(Northern),0.0,ref-THA-0000164336,TH,THA,https://botany.dnp.go.th/eflora/floraspecies.html?tdcode=00769,Forest Herbarium,All rights reserved,"Cassia mimosoides. Flora of Thailand. Vol. 4. Part 1, 1984. Pg. 122. Accessed 2021-07-31",4,1
wfo-0000164336,ver-THA-0000164336.02,ya nico lek (หญ้าเหนียวเล็ก)(Northern),0.0,ref-THA-0000164336,TH,THA,https://botany.dnp.go.th/eflora/floraspecies.html?tdcode=00769,Forest Herbarium,All rights reserved,"Cassia mimosoides. Flora of Thailand. Vol. 4. Part 1, 1984. Pg. 122. Accessed 2021-07-31",4,1
wfo-0000164336,ver-THA-0000164336.03,"phak kachet bok (ผักกระเฉดบก)(Eastern, Southeastern)",0.0,ref-THA-0000164336,TH,THA,https://botany.dnp.go.th/eflora/floraspecies.html?tdcode=00769,Forest Herbarium,All rights reserved,"Cassia mimosoides. Flora of Thailand. Vol. 4. Part 1, 1984. Pg. 122. Accessed 2021-07-31",4,1
wfo-0000164336,ver-THA-0000164336.04,phak kachct nok (ผักกระเฉดนก)(Southeastern),0.0,ref-THA-0000164336,TH,THA,https://botany.dnp.go.th/eflora/floraspecies.html?tdcode=00769,Forest Herbarium,All rights reserved,"Cassia mimosoides. Flora of Thailand. Vol. 4. Part 1, 1984. Pg. 122. Accessed 2021-07-31",4,1
wfo-0000164336,ver-THA-0000164336.05,sano noi (โสนน้อย)(Southeastern),0.0,ref-THA-0000164336,TH,THA,https://botany.dnp.go.th/eflora/floraspecies.html?tdcode=00769,Forest Herbarium,All rights reserved,"Cassia mimosoides. Flora of Thailand. Vol. 4. Part 1, 1984. Pg. 122. Accessed 2021-07-31",4,1
wfo-0000164336,ver-THA-0000164336.06,san-ya-ho-kho (สันยาโหโข่)(Karen-Northern),0.0,ref-THA-0000164336,TH,THA,https://botany.dnp.go.th/eflora/floraspecies.html?tdcode=00769,Forest Herbarium,All rights reserved,"Cassia mimosoides. Flora of Thailand. Vol. 4. Part 1, 1984. Pg. 122. Accessed 2021-07-31",4,1
wfo-0000164441,ver-THA-0000164441.01,khi lek thet (ขึ้เหล็กเทศ)(Northern),0.0,ref-THA-0000164441,TH,THA,https://botany.dnp.go.th/eflora/floraspecies.html?tdcode=00759,Forest Herbarium,All rights reserved,"Cassia occidentalis. Flora of Thailand. Vol. 4. Part 1, 1984. Pg. 113. Accessed 2021-07-31",4,1
wfo-0000164441,ver-THA-0000164441.02,khi lek phuak (ขี้เหล็กเผือก)(Northern),0.0,ref-THA-0000164441,TH,THA,https://botany.dnp.go.th/eflora/floraspecies.html?tdcode=00759,Forest Herbarium,All rights reserved,"Cassia occidentalis. Flora of Thailand. Vol. 4. Part 1, 1984. Pg. 113. Accessed 2021-07-31",4,1
wfo-0000164441,ver-THA-0000164441.03,lap muen noi (ลับมืนน้อย)(Northern),0.0,ref-THA-0000164441,TH,THA,https://botany.dnp.go.th/eflora/floraspecies.html?tdcode=00759,Forest Herbarium,All rights reserved,"Cassia occidentalis. Flora of Thailand. Vol. 4. Part 1, 1984. Pg. 113. Accessed 2021-07-31",4,1
wfo-0000164441,ver-THA-0000164441.04,mak kaling thct (หมากกะลิงเทศ)(Northern),0.0,ref-THA-0000164441,TH,THA,https://botany.dnp.go.th/eflora/floraspecies.html?tdcode=00759,Forest Herbarium,All rights reserved,"Cassia occidentalis. Flora of Thailand. Vol. 4. Part 1, 1984. Pg. 113. Accessed 2021-07-31",4,1
wfo-0000164441,ver-THA-0000164441.05,phak het (ผักเห็ด)(Northern),0.0,ref-THA-0000164441,TH,THA,https://botany.dnp.go.th/eflora/floraspecies.html?tdcode=00759,Forest Herbarium,All rights reserved,"Cassia occidentalis. Flora of Thailand. Vol. 4. Part 1, 1984. Pg. 113. Accessed 2021-07-31",4,1
wfo-0000164441,ver-THA-0000164441.06,khi lek phi (ขี้เหล็กผี)(Central),0.0,ref-THA-0000164441,TH,THA,https://botany.dnp.go.th/eflora/floraspecies.html?tdcode=00759,Forest Herbarium,All rights reserved,"Cassia occidentalis. Flora of Thailand. Vol. 4. Part 1, 1984. Pg. 113. Accessed 2021-07-31",4,1
wfo-0000164441,ver-THA-0000164441.07,chumhet lek (ชุมเห็ดเล็ก)(Central),0.0,ref-THA-0000164441,TH,THA,https://botany.dnp.go.th/eflora/floraspecies.html?tdcode=00759,Forest Herbarium,All rights reserved,"Cassia occidentalis. Flora of Thailand. Vol. 4. Part 1, 1984. Pg. 113. Accessed 2021-07-31",4,1
wfo-0000164441,ver-THA-0000164441.08,phrom dan (พรมดาน)(Central),0.0,ref-THA-0000164441,TH,THA,https://botany.dnp.go.th/eflora/floraspecies.html?tdcode=00759,Forest Herbarium,All rights reserved,"Cassia occidentalis. Flora of Thailand. Vol. 4. Part 1, 1984. Pg. 113. Accessed 2021-07-31",4,1
wfo-0000164441,ver-THA-0000164441.09,khang khet (คางเค็ด)(Northeastern),0.0,ref-THA-0000164441,TH,THA,https://botany.dnp.go.th/eflora/floraspecies.html?tdcode=00759,Forest Herbarium,All rights reserved,"Cassia occidentalis. Flora of Thailand. Vol. 4. Part 1, 1984. Pg. 113. Accessed 2021-07-31",4,1
wfo-0000164441,ver-THA-0000164441.10,chumhet thet (ชุมเห็ดเทศ)(Peninsular),0.0,ref-THA-0000164441,TH,THA,https://botany.dnp.go.th/eflora/floraspecies.html?tdcode=00759,Forest Herbarium,All rights reserved,"Cassia occidentalis. Flora of Thailand. Vol. 4. Part 1, 1984. Pg. 113. Accessed 2021-07-31",4,1
wfo-0000164441,ver-THA-0000164441.11,phak chit (ผักจี๊ด)(Shan-Northern),0.0,ref-THA-0000164441,TH,THA,https://botany.dnp.go.th/eflora/floraspecies.html?tdcode=00759,Forest Herbarium,All rights reserved,"Cassia occidentalis. Flora of Thailand. Vol. 4. Part 1, 1984. Pg. 113. Accessed 2021-07-31",4,1
wfo-0000185224,ver-THA-0000185224.01,makharm bia (มะขามเบี้ย)(Northern),0.0,ref-THA-0000185224,TH,THA,https://botany.dnp.go.th/eflora/floraspecies.html?tdcode=00768,Forest Herbarium,All rights reserved,"Cassia pumila. Flora of Thailand. Vol. 4. Part 1, 1984. Pg. 120. Accessed 2021-07-31",4,1
wfo-0000185224,ver-THA-0000185224.02,makham din (มะขามดิน)(Northern),0.0,ref-THA-0000185224,TH,THA,https://botany.dnp.go.th/eflora/floraspecies.html?tdcode=00768,Forest Herbarium,All rights reserved,"Cassia pumila. Flora of Thailand. Vol. 4. Part 1, 1984. Pg. 120. Accessed 2021-07-31",4,1
wfo-0000164734,ver-THA-0000164734.01,khi lek ban (ขี้เหล็กบ้าน)(Northern),0.0,ref-THA-0000164734,TH,THA,https://botany.dnp.go.th/eflora/floraspecies.html?tdcode=00755,Forest Herbarium,All rights reserved,"Cassia siamea. Flora of Thailand. Vol. 4. Part 1, 1984. Pg. 110. Accessed 2021-07-31",4,1
wfo-0000164734,ver-THA-0000164734.02,khi lek luang (ขี้เหล็กหลวง)(Northern),0.0,ref-THA-0000164734,TH,THA,https://botany.dnp.go.th/eflora/floraspecies.html?tdcode=00755,Forest Herbarium,All rights reserved,"Cassia siamea. Flora of Thailand. Vol. 4. Part 1, 1984. Pg. 110. Accessed 2021-07-31",4,1
wfo-0000164734,ver-THA-0000164734.03,khi lek (ขี้เหล็ก)(Central),0.0,ref-THA-0000164734,TH,THA,https://botany.dnp.go.th/eflora/floraspecies.html?tdcode=00755,Forest Herbarium,All rights reserved,"Cassia siamea. Flora of Thailand. Vol. 4. Part 1, 1984. Pg. 110. Accessed 2021-07-31",4,1
wfo-0000164734,ver-THA-0000164734.04,khi lek yai (ขี้เหล็กใหญ่)(Central),0.0,ref-THA-0000164734,TH,THA,https://botany.dnp.go.th/eflora/floraspecies.html?tdcode=00755,Forest Herbarium,All rights reserved,"Cassia siamea. Flora of Thailand. Vol. 4. Part 1, 1984. Pg. 110. Accessed 2021-07-31",4,1
wfo-0000164734,ver-THA-0000164734.05,phak chili (ผักจี้ลี้)(Shan-Northern),0.0,ref-THA-0000164734,TH,THA,https://botany.dnp.go.th/eflora/floraspecies.html?tdcode=00755,Forest Herbarium,All rights reserved,"Cassia siamea. Flora of Thailand. Vol. 4. Part 1, 1984. Pg. 110. Accessed 2021-07-31",4,1
wfo-0000164734,ver-THA-0000164734.06,mae-khi-le-pha-do (แมะขึ้เหละ-พะ-โด่ะ)(Karen-Northern),0.0,ref-THA-0000164734,TH,THA,https://botany.dnp.go.th/eflora/floraspecies.html?tdcode=00755,Forest Herbarium,All rights reserved,"Cassia siamea. Flora of Thailand. Vol. 4. Part 1, 1984. Pg. 110. Accessed 2021-07-31",4,1
wfo-0000164734,ver-THA-0000164734.07,ya-ha (ยะหา)(Malay-Peninsular),0.0,ref-THA-0000164734,TH,THA,https://botany.dnp.go.th/eflora/floraspecies.html?tdcode=00755,Forest Herbarium,All rights reserved,"Cassia siamea. Flora of Thailand. Vol. 4. Part 1, 1984. Pg. 110. Accessed 2021-07-31",4,1
wfo-0000164848,ver-THA-0000164848.01,katcho (กาดเจ๊าะ)(Northern),0.0,ref-THA-0000164848,TH,THA,https://botany.dnp.go.th/eflora/floraspecies.html?tdcode=00760,Forest Herbarium,All rights reserved,"Cassia sophera. Flora of Thailand. Vol. 4. Part 1, 1984. Pg. 115. Accessed 2021-07-31",4,1
wfo-0000164848,ver-THA-0000164848.02,phak khet (ผักเค็ด)(Central),0.0,ref-THA-0000164848,TH,THA,https://botany.dnp.go.th/eflora/floraspecies.html?tdcode=00760,Forest Herbarium,All rights reserved,"Cassia sophera. Flora of Thailand. Vol. 4. Part 1, 1984. Pg. 115. Accessed 2021-07-31",4,1
wfo-0000164848,ver-THA-0000164848.03,phak khlet (ผักเคล็ด)(Central),0.0,ref-THA-0000164848,TH,THA,https://botany.dnp.go.th/eflora/floraspecies.html?tdcode=00760,Forest Herbarium,All rights reserved,"Cassia sophera. Flora of Thailand. Vol. 4. Part 1, 1984. Pg. 115. Accessed 2021-07-31",4,1
wfo-0000164848,ver-THA-0000164848.04,phak wan ban (ผักหวานบ้าน)(Central),0.0,ref-THA-0000164848,TH,THA,https://botany.dnp.go.th/eflora/floraspecies.html?tdcode=00760,Forest Herbarium,All rights reserved,"Cassia sophera. Flora of Thailand. Vol. 4. Part 1, 1984. Pg. 115. Accessed 2021-07-31",4,1
wfo-0000164866,ver-THA-0000164866.01,suwannaphruk (สุวรรณพฤกษ์)(Central),0.0,ref-THA-0000164866,TH,THA,https://botany.dnp.go.th/eflora/floraspecies.html?tdcode=00754,Forest Herbarium,All rights reserved,"Cassia spectabilis. Flora of Thailand. Vol. 4. Part 1, 1984. Pg. 110. Accessed 2021-07-31",4,1
wfo-0000187196,ver-THA-0000187196.01,phrueng badan (พรึงบาดาล)(Southeastern),0.0,ref-THA-0000187196,TH,THA,https://botany.dnp.go.th/eflora/florainfra.html?tdcode=00767,Forest Herbarium,All rights reserved,"Cassia surattensis glauca. Flora of Thailand. Vol. 4. Part 1, 1984. Pg. 120. Accessed 2021-07-31",4,1
wfo-0000187196,ver-THA-0000187196.02,trueng badan (ตรึงบาดาล)(Southeastern),0.0,ref-THA-0000187196,TH,THA,https://botany.dnp.go.th/eflora/florainfra.html?tdcode=00767,Forest Herbarium,All rights reserved,"Cassia surattensis glauca. Flora of Thailand. Vol. 4. Part 1, 1984. Pg. 120. Accessed 2021-07-31",4,1
wfo-0000187196,ver-THA-0000187196.03,sakeng (สะเก๋ง)(Northern),0.0,ref-THA-0000187196,TH,THA,https://botany.dnp.go.th/eflora/florainfra.html?tdcode=00767,Forest Herbarium,All rights reserved,"Cassia surattensis glauca. Flora of Thailand. Vol. 4. Part 1, 1984. Pg. 120. Accessed 2021-07-31",4,1
wfo-0000187196,ver-THA-0000187196.04,sakong (สะโก้ง)(Northern),0.0,ref-THA-0000187196,TH,THA,https://botany.dnp.go.th/eflora/florainfra.html?tdcode=00767,Forest Herbarium,All rights reserved,"Cassia surattensis glauca. Flora of Thailand. Vol. 4. Part 1, 1984. Pg. 120. Accessed 2021-07-31",4,1
wfo-0000187196,ver-THA-0000187196.05,song badan (ทรงบาดาล)(Central),0.0,ref-THA-0000187196,TH,THA,https://botany.dnp.go.th/eflora/florainfra.html?tdcode=00767,Forest Herbarium,All rights reserved,"Cassia surattensis glauca. Flora of Thailand. Vol. 4. Part 1, 1984. Pg. 120. Accessed 2021-07-31",4,1
wfo-0000164962,ver-THA-0000164962.01,khilek daeng (ขี้เหล็กแดง)(Northern),0.0,ref-THA-0000164962,TH,THA,https://botany.dnp.go.th/eflora/floraspecies.html?tdcode=00756,Forest Herbarium,All rights reserved,"Cassia timoriensis. Flora of Thailand. Vol. 4. Part 1, 1984. Pg. 111. Accessed 2021-07-31",4,1
wfo-0000164962,ver-THA-0000164962.02,khi lek khan Chang (ขี้เหล็กคันชั่ง)(Northern),0.0,ref-THA-0000164962,TH,THA,https://botany.dnp.go.th/eflora/floraspecies.html?tdcode=00756,Forest Herbarium,All rights reserved,"Cassia timoriensis. Flora of Thailand. Vol. 4. Part 1, 1984. Pg. 111. Accessed 2021-07-31",4,1
wfo-0000164962,ver-THA-0000164962.03,khi lek phan Chang (ขี้เหล็กพันชั่ง)(Northern),0.0,ref-THA-0000164962,TH,THA,https://botany.dnp.go.th/eflora/floraspecies.html?tdcode=00756,Forest Herbarium,All rights reserved,"Cassia timoriensis. Flora of Thailand. Vol. 4. Part 1, 1984. Pg. 111. Accessed 2021-07-31",4,1
wfo-0000164962,ver-THA-0000164962.04,"khi lek luat (ขี้เหล็กสีเลือด)(Central, Northeastern)",0.0,ref-THA-0000164962,TH,THA,https://botany.dnp.go.th/eflora/floraspecies.html?tdcode=00756,Forest Herbarium,All rights reserved,"Cassia timoriensis. Flora of Thailand. Vol. 4. Part 1, 1984. Pg. 111. Accessed 2021-07-31",4,1
wfo-0000164962,ver-THA-0000164962.05,khi lekdong (ขี้เหล็กดง)(Northeastern),0.0,ref-THA-0000164962,TH,THA,https://botany.dnp.go.th/eflora/floraspecies.html?tdcode=00756,Forest Herbarium,All rights reserved,"Cassia timoriensis. Flora of Thailand. Vol. 4. Part 1, 1984. Pg. 111. Accessed 2021-07-31",4,1
wfo-0000164962,ver-THA-0000164962.06,"khi lek pa (ขี้เหล็กป่า)(Southeastern, Peninsular)",0.0,ref-THA-0000164962,TH,THA,https://botany.dnp.go.th/eflora/floraspecies.html?tdcode=00756,Forest Herbarium,All rights reserved,"Cassia timoriensis. Flora of Thailand. Vol. 4. Part 1, 1984. Pg. 111. Accessed 2021-07-31",4,1
wfo-0000164962,ver-THA-0000164962.07,khi lek nang chi (ขี้เหล็กนางชี)(Peninsular),0.0,ref-THA-0000164962,TH,THA,https://botany.dnp.go.th/eflora/floraspecies.html?tdcode=00756,Forest Herbarium,All rights reserved,"Cassia timoriensis. Flora of Thailand. Vol. 4. Part 1, 1984. Pg. 111. Accessed 2021-07-31",4,1
wfo-0000164962,ver-THA-0000164962.08,cha khi lek (ช้าขี้เหล็ก)(Peninsular),0.0,ref-THA-0000164962,TH,THA,https://botany.dnp.go.th/eflora/floraspecies.html?tdcode=00756,Forest Herbarium,All rights reserved,"Cassia timoriensis. Flora of Thailand. Vol. 4. Part 1, 1984. Pg. 111. Accessed 2021-07-31",4,1
wfo-0000164962,ver-THA-0000164962.09,kalaeng ngaen (กะแลงแงน)(Peninsular),0.0,ref-THA-0000164962,TH,THA,https://botany.dnp.go.th/eflora/floraspecies.html?tdcode=00756,Forest Herbarium,All rights reserved,"Cassia timoriensis. Flora of Thailand. Vol. 4. Part 1, 1984. Pg. 111. Accessed 2021-07-31",4,1
wfo-0000164962,ver-THA-0000164962.10,chi-li-loi (จี้ลี้ลอย)(Shan-Northern),0.0,ref-THA-0000164962,TH,THA,https://botany.dnp.go.th/eflora/floraspecies.html?tdcode=00756,Forest Herbarium,All rights reserved,"Cassia timoriensis. Flora of Thailand. Vol. 4. Part 1, 1984. Pg. 111. Accessed 2021-07-31",4,1
wfo-0000164962,ver-THA-0000164962.11,mae-khi-le-thi (แมะขี้เหละที)(Karen-Northern),0.0,ref-THA-0000164962,TH,THA,https://botany.dnp.go.th/eflora/floraspecies.html?tdcode=00756,Forest Herbarium,All rights reserved,"Cassia timoriensis. Flora of Thailand. Vol. 4. Part 1, 1984. Pg. 111. Accessed 2021-07-31",4,1
wfo-0000164962,ver-THA-0000164962.12,mae-khae-lae (แมะแค่ะแหล่ะ)(Karen-Northern),0.0,ref-THA-0000164962,TH,THA,https://botany.dnp.go.th/eflora/floraspecies.html?tdcode=00756,Forest Herbarium,All rights reserved,"Cassia timoriensis. Flora of Thailand. Vol. 4. Part 1, 1984. Pg. 111. Accessed 2021-07-31",4,1
wfo-0000164962,ver-THA-0000164962.13,pi-ta-kha (ปี้ตะขะ)(Lawa-Northern),0.0,ref-THA-0000164962,TH,THA,https://botany.dnp.go.th/eflora/floraspecies.html?tdcode=00756,Forest Herbarium,All rights reserved,"Cassia timoriensis. Flora of Thailand. Vol. 4. Part 1, 1984. Pg. 111. Accessed 2021-07-31",4,1
wfo-0000164962,ver-THA-0000164962.14,ma klua luat (มะเกลือเลือด)(Southwestern),0.0,ref-THA-0000164962,TH,THA,https://botany.dnp.go.th/eflora/floraspecies.html?tdcode=00756,Forest Herbarium,All rights reserved,"Cassia timoriensis. Flora of Thailand. Vol. 4. Part 1, 1984. Pg. 111. Accessed 2021-07-31",4,1
wfo-0000165003,ver-THA-0000165003.01,lap muen (ลับมืน)(Northern),0.0,ref-THA-0000165003,TH,THA,https://botany.dnp.go.th/eflora/floraspecies.html?tdcode=00764,Forest Herbarium,All rights reserved,"Cassia tora. Flora of Thailand. Vol. 4. Part 1, 1984. Pg. 117. Accessed 2021-07-31",4,1
wfo-0000165003,ver-THA-0000165003.02,lap muen noi (ลับมืนน้อย)(Northern),0.0,ref-THA-0000165003,TH,THA,https://botany.dnp.go.th/eflora/floraspecies.html?tdcode=00764,Forest Herbarium,All rights reserved,"Cassia tora. Flora of Thailand. Vol. 4. Part 1, 1984. Pg. 117. Accessed 2021-07-31",4,1
wfo-0000165003,ver-THA-0000165003.03,lep muen (เล็บมืน)(Northern),0.0,ref-THA-0000165003,TH,THA,https://botany.dnp.go.th/eflora/floraspecies.html?tdcode=00764,Forest Herbarium,All rights reserved,"Cassia tora. Flora of Thailand. Vol. 4. Part 1, 1984. Pg. 117. Accessed 2021-07-31",4,1
wfo-0000165003,ver-THA-0000165003.04,phrom dan (พรมดาน)(Northern),0.0,ref-THA-0000165003,TH,THA,https://botany.dnp.go.th/eflora/floraspecies.html?tdcode=00764,Forest Herbarium,All rights reserved,"Cassia tora. Flora of Thailand. Vol. 4. Part 1, 1984. Pg. 117. Accessed 2021-07-31",4,1
wfo-0000165003,ver-THA-0000165003.05,chumhet thai (ชุมเห็ดไทย)(Southeastern),0.0,ref-THA-0000165003,TH,THA,https://botany.dnp.go.th/eflora/floraspecies.html?tdcode=00764,Forest Herbarium,All rights reserved,"Cassia tora. Flora of Thailand. Vol. 4. Part 1, 1984. Pg. 117. Accessed 2021-07-31",4,1
wfo-0000165003,ver-THA-0000165003.06,chumhet khwai (ชุมเห็ดควาย)(Southeastern),0.0,ref-THA-0000165003,TH,THA,https://botany.dnp.go.th/eflora/floraspecies.html?tdcode=00764,Forest Herbarium,All rights reserved,"Cassia tora. Flora of Thailand. Vol. 4. Part 1, 1984. Pg. 117. Accessed 2021-07-31",4,1
wfo-0000165003,ver-THA-0000165003.07,chumhet na (ชุมเห็ดนา)(Central)(Southeastern),0.0,ref-THA-0000165003,TH,THA,https://botany.dnp.go.th/eflora/floraspecies.html?tdcode=00764,Forest Herbarium,All rights reserved,"Cassia tora. Flora of Thailand. Vol. 4. Part 1, 1984. Pg. 117. Accessed 2021-07-31",4,1
wfo-0000165003,ver-THA-0000165003.08,yalluek luen (หญ้าลึกลืน)(Southeastern),0.0,ref-THA-0000165003,TH,THA,https://botany.dnp.go.th/eflora/floraspecies.html?tdcode=00764,Forest Herbarium,All rights reserved,"Cassia tora. Flora of Thailand. Vol. 4. Part 1, 1984. Pg. 117. Accessed 2021-07-31",4,1
wfo-0000165003,ver-THA-0000165003.09,chumhet lek (ชุมเห็ดเล็ก)(Peninsular),0.0,ref-THA-0000165003,TH,THA,https://botany.dnp.go.th/eflora/floraspecies.html?tdcode=00764,Forest Herbarium,All rights reserved,"Cassia tora. Flora of Thailand. Vol. 4. Part 1, 1984. Pg. 117. Accessed 2021-07-31",4,1
wfo-0000165003,ver-THA-0000165003.10,ki-kia (กิเกีย)(Karen-Northern),0.0,ref-THA-0000165003,TH,THA,https://botany.dnp.go.th/eflora/floraspecies.html?tdcode=00764,Forest Herbarium,All rights reserved,"Cassia tora. Flora of Thailand. Vol. 4. Part 1, 1984. Pg. 117. Accessed 2021-07-31",4,1
wfo-0000165003,ver-THA-0000165003.11,no-pa-na-noe (หน่อปะหน่าเหน่อ)(Karen-Northern),0.0,ref-THA-0000165003,TH,THA,https://botany.dnp.go.th/eflora/floraspecies.html?tdcode=00764,Forest Herbarium,All rights reserved,"Cassia tora. Flora of Thailand. Vol. 4. Part 1, 1984. Pg. 117. Accessed 2021-07-31",4,1
wfo-0000199612,ver-THA-0000199612.01,duai kai (เดือยไก่)(Northern),0.0,ref-THA-0000199612,TH,THA,https://botany.dnp.go.th/eflora/floraspecies.html?tdcode=00730,Forest Herbarium,All rights reserved,"Crudia chrysantha. Flora of Thailand. Vol. 4. Part 1, 1984. Pg. 90. Accessed 2021-07-31",4,1
wfo-0000199612,ver-THA-0000199612.02,hae (แห้)(Northeastern),0.0,ref-THA-0000199612,TH,THA,https://botany.dnp.go.th/eflora/floraspecies.html?tdcode=00730,Forest Herbarium,All rights reserved,"Crudia chrysantha. Flora of Thailand. Vol. 4. Part 1, 1984. Pg. 90. Accessed 2021-07-31",4,1
wfo-0000199612,ver-THA-0000199612.03,pradu khao (ประดู่ขาว)(Eastern),0.0,ref-THA-0000199612,TH,THA,https://botany.dnp.go.th/eflora/floraspecies.html?tdcode=00730,Forest Herbarium,All rights reserved,"Crudia chrysantha. Flora of Thailand. Vol. 4. Part 1, 1984. Pg. 90. Accessed 2021-07-31",4,1
wfo-0000199612,ver-THA-0000199612.04,satue (สะตือ)(Central),0.0,ref-THA-0000199612,TH,THA,https://botany.dnp.go.th/eflora/floraspecies.html?tdcode=00730,Forest Herbarium,All rights reserved,"Crudia chrysantha. Flora of Thailand. Vol. 4. Part 1, 1984. Pg. 90. Accessed 2021-07-31",4,1
wfo-0000199616,ver-THA-0000199616.01,muang khan (ม่วงคัน)(Peninsular),0.0,ref-THA-0000199616,TH,THA,https://botany.dnp.go.th/eflora/floraspecies.html?tdcode=00728,Forest Herbarium,All rights reserved,"Crudia evansii. Flora of Thailand. Vol. 4. Part 1, 1984. Pg. 89. Accessed 2021-07-31",4,1
wfo-0000199620,ver-THA-0000199620.01,samong kung (สมองกุ้ง)(Peninsular),0.0,ref-THA-0000199620,TH,THA,https://botany.dnp.go.th/eflora/floraspecies.html?tdcode=00733,Forest Herbarium,All rights reserved,"Crudia lanceolata. Flora of Thailand. Vol. 4. Part 1, 1984. Pg. 92. Accessed 2021-07-31",4,1
wfo-0000199620,ver-THA-0000199620.02,lao khang (หลาวค่าง)(Peninsular),0.0,ref-THA-0000199620,TH,THA,https://botany.dnp.go.th/eflora/floraspecies.html?tdcode=00733,Forest Herbarium,All rights reserved,"Crudia lanceolata. Flora of Thailand. Vol. 4. Part 1, 1984. Pg. 92. Accessed 2021-07-31",4,1
wfo-0000165841,ver-THA-0000165841.01,amphawa (อัมพวา)(Central),0.0,ref-THA-0000165841,TH,THA,https://botany.dnp.go.th/eflora/floraspecies.html?tdcode=00681,Forest Herbarium,All rights reserved,"Cynometra cauliflora. Flora of Thailand. Vol. 4. Part 1, 1984. Pg. 46. Accessed 2021-07-31",4,1
wfo-0000165841,ver-THA-0000165841.02,buranam (บูรานัม)(Central),0.0,ref-THA-0000165841,TH,THA,https://botany.dnp.go.th/eflora/floraspecies.html?tdcode=00681,Forest Herbarium,All rights reserved,"Cynometra cauliflora. Flora of Thailand. Vol. 4. Part 1, 1984. Pg. 46. Accessed 2021-07-31",4,1
wfo-0000165841,ver-THA-0000165841.03,nang ai (นางอาย)(Central),0.0,ref-THA-0000165841,TH,THA,https://botany.dnp.go.th/eflora/floraspecies.html?tdcode=00681,Forest Herbarium,All rights reserved,"Cynometra cauliflora. Flora of Thailand. Vol. 4. Part 1, 1984. Pg. 46. Accessed 2021-07-31",4,1
wfo-0000165841,ver-THA-0000165841.04,hima (หีหมา)(Peninsular),0.0,ref-THA-0000165841,TH,THA,https://botany.dnp.go.th/eflora/floraspecies.html?tdcode=00681,Forest Herbarium,All rights reserved,"Cynometra cauliflora. Flora of Thailand. Vol. 4. Part 1, 1984. Pg. 46. Accessed 2021-07-31",4,1
wfo-0000165841,ver-THA-0000165841.05,nam nam (นัมนัม)(Peninsular),0.0,ref-THA-0000165841,TH,THA,https://botany.dnp.go.th/eflora/floraspecies.html?tdcode=00681,Forest Herbarium,All rights reserved,"Cynometra cauliflora. Flora of Thailand. Vol. 4. Part 1, 1984. Pg. 46. Accessed 2021-07-31",4,1
wfo-0000199623,ver-THA-0000199623.01,hae (แหะ)(Northeastern),0.0,ref-THA-0000199623,TH,THA,https://botany.dnp.go.th/eflora/floraspecies.html?tdcode=00682,Forest Herbarium,All rights reserved,"Cynometra craibii. Flora of Thailand. Vol. 4. Part 1, 1984. Pg. 46. Accessed 2021-07-31",4,1
wfo-0000187706,ver-THA-0000187706.01,katong (กาต๋ง)(Peninsular),0.0,ref-THA-0000187706,TH,THA,https://botany.dnp.go.th/eflora/floraspecies.html?tdcode=00683,Forest Herbarium,All rights reserved,"Cynometra iripa. Flora of Thailand. Vol. 4. Part 1, 1984. Pg. 48. Accessed 2021-07-31",4,1
wfo-0000187706,ver-THA-0000187706.02,taet ling (แตดลิง)(Peninsular),0.0,ref-THA-0000187706,TH,THA,https://botany.dnp.go.th/eflora/floraspecies.html?tdcode=00683,Forest Herbarium,All rights reserved,"Cynometra iripa. Flora of Thailand. Vol. 4. Part 1, 1984. Pg. 48. Accessed 2021-07-31",4,1
wfo-0000199631,ver-THA-0000199631.01,katong (กาตง)(Peninsular),0.0,ref-THA-0000199631,TH,THA,https://botany.dnp.go.th/eflora/floraspecies.html?tdcode=00680,Forest Herbarium,All rights reserved,"Cynometra malaccensis. Flora of Thailand. Vol. 4. Part 1, 1984. Pg. 45. Accessed 2021-07-31",4,1
wfo-0000199631,ver-THA-0000199631.02,khli (คลี)(Peninsular),0.0,ref-THA-0000199631,TH,THA,https://botany.dnp.go.th/eflora/floraspecies.html?tdcode=00680,Forest Herbarium,All rights reserved,"Cynometra malaccensis. Flora of Thailand. Vol. 4. Part 1, 1984. Pg. 45. Accessed 2021-07-31",4,1
wfo-0000199631,ver-THA-0000199631.03,mangkhak (มังคาก)(Peninsular),0.0,ref-THA-0000199631,TH,THA,https://botany.dnp.go.th/eflora/floraspecies.html?tdcode=00680,Forest Herbarium,All rights reserved,"Cynometra malaccensis. Flora of Thailand. Vol. 4. Part 1, 1984. Pg. 45. Accessed 2021-07-31",4,1
wfo-0000199631,ver-THA-0000199631.04,makha (มะคะ)(Peninsular),0.0,ref-THA-0000199631,TH,THA,https://botany.dnp.go.th/eflora/floraspecies.html?tdcode=00680,Forest Herbarium,All rights reserved,"Cynometra malaccensis. Flora of Thailand. Vol. 4. Part 1, 1984. Pg. 45. Accessed 2021-07-31",4,1
wfo-0000199631,ver-THA-0000199631.05,"phangkha (พังคะ, พังค่า)(Peninsular)",0.0,ref-THA-0000199631,TH,THA,https://botany.dnp.go.th/eflora/floraspecies.html?tdcode=00680,Forest Herbarium,All rights reserved,"Cynometra malaccensis. Flora of Thailand. Vol. 4. Part 1, 1984. Pg. 45. Accessed 2021-07-31",4,1
wfo-0000192868,ver-THA-0000192868.01,makha (มะคะ)(Central),0.0,ref-THA-0000192868,TH,THA,https://botany.dnp.go.th/eflora/floraspecies.html?tdcode=00684,Forest Herbarium,All rights reserved,"Cynometra ramiflora. Flora of Thailand. Vol. 4. Part 1, 1984. Pg. 48. Accessed 2021-07-31",4,1
wfo-0000192868,ver-THA-0000192868.02,maengkha (แมงคะ)(Southeastern),0.0,ref-THA-0000192868,TH,THA,https://botany.dnp.go.th/eflora/floraspecies.html?tdcode=00684,Forest Herbarium,All rights reserved,"Cynometra ramiflora. Flora of Thailand. Vol. 4. Part 1, 1984. Pg. 48. Accessed 2021-07-31",4,1
wfo-0000192868,ver-THA-0000192868.03,mangkha (มังคะ)(Peninsular),0.0,ref-THA-0000192868,TH,THA,https://botany.dnp.go.th/eflora/floraspecies.html?tdcode=00684,Forest Herbarium,All rights reserved,"Cynometra ramiflora. Flora of Thailand. Vol. 4. Part 1, 1984. Pg. 48. Accessed 2021-07-31",4,1
wfo-0000166389,ver-THA-0000166389.01,hang nok yung farang (หางนกยูงฝรั่ง)(Central),0.0,ref-THA-0000166389,TH,THA,https://botany.dnp.go.th/eflora/floraspecies.html?tdcode=00719,Forest Herbarium,All rights reserved,"Delonix regia. Flora of Thailand. Vol. 4. Part 1, 1984. Pg. 83. Accessed 2021-07-31",4,1
wfo-0000199436,ver-THA-0000199436.01,i-dang (อีด่าง)(Northern),0.0,ref-THA-0000199436,TH,THA,https://botany.dnp.go.th/eflora/floraspecies.html?tdcode=00724,Forest Herbarium,All rights reserved,"Dialium cochinchinense. Flora of Thailand. Vol. 4. Part 1, 1984. Pg. 85. Accessed 2021-07-31",4,1
wfo-0000199436,ver-THA-0000199436.02,kheng (เคง)(General),0.0,ref-THA-0000199436,TH,THA,https://botany.dnp.go.th/eflora/floraspecies.html?tdcode=00724,Forest Herbarium,All rights reserved,"Dialium cochinchinense. Flora of Thailand. Vol. 4. Part 1, 1984. Pg. 85. Accessed 2021-07-31",4,1
wfo-0000199436,ver-THA-0000199436.03,mak kheng (หมากเคง)(Northeastern)(General),0.0,ref-THA-0000199436,TH,THA,https://botany.dnp.go.th/eflora/floraspecies.html?tdcode=00724,Forest Herbarium,All rights reserved,"Dialium cochinchinense. Flora of Thailand. Vol. 4. Part 1, 1984. Pg. 85. Accessed 2021-07-31",4,1
wfo-0000199436,ver-THA-0000199436.04,khleng (เขล็ง)(General),0.0,ref-THA-0000199436,TH,THA,https://botany.dnp.go.th/eflora/floraspecies.html?tdcode=00724,Forest Herbarium,All rights reserved,"Dialium cochinchinense. Flora of Thailand. Vol. 4. Part 1, 1984. Pg. 85. Accessed 2021-07-31",4,1
wfo-0000199436,ver-THA-0000199436.05,nang dam (นางดำ)(Eastern),0.0,ref-THA-0000199436,TH,THA,https://botany.dnp.go.th/eflora/floraspecies.html?tdcode=00724,Forest Herbarium,All rights reserved,"Dialium cochinchinense. Flora of Thailand. Vol. 4. Part 1, 1984. Pg. 85. Accessed 2021-07-31",4,1
wfo-0000199436,ver-THA-0000199436.06,yi (หยี)(Peninsular),0.0,ref-THA-0000199436,TH,THA,https://botany.dnp.go.th/eflora/floraspecies.html?tdcode=00724,Forest Herbarium,All rights reserved,"Dialium cochinchinense. Flora of Thailand. Vol. 4. Part 1, 1984. Pg. 85. Accessed 2021-07-31",4,1
wfo-0000199436,ver-THA-0000199436.07,kayi (กายี)(Peninsular),0.0,ref-THA-0000199436,TH,THA,https://botany.dnp.go.th/eflora/floraspecies.html?tdcode=00724,Forest Herbarium,All rights reserved,"Dialium cochinchinense. Flora of Thailand. Vol. 4. Part 1, 1984. Pg. 85. Accessed 2021-07-31",4,1
wfo-0000199437,ver-THA-0000199437.01,yi (หยี)(Peninsular),0.0,ref-THA-0000199437,TH,THA,https://botany.dnp.go.th/eflora/floraspecies.html?tdcode=00725,Forest Herbarium,All rights reserved,"Dialium indum. Flora of Thailand. Vol. 4. Part 1, 1984. Pg. 87. Accessed 2021-07-31",4,1
wfo-0000199437,ver-THA-0000199437.02,kayi (กายี)(Peninsular),0.0,ref-THA-0000199437,TH,THA,https://botany.dnp.go.th/eflora/floraspecies.html?tdcode=00725,Forest Herbarium,All rights reserved,"Dialium indum. Flora of Thailand. Vol. 4. Part 1, 1984. Pg. 87. Accessed 2021-07-31",4,1
wfo-0000199437,ver-THA-0000199437.03,kayi khao (กายีเขา)(Peninsular),0.0,ref-THA-0000199437,TH,THA,https://botany.dnp.go.th/eflora/floraspecies.html?tdcode=00725,Forest Herbarium,All rights reserved,"Dialium indum. Flora of Thailand. Vol. 4. Part 1, 1984. Pg. 87. Accessed 2021-07-31",4,1
wfo-0000199437,ver-THA-0000199437.04,thong bueng (ทองบึ้ง)(Peninsular),0.0,ref-THA-0000199437,TH,THA,https://botany.dnp.go.th/eflora/floraspecies.html?tdcode=00725,Forest Herbarium,All rights reserved,"Dialium indum. Flora of Thailand. Vol. 4. Part 1, 1984. Pg. 87. Accessed 2021-07-31",4,1
wfo-0000199442,ver-THA-0000199442.01,yi thong bueng (หยีท้องบึ้ง)(Peninsular),0.0,ref-THA-0000199442,TH,THA,https://botany.dnp.go.th/eflora/floraspecies.html?tdcode=00726,Forest Herbarium,All rights reserved,"Dialium platysepalum. Flora of Thailand. Vol. 4. Part 1, 1984. Pg. 88. Accessed 2021-07-31",4,1
wfo-0001057632,ver-THA-0001057632.01,"phan sat (พันซาด)(Eastern, Northeastern)",0.0,ref-THA-0001057632,TH,THA,https://botany.dnp.go.th/eflora/floraspecies.html?tdcode=00691,Forest Herbarium,All rights reserved,"Erythrophleum succirubrum. Flora of Thailand. Vol. 4. Part 1, 1984. Pg. 53. Accessed 2021-07-31",4,1
wfo-0001057632,ver-THA-0001057632.02,sak (ซาก)(Southwestern),0.0,ref-THA-0001057632,TH,THA,https://botany.dnp.go.th/eflora/floraspecies.html?tdcode=00691,Forest Herbarium,All rights reserved,"Erythrophleum succirubrum. Flora of Thailand. Vol. 4. Part 1, 1984. Pg. 53. Accessed 2021-07-31",4,1
wfo-0001057632,ver-THA-0001057632.03,tra (ตระ)(Northeastern),0.0,ref-THA-0001057632,TH,THA,https://botany.dnp.go.th/eflora/floraspecies.html?tdcode=00691,Forest Herbarium,All rights reserved,"Erythrophleum succirubrum. Flora of Thailand. Vol. 4. Part 1, 1984. Pg. 53. Accessed 2021-07-31",4,1
wfo-0000199407,ver-THA-0000199407.01,sak (ซาก)(Southwestern),0.0,ref-THA-0000199407,TH,THA,https://botany.dnp.go.th/eflora/floraspecies.html?tdcode=00690,Forest Herbarium,All rights reserved,"Erythrophleum teysmannii. Flora of Thailand. Vol. 4. Part 1, 1984. Pg. 51. Accessed 2021-07-31",4,1
wfo-0000199407,ver-THA-0000199407.02,khrak (คราก)(Peninsular),0.0,ref-THA-0000199407,TH,THA,https://botany.dnp.go.th/eflora/floraspecies.html?tdcode=00690,Forest Herbarium,All rights reserved,"Erythrophleum teysmannii. Flora of Thailand. Vol. 4. Part 1, 1984. Pg. 51. Accessed 2021-07-31",4,1
wfo-0000199407,ver-THA-0000199407.03,yi daeng (หยีแดง)(Peninsular),0.0,ref-THA-0000199407,TH,THA,https://botany.dnp.go.th/eflora/floraspecies.html?tdcode=00690,Forest Herbarium,All rights reserved,"Erythrophleum teysmannii. Flora of Thailand. Vol. 4. Part 1, 1984. Pg. 51. Accessed 2021-07-31",4,1
wfo-0000199407,ver-THA-0000199407.04,"phan sat (พันซาด)(Central, Northeastern)",0.0,ref-THA-0000199407,TH,THA,https://botany.dnp.go.th/eflora/floraspecies.html?tdcode=00690,Forest Herbarium,All rights reserved,"Erythrophleum teysmannii. Flora of Thailand. Vol. 4. Part 1, 1984. Pg. 51. Accessed 2021-07-31",4,1
wfo-0000168901,ver-THA-0000168901.01,pradu thale (ประดู่ทะเล)(Central),0.0,ref-THA-0000168901,TH,THA,https://botany.dnp.go.th/eflora/floraspecies.html?tdcode=00774,Forest Herbarium,All rights reserved,"Intsia bijuga. Flora of Thailand. Vol. 4. Part 1, 1984. Pg. 125. Accessed 2021-07-31",4,1
wfo-0000168901,ver-THA-0000168901.02,lumpho thale (หลุมพอทะเล)(Peninsular),0.0,ref-THA-0000168901,TH,THA,https://botany.dnp.go.th/eflora/floraspecies.html?tdcode=00774,Forest Herbarium,All rights reserved,"Intsia bijuga. Flora of Thailand. Vol. 4. Part 1, 1984. Pg. 125. Accessed 2021-07-31",4,1
wfo-0000185543,ver-THA-0000185543.01,salumpho (สะหลุมพอ)(Southeastern),0.0,ref-THA-0000185543,TH,THA,https://botany.dnp.go.th/eflora/floraspecies.html?tdcode=00775,Forest Herbarium,All rights reserved,"Intsia palembanica. Flora of Thailand. Vol. 4. Part 1, 1984. Pg. 126. Accessed 2021-07-31",4,1
wfo-0000185543,ver-THA-0000185543.02,kalumpho (กะลุมพอ)(Peninsular),0.0,ref-THA-0000185543,TH,THA,https://botany.dnp.go.th/eflora/floraspecies.html?tdcode=00775,Forest Herbarium,All rights reserved,"Intsia palembanica. Flora of Thailand. Vol. 4. Part 1, 1984. Pg. 126. Accessed 2021-07-31",4,1
wfo-0000185543,ver-THA-0000185543.03,lumpho (หลุมพอ)(Peninsular),0.0,ref-THA-0000185543,TH,THA,https://botany.dnp.go.th/eflora/floraspecies.html?tdcode=00775,Forest Herbarium,All rights reserved,"Intsia palembanica. Flora of Thailand. Vol. 4. Part 1, 1984. Pg. 126. Accessed 2021-07-31",4,1
wfo-0000185543,ver-THA-0000185543.04,moe-ba (เมอบา)(Malay-Peninsular),0.0,ref-THA-0000185543,TH,THA,https://botany.dnp.go.th/eflora/floraspecies.html?tdcode=00775,Forest Herbarium,All rights reserved,"Intsia palembanica. Flora of Thailand. Vol. 4. Part 1, 1984. Pg. 126. Accessed 2021-07-31",4,1
wfo-0000185543,ver-THA-0000185543.05,mue-ba (มือบา)(Malay-Peninsular),0.0,ref-THA-0000185543,TH,THA,https://botany.dnp.go.th/eflora/floraspecies.html?tdcode=00775,Forest Herbarium,All rights reserved,"Intsia palembanica. Flora of Thailand. Vol. 4. Part 1, 1984. Pg. 126. Accessed 2021-07-31",4,1
wfo-0000193200,ver-THA-0000193200.01,yuan (ยวน)(Peninsular),0.0,ref-THA-0000193200,TH,THA,https://botany.dnp.go.th/eflora/floraspecies.html?tdcode=00721,Forest Herbarium,All rights reserved,"Koompassia excelsa. Flora of Thailand. Vol. 4. Part 1, 1984. Pg. 84. Accessed 2021-07-31",4,1
wfo-0000193200,ver-THA-0000193200.02,to-lae (ตอแล)(Malay-Peninsular),0.0,ref-THA-0000193200,TH,THA,https://botany.dnp.go.th/eflora/floraspecies.html?tdcode=00721,Forest Herbarium,All rights reserved,"Koompassia excelsa. Flora of Thailand. Vol. 4. Part 1, 1984. Pg. 84. Accessed 2021-07-31",4,1
wfo-0000193202,ver-THA-0000193202.01,thong bueng (ทองบึ้ง)(Peninsular),0.0,ref-THA-0000193202,TH,THA,https://botany.dnp.go.th/eflora/floraspecies.html?tdcode=00722,Forest Herbarium,All rights reserved,"Koompassia malaccensis. Flora of Thailand. Vol. 4. Part 1, 1984. Pg. 84. Accessed 2021-07-31",4,1
wfo-0000193202,ver-THA-0000193202.02,sifai (สีไฟ)(Peninsular),0.0,ref-THA-0000193202,TH,THA,https://botany.dnp.go.th/eflora/floraspecies.html?tdcode=00722,Forest Herbarium,All rights reserved,"Koompassia malaccensis. Flora of Thailand. Vol. 4. Part 1, 1984. Pg. 84. Accessed 2021-07-31",4,1
wfo-0000193202,ver-THA-0000193202.03,ipae (อีแปะ)(Peninsular),0.0,ref-THA-0000193202,TH,THA,https://botany.dnp.go.th/eflora/floraspecies.html?tdcode=00722,Forest Herbarium,All rights reserved,"Koompassia malaccensis. Flora of Thailand. Vol. 4. Part 1, 1984. Pg. 84. Accessed 2021-07-31",4,1
wfo-0000193202,ver-THA-0000193202.04,ma-ku-pa (มะกูปะ)(Malay-Peninsular),0.0,ref-THA-0000193202,TH,THA,https://botany.dnp.go.th/eflora/floraspecies.html?tdcode=00722,Forest Herbarium,All rights reserved,"Koompassia malaccensis. Flora of Thailand. Vol. 4. Part 1, 1984. Pg. 84. Accessed 2021-07-31",4,1
wfo-0000178769,ver-THA-0000178769.01,san ngoen (สารเงิน)(Northern),0.0,ref-THA-0000178769,TH,THA,https://botany.dnp.go.th/eflora/floraspecies.html?tdcode=00694,Forest Herbarium,All rights reserved,"Peltophorum pterocarpum. Flora of Thailand. Vol. 4. Part 1, 1984. Pg. 54. Accessed 2021-07-31",4,1
wfo-0000178769,ver-THA-0000178769.02,non si (นนทรี)(Central),0.0,ref-THA-0000178769,TH,THA,https://botany.dnp.go.th/eflora/floraspecies.html?tdcode=00694,Forest Herbarium,All rights reserved,"Peltophorum pterocarpum. Flora of Thailand. Vol. 4. Part 1, 1984. Pg. 54. Accessed 2021-07-31",4,1
wfo-0000178769,ver-THA-0000178769.03,kathin pa (กะถินป่า)(Southwestern),0.0,ref-THA-0000178769,TH,THA,https://botany.dnp.go.th/eflora/floraspecies.html?tdcode=00694,Forest Herbarium,All rights reserved,"Peltophorum pterocarpum. Flora of Thailand. Vol. 4. Part 1, 1984. Pg. 54. Accessed 2021-07-31",4,1
wfo-0000178769,ver-THA-0000178769.04,kathin daeng (กะถินแดง)(Southwestern),0.0,ref-THA-0000178769,TH,THA,https://botany.dnp.go.th/eflora/floraspecies.html?tdcode=00694,Forest Herbarium,All rights reserved,"Peltophorum pterocarpum. Flora of Thailand. Vol. 4. Part 1, 1984. Pg. 54. Accessed 2021-07-31",4,1
wfo-0000168391,ver-THA-0000168391.01,pradu daeng (ประดู่แดง)(Central),0.0,ref-THA-0000168391,TH,THA,https://botany.dnp.go.th/eflora/floraspecies.html?tdcode=00779,Forest Herbarium,All rights reserved,"Phyllocarpus septentrionalis. Flora of Thailand. Vol. 4. Part 1, 1984. Pg. 129. Accessed 2021-07-31",4,1
wfo-0000168391,ver-THA-0000168391.02,vasuthep (วาสุเทพ)(Central),0.0,ref-THA-0000168391,TH,THA,https://botany.dnp.go.th/eflora/floraspecies.html?tdcode=00779,Forest Herbarium,All rights reserved,"Phyllocarpus septentrionalis. Flora of Thailand. Vol. 4. Part 1, 1984. Pg. 129. Accessed 2021-07-31",4,1
wfo-0000199424,ver-THA-0000199424.01,kathaeo (กะแทว)(Northeastern),0.0,ref-THA-0000199424,TH,THA,https://botany.dnp.go.th/eflora/floraspecies.html?tdcode=00699,Forest Herbarium,All rights reserved,"Pterolobium integrum. Flora of Thailand. Vol. 4. Part 1, 1984. Pg. 61. Accessed 2021-07-31",4,1
wfo-0000199424,ver-THA-0000199424.02,khenthaeo (เค่นแทว)(Eastern),0.0,ref-THA-0000199424,TH,THA,https://botany.dnp.go.th/eflora/floraspecies.html?tdcode=00699,Forest Herbarium,All rights reserved,"Pterolobium integrum. Flora of Thailand. Vol. 4. Part 1, 1984. Pg. 61. Accessed 2021-07-31",4,1
wfo-0000199424,ver-THA-0000199424.03,thap phieo (ทับเพียว)(Eastern),0.0,ref-THA-0000199424,TH,THA,https://botany.dnp.go.th/eflora/floraspecies.html?tdcode=00699,Forest Herbarium,All rights reserved,"Pterolobium integrum. Flora of Thailand. Vol. 4. Part 1, 1984. Pg. 61. Accessed 2021-07-31",4,1
wfo-0000199424,ver-THA-0000199424.04,kaeo ta wai (แก้วตาไว)(Central),0.0,ref-THA-0000199424,TH,THA,https://botany.dnp.go.th/eflora/floraspecies.html?tdcode=00699,Forest Herbarium,All rights reserved,"Pterolobium integrum. Flora of Thailand. Vol. 4. Part 1, 1984. Pg. 61. Accessed 2021-07-31",4,1
wfo-0000199424,ver-THA-0000199424.05,kaeo mue wai (แก้วมือไว)(Central),0.0,ref-THA-0000199424,TH,THA,https://botany.dnp.go.th/eflora/floraspecies.html?tdcode=00699,Forest Herbarium,All rights reserved,"Pterolobium integrum. Flora of Thailand. Vol. 4. Part 1, 1984. Pg. 61. Accessed 2021-07-31",4,1
wfo-0000199424,ver-THA-0000199424.06,khi raet (ขี้แรด)(Southwestern),0.0,ref-THA-0000199424,TH,THA,https://botany.dnp.go.th/eflora/floraspecies.html?tdcode=00699,Forest Herbarium,All rights reserved,"Pterolobium integrum. Flora of Thailand. Vol. 4. Part 1, 1984. Pg. 61. Accessed 2021-07-31",4,1
wfo-0000196964,ver-THA-0000196964.01,nam chap (หนามจับ)(Northern),0.0,ref-THA-0000196964,TH,THA,https://botany.dnp.go.th/eflora/floraspecies.html?tdcode=00697,Forest Herbarium,All rights reserved,"Pterolobium macropterum. Flora of Thailand. Vol. 4. Part 1, 1984. Pg. 59. Accessed 2021-07-31",4,1
wfo-0000196964,ver-THA-0000196964.02,nam chai (หนามจาย)(Northern),0.0,ref-THA-0000196964,TH,THA,https://botany.dnp.go.th/eflora/floraspecies.html?tdcode=00697,Forest Herbarium,All rights reserved,"Pterolobium macropterum. Flora of Thailand. Vol. 4. Part 1, 1984. Pg. 59. Accessed 2021-07-31",4,1
wfo-0000196964,ver-THA-0000196964.03,nam chai daeng (หนามจายแดง)(Northern),0.0,ref-THA-0000196964,TH,THA,https://botany.dnp.go.th/eflora/floraspecies.html?tdcode=00697,Forest Herbarium,All rights reserved,"Pterolobium macropterum. Flora of Thailand. Vol. 4. Part 1, 1984. Pg. 59. Accessed 2021-07-31",4,1
wfo-0000196964,ver-THA-0000196964.04,khrua chai daeng (เครือจ๋ายแดง)(Northern),0.0,ref-THA-0000196964,TH,THA,https://botany.dnp.go.th/eflora/floraspecies.html?tdcode=00697,Forest Herbarium,All rights reserved,"Pterolobium macropterum. Flora of Thailand. Vol. 4. Part 1, 1984. Pg. 59. Accessed 2021-07-31",4,1
wfo-0000196964,ver-THA-0000196964.05,nam kathaeng (นามกะแทง)(Northeastern),0.0,ref-THA-0000196964,TH,THA,https://botany.dnp.go.th/eflora/floraspecies.html?tdcode=00697,Forest Herbarium,All rights reserved,"Pterolobium macropterum. Flora of Thailand. Vol. 4. Part 1, 1984. Pg. 59. Accessed 2021-07-31",4,1
wfo-0000196964,ver-THA-0000196964.06,kathaeo daeng (กะแทวแดง)(Northeastern),0.0,ref-THA-0000196964,TH,THA,https://botany.dnp.go.th/eflora/floraspecies.html?tdcode=00697,Forest Herbarium,All rights reserved,"Pterolobium macropterum. Flora of Thailand. Vol. 4. Part 1, 1984. Pg. 59. Accessed 2021-07-31",4,1
wfo-0000196964,ver-THA-0000196964.07,kaeo ta wai (แก้วตาไว)(Central),0.0,ref-THA-0000196964,TH,THA,https://botany.dnp.go.th/eflora/floraspecies.html?tdcode=00697,Forest Herbarium,All rights reserved,"Pterolobium macropterum. Flora of Thailand. Vol. 4. Part 1, 1984. Pg. 59. Accessed 2021-07-31",4,1
wfo-0000196964,ver-THA-0000196964.08,kaeo mue wai (แก้วมือไว)(Central),0.0,ref-THA-0000196964,TH,THA,https://botany.dnp.go.th/eflora/floraspecies.html?tdcode=00697,Forest Herbarium,All rights reserved,"Pterolobium macropterum. Flora of Thailand. Vol. 4. Part 1, 1984. Pg. 59. Accessed 2021-07-31",4,1
wfo-0000196964,ver-THA-0000196964.09,kle-sae (เกลแซ)(Karen-Northern),0.0,ref-THA-0000196964,TH,THA,https://botany.dnp.go.th/eflora/floraspecies.html?tdcode=00697,Forest Herbarium,All rights reserved,"Pterolobium macropterum. Flora of Thailand. Vol. 4. Part 1, 1984. Pg. 59. Accessed 2021-07-31",4,1
wfo-0000196964,ver-THA-0000196964.10,ta-cho-mae (ดาโฉ่แม)(Karen-Northern),0.0,ref-THA-0000196964,TH,THA,https://botany.dnp.go.th/eflora/floraspecies.html?tdcode=00697,Forest Herbarium,All rights reserved,"Pterolobium macropterum. Flora of Thailand. Vol. 4. Part 1, 1984. Pg. 59. Accessed 2021-07-31",4,1
wfo-0000196964,ver-THA-0000196964.11,si-ki-pho-da (สี่กีพอดะ)(Karen-Northern),0.0,ref-THA-0000196964,TH,THA,https://botany.dnp.go.th/eflora/floraspecies.html?tdcode=00697,Forest Herbarium,All rights reserved,"Pterolobium macropterum. Flora of Thailand. Vol. 4. Part 1, 1984. Pg. 59. Accessed 2021-07-31",4,1
wfo-0000199426,ver-THA-0000199426.01,kaeo mue wai (แก้วมือไว)(Northern),0.0,ref-THA-0000199426,TH,THA,https://botany.dnp.go.th/eflora/floraspecies.html?tdcode=00698,Forest Herbarium,All rights reserved,"Pterolobium micranthum. Flora of Thailand. Vol. 4. Part 1, 1984. Pg. 59. Accessed 2021-07-31",4,1
wfo-0000199426,ver-THA-0000199426.02,thao klam ta nu (เถากล่ำตาหนู)(Northern),0.0,ref-THA-0000199426,TH,THA,https://botany.dnp.go.th/eflora/floraspecies.html?tdcode=00698,Forest Herbarium,All rights reserved,"Pterolobium micranthum. Flora of Thailand. Vol. 4. Part 1, 1984. Pg. 59. Accessed 2021-07-31",4,1
wfo-0000199426,ver-THA-0000199426.03,thao nam han (เถาหนามหัน)(Southwestern)(Northern),0.0,ref-THA-0000199426,TH,THA,https://botany.dnp.go.th/eflora/floraspecies.html?tdcode=00698,Forest Herbarium,All rights reserved,"Pterolobium micranthum. Flora of Thailand. Vol. 4. Part 1, 1984. Pg. 59. Accessed 2021-07-31",4,1
wfo-0000199426,ver-THA-0000199426.04,phaya the khrua (พญาเทครัว)(Northern),0.0,ref-THA-0000199426,TH,THA,https://botany.dnp.go.th/eflora/floraspecies.html?tdcode=00698,Forest Herbarium,All rights reserved,"Pterolobium micranthum. Flora of Thailand. Vol. 4. Part 1, 1984. Pg. 59. Accessed 2021-07-31",4,1
wfo-0000199427,ver-THA-0000199427.01,khamchat (คำชาด)(Southeastern),0.0,ref-THA-0000199427,TH,THA,https://botany.dnp.go.th/eflora/floraspecies.html?tdcode=00696,Forest Herbarium,All rights reserved,"Pterolobium microphyllum. Flora of Thailand. Vol. 4. Part 1, 1984. Pg. 57. Accessed 2021-07-31",4,1
wfo-0000199427,ver-THA-0000199427.02,thephi (เทพี)(Southeastern),0.0,ref-THA-0000199427,TH,THA,https://botany.dnp.go.th/eflora/floraspecies.html?tdcode=00696,Forest Herbarium,All rights reserved,"Pterolobium microphyllum. Flora of Thailand. Vol. 4. Part 1, 1984. Pg. 57. Accessed 2021-07-31",4,1
wfo-0000199427,ver-THA-0000199427.03,kha ngai (คะงาย)(Peninsular),0.0,ref-THA-0000199427,TH,THA,https://botany.dnp.go.th/eflora/floraspecies.html?tdcode=00696,Forest Herbarium,All rights reserved,"Pterolobium microphyllum. Flora of Thailand. Vol. 4. Part 1, 1984. Pg. 57. Accessed 2021-07-31",4,1
wfo-0000199427,ver-THA-0000199427.04,yan ngai (ย่านงาย)(Peninsular),0.0,ref-THA-0000199427,TH,THA,https://botany.dnp.go.th/eflora/floraspecies.html?tdcode=00696,Forest Herbarium,All rights reserved,"Pterolobium microphyllum. Flora of Thailand. Vol. 4. Part 1, 1984. Pg. 57. Accessed 2021-07-31",4,1
wfo-0000170646,ver-THA-0000170646.01,sorn suk (สมสุก)(Northern),0.0,ref-THA-0000170646,TH,THA,https://botany.dnp.go.th/eflora/floraspecies.html?tdcode=00739,Forest Herbarium,All rights reserved,"Saraca indica. Flora of Thailand. Vol. 4. Part 1, 1984. Pg. 97. Accessed 2021-07-31",4,1
wfo-0000170646,ver-THA-0000170646.02,"sok (โสก)(Eastern, Central, Peninsular)",0.0,ref-THA-0000170646,TH,THA,https://botany.dnp.go.th/eflora/floraspecies.html?tdcode=00739,Forest Herbarium,All rights reserved,"Saraca indica. Flora of Thailand. Vol. 4. Part 1, 1984. Pg. 97. Accessed 2021-07-31",4,1
wfo-0000170646,ver-THA-0000170646.03,sok nam (โสกน้ำ)(Peninsular),0.0,ref-THA-0000170646,TH,THA,https://botany.dnp.go.th/eflora/floraspecies.html?tdcode=00739,Forest Herbarium,All rights reserved,"Saraca indica. Flora of Thailand. Vol. 4. Part 1, 1984. Pg. 97. Accessed 2021-07-31",4,1
wfo-0000170646,ver-THA-0000170646.04,i-sok (อีโสก)(Peninsular),0.0,ref-THA-0000170646,TH,THA,https://botany.dnp.go.th/eflora/floraspecies.html?tdcode=00739,Forest Herbarium,All rights reserved,"Saraca indica. Flora of Thailand. Vol. 4. Part 1, 1984. Pg. 97. Accessed 2021-07-31",4,1
wfo-0000170646,ver-THA-0000170646.05,i-so (อีโส)(Peninsular),0.0,ref-THA-0000170646,TH,THA,https://botany.dnp.go.th/eflora/floraspecies.html?tdcode=00739,Forest Herbarium,All rights reserved,"Saraca indica. Flora of Thailand. Vol. 4. Part 1, 1984. Pg. 97. Accessed 2021-07-31",4,1
wfo-0000170646,ver-THA-0000170646.06,so pho da (โสโพดา)(Peninsular),0.0,ref-THA-0000170646,TH,THA,https://botany.dnp.go.th/eflora/floraspecies.html?tdcode=00739,Forest Herbarium,All rights reserved,"Saraca indica. Flora of Thailand. Vol. 4. Part 1, 1984. Pg. 97. Accessed 2021-07-31",4,1
wfo-0000170646,ver-THA-0000170646.07,da-do-li-to (ตะโดลีเต๊าะ)(Malay-Peninsular),0.0,ref-THA-0000170646,TH,THA,https://botany.dnp.go.th/eflora/floraspecies.html?tdcode=00739,Forest Herbarium,All rights reserved,"Saraca indica. Flora of Thailand. Vol. 4. Part 1, 1984. Pg. 97. Accessed 2021-07-31",4,1
wfo-0000199668,ver-THA-0000199668.01,"sok lueang (โสกเหลือง)(Notthern, Peninsular)",0.0,ref-THA-0000199668,TH,THA,https://botany.dnp.go.th/eflora/floraspecies.html?tdcode=00737,Forest Herbarium,All rights reserved,"Saraca thaipingensis. Flora of Thailand. Vol. 4. Part 1, 1984. Pg. 95. Accessed 2021-07-31",4,1
wfo-0000199668,ver-THA-0000199668.02,sok pa (โสกป่า)(Peninsular),0.0,ref-THA-0000199668,TH,THA,https://botany.dnp.go.th/eflora/floraspecies.html?tdcode=00737,Forest Herbarium,All rights reserved,"Saraca thaipingensis. Flora of Thailand. Vol. 4. Part 1, 1984. Pg. 95. Accessed 2021-07-31",4,1
wfo-0000199668,ver-THA-0000199668.03,sok nam (โสกน้ำ)(Peninsular),0.0,ref-THA-0000199668,TH,THA,https://botany.dnp.go.th/eflora/floraspecies.html?tdcode=00737,Forest Herbarium,All rights reserved,"Saraca thaipingensis. Flora of Thailand. Vol. 4. Part 1, 1984. Pg. 95. Accessed 2021-07-31",4,1
wfo-0000199668,ver-THA-0000199668.04,sok yai (โสกใหญ่)(Peninsular),0.0,ref-THA-0000199668,TH,THA,https://botany.dnp.go.th/eflora/floraspecies.html?tdcode=00737,Forest Herbarium,All rights reserved,"Saraca thaipingensis. Flora of Thailand. Vol. 4. Part 1, 1984. Pg. 95. Accessed 2021-07-31",4,1
wfo-0000199668,ver-THA-0000199668.05,mo-do-lo (มอดอเลาะ)(Malay-Peninsular),0.0,ref-THA-0000199668,TH,THA,https://botany.dnp.go.th/eflora/floraspecies.html?tdcode=00737,Forest Herbarium,All rights reserved,"Saraca thaipingensis. Flora of Thailand. Vol. 4. Part 1, 1984. Pg. 95. Accessed 2021-07-31",4,1
wfo-0000199670,ver-THA-0000199670.01,ai kling (อ้ายกลิ้ง)(Peninsular),0.0,ref-THA-0000199670,TH,THA,https://botany.dnp.go.th/eflora/floraspecies.html?tdcode=00741,Forest Herbarium,All rights reserved,"Sindora coriacea. Flora of Thailand. Vol. 4. Part 1, 1984. Pg. 98. Accessed 2021-07-31",4,1
wfo-0000199670,ver-THA-0000199670.02,kling (กลิ้ง)(Peninsular),0.0,ref-THA-0000199670,TH,THA,https://botany.dnp.go.th/eflora/floraspecies.html?tdcode=00741,Forest Herbarium,All rights reserved,"Sindora coriacea. Flora of Thailand. Vol. 4. Part 1, 1984. Pg. 98. Accessed 2021-07-31",4,1
wfo-0000199670,ver-THA-0000199670.03,kha man (ค่ามัน)(Peninsular),0.0,ref-THA-0000199670,TH,THA,https://botany.dnp.go.th/eflora/floraspecies.html?tdcode=00741,Forest Herbarium,All rights reserved,"Sindora coriacea. Flora of Thailand. Vol. 4. Part 1, 1984. Pg. 98. Accessed 2021-07-31",4,1
wfo-0000199673,ver-THA-0000199673.01,makha (มะคะ)(Peninsular),0.0,ref-THA-0000199673,TH,THA,https://botany.dnp.go.th/eflora/floraspecies.html?tdcode=00742,Forest Herbarium,All rights reserved,"Sindora echinocalyx. Flora of Thailand. Vol. 4. Part 1, 1984. Pg. 99. Accessed 2021-07-31",4,1
wfo-0000199673,ver-THA-0000199673.02,makha khanang (มะคะขานาง)(Peninsular),0.0,ref-THA-0000199673,TH,THA,https://botany.dnp.go.th/eflora/floraspecies.html?tdcode=00742,Forest Herbarium,All rights reserved,"Sindora echinocalyx. Flora of Thailand. Vol. 4. Part 1, 1984. Pg. 99. Accessed 2021-07-31",4,1
wfo-0000199673,ver-THA-0000199673.03,ka-te (กะเต)(Malay Peninsular),0.0,ref-THA-0000199673,TH,THA,https://botany.dnp.go.th/eflora/floraspecies.html?tdcode=00742,Forest Herbarium,All rights reserved,"Sindora echinocalyx. Flora of Thailand. Vol. 4. Part 1, 1984. Pg. 99. Accessed 2021-07-31",4,1
wfo-0000170926,ver-THA-0000170926.01,makham (มะขาม)(General),0.0,ref-THA-0000170926,TH,THA,https://botany.dnp.go.th/eflora/floraspecies.html?tdcode=00772,Forest Herbarium,All rights reserved,"Tamarindus indica. Flora of Thailand. Vol. 4. Part 1, 1984. Pg. 124. Accessed 2021-07-31",4,1
wfo-0000170926,ver-THA-0000170926.02,mak-kaeng (มักแกง)(Shan-Northem)(Chaobon-Eastern),0.0,ref-THA-0000170926,TH,THA,https://botany.dnp.go.th/eflora/floraspecies.html?tdcode=00772,Forest Herbarium,All rights reserved,"Tamarindus indica. Flora of Thailand. Vol. 4. Part 1, 1984. Pg. 124. Accessed 2021-07-31",4,1
wfo-0000170926,ver-THA-0000170926.03,ta-lup (ตะลูบ)(Chaobon-Eastern),0.0,ref-THA-0000170926,TH,THA,https://botany.dnp.go.th/eflora/floraspecies.html?tdcode=00772,Forest Herbarium,All rights reserved,"Tamarindus indica. Flora of Thailand. Vol. 4. Part 1, 1984. Pg. 124. Accessed 2021-07-31",4,1
wfo-0000170926,ver-THA-0000170926.04,mot-le (มอดแล)(Karen-Northern),0.0,ref-THA-0000170926,TH,THA,https://botany.dnp.go.th/eflora/floraspecies.html?tdcode=00772,Forest Herbarium,All rights reserved,"Tamarindus indica. Flora of Thailand. Vol. 4. Part 1, 1984. Pg. 124. Accessed 2021-07-31",4,1
wfo-0000170926,ver-THA-0000170926.05,sa-mo-kle (ล่ามอเกล)(Karen-Northern),0.0,ref-THA-0000170926,TH,THA,https://botany.dnp.go.th/eflora/floraspecies.html?tdcode=00772,Forest Herbarium,All rights reserved,"Tamarindus indica. Flora of Thailand. Vol. 4. Part 1, 1984. Pg. 124. Accessed 2021-07-31",4,1
wfo-0000170926,ver-THA-0000170926.06,mong-khlong (ม่องโคล้ง)(Karen-Southwestern),0.0,ref-THA-0000170926,TH,THA,https://botany.dnp.go.th/eflora/floraspecies.html?tdcode=00772,Forest Herbarium,All rights reserved,"Tamarindus indica. Flora of Thailand. Vol. 4. Part 1, 1984. Pg. 124. Accessed 2021-07-31",4,1
wfo-0000170926,ver-THA-0000170926.07,am-pial (อำเปียล)(Khmer-Eastern),0.0,ref-THA-0000170926,TH,THA,https://botany.dnp.go.th/eflora/floraspecies.html?tdcode=00772,Forest Herbarium,All rights reserved,"Tamarindus indica. Flora of Thailand. Vol. 4. Part 1, 1984. Pg. 124. Accessed 2021-07-31",4,1
