taxonID,description,type,language,contributor,audience,rightsHolder,creator,source,rights,license
wfo-0000380986,"alt. 170-1600 m. Prairie saxicole, forêt-galerie ou le long de cours d'eau, parfois forêt submontagnarde, forêt primaire. Herbacée terrestre ou saxicole, parfois même épiphyte sur petit arbre à 5 m au-dessus du sol.",Habitat,fre,,,,,ref-Gbn-0000380986,,
wfo-0000381877,"alt. 500-2400 m. Sol argileux fin grisâtre très humide, prairie d'altitude, bordure de dembo et boisement clair à Brachystegia ou autre boisement ouvert.",Habitat,fre,,,,,ref-Gbn-0000381877,,
wfo-0000382672,"alt. 800-1800 m. Formation herbeuse, bordure de dembo, boisement clair à hautes herbes.",Habitat,fre,,,,,ref-Gbn-0000382672,,
wfo-0000934854,alt. 600 m. Sur tronc d'arbre couvert de mousse.,Habitat,fre,,,,,ref-Gbn-0000934854,,
wfo-0000332696,"herbacée terrestre en forêt primaire, sur sable, en bord de ruisseau.",Habitat,fre,,,,,ref-Gbn-0000332696,,
wfo-0000978084,"alt. 550-2400 m. Savane, forêt, fourré à Brachystegia, Combretum.",Habitat,fre,,,,,ref-Gbn-0000978084,,
wfo-0000978459,"alt. 0-1500 m. Savane côtière ou marécageuse, forêt ombrophile de plaine sur tronc et aisselle de branche de plusieurs espèces d'arbres, parmi les fougères et les mousses, mais surtout sur Elaeis guineensis, parfois aussi sur roche nue dans le lit d'un ruisseau ou aux endroits très ensoleillés.",Habitat,fre,,,,,ref-Gbn-0000978459,,
wfo-0000978717,"alt. 170-600 m. Forêt, mangrove, boisement en bord de rivière; herbacée terrestre ou saxicole ou épiphyte sur tronc d'arbre.",Habitat,fre,,,,,ref-Gbn-0000978717,,
wfo-0000978950,"alt. 50- ? m. Rocher moussu près de cours d'eau, en forêt submontagnarde; herbacée terrestre, lithophyte et épiphyte à 2 m au dessus du sol.",Habitat,fre,,,,,ref-Gbn-0000978950,,
wfo-0000978971,"alt. 600-1800 m. Prairie humide, dembo, savane.",Habitat,fre,,,,,ref-Gbn-0000978971,,
wfo-0000977281,"alt. 400-600 m. Herbacée terrestre de forêt ombrophile, primaire ou secondaire, forêt inondable à Sapotaceae, savane, lieu marécageux ouvert.",Habitat,fre,,,,,ref-Gbn-0000977281,,
wfo-0000977676,"alt. 80-2100 m. Herbacée terrestre sur sable pur ou sol argileux grisâtre fin et humide, en savane et prairie rase humide ou inondable.",Habitat,fre,,,,,ref-Gbn-0000977676,,
wfo-0000978626,"alt. 0-2550 m. Marécage, prairie humide sur sol mal drainé.",Habitat,fre,,,,,ref-Gbn-0000978626,,
wfo-0000279233,"alt. 350-1500 m. Forêt sempervirente, ripicole dense, semi-décidue à Sterculiaceae-Ulmaceae, galerie forestière.",Habitat,fre,,,,,ref-Gbn-0000279233,,
wfo-0000295572,inconnue.,Habitat,fre,,,,,ref-Gbn-0000295572,,
wfo-0000274896,"alt. 80-1500 m. Herbacée terrestre sur terreau grisâtre humide, sol sableux, marais humide, savane humide à très humide, prairie sableuse (à Pennisetum).",Habitat,fre,,,,,ref-Gbn-0000274896,,
wfo-0000925741,"alt. 0-1400 m. Forêt sempervirente en général de basse terre, en sous-bois très ombragé.",Habitat,fre,,,,,ref-Gbn-0000925741,,
wfo-0000979055,Au pied de rochers très humides en forêt. alt. 850-950 m.,Habitat,fre,,,,,ref-Gbn-0000979055,,
wfo-0000841507,"alt. 0-1158 m. Herbacée terrestre en forêt primaire humide de basse altitude et de contrefort montagneux, parfois sur rocher humide moussu à demi ombragé.",Habitat,fre,,,,,ref-Gbn-0000841507,,
wfo-0000841704,alt. 900-2450 m. A l'ombre épaisse du feuillage de l'étage forestier de forêt submontagnarde et de contrefort montagnard humide.,Habitat,fre,,,,,ref-Gbn-0000841704,,
wfo-0000335285,"alt. 400-1650 m. Lieu très ombragé, sur l'humus et sur rocher au fond de forêt ombrophile, près de rivière et chute d'eau.",Habitat,fre,,,,,ref-Gbn-0000335285,,
wfo-0000335298,alt. 300-650 m. Plante terrestre en galerie forestière et forêt ombrophile.,Habitat,fre,,,,,ref-Gbn-0000335298,,
wfo-0000335383,alt. 0-900 m. Forêt et zone boisée de basse altitude.,Habitat,fre,,,,,ref-Gbn-0000335383,,
wfo-0000981860,alt. 650-900 m. Herbacée terrestre en forêt dense humide de plaine et de contrefort montagneux.,Habitat,fre,,,,,ref-Gbn-0000981860,,
wfo-0000981875,"alt. 760 m. Herbacée terrestre de forêt humide, forêt primaire ombrophile.",Habitat,fre,,,,,ref-Gbn-0000981875,,
wfo-0000981919,en forêt sur sol détrempé.,Habitat,fre,,,,,ref-Gbn-0000981919,,
wfo-0000236007,"alt. 0-1200 m. Forêt primaire, forêt dense humide de basse altitude et de contrefort montagneux.",Habitat,fre,,,,,ref-Gbn-0000236007,,
wfo-0000942767,"alt. 200-650 m. Herbacée terrestre en forêt primaire et secondaire, ombro-phile, marécageuse ou rivulaire, en vallée marécageuse bordée de pentes forestées ou sous embrun de chute d'eau ou sur pente escarpée humide.",Habitat,fre,,,,,ref-Gbn-0000942767,,
wfo-0000331398,"alt. 0-900 m. Forêt secondaire ou non, parfois inondée au moins en partie en saison des pluies, en buisson dense sur flamboyant ou en plantation.",Habitat,fre,,,,,ref-Gbn-0000331398,,
wfo-0000331465,forêt secondaire.,Habitat,fre,,,,,ref-Gbn-0000331465,,
wfo-0000331474,alt. 975 m.,Habitat,fre,,,,,ref-Gbn-0000331474,,
wfo-0000331479,forêt.,Habitat,fre,,,,,ref-Gbn-0000331479,,
wfo-0000331484,"alt. 650-1200 m. Liane montant au-dessus de la voûte forestière ainsi que sur tronc ombragé, en forêt-galerie; en marécage boisé à Raphia et à Pandanus.",Habitat,fre,,,,,ref-Gbn-0000331484,,
wfo-0000251634,"boisement très ombrophile, prairie submontagnarde, bordure de forêt ripi-cole, plantation de pins.",Habitat,fre,,,,,ref-Gbn-0000251634,,
wfo-0000251646,"alt. 600-1100 m. Forêt ripicole dans les embruns de chute d'eau, fourré à Syzygium.",Habitat,fre,,,,,ref-Gbn-0000251646,,
wfo-0000251721,"alt. 900-1470 m. Forêt dense humide, boisement à Brachystegia, prairie, dembo, plantation de pins.",Habitat,fre,,,,,ref-Gbn-0000251721,,
wfo-0000970170,"alt. 70-1100 m. Èpiphyte à < 2,5 m au-dessus du sol, sur un tronc surplombant une rivière ainsi que sur rocher ombragé, souvent sur épaisse couche de mousse, sur escarpement foresté d'un affluent, en végétation sur banc de rivière et en forêt ombrophile.",Habitat,fre,,,,,ref-Gbn-0000970170,,
wfo-0000970175,"alt. 100 m. Èpiphyte sur arbre penché sur rivière, en forêt.",Habitat,fre,,,,,ref-Gbn-0000970175,,
wfo-0000765414,"alt. 900-1700 m. Herbacée terrestre à l'ombre de forêt sempervirente et ripicole, souvent près de cours d'eau et en lieu inondable.",Habitat,fre,,,,,ref-Gbn-0000765414,,
wfo-0001339167,forêts humides; à 340-430 m d'altitude.,Habitat,fre,,,,,ref-Gbn-0001339167,,
wfo-0000268054,alt. 0-750 m. Herbacée terrestre croissant à l'ombre de forêt.,Habitat,fre,,,,,ref-Gbn-0000268054,,
wfo-0000268071,"alt. 1150-1500 m. Prairie saisonnièrement humide, inondable ou dembo.",Habitat,fre,,,,,ref-Gbn-0000268071,,
wfo-0000317119,"alt. 620 m. Èpiphyte récolté sur palmier à huile et autres arbres, en forêt ripicole, en lieu très ombragé le long de cours d'eau, et même trouvé une fois sur un Ancistrorhynchus capitatus.",Habitat,fre,,,,,ref-Gbn-0000317119,,
wfo-0000227937,"alt. 900-1000 m. Sur le sol et sur roc couvert de mousse, endroit ouvert en forêt à Leonardoxa.",Habitat,fre,,,,,ref-Gbn-0000227937,,
wfo-0000228073,"alt. 1700-3200 m. Herbacée terrestre ou épiphyte, dans la mousse et feuilles décomposées, sur roc et arbre abattu, à l'ombre près de rivière.",Habitat,fre,,,,,ref-Gbn-0000228073,,
wfo-0000228118,alt. 300-2440 m. Epiphyte à la couronne ou sur tronc de grand arbre de forêt; récoltée dans une vieille forêt.,Habitat,fre,,,,,ref-Gbn-0000228118,,
wfo-0000228193,alt. 800-900 m. Plante terrestre.,Habitat,fre,,,,,ref-Gbn-0000228193,,
wfo-0000228357,"alt. 80-1800 m. Herbacée terrestre en prairie marécageuse, périodiquement inondée et balayée par les feux, marécage, forêt à Chrysobalanus icaco et Syzygium gui-neense dominant, bordure de mangrove, forêt ombrophile de basse terre, forêt secondaire, savane paturée à Daniellia et Lophira, savane surpâturée par le bétail, parfois sur du sable pur, lithophyte sur roc de banc de rivière, épiphyte à 2,5 m du sol sur tronc de palmier à huile, en plein soleil et à l'ombre.",Habitat,fre,,,,,ref-Gbn-0000228357,,
wfo-0000228592,"alt. 20-1800 m. Epiphyte sur arbre et fougère arborescente en lieu humide, boisement à Brachystegia, Uapaca et Anogeissus, récolté sur tronc moussu en forêt marécageuse à. 2-3 m ou plus au-dessus du sol.",Habitat,fre,,,,,ref-Gbn-0000228592,,
wfo-0000252727,"alt. 430-1250 m. Èpiphyte sur fût de grand arbre de forêt en ravin humide et ombragé en forêt ombrophile, mais observé aussi sur le tronc d'un Rinorea sp.",Habitat,fre,,,,,ref-Gbn-0000252727,,
wfo-0000461348,alt. 0-900 m. Epiphyte sur le tronc et à la couronne des arbres en forêt primaire sempervirente et semidécidue.,Habitat,fre,,,,,ref-Gbn-0000461348,,
wfo-0000496778,"alt. 0-750 m. Epiphyte sur liane, à la couronne et sur écorce d'arbres, dans divers types de forêt: primaire, marécageuse, dégradée, exploitée; de basse altitude et côtière.",Habitat,fre,,,,,ref-Gbn-0000496778,,
wfo-0000584629,alt. 0-500 m. Èpiphyte sur branche de grand arbre en forêt primaire et en relique forestière en savane.,Habitat,fre,,,,,ref-Gbn-0000584629,,
wfo-0000609699,épiphyte; forêt primaire.,Habitat,fre,,,,,ref-Gbn-0000609699,,
wfo-0000614894,"alt. 0-800 m. Èpiphyte à la couronne et sur écorce d' arbre de forêt primaire et de forêt exploitée, récolté sur un Dacryodes sp.",Habitat,fre,,,,,ref-Gbn-0000614894,,
wfo-0000629029,alt. 570 m. Epiphyte sur arbre mort en forêt primaire.,Habitat,fre,,,,,ref-Gbn-0000629029,,
wfo-0000469327,"alt. 0-1100 m. Epiphyte en forêt de basse altitude ombrophile, semi-déci-due et forêt submontagnarde, mangrove, forêt primaire et secondaire ancienne, plantation de cacao.",Habitat,fre,,,,,ref-Gbn-0000469327,,
wfo-0000470146,alt. 0-850 m. Forêt planitiaire et collinéenne. Epiphyte.,Habitat,fre,,,,,ref-Gbn-0000470146,,
wfo-0000476155,"alt. 0-1000 m. Epiphyte de savane côtière, forêt planitiaire et submontagnarde, forêt marécageuse, sur tronc mouillé en permanence ainsi que sur arbre abattu.",Habitat,fre,,,,,ref-Gbn-0000476155,,
wfo-0000500287,épiphyte en forêt planitiaire et montagnarde.,Habitat,fre,,,,,ref-Gbn-0000500287,,
wfo-0000513082,"alt. 0-800 m. Epiphyte; forêt planitiaire à submontagnarde, parfois en forêt littorale, plantation et forêt secondaire.",Habitat,fre,,,,,ref-Gbn-0000513082,,
wfo-0000546289,alt. 0-800 m. Epiphyte sur l'écorce à la couronne des arbres de forêt plani-tiaire et submontagnarde et de mangrove.,Habitat,fre,,,,,ref-Gbn-0000546289,,
wfo-0000551120,"aIt. 0-1500 m. Épiphyte sur tronc en forêt planitiaire primaire et secondaire et en forêt montagnarde ou ripicole, en forêt à Aucoumea-Brachystegia ou boisement décidu mixte.",Habitat,fre,,,,,ref-Gbn-0000551120,,
wfo-0000645088,forêts ombrophiles ou galeries forestières; alt. 0-1600 m.,Habitat,fre,,,,,ref-Gbn-0000645088,,
wfo-0000595005,"alt. 300-400 m. Épiphyte sur tronc à 25-30 m au-dessus du sol, en forêt pla-nitiaire secondaire.",Habitat,fre,,,,,ref-Gbn-0000595005,,
wfo-0000600560,"alt. 400 m. Epiphyte; basse terre, forêt secondaire.",Habitat,fre,,,,,ref-Gbn-0000600560,,
wfo-0000610435,"alt. 200-2100 m. Epiphyte, parfois lithophyte en forêt primaire et secondaire, planitiaire à montagnarde, et dans des boisements à Brachystegia.",Habitat,fre,,,,,ref-Gbn-0000610435,,
wfo-0000613481,"alt. 0-2300 m. Épiphyte souvent très exposé en forêt ombrophile, plani-tiaire, primaire, semi-décidue ou montagnarde, boisement à Brachystegia, parfois en forêt secondaire; récolté sur Elaeophorbia cf. grandifolia; parfois lithophyte.",Habitat,fre,,,,,ref-Gbn-0000613481,,
wfo-0000626512,"alt. 0-1000 m. Epiphyte sur tronc ou branche à 20-30 m au-dessus du sol en forêt planitiaire à submontagnarde, parfois en forêt secondaire.",Habitat,fre,,,,,ref-Gbn-0000626512,,
wfo-0000648110,"alt. 0-1800 m. Epiphyte sur tronc et branche à <30 m au-dessus du sol, rarement lithophyte, parfois récolté sur roche nue; forêt planitiaire, reste de forêt en savane, forêt montagnarde, littorale, plantation de café, forêt basse à Chrysobalanus icaco et Syzygium guineense dominants, forêt de mangrove et mangrove.",Habitat,fre,,,,,ref-Gbn-0000648110,,
wfo-0000462403,alt. 640-2400 m. Epiphyte en forêt primaire de montagne.,Habitat,fre,,,,,ref-Gbn-0000462403,,
wfo-0000494731,épiphyte en forêt planitiaire et mangrove.,Habitat,fre,,,,,ref-Gbn-0000494731,,
wfo-0000501099,"alt. 0-1000 m. Epiphyte en forêt planitiaire et collinéenne, récolté à 2 m au-dessus du sol sur branche de Dacryodes edulis.",Habitat,fre,,,,,ref-Gbn-0000501099,,
wfo-0000552511,"alt. 0-2100 m. Epiphyte en forêt planitiaire et montagnarde, forêt secondaire à Lophira alata, boisement à Brachystegia, sur branche et tronc, ou lithophyte sur roche couverte de lichens ou de mousses.",Habitat,fre,,,,,ref-Gbn-0000552511,,
wfo-0000572190,"alt. 160-750 m. Épiphyte, 2-10 m au-dessus du sol, souvent récolté sur branche morte en forêt planitiaire à montagnarde, parfois forêt ou fourré à Brachystegia, parfois lithophyte.",Habitat,fre,,,,,ref-Gbn-0000572190,,
wfo-0000577252,forêt de plaine. Épiphyte sur Pandanus.,Habitat,fre,,,,,ref-Gbn-0000577252,,
wfo-0000469769,épiphyte sur tronc. Forêt primaire de plaine; récolté une fois sur Gilbertiodendron dewevrei.,Habitat,fre,,,,,ref-Gbn-0000469769,,
wfo-0000470171,épiphyte; forêt planitaire à montagnarde; récolté sur grosse branche d'un Aucoumea klaineana,Habitat,fre,,,,,ref-Gbn-0000470171,,
wfo-0000475565,alt. 0-2000 m. Epiphyte sur branche d'arbre; forêt planitiaire à submontagnarde; forêt primaire périodiquement inondée à Gilbertiodendron.,Habitat,fre,,,,,ref-Gbn-0000475565,,
wfo-0000517567,"alt. 300-600 m. Epiphyte sur branche et tronc; forêt planitiaire submontagnarde et montagnarde, prairie, rare en boisement à Brachystegia; parfois lithophyte.",Habitat,fre,,,,,ref-Gbn-0000517567,,
wfo-0000519149,alt. 0-700 m. Epiphyte sur branche; observé à 30 m au-dessus du sol; forêt planitiaire à montagnarde.,Habitat,fre,,,,,ref-Gbn-0000519149,,
wfo-0000563069,alt. 0-1200 m. Epiphyte sur branche; forêt planitiaire à submontagnarde.,Habitat,fre,,,,,ref-Gbn-0000563069,,
wfo-0000574745,"alt. 0-500 m. Epiphyte sur branche et tronc d'arbre; forêt en plaine et sur relief, relique forestière en savane, récolté sur Euphorbia.",Habitat,fre,,,,,ref-Gbn-0000574745,,
wfo-0000593672,"alt. 0-1900 m. Epiphyte sur tronc et branche; forêt planitiaire, littorale, primaire ombrophile, montagnarde, relique forestière en savane; récolté entre 1 et 30 m au-dessus du sol, parfois lithophyte.",Habitat,fre,,,,,ref-Gbn-0000593672,,
wfo-0000614787,"alt. 0-2000 m. Epiphyte ou lihtophyte; forêt de basse à haute altitude, relique forestière en savane, forêt dégradée et forêt exploitée.",Habitat,fre,,,,,ref-Gbn-0000614787,,
wfo-0000647598,"alt. 0-500 m. Épiphyte parmi les mousses et des Peperomia (Hallé 3244), récolté sur branche d'arbre mort à 2 m au-dessus du sol; forêt sur relief.",Habitat,fre,,,,,ref-Gbn-0000647598,,
wfo-0000971936,"alt. 1100-1400 m. Epiphyte; savane, forêt ombrophile primaire et marécageuse; récolté en mangrove sur branche d'un Rhizophora, ainsi que sur un Sysygium gui-neense et un Manilkara.",Habitat,fre,,,,,ref-Gbn-0000971936,,
wfo-0000971940,alt.? Épiphyte; forêt dense humide de plaine et de contrefort montagneux.,Habitat,fre,,,,,ref-Gbn-0000971940,,
wfo-0000429369,alt. 100 m. Épiphyte sur fût couvert de lichens exposé du fait de son émergence.,Habitat,fre,,,,,ref-Gbn-0000429369,,
wfo-0000280567,"alt. 0-600 m. Épiphyte sur paroi granitique subverticale, vers 25 m de hauteur, avec Parmelia sp.",Habitat,fre,,,,,ref-Gbn-0000280567,,
wfo-0000280618,alt. inconnue. Épiphyte sur tronc et branche principale en savane boisée.,Habitat,fre,,,,,ref-Gbn-0000280618,,
wfo-0000280681,alt. 0- 950 m. Epiphyte sur arbre de mangrove et forêt sublittorale.,Habitat,fre,,,,,ref-Gbn-0000280681,,
wfo-0000280228,"alt. 0-1 350 m. épiphyte en forêt humide, forêt ombrophile atlantique à Légumineuses et forêt rivulaire, observé sur tronc de Gilbertiodendron dewevrei.",Habitat,fre,,,,,ref-Gbn-0000280228,,
wfo-0000280535,alt. 0-900 m. Épiphyte en forêt humide de basse altitude.,Habitat,fre,,,,,ref-Gbn-0000280535,,
wfo-0000280663,alt. Inconnue. Épiphyte.,Habitat,fre,,,,,ref-Gbn-0000280663,,
wfo-0000280330,"alt. 500-2 950 m. Épiphyte en forêt dense, forêt montagnarde ou lithophyte.",Habitat,fre,,,,,ref-Gbn-0000280330,,
wfo-0000280381,alt. 650-1 650 m. Épiphyte sur branche couverte de lichens ou sur tronc à  3 m au-dessus du sol.,Habitat,fre,,,,,ref-Gbn-0000280381,,
wfo-0000280384,alt. 400-1000 m. Épiphyte en forêt dense humide de plaine ou submontagnarde.,Habitat,fre,,,,,ref-Gbn-0000280384,,
wfo-0000280452,alt inconnue.,Habitat,fre,,,,,ref-Gbn-0000280452,,
wfo-0000280467,"alt. 0-300 m. Épiphyte à 2 m de hauteur, sommet de colline baigné d'humidité.",Habitat,fre,,,,,ref-Gbn-0000280467,,
wfo-0000280230,"alt. 800-1850 m. Épiphyte en forêt dense humide, forêt de brouillard ou lithophyte.",Habitat,fre,,,,,ref-Gbn-0000280230,,
wfo-0000280264,"alt. 1 000-2 500 m. Épiphyte en forêt de montagne, forêt sclérophylle sur lave, bambousaie, formation marécageuse.",Habitat,fre,,,,,ref-Gbn-0000280264,,
wfo-0000280290,"alt. 900-3 500 m. Épiphyte en forêt à mousses de basse altitude; galeries forestières, rencontré notamment sur Syzygium cordatum.",Habitat,fre,,,,,ref-Gbn-0000280290,,
wfo-0000280380,épiphyte en forêt humide de basse altitude.,Habitat,fre,,,,,ref-Gbn-0000280380,,
wfo-0000280461,"alt. 500-1 500 m. Épiphyte en forêt dense humide de basse altitude et som-mitale, forêt sublittorale, forêt arbustive, lisière forêt-savane, observé sur tronc de Ficus mucuso et palmier à huile, jusqu'à 20 m au-dessus du sol.",Habitat,fre,,,,,ref-Gbn-0000280461,,
wfo-0000280551,"alt. 400-1 150 m. Épiphyte en forêt humide de basse et moyenne altitude, plaine de lave.",Habitat,fre,,,,,ref-Gbn-0000280551,,
wfo-0000280574,"alt. 700-1 000 m. Terrestre, rupicole ou lithophyte au soleil sur pente rocheuse, sur rocher granitique parmi les Cypéracées et la végétation à Microdracoides.",Habitat,fre,,,,,ref-Gbn-0000280574,,
wfo-0000280594,alt. 950 m. Épiphyte en forêt montagnarde.,Habitat,fre,,,,,ref-Gbn-0000280594,,
wfo-0000280605,"alt. 470-980 m. Épiphyte en forêt dense, sur branche ombragée sur l'eau, lithophyte sur talus rocheux entre la rive et la mangrove.",Habitat,fre,,,,,ref-Gbn-0000280605,,
wfo-0000280382,alt. 900-2 000 m. Épiphyte en forêt humide ou lithophyte sur rocher humide en forêt.,Habitat,fre,,,,,ref-Gbn-0000280382,,
wfo-0000280654,alt. 600-1 500 m. Épiphyte en forêt montagnarde et submontagnarde.,Habitat,fre,,,,,ref-Gbn-0000280654,,
wfo-0000280347,"alt. 1 500 m. Sur rocher ou épiphyte sur branche en forêt en bordure de mangrove, parfois terrestre sur coussin d'Afrotrilcpis.",Habitat,fre,,,,,ref-Gbn-0000280347,,
wfo-0000280383,alt. 750 m. Épiphyte ou terrestre parmi les touffes d'herbe sur rocher.,Habitat,fre,,,,,ref-Gbn-0000280383,,
wfo-0000280395,"alt. 500-1 800 m. Épiphyte ou lithophyte en fourré sec, forêt secondaire, savane boisée de transition, forêt rivulaire, forêt humide, observé sur Ficus.",Habitat,fre,,,,,ref-Gbn-0000280395,,
wfo-0000280517,"alt. 500-1 200 m. Épiphyte ou rarement lithophyte en forêt rivulaire, bois, fourré.",Habitat,fre,,,,,ref-Gbn-0000280517,,
wfo-0000280521,épiphyte sur tronc d'arbre et grosse branche en forêt rivulaire et forêt humide.,Habitat,fre,,,,,ref-Gbn-0000280521,,
wfo-0000280538,"alt. 0-1 350 m. Épiphyte en forêt primaire, forêt secondarisée à Pychanthus angolense récolté sur Irvingia smithii, Dialium corbisieri, Mangifera indica, Xerophyta sp., lithophyte sur rocher granitique, souvent avec Afrotrilepis pilosa.",Habitat,fre,,,,,ref-Gbn-0000280538,,
wfo-0000280583,alt. inconnue. Epiphyte.,Habitat,fre,,,,,ref-Gbn-0000280583,,
wfo-0000280597,"alt. 650-900 m. Épiphyte, forêt dense humide, forêt marécageuse.",Habitat,fre,,,,,ref-Gbn-0000280597,,
wfo-0000280662,"alt. 0-1 700 m. Épiphyte en forêt dense humide, savane boisée, observée notamment sur Crudia harmsiana, Coffea sp., Elaeis guineensis, Garcinia punctata, Mangifera indica, Millettia laurentii, Scorodophlœus zenkeri, Uapaca heudelotii.",Habitat,fre,,,,,ref-Gbn-0000280662,,
wfo-0000280223,"alt. 0-2 500 m. En forêt claire, forêt de montagne, forêt secondaire, savane boisée, formation marécageuse, parfois sur termitière, epiphyte notamment sur Brachystegia bœhmii, Prunus africana.",Habitat,fre,,,,,ref-Gbn-0000280223,,
wfo-0000280255,"alt. inconnue. Epiphyte sur grand arbre tombé, nombreux petits pieds dispersés, surtout sur branche.",Habitat,fre,,,,,ref-Gbn-0000280255,,
wfo-0000280286,"alt. 750-2 500 m. Epiphyte en forêt montagnarde et submontagnarde, parfois forêt dégradée, observé sur Ficus exposé.",Habitat,fre,,,,,ref-Gbn-0000280286,,
wfo-0000280319,épiphyte en forêt dense humide de basse et moyenne altitude.,Habitat,fre,,,,,ref-Gbn-0000280319,,
wfo-0000280337,alt. inconnue. Épiphyte sur grand arbre.,Habitat,fre,,,,,ref-Gbn-0000280337,,
wfo-0000280443,épiphyte.,Habitat,fre,,,,,ref-Gbn-0000280443,,
wfo-0000280573,"alt. 400-2 200 m. Épiphyte en forêt dense humide, formation marécageuse, maquis sclérophylle, forêt claire sur sommet d'inselberg gréseux, observé sur Uapaca, Cynometra laurentii.",Habitat,fre,,,,,ref-Gbn-0000280573,,
wfo-0000280622,"alt. 50-2 100 m. Epiphyte en forêt dense humide, forêt sclérophylle, récolté sur Gilbertiodendron deweveri,Nephrolepis pumicicola, Julbemardia sp.",Habitat,fre,,,,,ref-Gbn-0000280622,,
wfo-0000280647,alt. 800-1 700 m. Epiphyte en forêt ou forêt claire ou lithophyte sur affleurement gréseux couvert de lichen.,Habitat,fre,,,,,ref-Gbn-0000280647,,
wfo-0000645265,forêts ombrophiles sempervirentes et semi-décidues.,Habitat,fre,,,,,ref-Gbn-0000645265,,
wfo-0000218609,"al. 0-2 200 m. Terrestre ou litophyte en forêt claire et prairie boisée, épiphyte sur Hyphaene guineensis, Cola acuminata et Pithecelobium altissimum.",Habitat,fre,,,,,ref-Gbn-0000218609,,
wfo-0000254506,"alt. 0-1 200 m. Terrestre sciaphile dans l'humus en forêt dense humide, sur berge ombragée de rivière, en fourré sur rocher en bord de mer ou épiphyte en savane.",Habitat,fre,,,,,ref-Gbn-0000254506,,
wfo-0000254522,alt. 0-1 200 m. Terrestre aux endroits humides et ombragés en forêt et fourré.,Habitat,fre,,,,,ref-Gbn-0000254522,,
wfo-0000975227,"alt. 150-1 300 m. Epiphyte en forêt, souvent sur palmier et notamment Hyphaene, Elaeis guineensis.",Habitat,fre,,,,,ref-Gbn-0000975227,,
wfo-0000959647,"alt. 50-1 300 m. Terrestre dans les marais à Papyrus ou autres prairies humides, ou lithophyte sur berge rocheuse de rivière.",Habitat,fre,,,,,ref-Gbn-0000959647,,
wfo-0000959663,"alt. 0-2 300 m. Terrestre en marais saumâtre ou non, prairie périodiquement inondée par lac ou rivière.",Habitat,fre,,,,,ref-Gbn-0000959663,,
wfo-0000959717,alt. 0-2 000 m. Marais.,Habitat,fre,,,,,ref-Gbn-0000959717,,
wfo-0000959739,alt. 950-1 300 m. Terrestre en marais saumâtre ou non et prairie périodiquement humide.,Habitat,fre,,,,,ref-Gbn-0000959739,,
wfo-0000959754,"alt. 1 200-1 350 m. Terrestre en prairie humide, marais saumâtre ou non.",Habitat,fre,,,,,ref-Gbn-0000959754,,
wfo-0000959801,"alt. 100-2 300 m. Terrestre en prairie boisée ou non, fourré et bois, peng-bele, dembo, jachère.",Habitat,fre,,,,,ref-Gbn-0000959801,,
wfo-0000959859,"alt. 170-1 300 m. Terrestre en forêt dense humide à Uapaca guineensis, Harungana madagascariensis,Maesopsis eminii etc., en forêt arbustive montagnarde basse, en terreau sableux brun-rouge sur roche ferrugineuse, lithophyte en zone pierreuse, aussi en forêt secondaire.",Habitat,fre,,,,,ref-Gbn-0000959859,,
wfo-0000959907,"terrestre en forêt dense humide, galerie forestière, forêt rivulaire, plantation d'Hevea.",Habitat,fre,,,,,ref-Gbn-0000959907,,
wfo-0000959951,"alt. 0-2 500 m. Terrestre au bord de torrent, rivière et lac, marais, tourbière et en zone ouverte et forestée.",Habitat,fre,,,,,ref-Gbn-0000959951,,
wfo-0000960058,alt. 600 m. Lieux humide.,Habitat,fre,,,,,ref-Gbn-0000960058,,
wfo-0000960082,"alt. 0-2 000 m. Terrestre en prairie périodiquement humide, marais, eaux saumâtres.",Habitat,fre,,,,,ref-Gbn-0000960082,,
wfo-0000960276,"alt. 500 m. Savane herbeuse à Imperata cylindrica, prairie, fourré, bois.",Habitat,fre,,,,,ref-Gbn-0000960276,,
wfo-0000960315,alt. inconnue. Terrestre en savane herbeuse,Habitat,fre,,,,,ref-Gbn-0000960315,,
wfo-0000970641,"alt. 1 100-1 300 m. Epiphyte en forêt sempervirente, forêt périodiquement inondée à Brachystegia eurycoma et Garcinia, observé à 3 m au-dessus du sol, sur Gilbertiodendron dewevrei.",Habitat,fre,,,,,ref-Gbn-0000970641,,
wfo-0000970659,"alt. 500-1 100 m. Épiphyte sur branche, à 3-8 m au-dessus du sol, en forêt sempervirente, galerie forestière, forêt dense humide semi-decidue à Celtis et Sterculiaceae, observé sur Gilbertiodendron dewevrei.",Habitat,fre,,,,,ref-Gbn-0000970659,,
wfo-0000970679,alt. 100-570 m. Épiphyte ou rarement lithophyte.,Habitat,fre,,,,,ref-Gbn-0000970679,,
wfo-0000970718,"alt. 900-1 300 m. Epiphyte en forêt sempervirente, forêt dense, galerie forestière.",Habitat,fre,,,,,ref-Gbn-0000970718,,
wfo-0000970743,alt. 1 100-1 300 m. Épiphyte en forêt dense humide.,Habitat,fre,,,,,ref-Gbn-0000970743,,
wfo-0000970765,alt. inconnue. Épiphyte en forêt dense.,Habitat,fre,,,,,ref-Gbn-0000970765,,
wfo-0000970792,"alt. 700 m. Epiphyte en forêt primaire sur branche et tronc de Chlorophora, Hexalobus, Oxystigma mannii, 25-45 m au-dessus du sol.",Habitat,fre,,,,,ref-Gbn-0000970792,,
wfo-0000348746,alt. inconnue. Epiphyte sur vieux cacaoyer en lisière de forêt haute.,Habitat,fre,,,,,ref-Gbn-0000348746,,
wfo-0000348821,alt. 0-600 m. Épiphyte.,Habitat,fre,,,,,ref-Gbn-0000348821,,
wfo-0000936149,alt. 0-1 250 m. Épiphyte en forêt dense.,Habitat,fre,,,,,ref-Gbn-0000936149,,
wfo-0000947926,"alt. inconnue. Épiphyte sur arbre, forêt dense.",Habitat,fre,,,,,ref-Gbn-0000947926,,
wfo-0000947927,alt. 570 m. Épiphyte.,Habitat,fre,,,,,ref-Gbn-0000947927,,
wfo-0000965531,alt. inconnue. Epiphyte en savane boisée.,Habitat,fre,,,,,ref-Gbn-0000965531,,
wfo-0000965532,"alt. 1 100-1 200 m. Épiphyte en forêt, à l'ombre, observé sur Acacia kirkii.",Habitat,fre,,,,,ref-Gbn-0000965532,,
wfo-0000442470,alt. 0-1 500 m. Épiphyte en forêt sempervirente.,Habitat,fre,,,,,ref-Gbn-0000442470,,
wfo-0000442487,"alt. 400-1 300 m. Epiphyte en forêt sublittorale, forêt rivulaire, forêt haute, galerie forestière, sur arbre en site marécageux saumâtre.",Habitat,fre,,,,,ref-Gbn-0000442487,,
wfo-0000243043,"alt. 200-1 100 m. Epiphyte usuellement sur tige et rameau exposés, en forêt dense, forêt rivulaire, bois dense, souvent en forêt secondaire et plantation, observé sur Citrus, Coffea, Terminalia superba et Theobroma cacao.",Habitat,fre,,,,,ref-Gbn-0000243043,,
wfo-0000243018,"alt. 50-1 100 m. Epiphyte surtout sur branche du sous-bois, en forêt dense humide à proximité de cours d'eau. Observée sur Citrus, Coffea, Theobroma, Cleistanthus, Eriocœlum et Plagiosiphon.",Habitat,fre,,,,,ref-Gbn-0000243018,,
wfo-0000251511,épiphyte trouvé en bord de savane.,Habitat,fre,,,,,ref-Gbn-0000251511,,
wfo-0000294884,"alt. 1 180-2 200 m. Épiphyte en forêt sempervirente de basse et moyenne altitude, forêt à Brachystegia, observé sur Brachystegia bœhmii, Erythrophleum guineense, Irvingia smithii, lithophyte sur rocher granitique avec Asplenium sîuhlmanii et Anthropteris orientalis.",Habitat,fre,,,,,ref-Gbn-0000294884,,
wfo-0000311675,"alt. 0-2 000 m. Épiphyte ou lithophyte, en forêt dense, formation marécageuse, observé à 4 m de hauteur sur Hymenodictyon biaframum, Mitragyna sp., sur caféier et avocatier, à l'extrémité des branches.",Habitat,fre,,,,,ref-Gbn-0000311675,,
wfo-0000311678,"alt. 0-1 000 m. Lithophyte ou épiphyte en forêt dense, forêt pélohygrophile ou marais, observé sur Microdesmis puberula, Dacryodes edulis, toujours à l'extrémité de branche, exposé ou non, mais usuellement sur sol humide.",Habitat,fre,,,,,ref-Gbn-0000311678,,
wfo-0000320462,épiphyte en forêt.,Habitat,fre,,,,,ref-Gbn-0000320462,,
wfo-0000328066,"alt. 0-2 000 m. Epiphyte sur branche, souvent au-dessus de l'eau, sur arbre exposé couvert de lichens en ravin, lisière forestière en bord de mer, mangrove marécageuse, observée sur Kleinedoxa gabonensis, Guibourtia demeusei, Scorodophlœus zenkeri, caféier, cacaoyer et goyave. Tolérante à l'exposition.",Habitat,fre,,,,,ref-Gbn-0000328066,,
wfo-0000328068,"alt.  0-2 500 m. Epiphyte en forêt de plaine ou altitude et rivulaire, forêt secondaire, plantation. Observé sur Hagenia abyssinica.",Habitat,fre,,,,,ref-Gbn-0000328068,,
wfo-0000328072,alt. inconnue. Épiphyte en forêt.,Habitat,fre,,,,,ref-Gbn-0000328072,,
wfo-0000328075,alt. inconnue. Epiphyte en forêt haute.,Habitat,fre,,,,,ref-Gbn-0000328075,,
wfo-0000328080,"alt. 850-1 600 m. Epiphyte pendant, en forêt dense humide, observé sur Entandrophragma cylindricum.",Habitat,fre,,,,,ref-Gbn-0000328080,,
wfo-0000328095,"alt. inconnue. Epiphyte sur tronc à 15 m de hauteur, sur grosse branche à 30 m de hauteur, observée sur Gilbertiodendron lewevrei.",Habitat,fre,,,,,ref-Gbn-0000328095,,
wfo-0000328096,alt. inconnue. Epiphyte.,Habitat,fre,,,,,ref-Gbn-0000328096,,
wfo-0000328097,alt. vers 1 800 m. Galerie forestière.,Habitat,fre,,,,,ref-Gbn-0000328097,,
wfo-0000328103,"alt. 750-1 070 m. Lithophyte sur rocher granitique, coussin dense sur face exposée de rocher.",Habitat,fre,,,,,ref-Gbn-0000328103,,
wfo-0000328128,"alt. 350-1 600 m. Au soleil, épiphyte sur tronc en forêt dense humide, ou lithophyte.",Habitat,fre,,,,,ref-Gbn-0000328128,,
wfo-0000328132,alt. inconnue. Épiphyte.,Habitat,fre,,,,,ref-Gbn-0000328132,,
wfo-0000229673,"alt. 50 m. Epiphyte en forêt humide, forêt secondaire à Lophira alata, Coula edulis, Saccoglottia gabonensis, observé sur branche et tronc à l'ombre.",Habitat,fre,,,,,ref-Gbn-0000229673,,
wfo-0000788325,"alt. 0-1 900 m. Épiphyte en forêt haute, vieille forêt secondaire à Celtis et Sterculiaceae, prairie boisée, observé sur branche jusqu'à 35 m du sol, sur Diospyros.",Habitat,fre,,,,,ref-Gbn-0000788325,,
wfo-0000788334,"alt. 0-560 m. Epiphyte sur tronc et branche jusqu'à 25 m du sol en forêt dense humide, marécage de vieille mangrove, forêt galerie et forêt semi-décidue à Celtis et Sterculiaceae, observée sur Crudia harmsiana, Irvingia smithii, Dialium sp., Triplochiton adenoxylon, Chrysobalanus atocorensis.",Habitat,fre,,,,,ref-Gbn-0000788334,,
wfo-0000943517,"alt. 0-1 000 m. Épiphyte ou lithophyte, forêt, rocher, observé sur extrémité de branche de cacaoyer et caféier.",Habitat,fre,,,,,ref-Gbn-0000943517,,
wfo-0000943520,"liane épiphyte ou épilithe abondante, bord de mangrove.",Habitat,fre,,,,,ref-Gbn-0000943520,,
wfo-0000645292,"forêts ombrophiles sempervirentes et semi-décidues, galeries forestières.",Habitat,fre,,,,,ref-Gbn-0000645292,,
wfo-0000840506,"alt. 470-800 m. Epiphyte sur tronc d'arbre à 2,5-3 m de hauteur, en forêt très ombragée recevant 180-220 cm de pluie annuelle.",Habitat,fre,,,,,ref-Gbn-0000840506,,
wfo-0000840013,"épiphyte en forêt dense humide, vieille cacaoyère, observé sur cacaoyer.",Habitat,fre,,,,,ref-Gbn-0000840013,,
wfo-0000840058,"alt. 0-700 m. Épiphyte en lisière de forêt et fourré, bois et forêt, récolté en culture vivrière et arbre de village.",Habitat,fre,,,,,ref-Gbn-0000840058,,
wfo-0000840135,"alt. 1 000-1 650 m. Epiphyte en ombre dense, souvent sur petit rameau et branche à faible hauteur et dans la canopée, en forêt primaire et en plantation de café, cacao, orange.",Habitat,fre,,,,,ref-Gbn-0000840135,,
wfo-0000836711,épiphyte.,Habitat,fre,,,,,ref-Gbn-0000836711,,
wfo-0000836766,alt. inconnue. Épiphyte.,Habitat,fre,,,,,ref-Gbn-0000836766,,
wfo-0000836788,"alt. inconnue. Epiphyte au-dessus de lac, en forêt biafréenne à Calpocalyx heitzii, observé à 40 m au-dessus du sol.",Habitat,fre,,,,,ref-Gbn-0000836788,,
wfo-0000836821,"alt. 900-2 150 m. Épiphyte en forêt primaire et secondarisée, 2-5 m au-dessus du sol, observé sur Bridelia micrantha et Sapium ellipticum.",Habitat,fre,,,,,ref-Gbn-0000836821,,
wfo-0000836903,"alt. 0-2 200 m. Epiphyte en forêt rivulaire et montagnarde, observé à 5 m au-dessus du sol sur Bridelia sp., Juniperus procera, tolérante à la sécheresse.",Habitat,fre,,,,,ref-Gbn-0000836903,,
wfo-0000942124,"alt. 0-1 300 m. Epiphyte sur branche et tronc en forêt sur sable, forêt primaire, forêt dense humide, forêt postanthropique à Pycnanthus angolensis, sur rocher émergé en mangrove, observé à 5-20 m au-dessus du sol, sur Triphochiton, Cola, Theobroma cacao, Cathormion altissimum, tolérant à la sécheresse.",Habitat,fre,,,,,ref-Gbn-0000942124,,
wfo-0000942173,"alt. 900-1 800 m. Èpiphyte en forêt dense humide, forêt secondaire, observé à 1,5-2 m au-dessus du sol sur Cleistanthus mildbraedii, Scorodophlœus zenkeri, souvent au-dessus de l'eau.",Habitat,fre,,,,,ref-Gbn-0000942173,,
wfo-0000275960,"épiphyte sur arbre isolé, sur tronc, en savane et forêt dense, observé sur Uapaca heudelotii.",Habitat,fre,,,,,ref-Gbn-0000275960,,
wfo-0000317583,"alt. 0-300 m. Epiphyte en forêt dense, observé notamment sur Antiaris wel-witschii et Scorodophlœus zenkeri.",Habitat,fre,,,,,ref-Gbn-0000317583,,
wfo-0000296218,"alt. 1 280-2 200 m. Èpiphyte ou lithophyte en forêt dense humide, fourré et forêt de montagne, formation marécageuse.",Habitat,fre,,,,,ref-Gbn-0000296218,,
wfo-0000296224,"alt. 1 050-2 000 m. Epiphyte en forêt dense humide, forêt de montagne.",Habitat,fre,,,,,ref-Gbn-0000296224,,
wfo-0000296233,"alt. 500 m. Epiphyte en forêt sempervirente, récolté sur Harungana mada-gascariensis.",Habitat,fre,,,,,ref-Gbn-0000296233,,
wfo-0000296253,"alt. 600-2 200 m. Epiphyte sur branche de la canopée en forêt haute, forêt rivulaire et montagnarde, observé sur cacaoyer et caféier, sur Anonidium mannii, Chytranthus laurentii.",Habitat,fre,,,,,ref-Gbn-0000296253,,
wfo-0000974558,"épiphyte sur tronc, en forêt.",Habitat,fre,,,,,ref-Gbn-0000974558,,
wfo-0000977219,"alt. 0-1 350 m. Epiphyte en forêt dense, récolté à l'ombre en forêt dense humide, forêt haute, sur Gilbertiodendron deweveri et Julbernardia seretii.",Habitat,fre,,,,,ref-Gbn-0000977219,,
wfo-0000979374,"alt. 900-1 800 m. Epiphyte sur branche en forêt dense, marécageuse périodiquement inondable à Oxystigma mannii. Observé jusqu'à 30 m au-dessus du sol sur Gilbertiodendron dewevrei.",Habitat,fre,,,,,ref-Gbn-0000979374,,
wfo-0000975047,épiphyte en forêt dense.,Habitat,fre,,,,,ref-Gbn-0000975047,,
wfo-0000976490,"alt. 800-1 750 m. Èpiphyte en forêt semi-décidue à Celtis et Sterculiaceae, en forêt dense humide haute, en marécage de mangrove, sur tronc et branche souvent couverts de mousse, 1 à 30 m au-dessus du sol à l'ombre et en forte humidité, sur branche au-dessus de l'eau, sur Lophira alata.",Habitat,fre,,,,,ref-Gbn-0000976490,,
wfo-0000979194,"alt. 0-1 500 m. Epiphyte en forêt dense, observé sur Gilbertiodendron dew-everi et Dialium corbisieri.",Habitat,fre,,,,,ref-Gbn-0000979194,,
wfo-0000979253,alt. inconnue. Èpiphyte en forêt.,Habitat,fre,,,,,ref-Gbn-0000979253,,
wfo-0000974959,"alt. 500-900 m. Èpiphyte en forêt dense, forêt de transition entre forêt à Caesalpiniaceae et forêt submontagnarde à Cœlocaryon trimera, Allanblackia flori-bunda, Medusandra mpomiana et Santiria trimera.",Habitat,fre,,,,,ref-Gbn-0000974959,,
wfo-0000975837,"alt. 1 100-1 200 m. Epiphyte sur fourré bas et arbre en site exposé et surplombant l'eau, en forêt dense humide, récolté sur vieux caféiers, Dialium polyphyllum, Pavetta.",Habitat,fre,,,,,ref-Gbn-0000975837,,
wfo-0000976695,alt. inconnue. Epiphyte en forêt humide de plaine.,Habitat,fre,,,,,ref-Gbn-0000976695,,
wfo-0000975384,"alt. 650-950 m. Epiphyte en forêt galerie, marécage, ou terrestre et rampant sur rocher moussu.",Habitat,fre,,,,,ref-Gbn-0000975384,,
wfo-0000976706,"épiphyte en forêt rivulaire, forêt atlantique à Cesalpiniaceae, observé sur Crescentia cujete, cacaoyer.",Habitat,fre,,,,,ref-Gbn-0000976706,,
wfo-0000976706,alt. 650-1000 m.,Habitat,fre,,,,,ref-Gbn-0000976706,,
wfo-0000976230,"épiphyte, récolté à 1 m au-dessus du sol.",Habitat,fre,,,,,ref-Gbn-0000976230,,
wfo-0000978631,"alt. inconnue. Èpiphyte sur arbre couvert de mousses, récolté à 2 m au-dessus du sol.",Habitat,fre,,,,,ref-Gbn-0000978631,,
wfo-0000583322,"lisières héliophiles, rochers, broussailles xérophiles, mais aussi stations ripicoles.",Habitat,fre,,,,,ref-Gbn-0000583322,,
wfo-0000337408,"sur les inselbergs et les dômes rocheux en forêt; au Gabon, à 500-850 m d'altitude.",Habitat,fre,,,,,ref-Gbn-0000337408,,
wfo-0000338138,"inselbergs et affleurements rocheux en forêt; au Gabon, à 450-750 m d'altitude.",Habitat,fre,,,,,ref-Gbn-0000338138,,
wfo-0000340704,"dans les prairies ou savanes inondées ou saisonnièrement inondées, aussi en bordure des marécages; au Gabon, à 100-200 m d'altitude, jusqu'à 1800 m en Afrique de l'Est.",Habitat,fre,,,,,ref-Gbn-0000340704,,
wfo-0000342060,"dans les prairies sableuses, les savanes ouvertes et sur les affleurements rocheux; au Gabon, jusqu'à 500 m d'altitude, jusqu'à 2100 m en Afrique de l'Est.",Habitat,fre,,,,,ref-Gbn-0000342060,,
wfo-0000342066,"dans les sols organiques et saisonnièrement humides des affleurements rocheux; au Gabon, à environ 400-700 m d'altitude.",Habitat,fre,,,,,ref-Gbn-0000342066,,
wfo-0000342120,"dans les savanes, près des marécages et sur les terrains perturbés, comme les bords de route, aussi bien sur des sols latéritiques que sableux; au Gabon, jusqu'à 200 m environ, et jusqu'à 1180 m en Afrique de l'Est.",Habitat,fre,,,,,ref-Gbn-0000342120,,
wfo-0000342126,"dans les lieux secs et sableux, particulièrement fréquente dans le lit sableux des rivières saisonnières et des cours d'eau; au Gabon, jusqu'à environ 400 m d'altitude.",Habitat,fre,,,,,ref-Gbn-0000342126,,
wfo-0000342133,"dans les prairies sèches sur les inselbergs; au Gabon, à 500 m d'altitude, jusqu'à 1200 m en Afrique de l'Est.",Habitat,fre,,,,,ref-Gbn-0000342133,,
wfo-0000342138,"dans les prairies et les forêts clairsemées, souvent dans des habitats saisonnièrement humides; au Gabon, à 400-700 m d'altitude, jusqu'à 1500 m en Afrique de l'Est.",Habitat,fre,,,,,ref-Gbn-0000342138,,
wfo-0000342177,"dans les savanes; au Gabon, à environ 400-700 m d'altitude, jusqu'à 2300 m en Afrique de l'Est.",Habitat,fre,,,,,ref-Gbn-0000342177,,
wfo-0000342201,"dans les lieux ouverts marécageux, souvent dans les prairies et savanes; au Gabon, à 0-500 m d'altitude, jusqu'à 1400 m en Afrique de l'Est.",Habitat,fre,,,,,ref-Gbn-0000342201,,
wfo-0000342209,"dans les lieux ouverts secs ou marécageux tels que prairies, steppes, végétation secondaire et terrains perturbés; au Gabon, à 0-400 m, jusqu'à 2000 m en Afrique de l'Est.",Habitat,fre,,,,,ref-Gbn-0000342209,,
wfo-0000342243,"dans les savanes herbeuses, souvent sur les sols latéritiques, particulièrement fréquente sur les savanes brûlés annuellement; au Gabon, à 0-600 m d'altitude.",Habitat,fre,,,,,ref-Gbn-0000342243,,
wfo-0000342279,"sur terrain relativement nu, dans les savanes herbeuses ouvertes ou dans les lieux perturbés, souvent dans des habitats intensément pâturés ou piétinés; au Gabon, à 0-200 m d'altitude, jusqu'à 2100 m en Afrique de l'Est.",Habitat,fre,,,,,ref-Gbn-0000342279,,
wfo-0000342295,"dans les savanes herbeuses et des collines; au Gabon, à 100-750 m d'altitude, jusqu'à 1200 m en Afrique de l'Est.",Habitat,fre,,,,,ref-Gbn-0000342295,,
wfo-0000342327,"dans les savanes clairsemées assez sèches; au Gabon, à 100-150 m d'altitude, jusqu'à 1900 m en Afrique de l'Est.",Habitat,fre,,,,,ref-Gbn-0000342327,,
wfo-0000342403,savanes et lisières savane/forêt; au Gabon vers 380-600 m d'altitude.,Habitat,fre,,,,,ref-Gbn-0000342403,,
wfo-0000379343,"dans les marécages, en bordure des lacs et le long des rivières, parfois flottante; au Gabon, probablement à 400-600 m d'altitude, ailleurs à 0-1700 m.",Habitat,fre,,,,,ref-Gbn-0000379343,,
wfo-0000367601,"dans les habitats saisonnièrement humides, sur terrains sableux dans les prairies, savanes, zones boisées, en marge des mares et marais; au Gabon, à 0-400 m d'altitude, ailleurs jusqu'à 1700 m.",Habitat,fre,,,,,ref-Gbn-0000367601,,
wfo-0000367705,"en zones herbeuses, brousse ou zones boisées ouvertes, souvent sur des pentes rocheuses et en savane brûlée; au Gabon, à 0-500 m d'altitude, ailleurs jusqu'à 2400 m.",Habitat,fre,,,,,ref-Gbn-0000367705,,
wfo-0000367849,"dans les eaux stagnantes, souvent au bord des mares, des marécages et des lagunes, occasionnellement dans les eaux jusqu'à 1 m de profondeur; au Gabon, à 0-600 m d'altitude, jusqu'à 1700 m en Afrique de l'Est.",Habitat,fre,,,,,ref-Gbn-0000367849,,
wfo-0000369779,"habitats saisonnièrement humides, le long des marécages et des mares, aussi dans les habitats perturbés tels que les bas-côtés des routes; au Gabon, à 0-150 m d'altitude, jusqu'à 1200 m en Afrique de l'Est.",Habitat,fre,,,,,ref-Gbn-0000369779,,
wfo-0000369883,"dans les habitats saisonnièrement humides tels que les savanes herbeuses et les bords des rivières; au Gabon, à 0-100 m d'altitude, jusqu'à 1600 m ailleurs.",Habitat,fre,,,,,ref-Gbn-0000369883,,
wfo-0000370499,"dans les habitats pauvres en substances nutritives tels que les dunes de sable, l'arrière des plages et les zones herbeuses sur sable près de l'océan.",Habitat,fre,,,,,ref-Gbn-0000370499,,
wfo-0000370828,"dans les habitats saisonnièrement humides, prairies, savanes, zones boisées, en marge des mares et des marais, aussi dans les pelouses; au Gabon, à 0-200 m d'altitude, jusqu'à 1500 m ailleurs.",Habitat,fre,,,,,ref-Gbn-0000370828,,
wfo-0000370984,"en habitats perturbés, souvent mauvaise herbe des cultures, des bas-côtés des routes et des sentiers en forêt, plus rarement dans les prairies et savanes; au Gabon, à 0-500 m d'altitude, jusqu'à 2400 m en Afrique de l'Est.",Habitat,fre,,,,,ref-Gbn-0000370984,,
wfo-0000371909,"dans des prairies herbeuses saisonnièrement humides; au Gabon, au niveau de la mer; jusqu'à 600 m ailleurs.",Habitat,fre,,,,,ref-Gbn-0000371909,,
wfo-0000372214,"dans les sols peu profonds saisonnièrement humides des affleurements rocheux, dans les zones herbeuses ou comme mauvaise herbe des cultures et jardins; au Gabon, à 0-200 m d'altitude, jusqu'à 1800 m en Afrique de l'Est.",Habitat,fre,,,,,ref-Gbn-0000372214,,
wfo-0000372964,"mauvaise herbe des jardins et cultures, mais présente aussi dans les zones herbeuses saisonnièrement humides ou marécageuses; au Gabon, à 0-800 m, jusqu'à 2200 m en Afrique de l'Est.",Habitat,fre,,,,,ref-Gbn-0000372964,,
wfo-0000375064,"dans les marécages, sur les rives des rivières ou en eau libre; au Gabon, probablement entre 300 et 600 m d'altitude, ailleurs à 0-1200 m.",Habitat,fre,,,,,ref-Gbn-0000375064,,
wfo-0000375442,"dans des habitats saisonnièrement humides, tels que les mares temporaires, les marécages et les fossés de drainage, aussi souvent mauvaise herbe des champs de riz; au Gabon, à 0-100 m d'altitude, jusqu'à 1600 m ailleurs.",Habitat,fre,,,,,ref-Gbn-0000375442,,
wfo-0000376965,"dans les marais près des plages et en marge des cours d'eau et des mangroves, près du niveau de la mer.",Habitat,fre,,,,,ref-Gbn-0000376965,,
wfo-0000377336,"dans les prairies et les forêts ouvertes, souvent en lisière des forêts et dans les forêts secondaires, aussi mauvaise herbe des cultures et des bords de route; à 0-2200 m d'altitude.",Habitat,fre,,,,,ref-Gbn-0000377336,,
wfo-0000377449,"dans les mares et le long des rivières, souvent dans le lit des cours d'eau et sur le sable; au Gabon, probablement à moins de 400 m d'altitude, mais jusqu'à 1700 m en Afrique de l'Est.",Habitat,fre,,,,,ref-Gbn-0000377449,,
wfo-0000377519,"dans les prairies, en brousse ou dans les zones boisées ouvertes, souvent sur les pentes rocheuses; au Gabon, à 0-400 m d'altitude, jusqu'à 1600 m en Afrique de l'Est.",Habitat,fre,,,,,ref-Gbn-0000377519,,
wfo-0000379135,"dans les marécages, sur les rives des lacs et des rivières; au Gabon, probablement seulement à moins de 100 m d'altitude, mais jusqu'à presque 2500 m ailleurs.",Habitat,fre,,,,,ref-Gbn-0000379135,,
wfo-0000380535,"dans les marécages, les forêts marécageuses et en marge des forêts; à 0-1200 m d'altitude.",Habitat,fre,,,,,ref-Gbn-0000380535,,
wfo-0000380958,"en marge des mares temporaires, au bord des lacs et des marécages et des voies d'eau; au Gabon, à 0-500 m d'altitude, jusqu'à 1400 m ailleurs.",Habitat,fre,,,,,ref-Gbn-0000380958,,
wfo-0000381487,"dans les zones herbeuses saisonnièrement humides, les marécages et les bords des sources et des ruisseaux, aussi mauvaise herbe des terrains cultivés; au Gabon, à 0-600 m d'altitude, jusqu'à 2500 m en Afrique de l'Est.",Habitat,fre,,,,,ref-Gbn-0000381487,,
wfo-0000382726,"dans les zones herbeuses ouvertes et habituellement sur sol sableux; au Gabon, à 0-600 m, jusqu'à 1200 m en Afrique de l'Est.",Habitat,fre,,,,,ref-Gbn-0000382726,,
wfo-0000645092,"forêts ombrophiles, galeries forestières.",Habitat,fre,,,,,ref-Gbn-0000645092,,
wfo-0000382899,"dans les zones herbeuses ouvertes (pelouses), souvent sur sol sableux; au Gabon, près du niveau de la mer, mais jusqu'à 2000 m d'altitude ailleurs .",Habitat,fre,,,,,ref-Gbn-0000382899,,
wfo-0000383712,"habitats pauvres en substances nutritives tels que dunes, terrains sableux des prairies, savanes, zones boisées et marges des mangroves; au Gabon, à 0-400 m d'altitude, jusqu'à 1800 m ailleurs.",Habitat,fre,,,,,ref-Gbn-0000383712,,
wfo-0000383810,"dans des prairies herbeuses saisonnièrement humides, habituellement sur sol sableux; au Gabon, à 0-700 m d'altitude, jusqu'à 1800 m en Afrique de l'Est.",Habitat,fre,,,,,ref-Gbn-0000383810,,
wfo-0000383860,"dans des prairies herbeuses et les habitats perturbés, souvent à l'ombre; au Gabon, à 0-700 m d'altitude, ailleurs jusqu'à 1750 m.",Habitat,fre,,,,,ref-Gbn-0000383860,,
wfo-0000383991,"dans les zones herbeuses sèches et les savanes saisonnièrement brûlées; au Gabon, à 0-500 m d'altitude, jusqu'à 2100 m en Afrique de l'Est.",Habitat,fre,,,,,ref-Gbn-0000383991,,
wfo-0000385088,"en forêt pluviale éclaircie et autres habitats ouverts; au Gabon, à basse altitude, jusqu'à 600 m en Afrique de l'Est.",Habitat,fre,,,,,ref-Gbn-0000385088,,
wfo-0000378607,"marécages des dunes côtières, bords des lagunes; à basse altitude.",Habitat,fre,,,,,ref-Gbn-0000378607,,
wfo-0001332293,dans les mangroves et les marécages saumâtres; au niveau de la mer.,Habitat,fre,,,,,ref-Gbn-0001332293,,
wfo-0000367810,"dans les prairies saisonnièrement humides et les habitats rocheux; au Gabon, vers 900 m d'altitude, jusqu'à 1250 m ailleurs.",Habitat,fre,,,,,ref-Gbn-0000367810,,
wfo-0000368885,"dans les zones herbeuses ou zones boisées ouvertes; au Gabon, à 0-700 m d'altitude, jusqu'à 2900 m en Afrique de l'Est.",Habitat,fre,,,,,ref-Gbn-0000368885,,
wfo-0001429334,"sur les affleurements rocheux, probablement dans les sols peu profonds saisonnièrement humides; à 400-700 m d'altitude.",Habitat,fre,,,,,ref-Gbn-0001429334,,
wfo-0001332296,en marge des prairies sèches; vers 300-500 m d'altitude.,Habitat,fre,,,,,ref-Gbn-0001332296,,
wfo-0000371278,"dans les zones herbeuses saisonnièrement inondées et sur les affleurements rocheux; au Gabon, à 0-600 m d'altitude, jusqu'à 2000 m ailleurs.",Habitat,fre,,,,,ref-Gbn-0000371278,,
wfo-0001337437,"prairies saisonnièrement humides et sols peu profonds des inselbergs; au Gabon, vers 500-700 m d'altitude.",Habitat,fre,,,,,ref-Gbn-0001337437,,
wfo-0000376027,"sur sol partiellement ombragé dans les forêts, souvent le long des sentiers forestiers, aussi comme mauvaise herbe des terrains perturbés des régions très pluvieuses; au Gabon, à 0-800 m d'altitude, jusqu'à 1200 m ailleurs.",Habitat,fre,,,,,ref-Gbn-0000376027,,
wfo-0000377621,"en bordure des eaux; au Gabon, près du niveau de la mer, jusqu'à 1900 m d'altitude en Afrique de l'Est.",Habitat,fre,,,,,ref-Gbn-0000377621,,
wfo-0000377663,"mauvaise herbe des pelouses, cultures et autres terrains perturbés; au Gabon, à 0-150 m d'altitude, jusqu'à 1400 m ailleurs.",Habitat,fre,,,,,ref-Gbn-0000377663,,
wfo-1000040888,"dans les zones saisonnièrement humides des prairies, savanes et zones boisées; au Gabon, vers 300-350 m d'altitude.",Habitat,fre,,,,,ref-Gbn-1000040888,,
wfo-0000379513,"rivages océaniques, derrière les plages, souvent dans le sol sableux marécageux le long des bassins de marées, des lagunes et des mangroves.",Habitat,fre,,,,,ref-Gbn-0000379513,,
wfo-0000381350,"prairies ouvertes, bas-côtés des routes, pelouses et autres terrains perturbés; au Gabon, à 0-100 m d'altitude, jusqu'à 2000 m ailleurs.",Habitat,fre,,,,,ref-Gbn-0000381350,,
wfo-1000040889,dans les marécages et autres habitats humides; à 0-600 m d'altitude.,Habitat,fre,,,,,ref-Gbn-1000040889,,
wfo-0000384114,"prairies saisonnièrement humides et sols peu profonds des inselbergs; au Gabon, vers 500-700 m d'altitude, jusqu'à 2100 m ailleurs.",Habitat,fre,,,,,ref-Gbn-0000384114,,
wfo-0000371447,"dans les marécages et leur lisière, le long des fossés et dans d'autres habitats humides; au Gabon, à 0-200 m d'altitude, jusqu'à 3000 m en Afrique de l'Est.",Habitat,fre,,,,,ref-Gbn-0000371447,,
wfo-0000371697,"dans les zones herbeuses temporairement inondées, les marécages temporaires, les mares et les fossés de drainage; au Gabon, à 0-400 m d'altitude, jusqu'à 2100 m en Afrique de l'Est.",Habitat,fre,,,,,ref-Gbn-0000371697,,
wfo-0000373391,"dans les forêts marécageuses, le long des pistes forestières et des cours d'eau; au Gabon, à 0-900 m d'altitude, jusqu'à 2100 m ailleurs.",Habitat,fre,,,,,ref-Gbn-0000373391,,
wfo-0000374429,"dans les marécages et à leur lisière, le long des fossés et dans d'autres habitats humides; au Gabon, à 0-700 m d'altitude, jusqu'à 2100 m en Afrique de l'Est.",Habitat,fre,,,,,ref-Gbn-0000374429,,
wfo-0000377511,"en forêt, souvent le long des pistes, des sentiers et en lisière, aussi en forêt dégradée, toujours en habitat bien drainé; au Gabon, à 100-600 m d'altitude, jusqu'à 1800 m en Afrique de l'Est.",Habitat,fre,,,,,ref-Gbn-0000377511,,
wfo-0000381207,"dans les forêts marécageuses, le long des pistes forestières et des cours d'eau; au Gabon, à 0-500 m d'altitude, jusqu'à 2100 m en Afrique de l'Est.",Habitat,fre,,,,,ref-Gbn-0000381207,,
wfo-0000383492,"dans les fossés en bord de route et dans les habitats saisonnièrement humides des inselbergs; au Gabon, à 0-560 m d'altitude.",Habitat,fre,,,,,ref-Gbn-0000383492,,
wfo-1000040890,"zones rocheuses dans le lit des rivières et près des cours d'eau; au Gabon, à 0-550 m.",Habitat,fre,,,,,ref-Gbn-1000040890,,
wfo-0000373464,"prairies saisonnièrement humides, rives des lacs et marécages, souvent dans les marais et fossés; au Gabon, à 0-100 m d'altitude, jusqu'à 2500 m ailleurs.",Habitat,fre,,,,,ref-Gbn-0000373464,,
wfo-0000373762,"marécages et bords des eaux courantes, quelquefois submergée en période de hautes eaux; au Gabon, à 0-600 m d'altitude, jusqu'à 1500 m ailleurs.",Habitat,fre,,,,,ref-Gbn-0000373762,,
wfo-0000376399,"zones humides des prairies, marais et en bordure des lacs et cours d'eau; au Gabon, à 0-600 m d'altitude, jusqu'à 2100 m en Afrique de l'Est.",Habitat,fre,,,,,ref-Gbn-0000376399,,
wfo-0000378143,"flotte sur les eaux stagnantes ou à faible courant, marécages, bordure des lacs et des mares; au Gabon, probablement entre 400 et 800 m d'altitude, jusqu'à 2200 m en Afrique de l'Est.",Habitat,fre,,,,,ref-Gbn-0000378143,,
wfo-0000380147,"lieux herbeux saisonnièrement inondés, rives des lacs et marécages, souvent en bordure des mangroves et des lagunes et aussi en terrains perturbés; au Gabon, à moins de 100 m d'altitude, jusqu'à 2400 m en Afrique de l'Est.",Habitat,fre,,,,,ref-Gbn-0000380147,,
wfo-0000380478,"bord des rivières et autre lieux humides; au Gabon, à environ 120 m d'altitude, ailleurs jusqu'à 200 m.",Habitat,fre,,,,,ref-Gbn-0000380478,,
wfo-0000645305,forêts ombrophiles sempervirentes et semi-décidues.,Habitat,fre,,,,,ref-Gbn-0000645305,,
wfo-0000383393,prairies et autres habitats saisonnièrement humides; à 400-700 m d'altitude.,Habitat,fre,,,,,ref-Gbn-0000383393,,
wfo-0000396893,"dans les marécages et les mangroves; au Gabon, à 0-500 m d'altitude, jusqu'à 1200 m en Afrique de l'Est.",Habitat,fre,,,,,ref-Gbn-0000396893,,
wfo-0000402716,"sur les rives des mares et des lacs; au Gabon, à 100-120 m d'altitude, à 0-1500 m ailleurs en Afrique.",Habitat,fre,,,,,ref-Gbn-0000402716,,
wfo-0000402956,"sur la boue nue des mangroves près des cours d'eau, dans les marécages et les mares d'eau douce; au Gabon, au niveau de la mer, jusqu'à 1700 m en Afrique de l'Est.",Habitat,fre,,,,,ref-Gbn-0000402956,,
wfo-0000403485,"dans les eaux stagnantes ou à faible courant, généralement jusqu'à 1 m de profondeur; au Gabon, près du niveau de la mer, maisjusqu'à 2080 m d'altitude en Afrique de l'Est.",Habitat,fre,,,,,ref-Gbn-0000403485,,
wfo-0000403815,"dans les eaux peu profondes au bord des rivières et des lacs; au Gabon, près du niveau de la mer et à basse altitude, jusqu'à 2170 m en Afrique de l'Est.",Habitat,fre,,,,,ref-Gbn-0000403815,,
wfo-0000404186,"dans les eaux peu profondes en bordure des mangroves; au Gabon, près du niveau de la mer et à basse altitude, jusqu'à 1130 m en Afrique de l'Est.",Habitat,fre,,,,,ref-Gbn-0000404186,,
wfo-0000405330,"dans les mangroves ou les marécages d'eau douce ou d'eau saumâtre; au Gabon, au niveau de la mer ou à basse altitude, jusqu'à 1000 m en Afrique de l'Est.",Habitat,fre,,,,,ref-Gbn-0000405330,,
wfo-0000405339,"dans les eaux stagnantes ou à courant lent,  souventjusqu'à 1 m de profondeur; au Gabon, à 0-600 m d'altitude.",Habitat,fre,,,,,ref-Gbn-0000405339,,
wfo-0000405873,"dans les marécages et les mares d'eau fraîche ou les zones inondées des savanes; au Gabon, à environ 400-700 m d'altitude, jusqu'à 1500 m en Afrique de l'Est.",Habitat,fre,,,,,ref-Gbn-0000405873,,
wfo-0000406337,"dans les zones humides des marécages tels que les mares et les trous bourbeux; au Gabon, vers 100-300 m d'altitude, jusqu'à 1200 m en Afrique de l'Est.",Habitat,fre,,,,,ref-Gbn-0000406337,,
wfo-0000418850,lieux sableux sur les berges des rivières; à 0-600 m d'altitude.,Habitat,fre,,,,,ref-Gbn-0000418850,,
wfo-0000419537,"dans les prairies humides, sur les berges des rivières en forêt, au bord des marécages et des mares; au Gabon, à 0-450 m d'altitude, jusqu'à 1700 m en Afrique de l'Est.",Habitat,fre,,,,,ref-Gbn-0000419537,,
wfo-0000419850,"plages sableuses, zones herbeuses sur sol sableux, et marais salants; près du niveau de la mer seulement.",Habitat,fre,,,,,ref-Gbn-0000419850,,
wfo-0000420095,"dans les dépressions humides des zones herbeuses, au bord des routes, au bord des marécages et le long des cours d'eau, souvent dans des habitats perturbés et très piétinés; au Gabon, à 0-650 m d'altitude, jusqu'à 2000 m en Afrique de l'Est.",Habitat,fre,,,,,ref-Gbn-0000420095,,
wfo-0000420410,"sur les bancs de sable et les terrains ouverts saisonnièrement humides; à basse altitude, moins de 300 m.",Habitat,fre,,,,,ref-Gbn-0000420410,,
wfo-0000420815,"en bordure des mangroves et des plages sableuses près de la mer, rarement dans des mares boueuses à l'intérieur des terres; principalement en habitats salins.",Habitat,fre,,,,,ref-Gbn-0000420815,,
wfo-0000420956,"dans les prairies saisonnièrement humides; au Gabon, probablement à moins de 500 m d'altitude, jusqu'à 1140 m en Afrique de l'Est.",Habitat,fre,,,,,ref-Gbn-0000420956,,
wfo-0000421650,"dans les habitats humides ou saisonnièrement humides, souvent en zones perturbées telles que les terrains cultivés et particulièrement les champs de riz et les fossés au bord des routes; au Gabon, à 0-300 m d'altitude, ailleurs jusqu'à 2000 m.",Habitat,fre,,,,,ref-Gbn-0000421650,,
wfo-0000422642,"dans les dépressions humides des prairies, les bas-côtés des routes, en bordure des marécages; au Gabon, vers le niveau de la mer, mais jusqu'à 1140 m en Ouganda.",Habitat,fre,,,,,ref-Gbn-0000422642,,
wfo-0000422882,"dans les prairies marécageuses, les terrains cultivés en particulier les champs de riz; au Gabon, à 0-500 m d'altitude, jusqu'à environ 1100 m en Afrique de l'Est.",Habitat,fre,,,,,ref-Gbn-0000422882,,
wfo-0000423160,"dans les zones herbeuses et sableuses bien drainées des savanes, surtout aux endroits très broutés; au Gabon, à environ 150 m d'altitude, jusqu'à 950 m en Afrique de l'Est.",Habitat,fre,,,,,ref-Gbn-0000423160,,
wfo-0000423224,"sur sol marécageux, principalement dans des habitats perturbés; à basse altitude.",Habitat,fre,,,,,ref-Gbn-0000423224,,
wfo-0000423581,"dans les zones humides des prairies, savanes et lisières des forêts, sur les sables du plateau Batéké; au Gabon, à environ 400 m d'altitude, ailleurs à 300-500 m.",Habitat,fre,,,,,ref-Gbn-0000423581,,
wfo-0000423593,"dans les prairies saisonnièrement humides, le lit des rivières et les bancs de sable; au Gabon, à 0-200 m d'altitude, jusqu'à 1600 m en Afrique de l'Est.",Habitat,fre,,,,,ref-Gbn-0000423593,,
wfo-0000424080,dans les dépressions humides des prairies; à 0-300 m d'altitude.,Habitat,fre,,,,,ref-Gbn-0000424080,,
wfo-0000426701,"dans les marécages et les dépressions humides des savanes, prairies et clairières des forêts; au Gabon, à 100-500 m d'altitude, jusqu'à 2850 m en Afrique de l'Est.",Habitat,fre,,,,,ref-Gbn-0000426701,,
wfo-0000426768,"dans les zones herbeuses humides, marécages, fossés, mares, rives des cours d'eau, aussi dans les eaux saumâtres et les mangroves le long de la mer; au Gabon, à 0-500 m d'altitude, jusqu'à 1900 m en Afrique de l'Est.",Habitat,fre,,,,,ref-Gbn-0000426768,,
wfo-0000462332,"dans les prairies humides, en bordure des marais, fossés au bord des routes et autres habitats humides; au Gabon, à 0-600 m d'altitude, jusqu'à 1800 m en Afrique de l'Est.",Habitat,fre,,,,,ref-Gbn-0000462332,,
wfo-0000462385,"prairies humides, bords des marécages, fossés au bord des routes et autres habitats humides sur sol sableux; au Gabon, près du niveau de la mer, ailleurs, jusqu'à 800 m d'altitude.",Habitat,fre,,,,,ref-Gbn-0000462385,,
wfo-0001332236,"forêts humides, quelquefois le long des rivières et des cours d'eau; au Gabon, à 0-600 m d'altitude, jusqu'à 1300 m en Afrique de l'Est.",Habitat,fre,,,,,ref-Gbn-0001332236,,
wfo-0000465533,"forêts primaires et secondaires, quelquefois le long des rivières et des cours d'eau; au Gabon, à 40-600 m d'altitude, ailleurs jusqu'à 700 m.",Habitat,fre,,,,,ref-Gbn-0000465533,,
wfo-0001332242,"forêts humides, souvent le long des rivières et des cours d'eau; probablement à moins de 100 m d'altitude seulement.",Habitat,fre,,,,,ref-Gbn-0001332242,,
wfo-0001332245,"forêts marécageuses, parfois le long des rivières et des cours d'eau ou en bordure des mangroves; au Gabon, à 0-700 m d'altitude, jusqu'à 1200 m en Afrique de l'Est.",Habitat,fre,,,,,ref-Gbn-0001332245,,
wfo-0001332246,"forêts humides, quelquefois le long des rivières et des cours d'eau; au Gabon, à 0-200 m d'altitude, jusqu'à 500 m en RDC.",Habitat,fre,,,,,ref-Gbn-0001332246,,
wfo-1000040891,"forêts humides, parfois le long des rivières et des cours d'eau, aussi trouvée entre de gros rochers (peu de lumière) au sommet d'un inselberg; au Gabon, à 100-700 m d'altitude, ailleurs jusqu'à 1000 m.",Habitat,fre,,,,,ref-Gbn-1000040891,,
wfo-0000465757,"forêts primaires ou secondaires, souvent le long des rivières et des ruisseaux; au Gabon, à 0-500 m d'altitude, au Cameroun, jusqu'à 1350 m.",Habitat,fre,,,,,ref-Gbn-0000465757,,
wfo-0001332287,"forêts humides, parfois le long des rivières et des cours d'eau; à environ 250 m d'altitude.",Habitat,fre,,,,,ref-Gbn-0001332287,,
wfo-0000465989,"forêt primaire ou secondaire, souvent le long des rivières et des ruisseaux; au Gabon, à 50-500 m d'altitude.",Habitat,fre,,,,,ref-Gbn-0000465989,,
wfo-0001332289,"forêts humides, dans les zones parfois inondées le long des cours d'eau; au Gabon, jusqu'à 600 m d'altitude, au Cameroun, jusqu'à 650 m.",Habitat,fre,,,,,ref-Gbn-0001332289,,
wfo-0000465991,"forêt primaire ou secondaire, souvent le long des rivières et des ruisseaux; à 0-500 m d'altitude.",Habitat,fre,,,,,ref-Gbn-0000465991,,
wfo-0000466013,"forêts marécageuses, quelquefois le long des cours d'eau et au bord des mares; au Gabon, à 300-600 m d'altitude, au Cameroun jusqu'à 700 m.",Habitat,fre,,,,,ref-Gbn-0000466013,,
wfo-0000466030,"forêt primaire ou secondaire, souvent le long des rivières et des ruisseaux; probablement seulement à moyenne altitude (300-600 m).",Habitat,fre,,,,,ref-Gbn-0000466030,,
wfo-0000466044,"forêt marécageuse, parfois le long des rivières et des cours d'eau; à 0-600 m d'altitude.",Habitat,fre,,,,,ref-Gbn-0000466044,,
wfo-0000466052,"forêts marécageuses, quelquefois le long des cours d'eau et au bord des mares; à 0-700 m d'altitude.",Habitat,fre,,,,,ref-Gbn-0000466052,,
wfo-0001332292,"forêt riveraine et forêt claire à Gilbertiodendron; au Gabon, vers 500 m d'altitude.",Habitat,fre,,,,,ref-Gbn-0001332292,,
wfo-0000466087,"forêt primaire ou secondaire, souvent le long des rivières et des ruisseaux; au Gabon, à environ 50-700 m d'altitude, au Cameroun jusqu'à 500 m.",Habitat,fre,,,,,ref-Gbn-0000466087,,
wfo-0000466237,"forêt primaire ou secondaire, souvent le long des rivières et des ruisseaux; à 250-700 m d'altitude.",Habitat,fre,,,,,ref-Gbn-0000466237,,
wfo-0000510137,dunes et rivages sablonneux; près du niveau de la mer.,Habitat,fre,,,,,ref-Gbn-0000510137,,
wfo-0000514380,"marécages et bord des rivières; au Gabon, à 0-100 m d'altitude, jusqu'à 1800 m en Afrique de l'Est.",Habitat,fre,,,,,ref-Gbn-0000514380,,
wfo-0000514564,"prairies saisonnièrement ou toujours humides et en bordure des marécages ou dans des zones temporairement inondées; au Gabon, à 0-600 m d'altitude, jusqu'à 1200 m en Afrique de l'Est.",Habitat,fre,,,,,ref-Gbn-0000514564,,
wfo-0000645085,forêts ombrophiles de basse altitude.,Habitat,fre,,,,,ref-Gbn-0000645085,,
wfo-0000515264,"rivages des lacs, berges des rivières et bassins peu profonds, tolérant une exposition semi-ombragée; au Gabon, à 0-600 m d'altitude, jusqu'à 1850 m en Afrique de l'Est.",Habitat,fre,,,,,ref-Gbn-0000515264,,
wfo-0000516410,"marais et ruisseaux ou dépressions humides dans les savanes; au Gabon, à 0-200 m d'altitude, ailleurs jusqu'à 600 m.",Habitat,fre,,,,,ref-Gbn-0000516410,,
wfo-0000517418,"habitats humides, souvent sur sols sablonneux près des rivières et des marécages, prairies saisonnièrement humides ou inondées, également dans les eaux saumâtres; au Gabon, près de niveau de la mer (moins de 20 m), jusqu'à 1800 m en Afrique de l'Est.",Habitat,fre,,,,,ref-Gbn-0000517418,,
wfo-0000519575,"marécages et endroits humides, parfois le long des cours d'eau; au Gabon et ailleurs, à 0-500 m d'altitude.",Habitat,fre,,,,,ref-Gbn-0000519575,,
wfo-0000521809,"savane, milieu marécageux; en Afrique jusqu'à 1100 m d'altitude.",Habitat,fre,,,,,ref-Gbn-0000521809,,
wfo-0000527668,"bords des eaux libres telles que mares ou ruisseaux, marécages et lit des cours d'eau; au Gabon, à 500-750 m d'altitude, jusqu'à 1370 m en Afrique de l'Est.",Habitat,fre,,,,,ref-Gbn-0000527668,,
wfo-0000528340,"eaux profondes de 0,5-2 m en bordure des lacs, lagunes et rivières à faible courant; au Gabon, près du niveau de la mer, jusqu'à 1900 m en Afrique de l'Est.",Habitat,fre,,,,,ref-Gbn-0000528340,,
wfo-0000548028,"bords des marécages et dépressions périodiquement humides, habituellement intimement mélangée avec des touffes d'herbes qui soutiennent les tiges faibles, mais parfois dressée sans appui (les tiges et les feuilles sont alors courtes); au Gabon, à 0-500 m d'altitude, jusqu'à 1180 m en Afrique de l'Est.",Habitat,fre,,,,,ref-Gbn-0000548028,,
wfo-0001334957,brousse dans les zones de forêt; à 435 m d'altitude.,Habitat,fre,,,,,ref-Gbn-0001334957,,
wfo-0000548520,"terrains boisés; au Gabon, probablement à 500-900 m d'altitude.",Habitat,fre,,,,,ref-Gbn-0000548520,,
wfo-0000548625,"grimpant sur les arbres et les buissons en lisière des forêts ou en forêt marécageuse, souvent le long des cours d'eau et des rivières; au Gabon, à 0-760 m d'altitude, jusqu'à 1200 m en Afrique de l'Est.",Habitat,fre,,,,,ref-Gbn-0000548625,,
wfo-0000549019,"prairies saisonnièrement humides ou inondées, souvent près des marais; au Gabon, à 0-760 m d'altitude, jusqu'à 1150 m en Afrique de l'Est.",Habitat,fre,,,,,ref-Gbn-0000549019,,
wfo-0000549641,"prairies saisonnièrement inondées; au Gabon, à 0-550 m d'altitude, jusqu'à 2300 m en Afrique de l'Est.",Habitat,fre,,,,,ref-Gbn-0000549641,,
wfo-0000550274,"Dans les terrains inondés ou marécageux en forêt, souvent le long des cours d'eau et des rivières; probablement à 300-500 m d'altitude au Gabon.",Habitat,fre,,,,,ref-Gbn-0000550274,,
wfo-0000550722,"terrains boisés;  en Afrique,jusqu'à 1350 m d'altitude.",Habitat,fre,,,,,ref-Gbn-0000550722,,
wfo-0000550748,"dépressions humides des prairies et forêts, souvent près des cours d'eau; au Gabon, à 100-200 m d'altitude, à 0-1160 m en Afrique de l'Est.",Habitat,fre,,,,,ref-Gbn-0000550748,,
wfo-0000550758,"en forêt ou en bordure des forêts près des marécages ou des rivières; au Gabon, à 400-500 m d'altitude, jusqu'à 1200 m en Afrique de l'Est.",Habitat,fre,,,,,ref-Gbn-0000550758,,
wfo-0000550978,"eau peu profonde en bordure des lacs et des marécages; au Gabon, à 0-300 m d'altitude, jusqu'à 1140 m en Zambie.",Habitat,fre,,,,,ref-Gbn-0000550978,,
wfo-0000551011,"dépressions humides des prairies et forêts, souvent près des ruisseaux; au Gabon, à 100-200 m d'altitude, à 0-1160 m en Afrique de l'Est.",Habitat,fre,,,,,ref-Gbn-0000551011,,
wfo-0000551617,"zones boisées humides; au Gabon, à 100 m d'altitude, à 0-750 m en Afrique de l'Est.",Habitat,fre,,,,,ref-Gbn-0000551617,,
wfo-0000551639,"marécages, berges des lacs et des rivières, formant souvent de grands massifs flottants; au Gabon, à 100 m d'altitude, à 0-1800 m en Afrique de l'Est.",Habitat,fre,,,,,ref-Gbn-0000551639,,
wfo-0000551673,"lieux saisonnièrement humides sur sol superficiel, souvent en zones de suintement sur les dômes rocheux; au Gabon, probablement à une altitude de 400-800 m, jusqu'à 1500 m en Afrique de l'Est.",Habitat,fre,,,,,ref-Gbn-0000551673,,
wfo-0000551836,"zones herbeuses marécageuses; au Gabon, près du niveau de la mer, jusqu'à 1140 m d'altitude en Afrique de l'Est.",Habitat,fre,,,,,ref-Gbn-0000551836,,
wfo-0000552057,"lieux humides ou inondés des forêts ou sur leurs lisières, aussi en lisière des mangroves et des marécages; au Gabon, à 0-400 m d'altitude.",Habitat,fre,,,,,ref-Gbn-0000552057,,
wfo-0000552994,"marécages, savanes humides, zones herbeuses sur sable et zones de suintement sur les inselbergs et affleurements rocheux; au Gabon, jusqu'à 750 m d'altitude.",Habitat,fre,,,,,ref-Gbn-0000552994,,
wfo-0000553242,"forêt marécageuse ou en bordure des rivières en forêt, occasionnellement le long des ruisseaux et des rivières en dehors des forêts; au Gabon, à 0-500 m d'altitude, jusqu'à 1140 m en Afrique de l'Est.",Habitat,fre,,,,,ref-Gbn-0000553242,,
wfo-0000553269,"forêt marécageuse et près des ruisseaux, en terrain toujours humide et habituellement partiellement ombragé; au Gabon, à 0-500 m d'altitude.",Habitat,fre,,,,,ref-Gbn-0000553269,,
wfo-0000885123,"C'est une herbe assez exigeante, qui demande des sols bien pourvus en matières organiques. On la rencontre fréquemment dans les jachères forestières, sur les emplacements d'anciens villages etc.",Habitat,fre,,,,,ref-Gbn-0000885123,,
wfo-0000899377,"Herbe fréquente <b>en forêt</b>, dans les jachères, en lisière ou sur le bord des routes où elle forme parfois des peuplements denses. Peu ou pas appétée par les bovins. Banale dans toutes les zones forestières humides de l'Afrique tropicale.",Habitat,fre,,,,,ref-Gbn-0000899377,,
wfo-0000888919,"Ecologie et utilisations possibles semblables à celles de l'espèce précédente, mais beaucoup moins répandue que celle-ci.",Habitat,fre,,,,,ref-Gbn-0000888919,,
wfo-4000034388,"Les Schizachyrium sont des herbes de savane, qui peuvent se rencontrer dans des stations assez diverses. Les exigences écologiques des différentes espèces sont souvent assez étroites.",Habitat,fre,,,,,ref-Gbn-4000034388,,
wfo-0000898225,"C'est une espèce de terrain sableux humide. Sa présence indique toujours une nappe phréatique proche ou une inondation temporaire, mais aussi un sol sableux et très acide.",Habitat,fre,,,,,ref-Gbn-0000898225,,
wfo-0000864554,C'est une plante de savane que l'on rencontre généralement sur des terrains sableux.,Habitat,fre,,,,,ref-Gbn-0000864554,,
wfo-0000847304,"Elle caractérise des sols écologiquement assez arides, soit sableux, soit peu profonds et caillouteux; elle se trouve en peuplements à peu près purs sur les sols squelettiques non calcaires et sur les sols à gravillons latéritiques du Sud du Gabon.",Habitat,fre,,,,,ref-Gbn-0000847304,,
wfo-0000894310,C'est une plante de prairies marécageuses sur sables lessivés.,Habitat,fre,,,,,ref-Gbn-0000894310,,
wfo-4000022304,"Genre important par le nombre des espèces et la place qu'elles occupent parfois dans la végétation des savanes. Les Loudetia sont en effet souvent dominants dans le tapis herbacé. Mises à part certaines espèces hydrophiles, les Loudetia caractérisent d'habitude des sols pauvres, très sableux ou latéritiques;",Habitat,fre,,,,,ref-Gbn-4000022304,,
wfo-0000645075,"forêts ombrophiles, galeries forestières.",Habitat,fre,,,,,ref-Gbn-0000645075,,
wfo-0000645081,forêts ombrophiles.,Habitat,fre,,,,,ref-Gbn-0000645081,,
wfo-0000645104,"forêts ombrophiles, galeries forestières, fourrés sempervirents. Alt. ≤ 1500 m.",Habitat,fre,,,,,ref-Gbn-0000645104,,
wfo-0000645106,forêts ombrophiles.,Habitat,fre,,,,,ref-Gbn-0000645106,,
wfo-0000645109,fourrés littoraux (Ghana); sous-bois de galerie forestière ou parties sèches de forêt ombrophile.,Habitat,fre,,,,,ref-Gbn-0000645109,,
wfo-0000645115,forêts ombrophiles de basse altitude.,Habitat,fre,,,,,ref-Gbn-0000645115,,
wfo-0000645117,"forêts ombrophiles, galeries forestières.",Habitat,fre,,,,,ref-Gbn-0000645117,,
wfo-0000645124,forêt ou lisière.,Habitat,fre,,,,,ref-Gbn-0000645124,,
wfo-0000645141,"forêts ombrophiles, galeries forestières.",Habitat,fre,,,,,ref-Gbn-0000645141,,
wfo-0000645156,forêts ombrophiles.,Habitat,fre,,,,,ref-Gbn-0000645156,,
wfo-0000645176,forêts ombrophiles.,Habitat,fre,,,,,ref-Gbn-0000645176,,
wfo-0000645210,forêts ombrophiles sempervirentes et semi-décidues de basse ou moyenne altitude.,Habitat,fre,,,,,ref-Gbn-0000645210,,
wfo-0000645213,forêts ombrophiles sempervirentes et semi-décidues.,Habitat,fre,,,,,ref-Gbn-0000645213,,
wfo-0000645216,forêts ombrophiles.,Habitat,fre,,,,,ref-Gbn-0000645216,,
wfo-0000645222,forêt ombrophile.,Habitat,fre,,,,,ref-Gbn-0000645222,,
wfo-0000645228,forêts ombrophiles sempervirentes et semi-décidues et savanes arborées.,Habitat,fre,,,,,ref-Gbn-0000645228,,
wfo-0000645233,"forêts ombrophiles sempervirentes et semi-décidues, galeries forestières.",Habitat,fre,,,,,ref-Gbn-0000645233,,
wfo-0000645264,forêts ombrophiles sempervirentes et semi-décidues.,Habitat,fre,,,,,ref-Gbn-0000645264,,
wfo-0000645327,forêts ombrophiles.,Habitat,fre,,,,,ref-Gbn-0000645327,,
wfo-0000645334,forêts ombrophiles.,Habitat,fre,,,,,ref-Gbn-0000645334,,
wfo-0000645340,forêts ombrophiles sempervirentes et semi-décidues,Habitat,fre,,,,,ref-Gbn-0000645340,,
wfo-0000645342,"forêts ombrophiles, alt. > 800 m.",Habitat,fre,,,,,ref-Gbn-0000645342,,
wfo-0000645350,forêts ombrophiles sempervirentes et semi-décidues.,Habitat,fre,,,,,ref-Gbn-0000645350,,
wfo-0000645360,forêt semi-décidue,Habitat,fre,,,,,ref-Gbn-0000645360,,
wfo-0000645365,forêts ombrophiles sempervirentes et semi-décidues.,Habitat,fre,,,,,ref-Gbn-0000645365,,
wfo-0000645377,forêts ombrophiles sempervirentes et semi-décidues.,Habitat,fre,,,,,ref-Gbn-0000645377,,
wfo-0000645383,forêts ombrophiles sempervirentes et semi-décidues.,Habitat,fre,,,,,ref-Gbn-0000645383,,
wfo-0000645394,forêt ombrophile.,Habitat,fre,,,,,ref-Gbn-0000645394,,
wfo-0000645397,forêts rivulaires.,Habitat,fre,,,,,ref-Gbn-0000645397,,
wfo-0000645399,forêts ombrophiles.,Habitat,fre,,,,,ref-Gbn-0000645399,,
wfo-0000645414,forêts ombrophiles.,Habitat,fre,,,,,ref-Gbn-0000645414,,
wfo-0000645415,forêts ombrophiles sempervirentes et semi-décidues.,Habitat,fre,,,,,ref-Gbn-0000645415,,
wfo-0000645445,forêt ombrophile semi-décidue.,Habitat,fre,,,,,ref-Gbn-0000645445,,
wfo-0000645447,"forêts ombrophiles sempervirentes et semi-décidues, alt. ≤ 1700 m.",Habitat,fre,,,,,ref-Gbn-0000645447,,
wfo-0000645470,"forêts ombrophiles, alt. 500-800 m.",Habitat,fre,,,,,ref-Gbn-0000645470,,
wfo-0000645471,forêts ombrophiles sempervirentes et semi-décidues.,Habitat,fre,,,,,ref-Gbn-0000645471,,
wfo-0000645480,forêts ombrophiles sempervirentes et semi-décidues et galeries forestières.,Habitat,fre,,,,,ref-Gbn-0000645480,,
wfo-0000645484,forêts ombrophiles sempervirentes.,Habitat,fre,,,,,ref-Gbn-0000645484,,
wfo-0000645487,forêts sempervirentes et semi-décidues.,Habitat,fre,,,,,ref-Gbn-0000645487,,
wfo-0000645489,"forêts ombrophiles sempervirentes et semi-décidues, galeries forestières.",Habitat,fre,,,,,ref-Gbn-0000645489,,
wfo-0000645506,forêts ombrophiles.,Habitat,fre,,,,,ref-Gbn-0000645506,,
wfo-0000645508,"forêts ombrophiles sempervirentes et semi-décidues, galeries forestières, forêts sèches de basses altitudes, forêts montagnardes ≤ 1500 m.",Habitat,fre,,,,,ref-Gbn-0000645508,,
wfo-0000407031,forêts ombrophiles.,Habitat,fre,,,,,ref-Gbn-0000407031,,
wfo-0000407864,forêts ombrophiles sempervirentes et semi-décidues.,Habitat,fre,,,,,ref-Gbn-0000407864,,
wfo-0001260111,forêts ombrophiles.,Habitat,fre,,,,,ref-Gbn-0001260111,,
wfo-0000407858,forêts semi-décidues.,Habitat,fre,,,,,ref-Gbn-0000407858,,
wfo-0001045772,forêts ombrophiles.,Habitat,fre,,,,,ref-Gbn-0001045772,,
wfo-0001111702,Epiphyte corticole hygrophile.,Habitat,fre,,,,,ref-Gbn-0001111702,,
wfo-0000523775,"dans toutes les formations forestières, du littoral aux montagnes et des forêts ombrophiles primaires aux îlots forestiers dans les savanes; altitude 0-2100 m.",Habitat,fre,,,,,ref-Gbn-0000523775,,
wfo-0000523782,forêts ombrophiles et galeries forestières; alt. 0-850 m.,Habitat,fre,,,,,ref-Gbn-0000523782,,
wfo-0000523791,forêts ombrophiles et galeries forestières; alt. 0-1000 m.,Habitat,fre,,,,,ref-Gbn-0000523791,,
wfo-0000612677,"forêts ombrophiles, forêts semi-décidues, fourrés. La floraison la plus fréquente au Gabon se situe entre Août et Novembre.",Habitat,fre,,,,,ref-Gbn-0000612677,,
wfo-0000612683,"forêts ombrophiles, dans les bosquets de savane, souvent dans des recrus secondaires de pâturages, dans les rideaux de végétation qui bordent les lagunes et près des plages. La floraison se rencontre à toute époque de l'année.",Habitat,fre,,,,,ref-Gbn-0000612683,,
wfo-0000612710,"forêts ombrophiles secondaires, fourrés.",Habitat,fre,,,,,ref-Gbn-0000612710,,
wfo-0000612711,forêts ombrophiles.,Habitat,fre,,,,,ref-Gbn-0000612711,,
wfo-0000612713,"forêts ombrophiles, occasionnellement dans les lieux cultivés. La floraison la plus abondante au Gabon a lieu entre Septembre et Octobre.",Habitat,fre,,,,,ref-Gbn-0000612713,,
wfo-0000612746,forêts ombrophiles et recrus secondaires.,Habitat,fre,,,,,ref-Gbn-0000612746,,
wfo-0000612747,"forêts ombrophiles, forêts semidécidues et recrus.",Habitat,fre,,,,,ref-Gbn-0000612747,,
wfo-0000618010,"forêts ombrophiles, souvent près des rivières, parfois dans les bosquets de savane.",Habitat,fre,,,,,ref-Gbn-0000618010,,
wfo-0000618044,"forêts ombrophiles primaires et secondaires, souvent près des rivières.",Habitat,fre,,,,,ref-Gbn-0000618044,,
wfo-0000618103,forêts ombrophiles. Floraison au Gabon surtout de Septembre à Mars.,Habitat,fre,,,,,ref-Gbn-0000618103,,
wfo-0000618138,Généralement en forêt montagnarde ou submontagnarde au-dessus de 1 000 m mais parfois à faible altitude. Parfois dans les bosquets de savane.,Habitat,fre,,,,,ref-Gbn-0000618138,,
wfo-0000618267,"forêts ombrophiles, souvent le long des rivières. Floraison au Gabon surtout vers Septembre et fructification peu de mois après.",Habitat,fre,,,,,ref-Gbn-0000618267,,
wfo-0000719323,forêts ombrophiles et forêts semi-décidues de basse ou moyenne altitude.,Habitat,fre,,,,,ref-Gbn-0000719323,,
wfo-4000019598,forêt dense; altitude ≤ ≈ 1000 m.,Habitat,fre,,,,,ref-Gbn-4000019598,,
wfo-0000355786,"forêts primaires et vieilles forêts secondaires, récoltée souvent dans les lieux humides.",Habitat,fre,,,,,ref-Gbn-0000355786,,
wfo-0001296565,forêts ombrophiles.,Habitat,fre,,,,,ref-Gbn-0001296565,,
wfo-0000375753,"forêts ombrophiles et galeries forestières, observée et récoltée plus particulièrement en lisière; alt. 0-600 m.",Habitat,fre,,,,,ref-Gbn-0000375753,,
wfo-0000375754,"forêts ombrophiles et galeries forestières, observée et récoltée plus particulièrement en lisière; alt. 0-900 m.",Habitat,fre,,,,,ref-Gbn-0000375754,,
wfo-0001296611,"forêts ombrophiles et galeries forestières, observée et récoltée plus particulièrement en lisière.",Habitat,fre,,,,,ref-Gbn-0001296611,,
wfo-0001278785,forêts ombrophiles de basse altitude.,Habitat,fre,,,,,ref-Gbn-0001278785,,
wfo-0000398832,forêts ombrophiles de basse altitude.,Habitat,fre,,,,,ref-Gbn-0000398832,,
wfo-0000398851,forêts ombrophiles; alt. 0-500 m.,Habitat,fre,,,,,ref-Gbn-0000398851,,
wfo-0000403186,des forêts ombrophiles aux savanes; alt. 0-1500 m.,Habitat,fre,,,,,ref-Gbn-0000403186,,
wfo-0000403190,forêts denses; alt. 0-500 m.,Habitat,fre,,,,,ref-Gbn-0000403190,,
wfo-0000403245,forêts ombrophiles et galeries forestières; alt. 0-1000 m.,Habitat,fre,,,,,ref-Gbn-0000403245,,
wfo-0000403298,forêts denses; alt. 0-1000 m.,Habitat,fre,,,,,ref-Gbn-0000403298,,
wfo-0000399000,des forêts ombrophiles jusqu'aux savanes et aux zones littorales marines; altitude 0-650 m.,Habitat,fre,,,,,ref-Gbn-0000399000,,
wfo-0000398956,"forêts tropicales particulièrement humides comprenant les formations périodiquement inondées, les forêts rivulaires et les forêts semi-décidues; alt. 0-3500 m. Dans l'Est africain, on rencontre cette espèce seulement et en abondance dans les forêts montagnardes sempervirentes (alt. 1200-3500 m).",Habitat,fre,,,,,ref-Gbn-0000398956,,
wfo-0000957672,"forêt marécageuse ou périodiquement inondée, bords des rivières et lacs; au Gabon, à 0-500 m d'altitude.",Habitat,fre,,,,,ref-Gbn-0000957672,,
wfo-0000236784,"sous-bois de la forêt primaire et secondaire; au Gabon, à 0-650 m d'altitude.",Habitat,fre,,,,,ref-Gbn-0000236784,,
wfo-0000239603,"savane, marécage, lagune, bord de rivière, lisière de forêt; au Gabon, à 0-600 m d'altitude.",Habitat,fre,,,,,ref-Gbn-0000239603,,
wfo-0000239657,"sous-bois de la forêt primaire et secondarisée, galeries forestières; au Gabon, à 0-600 m d'altitude.",Habitat,fre,,,,,ref-Gbn-0000239657,,
wfo-0000415897,"forêt secondaire; au Gabon, à 0-500 m d'altitude.",Habitat,fre,,,,,ref-Gbn-0000415897,,
wfo-0000418247,"savane, parfois dans les galeries forestières; au Gabon, à 0-800 m d'altitude.",Habitat,fre,,,,,ref-Gbn-0000418247,,
wfo-0000418896,"forêt dense humide; au Gabon, à 0-300 m d'altitude.",Habitat,fre,,,,,ref-Gbn-0000418896,,
wfo-0000421441,"arbre de la forêt ou de galeries forestières, plus rarement de pleine savane; au Gabon jusqu'à 700 m d'altitude.",Habitat,fre,,,,,ref-Gbn-0000421441,,
wfo-0001332406,forêt dense secondarisée; à 400-600 m d'altitude.,Habitat,fre,,,,,ref-Gbn-0001332406,,
wfo-0001332407,forêt primaire et secondarisée; à 200-500 m d'altitude.,Habitat,fre,,,,,ref-Gbn-0001332407,,
wfo-0000875869,forêt primaire et vieille forêt secondaire; à 0-500 m d'altitude.,Habitat,fre,,,,,ref-Gbn-0000875869,,
wfo-0000876290,forêt primaire et secondarisée; à 0-600 m d'altitude.,Habitat,fre,,,,,ref-Gbn-0000876290,,
wfo-0000876534,"forêt primaire et secondarisée; au Gabon, à 150-300 m d'altitude.",Habitat,fre,,,,,ref-Gbn-0000876534,,
wfo-0000876670,"forêt primaire et secondarisée; au Gabon, à 0-400 m d'altitude.",Habitat,fre,,,,,ref-Gbn-0000876670,,
wfo-0000877017,forêt primaire et secondarisée; à 500-700 m d'altitude.,Habitat,fre,,,,,ref-Gbn-0000877017,,
wfo-0000877337,"forêt primaire et secondarisée; au Gabon, à 0-900 m d'altitude.",Habitat,fre,,,,,ref-Gbn-0000877337,,
wfo-0000877926,"forêt primaire et secondarisée; au Gabon, à 0-600 m d'altitude.",Habitat,fre,,,,,ref-Gbn-0000877926,,
wfo-0000216004,savane arbustive; au Gabon à 100-600 m d'altitude.,Habitat,fre,,,,,ref-Gbn-0000216004,,
wfo-0000216033,"forêt d'altitude, souvent saxicole, galeries forestières; au Gabon, à 400-900 m d'altitude.",Habitat,fre,,,,,ref-Gbn-0000216033,,
wfo-0000220700,"forêt primaire et secondarisée, probablement plus commune dans la forêt semidécidue; au Gabon, jusqu'à 500 m d'altitude.",Habitat,fre,,,,,ref-Gbn-0000220700,,
wfo-0000232924,"forêt primaire et secondarisée; au Gabon, à 0-500 m d'altitude.",Habitat,fre,,,,,ref-Gbn-0000232924,,
wfo-0000232927,"forêt primaire et secondarisée; au Gabon, à 0-650 m d'altitude.",Habitat,fre,,,,,ref-Gbn-0000232927,,
wfo-0000232930,"forêt primaire et secondarisée; au Gabon, à 200-700 m d'altitude.",Habitat,fre,,,,,ref-Gbn-0000232930,,
wfo-0000232936,"forêt primaire ou secondarisée, forêt galerie; au Gabon, à 0-750 m d'altitude.",Habitat,fre,,,,,ref-Gbn-0000232936,,
wfo-0000232943,"forêt primaire et secondarisée; au Gabon, à 0-600 m d'altitude.",Habitat,fre,,,,,ref-Gbn-0000232943,,
wfo-0000232948,"forêt primaire et secondarisée; au Gabon, à 0-550 m d'altitude.",Habitat,fre,,,,,ref-Gbn-0000232948,,
wfo-0000232949,"forêt primaire et secondarisée; au Gabon, à 0-550 m d'altitude.",Habitat,fre,,,,,ref-Gbn-0000232949,,
wfo-0001332404,"forêt primaire; au Gabon, à 520-850 m d'altitude.",Habitat,fre,,,,,ref-Gbn-0001332404,,
wfo-0000232953,"forêt primaire et secondarisée; au Gabon, à 350-600 m d'altitude.",Habitat,fre,,,,,ref-Gbn-0000232953,,
wfo-0000236310,"forêt secondaire, recru forestier, jachère; au Gabon, jusqu'à 560 m d'altitude.",Habitat,fre,,,,,ref-Gbn-0000236310,,
wfo-0000236772,"bords des rivières et des lacs, forêt marécageuse; au Gabon, à 0-300 m d'altitude.",Habitat,fre,,,,,ref-Gbn-0000236772,,
wfo-0000266757,"forêt primaire et secondarisée, recru forestier; au Gabon, à 0-300 m d'altitude.",Habitat,fre,,,,,ref-Gbn-0000266757,,
wfo-0000270441,"terrains ouverts à végétation secondaire, jachères, savanes, prairies naturelles; au Gabon, à 0-400 m d'altitude.",Habitat,fre,,,,,ref-Gbn-0000270441,,
wfo-0000270877,"forêt secondaire ou secondarisée; au Gabon, à 0-600 m d'altitude.",Habitat,fre,,,,,ref-Gbn-0000270877,,
wfo-0000836371,près de la mer sur sol sableux; à 0-5 m d'altitude.,Habitat,fre,,,,,ref-Gbn-0000836371,,
wfo-0000271570,"forêt secondaire et secondarisée; au Gabon, jusqu'à ± 500 m d'altitude.",Habitat,fre,,,,,ref-Gbn-0000271570,,
wfo-0000271632,"terrains à végétation secondarisée, jachères; au Gabon, à 0-650 m d'altitude.",Habitat,fre,,,,,ref-Gbn-0000271632,,
wfo-0000271657,"végétation arbustive, secondarisée; au Gabon, à 500-600 m d'altitude.",Habitat,fre,,,,,ref-Gbn-0000271657,,
wfo-0000271689,"savane herbeuse ou arbustive, bords des rivières, marécages, rochers humides; au Gabon, à 0-1000 m d'altitude.",Habitat,fre,,,,,ref-Gbn-0000271689,,
wfo-0000271812,"forêt primaire et secondarisée, végétation arbustive côtière; au Gabon, à 0-900 m d'altitude.",Habitat,fre,,,,,ref-Gbn-0000271812,,
wfo-0000271857,"végétation secondaire, souvent sur terrains humides; au Gabon, à 0-300 m d'altitude.",Habitat,fre,,,,,ref-Gbn-0000271857,,
wfo-0000272169,"terrains à végétation secondaire; au Gabon, à 100-350 m d'altitude.",Habitat,fre,,,,,ref-Gbn-0000272169,,
wfo-0000272302,"terrains à végétation secondaire, jachères; au Gabon, à 0-650 m d'altitude.",Habitat,fre,,,,,ref-Gbn-0000272302,,
wfo-0000806336,"forêt primaire et secondarisée, recru forestier; au Gabon, jusqu'à 550 m d'altitude.",Habitat,fre,,,,,ref-Gbn-0000806336,,
wfo-0000283634,forêt primaire et secondarisée; au Gabon jusqu'à 600 m d'altitude.,Habitat,fre,,,,,ref-Gbn-0000283634,,
wfo-0000283636,"forêt primaire; au Gabon, à 450-600 m d'altitude.",Habitat,fre,,,,,ref-Gbn-0000283636,,
wfo-0000283637,forêt primaire et secondarisée; au Gabon jusqu'à 400 m d'altitude.,Habitat,fre,,,,,ref-Gbn-0000283637,,
wfo-0000313553,"forêt riveraine, forêt marécageuse; au Gabon, à 0-100 m d'altitude.",Habitat,fre,,,,,ref-Gbn-0000313553,,
wfo-0000322778,"forêt primaire et secondarisée; au Gabon, à 300-500 m d'altitude.",Habitat,fre,,,,,ref-Gbn-0000322778,,
wfo-0000322779,"forêt primaire et secondarisée; au Gabon rencontrée à 600 m d'altitude, ailleurs à 300-1300 m.",Habitat,fre,,,,,ref-Gbn-0000322779,,
wfo-0000322790,"forêt primaire et secondarisée; au Gabon, à 0-600 m d'altitude.",Habitat,fre,,,,,ref-Gbn-0000322790,,
wfo-0000322791,"forêt primaire et secondarisée; au Gabon, à 0-600 m d'altitude, ailleurs jusqu'à 1300 m.",Habitat,fre,,,,,ref-Gbn-0000322791,,
wfo-0000322803,"forêt primaire et secondarisée; au Gabon, à 0-300 m d'altitude.",Habitat,fre,,,,,ref-Gbn-0000322803,,
wfo-0000322806,"forêt primaire et secondarisée, forêt galerie; au Gabon, à 0-600 m d'altitude.",Habitat,fre,,,,,ref-Gbn-0000322806,,
wfo-0000322809,"forêt primaire et secondarisée, souvent sur les bords de rivières; au Gabon, à 0-500 m d'altitude.",Habitat,fre,,,,,ref-Gbn-0000322809,,
wfo-0000328995,"forêt primaire et secondarisée de terre ferme; au Gabon, à 0-500 m d'altitude.",Habitat,fre,,,,,ref-Gbn-0000328995,,
wfo-0000329039,"forêt galerie, en station ripicole et marécageuse, mais aussi de terre ferme; au Gabon, à 0-500 m d'altitude.",Habitat,fre,,,,,ref-Gbn-0000329039,,
wfo-0000329044,"forêt ripicole, toujours près de ou partiellement dans l'eau; au Gabon, à 0-500 m d'altitude.",Habitat,fre,,,,,ref-Gbn-0000329044,,
wfo-0000329069,"forêt primaire et secondaire, de terre ferme et vaseuse et au bord des rivières; au Gabon, à 0-600 m d'altitude.",Habitat,fre,,,,,ref-Gbn-0000329069,,
wfo-0001333618,"forêt primaire et secondarisée, parfois périodiquement inondée; à 0-20 m d'altitude.",Habitat,fre,,,,,ref-Gbn-0001333618,,
wfo-0000329097,"forêt primaire et secondarisée, parfois en forêt ripicole; au Gabon, à 0-800 m d'altitude.",Habitat,fre,,,,,ref-Gbn-0000329097,,
wfo-0000329111,"forêt ripicole et marécageuse; au Gabon, à 0-500 m d'altitude.",Habitat,fre,,,,,ref-Gbn-0000329111,,
wfo-0000329116,"forêt de galerie, savane anthropogène; au Gabon, à 300-400 m d'altitude.",Habitat,fre,,,,,ref-Gbn-0000329116,,
wfo-0000329118,"forêt ripicole, forêt marécageuse; au Gabon, à 0-650 m d'altitude.",Habitat,fre,,,,,ref-Gbn-0000329118,,
wfo-0000432992,"sur les plages, dunes et mangroves; au Gabon à 1-5 m d'altitude, ailleurs parfois jusqu'à 200 m.",Habitat,fre,,,,,ref-Gbn-0000432992,,
wfo-0001093554,"forêt sempervirente ou semi-décidue de basse altitude à submontagnarde; au Gabon, à 0-700 m d'altitude, ailleurs jusqu'à 1100 m.",Habitat,fre,,,,,ref-Gbn-0001093554,,
wfo-0000895377,Forêts marécageuses et en bordure des rivières.,Habitat,fre,,,,,ref-Gbn-0000895377,,
wfo-0001332611,"forêt côtière, à 0-200 m d'altitude.",Habitat,fre,,,,,ref-Gbn-0001332611,,
wfo-0001332612,"forêt montagnarde, à 1020 m d'altitude.",Habitat,fre,,,,,ref-Gbn-0001332612,,
wfo-0000392697,"forêt de basse altitude, parfois marécageuse, lisières; au Gabon à 0-500 m d'altitude, ailleurs jusqu'à 700 m.",Habitat,fre,,,,,ref-Gbn-0000392697,,
wfo-0000392708,"forêt de basse altitude jusqu'en forêt montagnarde, parfois en stations secondarisées; au Gabon à 100-900 m d'altitude, ailleurs jusqu'à 1500 m.",Habitat,fre,,,,,ref-Gbn-0000392708,,
wfo-0000392709,"forêt marécageuse ou périodiquement inondée de basse altitude, mais parfois aussi dans des forêts plus sèches et même en savane; au Gabon à 5-750 m d'altitude, ailleurs jusqu'à 1200 m.",Habitat,fre,,,,,ref-Gbn-0000392709,,
wfo-0000795564,"forêt humide, lisières, forêt perturbée, galeries et jachères forestières; au Gabon jusqu'à 550 m d'altitude, ailleurs jusqu'à 1200 m.",Habitat,fre,,,,,ref-Gbn-0000795564,,
wfo-0000795570,"forêt primaire, surtout à proximité des chablis; au Gabon à basse altitude, ailleurs jusqu'à 1200 m.",Habitat,fre,,,,,ref-Gbn-0000795570,,
wfo-0000716096,"espèce pionnière, forêts surtout secondaires, galeries forestières, bords des rivières et routes, vieilles plantations, savanes, etc.; au Gabon à 10-1000 m d'altitude, ailleurs jusqu'à 1800 m.",Habitat,fre,,,,,ref-Gbn-0000716096,,
wfo-0000465021,"savane ouverte ou boisée, parfois dans des lisières ou des formations secondaires, sur sol sableux; au Gabon à 100-400 m d'altitude, ailleurs jusqu'à 1950 m.",Habitat,fre,,,,,ref-Gbn-0000465021,,
wfo-0000465023,"forêt primaire et vieille forêt secondaire, sur sol sableux ou argileux, sur pentes ou sommets; au Gabon à 0-750 m d'altitude, ailleurs jusqu'à 900 m.",Habitat,fre,,,,,ref-Gbn-0000465023,,
wfo-0000465042,"forêt primaire et secondaire, galeries forestières, bosquets, forêt côtière, forêt et savanes marécageuses, sur crêtes et sommets ou plateaux rocheux; au Gabon à 5-1000 m, ailleurs jusqu'à 1125 m.",Habitat,fre,,,,,ref-Gbn-0000465042,,
wfo-0000422376,"forêt secondarisée, lisières, savane boisée, endroits perturbés, parfois en stations marécageuses, sur sol latéritique ou sableux; au Gabon jusqu'à 350 m d'altitude, ailleurs jusqu'à 650 m.",Habitat,fre,,,,,ref-Gbn-0000422376,,
wfo-0000775161,forêt dense humide.,Habitat,fre,,,,,ref-Gbn-0000775161,,
wfo-0001256694,"Forêts denses, forêts secondaires .",Habitat,fre,,,,,ref-Gbn-0001256694,,
wfo-0000926293,"Forêts denses humides, forêts marécageuses .",Habitat,fre,,,,,ref-Gbn-0000926293,,
wfo-0000926362,"Forêts denses humides, forêts semicaducifoliées, forêts secondaires, galeries forestières .",Habitat,fre,,,,,ref-Gbn-0000926362,,
wfo-0000775163,"forêt marécageuse, forêt secondaire, forêt sur sable, forêt rivulaire; au Gabon jusqu'à 350 m d'altitude, ailleurs jusqu'à 500 m.",Habitat,fre,,,,,ref-Gbn-0000775163,,
wfo-0000774617,"forêts primaires et secondaires; au Gabon jusqu'à 500 m d'altitude, ailleurs jusqu'à 900 m.",Habitat,fre,,,,,ref-Gbn-0000774617,,
wfo-0000774621,"forêts denses humides, à 0-500 m d'altitude.",Habitat,fre,,,,,ref-Gbn-0000774621,,
wfo-0000774632,"forêt dense humide et forêt secondaire, sur sol sableux; au Gabon jusqu'à 500 m d'altitude, ailleurs jusqu'à 800 m.",Habitat,fre,,,,,ref-Gbn-0000774632,,
wfo-0000774637,forêts denses humides; au Gabon et ailleurs jusqu'à 600 m d'altitude.,Habitat,fre,,,,,ref-Gbn-0000774637,,
wfo-0000774629,"forêts denses humides, bord de mer ou forêts marécageuses; au Gabon jusqu'à 500 m d'altitude, ailleurs jusqu'à 1100 m.",Habitat,fre,,,,,ref-Gbn-0000774629,,
wfo-0000774672,"forêts secondaires, forêts denses humides et forêts semi-décidues; au Gabon jusqu'à 500 m d'altitude, ailleurs jusqu'à 700 m.",Habitat,fre,,,,,ref-Gbn-0000774672,,
wfo-0000497088,champs cultivés; cultivée jusqu'à 1500(-1800) m d'altitude.,Habitat,fre,,,,,ref-Gbn-0000497088,,
wfo-0000616781,forêts denses humides.,Habitat,fre,,,,,ref-Gbn-0000616781,,
wfo-0001271360,"savane herbeuse, forêt sèche arbustive et galeries forestières; à 130-600 m d'altitude.",Habitat,fre,,,,,ref-Gbn-0001271360,,
wfo-0000496465,"savane, sur sol sableux ou caillouteux, sur les inselbergs, ou dans des endroits rudéraux et parfois cultivés; jusqu'à 1200 m d'altitude.",Habitat,fre,,,,,ref-Gbn-0000496465,,
wfo-0000556756,"forêt sempervirente primaire et secondaire, forêt semi-décidue, lisières forestières d'arrière-mangrove; à 0-500 m d'altitude.",Habitat,fre,,,,,ref-Gbn-0000556756,,
wfo-0000588338,"forêt sempervirente primaire ou secondaire, forêt semi-décidue, forêt-galerie; à 0-1100 m d'altitude.",Habitat,fre,,,,,ref-Gbn-0000588338,,
wfo-0000746246,forêt sempervirente primaire ou vieille forêt secondaire; à 220-300 m d'altitude.,Habitat,fre,,,,,ref-Gbn-0000746246,,
wfo-0000588346,"forêt sempervirente primaire ou secondaire, lisières forestières d'arrière mangrove; à 0-650 m d'altitude.",Habitat,fre,,,,,ref-Gbn-0000588346,,
wfo-0000721577,"forêt primaire sempervirente, sous des arbustes sur des inselbergs; au Gabon à 600-800 m d'altitude, ailleurs jusqu'à 1800 m.",Habitat,fre,,,,,ref-Gbn-0000721577,,
wfo-0000721586,forêt humide sempervirente primaire; à 650-750 m d'altitude.,Habitat,fre,,,,,ref-Gbn-0000721586,,
wfo-0000484057,"formations arbustives, savanes arbustives ouvertes et sèches et formations graminéennes marécageuses; au Gabon à 100-600 m d'altitude, ailleurs jusqu'à 1600 m.",Habitat,fre,,,,,ref-Gbn-0000484057,,
wfo-0000484467,"forêt, savane sèche, terrains sablonneux, cultures et bords de route; au Gabon à 0-250 m d'altitude, ailleurs jusqu'à 1700 m.",Habitat,fre,,,,,ref-Gbn-0000484467,,
wfo-0000488668,formations graminéennes marécageuses; au Gabon à 100-150 m d'altitude.,Habitat,fre,,,,,ref-Gbn-0000488668,,
wfo-0001100743,formations graminéennes à saison humide; au Gabon à 600-650 m d'altitude.,Habitat,fre,,,,,ref-Gbn-0001100743,,
wfo-0000488541,"formations graminéennes, savane marécageuse; à 0-550 m d'altitude.",Habitat,fre,,,,,ref-Gbn-0000488541,,
wfo-0000497040,"forêt dense sempervirente primaire ou vieille forêt dense secondaire, galeries forestières; au Gabon à 50-500 m d'altitude, atteint 1650 m en forêt sempervirente d'Afrique orientale.",Habitat,fre,,,,,ref-Gbn-0000497040,,
wfo-0000501065,"sous-bois de la forêt primaire montagnarde ou submontagnarde, sur pentes; au Gabon à 800 m d'altitude, ailleurs à 1650-2400 m.",Habitat,fre,,,,,ref-Gbn-0000501065,,
wfo-0000608713,"marais herbeux, prairies saisonnièrement inondées, clairières dans les forêts équatoriales (ésobé), souvent sur sols sableux; au Gabon à environ 20 m d'altitude, ailleurs jusqu'à 1300 m.",Habitat,fre,,,,,ref-Gbn-0000608713,,
wfo-0000608724,"prairies humides, souvent brûlées; au Gabon à environ 300 m d'altitude.",Habitat,fre,,,,,ref-Gbn-0000608724,,
wfo-0000609515,"marais parfois ou toujours inondés, souvent dans des région élevées; au Gabon à 500-700 m d'altitude, ailleurs en Afrique jusqu'à 3000 m.",Habitat,fre,,,,,ref-Gbn-0000609515,,
wfo-0000609957,"prairies humides, stations marécageuses inondées ou inondables; au Gabon à basse altitude, ailleurs jusqu'à 2300 m.",Habitat,fre,,,,,ref-Gbn-0000609957,,
wfo-0000618338,"mangroves, marécages et autres stations côtières.",Habitat,fre,,,,,ref-Gbn-0000618338,,
wfo-0000358854,Mangroves-marécages et stations côtières.,Habitat,fre,,,,,ref-Gbn-0000358854,,
wfo-0000396483,forêts denses humides  de basse altitude.,Habitat,fre,,,,,ref-Gbn-0000396483,,
wfo-0000610218,"marais sableux proches de la mer, mais quelquefois dans les savanes de terre ferme ou sur des inselbergs; au Gabon à 0-500 m altitude, ailleurs surtout à basse altitude.",Habitat,fre,,,,,ref-Gbn-0000610218,,
wfo-0000610764,"sur sable, souvent en stations perturbées, généralement proche de la mer; à 0-50 m d'altitude.",Habitat,fre,,,,,ref-Gbn-0000610764,,
wfo-0000611488,"clairières marécageuses dans les forêts denses humides (ésobés, baïs), aussi dans les marais et les prairies humides; au Gabon à 0-100 m d'altitude, ailleurs en Afrique, atteignant 1300 m.",Habitat,fre,,,,,ref-Gbn-0000611488,,
wfo-0000525979,"forêt primaire et secondaire, forêt marécageuse ou riveraine et galeries forestières; au Gabon jusqu'à 720 m d'altitude, ailleurs jusqu'à 1000 m.",Habitat,fre,,,,,ref-Gbn-0000525979,,
wfo-0000525983,forêt primaire; au Gabon à 500-1000 m d'altitude; au Cameroun jusqu'à 1600 m.,Habitat,fre,,,,,ref-Gbn-0000525983,,
wfo-0000525992,"forêt primaire, lisières; au Gabon à 30 m d'altitude, ailleurs jusqu'à 300 m.",Habitat,fre,,,,,ref-Gbn-0000525992,,
wfo-0000581184,"côtes sableuses ou rocheuses, parfois à l'intérieur des terres sur des sols sablonneux; au Gabon au niveau de la mer, ailleurs jusqu'à 200 m, mais planté jusqu'à 1200 m.",Habitat,fre,,,,,ref-Gbn-0000581184,,
wfo-0000667843,"forêt primaire et secondaire, surtout en forêt riveraine et marécageuse, parfois dans les mangroves, sur sol sableux ou argileux; au Gabon, jusqu'à 700 m d'altitude, ailleurs jusqu'à 950 m.",Habitat,fre,,,,,ref-Gbn-0000667843,,
wfo-0000694189,"forêt galerie, forêt sclérophylle; au Gabon, à 500 m d'altitude, ailleurs jusqu'à 1800 m.",Habitat,fre,,,,,ref-Gbn-0000694189,,
wfo-0000694239,"forêt littorale, forêt submontagnarde (souvent en peuplement), sur sol sableux, sur les crêtes; au Gabon, 0-1020 m d'altitude, ailleurs jusqu'à 1250 m.",Habitat,fre,,,,,ref-Gbn-0000694239,,
wfo-0000694275,"forêt primaire et secondaire, forêt riveraine, forêt littorale, sur crête; au Gabon et ailleurs jusqu'à 400 m d'altitude.",Habitat,fre,,,,,ref-Gbn-0000694275,,
wfo-0000694303,"forêt primaire et secondaire, sempervirente ou semi-caducifoliée, forêt marécageuse, rivulaire ou galerie; au Gabon, jusqu'à 800 m d'altitude, ailleurs jusqu'à 1000 m.",Habitat,fre,,,,,ref-Gbn-0000694303,,
wfo-0001334154,"forêt mature ou secondaire, bord de rivière ou sur crête; de 170 à 830 m d'altitude.",Habitat,fre,,,,,ref-Gbn-0001334154,,
wfo-0000694394,"forêt primaire et secondaire, forêt marécageuse et rivulaire; au Gabon, jusqu'à 500 m d'altitude, ailleursjusqu'à 1250 m.",Habitat,fre,,,,,ref-Gbn-0000694394,,
wfo-0000694416,"forêt primaire, le long des rivières, sur des crêtes; jusqu'à 650 m d'altitude.",Habitat,fre,,,,,ref-Gbn-0000694416,,
wfo-0000694433,"forêt primaire ou vieille forêt secondaire, surtout sur pentes et collines, formant souvent des peuplements assez denses; au Gabon, à 70-675 m d'altitude, ailleurs jusqu'à 1200 m.",Habitat,fre,,,,,ref-Gbn-0000694433,,
wfo-0000694455,"forêt primaire ou secondaire, souvent en stations marécageuses ou aux bords des rivières et lacs; au Gabon, jusqu'à 700 m d'altitude, ailleurs jusqu'à 1400 m.",Habitat,fre,,,,,ref-Gbn-0000694455,,
wfo-0001334153,forêt primaire de terre ferme; à 450-650 m d'altitude.,Habitat,fre,,,,,ref-Gbn-0001334153,,
wfo-0000694536,"forêt primaire, de terre ferme ou des zones inondées ou marécageuses ou le long des rivières et ruisseaux; au Gabon, jusqu'à 500 m d'altitude, ailleurs jusqu'à 1100 m.",Habitat,fre,,,,,ref-Gbn-0000694536,,
wfo-0000694587,"forêt primaire, forêt saxicole sur inselbergs, bords des rivières; au Gabon, jusqu'à 575 m d'altitude, ailleurs jusqu'à 700 m.",Habitat,fre,,,,,ref-Gbn-0000694587,,
wfo-0000694593,"forêt primaire, galeries forestières, forêt rivulaire; au Gabon, jusqu'à 900 m d'altitude, ailleurs jusqu'à 1200 m.",Habitat,fre,,,,,ref-Gbn-0000694593,,
wfo-0000694653,"forêt primaire ou secondarisée, galeries forestières, forêt rivulaire, sur sol sableux à argileux; au Gabon, jusqu'à 750 m d'altitude, ailleurs jusqu'à 1850 m.",Habitat,fre,,,,,ref-Gbn-0000694653,,
wfo-0000375043,"forêt primaire sempervirente ou semi-caducifoliée, forêt marécageuse, forêt riveraine et galeries forestières; au Gabon, jusqu'à 650 m d'altitude, ailleurs jusqu'à 1400 m.",Habitat,fre,,,,,ref-Gbn-0000375043,,
wfo-0000395230,"forêt primaire, sur terrain humide ou marécageux, principalement sur les berges des fleuves et sols profonds; au Gabon, jusqu'à 500 m d'altitude, ailleurs jusqu'à 1400 m.",Habitat,fre,,,,,ref-Gbn-0000395230,,
wfo-0000395239,"forêt primaire et secondaire, forêt ripicole ou galeries forestières, également dans des forêts submontagnardes sur crêtes rocheuses; au Gabon, à 50-750 m d'altitude, ailleurs jusqu'à 2100 m.",Habitat,fre,,,,,ref-Gbn-0000395239,,
wfo-0000438147,"forêt primaire et secondaire, forêt marécageuse d'eau douce; au Gabon, jusqu'à 600 m d'altitude, ailleurs jusqu'à 2550 m.",Habitat,fre,,,,,ref-Gbn-0000438147,,
wfo-0000510845,"aires de culture, dans les zones humides et péri-humides; fleurs et fruits la plupart de l'année; au Gabon, à 0-350 m d'altitude.",Habitat,fre,,,,,ref-Gbn-0000510845,,
wfo-0000510862,"jardins, champs et jachères, cultivée ou subspontanée; jusqu'à 1600 m d'altitude. Fleurs et fruits toute l'année.",Habitat,fre,,,,,ref-Gbn-0000510862,,
wfo-0000512081,"savanes ou savanes boisées, jachères, cultures, villages, bords des routes, plages des lacs; jusqu'à 2000 m d'altitude. Fleurs et fruits toute l'année.",Habitat,fre,,,,,ref-Gbn-0000512081,,
wfo-0000707843,"savanes, champs, jachères, autour des cases, bords de rivières; jusqu'à 2000 m d'altitude. Fleurs et fruits de mai à octobre.",Habitat,fre,,,,,ref-Gbn-0000707843,,
wfo-0000722244,"parfois cultivée, échappé des cultures et subspontanée, naturalisée en plantations, marais et défrichements des forêts; au Gabon au niveau de la mer, ailleurs jusqu'à 1250 m d'altitude.",Habitat,fre,,,,,ref-Gbn-0000722244,,
wfo-0000722309,"mauvaise herbe des champs et jachères, savanes, lisières de forêt, lieux humides; au Gabon à 0-130 m d'altitude, ailleurs jusqu'à 1850 m.",Habitat,fre,,,,,ref-Gbn-0000722309,,
wfo-0001336002,pelouse sèche sur inselberg; à 686 m d'altitude.,Habitat,fre,,,,,ref-Gbn-0001336002,,
wfo-0001336003,"sur inselberg, dans fourré; à 758 m d'altitude.",Habitat,fre,,,,,ref-Gbn-0001336003,,
wfo-0000722841,"savanes, parmi rochers et dans cultures, rives des lacs, marais, jachères; au Gabon jusqu'à 720 m d'altitude, ailleurs, jusqu'à 2100 m.",Habitat,fre,,,,,ref-Gbn-0000722841,,
wfo-0000722911,"forêt marécageuse dégradée, jachères humides, galeries, savanes, bords de chemins, cultures, défrichements; au Gabon à 0-200 m d'altitude, ailleurs de 0 à 2350 m.",Habitat,fre,,,,,ref-Gbn-0000722911,,
wfo-0000723012,"lisières des forêts humides ou inondables, rives des cours d'eau, marais, jachères, cultures; au Gabon à 200 m d'altitude, ailleurs à 0-1250 m.",Habitat,fre,,,,,ref-Gbn-0000723012,,
wfo-0000723020,"habitations, cultures, jachères, autour des cases, savanes; préfère une période sèche pour la production de calices de bonne qualité; à 0-1400 m d'altitude.",Habitat,fre,,,,,ref-Gbn-0000723020,,
wfo-0000723087,"savane, jachères et prairies marécageuses; jusqu'à 450 m d'altitude.",Habitat,fre,,,,,ref-Gbn-0000723087,,
wfo-0000723117,"bord de rivière, à ± 500 m d'altitude.",Habitat,fre,,,,,ref-Gbn-0000723117,,
wfo-0000723123,"espèce cultivée de la forêt dense semi-décidue et ses formes de dégradation, forêts secondaires, savanes, marais, jachères, cultures, anciens villages; au Gabon à 90-200 m d'altitude, ailleurs à 0-1700 m. Fleurs et fruits toute l'année.",Habitat,fre,,,,,ref-Gbn-0000723123,,
wfo-0001077669,"habitats littoraux, sables maritimes, mangroves; à basse altitude.",Habitat,fre,,,,,ref-Gbn-0001077669,,
wfo-0000501894,"savanes sablonneuses, jachères, champs, palmeraies, forêts claires, endroits humides et ombragés ou ensoleillés; au Gabon, observée jusqu'à 130 m d'altitude, ailleurs jusqu'à 700 m. Fleurs et fruits d'août à mai.",Habitat,fre,,,,,ref-Gbn-0000501894,,
wfo-0000501805,"savanes, forêts, bords de route; au Gabon à 400 m, ailleurs à 0-2350 m. Fleurs observées en avril et septembre.",Habitat,fre,,,,,ref-Gbn-0000501805,,
wfo-0000505360,"forêt galerie dégradée, savanes; au Gabon à 100-700 m d'altitude, ailleurs à 0-1850 m. Fleurs et fruits en mai.",Habitat,fre,,,,,ref-Gbn-0000505360,,
wfo-0000505486,"savanes, galeries forestières, jachères, champs, près de villages; ailleurs à 30-1800 m d'altitude. Fleurs et fruits d'août à décembre.",Habitat,fre,,,,,ref-Gbn-0000505486,,
wfo-0000427209,"forêt dégradée, savane arbustive, jachères; ailleurs à 350-1200 m d'altitude. Fleurs en avril, à cette époque encore de nombreux boutons.",Habitat,fre,,,,,ref-Gbn-0000427209,,
wfo-0000825737,Forêts denses humides submontagnardes au-dessus de 850 m d'altitude.,Habitat,fre,,,,,ref-Gbn-0000825737,,
wfo-0000823380,sur pentes rocheuses demi-ombragées entre 350 m et 800 m d'altitude.,Habitat,fre,,,,,ref-Gbn-0000823380,,
wfo-0000823397,sols humides meubles ou bord des cours d'eau en forêts riveraines; entre 130 et 720 m d'altitude.,Habitat,fre,,,,,ref-Gbn-0000823397,,
wfo-0000823905,forêts denses humides primaires ou secondaires; entre 30 et 950 m d'altitude.,Habitat,fre,,,,,ref-Gbn-0000823905,,
wfo-0000824686,"forêts denses humides primaires et secondaires, de préférence en stations un peu perturbées; aussi dans les forêts riveraines, en stations périodiquement inondées; jusqu'à 1000 m d'altitude.",Habitat,fre,,,,,ref-Gbn-0000824686,,
wfo-0000824838,pentes boisées en forêts denses humides entre 500 m et 700 m d'altitude; formant localement des populations assez importantes.,Habitat,fre,,,,,ref-Gbn-0000824838,,
wfo-0000825472,limité aux forêts denses très humides où l'espèce se plaît à proximité des cours d'eau; jusqu'à 800 m d'altitude.,Habitat,fre,,,,,ref-Gbn-0000825472,,
wfo-0000825513,"forêts denses humides primaires sur pente, souvent au bord des cours d'eau, jusqu'à 750 m d'altitude.",Habitat,fre,,,,,ref-Gbn-0000825513,,
wfo-0000824267,"forêts primaires et secondarisées, parfois en station très ombragée, sur pentes ou terrain plat, souvent au bord des cours d'eau; 80-360 m d'altitude.",Habitat,fre,,,,,ref-Gbn-0000824267,,
wfo-0000824566,"forêts primaires et secondarisées de basse altitude et submontagnarde, sur pentes, rochers ou troncs moussus, souvent au bord des cours d'eauet rapides; 350-900 m d'altitude.",Habitat,fre,,,,,ref-Gbn-0000824566,,
wfo-0000824825,"espèce rare sur des parois rocheuses humides ou épiphyte sur des arbres moussus, proche des chutes d'eau, dans la forêt primaire.",Habitat,fre,,,,,ref-Gbn-0000824825,,
wfo-0000825195,"terrestre ou sur des parois rocheuses humides dans la forêt primaire, parfois en station marécageuse, souvent au bord des cours d'eauet rapides; 0-800 m d'altitude.",Habitat,fre,,,,,ref-Gbn-0000825195,,
wfo-0000825481,"sur talus, lits des rivières ou parois rocheuses dans la forêt primaire ou vieille forêt secondaire, souvent au bord des cours d'eau, rapideset chutes d'eau; 330-950 m d'altitude.",Habitat,fre,,,,,ref-Gbn-0000825481,,
wfo-0000825572,sur des parois rocheuses et moussues presque verticales et parfois desséchées dans la forêt primaire; 600-800 m d'altitude.,Habitat,fre,,,,,ref-Gbn-0000825572,,
wfo-0000824991,"forêts denses primaires ou secondaires; de préférence en stations humides au bord des ruisseaux; au Gabon surtout sur des sols calcaires; parfois saxicole sur rocailles, rarement épiphyte sur troncs d'arbres; entre 180 m et 2300 m d'altitude.",Habitat,fre,,,,,ref-Gbn-0000824991,,
wfo-0000823274,"localement assez commun, le long des pistes forestières dans la forêt secondarisée; à 300-600 m d'altitude.",Habitat,fre,,,,,ref-Gbn-0000823274,,
wfo-0000823330,"sur des talus, lits de rivière ou pentes en forêt primaire ou secondarisée, souvent au bord des cours d'eau; 50-600 m d'altitude.",Habitat,fre,,,,,ref-Gbn-0000823330,,
wfo-0000823673,"sur sol plat ou pentu, talus ou lits de rivière en forêt primaire ou parfois secondaire, parfois dans les galeries forestières, souvent au bord des cours d'eau; 100-1000 m d'altitude.",Habitat,fre,,,,,ref-Gbn-0000823673,,
wfo-0000823822,"sur parois rocheuses verticales, moussues et parfois relativement sèches, dans la forêt primaire submontagnarde; 600-700 m d'altitude.",Habitat,fre,,,,,ref-Gbn-0000823822,,
wfo-0000823930,"sur terrain plat ou sur pentes et talus, dans la forêt primaire mais parfois aussi en stations très secondarisés, souvent au bord des cours d'eau et rivières; 450-700 m d'altitude.",Habitat,fre,,,,,ref-Gbn-0000823930,,
wfo-0000823931,"sur terrain plat ou sur pentes et talus, dans la forêt primaire ou secondarisée, souvent au bord des cours d'eau et rivières; à environ 100 m d'altitude.",Habitat,fre,,,,,ref-Gbn-0000823931,,
wfo-0000823991,"espèce fragile et délicate sur des parois rocheuses sableuses ou ferralitiques inclinées, en stations relativement sèches et ombragées de la forêt primaire; à 500-1000 m d'altitude.",Habitat,fre,,,,,ref-Gbn-0000823991,,
wfo-0000824286,"sur terrain plat ou sur pentes, talus ou parois rocheuses, dans les forêts primaires et secondaires, souvent au bord des cours d'eau et rivières, parfois dans des stations temporairement inondées; jusqu'à 1000 m d'altitude.",Habitat,fre,,,,,ref-Gbn-0000824286,,
wfo-0000824502,"sur terrain plat mais préférant des pentes, talus ou parois rocheuses, en forêts primaires et secondaires, souvent au bord des cours d'eau, rivières et chutes d'eau; jusqu'à 1000 m d'altitude.",Habitat,fre,,,,,ref-Gbn-0000824502,,
wfo-0000824636,"sur des parois rocheuses verticales le long des cours d'eau, dans la forêt primaire; à 500 m d'altitude.",Habitat,fre,,,,,ref-Gbn-0000824636,,
wfo-0000824826,"souvent sur des pentes, des talus ou des parois rocheuses, mais aussi le long des pistes forestières, dans les forêts primaires et secondaires, souvent au bord des cours d'eau et rivières; 100-950 m d'altitude.",Habitat,fre,,,,,ref-Gbn-0000824826,,
wfo-0000825093,"au sol ou sur vieux troncs moussus, sur des pentes dans la forêt primaire; à environ 400 m d'altitude.",Habitat,fre,,,,,ref-Gbn-0000825093,,
wfo-0000825482,"au sol ou rarement sur parois rocheuses verticales, sur terrain plat ou sur pentes fortes, en forêt primaireou vieille forêt secondaire, souvent le long des cours d'eau ou rapides; 250-700 m d'altitude.",Habitat,fre,,,,,ref-Gbn-0000825482,,
wfo-0000825673,"localement commun, au sol ou sur des roches moussues, préférant pentes ou talus, en forêt primaireou vieille forêt secondaire, souvent au bord des cours d'eau, rapidesou chutes; 250-900 m d'altitude.",Habitat,fre,,,,,ref-Gbn-0000825673,,
wfo-0000825848,"sur parois rocheuses humides et moussues, dans la forêt primaire; 500-900 m d'altitude.",Habitat,fre,,,,,ref-Gbn-0000825848,,
wfo-0000825900,"sur parois rocheuses humides et moussues et sur blocs rocheux, le long des cours d'eau dans la forêt primaire; 320-1000 m d'altitude.",Habitat,fre,,,,,ref-Gbn-0000825900,,
wfo-0000825933,sur parois rocheuses humides et moussues ou talus le long des cours d'eau dans la forêt primaire; à 250-270 m d'altitude.,Habitat,fre,,,,,ref-Gbn-0000825933,,
wfo-0000823308,"forêts ombrophiles primaires ou vieilles forêts secondaires; généralement au dessus de 500 m d'altitude, mais sur les îles du Golfe de Guinée, l'espèce descend jusqu'au niveau de la mer.",Habitat,fre,,,,,ref-Gbn-0000823308,,
wfo-0000823592,forêts denses ombrophiles; au Cameroun notamment en forêt biafréenne à Caesalpiniaceae; entre 260 et 1020 m d'altitude.,Habitat,fre,,,,,ref-Gbn-0000823592,,
wfo-0000823886,"forêts semi-décidues, de préférence vieilles plantations de cacao et de palmier à huile, aussi en forêts riveraines; avec des précipitations moyennes annuelles de 1500-2000 mm; entre 100 et 700 m d'altitude.",Habitat,fre,,,,,ref-Gbn-0000823886,,
wfo-0000823900,forêts denses ombrophiles; 0-700 m d'altitude.,Habitat,fre,,,,,ref-Gbn-0000823900,,
wfo-0000823917,"forêts denses humides ou semi-décidues, primaires ou secondaires, raphiales marécageuses, forêts riveraines en savanes boisées; entre 300 m et 1950 m d'altitude. Au-dessous de 300 m d'altitude, remplacée par B. fusialata Warb.",Habitat,fre,,,,,ref-Gbn-0000823917,,
wfo-0000824098,épiphyte hygromésophile en forêts denses ombrophiles entre 400 m et 600 m d'altitude.,Habitat,fre,,,,,ref-Gbn-0000824098,,
wfo-0000824444,forêts denses ombrophiles; 200-600 m d'altitude.,Habitat,fre,,,,,ref-Gbn-0000824444,,
wfo-0000824466,"épiphyte hygromésophile en forêts denses humides semi-décidues, aussi dans l'étage forestier submontagnard, entre 150 m et 1500 m d'altitude.",Habitat,fre,,,,,ref-Gbn-0000824466,,
wfo-0000824472,forêts denses ombrophiles; jusqu'à 950 m d'altitude.,Habitat,fre,,,,,ref-Gbn-0000824472,,
wfo-0000824564,forêts denses ombrophiles; entre 300 et 400 m d'altitude.,Habitat,fre,,,,,ref-Gbn-0000824564,,
wfo-0000824626,forêts denses ombrophiles; jusqu'à 1200 m d'altitude.,Habitat,fre,,,,,ref-Gbn-0000824626,,
wfo-0000824743,forêts ombrophiles; jusqu'à 1200 m d'altitude.,Habitat,fre,,,,,ref-Gbn-0000824743,,
wfo-0000825178,forêts sempervirentes et forêts semi-décidues; entre 50 et 1150 m d'altitude.,Habitat,fre,,,,,ref-Gbn-0000825178,,
wfo-0000825592,forêts ombrophiles; entre 100 et 850 m d'altitude.,Habitat,fre,,,,,ref-Gbn-0000825592,,
wfo-0000825653,"forêts sempervirentes et forêts semi-décidues, primaires et secondaires; jusqu'à 1100 m d'altitude.",Habitat,fre,,,,,ref-Gbn-0000825653,,
wfo-4000038188,"Les Thesium vivent uniquement dans des formations herbeuses. Ils sont hémiparasites sur les racines de diverses espèces herbacées (p. ex. Légumineuses, Graminées); ils sont souvent eux-mêmes parasités par des champignons microscopiques ou par des insectes qui provoquent la transformation des fleurs en galles. Ils passent souvent inaperçus. Les individus des espèces vivaces forment à la longue de fortes touffes; leur parasitisme sur les plantes voisines diminue la vitalité de celles-ci et finalement les tue; il se forme ainsi dans le tapis végétal autour des plantes de Thesium des cercles à plantes affaiblies ou même sans plantes.",Habitat,fre,,,,,ref-Gbn-4000038188,,
wfo-0000763208,"en forêt secondaire et primaire, souvent le long des rivières, sur sol sableux; au Gabon à 30-760 m d'altitude, ailleurs jusqu'à 900 m.",Habitat,fre,,,,,ref-Gbn-0000763208,,
wfo-0000763340,"en forêt primaire et secondaire; au Gabon à 350 m d'altitude, ailleurs jusqu'à 1900 m.",Habitat,fre,,,,,ref-Gbn-0000763340,,
wfo-0000763512,"forêt primaire ou secondaire, souvent proche des rivières; au Gabon à 15-860 m d'altitude, ailleurs jusqu'à 1200 m.",Habitat,fre,,,,,ref-Gbn-0000763512,,
wfo-0000763540,forêt primaire incluant la forêt riveraine; au Gabon à 100-460 m d'altitude.,Habitat,fre,,,,,ref-Gbn-0000763540,,
wfo-0001237261,"dans des végétations arborées ouvertes, savanes, zones sèches et bancs de ruisseaux, sur des sols lourds; au Gabon à environ 400 m d'altitude.",Habitat,fre,,,,,ref-Gbn-0001237261,,
wfo-0000342532,"commune en savanes humides ou marécageuses, mangroves ouvertes, sur inselbergs, sur sol sableux à argileux ou même rocheux; au Gabon jusqu'à 750 m d'altitude, ailleurs jusqu'à 1600 m.",Habitat,fre,,,,,ref-Gbn-0000342532,,
wfo-0000917462,"forêts primaires; au Gabon entre 50 et 460 m d'altitude, ailleurs à 0-200 m.",Habitat,fre,,,,,ref-Gbn-0000917462,,
wfo-0000433349,forêts primaires; au Gabon à environ 700 m d'altitude.,Habitat,fre,,,,,ref-Gbn-0000433349,,
wfo-0000917876,"forêts primaires, entre 300 et 600 m d'altitude; fleurissant de novembre jusqu'à janvier.",Habitat,fre,,,,,ref-Gbn-0000917876,,
wfo-0000433459,forêts primaires; au Gabon entre 0 et 900 m d'altitude.,Habitat,fre,,,,,ref-Gbn-0000433459,,
wfo-0000357656,"espèce anthropophile, échappée des jardins et cultures, en stations sèches, rocheuses ou le long des ruisseaux, aussi à l'ombre; en Afrique jusqu'à 1600 m d'altitude.",Habitat,fre,,,,,ref-Gbn-0000357656,,
wfo-0000745661,"forêts primaires et secondaires, parfois comme espèce dominante, sur sol bien drainé, sur terrain plat ou sur pentes, le long des marais et ruisseaux, aussi en arrière-mangroves; jusqu'à 400 m d'altitude.",Habitat,fre,,,,,ref-Gbn-0000745661,,
wfo-0000224404,"sur des eaux douces stagnantes, lacs, mares, rizières, etc.; au Gabon jusqu'a 500 m d'altitude, ailleurs jusqu'a 1600 m.",Habitat,fre,,,,,ref-Gbn-0000224404,,
wfo-0000487907,"en forêt dense sempervirente, forêt secondaire ou plus sèche, parfois en forêt ripicole ou marécageuse; en Afrique tropical à 500-2500 m, mais en Afrique du Sud à 0-2000 m d'altitude.",Habitat,fre,,,,,ref-Gbn-0000487907,,
wfo-0000459340,"en forêt de mangrove, lisière forêt-savane, mais aussi en savane, sur sol sableux; jusqu'à 50 m d'altitude.",Habitat,fre,,,,,ref-Gbn-0000459340,,
wfo-0000338133,"forêts primaires ou vieilles forêts secondaires, au Gabon jusqu'à 500 m d'altitude, ailleurs jusqu'à 1000 m.",Habitat,fre,,,,,ref-Gbn-0000338133,,
wfo-0000740069,"forêts denses humides; au Gabon à basse altitude jusqu'à 300 m, ailleurs jusqu'à 720 m.",Habitat,fre,,,,,ref-Gbn-0000740069,,
wfo-0000564377,"parasite sur les espèces de la famille des Leguminosae, sous-famille des Caesalpinioidae, tribu des Macrolobieae.",Habitat,fre,,,,,ref-Gbn-0000564377,,
wfo-0000410707,"en forêts denses humides primaires et secondaires, galeries forestières, savanes et plantations; au Gabon jusqu'à 750 m d'altitude, ailleurs jusqu'à 1500 m. Holoparasite sur racines des arbres de plusieurs familles comme les Apocynaceae (Funtumia africana), Euphorbiaceae (Bridelia micrantha), Leguminosae (Baphia nitida, Pentaclethra eetveldiana), Moraceae (Antiaris africana, Myrianthus arboreus), mais aussi dans des plantations d'arbres à caoutchouc (Hevea), de palmiers à l'huile et de cacaoyers. Fleurit toute l'année.",Habitat,fre,,,,,ref-Gbn-0000410707,,
wfo-0000819424,"savanes arborées, souvent en bordure de route ou milieux dégradés; à 100-640 m d'altitude.",Habitat,fre,,,,,ref-Gbn-0000819424,,
wfo-0000588009,"La papaye est une espèce des forêts secondaires et clairières où elle est parfois dominante. Elle préfère des sols légers, profonds, bien drainés et avec une matière organique abondante, des précipitations annuelles de 1200 mm ou plus et  ne poussantpas bien au-dessus de 1500 m d'altitude.",Habitat,fre,,,,,ref-Gbn-0000588009,,
wfo-0000765492,"savanes herbeuses et arbustives, souvent sur des sols peu profonds ou dans des endroits rocheux; au Gabon entre 600 et 700 m d'altitude, ailleurs de 75 jusqu'à 2400 m.",Habitat,fre,,,,,ref-Gbn-0000765492,,
wfo-0000766064,"savanes et forêts ouvertes, endroits secs ou humides, sur sols sableux, argileux ou rocheux; au Gabon jusqu'à 600 m d'altitude, ailleurs jusqu'à 2100 m.",Habitat,fre,,,,,ref-Gbn-0000766064,,
wfo-0000688208,"dans des savanes côtières et bordures des étangs, sur sols secs et humides; au Gabon à 0-250 m d'altitude, ailleurs jusqu'à 700 m.",Habitat,fre,,,,,ref-Gbn-0000688208,,
wfo-0001066907,"herbe hydrophyte des stations humides généralement ouvertes, savanes ou jachères marécageuses, le long des rivières ou petits lacs, mais aussi dans des ouvertures humides en forêt et en forêt galerie; jusqu'à 800 m d'altitude.",Habitat,fre,,,,,ref-Gbn-0001066907,,
wfo-0000831580,forêts humides; entre 320 et 800 m d'altitude.,Habitat,fre,,,,,ref-Gbn-0000831580,,
wfo-0000833400,"mauvaise herbe de jardins, peut-être anciennement introduite comme ornementale.",Habitat,fre,,,,,ref-Gbn-0000833400,,
wfo-0000814459,forêt humide; à 100-300 m d'altitude.,Habitat,fre,,,,,ref-Gbn-0000814459,,
wfo-0000382481,dans des eaux modérément profondes des mares ou le long des lacs et rivières; à 0-1650 m d'altitude.,Habitat,fre,,,,,ref-Gbn-0000382481,,
wfo-0000382180,"lacs, bord des rivières, forêts marécageuses, mares en savane; au Gabon jusqu'à 200 m d´altitude, ailleurs jusqu'à 1850 m.",Habitat,fre,,,,,ref-Gbn-0000382180,,
wfo-0000382059,"mares profondes, marécages, anses tranquilles des rivières, lacs, eaux jusqu'à 2,5 m de profondeur, entre 0 et 200 m d´altitude, ailleurs jusqu'à 1200 m.",Habitat,fre,,,,,ref-Gbn-0000382059,,
wfo-0000382046,"mares dans les plaines, lacs, anses tranquilles des rivières, jusqu'à 350 m d'altitude.",Habitat,fre,,,,,ref-Gbn-0000382046,,
wfo-0000401771,"eaux douces stagnantes ou à courant lent, souvent localement dominante; au Gabon à basse altitude, ailleurs jusqu'à 1700 m. Plante très envahissante, empêchant ainsi le cours normal des eaux, pourrait changer radicalement les écosystèmes aquatiques à cause d'un manque de lumière. Elle devient nuisible à la pêche au filet et à la ligne et même à la circulation des pirogues.",Habitat,fre,,,,,ref-Gbn-0000401771,,
wfo-0000401818,"dans des eaux douces stagnantes ou à courant assez rapide, mares, étangs, rivières et marécages; au Gabon à basse altitude, ailleurs jusqu'à 1500 m.",Habitat,fre,,,,,ref-Gbn-0000401818,,
wfo-0000441483,"eaux douces ou salées, stagnantes ou à courant lent, mares, étangs, rivières, marécages, etc.; au Gabon vers 500 m d'altitude, ailleurs jusqu'à 2600 m. Les fleurs se ferment pendant la nuit.",Habitat,fre,,,,,ref-Gbn-0000441483,,
wfo-0000594910,"marais, bords des lacs et des rivières, dans des eaux douces ou saumâtres atteignant une profondeur de 2 m, souvent dans des endroits perturbés et sur sols de texture fine où elle peut se développer en grandes masses nocives; en Afrique jusqu'à 2250 m d'altitude.",Habitat,fre,,,,,ref-Gbn-0000594910,,
wfo-0000556878,"L'okoumé est relativement abondant dans la forêt gabonaise. La moyenne des arbres adultes (exploitables au dessus de 70 cm de diamètre au dessus des contreforts) est de 3 arbres par 2 hectares, lorsqu'il s'agit de moyennes portant sur de grandes superficies. Il se présente parfois en petits peuplements pouvant comprendre une vingtaine d'arbres par hectare, dans une forêt qui alors paraît avoir un couvert clair.<b>Pour une formation de forêt équatoriale c'est une essence grégaire, une des plus abondantes parmi les grands arbres que l'on puisse trouver dans la forêt africaine</b>.<br/>\rLes peuplements d'okoumé se rencontrent dans la forêt apparemment primaire, mais en réalité ces peuplements de gros arbres se trouvent dans de très vieilles forêts secondaires ayant pris l'aspect de la forêt primaire. L'okoumé, en effet essence très héliophile, ne se régénère que dans les terrains découverts, cultures, défrichements, bords de route. C'est une espèce caractéristique des formations secondaires, à croissance très rapide. Dans les anciennes zones défrichées puis abandonnées récemment par les occupants se trouvent des peuplements naturels, parfois denses de jeunes arbres.<br/>\rLes jeunes okoumés en particulier se pressent véritablement sur les lisières des savanes de la zone maritime du Gabon, appelées localement mais improprement des « plaines ». Derrière la frange de petits okoumés aux tiges penchées vers la vive lumière de la savane se trouvent des lignes de grands okoumés. Certaines parties de savanes protégées naturellement contre les feux de brousse ont été vues colonisées par des gaulis denses de jeunes okoumés.",Habitat,fre,,,,,ref-Gbn-0000556878,,
wfo-0001328093,"Ce Canarium est surtout une espèce héliophile des formations secondaires, partout répandue, disséminée et ne constituant pas de peuplements au Gabon. Décidue ou semi-décidue en saison sèche.",Habitat,fre,,,,,ref-Gbn-0001328093,,
wfo-0000489019,"Herbe des étangs, lacs, bord des fleuves, à tiges atteignant 2-3 m de long, trainant dans l'eau et émettant des racines aux noeuds inférieurs.",Habitat,fre,,,,,ref-Gbn-0000489019,,
wfo-0000489011,"Herbe fréquente au bord des cours d'eau, dans les bois humides et sur les lisières des forêts.",Habitat,fre,,,,,ref-Gbn-0000489011,,
wfo-0000488361,Herbe fréquente au bord des lagunes et des marais.,Habitat,fre,,,,,ref-Gbn-0000488361,,
wfo-0000516177,"Cette plante semble indifférente à la nature du sol, du climat et du relief. Elle pousse dans les endroits secs ou humides, ombragés ou ensoleillés, en plaine ou en montagne, dans les terrains rocailleux, les dunes, les cultures et les lieux incultes; ceci explique la diversité des formes que l'on peut rencontrer et sa dispersion sur le globe terrestre.",Habitat,fre,,,,,ref-Gbn-0000516177,,
wfo-0000528804,Terrains sableux; terrains vagues des villages.,Habitat,fre,,,,,ref-Gbn-0000528804,,
wfo-7000000247,"Les Gesneriaceae tropicales sont essentiellement des plantes de forêt, beaucoup étant capables de résister à des intensités lumineuses faibles. Dans les régions subtropicales nord, tempérées chaudes, elles tendent à être montagnardes souvent sous forme de plantes en rosette, avec une grande capacité de résistance à la sécheresse en dehors de la période de croissance.",Habitat,fre,,,,,ref-Gbn-7000000247,,
wfo-0000733710,"sources et cours d'eau, mares, marais, bancs de vase, et forêts-galeries ou marécageuses; au Gabon à ± 500 m d'altitude, ailleurs jusqu'à 1500 m.",Habitat,fre,,,,,ref-Gbn-0000733710,,
wfo-0000594096,"herbe fréquente dans des endroits humides le long des rues et rivières, dans les terrains vagues, pâturages dégradés, parfois sur rochers ou bancs de vase ou ouvertures forestières; au Gabon jusqu'à 360 m d'altitude (mais probablement aussi plus haut), ailleurs jusqu'à plus de 3000 m.",Habitat,fre,,,,,ref-Gbn-0000594096,,
wfo-0000497413,"espèce des côtes sableuses et des dunes, parfois sur des grès ou dans des bosquets.",Habitat,fre,,,,,ref-Gbn-0000497413,,
wfo-0000509535,forêts à 200-700 m d'altitude.,Habitat,fre,,,,,ref-Gbn-0000509535,,
wfo-0000730124,"jeunes ou vieilles forêts secondaires, rarement en forêt ripicole ou galerie forestière.",Habitat,fre,,,,,ref-Gbn-0000730124,,
wfo-0000730131,forêts secondaires.,Habitat,fre,,,,,ref-Gbn-0000730131,,
wfo-0000522689,forêts denses humides jusqu'à 350 m d'altitude.,Habitat,fre,,,,,ref-Gbn-0000522689,,
wfo-0000522690,forêts denses humides jusqu'à 1000 m d'altitude.,Habitat,fre,,,,,ref-Gbn-0000522690,,
wfo-0000522691,forêts denses humides de basse altitude.,Habitat,fre,,,,,ref-Gbn-0000522691,,
wfo-0001292776,forêts denses humides jusqu'à 420 m d'altitude.,Habitat,fre,,,,,ref-Gbn-0001292776,,
wfo-0000790089,"pelouses rocheuses, souvent sur des inselbergs; entre 650 et 1000 m d'altitude.",Habitat,fre,,,,,ref-Gbn-0000790089,,
wfo-0000790477,savanes et lisières forestières; jusqu'à 2200 m d'altitude.,Habitat,fre,,,,,ref-Gbn-0000790477,,
wfo-0000565547,"bords des rivières en forêts ripicoles, galeries forestières, bancs de sable périodiquement inondés.",Habitat,fre,,,,,ref-Gbn-0000565547,,
wfo-0000565553,"savanes, bords des ruisseaux, marais, pâturages.",Habitat,fre,,,,,ref-Gbn-0000565553,,
wfo-0000565557,"forêts ripicoles ombrophiles, sur rochers périodiquement inondés et plages sablonneuses.",Habitat,fre,,,,,ref-Gbn-0000565557,,
wfo-0000387172,"dans des jardins, le long des routes, plantations et villages, le long des rivières, dans des endroits partiellement ombragés.",Habitat,fre,,,,,ref-Gbn-0000387172,,
wfo-0000740727,"sous-bois, lisière ou coupes forestières, mais également au bord des routes, le long des rivières et lagunes, parfois sur sol de métaux lourds; au Gabon depuis le niveau de la mer jusqu'à 550 m d'altitude, ailleurs jusqu'à 2400 m.",Habitat,fre,,,,,ref-Gbn-0000740727,,
wfo-0000507981,"espèce des endroits humides tels les mares, marais, bancs de rivières et criques à marée, à 0- 1500 m d'altitude; au Gabon n'a été récoltée qu'une fois, mais probablement assez commune.",Habitat,fre,,,,,ref-Gbn-0000507981,,
wfo-0000567798,"espèce commune de savanes, forêts claires, bords des routes, rivières et marécages, forêts galeries, plages, stations rudérales, etc.; au Gabon présent surtout à basse altitude, mais ailleurs jusqu'à 1450 m.",Habitat,fre,,,,,ref-Gbn-0000567798,,
wfo-0000418385,Elle est capable d'envahir des arbres de 30 m de haut et croît notamment dans les forêts marécageuses.,Habitat,fre,,,,,ref-Gbn-0000418385,,
wfo-7000000534,"La famille est surtout très abondamment représentée dans les zones de forêts denses bien qu'en fait peu de genres soient typiquement des plantes d'ombre. Certains genres sont essentiellement représentés dans des régions à saison sèche très marquée et prolongée (Feretia, Gardenia, Borreria, Fadogia, Macrosphyra, Crossopteryx), donc peu ou pas représentés au Gabon. On y trouve toutefois des Rubiaceae de savanes, herbes annuelles ou même pyrophytes. A l'inverse, beaucoup de Rubiaceae sont liées à des formations marécageuses douces ou salées, mais seul le genre américain Limnosipanea est vraiment aquatique. Parmi les herbacées, un certain nombre d'espèces sont des rudérales.<br/>\rLes Rubiaceae ont rarement pu s'adapter aux climats désertiques (Gaillonia) ou tempérés (Rubia, Galium, Asperula). Certaines hautes montagnes d'Afrique recèlent les genres paléarc-tiques Rubia et Galium.<br/>\rL'épiphytisme est rare; il se rencontre en Asie chez Myrme-codia, Hymenopogon, Hydnophytum, et en Amérique chez Hillia pour ne citer que les genres les plus remarquables. En Afrique un Hymenodictyon et un Psychotria sont par exception des épiphytes.",Habitat,fre,,,,,ref-Gbn-7000000534,,
wfo-0001132550,Le N. Pobeguini est un arbre caducifolié ripicole et palu-dicole; à la saison des crues les fûts se dressent isolément au-dessus de la nappe d'eau. Plus rarement on rencontre des pieds florifères buissonnants de 4-6 m de haut.,Habitat,fre,,,,,ref-Gbn-0001132550,,
wfo-0000321030,Un Acarien brun clair à 2 taches foncées subpostérieures a été observé en compagnie de corpuscules globuleux blancs dans la cavité elliptique d'une domatie foliaire.,Habitat,fre,,,,,ref-Gbn-0000321030,,
wfo-0000931756,"Observé comme épiphyte basse, vers 1,5 m de hauteur sur gros tronc cylindrique; le système radiculaire est comparable à celui de certains Ficus étrangleurs avec ceinturage, anastomoses et enracinement au sol de quelques racines descendantes.",Habitat,fre,,,,,ref-Gbn-0000931756,,
wfo-0000298249,"Les myrmécodomaties juvéniles sont creuses et imperforées avant d'être utiles aux fourmis. Un nid formé présente une cavité d'env. 10 x 0,8 cm. Une population de fourmis à abdomen noir et tête rouge a été observée. Le nid contient de nombreuses larves et nymphes (N. Hallé 3298).",Habitat,fre,,,,,ref-Gbn-0000298249,,
wfo-0001065987,"En Nigéria on le trouve avec P. gigan-teum Hutch. et Dalz., espèce très affine dont les feuilles sont encore nettement plus larges, jusqu'à 30 cm, et les pétales externes triangulaires-ovés.",Habitat,fre,,,,,ref-Gbn-0001065987,,
wfo-0001066000,Les quelques renseignements donnés sur l'étiquette du collecteur laissent penser que son écologie pourrait se limiter à un milieu très particulier.,Habitat,fre,,,,,ref-Gbn-0001066000,,
wfo-4000027882,"Plantes à écologie très diverse,",Habitat,fre,,,,,ref-Gbn-4000027882,,
wfo-0000876598,Son écologie est très semblable à celle de l'autre espèce.,Habitat,fre,,,,,ref-Gbn-0000876598,,
wfo-0000875631,"Imperata cylindrica est une plante très envahissante qui se multiplie rapidement dès que la terre est travaillée sur les jachères, les bords des routes, les anciens emplacements de villages etc. Du fait de la présence de ses rhizomes, il est très difficile de s'en débarrasser.",Habitat,fre,,,,,ref-Gbn-0000875631,,
wfo-0000869230,"C'est une herbe que l'on rencontre rarement en peuplements importants, qui est exigeante et indique des sols frais et bien pourvus en matière organique.",Habitat,fre,,,,,ref-Gbn-0000869230,,
wfo-0000898199,"Elle vit toujours sur des sols sableux, perméables, très pauvres et ne présente sans doute que peu d'intérêt fourrager.",Habitat,fre,,,,,ref-Gbn-0000898199,,
wfo-0000846254,"Elle se rencontre sur des sols sableux perméables, pauvres.",Habitat,fre,,,,,ref-Gbn-0000846254,,
wfo-0000846906,"Dans la République du Congo, cette petite herbe se rencontre parfois sur des sols sableux lessivés, temporairement marécageux ou inondés.",Habitat,fre,,,,,ref-Gbn-0000846906,,
wfo-0000847430,"Cette espèce n'a pas d'exigences écologiques très nettes. Elle semble se plaire surtout dans les sols bien drainés de profondeur moyenne, plutôt sablo-argileux.",Habitat,fre,,,,,ref-Gbn-0000847430,,
wfo-0000846610,"On la rencontre sur des sols bien pourvus en humus, bas-fonds ou lisières forestières. Elle est généralement abondante dans ces stations. Dans les régions de savane, sa présence est l'indice des meilleures terres cultivables.",Habitat,fre,,,,,ref-Gbn-0000846610,,
wfo-0000846619,L'écologie de ces deux variétés est sans doute assez proche de celle d' A. gabonensis.,Habitat,fre,,,,,ref-Gbn-0000846619,,
wfo-0001141151,"Cette espèce camerouno-gabonaise, n'est connue que des régions de la moyenne Sanaga, du Lokoundjé et du Ntem; elle fréquente des lieux ombragés très humides: forêts denses, pieds de rochers, et stations ripicoles inondées temporairement.",Habitat,fre,,,,,ref-Gbn-0001141151,,
wfo-0000456002,"Répandue de la Guinée ex Fr. au Congo ex Belge, cette belle et très grande espèce caducifoliée est bien caractéristique avec ses feuilles d'érable. Typique des forêts semi-décidues, elle est avec le Kotibé (Nesogordonia papaverifera) l'indice, dans le nord du Gabon, d'un secteur moins humide dont le climat rappelle celui de la région de Yaoundè. C'est une essence de lumière; les petits peuplements d'Obéché tendent généralement à s'accroître en prenant pied dans les terrains de culture abandonnés.",Habitat,fre,,,,,ref-Gbn-0000456002,,
wfo-4000018737,"Ce sont pour la plupart de grandes,ou de très grandes herbes dont l'importance est considérable en zone guinéenne. Sauf dans les sols très sableux, ce sont elles en effet qui constituent le plus souvent la presque totalité du tapis herbacé, avec dans chaque cas une seule espèce largement dominante.<br/>\rBeaucoup d'entre-elles ont ainsi une signification écologique précise:\r<ul><li>H. dissoluta: terrains sableux.</li><li>H. Welwitschii: alluvions, terrains frais, mais relativement légers.</li><li>H. cyanescens: alluvions, terrains frais, argileux.</li><li>H. rufa: espèce assez exigeante, demande des sols profonds, frais, assez argileux et bien pourvus en matière organique.</li><li>H. diplandra: amplitude écologique plus large; exige cependant des sols profonds, assez argileux, ou, si sableux, bien pourvus en matière organique.</li><li>H. lecomtei: sols secs, peu profonds, caillouteux ou latéritiques</li><li>H. chrysargyrea: au Gabon et au Congo ne se rencontre que sur les zones d'affleurement de roches calcaires. Il indique d'assez grandes teneurs en éléments minéraux, calcium en particulier.</li><li>H. familiaris et H. filipendula: jachères, ou savanes, sols plutôt légers.</li></ul>",Habitat,fre,,,,,ref-Gbn-4000018737,,
wfo-0000875226,Sur alluvions fraîches et argileuses;,Habitat,fre,,,,,ref-Gbn-0000875226,,
wfo-4000030445,"Ce sont des herbes généralement de petite taille, caractéristiques souvent de sols pauvres.",Habitat,fre,,,,,ref-Gbn-4000030445,,
wfo-0000894306,"Elle forme un tapis bas et clairsemé, caractérisé par ses reflets bleuâtres et dans lequel la circulation est très aisée.",Habitat,fre,,,,,ref-Gbn-0000894306,,
wfo-0000867498,"Espèce rudérale, d'endroits plutôt humides.",Habitat,fre,,,,,ref-Gbn-0000867498,,
wfo-0000867774,"Sur des bancs de roches schisteuses dans les rapides de la Nyanga (Mayumbe Bayaka), seule station connue (Le Testu: 1597).",Habitat,fre,,,,,ref-Gbn-0000867774,,
wfo-0000865718,"Herbe rudérale très nitrophile, fréquente au bord des chemins, autour des villages, des parcs à bétail et dans tous les endroits piétinés.",Habitat,fre,,,,,ref-Gbn-0000865718,,
wfo-0000878679,Au Gabon et au Congo cette espèce occupe des plages de sables lessivés blancs périodiquement inondés; elle n'est pas appétée par le bétail.,Habitat,fre,,,,,ref-Gbn-0000878679,,
wfo-0000860852,"Elle est caractéristique de terrains secs, sableux ou argileux compacts.",Habitat,fre,,,,,ref-Gbn-0000860852,,
wfo-0000859646,C'est une petite herbe de jachère ou de terrains humides.,Habitat,fre,,,,,ref-Gbn-0000859646,,
wfo-0000182721,"En Amérique, les épines stipulaires creuses servent de refuge aux fourmis.",Habitat,fre,,,,,ref-Gbn-0000182721,,
wfo-7000000185,"La plupart des espèces des 2 genres vivent en forêt; 2 espèces seulement, appartenant au genre Dichapetalum (D. cymosum, D. rhode-sicum) manifestent des adaptations aux conditions semi-arides. Leur très grande abondance dans les forêts ombrophiles de l'Afrique centrale ne réside pas seulement dans le nombre des espèces, mais aussi dans celui des individus; elles semblent, au moins localement, occuper une place assez importante dans la composition de ces forêts. En direction des savanes, dans les zones plus sèches de la forêt tropicale, elles deviennent nettement moins abondantes; il n'y a que très peu d'espèces effectivement capables de passer des forêts aux savanes anthro-piques, et seulement dans des cas exceptionnels, par exemple, là où il n'y a pas de feux annuels.",Habitat,fre,,,,,ref-Gbn-7000000185,,
wfo-0001111780,Sur boue latérifère.,Habitat,fre,,,,,ref-Gbn-0001111780,,
wfo-0001111720,"Forme de vastes plages, sous bois ombragés en forêt à Celtis et Sterculiacées d'aspect primaire (Cameroun).",Habitat,fre,,,,,ref-Gbn-0001111720,,
wfo-0000523733,forêts ombrophiles.,Habitat,fre,,,,,ref-Gbn-0000523733,,
wfo-0000338101,"Plante de sous-bois peu éclairés,",Habitat,fre,,,,,ref-Gbn-0000338101,,
wfo-0000338079,"Plante de forêt,",Habitat,fre,,,,,ref-Gbn-0000338079,,
wfo-0000338104,"Plante de jachères et de sous-bois éclairés,",Habitat,fre,,,,,ref-Gbn-0000338104,,
wfo-0000338041,"Espèce de forêt,",Habitat,fre,,,,,ref-Gbn-0000338041,,
wfo-0000458451,"Ce Tarrietia croît en sol silico-argileux dans les régions basses et humides (Joly). Le bois, assez dense, a une structure semblable à celle du Niangon (Normand). Deux qualités, sensiblement différentes par leur densité, paraissent correspondre aux appellations d'Ogoué-mâle ou d'Ogoué-femelle. La valeur botanique de ces deux types reste à préciser. Le Niangon (T. utilis Sprague), bien connu de la Sierra Leone au Ghana, a des feuilles souvent digitées-composées jamais digitilobées; le revêtement de poils écailleux de la face inférieure du limbe est différent; sa graine comestible a une saveur de noisette.",Habitat,fre,,,,,ref-Gbn-0000458451,,
wfo-0000614378,"Il n'existe pour le Gabon, aucune note écologique concernant cette espèce. En Côte d'Ivoire c'est un petit arbre de sous-bois qui croît au bord des rivières ou en terrains humides.",Habitat,fre,,,,,ref-Gbn-0000614378,,
wfo-0000614451,"Ce Cola est un petit arbre à bois tendre qui croît en sous-bois, dans les forêts humides; on peut le rencontrer dans les bas-fonds inondables à Uapaca (Letouzey); il est répandu du Sud Nigèria au Gabon.",Habitat,fre,,,,,ref-Gbn-0000614451,,
wfo-0000614497,"Ce Cola, remarquable par l'élégance de ses fleurs, croît dans la strate ombragée des forêts primaires; il est connu du Sud Nigéria au Gabon.",Habitat,fre,,,,,ref-Gbn-0000614497,,
wfo-4000034250,"Les Scaphopetalum sont des plantes de sous-bois des forêts denses d'Afrique. Leur répartition atteint vers l'ouest le Libéria, vers l'est la région de Yangambi au Congo ex Belge, et vers le sud les limites du Mayombe. Une vingtaine d'espèces ont été décrites; ce nombre pourrait être réduit de plus d'un tiers.",Habitat,fre,,,,,ref-Gbn-4000034250,,
wfo-0000925655,"Forêts claires, galeries forestières, savanes boisées.",Habitat,fre,,,,,ref-Gbn-0000925655,,
wfo-0000925719,"Forêts denses marécageuses ou en bordure des rivières, galeries forestières .",Habitat,fre,,,,,ref-Gbn-0000925719,,
wfo-0000925174,"Forêts denses, forêts secondaires, galeries forestières, savanes .",Habitat,fre,,,,,ref-Gbn-0000925174,,
wfo-0000901252,en sous-bois fermé des forêts denses .,Habitat,fre,,,,,ref-Gbn-0000901252,,
wfo-0001091420,en sous-bois fermé des forêts denses .,Habitat,fre,,,,,ref-Gbn-0001091420,,
wfo-0001063082,Forêts denses ombrophiles .,Habitat,fre,,,,,ref-Gbn-0001063082,,
wfo-0000924241,"Forêts primaires et secondaires, marécageuses, parfois en zone inondée, bord des rivières.",Habitat,fre,,,,,ref-Gbn-0000924241,,
wfo-0000923848,"Forêts denses humides, forêts inondées, forêts marécageuses, forêts secondaires, galeries forestières, parfois en savanes boisées .",Habitat,fre,,,,,ref-Gbn-0000923848,,
wfo-0000926635,"sous-bois des forêts secondaires, en forêts ombrophiles.",Habitat,fre,,,,,ref-Gbn-0000926635,,
wfo-0001230414,sous-bois des forêts humides .,Habitat,fre,,,,,ref-Gbn-0001230414,,
wfo-0000893762,Forêts denses.,Habitat,fre,,,,,ref-Gbn-0000893762,,
wfo-0000924915,Forêts de basse altitude.,Habitat,fre,,,,,ref-Gbn-0000924915,,
wfo-0000913935,"Forêts denses, galeries forestières .",Habitat,fre,,,,,ref-Gbn-0000913935,,
wfo-0000909649,"Forêts denses, forêts secondaires, galeries forestières.",Habitat,fre,,,,,ref-Gbn-0000909649,,
wfo-0000909648,Forêts denses.,Habitat,fre,,,,,ref-Gbn-0000909648,,
wfo-0000922862,"Forêts denses, forêts secondaires, galeries forestières .",Habitat,fre,,,,,ref-Gbn-0000922862,,
wfo-0001224113,Forêts denses .,Habitat,fre,,,,,ref-Gbn-0001224113,,
wfo-0001224119,Forêts denses et galeries forestières.,Habitat,fre,,,,,ref-Gbn-0001224119,,
wfo-0000895403,"Forêts denses, forêts secondaires, galeries forestières .",Habitat,fre,,,,,ref-Gbn-0000895403,,
wfo-0001063085,"Taillis sous futaie, ou près des cours d'eau.",Habitat,fre,,,,,ref-Gbn-0001063085,,
wfo-0001224114,Forêts secondaires.,Habitat,fre,,,,,ref-Gbn-0001224114,,
wfo-0000895365,"Forêts denses, forêts secondaires, galeries forestières.",Habitat,fre,,,,,ref-Gbn-0000895365,,
wfo-0001246617,Forêts primaires ou secondaires.,Habitat,fre,,,,,ref-Gbn-0001246617,,
wfo-0000926192,"Forêts denses humides, forêts marécageuses, forêts périodiquement inondées, galeries forestières, forêts secondaires.",Habitat,fre,,,,,ref-Gbn-0000926192,,
wfo-0000926328,Forêts denses humides .,Habitat,fre,,,,,ref-Gbn-0000926328,,
wfo-0000926241,"Forêts denses humides, forêts marécageuses, galeries forestières, forêts semicaducifoliées .",Habitat,fre,,,,,ref-Gbn-0000926241,,
wfo-0000926290,"Forêts denses humides, forêts semicaducifoliées, galeries forestières, forêts secondaires.",Habitat,fre,,,,,ref-Gbn-0000926290,,
wfo-0000926255,Forêts denses humides.,Habitat,fre,,,,,ref-Gbn-0000926255,,
wfo-0000926188,"Forêts denses humides, forêts ripicoles, forêts périodiquement inondées.",Habitat,fre,,,,,ref-Gbn-0000926188,,
wfo-0000616048,forêts denses humides .,Habitat,fre,,,,,ref-Gbn-0000616048,,
wfo-0000616082,forêts denses humides .,Habitat,fre,,,,,ref-Gbn-0000616082,,
wfo-0000616107,forêts ripicoles.,Habitat,fre,,,,,ref-Gbn-0000616107,,
wfo-0000616133,"forêts denses humides, alt. 0-400 m. Des petits oiseaux nectarophiles en train de visiter les fleurs ont été observés.",Habitat,fre,,,,,ref-Gbn-0000616133,,
wfo-0000616166,"forêts denses humides , souvent rencontré près de l'eau; altitude < 500 m.",Habitat,fre,,,,,ref-Gbn-0000616166,,
wfo-0000616184,altitude ≤ 640 m.,Habitat,fre,,,,,ref-Gbn-0000616184,,
wfo-0000616185,"forêts denses humides , alt. < 400 m.",Habitat,fre,,,,,ref-Gbn-0000616185,,
wfo-0000616186,forêts denses humides .,Habitat,fre,,,,,ref-Gbn-0000616186,,
wfo-0000616204,"forêts denses humides ou forêts-galeries, altitude 0-1300 m.",Habitat,fre,,,,,ref-Gbn-0000616204,,
wfo-0000616205,en forêt sur des bancs de rivière et en milieu boisé jusqu'à 470 m d'altitude.,Habitat,fre,,,,,ref-Gbn-0000616205,,
wfo-0000616206,forêts denses humides .,Habitat,fre,,,,,ref-Gbn-0000616206,,
wfo-0000616223,"forêts denses humides , alt. 0-470 m.",Habitat,fre,,,,,ref-Gbn-0000616223,,
wfo-0000616236,"forêts ripicoles, altitude ≤ 470 m.",Habitat,fre,,,,,ref-Gbn-0000616236,,
wfo-0000616251,forêts denses humides .,Habitat,fre,,,,,ref-Gbn-0000616251,,
wfo-0000616272,forêts denses humides.,Habitat,fre,,,,,ref-Gbn-0000616272,,
wfo-0000616275,Forêts denses humides.,Habitat,fre,,,,,ref-Gbn-0000616275,,
wfo-0000616282,Forêts denses humides; altitude ≤ 550m .,Habitat,fre,,,,,ref-Gbn-0000616282,,
wfo-0000616285,altitude ≤ 850 m .,Habitat,fre,,,,,ref-Gbn-0000616285,,
wfo-0000616311,"rencontré dans tous les types de forêts tropicales sempervirentes, altitude ≤ 2 300 m.",Habitat,fre,,,,,ref-Gbn-0000616311,,
wfo-0000616314,Forêt dense humide.,Habitat,fre,,,,,ref-Gbn-0000616314,,
wfo-0000616381,altitude ≤ 210 m.,Habitat,fre,,,,,ref-Gbn-0000616381,,
wfo-0000616391,toujours rencontré au voisinage de l'eau .,Habitat,fre,,,,,ref-Gbn-0000616391,,
wfo-0000616392,Forêts denses humides.,Habitat,fre,,,,,ref-Gbn-0000616392,,
wfo-0000616400,forêts denses humides.,Habitat,fre,,,,,ref-Gbn-0000616400,,
wfo-0000616443,altitude 0-650 m .,Habitat,fre,,,,,ref-Gbn-0000616443,,
wfo-0000616493,forêts denses humides .,Habitat,fre,,,,,ref-Gbn-0000616493,,
wfo-0000616516,Forêts denses humides; altitude ≤ 500 m,Habitat,fre,,,,,ref-Gbn-0000616516,,
wfo-0000616520,altitude ≤ 860 m.,Habitat,fre,,,,,ref-Gbn-0000616520,,
wfo-0000616559,"Forêts denses humides, altitude < 700 m .",Habitat,fre,,,,,ref-Gbn-0000616559,,
wfo-0000616561,de la forêt ombrophile secondaire à la savane: alt. ≤ 1200 m.,Habitat,fre,,,,,ref-Gbn-0000616561,,
wfo-0000616564,"forêts denses humides , altitude ≤ 400 m.",Habitat,fre,,,,,ref-Gbn-0000616564,,
wfo-0000616572,forêt dense humide.,Habitat,fre,,,,,ref-Gbn-0000616572,,
wfo-0000616612,"forêts denses humides , localement très commun.",Habitat,fre,,,,,ref-Gbn-0000616612,,
wfo-0000616618,"Forêts denses humides, altitude ≤ 700 m .",Habitat,fre,,,,,ref-Gbn-0000616618,,
wfo-0000616624,en forêt ombrophile et dans les forêts ripicoles en région de savane; altitude ≤ 2100 m; commun dans certaines localités .,Habitat,fre,,,,,ref-Gbn-0000616624,,
wfo-0000616626,forêts denses humides altitude ≤ 350 m,Habitat,fre,,,,,ref-Gbn-0000616626,,
wfo-0000616637,forêts denses humides .,Habitat,fre,,,,,ref-Gbn-0000616637,,
wfo-0000616640,forêts denses humides .,Habitat,fre,,,,,ref-Gbn-0000616640,,
wfo-0000616667,Forêt ≤ 1400 m.,Habitat,fre,,,,,ref-Gbn-0000616667,,
wfo-0000616670,Forêts denses humides.,Habitat,fre,,,,,ref-Gbn-0000616670,,
wfo-0000616712,"Forêts dense humide,altitude ≤ 400 m  .",Habitat,fre,,,,,ref-Gbn-0000616712,,
wfo-0000616713,forêts denses humides  et savanes; altitude < 1 500 m. Souvent très commun.,Habitat,fre,,,,,ref-Gbn-0000616713,,
wfo-0000616731,Forêts denses humides .,Habitat,fre,,,,,ref-Gbn-0000616731,,
wfo-0000616756,forêts denses humides.,Habitat,fre,,,,,ref-Gbn-0000616756,,
wfo-0000496642,forêts ripicoles et marécageuses en zones sempervirentes; altitude < 600 m; espèce parfois très commune et même dominante.,Habitat,fre,,,,,ref-Gbn-0000496642,,
wfo-0001296439,"forêts denses humides, altitude ≤ 600 m.",Habitat,fre,,,,,ref-Gbn-0001296439,,
wfo-0000406800,plages de sable.,Habitat,fre,,,,,ref-Gbn-0000406800,,
wfo-0000408726,forêts denses humides .,Habitat,fre,,,,,ref-Gbn-0000408726,,
wfo-0000408827,près des cours d'eau et des lacs.,Habitat,fre,,,,,ref-Gbn-0000408827,,
wfo-0000408519,forêts denses humides.,Habitat,fre,,,,,ref-Gbn-0000408519,,
wfo-4000023042,"On ne connaît rien non plus de l'écologie de certaines espèces. Celles que l'on connaît le mieux sont des arbustes ou petits arbres des fourrés littoraux, M. lacera, M. Welwitschii. M. multinervis est dans la zone de la forêt dense humide, un grand arbre, du bord des rivières et de la forêt périodiquement inondée. M. Fouilloyana est au contraire un grand arbre de la forêt de terre ferme.<br/>\rParmi les espèces citées ici, deux n'ont été jusqu'à présent rencontrées que dans la forêt de l'Oubangui, région de Boukoko, M, Aubrevillei et M. Pellegriniana, une troisième n'a été signalée que dans la région de Brazzaville M. Koechlini, et une quatrième est une espèce du Sud-Cameroun, M. Zenkeri.<br/>\rAvec 10 espèces connues, l'Afrique équatoriale dans sa partie ouest est nettement la plus riche en Manilkara de toute la forêt guinéo-congolaise.",Habitat,fre,,,,,ref-Gbn-4000023042,,
wfo-0000235928,forme ripicole de zone humide,Habitat,fre,,,,,ref-Gbn-0000235928,,
wfo-0000235878,"C'est un grand arbre de la forêt primaire, et non pas une espèce ripicole. Le fût est droit, cylindrique, la cime très développée. Au double point de vue port de l'arbre et écologie, il est l'homologue gabonais du Manilkara sylvestris Aubr. et Pellegrin de la forêt primaire de la Côte d'Ivoire, qui a des feuilles et des fleurs plus petites, et surtout des staminodes nettement bifurqués (dessin dans <cdm:reference cdmId='445cd063-6a11-4a5c-a72b-fcdd52f022eb' intextId='f69c9944-b4da-4b98-8230-4f43ff963499'>Flore Forestière de la Côte d'Ivoire 2e éd. III 123</cdm:reference>).",Habitat,fre,,,,,ref-Gbn-0000235878,,
wfo-0000325064,"Le T. africana, ou douka, nom commercial sous lequel il est connu, est un très grand arbre, un des plus grands émergents de la forêt primaire gabonaise. Le fût sous branche peut atteindre 20 à 30 m de long, et le diamètre 1,5 m et plus. Le fût est parfaite-ment droit et cylindrique, empatté à la base mais sans contreforts. L'écorce est crevassée longitudinalement; de tranche rose violacé, épaisse de 1 à 1,5 cm; elle exsude un peu de latex blanchâtre.<br/>\rLa floraison a lieu en décembre-janvier. Les fruits sont mûrs également en décembre. De la graine on peut extraire une graisse comestible.",Habitat,fre,,,,,ref-Gbn-0000325064,,
wfo-0000235902,"Le Manilkara lacera est une espèce typique du bord de la mer et plus précisément du front de mer, sur les plages. C'est là que ses feuilles ont une forme largement obovée, souvent émarginée au sommet, parfaitement typique. A l'intérieur des terres, soit au bord des lagunes ou des rivières, ou en forêt dense de terre ferme, nous avons indiqué dans l'étude générale du genre qu'il y avait des formes variées de cette espèce littorale; il est parfois difficile de les séparer les unes des autres, du fait qu'il y a, depuis la plage océanique jusqu'aux galeries forestières de la zone souda-nienne, une succession continue de formes présentant tous les intermédiaires entre des types bien caractérisés par le port de l'arbre et par les feuilles.<br/>\rCette espèce est très répandue depuis la Sierra Leone jusqu'au Gabon et l'Angola. Sur les plages gabonaises elle est souvent particulièrement abondante et remarquable. Elle se présente parfois en petits peuplements presque purs disposés en bandes étroites le long des plages. Ce sont alors des petits arbres de 8-10 m de haut, au fût rarement droit, souvent incliné vers la mer. Les frondaisons sont très épaisses et retombent jusqu'au sol. A marée haute les vagues viennent lécher la base du talus de sable sur lequel les Manilkara sont installés. Sous ce couvert dense, il y a peu de végétation. Une plante herbacée rampante et fine retient le sable, maintenu par ailleurs par les multiples racines traçantes des Manilkara. Lorsqu'un de ces arbres meurt, ou est déraciné par le vent ou la mer, de multiples drageons jaillissent et buissonnent, protégeant le sol découvert. Cette espèce est très sensible au feu. Dès qu'un arbre est atteint par le feu provenant des savanes oôtières, il meurt. L'aspect de ces bosquets sur sable est très accueillant avec leur sol propre et leurs belles cimes feuillées.<br/>\rSur d'autres plages, le peuplement à Manilkara est protégé côté mer par une frange arbustive dense à Ximenia, Dodonaea, Ecastaphyllum. Ailleurs encore les bois à Manilkara sont séparés de la mer par des fourrés denses de cette même espèce, taillés en biseau par les vents et les embruns salés, avec autant de netteté et de régularité que par la main de l'homme. Les buissons épais et les petits arbres qui sont en retrait appartiennent bien à la même espèce, bien qu'il y ait des uns aux autres, à quelques mètres de distance, des différences entre les feuilles, grandes, arrondies, obcordées des premiers et celles plutôt petites des seconds. Buissons et petits arbres fleurissent ensemble.<br/>\rCe Manilkara typique ne se trouve pas dans la forêt, même proche de la mer; il semble bien ainsi avoir son habitat préférentiel et quasi exclusif sur les plages.",Habitat,fre,,,,,ref-Gbn-0000235902,,
wfo-0000226878,"Grand arbre de la forêt primaire pouvant avoir 30 m de fût sous branche et 1 m de diamètre. Écorce écailleuse. Il est connu dans tout le Gabon et le Mayombe, sans être abondant. Le bois est extrêmement dur. Fleurs blanches en décembre.",Habitat,fre,,,,,ref-Gbn-0000226878,,
wfo-0000302689,"Les Autranella sont de très grands arbres de la forêt primaire, au fût droit, cylindrique, long sous branche de 20 à 30 m, et pouvant atteindre plus de 1,5 m de diamètre. Ils sont dépourvus de contreforts. Cime étalée, puissante, dominant l'ensemble des arbres de la forêt. L'écorce est crevassée longitudinalement, comme celle des Tieghemella (douka), Baillonella (moabi). La tranche est épaisse, couleur lie de vin, et laisse exsuder un latex blanc, poisseux. Le bois est très dur. En ce qui concerne ses usages consulter la fiche établie par le Centre Technique Forestier Tropical.",Habitat,fre,,,,,ref-Gbn-0000302689,,
wfo-0000311990,"Le moabi (Baillonella toxisperma) est le plus grand et le plus bel arbre du Gabon, et, peut-on ajouter, de toute la forêt dense humide africaine. Il s'élève à 45-50 m de hauteur dont 25 à 30 m de fût libre. Ce fût est remarquablement droit et cylindrique, sans contreforts mais simplement renflé et empatté à la base. Son diamètre peut dépasser 3 m. La cime en parasol, charpentée de très grosses branches sinueuses étalées, est très large et domine la voûte sous-jacente des arbres de la forêt. C'est le type même de l'arbre émergent au-dessus de la strate arborescente continue. Il se reconnaît de loin par son port. L'écorce est profondément et régulièrement crevassée longitudinalement. Elle est de teinte brun rougeâtre foncé, très épaisse; de tranche peu fibreuse, de couleur brun rouge dans sa partie externe, jaune rosé intérieurement. Entaillée, elle exsude du latex.<br/>\rLes feuilles sont groupées en rosettes caractéristiques à l'extrémité de rameaux très épais. Elles tombent en même temps que l'arbre fleurit, en septembre-octobre, au début de la saison des pluies. Fructification en décembre.",Habitat,fre,,,,,ref-Gbn-0000311990,,
wfo-0000224338,"Grand arbre commun au Gabon au bord de la mer, au cap Estérias, dans la région de Libreville. Fût cylindrique et droit de 20-25 m long, sans contreforts, atteignant 1 m de diamètre. Cimes par touffes feuillées, épaisses. Ecorce écailleuse, non fissurée, un peu rougeâtre, différente d'aspect de celle des Sapotacées typiques à écorce fissurée ou crevassée longitudinalement. Exsude un peu de latex poisseux. Bois très dur. Fructification très abondante en novembre.",Habitat,fre,,,,,ref-Gbn-0000224338,,
wfo-0000224341,"Espèce très imparfaitement connue, proche du L. Klaineana (Pierre) Dubard. S'en distingue par des feuilles plus nettement obovées-elliptiques, une nervation du même type mais très effacée et par une corolle à courts appendices; L. Klaineana a des appendices corollins aussi longs que les lobes. Elle n'est représentée dans l'Herbier de Paris que par son holotype en boutons.",Habitat,fre,,,,,ref-Gbn-0000224341,,
wfo-0000224339,"Cet arbre n'a été signalé jusqu'à présent qu'au bord de la lagune du Fernan Vaz où il constituerait des peuplements purs dans des terrains marécageux. Il peut atteindre I m de diamètre. Fût peu régulier. Écorce grise, peu épaisse. Le nom de nogo lui est donné en dialecte nkomi. Fruits mûrs de juin à août. Les amandes serviraient à faire une graisse alimentaire (Walker).",Habitat,fre,,,,,ref-Gbn-0000224339,,
wfo-0000224336,"Arbre de la forêt primaire, qui n'a été trouvé jusqu'à présent qu'au Gabon, dans une aire très localisée, où de plus, il semble rare. Le fût est souvent irrégulier, cannelé et bosselé « présentant à sa base d'importants épaississements arrondis et des racines rondes, rampant à fleur du sol, marquées de lignes horizontales de petites lenticelles jaune clair » (Heitz).",Habitat,fre,,,,,ref-Gbn-0000224336,,
wfo-0000973999,"Arbre poussant surtout au bord des rivières. Il atteint de moyennes dimensions en hauteur, mais dépasse I m de diamètre. Fût tortueux, contourné, sans contreforts à la base. Latex abondant, utilisé comme glu en Côte d'Ivoire. Cime épaisse ressemblant à celle des Omphalacarpum, par les grandes feuilles dressées, groupées aux extrémités des rameaux.",Habitat,fre,,,,,ref-Gbn-0000973999,,
wfo-4000041210,"Cette espèce est un petit arbre commun dans les forêts claires et surtout au bord des rivières, en Afrique Australe (N. Rhodesia, S. Rhodesia, Transvaal, Nyasaland, Angola).",Habitat,fre,,,,,ref-Gbn-4000041210,,
wfo-0000335424,"Espèce du bord des rivières non encore récoltée au Gabon, mais qui y existe vraisemblablement. Elle est très abondante au Congo, notamment dans la région d'Éala. J. Léonard a défini une association arbustive-arborescente à Pachystela longepedi-cellata (De Wild.) Léonard installée au bord des rivières à courant faible dans la région d'Éala. Composée d'espèces ligneuses très héliophiles, elle forme des petits îlots discontinus extrêmement denses, peu larges (une dizaine de mètres tout au plus) et d'une hauteur moyenne de 10-12 m. « Les grandes feuilles pendantes et d'une merveilleuse couleur de rouille doré à la face inférieure, ainsi que le puissant système de racines échasses du Pachystela, donnent à cette association un cachet tout spécial. La cime, plutôt hémisphérique de cet arbre, dont les basses branches s'étalent au-dessus de l'eau rend la délimitation des strates impossible; de par sa forme, elle constitue une sorte de petit bastion circulaire proéminent au bord de la rive » (J. Léonard, Contribution à l'étude des formations ripicoles arbustives et arborescentes de la région d'Éala (Référence ci-dessus).",Habitat,fre,,,,,ref-Gbn-0000335424,,
wfo-4000000865,"Ce genre compte jusqu'à présent en Afrique occidentale et centrale deux espèces très largement répandues: un arbre de la zone périphérique de la forêt dense guinéo-congolaise et des galeries forestières, A. cerasifera (A. Chev.) Aubr. (= A. Chevalieri (Engl.) Aubr.), et un grand arbre de la forêt dense humide, répandu de la Sierra Leone au Gabon, A. Afzelii (Engl.) Aubr., appelé akuédao en Côte d'Ivoire.",Habitat,fre,,,,,ref-Gbn-4000000865,,
wfo-0000885763,"Arbre pouvant atteindre 30 m de haut et 1,7 m de diamètre. Tronc irrégulier, cannelé et tortueux, empatté à la base. Sur les sols peu profonds le tronc se sépare non loin du sol en plusieurs grosses branches très ascendantes. Feuillage assez caractéristique par ses petites touffes de feuilles dressées. Ecorce fendillée longi-tudinalement, écailleuse chez les vieux arbres. Bois rougeâtre excessivement dur. Cette espèce est signalée en Côte d'Ivoire comme constituant des petits peuplements dans les bas-fonds, les terrains humides et au bord des rivières et des lagunes. On la trouve aussi en terrain sec.",Habitat,fre,,,,,ref-Gbn-0000885763,,
wfo-4000037325,"Ce sont des sous-arbrisseaux, des arbustes ou même de petits arbres. Si ce genre Synsepalum qui groupe naturellement plusieurs espèces ayant un ensemble de caractères communs, et se différencie donc assez facilement d'autres genres voisins, il est en revanche assez difficile d'en séparer les espèces par les fleurs. Elles se distinguent surtout par les feuilles. Certaines sont si proches que la distinction entre elles devient alors délicate. Quand elles seront mieux connues, certaines devront probablement être mises en synonymie. C'est pourquoi nous citons dans la clé ci-dessous, toutes les espèces de l'ouest-africain, en indiquant leurs provenances.",Habitat,fre,,,,,ref-Gbn-4000037325,,
wfo-0000318142,"Arbuste ou arbrisseau, atteignant 4 m de haut, poussant au bord des rivières. Très répandu en Afrique occidentale depuis le Ghana jusqu'au Cameroun et l'Oubangui; cependant non encore signalé au Gabon. Parfois planté en raison de ses fruits comestibles (Ghana, Lagos, Dahomey).",Habitat,fre,,,,,ref-Gbn-0000318142,,
wfo-0000318141,"Espèce des fourrés sur sable littoraux; elle est très proche du Synsepalum longecuneatum. Elle en diffère par un pétiole plus court et par des traces de pubescence en dessous du limbe de la feuille. La corolle est aussi un peu plus longue, mais il n'est pas certain que ce dernier caractère différentiel soit spécifique. Peut-être ne s'agit-il que d'une espèce écophylétique dérivée de S. longe-cuneatum, plus largement répandue.",Habitat,fre,,,,,ref-Gbn-0000318141,,
wfo-0000970699,La floraison se fait en mars-avril et les fruits sont mûrs en août. Cependant des fleurs ont été récoltées au mois de novembre à Lastoursville.,Habitat,fre,,,,,ref-Gbn-0000970699,,
wfo-0000970713,Arbre petit ou moyen des étages sous-jacents de la forêt dense humide guinéo-congolaise. Aire géographique très étendue de la Sierra Leone à l'Ouganda et au Congo. Il paraît également abondant au Gabon dans la région de Libreville.,Habitat,fre,,,,,ref-Gbn-0000970713,,
wfo-0000945217,"Petit arbre de 15-20 m de haut, 20 cm de diamètre ou même arbrisseau buissonnant, toujours trouvé au bord de l'eau dans le bassin de l'Ogooué.",Habitat,fre,,,,,ref-Gbn-0000945217,,
wfo-0000945223,"Le D. pruniformis est répandu de la Côte d'Ivoire au Gabon, dans la forêt dense humide de terre ferme, mais toujours de façon disséminée. C'est un grand arbre atteignant 30 m de haut et 80 cm de diamètre, au fût droit et élevé. Écorce un peu plissée, écailleuse. Tranche mince, fibreuse, jaunâtre rougeâtre.",Habitat,fre,,,,,ref-Gbn-0000945223,,
wfo-0001135327,Cette liane a été signalée jusque dans les galeries forestières de l'Oubangui-Chari.,Habitat,fre,,,,,ref-Gbn-0001135327,,
wfo-0000636726,"Dans les villages c'est un arbre à cime de pommier, à feuillage dense. En forêt c'est un arbre de dimensions moyennes qui a un port forestier. Il est difficile ou même impossible lorsqu'on est en présence d'un D. edulis en forêt, de savoir s'il s'agit d'un arbre anciennement planté dans un village disparu, ou d'un arbre de forêt primaire. La diversité et le grand nombre des stations font que si les herbiers sont abondamment dotés de spécimens, la variabilité de ceux-ci apparaît grande. Leur attribution au D. edulis est d'autant plus difficile qu'il y a au Gabon deux autres espèces de Dacryodes très voisines par les feuilles D. Le-Testui et D. igaganga. En revanche le fruit du D. edulis est bien typique de l'espèce.",Habitat,fre,,,,,ref-Gbn-0000636726,,
wfo-0000439072,Floraison de août à octobre. Fructification en janvier.,Habitat,fre,,,,,ref-Gbn-0000439072,,