taxonID,description,type,language,contributor,audience,rightsHolder,creator,source,rights,license
wfo-0000000587,"Les feuilles sont très amères et sont employées comme fébrifuge, comme ichtyotoxique et comme remède contre la gale. La macération des feuilles donne un liquide savonneux.",use,fre,,,,,ref-Gbn-0000000587,,
wfo-0000010343,La plante est un fétiche pour la chasse à l’éléphant.,use,fre,,,,,ref-Gbn-0000010343,,
wfo-0000012752,Les feuilles produisent une teinture noire.,use,fre,,,,,ref-Gbn-0000012752,,
wfo-0000014938,"Les usages médicinaux les plus répandus sont en externe pour guérir les plaies et pour traiter les maladies de la peau, et en interne pour traiter la diarrhée, comme fébrifuge et comme agent anti-allergène. Elle est aussi appliquée contre les maladies sexuellement transmissibles, comme fébrifuge et comme tonique pour les enfants et contre les menstruations douloureuses. La plante donne un insecticide. L’espèce est parfois plantée comme couvre-sol dans les plantations.",use,fre,,,,,ref-Gbn-0000014938,,
wfo-0000018279,"La plante est utilisée comme engrais vert, pour le contrôle de l’érosion, comme plante de haie impénétrable, et comme plante ornementale. Les capitules sont utilisés en médecine pour les plaies, les ecchymoses et le traitement de la rougeole.",use,fre,,,,,ref-Gbn-0000018279,,
wfo-0000021260,"Les feuilles sont consommées comme légume, utilisées comme remède contre la gale et, en mélange avec des graines pulvérisées de Monodora myristica, contre les maux de tête. La plante est labourée pour engrais vert et mangée par le bétail.",use,fre,,,,,ref-Gbn-0000021260,,
wfo-0000021577,La plante est utilisée pour traiter les abcès ou contre les maux de dos ; aussi pour des grossesses saines.,use,fre,,,,,ref-Gbn-0000021577,,
wfo-0000023147,"Les feuilles sont mangées comme légume. La plante est utilisée pour soigner les inflammations oculaires, les blessures, les plaies et la sinusite. Une décoction des racines ou des feuilles est utilisée pour traiter la syphilis. Au Gabon, la plante est utilisée pour donner de l’appétit aux nouveau-nés. E. coccinea est largement cultivé comme plante ornementale dans les régions tropicales, subtropicales et tempérées.",use,fre,,,,,ref-Gbn-0000023147,,
wfo-0000031399,La plante est ichtyotoxique et elle est utilisée dans le traitement de la diarrhée infantile.,use,fre,,,,,ref-Gbn-0000031399,,
wfo-0000043626,La plante est utilisée contre les maux de ventre et comme plante ichtyotoxique.,use,fre,,,,,ref-Gbn-0000043626,,
wfo-0000043646,"Mangé tout en consommant des boissons alcoolisées, les rend « plus froides ».",use,fre,,,,,ref-Gbn-0000043646,,
wfo-0000043751,La plante est employée dans les bains rituels dans l’espoir de faire fortune.,use,fre,,,,,ref-Gbn-0000043751,,
wfo-0000045675,Toutes les parties herbacées de la plante sont consommées comme légume. Les plantes étaient localement cultivées dans ce but. Elles sont aussi appliquées pour traiter la folie et dans les problèmes juridiques et pour faciliter l’accouchement.,use,fre,,,,,ref-Gbn-0000045675,,
wfo-0000052590,"Les feuilles sont utilisées dans des affections oculaires et aussi, avec d’autres ingrédients, pour faciliter l’accouchement.",use,fre,,,,,ref-Gbn-0000052590,,
wfo-0000067484,"C. odorata est utilisé dans le traitement des plaies et aussi une plante ichtyotoxique. L’espèce est l’une des mauvaises herbes les plus nuisibles en agriculture, mais elle est également utilisée comme engrais vert et paillis. Elle est recommandée pour la lutte contre Imperata cylindrica (L.) Raeuschel.",use,fre,,,,,ref-Gbn-0000067484,,
wfo-0000069777,"Les feuilles sont aromatiques avec une odeur désagréable ; la décoction de feuilles est considérée comme toxique, mais elle est prise contre diverses fièvres dans de nombreuses régions d’Afrique, ainsi que contre les inflammations et comme vermifuge (en raison de son action purgative). Les racines sont utilisées contre les troubles oculaires.",use,fre,,,,,ref-Gbn-0000069777,,
wfo-0000072251,Les feuilles sont utilisées en médecine comme fébrifuge et dans les traitements oculaires et auriculaires.,use,fre,,,,,ref-Gbn-0000072251,,
wfo-0000072744,"Un légume très apprécié en Afrique de l’Ouest et centrale ; utilisé comme quinine (Walker) ; pour augmenter la lactation (Quiroz) ; vermifuge et purgatif (Towns, Quiroz) ; pour traiter la rougeole, le paludisme et les maux d’estomac (Towns).",use,fre,,,,,ref-Gbn-0000072744,,
wfo-0000075063,La sève est utilisée pour traiter la sinusite.,use,fre,,,,,ref-Gbn-0000075063,,
wfo-0000080652,Les feuilles sont ingérées contre les palpitations. Une décoction de feuilles est mise dans le bain pour espérer faire fortune..,use,fre,,,,,ref-Gbn-0000080652,,
wfo-0000084902,"Ailleurs, les feuilles mucilagineuses sont utilisées dans les soupes et les sauces, mais également en médecine pour traiter la fièvre et les yeux endoloris.",use,fre,,,,,ref-Gbn-0000084902,,
wfo-0000085247,Les feuilles extrêmement amères sont utilisées comme tonique digestif et comme fébrifuge ou contre les maux d’estomac. Les ramules sont utilisées comme bâtonnets à mâcher.,use,fre,,,,,ref-Gbn-0000085247,,
wfo-0000089902,"On utilise une infusion pour traiter la fièvre des nourrissons et comme désinfectant après l’accouchement des femmes. Elle est utilisée aussi comme plante fétiche. En Asie, l’espèce est largement utilisée pour un grand nombre des maladies.",use,fre,,,,,ref-Gbn-0000089902,,
wfo-0000093042,"La feuille et la racine ont été utilisées dans de nombreuses régions d’Afrique, y compris au Gabon, dans des analgésiques et généralement des médicaments curatifs, par exemple contre l’arthrite et les rhumatismes, comme vermifuge et fébrifuge. La feuille a été fumée dans certaines parties du Gabon à la place du tabac, car elle a un effet légèrement narcotique.",use,fre,,,,,ref-Gbn-0000093042,,
wfo-0000095596,"La plante, associée à d’autres, est utilisée contre les maux de dents et les maux de tête.",use,fre,,,,,ref-Gbn-0000095596,,
wfo-0000101479,La plante est régulièrement cultivée en jardin comme ornementale.,use,fre,,,,,ref-Gbn-0000101479,,
wfo-0000104680,"La plante est utilisée dans le traitement de l’asthme (Quiroz), par contre ailleurs, celle-ci est utilisée comme légume-feuille et pour une gamme d’utilisations médicinales (yeux, oreilles, peau).",use,fre,,,,,ref-Gbn-0000104680,,
wfo-0000108811,"E. prostrata est généralement connu pour ses propriétés antibiotiques et hémostatiques et sont prescrites pour l’hématurie, les saignements de nez et de plaies et les ulcères. Les feuilles écrasées sont utilisées contre toutes sortes de maladies de la peau ; le jus de la plante est appliqué contre les piqûres de scorpion et les morsures de serpent. Une décoction des feuilles ou capitules est appliquée pour soulager les maux de dents, ou utilisés en interne pour les coliques, la constipation et la diarrhée. Le jus des feuilles fraîches ou bouillies est utilisé pour teindre les cheveux en noir et favoriser leur croissance. Au Gabon, les feuilles sont utilisées pour traiter l’érythème fessier, les hémorroïdes et la fièvre. Elles sont ajoutées aux lotions et parfums et sont bonnes pour la mémoire.",use,fre,,,,,ref-Gbn-0000108811,,
wfo-0000112889,"Les feuilles sont parfois consommées comme légume, La racine est utilisée comme vermifuge et fébrifuge. Les feuilles macérées sont mises dans le nez contre les maux de tête ; elles sont également utilisées contre la toux.",use,fre,,,,,ref-Gbn-0000112889,,
wfo-0000113908,Les feuilles sont utilisées dans une tisane contre la toux et les affections pulmonaires ; une décoction d’écorce est utilisée comme vermifuge ; « pour traiter la diarrhée et les cloques » (Towns).,use,fre,,,,,ref-Gbn-0000113908,,
wfo-0000115943,"Les pousses tendres et les jeunes feuilles sont utilisées comme légume et comme ingrédient dans les sauces. Elle est utilisée comme plante médicinale dans de nombreuses régions de l’Afrique, de l’Asie et de l’Amérique tropicale. On rapporte que les racines, les feuilles et les graines possèdent des propriétés antibactériennes, antidysentériques, anti-inflammatoires, antimicrobiennes, antipaludiques, diurétiques, hépato-protectrices et hypotensives. Le bétail broute les plantes et les volailles consomment les graines. Les fleurs sont une bonne source de nectar pour les abeilles.",use,fre,,,,,ref-Gbn-0000115943,,
wfo-0000122653,La plante est un hémostatique et a plusieurs autres applications dans la médecine traditionnelle.,use,fre,,,,,ref-Gbn-0000122653,,
wfo-0000125251,"Les feuilles ont été utilisées dans toute l’Afrique de l’Ouest dans des sauces, ainsi que comme analgésiques pour des affections telles que l’arthrite et les rhumatismes, ainsi que contre les troubles bronchiques.",use,fre,,,,,ref-Gbn-0000125251,,
wfo-0000128668,"Les feuilles sont consommées comme légume. Au Gabon, les feuilles macérées sont utilisées pour traiter les problèmes cardiaques ; écrasées et mélangées à de la limaille de cuivre, elles sont utilisées pour panser les ulcères ; bouillies, contre la toux ou les problèmes d’estomac.",use,fre,,,,,ref-Gbn-0000128668,,
wfo-0000171603,Les feuilles préparées en décoction combattent la fièvre. Elles peuvent être utilisées en thé et en ablution.,use,fre,,,,,ref-Gbn-0000171603,,
wfo-0000171932,"Peu utilisée pour le bois. Au Nigéria, on mange les feuilles cuites comme légume. Au Ghana, c’est un arbre d’ombre des cacaoyères.",use,fre,,,,,ref-Gbn-0000171932,,
wfo-0000172019,"En R.D. Congo, les écorces battues entrent dans la confection de tissus, et leur fibre est employée dans la construction des huttes.",use,fre,,,,,ref-Gbn-0000172019,,
wfo-0000172030,"Les Benga de Cap Esterias et de l’île de Corisco emploieraient les feuilles comme poison de pêche. Les Nkomis du Fernan-Vaz se frottent le corps avec les feuilles de cette plante avant de prendre leur premier bain de mer. Au Sénégal, la décoction des feuilles est donnée en fumigations et en bains, comme complément d’un traitement des asthénies et des anémies (Berhaut 1976).",use,fre,,,,,ref-Gbn-0000172030,,
wfo-0000172158,"Aucun signalé au Gabon. En Côte d’Ivoire, la plante est utilisée dans le traitement des affections oculaires. D’autres usages sont signalés ailleurs en Afrique (Burkill 1995), mais il est difficile de savoir s’ils se rapportent bien à cette espèce, ou à D. gilletii (voir Notes).",use,fre,,,,,ref-Gbn-0000172158,,
wfo-0000172168,"Pas d’usages signalés au Gabon. En République démocratique du Congo, le jus du pivot racinaire est utilisé en lavement interne contre la syphilis. En Guinée, la décoction des feuilles qui forme une gelée transparente, est donnée aux bœufs contre l’amaigrissement.",use,fre,,,,,ref-Gbn-0000172168,,
wfo-0000172458,"Cette plante a de nombreuses utilisations médicinales dans différents pays d’Afrique (voir notamment Burkill 1995). Elle est employée en particulier contre la lèpre, les rhumatismes, les œdèmes des jambes et les maux de tête (partie non spécifiée), les maux de dents (racines), les ulcères (décoction de poudre de racines), les bronchites (feuilles en inhalation ou en bains de vapeur), les maladies d’oreilles (écorces râpées et bouillies) et aussi pour cicatriser les plaies (feuilles réduites en poudre). Le bois est utilisé pour faire des cannes et des manches d’outils. Au Gabon, Raponda-Walker & Sillans (1961) signalent son emploi comme plante médicinale, mais sans en préciser l’usage.",use,fre,,,,,ref-Gbn-0000172458,,
wfo-0000172847,"Le bois est utilisé pour des constructions temporaires, en charpenterie et sculpture et comme bois de feu. Ailleurs, on l’utilise comme coupe-vent et en médecine locale. Les feuilles servent de fourrage. Quelques populations mangent les feuilles bouillies. Les graines sont grillées en temps de disette et consommées en petite quantité, sinon elles sont indigestes ou même toxiques.",use,fre,,,,,ref-Gbn-0000172847,,
wfo-0000172858,"Le bois beau et durable est utilisé pour la charpenterie et l’ébénisterie, des instruments de musique, comme le tambour, le xylophone ; aussi pour la teinturerie et la confection de pirogues. Un des 10 espèces commerciales de bois les plus importantes au Gabon.<p> En mélange, la résine (kino) est médicinale contre diverses affections et comme pommade de la peau. L’écorce est utilisée contre l’anémie, l’infertilité des femmes, comme galactagogue et pour soigner l’utérus (Towns & van Andel 2014).</p>",use,fre,,,,,ref-Gbn-0000172858,,
wfo-0000172866,"Le bois rouge est semblable à celui de P. soyauxii, il est probablement vendu comme tel et utilisé pour la menuiserie et l’ébénisterie. La macération du bois produit une teinture rouge qui sert à embellir le corps.",use,fre,,,,,ref-Gbn-0000172866,,
wfo-0000173025,Les plantes servent comme fourrage et sont un engrais vert potentiel.,use,fre,,,,,ref-Gbn-0000173025,,
wfo-0000173255,: Le bois très léger est utilisé comme liège des filets et pour la fabrication de sièges (en République démocratique du Congo).,use,fre,,,,,ref-Gbn-0000173255,,
wfo-0000173414,"La plante est une herbe de fourrage et d’engrais vert, parfois considérée comme invasive. Aux Indes, on utilise le cœur de la tige (Shola pith) pour des objets d’art.",use,fre,,,,,ref-Gbn-0000173414,,
wfo-0000174378,"L’arachide est la deuxième culture oléagineuse dans le monde (après le soja, Glycine max (L.) Merr.). Les graines sont aussi riches en protéines, et sont consommées, grillées ou cuites, souvent comme grignotage. Elles produisent une huile utilisée pour la cuisson ou ajoutée aux sauces, parfois utilisée pour des médicaments traditionnels. Le feuillage et les tourteaux font le délice du bétail. En 2012 et 2013, la production au Gabon était de 24 000 tonnes (FAOSTAT, 2014). Les espèces américaines apparentées servent comme souches améliorantes de l’arachide. Il existe aussi des espèces qui servent comme engrais vert.",use,fre,,,,,ref-Gbn-0000174378,,
wfo-0000176136,"Au Kenya, les feuilles sont appliquées contre le rhumatisme et autres douleurs ; au Sénégal, contre les maux de tête. En Asie, les usages sont médicinaux et ichtyotoxiques, aussi utilisé comme tuteur et plante d’ombrage.",use,fre,,,,,ref-Gbn-0000176136,,
wfo-0000176332,Une plante bonne à brouter. Elle a plusieurs usages médicinaux en Afrique.,use,fre,,,,,ref-Gbn-0000176332,,
wfo-0000176343,"Une plante bonne à brouter, mais inférieure à S. guianensis. Elle a plusieurs usages médicinaux en Afrique.",use,fre,,,,,ref-Gbn-0000176343,,
wfo-0000176386,La plante donne un bon fourrage et de l’engrais vert. Elle est aussi utilisée comme plante de couverture.,use,fre,,,,,ref-Gbn-0000176386,,
wfo-0000176622,"Une plante fourragère et médicinale. Les feuilles semblent être une drogue pour se relâcher et dormir et aussi un hallucinogène (Amérique du Sud). À cause de la confusion avec les espèces proches, les usages peuvent également avoir été confondus.",use,fre,,,,,ref-Gbn-0000176622,,
wfo-0000176873,La plante produit un bon fourrage. Feuilles et racines ont des propriétés médicinales contre la fièvre et la toux et la plante est utilisée dans divers pays africains.,use,fre,,,,,ref-Gbn-0000176873,,
wfo-0000176915,"Bon fourrage et plante de couverture, mais aussi considérée comme mauvaise herbe.",use,fre,,,,,ref-Gbn-0000176915,,
wfo-0000177100,Pourrait être un bon fourrage.,use,fre,,,,,ref-Gbn-0000177100,,
wfo-0000177164,Utilisée comme plante de couverture et engrais vert.,use,fre,,,,,ref-Gbn-0000177164,,
wfo-0000177343,Un très bon fourrage pour le bétail et avec plusieurs applications médicinales.,use,fre,,,,,ref-Gbn-0000177343,,
wfo-0000177430,"Autrefois, utilisée comme plante de couverture, mais aujourd’hui cette pratique n’est plus appliquée.",use,fre,,,,,ref-Gbn-0000177430,,
wfo-0000177471,"Utilisée comme fourrage et plante de couverture, mais à importance limitée.",use,fre,,,,,ref-Gbn-0000177471,,
wfo-0000177482,": La plante peut servir d’alternative à un gazon, comme plante de couverture, fourrage et engrais vert, mais la production est faible.",use,fre,,,,,ref-Gbn-0000177482,,
wfo-0000177537,"Hors du Gabon, cette espèce a des usages médicinaux.",use,fre,,,,,ref-Gbn-0000177537,,
wfo-0000177943,"Utilisée en Côte-d’Ivoire dans le traitement des affections bronchiques, l’angine, des douleurs fébriles et de la dysenterie.",use,fre,,,,,ref-Gbn-0000177943,,
wfo-0000177956,"La var. hookeri est une plante médicinale à multiple usage ou à usage magique, dans plusieurs pays africaines.",use,fre,,,,,ref-Gbn-0000177956,,
wfo-0000178000,L’espèce est importante dans l’alimentation humaine et animale et a plusieurs usages médicinaux et magiques en Afrique et en Asie.,use,fre,,,,,ref-Gbn-0000178000,,
wfo-0000178440,Le feuillage sert comme engrais vert. La plante entière est un ichtyotoxique pour les poissons d’eau saumâtre.,use,fre,,,,,ref-Gbn-0000178440,,
wfo-0000178504,"Les feuilles servent comme engrais vert. L’espèce est aussi utilisée pour la production de fibres, charbon, et diverses usages médicinaux.",use,fre,,,,,ref-Gbn-0000178504,,
wfo-0000178509,Les fleurs et jeunes fruits sont mangés comme légumes en Indonésie et l’Indochine. Les plantes sont très utilisées comme haie vive ornementale. Les feuilles et l’écorce sont médicinales et servent comme fourrage.,use,fre,,,,,ref-Gbn-0000178509,,
wfo-0000178702,"Les graines ornementales sont utilisées pour colliers et chapelets. Les veuves Nkomi portent les colliers de graines pendant le deuil. La plante est considérée comme magique pour calmer la colère, aussi bien que rituelle et pour se protéger contre la magie. Les graines sont toxiques si mangées. Les feuilles ont la saveur du bois de réglisse, mâchées, elles ont le goût du coco. Les feuilles sont mastiquées par les chanteurs pour se faire la voix.",use,fre,,,,,ref-Gbn-0000178702,,
wfo-0000179103,Un légume à graine de grande importance en Asie et en Afrique de l’Ouest. Elle est mangée cuite en état frais ou après séchage. La plante est utilisée en médecine traditionnelle. Les feuilles sont consommées par le bétail. Les tiges sont utilisées comme bois de feu. Surtout cultivée comme annuelle (Asie) ; c’est le cinquième légume à graine utilisé dans le monde.,use,fre,,,,,ref-Gbn-0000179103,,
wfo-0000179119,Une des meilleures plantes de couverture dans les plantations ; très répandue par l’homme. L’usage comme fourrage est préférable seulement en mélange avec d’autres herbes.,use,fre,,,,,ref-Gbn-0000179119,,
wfo-0000179137,"Engrais vert et fourrage, mais remplacé par C. pubescens ce qui est supérieur en production.",use,fre,,,,,ref-Gbn-0000179137,,
wfo-0000179155,"Bon engrais vert, patûrage et couverture, fixant l’azote atmosphérique, populaire depuis les années 1950. C’est aussi une des plantes des plus savoureuses pour le bétail. Les fleurs sont ornementales.",use,fre,,,,,ref-Gbn-0000179155,,
wfo-0000179164,Engrais vert et plante de couverture.,use,fre,,,,,ref-Gbn-0000179164,,
wfo-0000179216,"Une espèce ornementale, qui pourrait également servir comme fourrage ou plante de couverture. La plante et les fruits contiennent minéraux et vitamines.",use,fre,,,,,ref-Gbn-0000179216,,
wfo-0000181003,"Arbre d’ombrage pour plantations de cacaoyers et caféiers, très ornementale. L’écorce en décoction a été utilisée pour laver les plaies et les boutons du pian. Les feuilles sont appliquées sur les blessures afin de les fermer.",use,fre,,,,,ref-Gbn-0000181003,,
wfo-0000181225,"L’utilité du bois semble limitée. Il sert traditionnellement à la confection de flotteurs pour la pêche, de patins de frein, de tuiles et de petits articles.",use,fre,,,,,ref-Gbn-0000181225,,
wfo-0000181719,"Utilisée comme fourrage et engrais vert, aussi contre l’érosion.",use,fre,,,,,ref-Gbn-0000181719,,
wfo-0000181730,Utilisée comme fourrage et engrais vert. Devenue une mauvaise herbe en Australie.,use,fre,,,,,ref-Gbn-0000181730,,
wfo-0000182428,"Les feuilles et l’écorce donnent une teinture noire pour poteries et tissus. Au Nigéria, on mange les feuilles comme légume, surtout en cas de famine. La gomme émulsifiante dans les graines a des propriétés pharmacologiques et technologiques pour traiter les aliments.",use,fre,,,,,ref-Gbn-0000182428,,
wfo-0000182577,Les graines bouillies donnent une décoction qui calme les douleurs causées par les hémorroïdes. C’est aussi une plante colorante d’importance locale.,use,fre,,,,,ref-Gbn-0000182577,,
wfo-0000183559,"Le bois est utilisé pour les membrures des embarcations, la construction des maisons et comme bois de chauffage. L’écorce est laxative, surtout pour les jeunes enfants. Ailleurs, des matières colorantes des feuilles et des graines, sont utilisées pour colorer les nattes etc. Le fruit serait toxique. La médecine traditionnelle en Afrique, utilise une infusion des feuilles comme traitement contre les troubles gastriques, intestinaux et hépatiques, et pour alléger le paludisme. Également cultivée comme plante ornementale et pour usages magico-religieux.",use,fre,,,,,ref-Gbn-0000183559,,
wfo-0000183571,"Dans la Ngounié, les bûcherons se protègent contre des accidents durant l’abattage des arbres avec les graines attachées au bras droit.",use,fre,,,,,ref-Gbn-0000183571,,
wfo-0000183731,"Les gousses sont comestibles à l’état jeune, mais cet usage est inconnu au Gabon. Ailleurs, la plante entière est aussi utilisée comme fourrage pour moutons et bœufs, et quelques usages médicinaux ont été notés dans les deux Congo.",use,fre,,,,,ref-Gbn-0000183731,,
wfo-0000183752,"Les gousses sont comestibles, mais non mangées au Gabon. C’est aussi un légume-feuille. Les usages sont semblables à ceux de P. palustris. Un usage moderne, les graines sont ajoutées aux produits riches en protéines pour les enfants mal nourris.",use,fre,,,,,ref-Gbn-0000183752,,
wfo-0000183997,Les graines et les tubercules sont mangés par l’homme. Les tubercules bouillis ont un goût qui se rapproche de celui des pommes de terre.,use,fre,,,,,ref-Gbn-0000183997,,
wfo-0000184029,Une plante de fourrage dans certaines régions ; utilisée aussi comme plante de couverture et à usages médicinaux divers.,use,fre,,,,,ref-Gbn-0000184029,,
wfo-0000185952,"La var. utilis (Wall. ex Wight) Baker ex Burck est un engrais vert et une plante de couverture anti-érosive très utile, avec des gousses non urticantes et des graines comestibles, elle se trouve dans les pays avoisinants et probablement aussi au Gabon.",use,fre,,,,,ref-Gbn-0000185952,,
wfo-0000186225,Une plante de fourrage.,use,fre,,,,,ref-Gbn-0000186225,,
wfo-0000186505,Une espèce potentiellement ornementale. Les tiges ont été utilisées comme ficelle.,use,fre,,,,,ref-Gbn-0000186505,,
wfo-0000186997,Les graines mûres du haricot mungo ou la farine qu’on en tire sont ingrédients de toutes sortes de plats riches en protéines ; souvent mangé comme pousses/germes de graines dans la cuisine chinoise. Les gousses immatures et les jeunes feuilles se consomment en légume.,use,fre,,,,,ref-Gbn-0000186997,,
wfo-0000187232,"L’espèce à plusieurs usages médicinaux, est une ornementale potentielle.",use,fre,,,,,ref-Gbn-0000187232,,
wfo-0000187506,L’espèce est utilisée comme engrais vert et comme plante de couverture. Les fleurs sont comestibles comme légume. La plante a des propriétés médicinales.,use,fre,,,,,ref-Gbn-0000187506,,
wfo-0000188562,"Un excellent fourrage pour chèvres et moutons. Les graines rôties pourraient remplacer le café chez les Fang. En éthiopie et au Malawi, on rapporte l’usage comme légume, les graines bouillies étant comestibles. Les enfants du Malawi déterrent les racines tuberculées et les mastiquent pour en extraire un jus sucré.",use,fre,,,,,ref-Gbn-0000188562,,
wfo-0000188854,"Les graines sont consommées comme légume sec, seules et dans diverses préparations. En Inde, on prépare les galettes papadum avec sa farine. Les graines germées sont également consommées et les gousses vertes le sont comme légume cuit. Elle sert aussi de fourrage et d’engrais vert. En médecine traditionnelle, les graines sont utilisées pour leurs propriétés drainantes, rafraîchissantes et astringentes.",use,fre,,,,,ref-Gbn-0000188854,,
wfo-0000189665,"Espèce résistante aux insectes nuisibles, pouvant ainsi servir à l’amélioration du niébé.",use,fre,,,,,ref-Gbn-0000189665,,
wfo-0000189815,Légume à graine mais nécessitant une longue cuisson. Plante fétiche contre les maraudeurs de plantations.,use,fre,,,,,ref-Gbn-0000189815,,
wfo-0000189858,"Plante de couverture, qui peut servir à la fixation du sable près de la mer.",use,fre,,,,,ref-Gbn-0000189858,,
wfo-0000190433,Les racines ont des applications médicinales diverses. Les feuilles produisent un colorant bleu.,use,fre,,,,,ref-Gbn-0000190433,,
wfo-0000191078,: L’infusion (des feuilles ?) sert comme gargarisme contre les maux de dents.,use,fre,,,,,ref-Gbn-0000191078,,
wfo-0000192567,"Le bois est utilisé en menuiserie. L’écorce est ichtyotoxique, la décoction sert en bain médical pour des petits enfants, et mélangée avec du piment pour aider les femmes qui allaitent. La gousse est toxique. Le bois est dit aphrodisiaque (Towns et al. 2014).",use,fre,,,,,ref-Gbn-0000192567,,
wfo-0000192849,Espèce bien connue comme herbe de couverture et engrais vert.,use,fre,,,,,ref-Gbn-0000192849,,
wfo-0000193367,"Utilisée comme engrais vert et plante de couverture. Les feuilles cuites avec des semences de courgette traitent l’épilepsie des enfants et la diarrhée des adultes. Les femmes Fang l’utilisent comme anti-emménagogue ; utilisée en friction sur les membres rhumatisants, en macération comme vomitif. Les Mindumu dans le Haut-Ogooué appliquent la plante contre les maux de reins ou les éblouissements.",use,fre,,,,,ref-Gbn-0000193367,,
wfo-0000194446,L’espèce est probablement un bon fourrage.,use,fre,,,,,ref-Gbn-0000194446,,
wfo-0000195396,"Citée par Raponda-Walker & Sillans (1961) sans mention d’usage. En République démocratique du Congo, elle est médicinale ou appliquée comme ichtyotoxique (Hauman 1954b).",use,fre,,,,,ref-Gbn-0000195396,,
wfo-0000195655,"Cultivé ailleurs, à petite échelle pour la teinture indigo.",use,fre,,,,,ref-Gbn-0000195655,,
wfo-0000195905,"L’espèce est renommée pour la couleur indigo naturelle, depuis fréquemment copiée par l’industrie chimique.",use,fre,,,,,ref-Gbn-0000195905,,
wfo-0000197844,L’arbre est utilisé en foresterie des zones dégradées ; il protège le trait côtier. Le bois est employé comme flotteurs pour harpons. Les folioles bouillies ont été utilisées pour traiter les palpitations du cœur.,use,fre,,,,,ref-Gbn-0000197844,,
wfo-0000198749,"En Ouganda, les graines bouillies sont consommées et sont très douces, mais après la première ébullition, l’eau est jetée, à cause de ses propriétés toxiques.",use,fre,,,,,ref-Gbn-0000198749,,
wfo-0000198847,"Le bois est utilisé pour des outils de la maison. L’espèce a plusieurs usages médicinaux, elle est parfois plantée comme ornementale. Les feuilles sont anthelminthiques.",use,fre,,,,,ref-Gbn-0000198847,,
wfo-0000198926,: Les feuilles jeunes sont comestibles comme légume. Les feuilles écrasées traitent les parasites du cuir chevelu. De l’eau potable s’écoule de la liane coupée. Le bois découpé est ichtyotoxique (Hauman et al. 1954a).,use,fre,,,,,ref-Gbn-0000198926,,
wfo-0000198978,Plante ichtyotoxique à roténone.,use,fre,,,,,ref-Gbn-0000198978,,
wfo-0000199019,La plante est toxique pour les poissons.,use,fre,,,,,ref-Gbn-0000199019,,
wfo-0000199618,La plante est utilisée comme poison de pêche.,use,fre,,,,,ref-Gbn-0000199618,,
wfo-0000199682,"La liane sert comme amarre solide pour les trains de bois et les embarcations, les fibres pour les pièges à gibier. Les tiges pilonnées et malaxées dans l’eau servent comme poison de pêche et aussi comme lavement et vomitif.",use,fre,,,,,ref-Gbn-0000199682,,
wfo-0000199758,Les ramilles ont été utilisées comme cordage pour cabanes (Sierra Léone).,use,fre,,,,,ref-Gbn-0000199758,,
wfo-0000199769,Une décoction de la tige en gargarisme est utilisée contre les maux de dents. La liane coupée en lanières donne des liens qui servent pour fabriquer des paniers.,use,fre,,,,,ref-Gbn-0000199769,,
wfo-0000199845,Considérée comme laxatif puissant. Le bois est dur. Les graines pilées ont été employées comme vulnéraire.,use,fre,,,,,ref-Gbn-0000199845,,
wfo-0000200088,"Les fleurs décrassent le linge. Les feuilles mélangées avec d’autres essences sont employées en fumigation. Il existe plusieurs usages en médecine traditionnelle en République démocratique du Congo, au Cameroun et en Afrique de l’Ouest. L’espèce est mentionnée comme très ornementale.",use,fre,,,,,ref-Gbn-0000200088,,
wfo-0000200277,"Le bois noir, nervuré de gris, est très beau pour l’ébénisterie de luxe. Il est aussi couramment utilisé pour la parqueterie lourde, les menuiseries intérieures et extérieures et des panneaux intérieurs et extérieurs. On l’emploie également pour les instruments de musique de haute qualité, en particulier pour les guitares. Plusieurs usages en médecine traditionnelle ont été rapportés en République démocratique du Congo et au Cameroun. L’espèce est notée comme menacée de disparition à cause de la surexploitation et de la destruction de l’habitat.",use,fre,,,,,ref-Gbn-0000200277,,
wfo-0000200386,Parfois plantée dans des jardins comme plante ornementale.,use,fre,,,,,ref-Gbn-0000200386,,
wfo-0000200625,"L’espèce a plusieurs usages en médécine traditionelle en Afrique de l’Ouest, la République démocratique du Congo et le Cameroun.",use,fre,,,,,ref-Gbn-0000200625,,
wfo-0000200787,L’écorce macérée sert de purgatif pour les petits enfants (Fernan-Vaz). Plantée en Afrique de l’Ouest comme arbre d’ombrage et ornement.,use,fre,,,,,ref-Gbn-0000200787,,
wfo-0000200860,"Une espèce très ornementale et souvent plantée dans les villages. Le bois doré ou brun noir donne des poteaux et de bois de clôtures des maisons, utilisé pour les charpentes et les planches, il est facile à tourner et à polir. L’écorce est vermifuge. La décoction de feuilles est employée en bains contre la syphilis. Un thé de l’écorce est bien conseillé pour l’état de santé générale (Towns & van Andel 2014). L’arbre fournit un poison pour la chasse et la pêche (Banzouzi et al. 2008).",use,fre,,,,,ref-Gbn-0000200860,,
wfo-0000200902,"Plusieurs usages médicinaux en Afrique de l’Ouest et au Cameroun (Banzouzi et al. 2008, Burkill 1995). Plantée comme haie vivante en Afrique de l’Ouest.",use,fre,,,,,ref-Gbn-0000200902,,
wfo-0000200964,"L’écorce a été utilisée comme fibre et pour la fabrication des cordes, ainsi que comme ichtyotoxique.",use,fre,,,,,ref-Gbn-0000200964,,
wfo-0000201255,"Le bois est utilisé pour la construction et pour la fabrication des instruments musicaux, et donne un beau poli.",use,fre,,,,,ref-Gbn-0000201255,,
wfo-0000202118,Utilisée comme ichtyotoxique. La plante a quelques propriétés médicinales.,use,fre,,,,,ref-Gbn-0000202118,,
wfo-0000202981,"Une plante bonne à brouter ; hors du Gabon, à usage médicinal et utilisée comme balai.",use,fre,,,,,ref-Gbn-0000202981,,
wfo-0000203348,Utilisée comme ichtyotoxique. Des usages médicinaux et magiques ont été rapportés du Burundi et de l’Ouganda.,use,fre,,,,,ref-Gbn-0000203348,,
wfo-0000203434,Utilisée comme ichtyotoxique.,use,fre,,,,,ref-Gbn-0000203434,,
wfo-0000204544,"Un ichtyotoxique principal. Le thé des feuilles tue les poux. Les gousses vertes, l’écorce et les feuilles pourraient provoquer des avortements. Plante améliorante des sols, de couverture et produisant un colorant bleu. L’usage magique inclut des rituels de bain pour atteindre la fortune. Plante fourragère, mais à toxicité variable.",use,fre,,,,,ref-Gbn-0000204544,,
wfo-0000207033,L’espèce est un fourrage des des animaux sauvages. Les fleurs sont mellifères.,use,fre,,,,,ref-Gbn-0000207033,,
wfo-0000207392,"Plante améliorante, utilisée comme engrais vert.",use,fre,,,,,ref-Gbn-0000207392,,
wfo-0000207414,L’espèce est utilisée ailleurs comme engrais vert.,use,fre,,,,,ref-Gbn-0000207414,,
wfo-0000208212,"Les femmes qui viennent d’accouchées boivent une tisane de ses feuilles. Pour les hommes, cette tisane aide contre la blennorragie.",use,fre,,,,,ref-Gbn-0000208212,,
wfo-0000209242,"Parfois cultivées en Afrique et à Madagascar, les feuilles de cette espèce sont mangées comme légume vert (assez amères) au Sénégal, au Nigéria, au Cameroun, en République du Congo et en République démocratique du Congo, au Kenya, au Soudan du Sud, en Ouganda et en Tanzanie. La plante est utilisé comme engrais vert et comme C. juncea, de fourrage.",use,fre,,,,,ref-Gbn-0000209242,,
wfo-0000209298,"Cultivée, ses feuilles sont mangées comme légume vert au Kenya, au Soudan, en Ouganda et en Tanzanie.",use,fre,,,,,ref-Gbn-0000209298,,
wfo-0000210929,"Espèce utilisée comme engrais vert, à potentialité ornementale.",use,fre,,,,,ref-Gbn-0000210929,,
wfo-0000211893,Produit une oléo-résine médicinale. Le bois est utile pour la charpenterie et l’intérieur de la maison.,use,fre,,,,,ref-Gbn-0000211893,,
wfo-0000211895,Le bois est employé pour divers usages en construction intérieure (surtout locale) et en placages. La résine rougeâtre est employée en médecine traditionnelle.,use,fre,,,,,ref-Gbn-0000211895,,
wfo-0000211900,Le bois est utilisé pour des perches. La pulpe du fruit est comestible.,use,fre,,,,,ref-Gbn-0000211900,,
wfo-0000211905,"Le bois est jaune et homogène ; en République démocratique du Congo, le bois sert à la construction des chaises.",use,fre,,,,,ref-Gbn-0000211905,,
wfo-0000211974,"Le bois est utilisé comme ustensiles de cuisine, bois de feu pour la cuisine et comme tinctorial.",use,fre,,,,,ref-Gbn-0000211974,,
wfo-0000212065,"Parfois utilisée comme ornementale, les fleurs étant énormes et très remarquables.",use,fre,,,,,ref-Gbn-0000212065,,
wfo-0000212068,Le bois est parfois utilisé pour des petits objets.,use,fre,,,,,ref-Gbn-0000212068,,
wfo-0000212072,"Le bois sert à la fabrication des poteaux de cases, du charbon de forge et dans la construction (poutres) ; il est résistant aux termites.",use,fre,,,,,ref-Gbn-0000212072,,
wfo-0000212074,"Le bois est utilisé pour parquet, meubles, objets de décoration, etc. L’exsudat est utilisé pour la production du baume du Pérou.",use,fre,,,,,ref-Gbn-0000212074,,
wfo-0000215083,"Le jus des feuilles est utilisé contre les problèmes de peau au Nigéria ; au Congo, il est appliqué sur les fractures.",use,fre,,,,,ref-Gbn-0000215083,,
wfo-0000216771,Utilisé au Nigéria contre les maux de tête.,use,fre,,,,,ref-Gbn-0000216771,,
wfo-0000221741,"Au Gabon, les forestiers boivent la sève des stipes, particulièrement durant la saison sèche.",use,fre,,,,,ref-Gbn-0000221741,,
wfo-0000221743,Les cannes sont fortement prisées pour la vannerie. Les cœurs de palmier sont largement consommés au Cameroun et au Gabon.,use,fre,,,,,ref-Gbn-0000221743,,
wfo-0000221744,"Les cannes sont fortement prisées pour la vannerie. Les jeunes pousses sont fréquemment coupées et cuisinées entières, la moelle, ainsi ramollie, est alors mangée.",use,fre,,,,,ref-Gbn-0000221744,,
wfo-0000222739,Le latex est utilisé pour le caoutchouc. Les fruits sont comestibles.,use,fre,,,,,ref-Gbn-0000222739,,
wfo-0000222772,La pulpe des fruits serait comestible. À la République du Congo elle serait utilisée pour soigner la blennorragie et l’hematurie.,use,fre,,,,,ref-Gbn-0000222772,,
wfo-0000222778,Le latex est parfois utilisé pour le caoutchouc. Les fruits sont comestibles.,use,fre,,,,,ref-Gbn-0000222778,,
wfo-0000222799,Le latex est parfois utilisé pour le caoutchouc. Les fruits sont comestibles.,use,fre,,,,,ref-Gbn-0000222799,,
wfo-0000222807,Le latex est parfois utilisé comme colle. Les fruits sont comestibles.,use,fre,,,,,ref-Gbn-0000222807,,
wfo-0000222837,Le latex est une source connue de caoutchouc. La pulpe du fruit est comestible. La plante serait aussi utilisée comme remède contre les vers intestinaux.,use,fre,,,,,ref-Gbn-0000222837,,
wfo-0000223429,Comme pour L. ×strigocamara.,use,fre,,,,,ref-Gbn-0000223429,,
wfo-0000224589,Comme la var. nepetifolia.,use,fre,,,,,ref-Gbn-0000224589,,
wfo-0000224590,Les Bakélé consomment les feuilles avec des noix de cola et mettent les feuilles sur les blessures de la circoncision. On les emploie aussi à sceller « des pactes » entre époux ou amants.,use,fre,,,,,ref-Gbn-0000224590,,
wfo-0000229007,"La plante est utilisée à des fins médicinales dans toute son aire de répartition. Au Gabon, elle est parfois cultivée dans les jardins et vendue sur les marchés. Les feuilles sont ajoutées au café pour en améliorer le goût ou trempées dans le thé, tandis que les racines sont parfois utilisées comme sel végétal. D’après Raponda-Walker & Sillans (1961), les feuilles servent à préparer une infusion sudorifique, elle s’emploie aussi contre les maux de ventre et comme succédané du kinkéliba. Les mpongwé s’en servent souvent en bain de vapeur contre la fièvre.",use,fre,,,,,ref-Gbn-0000229007,,
wfo-0000229123,"Les feuilles sont utilisées en médecine dans toute l’Afrique pour soigner les plaies, les rhumes et les infections internes. Au Gabon, elle est vendue sur les marchés et utilisée pour augmenter la production de lait maternel.",use,fre,,,,,ref-Gbn-0000229123,,
wfo-0000242198,Utilisé au Nigéria comme arôme pour les soupes et comme laxatif.,use,fre,,,,,ref-Gbn-0000242198,,
wfo-0000242254,Utilisé au Congo contre les maladies sexuellement transmissibles.,use,fre,,,,,ref-Gbn-0000242254,,
wfo-0000253211,Utilisé par les femmes comme parfum ; puis pris en boisson comme antihelminthique et contre les maux des yeux.,use,fre,,,,,ref-Gbn-0000253211,,
wfo-0000253344,"Les feuilles sèches et réduites en poudre remplacent le poivre pour épicer les aliments. Les feuilles et les inflorescences sont utilisées pour préparer des infusions toniques et calmantes. Parfois, les feuilles sont mâchées pour soigner les rhumes ou le jus de feuilles est déposé dans le nez. Les feuilles sont utilisées contre la lèpre et pour la cicatrisation des plaies. De feuilles séchées sont brûlées pour désinfecter les chambres mortuaires ou éloigner les moustiques.",use,fre,,,,,ref-Gbn-0000253344,,
wfo-0000253537,"Utilisé comme stimulant et antihelminthique. En Asie, cultivé comme épice et plante médicinale ; aussi utilisé à des fins rituelles. La plante est employée comme condiment dans les salades, substitut du thé, insectifuge, et panacée (agent anti-stress, diaphorétique, expectorant, bains aromatiques).",use,fre,,,,,ref-Gbn-0000253537,,
wfo-0000255434,"Le bois brun ou brun rougeâtre est utilisé dans la construction de ponts, la construction navale, la menuiserie, les boiseries intérieures, les mines, les carrosseries, etc. En médecine traditionnelle, notamment en Côte d’Ivoire, les feuilles pilées sont appliquées comme antiseptiques et hémostatiques sur les plaies. L’écorce des brindilles en poudre est appliquée sur les plaies pour favoriser la cicatrisation et contre la douleur rénale, tandis qu’une macération d’écorce de brindilles dans le vin de palme est consommée comme aphrodisiaque. Au Libéria, les décoctions d’écorce sont ajoutées aux médicaments utilisés comme décongestionnant pelvien contre la gonorrhée. En Sierra Leone, les feuilles sont utilisées pour repousser les abeilles et les mouches et au Libéria, les graines pilées et l’écorce sont utilisées comme insecticide.",use,fre,,,,,ref-Gbn-0000255434,,
wfo-0000256744,"Au Cameroun et en Guinée équatoriale, on asperge du latex de l’écorce râpée sur les lésions causées par le pian. La plante a un intérêt ornemental particulier. Au Nigéria, les tiges sont utilisées pour faire des cordes d’arc.",use,fre,,,,,ref-Gbn-0000256744,,
wfo-0000256748,Le latex serait un cicatrisant des plaies.,use,fre,,,,,ref-Gbn-0000256748,,
wfo-0000256770,"Les cannes sont d’une qualité médiocre pour la vannerie, mais sont utilisées en l’absence d’autres espèces de rotins.",use,fre,,,,,ref-Gbn-0000256770,,
wfo-0000269796,"Les fruits sont comestibles, mais sans importance commerciale. Le cœur de palmier est consommé comme légume et la sève est utilisée pour faire du vin de palme, mais d’autres espèces sont préférées (par exemple Raphia hookeri). Les folioles des jeunes feuilles sont couramment utilisées pour faire des nattes, des paniers, des chapeaux, des cordes et des ficelles. Les pétioles et rachis de feuilles matures fendus sont utilisés pour du tissage grossier. Les rachis sont utilisés pour faire des huttes et des parcs à poissons. Les feuilles sont utilisées pour la couverture des toits. On fabrique des balayettes avec le stipe en martelant son extrémité jusqu’à ce que les fibres se séparent. Les inflorescences séchées sont également utilisées comme balais. Le stipe est utilisé dans la construction de huttes, de maisons, de clôtures, etc. Il s’emploie aussi comme bois de feu et il est approprié pour la production de charbon de bois. Les racines donnent une gomme comestible et contiennent des tanins. L’espèce est couramment plantée comme ornementale et par endroits, pour l’ombrage. En médecine traditionnelle, les racines et fruits sont de quelques utilités.",use,fre,,,,,ref-Gbn-0000269796,,
wfo-0000273290,"Les graines, l’écorce et les racines sont utilisés contre le paludisme. Elles connaissent aussi un vaste usage dans le soulagement de la douleur et pour traiter les problèmes pectoraux et stomacaux, la pneumonie et les vers intestinaux. Une grande gamme d’autres usages médicinaux est connue. Le bois s’emploie dans la confection de toutes sortes de petits ustensiles.",use,fre,,,,,ref-Gbn-0000273290,,
wfo-0000274773,"Au Gabon, les feuilles séchées sont brûlées pour désinfecter les chambres mortuaires. En Afrique de l’Ouest, il est utilisé pour l’exorcisme. Au Nigéria, il est utilisé contre les fièvres. L’Ocimum sp. sensu Raponda-Walker & Sillans (1961) correspond peut être à cette espèce, il est utilisé comme fétiche pour que les fosses à gibier réussissent.",use,fre,,,,,ref-Gbn-0000274773,,
wfo-0000276275,Le bois est utilisé pour les peignes et les rabots.,use,fre,,,,,ref-Gbn-0000276275,,
wfo-0000276284,"En Côte d’Ivoire on prend une décoction d’écorce pour traiter les maux d’estomac et contre les œdèmes des jambes. Une décoction d’écorce de racine est utilisée contre les maladies rénales et le paludisme. L’écorce broyée dans du vin de palme se prend comme laxatif. Le bois sert à confectionner des peignes, des pagaies, des pilons et divers autres petits objets.",use,fre,,,,,ref-Gbn-0000276284,,
wfo-0000276286,"Le bois est utilisé pour la construction locale, pour la confection de peignes, de corps de rabot, de manches d’outils et de pilons, et également d’objets sculptés. Les racines pilées mélangées avec des graines d’Aframomum melegueta K.Schum. et du vin de palme sont prises comme laxatif. Au Bénin, on administre des feuilles macérées dans du jus de citron aux patients souffrant de jaunisse, d’œdème, d’hyposécrétion d’urine ou d’ascaridiose.",use,fre,,,,,ref-Gbn-0000276286,,
wfo-0000279403,La pulpe du fruit est comestible à maturité. Les feuilles sont utilisées pour des abris temporaires.,use,fre,,,,,ref-Gbn-0000279403,,
wfo-0000280060,"Aucun usage connu au Gabon, mais selon Bamps (1974a) le bois est utilisé en menuiserie ailleurs en Afrique et sert aussi à la confection de harpes.",use,fre,,,,,ref-Gbn-0000280060,,
wfo-0000282533,"Le bois est utilisé en construction, en menuiserie et pour des sculptures. L’écorce est utilisée en lavements et en fumigations contre la démence. C’est une espèce « tabou » et son emploi dans la cuisine est interdit. La mauvaise odeur des feuilles et des rameaux jetés sur un feu est censée éloigner les mauvais esprits.",use,fre,,,,,ref-Gbn-0000282533,,
wfo-0000289047,"Les feuilles sont consommées soit comme légume, soit comme traitement médicinal. La fibre obtenue à partir de l’écorce sert à la fabrication de cordes.",use,fre,,,,,ref-Gbn-0000289047,,
wfo-0000294908,"L’espèce à des multiples usages et est la Raphia principale pour la production de vin. La sève élaborée est prélevée à la base des jeunes inflorescences. Les stipes coupés et pourrissant permettent la croissance des larves blanches (larves de coléoptères du genre Rhynchophorus et Oryctes) qui sont très prisées. Les feuilles sont utilisées pour la couverture des toits et les murs. Les longs pétioles ou bambous de Raphia, sont utilisés pour la construction de meubles, comme support pour toitures, comme barrières ou encore dans la fabrication de produits multiples (instruments, plafonds, chaises, lits, etc). Les fibres des jeunes feuilles sont utilisées pour la confection d’habits et de chaussures, ainsi que des décorations diverses. Plus rarement, les fruits mûrs sont aussi consommés cuits ou bouillis.",use,fre,,,,,ref-Gbn-0000294908,,
wfo-0000294950,Les fibres des jeunes feuilles utilisées pour faire des vêtements et des sacs.,use,fre,,,,,ref-Gbn-0000294950,,
wfo-0000295012,"En Afrique de l’Est, l’écorce est couramment employée en médecine locale, comme astringent, purgatif ou émétique pour soigner la fièvre, les œdèmes, les rhumatismes, l’hépatite, la pneumonie, les douleurs abdominales et les maux de dents. Le bois sert à la fabrication de cagettes à fruits, de meubles de cuisine et de rayonnages et comme bois de chauffage. R. caffra est utilisé comme essence d’ombrage dans les caféières. L’écorce contient une fibre dont on fait des cordes d’arcs et des ficelles. C’est un arbre décoratif à croissance rapide bien adapté aux jardins abrités. En Afrique australe, il est utilisé en culture ornementale en tant qu’essence d’ombrage.",use,fre,,,,,ref-Gbn-0000295012,,
wfo-0000299250,Les fruits sont comestibles. Le latex a été utilisé comme un caoutchouc de qualité inférieure. L’écorce est utilisée dans le traitement des rhumatismes. La plante est ornementale et peut servir de clôture.,use,fre,,,,,ref-Gbn-0000299250,,
wfo-0000307466,Les feuilles sont utilisées pour la couverture des toits en l’absence de Raphia. Les graines sont comestibles quand elles sont jeunes mais ne le sont plus à maturité du fait de leur dureté.,use,fre,,,,,ref-Gbn-0000307466,,
wfo-0000307468,"Les feuilles sont utilisées pour la couverture des toits, servent à dresser des murs et à confectionner des nattes.",use,fre,,,,,ref-Gbn-0000307468,,
wfo-0000312147,Une décoction de rameaux feuillés est utilisée pour traiter les maladies des reins. Une décoction de racines associée aux écorces ’de la tige est utilisée pour traiter la colique sans déclencher de diarrhée. L’écorce permet de confectionner un poison violent pour la chasse.,use,fre,,,,,ref-Gbn-0000312147,,
wfo-0000314812,Les feuilles sont consommées et parfois utilisées contre les fièvres ou comme médicament pour l’estomac.,use,fre,,,,,ref-Gbn-0000314812,,
wfo-0000314894,Une infusion de feuilles ou de racines est largement utilisée contre la diarrhée et comme vermifuge.,use,fre,,,,,ref-Gbn-0000314894,,
wfo-0000317277,Les graines et le bois sont utilisés localement comme ichtyotoxique et poison de flèches.,use,fre,,,,,ref-Gbn-0000317277,,
wfo-0000317279,Les graines très toxiques sont utilisées localement pour préparer le poison de flèche. Les plantes sont cultivées pour les graines destinées à l’exportation vers l’Europe en vue d’un usage médical. La plante est ornementale par ses fleurs.,use,fre,,,,,ref-Gbn-0000317279,,
wfo-0000317285,"Les plantes sont cultivées pour les graines destinées à l’exportation vers l’Europe en vue d’un usage médical. Le latex et les graines étaient jadis utilisés surtout pour le poison de flèche. Une décoction de racines, de feuilles ou de tige s’utilise en externe pour traiter les maladies de peau et en interne pour traiter par exemple, les parasites.",use,fre,,,,,ref-Gbn-0000317285,,
wfo-0000317326,"Le latex ou les graines servent à la confection de poison de flèche, mais ils sont moins toxiques que ceux de S. gratus ou de S. hispidus. Le latex a également des applications médicinales et les jeunes feuilles cuites seraient consommées comme légume. S. preussii est une espèce ornementale pour ses superbes fleurs à la corolle munie de très longues queues.",use,fre,,,,,ref-Gbn-0000317326,,
wfo-0000317333,"La graine sert à fabriquer du poison de flèche. La plante fait partie de la pharmacopée traditionnelle. La racine se prend pour traiter la gonorrhée, la lèpre et les douleurs des articulations et la hernie. Le latex s’applique sur les écorchures et les plaies comme cicatrisant. Dans les années 1950, on utilisait un extrait de graines aux Etats-Unis et en Europe pour lutter contre l’arthrose rhumatismale. La tige servirait à faire des arcs et l’écorce à confectionner des cordes, des chapeaux et des nattes. La plante est ornementale par ses fleurs.",use,fre,,,,,ref-Gbn-0000317333,,
wfo-0000317350,Les graines sont très toxiques et utilisées localement pour préparer le poison de flèche.,use,fre,,,,,ref-Gbn-0000317350,,
wfo-0000319808,"Les feuilles et le latex ont plusieurs usages, essentiellement comme anesthésiant local. Le latex s’applique aussi comme hémostatique, en formant une pellicule sur la plaie et en usage interne, comme vermifuge. La décoction de feuilles se prend comme tonique, pour ouvrir l’appétit, contre la fièvre et comme aphrodisiaque. Le latex entre dans la composition d’un poison de flèche. Le latex de l’écorce produit un caoutchouc de qualité inférieure. Au Gabon, on entrelace le chaume des toitures des maisons avec les grandes feuilles, car une croyance veut que leur saveur amère éloigne les blattes. Le bois convient à la menuiserie en général, au contreplaqué et aux coffrages. La plante est considérée comme ornementale.",use,fre,,,,,ref-Gbn-0000319808,,
wfo-0000320183,"La racine joue un rôle crucial dans les cérémonies du bwiti, surtout comme hallucinogène. La décoction de racines peut aussi se prendre comme tonique pour combattre la fatigue, supporter la faim et la soif. Elle a aussi une réputation d’aphrodisiaque, de même que la décoction de feuilles. Aux Etats-Unis et en Europe elle était utilisée pour interrompre la dépendance aux drogues sans provoquer d’accoutumance. En médecine traditionnelle, le latex se prend pour calmer les maux de dents. Il s’emploie également comme ingrédient pour le poison de flèche. Prise en petite quantité, l’iboga enlève le sommeil.",use,fre,,,,,ref-Gbn-0000320183,,
wfo-0000330816,"Les fruits et les graines rôties, sont comestibles.",use,fre,,,,,ref-Gbn-0000330816,,
wfo-0000333061,"Le bois est très utilisé en menuiserie et en ébénisterie, aussi pour fabriquer des pirogues et des pagaies. Les fruits sont très recherchés et consommés crus ou en confiture. Les feuilles cuites sont consommées comme légume. La plante a de nombreux usages médicinaux. Cette espèce fait l’objet de programmes de recherche visant à sa domestication et sa multiplication en culture (Achigan Dako et al. 2014).",use,fre,,,,,ref-Gbn-0000333061,,
wfo-0000333121,Le bois est utilisé localement pour de la petite menuiserie. L’espèce est médicinale et ses fruits sont comestibles.,use,fre,,,,,ref-Gbn-0000333121,,
wfo-0000333604,"[Les usages sont mentionnés ici avec quelque doute, voyez les notes ci-dessous.] Différentes parties de la plante ont des usages médicinaux dans toute son aire de répartition. Le latex ou une décoction ou infusion de l’écorce de la tige, des feuilles ou des racines sont appliqués sur les blessures, les furoncles ou les plaies et servent à traiter la blennorragie, l’eczéma, les infections fongiques et la gale. On les absorbe également pour traiter les problèmes cardiaques, l’hypertension et les affections rhumatismales. Le latex est appliqué sur les dents pour traiter les caries, et en gouttes dans les yeux, il traite l’ophtalmie. En Europe, on extrait des graines la tabersonine, un alcaloïde facilement converti en vincamine, largement utilisé en gériatrie. On utilise aussi des extraits de graines dans des médicaments destinés à traiter les maladies cardiaques, à baisser la pression sanguine et soigner le cancer. Le latex a été employé pour falsifier le caoutchouc d’Hevea, et il sert de glu pour capturer les oiseaux. Le bois considéré comme de qualité inférieure est utilisé comme bois de feu. À partir des branches, on confectionne des flèches et des gaines de couteau. Au Nigéria, on en fait un fil qui est mélangé à du fil de coton et d’autres fibres pour confectionner des nattes. En Tanzanie, l’espèce est plantée comme plante ornementale en raison de ses fleurs blanches odorantes.",use,fre,,,,,ref-Gbn-0000333604,,
wfo-0000333650,Comme chez V. africana.,use,fre,,,,,ref-Gbn-0000333650,,
wfo-0000333685,"La plante est localement utilisée comme médicament, notamment en Inde, et est couramment cultivée comme plante ornementale et de haie ou sur les plages afin de lutter contre l’érosion.",use,fre,,,,,ref-Gbn-0000333685,,
wfo-0000339733,"Ses principales utilisations en Afrique sont médicinales, culinaires et domestiques. La plante est utilisée dans toute l’Afrique ; les racines servent à traiter les troubles de la peau, les maladies de l’œil, la constipation, la lèpre, la kwashiorkor et l’aménorrhée. L’automédication par A. aequinoctiale a été observée chez les chimpanzés qui en consomment les feuilles entières. En temps normal, la plante ne fait pas partie du régime alimentaire du chimpanzé, ce comportement est le plus souvent observé au cours de la saison des pluies, lorsque les animaux sont plus susceptibles d’être atteints par des nématodes parasitaires tels que Oesophagostomum stephanostomum.",use,fre,,,,,ref-Gbn-0000339733,,
wfo-0000354869,"Au Cameroun, l’écorce est utilisée contre les morsures de serpent et les poils de la tige s’appliquent sur les ulcères comme emplâtre. Les racines charnues se consomment en période de famine.",use,fre,,,,,ref-Gbn-0000354869,,
wfo-0000356991,"L’infusion de feuilles et de graines se prend contre l’insomnie et l’infusion de feuilles et de rameaux, contre les infections de la bouche.",use,fre,,,,,ref-Gbn-0000356991,,
wfo-0000356998,"Excellent bois utilisé en ébénisterie et comme localement pour les pirogues monoxyles. Les racines et l’écorce de saveur amère, les feuilles et les graines sont couramment utilisées en pharmacopée traditionnelle pour le traitement de maladies très diverses.",use,fre,,,,,ref-Gbn-0000356998,,
wfo-0000358666,Utilisé comme nettoyant vaginal.,use,fre,,,,,ref-Gbn-0000358666,,
wfo-0000358882,Les jeunes tiges et les fruits sont consommés comme légume (bouillis). Des fruits plus âgés sont pelés pour que l’endocarpe serve comme éponge végétale. Les graines grillées sont consommées comme antihelminthique. Une préparation des racines est utilisée comme remède contre le cancer du nez. Les feuilles sont appliquées sur les œdèmes et prises pour le traitement du paludisme. La sève des fruits est considérée comme un purgatif puissant. Les fruits immatures sont utilisés comme poison de pêche.,use,fre,,,,,ref-Gbn-0000358882,,
wfo-0000360284,"Le bois est utilisé pour les menuiseries légères, les ustensiles, ainsi que pour les placages et le contreplaqué, et il sert également de bois de feu et pour la production de charbon de bois. Les fûts servent traditionnellement à faire des pirogues. L’écorce donne un colorant orange-jaune à brun rougeâtre et sert également pour fabriquer des cordes et des sandales. Elle est couramment utilisée en médecine traditionnelle. Les graines servent de purgatif. Les fruits sont consommés frais localement. L’arbre est parfois planté comme arbre d’ombrage dans les plantations de caféiers et de cacaoyers, en haies vives, et comme arbre d’alignement. Les jeunes feuilles servent comme fourrage.",use,fre,,,,,ref-Gbn-0000360284,,
wfo-0000361522,Les fruits coupés et chauffés sont appliqués sur le ventre en cas de colique.,use,fre,,,,,ref-Gbn-0000361522,,
wfo-0000361549,"La gourde est utilisée pour l’alimentation, comme entreposage, ustensiles et médicament, en fonction des cultivars et des coutumes locales. Les fruits sont consommés frits ou en ragoût. Les jeunes pousses et les boutons floraux sont parfois consommés comme légume vert. Une huile comestible est extraite des graines. Les racines et les fruits sont parfois utilisés comme purgatifs ; les feuilles servent de remède contre les maux d’estomac, les exanthèmes et les œdèmes dus au venin de serpent. La multitude de tailles et de formes des fruits explique la variété des usages à travers le monde, qui sont faits de la coque sèche (calebasse) comme récipients et ustensiles.",use,fre,,,,,ref-Gbn-0000361549,,
wfo-0000371248,"Le fruit comestible sert à faire des compotes, tartes, alcool, etc. Il existe un grand nombre de cultivars. L’oléorésine, la graine et les feuilles sont utilisés dans la médecine traditionnelle. L’écorce est un vomitif et sert à lutter contre le rhumatisme. Les jeunes feuilles servent de légume.",use,fre,,,,,ref-Gbn-0000371248,,
wfo-0000376901,La plante est utilisée dans le traitement de la fièvre et elle est un ingrédient d’un traitement contre le paludisme. Une préparation de la plante est mise sur la tête des enfants souffrant de fièvre. Les feuilles sont pressées dans du gin et un peu de craie est ensuite donnée aux femmes enceintes afin de favoriser la croissance du fœtus. Un filtrat des feuilles est utilisé comme collyre pour traiter les douleurs oculaires.,use,fre,,,,,ref-Gbn-0000376901,,
wfo-0000376916,"Les jeunes fruits, feuilles et pousses sont consommés cuits comme légume. L’herbe est laxative et diurétique, apaise les tissus irrités, diminue la fièvre, tue les parasites et nettoie les toxines du système intestinal ; probablement aussi un stimulant utérin. Elle contient des produits chimiques antileucémiques, œstrogéniques et hypoglycémiants. Les graines contiennent des glycoprotéines avec une activité abortive, immunosuppressive et antitumorale ; la charantine stéroïde glucosidique qui a une activité hypoglycémique analogue à l’insuline et la momordin d’où on tire un médicament oncostatique. Le fruit mûr est un tonique de l’estomac et induit la menstruation. Le jus frais du fruit est pris en interne dans le traitement de la colite et de la dysenterie. Le fruit non mûr contient un peptide, semblable à l’insuline, qui a été démontré pour abaisser le taux de sucre dans le sang et l’urine ; utilisé traditionnellement pour traiter les symptômes du diabète, en particulier le diabète d’apparition tardive. Également utilisé pour traiter la lèpre et les ulcères malins, les vers d’estomac, la fièvre et les mucosités, l’hypertension et la dysenterie ; également en externe dans le traitement des hémorroïdes, de la peau gercée et des brûlures. Les feuilles peuvent être utilisées comme antiseptique, purificateur de sang, fébrifuge et vermifuge. Une perfusion est utilisée dans le traitement des vers intestinaux, de la jaunisse, du paludisme et d’autres fièvres. Une décoction de feuilles et de tiges est utilisée pour traiter le diabète, et l’hypertension artérielle. Le jus des feuilles est appliqué à l’extérieur pour traiter l’inflammation de la plante du pied, la gale et les démangeaisons cutanées. La pâte des feuilles est appliquée en cataplasme sur les coupures et les plaies. Une décoction de tiges, de feuilles et de fruits est utilisée comme tonique amer et pour traiter le diabète et le cancer, également en externe pour traiter les ulcères et les plaies. Une décoction de fleurs et de feuilles est utilisée pour traiter l’hépatite. L’huile des graines est utilisée pour aider à guérir les blessures. La racine est abortive et astringente.",use,fre,,,,,ref-Gbn-0000376916,,
wfo-0000377030,"La plante est considérée comme aphrodisiaque, émétique, emménagogue et parturiente. On la donne aux femmes en cas d’accouchement difficile. Les jeunes feuilles sont consommées pour traiter les maux d’estomac et sont également utilisées dans l’hydropisie. La sève des feuilles se boit pour traiter les troubles intestinaux, les saignements de nez et les maux de tête sévères. La décoction de feuilles est utilisée contre la variole ; les feuilles sont frottées sur les parties touchées par le cobra cracheur pour éviter l’inflammation. Le jus des feuilles écrasées est appliqué pour traiter des maux d’oreille. La racine tubérisée est purgative et utilisée contre les vers intestinaux et la constipation ; elle est également utilisée pour laver les petits enfants et les seins de leur mère comme tonique contre le paludisme. Les feuilles sont rarement mangées cuites (mauvais goût et odeur) ; la pulpe des fruits mûrs est parfois consommée crue.",use,fre,,,,,ref-Gbn-0000377030,,
wfo-0000382378,"Depuis au moins 6 000 ans, l’espèce est associée à la culture et à la religion indiennes en tant que fleur sacrée. Elle est également cultivée comme plante ornementale dans la plupart des régions tropicales et subtropicales. En Asie, les rhizomes sont consommés crus ou cuits et commercialisés. Les graines non mûres sont consommées fraîches ; les mûres sont consommées crues, bouillies ou rôties, généralement débarrassées de l’embryon amer. Dans la médecine traditionnelle, le lotus a de nombreuses applications. Les Chinois utilisent les rhizomes pour traiter la diarrhée et la dysenterie et les embryons sont utilisés pour faire baisser la fièvre, pour traiter le choléra, la dysenterie et autres maladies. Les feuilles sont des emballages pratiques, en particulier pour les aliments à cuire. Outre ses nombreuses utilisations, N. nucifera est peut-être la plante ornementale la plus importante pour la beauté de ses fleurs et de ses fruits, ces derniers étant également séchés. En Inde, le lotus est la fleur nationale. Il est le symbole de la divinité, de la pureté, de la beauté, de la bonté, du parfum, de la fraîcheur, de la fertilité et de la prospérité. Les poètes, les artistes, les sculpteurs, les architectes et les artisans lui accordent toute l’importance qu’il mérite.",use,fre,,,,,ref-Gbn-0000382378,,
wfo-0000389188,Le bois est utilisé comme poteau de construction (Plateaux Batéké).,use,fre,,,,,ref-Gbn-0000389188,,
wfo-0000389228,Les tubercules et les feuilles sont parfois consommés.,use,fre,,,,,ref-Gbn-0000389228,,
wfo-0000389411,"Les bulbilles peuvent être consommées après ébullition pour éliminer les toxines. L’espèce a été domestiquée en Afrique et il existe un certain nombre de races comestibles qui ont des bulbilles plus grands et plus savoureux, utilisés comme source de nourriture féculente. Certaines races sont également utilisées en médecine, en société ou en tant que poisons. Les bulbilles peuvent être ajouté au vin de palme pour favoriser la fermentation.",use,fre,,,,,ref-Gbn-0000389411,,
wfo-0000389474,Les tubercules sont comestibles et parfois cultivés. Les feuilles sont parfois consommées comme légume. Les tiges sont utilisées pour la vannerie.,use,fre,,,,,ref-Gbn-0000389474,,
wfo-0000390528,Les tubercules sont utilisés comme aliment de famine après lavage et séchage pour éliminer les toxines. Voir Burkill (1985) pour plus d’information.,use,fre,,,,,ref-Gbn-0000390528,,
wfo-0000391069,On dit que les tubercules et les bulbilles sont consommés en période de famine.,use,fre,,,,,ref-Gbn-0000391069,,
wfo-0000392514,Les tubercules sont parfois consommés en période de famine et peuvent être cultivés.,use,fre,,,,,ref-Gbn-0000392514,,
wfo-0000393818,Le fruit est comestible et sert d’appât pour la pêche. Le bois a été utilisé pour des constructions locales. L’écorce a plusieurs applications dans la médecine traditionnelle.,use,fre,,,,,ref-Gbn-0000393818,,
wfo-0000393820,Les fruits peuvent servir à faire des confitures ou de l’alcool. L’écorce a été utilisée dans la médecine traditionnelle contre les maux des dents et les ulcérations.,use,fre,,,,,ref-Gbn-0000393820,,
wfo-0000393994,"Le tubercule de D. praehensilis est comestible et largement consommé. C’est l’une des ignames sauvages comestibles les plus importantes en Afrique. Un morceau de tubercule et la couronne sont souvent replantés pour produire des ignames pour les années suivantes. Les feuilles peuvent également être consommées. Le tubercule, les racines et la tige ont été utilisés à des fins médicinales.",use,fre,,,,,ref-Gbn-0000393994,,
wfo-0000394057,"La tige, les feuilles et les racines sont comestibles. Le tubercule est toxique, mais est parfois consommé comme aliment de famine après le traitement.",use,fre,,,,,ref-Gbn-0000394057,,
wfo-0000394950,"Le tubercule est toxique et a été utilisé comme poison. Il est parfois consommé comme aliment de famine après détoxication. Cette espèce a également été utilisée à des fins médicinales. Aux États-Unis, elle est cultivée comme ornementale.",use,fre,,,,,ref-Gbn-0000394950,,
wfo-0000395049,"Le tubercule, les bulbilles et les racines peuvent être consommées.",use,fre,,,,,ref-Gbn-0000395049,,
wfo-0000395188,Les tubercules et bulbilles sont comestibles.,use,fre,,,,,ref-Gbn-0000395188,,
wfo-0000395371,"Hors du Gabon, les tubercules et les racines ont été consommés en période de famine. Il a également été utilisé à des fins médicales. Les tiges ont été utilisées dans la construction des boucliers et de la vannerie.",use,fre,,,,,ref-Gbn-0000395371,,
wfo-0000399865,Les fruits sont comestibles à maturité. La plante est cultivée comme ornementale.,use,fre,,,,,ref-Gbn-0000399865,,
wfo-0000404334,"En Côte d’Ivoire et au sud du Burkina Faso, l’espèce est bien connue pour ses propriétés antinévralgiques et aphrodisiaques ; le jus des feuilles s’emploie en collyre ou en gouttes nasales et les feuilles en poudre s’instillent dans le nez contre la névralgie et les maux de tête. La décoction de graines finement moulues, de rameaux feuillés ou de racines s’utilise comme aphrodisiaque. La pâte de feuilles s’applique localement sur les plaies comme hémostatique. Dans le sud de la Sierra Leone, au Libéria et au Nigéria, l’infusion de feuilles se boit contre les maux d’estomac et pour traiter la diarrhée. La plante est également utilisée contre l’insomnie. On fait des cure-dents avec les tiges. La pulpe du fruit donne une colle qui sert pour les travaux manuels et comme glu.",use,fre,,,,,ref-Gbn-0000404334,,
wfo-0000408349,"Probablement les mêmes que ceux de T. alnifolia, les deux espèces étant très proches et souvent confondues.",use,fre,,,,,ref-Gbn-0000408349,,
wfo-0000408357,"En République démocratique du Congo, la plante (partie non spécifiée) est employée dans le traitement des maladies de la peau, et les racines comme aphrodisiaque (Boutique 1967).",use,fre,,,,,ref-Gbn-0000408357,,
wfo-0000408984,"Les graines d’une agréable saveur d’amande sont mangées cuites ou moulues en farine pour les soupes. Les graines immatures sont cuites, grillées ou fermentées pendant plusieurs jours et consommées sous forme de bouillie. La farine crue présente de meilleures propriétés d’absorption d’eau et de graisse que l’huile, d’où son usage dans les produits de boulangerie. Les graines ont une teneur en huile très élevée et sont utilisées pour faire une huile de cuisson. Les feuilles et jeunes pousses sont cuites dans la potasse. Les jeunes pousses, mesurant jusqu’à 50 cm de longueur, sont utilisées dans les ragoûts et comme accompagnement. La pulpe de fruit, y compris les jeunes graines, est parfois transformée en marmelade. Les femmes enceintes et les patients souffrant d’anémie, utilisent le jus des feuilles comme tonique pour renforcer le sang.",use,fre,,,,,ref-Gbn-0000408984,,
wfo-0000409281,Les fruits sont comestibles. L’écorce est utilisée dans la médecine traditionnelle.,use,fre,,,,,ref-Gbn-0000409281,,
wfo-0000409328,Le fruit est comestible.,use,fre,,,,,ref-Gbn-0000409328,,
wfo-0000409797,Les fruits sont comestibles.,use,fre,,,,,ref-Gbn-0000409797,,
wfo-0000409807,Les fruits sont comestibles.,use,fre,,,,,ref-Gbn-0000409807,,
wfo-0000409815,Les fruits comestibles sont très appréciés. Le bois rose à grain très fin se travaille bien.,use,fre,,,,,ref-Gbn-0000409815,,
wfo-0000415277,Les feuilles fournissent un légume. La fibre de l’écorce est utilisée pour faire des cordes et des lignes de pêche. La tige fournit de l’eau potable lorsqu’on la coupe. Cette eau et les feuilles ont plusieurs applications dans la médecine traditionnelle.,use,fre,,,,,ref-Gbn-0000415277,,
wfo-0000416550,"Les feuilles sont consommées en soupe et comme légume cuit mucilagineux. La fibre de l’écorce est utilisée pour faire des cordes et des lignes de pêche. Il existe de nombreux usages médicinaux locaux du jus de feuilles, des décoctions de feuilles et des feuilles séchées en poudre, par exemple pour traiter la dysenterie, la nevralgie, la surdité et d’autres affections de l’oreille, les diarrhées accompagnées de saignements, les douleurs de poitrine, l’impuissance masculine et les furoncles, comme aphrodisiaque et laxatif et comme composant de poison de flèche. Les petits fruits rouges sont utilisés comme appât dans les pièges à oiseaux.",use,fre,,,,,ref-Gbn-0000416550,,
wfo-0000430127,Les feuilles sont utilisées en décoction contre les boutons.,use,fre,,,,,ref-Gbn-0000430127,,
wfo-0000435370,Les fruits sont comestibles. Les feuilles sont utilisées en médecine traditionnelle.,use,fre,,,,,ref-Gbn-0000435370,,
wfo-0000443142,"Les feuilles sont comestibles et utilisées pour la cicatrisation des blessures et les maux de ventre. Cuites avec les tiges, elles fournissent un liquide noir employé pour la teinture des pailles et des fibres. En République démocratique du Congo et au Malawi, les feuilles sont récoltées pour être consommées comme légume cuit. Par ailleurs, les feuilles servent à panser les blessures en République démocratique du Congo ou à traiter les douleurs abdominales. Au Soudan et en République démocratique du Congo, la plante sert à produire un sel végétal. En Afrique de l’Est, une décoction de racines est utilisée pour traiter les maladies du foie et les infestations de vers intestinaux chez les enfants. Le jus de feuilles se prend oralement pour empêcher un éventuel avortement.",use,fre,,,,,ref-Gbn-0000443142,,
wfo-0000443162,"Au Mali et en République démocratique du Congo, les plantes servent comme fourrage. En Somalie, on fait cuire les feuilles pour préparer une sauce qui accompagne le maïs et la bouillie. En Tanzanie, on consomme parfois les feuilles comme légume cuit. Au Kenya, on prépare des bains avec des plantes bouillies pour soulager la fièvre paludique.",use,fre,,,,,ref-Gbn-0000443162,,
wfo-0000443171,"En Asie du Sud-Est et en Indonésie, la plante a quelques applications médicinales contre des inflammations, diarrhée et dysenterie, entérite et sprue.",use,fre,,,,,ref-Gbn-0000443171,,
wfo-0000443232,"L. alata est l’une des essences forestières les plus exploitées d’Afrique tropicale. Grâce à sa dureté et à sa résistance, le bois est prisé en construction lourde pour des situations extrêmes. Elle sert également en menuiserie, les articles de sport, les jouets, les ustensiles agricoles, le tournage et les panneaux durs. C’est un bon bois de feu qui fournit un excellent charbon de bois. En médecine traditionnelle au Gabon, la décoction d’écorce est appliquée localement en cas d’affections rénales et s’applique en lavement contre les douleurs menstruelles, un début de hernie ou des problèmes d’estomac. Les graines contiennent une huile, qui est parfois utilisée en cuisine ou comme pommade et pour la fabrication de savon.",use,fre,,,,,ref-Gbn-0000443232,,
wfo-0000443427,"En Asie, la plante est parfois utilisée contre les ulcérations du nez et les feuilles mucilagineuses sont utilisées en cataplasme de nombreuses plaintes, y compris les maux de tête, l’orchite et les glandes enflées. Les feuilles prises en décoction pour la diarrhée, les maladies nerveuses et en carminatif et vermifuge. Au Nigéria, la plante est réduite et bouillie et prise comme vermifuge et laxative. Elle est considérée comme ayant des propriétés analgésiques, et avec d’autres herbes, est donnée contre les douleurs rhumatismales.",use,fre,,,,,ref-Gbn-0000443427,,
wfo-0000443844,"Un très bon bois pour l’ébénisterie, localement employé pour la construction d’habitations.",use,fre,,,,,ref-Gbn-0000443844,,
wfo-0000443872,"La décoction de tubercule est administrée aux enfants contre les convulsions. Au Gabon, elle se prend avec un peu de sel contre la gonorrhée. La décoction de feuilles ou de rameaux se boit pour traiter les maux d’estomac.",use,fre,,,,,ref-Gbn-0000443872,,
wfo-0000445160,"Les feuilles cuites sont consommées comme légume. Elles sont aussi utilisées dans la médecine traditionnelle, par exemple comme hémostatique sur les coupures et les blessures, comme anti-irritant, pour soulager les maux de tête. Le fruit est utilisé comme antidote aux poisons. Au Gabon, les feuilles cuites sont ingérées comme remède pour les maux d’estomac, et on les donne aux femmes enceintes une fois cuites avec de l’arachide.",use,fre,,,,,ref-Gbn-0000445160,,
wfo-0000445388,La tige contient des fibres textiles. La plante sert aussi comme plante-fétiche des sociétés secrètes.,use,fre,,,,,ref-Gbn-0000445388,,
wfo-0000446122,"Au Mali, les plantes servent comme fourrage.",use,fre,,,,,ref-Gbn-0000446122,,
wfo-0000448540,"Selon Raponda-Walker & Sillans (1961), les plantes sont vendues sur le marché de Brazzaville (République du Congo) pour les manger.",use,fre,,,,,ref-Gbn-0000448540,,
wfo-0000455418,L’écorce est utilisée comme antipyrétique et comme purgatif. L’huile de ses graines est un émétique.,use,fre,,,,,ref-Gbn-0000455418,,
wfo-0000455420,"Le bois convient pour la construction légère, les boiseries intérieures, la charronnerie, les meubles, etc.",use,fre,,,,,ref-Gbn-0000455420,,
wfo-0000455475,"Le bois est employé dans la construction d’habitations, en particulier pour les pieux, et localement apprécié en sculpture. L’écorce est couramment utilisée en médecine traditionnelle.",use,fre,,,,,ref-Gbn-0000455475,,
wfo-0000455760,Le bois a été utilisé pour des constructions. L’écorce a été utilisée comme laxatif et contre les problèmes d’estomac.,use,fre,,,,,ref-Gbn-0000455760,,
wfo-0000455778,"Les décoctions d’écorce s’utilisent en médecine traditionnelle, celles des racines servent comme vermifuge, abortif et à fabriquer du poison de flèches. Des extraits de feuilles ont montré une activité antipaludique.",use,fre,,,,,ref-Gbn-0000455778,,
wfo-0000456185,"Le bois est utilisé pour la construction, la menuiserie, la sculpture, le tournage et les placages tranchés. L’écorce est employée en médecine traditionnelle, dans les narines pour traiter les maux de tête et comme aphrodisiaque.",use,fre,,,,,ref-Gbn-0000456185,,
wfo-0000456507,"En République démocratique du Congo, la décoction d’écorce de ramilles se prend couramment pour traiter la fièvre et le paludisme, ainsi que la diarrhée, les affections gastriques et le catarrhe purulent. En République du Congo, le jus de racine se prend pour traiter les rhumatismes et les inflammations des articulations ; le jus des jeunes feuilles s’administre comme analgésique aux malades mentaux pendant les crises. En République Centrafricaine, la racine sert comme abortif et emménagogue. La racine, surtout l’écorce de racine, est un ingrédient de poisons de flèche. Au Gabon, la plante serait fébrifuge, une coutume superstitieuse voudrait qu’on se serve des feuilles pour laver et éponger les petits jumeaux au moment de leur naissance.",use,fre,,,,,ref-Gbn-0000456507,,
wfo-0000456626,L’écorce produit une glu.,use,fre,,,,,ref-Gbn-0000456626,,
wfo-0000457758,"Le bois est largement utilisé comme bois de chauffage et fournit un excellent charbon de bois. L’espèce est souvent préservée ou entretenue comme arbre d’ombrage dans les plantations de café et de cacao. Espèce pionnière, elle convient à la plantation sur des sols pauvres pour reboiser les zones dénudées ou perturbées. Le feuillage sert comme fourrage et il est mangé cuit comme légume. En Asie, le bois est utilisé dans la fabrication de panneaux et de papier. L’écorce est utilisée en décoction comme onguent pour les fractures ou les entorses.",use,fre,,,,,ref-Gbn-0000457758,,
wfo-0000458830,"L’espèce est utilisée surtout en Asie, comme plante médicinale et a donné de bons résultats dans le traitement de l’hépatite, de la dysenterie, de l’aménorrhée et les troubles de la vésicule. C’est une des plantes les plus courantes dans les pharmacies chinoises.",use,fre,,,,,ref-Gbn-0000458830,,
wfo-0000460355,"Le bois est extrèmement dur et dense, rouge-brun, utilisé comme poteaux de case. Se cassant et se fendant assez facilement, c’est un bon bois de chauffage et un excellent charbon ;utilisé pour la construction de navettes, des membrures d’embarcation ou des manches de harpons. L’écorce, riche en tanin, sert à teindre les grands filets de pêche. Elle fournit un colorant rouge extrait à froid et un colorant noir extrait en décoction ; les infusions de l’écorce sont utilisées en gargarismes et en frictions avec de l’étoupe de coeur de bananier contre les maux de dents ; les infusions sont également utilisées comme desinfectant pour plaies, pustules, hémorrhagies et angines. Le suc rougeâtre aurait les propriétés du kino.",use,fre,,,,,ref-Gbn-0000460355,,
wfo-0000460362,comme R. racemosa.,use,fre,,,,,ref-Gbn-0000460362,,
wfo-0000460365,comme R. racemosa.,use,fre,,,,,ref-Gbn-0000460365,,
wfo-0000473662,"Pour les populations locales, l’écorce et les racines servent comme masticatoire aphrodisiaque et comme diurétique.",use,fre,,,,,ref-Gbn-0000473662,,
wfo-0000474102,"La racine et l’écorce de racine s’utilisent comme aphrodisiaques. Pour soigner les pannes sexuelles, la racine en poudre se prend avec Aframomum melegueta (Roscoe) K.Schum. La racine en poudre et macérée, seule ou avec du jus de canne à sucre, se prend comme émétique, comme vermifuge et contre les coliques. On applique des copeaux de racine ou de la poudre d’écorce mélangée à de l’eau, parfois de la pâte de feuille, comme emplâtres sur les abcès mûrs et la racine humidifiée s’applique sur les plaies infectées, les puces de sable et sur les ongles atteints de panaris. Le jus de racine ou d’écorce s’instille en gouttes dans l’oreille pour soigner les affections auditives purulentes et la surdité. Le jus de racine sert également contre la toux. Le jus d’écorce et de la racine sont aussi couramment utilisés comme ingrédients de poisons de flèche. Les feuilles se consomment pour soigner la hernie. Au Gabon et en République démocratique du Congo, la tige est utilisée pour faire des flèches et les feuilles coriaces font office d’empennage. Le bois très dur est quelquefois employé comme bois d’œuvre.",use,fre,,,,,ref-Gbn-0000474102,,
wfo-0000474122,"Le jus des feuilles s’applique sur des scarifications au front pour soigner les migraines très sévères. La macération de feuilles se boit pour traiter les morsures de serpent et un morceau de tige attaché autour de la cheville sert à les prévenir. Les tiges servent également à faire des ceintures et des bracelets de chevilles et de poignets pour les bébés pour les aider à marcher. En Centrafrique, on donne les feuilles écrasées dans de l’eau additionnée de sel local aux bébés contre la constipation. Les racines sont considérées comme comestibles.",use,fre,,,,,ref-Gbn-0000474122,,
wfo-0000477971,"P. pellucida est couramment utilisé en médecine dans toutes les régions tropicales, y compris en Afrique tropicale. Les parties aériennes sont utilisées contre les douleurs, les abcès, l’acné, la goutte, les maux de tête, les problèmes de rein, l’arythmie cardiaque et la fatigue. Dans toutes les régions tropicales, la plante sert à soigner les furoncles, la conjonctivite et les plaies cutanées. La plante s’utilise aussi couramment comme condiment et se consomme comme légume-feuille épicé, cuit ou en salade. En Afrique, elle est parfois cultivée à cet usage. On la cultive aussi comme plante ornementale.",use,fre,,,,,ref-Gbn-0000477971,,
wfo-0000479019,"En médecine locale, les graines réduites en poudre ont une propriété stimulante. Les fruits et les feuilles sont utilisées fraîches et séchées comme épice à goût pimenté.",use,fre,,,,,ref-Gbn-0000479019,,
wfo-0000479879,Les enfants mangent les fruits. Les feuilles sont mangés par les lapins et les cobayes. Les feuilles seraient emménagogues et les fleurs pectorales.,use,fre,,,,,ref-Gbn-0000479879,,
wfo-0000479905,L’arille pulpeux et le jus sucré sont consommés.,use,fre,,,,,ref-Gbn-0000479905,,
wfo-0000480101,"Au Gabon, l’arille des graines sert à préparer un jus de fruit ; sa pulpe épaisse sert à faire des compotes. Les racines fraîches passent pour être vénéneuses ; on les préconise comme vomitif (Raponda-Walker & Sillans, 1961).",use,fre,,,,,ref-Gbn-0000480101,,
wfo-0000487600,"Espèce fétichiste et médicinale. Les feuilles cuites sont parfois mangées. La macération des feuilles sert comme bain fébrifuge pour les petits enfants, ainsi que pour l’hygiène intime des femmes. La décoction des feuilles avec du tubercule de manioc se boit, afin de contrecarrer des pertes de grossesse.",use,fre,,,,,ref-Gbn-0000487600,,
wfo-0000488635,Les feuilles sont utilisées comme emballages pour la nourriture. Les poils sont enlevés par le feu (fide Walters & Kandinia 2009). La tige est utilisée pour traiter la tuberculose (fide Quiroz-Villareal 1640).,use,fre,,,,,ref-Gbn-0000488635,,
wfo-0000488702,"On broie les tiges avec Tephrosia et Strophanthus pour servir de poison de pêche. Les râpures des tiges servent à cicatriser les plaies, en particulier celle du cordon ombilical. Contre les maux de reins, les feuilles chauffées sont appliquées sur la région lombaire. Cuites avec des arachides, elles sont destinées à purifier le lait des nourrices. Les tiges trempées dans une bouteille d’eau exposée au soleil donnent un breuvage usité contre la blennorragie.",use,fre,,,,,ref-Gbn-0000488702,,
wfo-0000488837,Les feuilles sont utilisées comme emballage pour la nourriture cuite (comme le manioc) ou crue pour son transport.,use,fre,,,,,ref-Gbn-0000488837,,
wfo-0000488851,Les feuilles sont utilisées en sorcellerie pour calmer les femmes en colère. Les branches sont utilisées comme bâton pour soutenir la marche de l’enfant.,use,fre,,,,,ref-Gbn-0000488851,,
wfo-0000495138,"Cette espèce est bien connue comme plante médicinale, utilisée comme diurétique, analgésique et antipyrétique, pour traiter les troubles gastriques tels que la diarrhée et la dysenterie, ainsi que la toux, la bronchite, l’hypertension, etc. ; au Gabon, les feuilles sont fumées comme tabac.",use,fre,,,,,ref-Gbn-0000495138,,
wfo-0000500269,Plante-fétiche des chasseurs d’éléphants. L’infusion des tiges pilonnées se boit contre la blennorragie.,use,fre,,,,,ref-Gbn-0000500269,,
wfo-0000505105,"en République démocratique du Congo, le jus des feuilles est utilisé contre l’ophtalmie.",use,fre,,,,,ref-Gbn-0000505105,,
wfo-0000505113,"au Nigéria et au Cameroun, une décoction de feuilles sert pour traiter les ulcères gastriques. Au Nigéria, la racine est utilisée pour traiter le paludisme, pour empêcher les risques d’avortement et pour apaiser les malades mentaux. Au Gabon, la racine amère, parfois mélangée avec l’écorce de tige de Garcinia klainei Pierre ex Engl. (= G. epunctata Stapf), est mise dans du vin de palme qui se boit pour traiter les maladies vénériennes et pour ses vertus aphrodisiaques ; elle traite aussi les affections prostatiques, l’asthme et la hernie. Les feuilles servent de fourrage à haute teneur protéinique pour les ruminants.",use,fre,,,,,ref-Gbn-0000505113,,
wfo-0000505168,"Une infusion de feuilles est administrée contre les maux d’estomac. Au Ghana, l’extrait de plante se prend comme remède contre la toux. Les feuilles sont utilisées comme aphrodisiaque et pour traiter l’impuissance masculine. La décoction de plante s’emploie comme emménagogue. Les tiges se prennent comme sédatif et analgésique. La racine est utilisée contre les parasites internes. Les graines s’emploient contre la lèpre. La tige fournit de robustes cordes.",use,fre,,,,,ref-Gbn-0000505168,,
wfo-0000519947,Utilisée en médecine ; sert à faire des liens ; les tiges pillées sont jetées dans l’eau pour asphyxier les poissons.,use,fre,,,,,ref-Gbn-0000519947,,
wfo-0000520018,"Cette liane médico-magique est utilisée dans différentes pratiques ésotériques. Les plantes sont un poison violent pour les chèvres. Les tiges et rameaux écrasés servent à étourdir le poisson et pour empoisonner les flèches. Les racines sont râpées et appliquées sur les plaies. Les tiges servent comme cordes (Robyns, 1995).",use,fre,,,,,ref-Gbn-0000520018,,
wfo-0000520074,Utilisée comme corde pour attacher des paquets divers.,use,fre,,,,,ref-Gbn-0000520074,,
wfo-0000537326,Le bois dur est employé pour fabriquer des manches de hache.,use,fre,,,,,ref-Gbn-0000537326,,
wfo-0000537327,Les fruits comestibles sont vendus au marché.,use,fre,,,,,ref-Gbn-0000537327,,
wfo-0000537332,Les gens marchent rituellement sur les feuilles pour se protéger des envoûtements. Les fruits sont mangés par les enfants.,use,fre,,,,,ref-Gbn-0000537332,,
wfo-0000538305,Le bois blanc est facile à travailler.,use,fre,,,,,ref-Gbn-0000538305,,
wfo-0000539713,"Le fruit a une pulpe comestible, à goût légèrement acide. Le bois rouge-blanc, parfois exporté, peut être utilisé pour la menuiserie, la construction et le contreplaqué. La poudre de l’écorce est employée contre les maladies du foie.",use,fre,,,,,ref-Gbn-0000539713,,
wfo-0000539715,Les graines oléagineuses sont comestibles et le bois est utilisé pour le déroulage et la menuiserie en RDC.,use,fre,,,,,ref-Gbn-0000539715,,
wfo-0000558282,La plante a plusieurs usages médicinales. Elle est également cultivée comme plante ornementale pour les bordures d’étangs et les aquariums.,use,fre,,,,,ref-Gbn-0000558282,,
wfo-0000560737,"Dans le passé, dans certaines tribus, les femmes qui ont été soupçonnées d’adultère étaient attachées à de tels « arbres à fourmis ». Les jeunes filles, lors de leur initiation à la société secrète féminine du ndjèmbè ou nyèmbè, doivent collecter ces fourmis comme signe de bravoure.",use,fre,,,,,ref-Gbn-0000560737,,
wfo-0000560739,Le bois est tabou chez les Mpongwè et exclusivement brûlé devant la case pour chasser le fantôme d’un membre de famille décédé. Il est formellement interdit d’utiliser le bois pour cuire des aliments.,use,fre,,,,,ref-Gbn-0000560739,,
wfo-0000583243,Cette espèce est parfois plantée comme ornementale.,use,fre,,,,,ref-Gbn-0000583243,,
wfo-0000583244,"Les racines sont broyées avec des graines d'Aframomum melegueta et mangées pour remédier à l’impuissance (Neuwinger, 2000).",use,fre,,,,,ref-Gbn-0000583244,,
wfo-0000583246,"L’espèce est utilisée comme bois de construction (Bamps & Farron, 1967).",use,fre,,,,,ref-Gbn-0000583246,,
wfo-0000583247,Les feuilles écrasées avec les graines d’Aframomum melegueta sont pulvérisées et frottées dans des scarifications (Neuwinger 2000).,use,fre,,,,,ref-Gbn-0000583247,,
wfo-0000583257,"Le bois est utilisé pour la construction et les feuilles peuvent être utilisées contre les maux de tête et la douleur des dents. Les feuilles sèches sont fumées comme tabac (Bamps & Farron, 1967).",use,fre,,,,,ref-Gbn-0000583257,,
wfo-0000583279,Le tronc est utilisé comme bois de chauffage et pour des planches (Bamps & Farron 1967).,use,fre,,,,,ref-Gbn-0000583279,,
wfo-0000583297,L’espèce est considérée comme plante décorative (Burkill 1997).,use,fre,,,,,ref-Gbn-0000583297,,
wfo-0000583303,Une plante décorative munie de fleurs jaunes (Burkill 1997). Le bois est utilisé comme bois de chauffage et pour faire des planches (Bamps & Farron 1967).,use,fre,,,,,ref-Gbn-0000583303,,
wfo-0000586371,Les feuilles sont utilisées pour l’emballage.,use,fre,,,,,ref-Gbn-0000586371,,
wfo-0000586393,Une décoction de l’écorce est utilisée contre les maux de poitrine.,use,fre,,,,,ref-Gbn-0000586393,,
wfo-0000589693,"Ailleurs, le bois est utilisé en menuiserie.",use,fre,,,,,ref-Gbn-0000589693,,
wfo-0000593389,"En médecine traditionnelle, la décoction d’écorce se prend pour traiter les malaises généraux, la toux sévère, la fièvre et les maux de tête et comme émétique. Par ailleurs, la décoction de feuilles est utilisée pour traiter les affections oculaires. Les graines sont dites comestibles.",use,fre,,,,,ref-Gbn-0000593389,,
wfo-0000593541,"Le bois est couramment utilisé, par exemple pour la construction, les menuiseries, l’ébénisterie, les pirogues et les instruments agricoles. Il convient pour la construction navale, la charronnerie, les panneaux durs et particulaires et sert également pour la production de charbon de bois. En médecine traditionnelle, la décoction de feuilles sert à traiter les maladies cardiovasculaires. La décoction de racine est utilisée contre la fièvre et les douleurs menstruelles. L’espèce est plantée comme arbre d’ombrage dans les cultures et pour améliorer l’état des sols.",use,fre,,,,,ref-Gbn-0000593541,,
wfo-0000593631,"Le bois est utilisé comme celui de C. gomphophylla. La décoction d’écorce, la macération de feuilles et la cendre de racine sont utilisées en médecine pour diverses affections. Les feuilles fraiches écrasées sont utilisées comme poison de pêche.",use,fre,,,,,ref-Gbn-0000593631,,
wfo-0000593782,"L’arbre est récolté pour son bois, en usage local et à l’exportation. Il est peu durable et utilisé en intérieur pour la menuiserie, les coffrages, etc. et la fabrication de contreplaqué. En médecine traditionnelle, l’écorce et les racines sont utilisées comme antalgiques. Des préparations à base d’écorce sont prescrites en cas de diarrhée et de fièvre, tandis que celles à base de feuilles soignent l’inflammation des voies respiratoires, la tachycardie et l’anémie.",use,fre,,,,,ref-Gbn-0000593782,,
wfo-0000599893,L’écorce et les feuilles ont plusieurs applications dans la médecine traditionnelle. On prépare un poison de pêche à partir des feuilles mélangées avec celles de Tephrosia vogelii Hook.f. Les racines servent à la préparation du vin de palme pour lui donner plus de force. Les Balumbus du Gabon se servent des tiges comme cordes dans la construction de maisons et pour faire des filets de pêche.,use,fre,,,,,ref-Gbn-0000599893,,
wfo-0000605871,"Les feuilles et les tiges se prennent en infusion pour soigner les affections gastro-intestinales du type diarrhée, dysenterie, colique, vers intestinaux et problèmes digestifs, ainsi que les problèmes urogénitaux comme les troubles menstruels, les maladies vénériennes, l’infertilité et l’accouchement. Les feuilles et les rhizomes sont très utilisés pour traiter les abcès, les ulcères et la gale et également comme hémostatique. La décoction de tiges mélangées aux feuilles d’autres plantes s’utilise pour traiter les plaies. Les tiges servent de matériau de ligature en vannerie. La plante est parfois cultivée comme ornementale.",use,fre,,,,,ref-Gbn-0000605871,,
wfo-0000607867,"Cette sous-espèce est surtout cultivée pour les graines comestibles. Une fois grillées, elles sont ensuite moulues en une pâte grossière et au goût agréable de noisette. En Afrique de l’Ouest, les graines sont transformées en une pulpe qui sert d’épaississant aux soupes (soupe d’égousi). Une fois fermentées, elles donnent un édulcorant. Un autre édulcorant est produit avec les graines grillées, pilées, enveloppées dans des feuilles et enfin bouillies. La pulpe des graines grillées et salées est également consommée et les graines sont utilisées pour la soupe d’égousi. Une huile végétale très appréciée est extraite des graines.",use,fre,,,,,ref-Gbn-0000607867,,
wfo-0000609999,"La plante est décorative, à cultiver selon Staner & Léonard (1951).",use,fre,,,,,ref-Gbn-0000609999,,
wfo-0000614168,"Des feuilles séchées en poudre contre brûlures. La racine est utilisée comme un éméto-cathartique extrêmement vigoureux, avec des propriétés également diurétiques et révulsives (risque abortif), également utilisée comme décoction dans le vin de palme pour la constipation tenace, pour traiter l’ascite, l’œdème et la hernie du scrotum ; comme lavement pour les hernies, les écoulements urétraux et l’hématurie ; la sève est écrasée avec de la canne à sucre contre les douleurs costales et stomacales ; la pulpe est appliquée par friction sur les scarifications ; comme répulsif contre les douleurs intercostales, les rhumatismes et les maux de tête ; les emplâtres pour faire mûrir les furoncles, les bubons et les abcès du sein, en prenant soin de protéger par une application d’huile de palme la peau des cicatrices, si l’emplâtre doit être maintenu longtemps. Le jus des racines est insecticide et parasiticide et il est administré sous forme de compresse ou de lavement comme anthelminthique, et en instillation oculaire pour les filaires dans la conjonctive de l’œil ; il est également enduit sur le bois des lits et des armoires comme répulsif des punaises et des cafards.",use,fre,,,,,ref-Gbn-0000614168,,
wfo-0000620742,"Le bois, souvent vendu sous le nom bois de cordia ou pooli, est généralement utilisé en construction, en menuiserie, pour les meubles, les pirogues, etc., surtout localement. C. millenii est planté comme arbre d’ombrage dans les villages, particulièrement en Afrique de l’Ouest. Il a aussi été planté dans des programmes de reboisement.",use,fre,,,,,ref-Gbn-0000620742,,
wfo-0000629095,"Les fruits mûrs, les feuilles, les fleurs et les graines sont utilisés comme légumes.",use,fre,,,,,ref-Gbn-0000629095,,
wfo-0000629110,"C. moschata est un légume utilisé aussi bien pour ses fruits que pour ses feuilles ; les fleurs sont également consommées. En Afrique centrale et de l’Ouest, C. moschata est cultivé surtout pour ses graines mûres. Celles-ci sont d’abord grillées, décortiquées, puis écrasées en une pâte consommée avec le plat principal. Les graines grillées avec ou sans leur enveloppe sont aussi salées et mangées comme à l’apéritif.",use,fre,,,,,ref-Gbn-0000629110,,
wfo-0000629123,"Les fruit sont largement consommés dans le monde, essentiellement à l’état cuit. Les feuilles et jeunes pousses sont mangées comme herbe potagère. Les graines, crues ou grillées, sont comestibles et ont plusieurs applications dans la médecine traditionnelle. L’huile des graines s’utilise comme huile d’assaisonnement.",use,fre,,,,,ref-Gbn-0000629123,,
wfo-0000631275,Les pointes des jeunes tiges sont comestibles. Les tubercules sont également comestibles après une longue cuisson.,use,fre,,,,,ref-Gbn-0000631275,,
wfo-0000632591,"Les jeunes pousses charnues sont comestibles. Les tubercules le sont également, mais après être bien bouillis. Les fruits sont parfois mangés par les enfants. Les phylloclades ont plusieurs applications médicales, entre autres, contre des problèmes de vue. Les racines ont été utilisées contre les maladies sexuellement transmissibles.",use,fre,,,,,ref-Gbn-0000632591,,
wfo-0000648159,Le rhizome est mangé cuit comme pomme de terre. Les fruits sont comestibles.,use,fre,,,,,ref-Gbn-0000648159,,
wfo-0000663308,Les racines donnent un poison de chasse utilisé pour imprégner les flèches.,use,fre,,,,,ref-Gbn-0000663308,,
wfo-0000663387,"Le bois est utilisé pour la fabrication de meubles, de perches, de manches d’outil et de jougs. Il est utilisé comme bois de feu et pour le charbon de bois. Les ramilles servent de bâtons à mâcher pour maintenir l’hygiène des dents. De nombreuses parties de la plante sont utilisées en médecine traditionnelle. L’infusion de feuilles s’ingère et on l’utilise en lotion pour traiter la fièvre et les convulsions. Le jus des feuilles serait un laxatif léger. Des décoctions de feuilles servent de traitement contre les courbatures, les maux de dents et l’hyperthermie.",use,fre,,,,,ref-Gbn-0000663387,,
wfo-0000668205,"Excellent bois d’œuvre apprécié pour la menuiserie et l’ébénisterie, également pour la construction des petits objets comme caisses et masques. L’écorce est utilisée en médicine traditionnelle.",use,fre,,,,,ref-Gbn-0000668205,,
wfo-0000668209,"Le bois est utilisé pour la construction, la menuiserie, la construction navale, la fabrication de meubles, l’ébénisterie, les placages et le contreplaqué.",use,fre,,,,,ref-Gbn-0000668209,,
wfo-0000668214,bois d’œuvre.,use,fre,,,,,ref-Gbn-0000668214,,
wfo-0000668215,"Excellent bois d’œuvre, fournit l’acajou d’Afrique préféré, prise pour la menuiserie, l’ébénisterie et depuis longtemps pour la fabrication de pirogues.",use,fre,,,,,ref-Gbn-0000668215,,
wfo-0000668244,Le bois est apprécié pour la construction et la menuiserie.,use,fre,,,,,ref-Gbn-0000668244,,
wfo-0000674022,"L’espèce est largement cultivée comme plante ornementale sous le nom de cultivar ‘African Dawn’, ‘Ayo’ et ‘Jiboja’.",use,fre,,,,,ref-Gbn-0000674022,,
wfo-0000676240,"Le bois est employé localement pour la construction légère, le mobilier, les boiseries intérieures, la menuiserie et le contreplaqué. En médecine traditionnelle au Cameroun, l’écorce entre dans une décoction de plusieurs écorces qui se boit pour traiter les calculs urinaires.",use,fre,,,,,ref-Gbn-0000676240,,
wfo-0000682799,"La plante est utilisée contre la syphilis dans au moins 3 pays africains et elle est réputée avoir des propriétés analgésiques. En Éthiopie et en Tanzanie, on l’applique sur les piqûres de scorpion. Au Sénégal et au Kenya, la plante est pâturée par tous les animaux domestiques.",use,fre,,,,,ref-Gbn-0000682799,,
wfo-0000686200,"Le bois est utilisé pour les constructions indigènes. L’huile corrosive, extraite de l’épicarpe du fruit, sert à faire des tatouages.",use,fre,,,,,ref-Gbn-0000686200,,
wfo-0000718658,"Dans toute l’Afrique tropicale, l’espèce est employée comme analgésique (rhumatismes), comme diurétique et pour traiter de nombreuses affections de la peau : pian, urticaire, gale, ulcères, eczéma, impétigo. Il y a de grandes variations dans les parties de la plante utilisées, ainsi que dans les modes de préparation et d’administration. Au Gabon, on utilise les feuilles réduites en poudre pour traiter traditionnellement les gencives infectées. La plante est fréquemment utilisée en médecine créole. Les feuilles sont chauffées, froissées et pressées pour en extraire le jus que l’on applique sur les yeux pour soigner les conjonctivites ou calmer la douleur. À d’autres fins, le jus obtenu en écrasant les feuilles est mélangé avec de l’huile de coco et additionné d’un peu de sel. On fait boire le tout aux enfants pour soigner le rhume, la grippe la toux. L’infusion des feuilles serait efficace contre l’asthme et celle-ci serait indiquée comme antihémorragique.",use,fre,,,,,ref-Gbn-0000718658,,
wfo-0000724690,Le bois est employé par endroits en charpenterie et en menuiserie.,use,fre,,,,,ref-Gbn-0000724690,,
wfo-0000734376,"L’espèce est plantée comme fétiche pour protéger les fermes contre le tonnerre et la stérilité féminine et pour traiter les ampoules. Dans le monde entier, comme au Gabon, elle est cultivée comme plante ornementale et il existe une énorme variété de cultivars. S. trifasciata ‘Laurentii’, avec sa marge jaune d’or, étant la plus célèbre. Elle est vendue aux marchés des fleurs spontanées de Libreville.",use,fre,,,,,ref-Gbn-0000734376,,
wfo-0000739717,"Les jeunes racines, les feuilles et les fruits sont mangés cuits comme légume. Le fruit mûr est utilisé comme substitut de la sauce tomate. Les racines et graines sont utilisées comme médicament contre les vers, la diarrhée, la bronchite et la fièvre. Le fruit est considéré comme anthelminthique, émétique et purgatif. On dit que la graine refroidit le corps.",use,fre,,,,,ref-Gbn-0000739717,,
wfo-0000754995,"La canne est utilisée en vannerie, mais seulement en l’absence d’autres espèces de rotin plus prisées.",use,fre,,,,,ref-Gbn-0000754995,,
wfo-0000764829,La fécule extraite des tubercules est utilisée contre le pian. Les feuilles pilées entrent dans la composition d’une pommade à base de beurre de ndjawé (Baillonella toxisperma Pierre var. toxisperma et Tieghemella africana Pierre) pour traiter les entorses.,use,fre,,,,,ref-Gbn-0000764829,,
wfo-0000765654,Les tiges sont coupées par les Batékés et placées dans les maisons comme insecticide. Les fruits sont mangés par les phacochères.,use,fre,,,,,ref-Gbn-0000765654,,
wfo-0000765666,"L’espèce est plantée près des villages, des églises et des cimetières. L’écorce est utilisée pour un rituel d’initiation féminine, les racines comme aphrodisiaque et purification du système urinaire.",use,fre,,,,,ref-Gbn-0000765666,,
wfo-0000765694,Les plantes sont broutées par le buffle nain de forêt (Syncerus caffer nanus).,use,fre,,,,,ref-Gbn-0000765694,,
wfo-0000765782,"Plante ornementale, cultivée dehors et à l’intérieure dans le monde entier.",use,fre,,,,,ref-Gbn-0000765782,,
wfo-0000765846,"L’espèce est un arbre à multiples usages et elle est parfois plantée près des villages. Elle est utilisée en médecine pour plusieurs maladies. Elle produit des fibres, des teintures, de la résine et le tronc sert pour la production des sculptures, des instruments de musique, des jeux et jouets, etc.",use,fre,,,,,ref-Gbn-0000765846,,
wfo-0000765863,L’espèce est plantée à proximité des villages. L’écorce est utilisée dans le traitement des problèmes présents pendant la grossesse et attribués à des « origines mystiques ».,use,fre,,,,,ref-Gbn-0000765863,,
wfo-0000765884,"En Afrique de l’Ouest, les tiges sont utilisées comme haie vive. Les jeunes pousses sont cuites et consommées comme des asperges. Les feuilles sont utilisées en médecine.",use,fre,,,,,ref-Gbn-0000765884,,
wfo-0000765890,D. phrynioides est une plante magique des femmes. Elle est plantée autour de l’enclos réservé aux cérémonies secrètes du Ndèmbè.,use,fre,,,,,ref-Gbn-0000765890,,
wfo-0000765929,"Cultivée dans le monde (aussi au Gabon) comme plante ornementale et elle serait également porte-bonheur, d’où son nom anglais ‘lucky bamboo’, Les cultivars ‘Borinquensis’ et ‘Viridis’ sont vendus aux marchés des fleurs à Libreville (Damen, obs. pers.).",use,fre,,,,,ref-Gbn-0000765929,,
wfo-0000765982,"En Afrique de l’Est, le jus des feuilles et des racines est bu contre l’épilepsie, le paludisme et il est hématopoïétique (après une crise de paludisme). Les feuilles sont utilisées contre le mal de ventre. Le fruit est utilisé dans le traitement des maladies féminines et mangé par certains oiseaux.",use,fre,,,,,ref-Gbn-0000765982,,
wfo-0000769376,"En République centrafricaine, on a utilisé l’espèce pour en tirer du sel par incinération des plantes.",use,fre,,,,,ref-Gbn-0000769376,,
wfo-0000807301,Les feuilles sont utilisées comme emballage.,use,fre,,,,,ref-Gbn-0000807301,,
wfo-0000808948,"Cette espèce est cultivée comme plante ornementale de jardin et de haie, souvent utilisée comme bois de chauffage et fourrage. Dans de nombreuses régions, elle est utilisée en médecine pour traiter les fièvres et diverses affections. Au Gabon, une infusion des feuilles est utilisée contre la toux, les grippes, le rhume et les maux de tête et les fleurs sont utilisées dans les bains des enfants pour combattre la fièvre.",use,fre,,,,,ref-Gbn-0000808948,,
wfo-0000814077,"Plante ornementale avec un fruit comestible, mais aussi utilisé comme colorant. La feuille est utilisée contre des infections parasitaires, des affections des yeux, la fièvre, etc.",use,fre,,,,,ref-Gbn-0000814077,,
wfo-0000819442,"La plante est largement cultivée pour sa valeur ornementale. Les décoctions de toutes les parties de la plante sont utilisées en médecine, pour traiter le paludisme, la dengue, la diarrhée, le diabète, le cancer et les maladies de la peau.",use,fre,,,,,ref-Gbn-0000819442,,
wfo-0000823202,Pas d’usages cités pour le Gabon ; les jeunes tiges et feuilles sont souvent consommées comme épinard dans de nombreux pays (épinard indien). Une matière colorante est obtenue à partir de la forme rouge. Il existe aussi de nombreux usages médicinaux.,use,fre,,,,,ref-Gbn-0000823202,,
wfo-0000825607,"Au Gabon, la décoction de feuilles se prend pour traiter la schizophrénie.",use,fre,,,,,ref-Gbn-0000825607,,
wfo-0000838394,Les Bapunu utilisent les feuilles comme fébrifuge et contre les tumeurs. Utilisé comme arôme alimentaire dans le nord du Nigéria et dans une tisane avec Solanum contre la toux.,use,fre,,,,,ref-Gbn-0000838394,,
wfo-0000884166,Les feuilles écrasées et macérées dans le blanc d’œuf sont un remède contre les maux de tête. Les Fang considèrent cette plante comme un talisman pour se protéger des mauvais sorts.,use,fre,,,,,ref-Gbn-0000884166,,
wfo-0000886588,Une plante décorative des jardins.,use,fre,,,,,ref-Gbn-0000886588,,
wfo-0000886685,"Cette belle plante ornementale grimpante est utilisée pour les treillis et les tonnelles. Les populations de la République du Congo utilisent les feuilles pour produire une matière colorante noire, comme pour C. umbellatum.",use,fre,,,,,ref-Gbn-0000886685,,
wfo-0000887447,Les feuilles donnent une matière colorante noire utilisée en République du Congo. Cet usage n’est pas connu du Gabon.,use,fre,,,,,ref-Gbn-0000887447,,
wfo-0000894222,"Les fruits, très acides, sont comestibles. Le latex produit du caoutchouc noir et il aussi employé en lavement intestinal.",use,fre,,,,,ref-Gbn-0000894222,,
wfo-0000903570,"Espèce à multiple usages. Le liquide des fruits est bu pour s’hydrater et pour ses vertus d’alicament. La partie charnue du fruit est aussi consommée. L’huile de la partie charnue du fruit est utilisée comme lotion pour le corps et comme un vermicide. Les fibres des fruits sont utilisées comme source d’énergie pour la combustion ou comme compost ou paillis. La partie supérieure du méristème apical est consommée comme « cœur de palmier ». Les feuilles ont des usages multiples pour la couverture des toits ou la vannerie, alors que le bois est utilisé comme matériel de construction.",use,fre,,,,,ref-Gbn-0000903570,,
wfo-0000913654,"En République du Congo, le jus de la plante est utilisé comme sédatif pour calmer le cœur afin d’assurer un sommeil paisible sans cauchemars.",use,fre,,,,,ref-Gbn-0000913654,,
wfo-0000914260,"Cultivé dans certaines régions d’Afrique tropicale pour ses tubercules alimentaires. Au Congo, le jus de feuilles est utilisé dans des gouttes oculaires contre la fièvre.",use,fre,,,,,ref-Gbn-0000914260,,
wfo-0000934263,Les fruits sont comestibles.,use,fre,,,,,ref-Gbn-0000934263,,
wfo-0000936020,"Le latex de la plante a longtemps servi à falsifier le caoutchouc de commerce. Les tiges débarrassées de leur moelle, fournissent de bons tuyaux de pipe, notamment chez les Apindji et les Mitsogho. On en fait aussi de grandes aiguilles pour coudre les pagnes de raphia. La macération des jeunes pousses est un remède employé contre certaines maladies des reins. L’écorce rapée, additionnée de piment, sert en frictions contre les douleurs de reins.",use,fre,,,,,ref-Gbn-0000936020,,
wfo-0000936210,La plante sert à triter les maladies des yeux.,use,fre,,,,,ref-Gbn-0000936210,,
wfo-0000943159,"C’est une plante ornementale, avec quelques propriétés médicales et utilisée aussi comme coupe-feu.",use,fre,,,,,ref-Gbn-0000943159,,
wfo-0000945969,La plante a quelques utilisations médicales et elle est utilisée hors du Gabon dans les tumeurs et les cancers.,use,fre,,,,,ref-Gbn-0000945969,,
wfo-0000946019,"Surtout à Madagascar, la plante est récoltée en grande quantité pour l’utiliser contre un grand nombre de maladies, notablement des inflammations, des problèmes oculaires, des affections nasopharyngées, des troubles de l’estomac et des problèmes diurétiques.",use,fre,,,,,ref-Gbn-0000946019,,
wfo-0000946828,"D. erecta est cultivé comme une plante horticole, souvent en haies. La plante est soupçonnée d’être vénéneuse et son jus est toxique pour les moustiques.",use,fre,,,,,ref-Gbn-0000946828,,
wfo-0000947985,"Les fruits produisent deux types d’huile : celle extraite du mésocarpe, produisant une huile rouge largement utilisée et vendue au Gabon, et celle extraite des graines, produisant une huile plus raffinée, claire et prisée, car plus compliquée à extraire. Cette dernière est aussi largement commercialisée. Souvent cette espèce est utilisée pour l’extraction de sa sève élaborée qui, fermentée, devient du vin de palme. Le cœur de palmier est aussi consommé. Les feuilles sont largement utilisées pour la couverture des toits, la vannerie (nasses pour la pêche) et pour la décoration (dimanche des Rameaux…).",use,fre,,,,,ref-Gbn-0000947985,,
wfo-0000951936,"Le bois est utilisé pour des sculptures et des ustensiles, pour fabriquer des contreplaqués et en menuiserie d’intérieur. L’écorce et le latex sont employés en médecine traditionnelle.",use,fre,,,,,ref-Gbn-0000951936,,
wfo-0000952011,"L’écorce est un remède efficace contre la blennorragie. Elle est connue aussi pour ses propriétés galactogènes. Le bois sert à fabriquer des cuillères, des peignes, des masques, des harpes, des sièges, des tambours et des sennailles pour chiens de chasse.",use,fre,,,,,ref-Gbn-0000952011,,
wfo-0000952573,Les stipes fendus sont utilisés pour la fabrication de paniers temporaires et les cannes pour la confection de meubles en rotin.,use,fre,,,,,ref-Gbn-0000952573,,
wfo-0000952576,"C’est une des espèces de choix pour la vannerie et la construction de meubles, plus qu’E. macrocarpa. Au Gabon, les stipes fendus sont largement utilisés pour la fabrication de nasses.",use,fre,,,,,ref-Gbn-0000952576,,
wfo-0000952579,Rarement utilisé pour la confection de meubles ou en vannerie du fait de la faible qualité de sa canne.,use,fre,,,,,ref-Gbn-0000952579,,
wfo-0000952580,Réputé pour sa canne de haute qualité dans la fabrication des meubles en rotin.,use,fre,,,,,ref-Gbn-0000952580,,
wfo-0000967500,"Le bois blanc est utilisé pour confectionner des pagaies et divers instruments de ménage, aussi comme bois de chauffe. Le latex est utilisé en médecine traditionnelle.",use,fre,,,,,ref-Gbn-0000967500,,
wfo-0000982764,"L’écorce et parfois les racines s’emploient couramment pour traiter la dysenterie et la diarrhée. L’écorce du tronc et les feuilles sont aussi généralement utilisées pour traiter la fièvre, en particulier le paludisme. La décoction d’écorce s’emploie pour traiter les affections de la peau. Le latex s’utilisait jadis comme poison de flèche ou poison pour la pêche. Comme d’autres plantes laticifères, elle est considérée comme un galactagogue pour le bétail. Le bois sert en sculpture, ainsi qu’à confectionner de petits ustensiles. Le bois se débite parfaitement en laine de bois pour emballer des fruits. Au Ghana et en République démocratique du Congo, le bois sert à produire du charbon de bois. Des chenilles comestibles se nourrissent des feuilles. H. floribunda est un arbre attrayant aux fleurs blanches et odorantes, qui est souvent utilisé pour des rites.",use,fre,,,,,ref-Gbn-0000982764,,
wfo-0001019783,"B. suaveolens est planté comme arbre d’ornement dans les jardins publics et privés. En Amérique du Sud, les feuilles sont utilisées dans la médecine traditionnelle et les pratiques culturelles.",use,fre,,,,,ref-Gbn-0001019783,,
wfo-0001020090,"Les fruits (piments) sont le plus souvent utilisés frais, séchés ou transformés comme condiment pour colorer et relever le goût des plats. Les jeunes feuilles sont consommées comme légume d’assaisonnement ou comme épinards. En thérapeutique, le piment est appliqué en usage externe comme rubéfiant pour les rhumatismes, ainsi que pour traiter les douleurs articulaires et musculaires. En usage interne, les piments sont ingérés frais ou sous forme de macérat pour soigner les infections dentaires, traiter l’angine et lutter contre les douleurs abdominales, les névralgies et les céphalées. Les piments sont aussi consommés pour prévenir l’apparition des troubles cardio-vasculaires, des hémorroïdes et des varices. La capsaïcine, le composé actif contenu dans les piments, stimule les muqueuses de la bouche, de l’estomac et des intestins. La consommation de piment va ainsi avoir un léger effet laxatif, contribuer à augmenter la salivation et la sudation et faciliter la digestion.",use,fre,,,,,ref-Gbn-0001020090,,
wfo-0001023987,"Dans le monde entier N. tabacum sert à la fabrication du tabac, mais l’espèce est aussi couramment utilisée comme coupe-faim et comme excitant. La fumée et le jus des feuilles servent à traiter les filarioses ; les feuilles sont utilisées pour cautériser les plaies, désinfecter les ulcères, soulager les maux de ventre ou lutter contre les caries.",use,fre,,,,,ref-Gbn-0001023987,,
wfo-0001024566,"En Afrique tropicale, les fruits sont consommés et les feuilles sont préparées en salade. Elles sont analgésiques et utilisées pour traiter les problèmes de peau et les douleurs musculaires (démangeaisons, variole, panaris, rhumatismes), atténuer certains symptômes (fièvre, maux de ventre, vomissements et diarrhée) et soigner des maladies infectieuses et parasitaires (paludisme, maladie du sommeil, maladie du ver de Guinée).",use,fre,,,,,ref-Gbn-0001024566,,
wfo-0001024896,"Les fruits sont consommés frais, en salade ou pour décorer les plats, conservés en confiture ou transformés en purées et en sauce. Les feuilles sont utilisées en usage externe pour traiter la rougeole et les douleurs articulaires ; le macérat des feuilles est utilisé comme vermifuge, diurétique et sert à atténuer les maux de ventre et traiter la jaunisse. Les plantes et les racines sont aussi utilisées pour atténuer les douleurs menstruelles et provoquer l’accouchement.",use,fre,,,,,ref-Gbn-0001024896,,
wfo-0001025432,"En Afrique de l’Ouest les parties aériennes sont généralement utilisées pour guérir les affections des nourrissons et des jeunes enfants. Des parties variées de la plante (racines, tiges feuillées, sève) sont utilisées pour traiter les maladies respiratoires (toux et asthme), les maux d’estomac, les maux de tête, les convulsions avec fièvre, les aphtes, les maladies de peau (rougeole, œdèmes et varicelle) ainsi que pour des usages curatifs et préventifs divers (anti-poison, éclaircissement des dents, laxatif ou stérilité féminine).",use,fre,,,,,ref-Gbn-0001025432,,
wfo-0001025714,"Les parties aériennes et souterraines des plantes sont utilisées dans la médecine traditionnelle et en sorcellerie, du fait de leur toxicité. Les fruits sont utilisés extérieurement pour traiter les maux de tête, les infections cutanées et les verrues ; ils sont macérés et ingérés pour soigner la constipation, déclencher l’accouchement et servent de collyre. L’extrait de racine est utilisé comme purgatif ; sous forme de décoction ou de macérat, la racine sert à traiter les douleurs dorsales, l’impuissance masculine et les morsures de serpent.",use,fre,,,,,ref-Gbn-0001025714,,
wfo-0001025760,"S. aethiopicum est l’un des légumes traditionnels des jardins potagers de l’Afrique subsaharienne. Même en l’absence de données statistiques fiables, l’on peut considérer qu’il s’agit de l’un des légumes-fruits les plus consommés en Afrique tropicale. En fonction du type de cultivar (voir les notes ci-dessous), les feuilles et/ou les fruits sont préférentiellement consommés crus ou plus souvent sous forme de légumes d’accompagnement. Cette espèce entre aussi dans la composition de plusieurs remèdes de médecine traditionnelle. Les extraits des parties souterraines et aériennes de la plante servent de sédatif ; les fruits et les racines sont aussi utilisés pour soigner les coliques et traiter l’hypertension artérielle. Enfin, S. aethiopicum sert parfois de plante ornementale ou en Asie, de porte-greffe pour la tomate et l’aubergine asiatique.",use,fre,,,,,ref-Gbn-0001025760,,
wfo-0001025878,"Les tiges et les jeunes feuilles se cuisinent et se mangent comme des épinards. Les fruits réputés non comestibles sont néanmoins souvent consommés crus ou cuits par les populations locales. L’extrait de feuilles est utilisé pour traiter les conjonctivites et les plaies ; au Nigéria, les fruits sont macérés pour servir de vermifuge aux volailles.",use,fre,,,,,ref-Gbn-0001025878,,
wfo-0001026208,"Les fruits immatures de S. anguivi sont consommés comme apéritif ou pour accompagner des plats traditionnels. Ils sont utilisés, frais ou moulus, pour traiter l’hypertension artérielle. Occasionnellement, S. anguivi peut servir de plante ornementale dans les jardins privés.",use,fre,,,,,ref-Gbn-0001026208,,
wfo-0001026242,"Les fruits sont incorporés aux soupes et aux sauces ou plus rarement consommés frais. En Afrique de l’Ouest, le jus des feuilles et des fruits est utilisé pour traiter la lèpre, comme laxatif ou pour atténuer les inflammations cutanées.",use,fre,,,,,ref-Gbn-0001026242,,
wfo-0001027396,"Les racines, les feuilles, les fruits et les graines sont utilisés dans la médecine traditionnelle, vraisemblablement pour des usages similaires à ceux de l’espèce sœur cultivée, S. macrocarpon (voir le traitement de cette espèce ci-dessous).",use,fre,,,,,ref-Gbn-0001027396,,
wfo-0001028109,"Les fruits sont comestibles, mais très amers et servent à traiter les ulcères de la gorge et faire cailler le lait. En Afrique de l’Est, les feuilles sont utilisées pour nettoyer et panser les plaies.",use,fre,,,,,ref-Gbn-0001028109,,
wfo-0001029263,"Les feuilles et/ou les fruits sont utilisés comme des légumes ; les cultivars les plus glabres sont utilisés pour leurs feuilles, alors que ceux plus pubescents présentent des fruits souvent plus gros et moins amers. Les fruits sont plus communément consommés en Afrique de l’Ouest où ils sont pelés, bouillis et frits pour accompagner la viande ou le poisson. Les parties aériennes et souterraines de la plante ont en outre de nombreux usages thérapeutiques. Les fruits sont utilisés comme laxatif et pour traiter les problèmes cardiaques ; les fleurs et les fruits sont mâchés pour nettoyer les dents. S. macrocarpon sert occasionnellement de plante ornementale.",use,fre,,,,,ref-Gbn-0001029263,,
wfo-0001031072,"Les feuilles et les jeunes pousses de S. scabrum sont cuisinées comme des épinards en accompagnement des plats traditionnels. Les extraits de feuille servent en médecine traditionnelle à traiter la diarrhée, certaines infections oculaires et la jaunisse. En Afrique de l’Est, les fruits sont mâchés pour lutter contre les ulcères et les douleurs abdominales. Enfin, les fruits sont aussi utilisés comme colorant ou comme encre.",use,fre,,,,,ref-Gbn-0001031072,,
wfo-0001031701,Les fruits sont toxiques et ont fait office de poison. Les feuilles sont consommées comme condiment et sont utilisées en médecine traditionnelle pour provoquer les avortements et déclencher les accouchements. Les décoctions de racines servent de purgatif léger et de stimulant.,use,fre,,,,,ref-Gbn-0001031701,,
wfo-0001031795,"Les fruits, amers mais comestibles, sont utilisés dans les soupes et les sauces. En thérapeutique, S. torvum est utilisé pour ses propriétés antimicrobiennes. Au Gabon, les feuilles servent à panser les plaies ; les fruits sont utilisés en décoction pour traiter les maux de gorge et d’estomac.",use,fre,,,,,ref-Gbn-0001031795,,
wfo-0001032536,S. wrightii est planté comme arbre d’ornement et d’ombrage dans les jardins privés et publics.,use,fre,,,,,ref-Gbn-0001032536,,
wfo-0001040390,"La chair du fruit est comestible crue. Les graines sont utilisées, crues ou cuites (riches en huile) ou également grillées, comme collation. L’huile des graines est utilisée en cuisine. Les jeunes feuilles tendres sont cuites et consommées comme légume. Le jus du fruit mélangé à d’autres ingrédients est appliqué sur le nombril d’un nouveau-né. Les feuilles sont utilisées en macération pour purger un bébé allaité soit par administration directe au bébé, soit en la mettant sur les seins de la mère avant la tètée.",use,fre,,,,,ref-Gbn-0001040390,,
wfo-0001042683,"Les gousses et graines sont bouillies et utilisées en cas de famine, de même que les racines tubérisées.",use,fre,,,,,ref-Gbn-0001042683,,
wfo-0001058100,"La graine est un poison violent et tue les puces. Elle contient l’ésérine utilisée en thérapeutique oculaire. Ailleurs (République démocratique du Congo), le suc des feuilles colore en noir les couteaux et les pagaies.",use,fre,,,,,ref-Gbn-0001058100,,
wfo-0001060985,Plante ornementale potentielle.,use,fre,,,,,ref-Gbn-0001060985,,
wfo-0001061215,"L’homme mange les graines sèches et fraîches, les gousses jeunes et les jeunes feuilles comme légume ou dans les sauces. C’est aussi un excellent fourrage.",use,fre,,,,,ref-Gbn-0001061215,,
wfo-0001061580,Le bois est utilisé pour des constructions de case.,use,fre,,,,,ref-Gbn-0001061580,,
wfo-0001061736,"Au Nigéria, les tiges sont utilisées pour fabriquer des cabanes.",use,fre,,,,,ref-Gbn-0001061736,,
wfo-0001083600,"Donnant un bon bois d’œuvre blanc, fréquemment moiré. L’écorce est employée en médecine traditionnelle.",use,fre,,,,,ref-Gbn-0001083600,,
wfo-0001087436,La plante serait utilisée en pharmacopée vétérinaire.,use,fre,,,,,ref-Gbn-0001087436,,
wfo-0001131588,"Le bois est utilisé pour l’ébénisterie et la menuiserie et sert aussi à fabriquer des pirogues. La graine contient une huile alimentaire, utilisé fréquemment dans la cuisine gabonaise. La graine elle-même est aussi comestible. L’écorce contient du tannin, utilisé pour teindre les tissus en noir. La décoction de cette écorce s’emploie comme vomitif et la poudre comme cicatrisant. On en prépare également un onguent à base d’huile de palme pour combattre certaines affections cutanées. La coque dure du fruit est utilisée, après incinération et pulvérisation, contre les maux des dents, cette poudre est cuite et consommée en protection contre le retour de maladies récemment guéries.",use,fre,,,,,ref-Gbn-0001131588,,
wfo-0001138068,Les fleurs ainsi que les racines (haustoria) ont été utilisées pour teindre les textiles et pour colorer le bois. L’espèce a également plusieurs applications médicales.,use,fre,,,,,ref-Gbn-0001138068,,
wfo-0001267152,"Cette liane est recherchée par les populations locales et les forestiers, on retire des tiges une eau limpide qu’on boit, et qu’on utilise pour faire cuire les aliments. Elle calme les coliques. Les femmes qui allaitent boivent également cette même eau, après y avoir fait macérer les tranches de manioc doux. Celles qui sont enceintes consomment la poudre des tiges desséchées cuite avec des arachides. La décoction des feuilles est parfois utilisée contre la dysenterie.",use,fre,,,,,ref-Gbn-0001267152,,
wfo-0001296661,"Les jeunes pousses et feuilles de kangkong sont récoltées comme légume vert, surtout en Asie du Sud-Est et en Chine ou c’est très populaire et cultivée fréquemment.",use,fre,,,,,ref-Gbn-0001296661,,
wfo-0001297733,Cette liane très envahissante est considérée comme un talisman de fécondité que les femmes enceintes portent parfois autour des reins.,use,fre,,,,,ref-Gbn-0001297733,,
wfo-0001297763,Les enfants s’en servent pour sauter ou tirer à la corde. Les feuilles seraient purgatives.,use,fre,,,,,ref-Gbn-0001297763,,
wfo-0001297863,"Au Gabon, les feuilles sont mangées comme légume.",use,fre,,,,,ref-Gbn-0001297863,,
wfo-0001298754,"sert de nourriture aux lapins, aux cobayes, aux chèvres et aux porcs. Dans la croyance des indigènes, cette liane serait un porte-bonheur pour ceux qui font la pêche aux gros poissons.",use,fre,,,,,ref-Gbn-0001298754,,
wfo-0001298779,"Le tubercule rapé est utilisé pour soigner les abcès (collection A.M. Louis 2813). On l’utilise aussi en lavement contre les maladies vénériennes ou la simple constipation, après pilonnage et cuisson à l’étouffée.",use,fre,,,,,ref-Gbn-0001298779,,
wfo-0001301073,La pulpe des fruits doux est consommée crue. Les feuilles sont cuites comme des épinards. Une décoction de racine est utilisée pour soulager la douleur après l’accouchement et la racine bouillie contre la gonorrhée.,use,fre,,,,,ref-Gbn-0001301073,,
wfo-0001301146,Les feuilles sont consommées comme légume.,use,fre,,,,,ref-Gbn-0001301146,,
wfo-0001301156,"Cette sous-espèce est largement cultivée pour sa pulpe sucrée aqueuse comestible, qui sert parfois aussi comme source d’eau.",use,fre,,,,,ref-Gbn-0001301156,,
wfo-0001301182,"Les fruits mûrs des cultivars de melon doux se consomment généralement crus pour leur pulpe juteuse et sucrée. Les fruits peuvent être utilisés comme nettoyant léger rafraîchissant ou hydratant pour la peau, ainsi que comme traitement de premiers soins pour les brûlures. Les fleurs sont expectorantes et émétiques. Les graines sont antitussives, digestives, fébrifuges et vermifuges. La racine est diurétique et émétique. Les feuilles sont utilisées pour traiter les hernies scrotales.",use,fre,,,,,ref-Gbn-0001301182,,
wfo-0001316062,Utilisée comme engrais vert et plante de couverture.,use,fre,,,,,ref-Gbn-0001316062,,
wfo-0001316205,"Le bois est dur, ressemblant à l’ébène et il est utilisé en République démocratique du Congo pour faire des pièges. La résine rouge des rameaux devient dure et noire à l’air.",use,fre,,,,,ref-Gbn-0001316205,,
wfo-0001333521,Les Éshira utilisent la cendre dans des frictions contre la gale. La plante est parfois cultivée pour ses graines comestibles.,use,fre,,,,,ref-Gbn-0001333521,,
wfo-0001333610,Le bois d’œuvre est apprécié en construction et pour l’ébénisterie ; depuis longtemps favorisé pour la construction de pirogues.,use,fre,,,,,ref-Gbn-0001333610,,
wfo-0001333611,"Le bois, souvent en mélange avec celui de L. cedrata et de L. thompsonii, se vend indistinctement comme bois d’œuvre sous la dénomination « bossé ».",use,fre,,,,,ref-Gbn-0001333611,,
wfo-0001333613,Le bois d’œuvre est apprécié pour la construction et est traditionnellement utilisé pour faire des pirogues.,use,fre,,,,,ref-Gbn-0001333613,,
wfo-0001340671,Plante colorante d’importance locale.,use,fre,,,,,ref-Gbn-0001340671,,
wfo-0001346944,"En Afrique de l’Ouest, le jus des feuilles est appliqué pour traiter les infections oculaires et les maux de dents.",use,fre,,,,,ref-Gbn-0001346944,,
wfo-0001347458,"Autres échantillons étudiés : Dhetchuvi 1451 & 1464 (BRLU), Gabon, Ogooué-Lolo, Makandé, 0°41’S 11°54’E, 23 Novembre 1993 (st) ; Dhetchuvi 1541 (BRLU), même localité, 30 Novembre 1993 (st). <p>Cette espèce est proche de M. barteri par son port lianescent, ses feuilles dépourvues de stipelles, ses folioles à nervures latérales très ascendantes et bien marquées, ses bractées très réduites, son calice à dents très courtes, et sa corolle pubescente extérieurement. Elle en diffère cependant par les folioles restant vertes au séchage (celles de M. barteri brunissent), par les nervures pubérulentes à la face supérieure (et non glabres), par les nervilles formant un réseau très saillant à la face inférieure (chez M. barteri, ce réseau est peu apparent), par le calice à pubescence étalée (et non couchée), et par l’inflorescence à rachis central beaucoup plus court que les ramifications latérales.</p><p> L’espèce est dédiée à Daniel Geerinck (1945–2016), spécialiste des Orchidaceae d’Afrique centrale et naturaliste passionné.</p>",use,fre,,,,,ref-Gbn-0001347458,,
wfo-0001385493,"Plante de couverture et fourrage par excellence. Les tubercules sont comestibles, mais rarement renseignés pour cet usage.",use,fre,,,,,ref-Gbn-0001385493,,
wfo-0001389458,Utilisée comme plante de couverture et pâturage. Les feuilles pourraient être comestibles pour l’homme. La plante a plusieurs utilisations médicinales.,use,fre,,,,,ref-Gbn-0001389458,,
wfo-0001425940,Les feuilles et fruits ont été mangées comme légume. Les feuilles ont plusieurs applications médicinales et forment une source de sel végétal.,use,fre,,,,,ref-Gbn-0001425940,,
wfo-0001425979,Une des sources de la couleur indigo.,use,fre,,,,,ref-Gbn-0001425979,,
wfo-0001427040,Probablement un bon fourrage.,use,fre,,,,,ref-Gbn-0001427040,,
wfo-0001441275,"G. pharnaceoides est parfois consommé comme légume, par exemple en Somalie, au Kenya et en Tanzanie. L’espèce sert d’aliment de disette en Afrique de l’Ouest et en Inde. En République démocratique du Congo et au nord du Tchad, elle est consommée comme condiment. Dans le nord de l’Afrique, elle est considérée comme un purgatif. Au Kenya, en Tanzanie, en Afrique australe et à Madagascar, elle est utilisée pour soigner la diarrhée. En Inde, en Indonésie, en Afrique du Sud et à Madagascar, elle est utilisée contre les vers, mais la plante doit être consommée avec beaucoup de précaution. En Afrique de l’Ouest, on frotte les feuilles sur les enflures et en Tanzanie la tige écrasée dans du beurre est appliquée sur des muscles douloureux. En Inde, le jus de la plante est utilisé contre les verrues. En Tanzanie, les feuilles vertes cuites sont consommées pour traiter l’asthme, au Kenya les racines sont utilisées comme médicament pour la poitrine.",use,fre,,,,,ref-Gbn-0001441275,,
wfo-0001445712,"En République démocratique du Congo, les feuilles sont consommées comme légume. En cas de pneumonie, les feuilles mastiquées avec du piment, sont rejetées sur des scarifications faites sur la poitrine.",use,fre,,,,,ref-Gbn-0001445712,,
wfo-0001445717,Le tubercule est consommable en période de famine.,use,fre,,,,,ref-Gbn-0001445717,,
wfo-1000003843,Les fruits sont consommés par les rongeurs.,use,fre,,,,,ref-Gbn-1000003843,,
wfo-1000003846,Des touffes sont plantées en carrés de 1 × 1 m par des femmes de village “pour faire faraud”. La plante la plus importante des rites d’initiation des femmes Boo.,use,fre,,,,,ref-Gbn-1000003846,,
wfo-1000032173,Cultivé dans l’est du Cameroun comme épice.,use,fre,,,,,ref-Gbn-1000032173,,
wfo-1000035740,Le latex est parfois utilisé pour le caoutchouc. Les fruits sont comestibles.,use,fre,,,,,ref-Gbn-1000035740,,
wfo-1000043638,"Les fruits mûrs sont consommés crus ; les pousses tendres et les feuilles, cuites.",use,fre,,,,,ref-Gbn-1000043638,,
wfo-1000044974,"La tige fournit des fibres pour la fabrication des textiles, et parfois des cordes, ficelles, lignes de pêche, etc. Elle est utilisée depuis l’antiquité, en particulier en Asie.",use,fre,,,,,ref-Gbn-1000044974,,
wfo-1200037562,voir sous var. gratissimum.,use,fre,,,,,ref-Gbn-1200037562,,
wfo-1200098615,"Utilisé contre les maux de ventre. Les feuilles sont mangées avec des graines de courgettes. Au Congo, le jus de feuilles est donné aux enfants comme gouttes oculaires pour traiter les convulsions et comme boisson sédative. Il y est aussi utilisé contre les morsures de serpent.",use,fre,,,,,ref-Gbn-1200098615,,
wfo-4000007143,"Le bois des Celtis est utilisé pour la construction légère, pour divers ustensiles ménagers et comme bois de chauffage. Les racines peuvent fixer l’azote en symbiose avec des bactéries.",use,fre,,,,,ref-Gbn-4000007143,,
wfo-4000008565,"De nombreuses espèces sont appréciées comme plante ornementale. Il existe plusieurs dizaines de cultivars, souvent à grandes fleurs voyantes.",use,fre,,,,,ref-Gbn-4000008565,,
wfo-4000011577,La pulpe du fruit est comestible.,use,fre,,,,,ref-Gbn-4000011577,,
wfo-4000011843,"Plusieurs espèces de Dioscorea sont d’importantes cultures de base dans de nombreuses régions tropicales et subtropicales, en particulier en Afrique, et sont cultivées pour les tubercules riches en glucides.",use,fre,,,,,ref-Gbn-4000011843,,
wfo-4000012499,"Diverses espèces de Dracaena sont cultivées dans le monde entier comme plantes ornementales, tandis que d’autres ont des fonctions médicinales ou sociales, comme pour le marquage des tombes, des sites sacrés et des parcelles agricoles.",use,fre,,,,,ref-Gbn-4000012499,,
wfo-4000015130,F. elastica est considéré comme un arbre à caoutchouc de grande valeur.,use,fre,,,,,ref-Gbn-4000015130,,
wfo-4000019058,"Plusieurs espèces produisent le colorant indigo, du fourrage, de l’engrais vert et des plantes de couverture, médicinales et ornementales. Quelques espèces sont toxiques pour le bétail ou ont des qualités d’insecticide.",use,fre,,,,,ref-Gbn-4000019058,,
wfo-4000022803,"Des plantes fourragères et engrais vert. Le M. uniflorum (Lam.) Verdc. étant une légume à graine d’origine indienne et le M. geocarpum (Harms) Maréchal & Baudet (= Kerstingiella geocarpa Harms) est bien connue comme Kersting’s groundnut en anglais, la lentille de terre de l’Afrique de l’Ouest.",use,fre,,,,,ref-Gbn-4000022803,,
wfo-4000024305,"Plusieurs espèces offrent un bon bois pour la construction et l’ébénisterie, d’autres sont ichtyotoxiques, insecticides, médicinales, ornementales, servent comme bois de feu et dans l’agroforesterie (fixatrices d’azote).",use,fre,,,,,ref-Gbn-4000024305,,
wfo-4000033956,De nombreuses espèces sont cultivées comme plantes ornementales ; plusieurs ont été cultivées sous les tropiques pour la fibre résistante obtenue à partir des feuilles.,use,fre,,,,,ref-Gbn-4000033956,,
wfo-4000037857,"De nombreuses espèces de Tetracera contiennent des flavonoïdes qui ont des propriétés médicinales, notamment anticancéreuses, antioxydantes, anti-inflammatoires et antivirales, et peuvent également avoir des effets neuroprotecteurs et cardio-protecteurs (Kubitzki 1968, 1970). En Afrique, les espèces de Tetracera sont surtout connues pour leur sève abondante et potable, d’où leur nom de «lianes à eau» ; elles ont également des usages médicinaux (Bouquet 1969).",use,fre,,,,,ref-Gbn-4000037857,,
wfo-7000000127,Les Ceratophyllum sont couramment utilisés en aquariophilie.,use,fre,,,,,ref-Gbn-7000000127,,
wfo-7000000160,"Les Cucurbitacées comprennent plusieurs plantes alimentaires. Les fruits de Citrullus lanatus, Cucumis melo, Trichosanthes cucumerina et des espèces de Cucurbita sont consommés comme fruit et légume. En Afrique tropicale, les graines de Melothria sphaerocarpa et de Citrullus lanatus subsp. mucosospermus sont utilisées pour la soupe d’égousi.",use,fre,,,,,ref-Gbn-7000000160,,
wfo-7000000631,"Les espèces des Urticaceae ont été souvent utilisées dans la production de fibres textiles, en vannerie, de ficelle et de corde, mais hormis l’introduction de Boehmeria nivea pour la production de fibres, des usages cités du Gabon sont vraiment limités. Ailleurs, des fibres sont aussi extraites d’espèces de Laportea et d’Urera. Des jeunes feuilles de nombreuses espèces peuvent être utilisées comme plantes potagères ou dans des soupes.",use,fre,,,,,ref-Gbn-7000000631,,