taxonID,description,type,source,language,created,contributor,audience,license,rightsHolder,rights,
wfo-0000555197,Herbs,habit,98F0DC8A-0930-4F0B-8150-79A96DC83848,English,2013-07-25,,,,http://creativecommons.org/licenses/by/4.0,Missouri Botanical Garden,Missouri Botanical Garden
wfo-0000708612,Shrubs,habit,D7EB7EA7-9E8C-42EF-94BA-4DF894086E8B,English,2013-07-25,,,,http://creativecommons.org/licenses/by/4.0,Missouri Botanical Garden,Missouri Botanical Garden
wfo-0000410251,Herb,habit,2EF0F285-7BC7-4B86-AE05-22CE8C83A2F4,English,2013-07-30,,,,http://creativecommons.org/licenses/by/4.0,Missouri Botanical Garden,Missouri Botanical Garden
wfo-0000410130,shrub,habit,57E6DC16-4ECF-4572-8E55-9495B9DD772D,English,2013-07-30,,,,http://creativecommons.org/licenses/by/4.0,Missouri Botanical Garden,Missouri Botanical Garden
wfo-0000410024,vine,habit,A5555C40-B492-4F8E-B723-B0D4D55640B5,English,2013-07-30,,,,http://creativecommons.org/licenses/by/4.0,Missouri Botanical Garden,Missouri Botanical Garden
wfo-0000540014,Suffrutescent herb to shrub,habit,DCCF3823-251F-42FC-B0CB-034005038029,English,2013-07-25,,,,http://creativecommons.org/licenses/by/4.0,Missouri Botanical Garden,Missouri Botanical Garden
wfo-0000540071,Shrubs,habit,2A75B5CF-DED6-4060-9341-035EC591A378,English,2013-07-25,,,,http://creativecommons.org/licenses/by/4.0,Missouri Botanical Garden,Missouri Botanical Garden
wfo-0000540263,Shrubs or suffrutescent herbs,habit,5CCC8A53-93DA-4E80-A444-DB918331CFE3,English,2013-07-25,,,,http://creativecommons.org/licenses/by/4.0,Missouri Botanical Garden,Missouri Botanical Garden
wfo-0000540317,Shrubs,habit,CABE3D2F-72EC-447F-B117-C2F630ED3D21,English,2013-07-25,,,,http://creativecommons.org/licenses/by/4.0,Missouri Botanical Garden,Missouri Botanical Garden
wfo-0000566493,Herbs to subshrubs,habit,F6FA24BB-C7DA-4030-A623-AEB092786AD6,English,2013-07-25,,,,http://creativecommons.org/licenses/by/4.0,Missouri Botanical Garden,Missouri Botanical Garden
wfo-0000645881,Herb,habit,581916CD-AFA6-427C-9083-4A59C3A45933,English,2013-07-25,,,,http://creativecommons.org/licenses/by/4.0,Missouri Botanical Garden,Missouri Botanical Garden
wfo-0000645891,Shrub,habit,0656A723-BB56-436A-86C4-43AEE149DEB2,English,2013-07-25,,,,http://creativecommons.org/licenses/by/4.0,Missouri Botanical Garden,Missouri Botanical Garden
wfo-0000646068,Herbs,habit,3B6271F6-1182-4243-9F05-9E3B816FACF2,English,2013-07-25,,,,http://creativecommons.org/licenses/by/4.0,Missouri Botanical Garden,Missouri Botanical Garden
wfo-0000646080,Herbs,habit,E488F9D5-FA3C-425A-83AD-D4DA3D36CCA9,English,2013-07-25,,,,http://creativecommons.org/licenses/by/4.0,Missouri Botanical Garden,Missouri Botanical Garden
wfo-0000720846,Herbs,habit,97F5DCF9-A77D-49FA-90E1-5605863A9C0A,English,2013-07-29,,,,http://creativecommons.org/licenses/by/4.0,Missouri Botanical Garden,Missouri Botanical Garden
wfo-0000726797,Herbs,habit,47239B33-9736-405D-802F-D7181408F0ED,English,2013-07-29,,,,http://creativecommons.org/licenses/by/4.0,Missouri Botanical Garden,Missouri Botanical Garden
wfo-0000354147,Shrub,habit,2CCFDE2A-61F0-456D-9CBE-7B404E2A84A9,English,2013-07-29,,,,http://creativecommons.org/licenses/by/4.0,Missouri Botanical Garden,Missouri Botanical Garden
wfo-0001044015,Herb,habit,83EB07B4-BEFD-4693-9F97-35B36668E595,English,2013-07-29,,,,http://creativecommons.org/licenses/by/4.0,Missouri Botanical Garden,Missouri Botanical Garden
wfo-0000353430,Herbs,habit,1329AE8A-DF70-42EE-9F23-BAC6958C1050,English,2013-07-29,,,,http://creativecommons.org/licenses/by/4.0,Missouri Botanical Garden,Missouri Botanical Garden
wfo-0001044067,Herbs to subshrubs,habit,01450307-C6BD-461D-88F7-2D9FCA33846B,English,2013-07-30,,,,http://creativecommons.org/licenses/by/4.0,Missouri Botanical Garden,Missouri Botanical Garden
wfo-0000371159,Shrub,habit,46FBD11D-ED04-4624-8CB3-3F067F3E70ED,English,2013-07-30,,,,http://creativecommons.org/licenses/by/4.0,Missouri Botanical Garden,Missouri Botanical Garden
wfo-0000371144,vine,habit,BA322336-85C8-4439-B3A0-0519D4D2901C,English,2013-07-30,,,,http://creativecommons.org/licenses/by/4.0,Missouri Botanical Garden,Missouri Botanical Garden
wfo-0000666727,herb,habit,7D95786D-9FF1-45A6-B536-65C5F47DC8E9,English,2013-07-25,,,,http://creativecommons.org/licenses/by/4.0,Missouri Botanical Garden,Missouri Botanical Garden
wfo-0001044080,vines,habit,346C9910-E028-497A-9C79-C321DC0C7BAC,English,2013-07-30,,,,http://creativecommons.org/licenses/by/4.0,Missouri Botanical Garden,Missouri Botanical Garden
wfo-0001044087,vine,habit,1FA07A05-229A-4CB4-8263-63F8B65F5683,English,2013-07-30,,,,http://creativecommons.org/licenses/by/4.0,Missouri Botanical Garden,Missouri Botanical Garden
wfo-0000410164,Herbs,habit,3EC61508-6CE0-46DC-9FE5-289F9EC1849E,English,2013-07-30,,,,http://creativecommons.org/licenses/by/4.0,Missouri Botanical Garden,Missouri Botanical Garden
wfo-0000385237,Shrub,habit,4FAD93B0-91C4-47AA-8988-18CA498DA3D8,English,2013-07-30,,,,http://creativecommons.org/licenses/by/4.0,Missouri Botanical Garden,Missouri Botanical Garden
wfo-0000385267,Herb,habit,3AD834C6-41CD-426D-A177-BA16BC325DEF,English,2013-07-30,,,,http://creativecommons.org/licenses/by/4.0,Missouri Botanical Garden,Missouri Botanical Garden
wfo-0000410133,herbs,habit,0962E212-5C10-4831-B1DD-125D1368B8F3,English,2013-07-30,,,,http://creativecommons.org/licenses/by/4.0,Missouri Botanical Garden,Missouri Botanical Garden
wfo-0000409985,vine,habit,20A0F248-2F80-4861-A31D-6F5AED42E666,English,2013-07-30,,,,http://creativecommons.org/licenses/by/4.0,Missouri Botanical Garden,Missouri Botanical Garden
wfo-0000393082,Herbs,habit,E1237ACD-5971-486D-BF2C-EA3DCB809876,English,2013-07-30,,,,http://creativecommons.org/licenses/by/4.0,Missouri Botanical Garden,Missouri Botanical Garden
wfo-0000400226,shrub,habit,94043A64-FCDA-4C8B-9723-56CE3A84A08D,English,2013-07-30,,,,http://creativecommons.org/licenses/by/4.0,Missouri Botanical Garden,Missouri Botanical Garden
wfo-0001044166,Herb,habit,FE3D2931-CC2B-4A0C-94C0-0AEA77F88C8C,English,2013-07-30,,,,http://creativecommons.org/licenses/by/4.0,Missouri Botanical Garden,Missouri Botanical Garden
wfo-0000401035,Herbs to small shrubs,habit,345C830C-FB15-4A90-8268-9BDFA3306107,English,2013-07-30,,,,http://creativecommons.org/licenses/by/4.0,Missouri Botanical Garden,Missouri Botanical Garden
wfo-0000401018,Herbs,habit,9CB5A131-E172-4118-A8BD-087A0984B515,English,2013-07-30,,,,http://creativecommons.org/licenses/by/4.0,Missouri Botanical Garden,Missouri Botanical Garden
wfo-0000406409,Herbs,habit,A8B9AEBB-A24D-4672-91D8-4EC6FC523758,English,2013-07-30,,,,http://creativecommons.org/licenses/by/4.0,Missouri Botanical Garden,Missouri Botanical Garden
wfo-0000732147,shrubs,habit,7F10F74A-2F92-425C-A9D9-5E31158078FE,English,2013-01-28,,,,http://creativecommons.org/licenses/by/4.0,Missouri Botanical Garden,Missouri Botanical Garden
wfo-0000401330,herbs,habit,6B3C154F-FE5F-4104-9644-1227AD252434,English,2013-07-30,,,,http://creativecommons.org/licenses/by/4.0,Missouri Botanical Garden,Missouri Botanical Garden
wfo-0000410436,Shrubs or small trees,habit,D7876CD3-45C5-4863-AF72-06385ABF3E84,English,2013-07-30,,,,http://creativecommons.org/licenses/by/4.0,Missouri Botanical Garden,Missouri Botanical Garden
wfo-0000354453,herbs,habit,9A73B082-FE9F-43CE-AC01-C8F9B05F6A3B,English,2013-07-29,,,,http://creativecommons.org/licenses/by/4.0,Missouri Botanical Garden,Missouri Botanical Garden
wfo-0000409985,Herb or,habit,11723A2A-0109-4DB4-A8BB-A991496FBC33,English,2013-07-30,,,,http://creativecommons.org/licenses/by/4.0,Missouri Botanical Garden,Missouri Botanical Garden
wfo-0000540010,Herbs,habit,2C9F19A2-485A-4130-9A51-FC84808F54E7,English,2013-07-25,,,,http://creativecommons.org/licenses/by/4.0,Missouri Botanical Garden,Missouri Botanical Garden
wfo-0000540030,Shrub,habit,E918EA62-E9D6-4CFD-9FCB-AE8ABD31796E,English,2013-07-25,,,,http://creativecommons.org/licenses/by/4.0,Missouri Botanical Garden,Missouri Botanical Garden
wfo-0000540055,Shrubs,habit,6B96DB42-0AB5-4E38-8C82-760D4A9554C9,English,2013-07-25,,,,http://creativecommons.org/licenses/by/4.0,Missouri Botanical Garden,Missouri Botanical Garden
wfo-0000540067,shrub,habit,9A1A8F44-1DEA-49E2-B284-15C60A06EB48,English,2013-07-25,,,,http://creativecommons.org/licenses/by/4.0,Missouri Botanical Garden,Missouri Botanical Garden
wfo-0000540078,Shrubs,habit,7E4F2D6E-5B25-4976-9821-99565F3BEA30,English,2013-07-25,,,,http://creativecommons.org/licenses/by/4.0,Missouri Botanical Garden,Missouri Botanical Garden
wfo-0000540113,Shrub,habit,DA4FEBFC-F120-42AD-A9BE-993A4AA054C4,English,2013-07-25,,,,http://creativecommons.org/licenses/by/4.0,Missouri Botanical Garden,Missouri Botanical Garden
wfo-0000540126,Shrubs,habit,D0616FEC-3F9E-4241-AD87-CDC9E54F5151,English,2013-07-25,,,,http://creativecommons.org/licenses/by/4.0,Missouri Botanical Garden,Missouri Botanical Garden
wfo-0000540161,Shrub,habit,9386308A-5683-4202-89A0-BB5A2F5E742C,English,2013-07-25,,,,http://creativecommons.org/licenses/by/4.0,Missouri Botanical Garden,Missouri Botanical Garden
wfo-0000540170,Shrubs,habit,0231DE1F-E638-42B4-83DA-038347BDB9AD,English,2013-07-25,,,,http://creativecommons.org/licenses/by/4.0,Missouri Botanical Garden,Missouri Botanical Garden
wfo-0000540254,Shrubs,habit,11E44D04-05F2-4497-915D-97637DBBFD7A,English,2013-07-25,,,,http://creativecommons.org/licenses/by/4.0,Missouri Botanical Garden,Missouri Botanical Garden
wfo-0000540292,Herbs,habit,9794E780-7B57-470F-8424-881381C16746,English,2013-07-25,,,,http://creativecommons.org/licenses/by/4.0,Missouri Botanical Garden,Missouri Botanical Garden
wfo-0000540298,Shrubs or small trees,habit,B1DB8FF7-E6A9-43F3-9E4D-4A0E759667AE,English,2013-07-25,,,,http://creativecommons.org/licenses/by/4.0,Missouri Botanical Garden,Missouri Botanical Garden
wfo-0000540326,Herbs,habit,D365BA1C-93E3-4859-962F-BD6496978BCC,English,2013-07-25,,,,http://creativecommons.org/licenses/by/4.0,Missouri Botanical Garden,Missouri Botanical Garden
wfo-0000560410,Herbs,habit,142BA5A7-A234-4169-86CB-7F8366278879,English,2013-07-25,,,,http://creativecommons.org/licenses/by/4.0,Missouri Botanical Garden,Missouri Botanical Garden
wfo-0000566475,Herbs,habit,AAD96E01-0CD2-4E52-A5B3-29987CA590AF,English,2013-07-25,,,,http://creativecommons.org/licenses/by/4.0,Missouri Botanical Garden,Missouri Botanical Garden
wfo-0000571881,Tree,habit,BA185304-34C5-44C6-9CF7-9028C0D67AB7,English,2013-07-25,,,,http://creativecommons.org/licenses/by/4.0,Missouri Botanical Garden,Missouri Botanical Garden
wfo-0000599165,Herbs,habit,69BF45AC-880B-4909-B5BA-FBBED1B14F37,English,2013-07-25,,,,http://creativecommons.org/licenses/by/4.0,Missouri Botanical Garden,Missouri Botanical Garden
wfo-0000599189,Herbs,habit,7D773F1C-8D63-4801-A4FA-92643BAC1D2C,English,2013-07-25,,,,http://creativecommons.org/licenses/by/4.0,Missouri Botanical Garden,Missouri Botanical Garden
wfo-0000645861,Herb,habit,3FE2FBFF-AADD-478A-9312-C25A9B4B022B,English,2013-07-25,,,,http://creativecommons.org/licenses/by/4.0,Missouri Botanical Garden,Missouri Botanical Garden
wfo-0000658421,Herbs or suffrutescent shrubs,habit,FA035336-C7BC-4F91-99DD-AC86BD089D54,English,2013-07-25,,,,http://creativecommons.org/licenses/by/4.0,Missouri Botanical Garden,Missouri Botanical Garden
wfo-0000714050,Shrub,habit,C3ABDC43-4657-4D8D-A9F9-C54B11EB45F1,English,2013-07-25,,,,http://creativecommons.org/licenses/by/4.0,Missouri Botanical Garden,Missouri Botanical Garden
wfo-0000715395,Herb,habit,E1047598-5373-428D-A6A0-AE1034E30B05,English,2013-07-29,,,,http://creativecommons.org/licenses/by/4.0,Missouri Botanical Garden,Missouri Botanical Garden
wfo-0000719381,Herbs,habit,EF21B5F4-7394-4320-AC8E-095202B264AC,English,2013-07-29,,,,http://creativecommons.org/licenses/by/4.0,Missouri Botanical Garden,Missouri Botanical Garden
wfo-0000354128,Shrub,habit,7149DE52-1C42-4840-9E33-78A42156F5BA,English,2013-07-29,,,,http://creativecommons.org/licenses/by/4.0,Missouri Botanical Garden,Missouri Botanical Garden
wfo-0001044495,Shrub or suffrutescent herb,habit,31AD9018-697A-462F-8CA6-03527F685DE5,English,2013-07-29,,,,http://creativecommons.org/licenses/by/4.0,Missouri Botanical Garden,Missouri Botanical Garden
wfo-0000354241,Shrub,habit,722EBF8A-5AE8-4CF9-9077-8DC97118C7A4,English,2013-07-29,,,,http://creativecommons.org/licenses/by/4.0,Missouri Botanical Garden,Missouri Botanical Garden
wfo-0000354748,Herbs,habit,E6CB710B-9EA8-42E5-B628-A539ED011C61,English,2013-07-29,,,,http://creativecommons.org/licenses/by/4.0,Missouri Botanical Garden,Missouri Botanical Garden
wfo-0001044496,herb,habit,5F9F897D-EF6E-497C-B43B-A0003153A47A,English,2013-07-29,,,,http://creativecommons.org/licenses/by/4.0,Missouri Botanical Garden,Missouri Botanical Garden
wfo-0001044497,Shrub,habit,2ED8F40F-324A-4028-A5DA-FFCBDA3858A9,English,2013-07-29,,,,http://creativecommons.org/licenses/by/4.0,Missouri Botanical Garden,Missouri Botanical Garden
wfo-0001044498,vine,habit,738C2D43-AC36-4B48-A564-8D577DFC410B,English,2013-07-29,,,,http://creativecommons.org/licenses/by/4.0,Missouri Botanical Garden,Missouri Botanical Garden
wfo-0000353497,Herb,habit,7FF6F029-90BD-498F-A355-7C90BFF9AAD6,English,2013-07-29,,,,http://creativecommons.org/licenses/by/4.0,Missouri Botanical Garden,Missouri Botanical Garden
wfo-0001044499,Herb,habit,1209BBD4-6FB3-4A33-9230-B1E3C8D10C68,English,2013-07-29,,,,http://creativecommons.org/licenses/by/4.0,Missouri Botanical Garden,Missouri Botanical Garden
wfo-0001044501,Herb,habit,7E656F91-69E9-4A10-B4D1-5A7C12C1EF7C,English,2013-07-29,,,,http://creativecommons.org/licenses/by/4.0,Missouri Botanical Garden,Missouri Botanical Garden
wfo-0001044505,vine,habit,62351AE1-5E21-42F9-9490-241B1AF16F90,English,2013-07-30,,,,http://creativecommons.org/licenses/by/4.0,Missouri Botanical Garden,Missouri Botanical Garden
wfo-0000354058,Herb,habit,4841AAE8-FD83-4C94-BC3C-6639814999E1,English,2013-07-29,,,,http://creativecommons.org/licenses/by/4.0,Missouri Botanical Garden,Missouri Botanical Garden
wfo-0000353782,Shrubs,habit,7D6E3F7D-A2F5-48B5-8130-0FD5157968C9,English,2013-07-29,,,,http://creativecommons.org/licenses/by/4.0,Missouri Botanical Garden,Missouri Botanical Garden
wfo-0000353809,Shrubs,habit,AFAC7ACA-B30A-4F73-90CD-C626C9C787C6,English,2013-07-29,,,,http://creativecommons.org/licenses/by/4.0,Missouri Botanical Garden,Missouri Botanical Garden
wfo-0001044503,Shrub,habit,A454D303-39B9-4494-A5D2-B02E56E5603D,English,2013-07-29,,,,http://creativecommons.org/licenses/by/4.0,Missouri Botanical Garden,Missouri Botanical Garden
wfo-0000409375,Tree or large shrub,habit,3EA13B1F-17CD-4E3A-983E-687205F04AA1,English,2013-03-22,,,,http://creativecommons.org/licenses/by/4.0,Missouri Botanical Garden,Missouri Botanical Garden
wfo-0001044504,Shrub,habit,98DFBB01-08A5-48A2-ACD6-7AE27633F047,English,2013-07-30,,,,http://creativecommons.org/licenses/by/4.0,Missouri Botanical Garden,Missouri Botanical Garden
wfo-0001044506,vine,habit,51B84148-DF0C-4F23-987E-BCF2355AB6EC,English,2013-07-30,,,,http://creativecommons.org/licenses/by/4.0,Missouri Botanical Garden,Missouri Botanical Garden
wfo-0000379845,Herbs,habit,E2948B61-FA9E-4ABC-B4ED-ADA07318C91F,English,2013-07-30,,,,http://creativecommons.org/licenses/by/4.0,Missouri Botanical Garden,Missouri Botanical Garden
wfo-0000371210,vines,habit,19F4A3B5-8F35-45D6-9132-58EB7E7C6963,English,2013-07-30,,,,http://creativecommons.org/licenses/by/4.0,Missouri Botanical Garden,Missouri Botanical Garden
wfo-0000435226,Tree,habit,398269EF-132A-43D9-BAAA-4240E6F2A656,English,2013-02-07,,,,http://creativecommons.org/licenses/by/4.0,Missouri Botanical Garden,Missouri Botanical Garden
wfo-0000371307,vines,habit,3EA99943-7998-44A5-B6DA-80A0009E9B5D,English,2013-07-30,,,,http://creativecommons.org/licenses/by/4.0,Missouri Botanical Garden,Missouri Botanical Garden
wfo-0001044507,vine,habit,D829EE11-D1D5-4FC5-8EB7-3DDD2BA96C9C,English,2013-07-30,,,,http://creativecommons.org/licenses/by/4.0,Missouri Botanical Garden,Missouri Botanical Garden
wfo-0001044508,Shrubs,habit,88114F21-5E24-4D80-AD4C-CCB9BDD56AC0,English,2013-07-30,,,,http://creativecommons.org/licenses/by/4.0,Missouri Botanical Garden,Missouri Botanical Garden
wfo-0001044510,Herbs to small shrub,habit,9B12F50F-1362-4009-96D1-0C78AA046864,English,2013-07-30,,,,http://creativecommons.org/licenses/by/4.0,Missouri Botanical Garden,Missouri Botanical Garden
wfo-0001044511,Herbs,habit,966FEE31-EB76-4341-8124-22214234318A,English,2013-07-30,,,,http://creativecommons.org/licenses/by/4.0,Missouri Botanical Garden,Missouri Botanical Garden
wfo-0001044512,Herbs,habit,DD27B9A5-C4CC-4125-B666-C3A0F9299DC3,English,2013-07-30,,,,http://creativecommons.org/licenses/by/4.0,Missouri Botanical Garden,Missouri Botanical Garden
wfo-0001044513,Herbs,habit,63C8988E-AC91-4370-B8CC-67569EF0EF74,English,2013-07-30,,,,http://creativecommons.org/licenses/by/4.0,Missouri Botanical Garden,Missouri Botanical Garden
wfo-0000537946,tree,habit,6E364B36-E707-4A17-80E9-298D39B6EF03,English,2013-02-07,,,,http://creativecommons.org/licenses/by/4.0,Missouri Botanical Garden,Missouri Botanical Garden
wfo-0001044514,Herb,habit,16B01624-8195-461D-8B00-7E3DA534DFF1,English,2013-07-30,,,,http://creativecommons.org/licenses/by/4.0,Missouri Botanical Garden,Missouri Botanical Garden
wfo-0000401923,Herbs,habit,C9F30956-D33F-4FAD-97D1-E5EE28278F4B,English,2013-07-30,,,,http://creativecommons.org/licenses/by/4.0,Missouri Botanical Garden,Missouri Botanical Garden
wfo-0000401059,Herbs,habit,107C25A8-78A3-42DE-8D9A-6B673D342C84,English,2013-07-30,,,,http://creativecommons.org/licenses/by/4.0,Missouri Botanical Garden,Missouri Botanical Garden
wfo-0000401135,herb,habit,A05D690B-1081-4A18-9381-C2994C354472,English,2013-07-30,,,,http://creativecommons.org/licenses/by/4.0,Missouri Botanical Garden,Missouri Botanical Garden
wfo-0001044517,Herbs,habit,03471EA6-540A-4B4C-9532-657F7CADD81D,English,2013-07-30,,,,http://creativecommons.org/licenses/by/4.0,Missouri Botanical Garden,Missouri Botanical Garden
wfo-0001044518,Shrub,habit,021FC3E4-45E8-4612-A369-AB9FF1504077,English,2013-07-30,,,,http://creativecommons.org/licenses/by/4.0,Missouri Botanical Garden,Missouri Botanical Garden
wfo-0000711139,Tree,habit,04CF76AE-01CA-4B59-8201-55B05B0EE63B,English,2013-02-07,,,,http://creativecommons.org/licenses/by/4.0,Missouri Botanical Garden,Missouri Botanical Garden
wfo-0001044519,herbs,habit,6B72C617-4A0C-427E-B21D-08EC3D8EA79D,English,2013-07-30,,,,http://creativecommons.org/licenses/by/4.0,Missouri Botanical Garden,Missouri Botanical Garden
wfo-0000433635,Herbs,habit,8BBBA5AC-5FF7-4350-AF7F-ADD05EEDD11A,English,2013-07-30,,,,http://creativecommons.org/licenses/by/4.0,Missouri Botanical Garden,Missouri Botanical Garden
wfo-0000433554,Herbs,habit,4F5A6464-85D0-4FCF-B2EF-63FA5C8E9DE6,English,2013-07-30,,,,http://creativecommons.org/licenses/by/4.0,Missouri Botanical Garden,Missouri Botanical Garden
wfo-0000566495,Herbs,habit,A37DD045-C9B0-4280-9532-0FFC3F8C91A5,English,2013-07-25,,,,http://creativecommons.org/licenses/by/4.0,Missouri Botanical Garden,Missouri Botanical Garden
wfo-0000385243,herb,habit,64DD087A-A062-40B7-9648-041730EAFA8A,English,2013-07-30,,,,http://creativecommons.org/licenses/by/4.0,Missouri Botanical Garden,Missouri Botanical Garden
wfo-0000371024,vine,habit,53226151-36D5-4424-8989-6BC81F0B188F,English,2013-07-30,,,,http://creativecommons.org/licenses/by/4.0,Missouri Botanical Garden,Missouri Botanical Garden
wfo-0000530192,herbs,habit,2A1D5EBF-B662-4B13-8F18-95062CE9C375,English,2013-01-25,,,,http://creativecommons.org/licenses/by/4.0,Missouri Botanical Garden,Missouri Botanical Garden
wfo-0000540080,shrub,habit,5987BDD7-4195-470A-897E-5140F5A89AF4,English,2013-07-25,,,,http://creativecommons.org/licenses/by/4.0,Missouri Botanical Garden,Missouri Botanical Garden
wfo-0000401099,Herbs,habit,CC6537D7-9937-4B8C-8AD1-A44FD1A361D0,English,2013-07-30,,,,http://creativecommons.org/licenses/by/4.0,Missouri Botanical Garden,Missouri Botanical Garden
wfo-0000393518,Shrubs or small trees,habit,A6410CD8-ED76-4AE2-A345-6680B8FAF091,English,2013-07-30,,,,http://creativecommons.org/licenses/by/4.0,Missouri Botanical Garden,Missouri Botanical Garden
wfo-0000401934,herbs,habit,25E72925-D131-49AC-A145-B3D64ED06081,English,2013-07-30,,,,http://creativecommons.org/licenses/by/4.0,Missouri Botanical Garden,Missouri Botanical Garden
wfo-0000501379,Tree,habit,9071ABF1-5B9D-416B-AF5C-BF639745BBD2,English,2013-03-13,,,,http://creativecommons.org/licenses/by/4.0,Missouri Botanical Garden,Missouri Botanical Garden
wfo-0000433198,Tree,habit,93269C60-3732-48A4-8977-0A5A749AB1B2,English,2013-03-13,,,,http://creativecommons.org/licenses/by/4.0,Missouri Botanical Garden,Missouri Botanical Garden
wfo-0000500953,Shrub tree,habit,839420C9-0752-4B0D-B6A3-FE7579DC6575,English,2013-03-13,,,,http://creativecommons.org/licenses/by/4.0,Missouri Botanical Garden,Missouri Botanical Garden
wfo-0000500907,Shrub tree,habit,A4570E0B-DC85-45C8-B1EE-82B020C6B0FD,English,2013-03-13,,,,http://creativecommons.org/licenses/by/4.0,Missouri Botanical Garden,Missouri Botanical Garden
wfo-0000020781,Herb,habit,51DE2E5F-1D2F-4E79-8555-2DE49A9FFAD8,English,2013-01-28,,,,http://creativecommons.org/licenses/by/4.0,Missouri Botanical Garden,Missouri Botanical Garden
wfo-0000432992,Herb,habit,ABC16E12-220E-44EA-A4AA-A89568550760,English,2013-01-28,,,,http://creativecommons.org/licenses/by/4.0,Missouri Botanical Garden,Missouri Botanical Garden
wfo-0000530251,herbs,habit,112119EE-C5DD-43B6-9455-3F6B1374EDFF,English,2013-01-25,,,,http://creativecommons.org/licenses/by/4.0,Missouri Botanical Garden,Missouri Botanical Garden
wfo-0000530495,herb,habit,7B722B99-4AD2-4409-AAF0-F8F4C514BCFA,English,2013-01-25,,,,http://creativecommons.org/licenses/by/4.0,Missouri Botanical Garden,Missouri Botanical Garden
wfo-0000530552,herbs,habit,4941126B-41EC-4CAC-BD36-A4D9FC6E06FC,English,2013-01-25,,,,http://creativecommons.org/licenses/by/4.0,Missouri Botanical Garden,Missouri Botanical Garden
wfo-0000394661,herbs or shrubs,habit,085DA633-DF57-48EC-88F4-701228E6D5AA,English,2013-01-25,,,,http://creativecommons.org/licenses/by/4.0,Missouri Botanical Garden,Missouri Botanical Garden
wfo-0000599765,shrubs or vines,habit,"EF1440E5-B837-4454-9C34-C9242D5F069C,85F8D379-AED7-4DE2-8C73-0F88356F94C3",English,2013-01-25,,,,http://creativecommons.org/licenses/by/4.0,Missouri Botanical Garden,Missouri Botanical Garden
wfo-0001045980,shrubs,habit,0B7AA1B2-04DE-45A5-BA97-03457C09907D,English,2013-01-28,,,,http://creativecommons.org/licenses/by/4.0,Missouri Botanical Garden,Missouri Botanical Garden
wfo-0000706024,herbs,habit,E3E7BF3B-8B7E-4520-9656-1A67190FF000,English,2013-01-28,,,,http://creativecommons.org/licenses/by/4.0,Missouri Botanical Garden,Missouri Botanical Garden
wfo-0000705933,herbs,habit,E69C8F05-BAD2-4E28-84C3-9E540B832907,English,2013-01-28,,,,http://creativecommons.org/licenses/by/4.0,Missouri Botanical Garden,Missouri Botanical Garden
wfo-0000732138,herb,habit,3250590D-3DA7-4739-9456-34716825D16E,English,2013-01-28,,,,http://creativecommons.org/licenses/by/4.0,Missouri Botanical Garden,Missouri Botanical Garden
wfo-0000394662,herbs or shrubs,habit,20027E35-CA46-403F-9BBB-93ACE9EF7EA2,English,2013-01-25,,,,http://creativecommons.org/licenses/by/4.0,Missouri Botanical Garden,Missouri Botanical Garden
wfo-0000599796,"herbs, shrubs or vines",habit,BC6FC766-269C-4CD5-A210-1B14B491E854,English,2013-01-25,,,,http://creativecommons.org/licenses/by/4.0,Missouri Botanical Garden,Missouri Botanical Garden
wfo-0000533072,Tree,habit,DB6645CE-BE76-4EC7-8453-B47697D35BEB,English,2013-03-22,,,,http://creativecommons.org/licenses/by/4.0,Missouri Botanical Garden,Missouri Botanical Garden
wfo-0000371248,Tree,habit,2ECFDD9B-C296-44FB-98F9-B11C6C5002BF,English,2013-03-22,,,,http://creativecommons.org/licenses/by/4.0,Missouri Botanical Garden,Missouri Botanical Garden
wfo-0000554996,Tree,habit,8C88B3E8-06CA-4EA4-B3B0-84D42F9FCFCF,English,2013-03-22,,,,http://creativecommons.org/licenses/by/4.0,Missouri Botanical Garden,Missouri Botanical Garden
wfo-0000372643,Shrub or tree,habit,C614D294-ABD2-45C0-BFEA-9BCC539888EF,English,2013-03-22,,,,http://creativecommons.org/licenses/by/4.0,Missouri Botanical Garden,Missouri Botanical Garden
wfo-0000435152,Shrub or tree,habit,B8AA6C12-5EAD-46C0-8D5F-A80506D2B9AE,English,2013-03-22,,,,http://creativecommons.org/licenses/by/4.0,Missouri Botanical Garden,Missouri Botanical Garden
wfo-0000410073,Tree,habit,1112D428-CB3B-4AA3-8607-0988A8AD98C1,English,2013-03-22,,,,http://creativecommons.org/licenses/by/4.0,Missouri Botanical Garden,Missouri Botanical Garden
wfo-0000435470,Tree,habit,4332F7F6-5326-4B70-8471-76BF7359D8C1,English,2013-03-22,,,,http://creativecommons.org/licenses/by/4.0,Missouri Botanical Garden,Missouri Botanical Garden
wfo-0000435489,Shrub or small tree,habit,D0A3BB21-4C6B-4B70-9D18-21DFC7A66995,English,2013-03-22,,,,http://creativecommons.org/licenses/by/4.0,Missouri Botanical Garden,Missouri Botanical Garden
wfo-0000410062,Tree,habit,518F4A23-7F3E-49B6-97A5-07F4F598EFF9,English,2013-03-22,,,,http://creativecommons.org/licenses/by/4.0,Missouri Botanical Garden,Missouri Botanical Garden
wfo-0000533054,Tree,habit,5C19DD45-7D32-4A67-9D9A-29FC1A503160,English,2013-03-22,,,,http://creativecommons.org/licenses/by/4.0,Missouri Botanical Garden,Missouri Botanical Garden
wfo-0000583068,Tree,habit,B687B7A7-BE04-435D-A866-2FB7BFB781FE,English,2013-03-22,,,,http://creativecommons.org/licenses/by/4.0,Missouri Botanical Garden,Missouri Botanical Garden
wfo-0000547700,lianas,habit,5804B547-2357-4028-982B-97208DD19370,English,2013-01-14,,,,http://creativecommons.org/licenses/by/4.0,Missouri Botanical Garden,Missouri Botanical Garden
wfo-0000372346,Tree,habit,148B6042-7A3C-48EC-9BF2-F03B32BEA759,English,2013-03-22,,,,http://creativecommons.org/licenses/by/4.0,Missouri Botanical Garden,Missouri Botanical Garden
wfo-0000547851,lianas,habit,FD04D235-F003-49E3-B94A-F18F283E2C4E,English,2013-01-14,,,,http://creativecommons.org/licenses/by/4.0,Missouri Botanical Garden,Missouri Botanical Garden
wfo-0000533443,Tree,habit,09AEBFE8-2DBE-4F2B-8F61-04625327C949,English,2013-02-07,,,,http://creativecommons.org/licenses/by/4.0,Missouri Botanical Garden,Missouri Botanical Garden
wfo-0000657884,tree,habit,"A3BE9408-4313-43E6-9BD0-D7FCE7CAA77D,252AA3A3-AE91-46C3-B740-EF5161965A53",English,2013-02-07,,,,http://creativecommons.org/licenses/by/4.0,Missouri Botanical Garden,Missouri Botanical Garden
wfo-0000711141,tree,habit,C99FE897-D4C3-4ABC-AB5C-9E575016CE33,English,2013-02-07,,,,http://creativecommons.org/licenses/by/4.0,Missouri Botanical Garden,Missouri Botanical Garden
wfo-0000711324,shrub or tree,habit,7D949F77-7100-416E-B2C0-307C3D4E2F0E,English,2013-02-07,,,,http://creativecommons.org/licenses/by/4.0,Missouri Botanical Garden,Missouri Botanical Garden
wfo-0000711453,tree,habit,361FA0D1-3CF9-49D9-AE6D-1DE6A9522F86,English,2013-02-07,,,,http://creativecommons.org/licenses/by/4.0,Missouri Botanical Garden,Missouri Botanical Garden
wfo-0000711558,Tree,habit,"832D3C53-3A2A-417D-AE3C-7E25A3D70E37,51FA2FA6-D8B3-44FA-85A2-8EA2D1EF7323",English,2013-02-07,,,,http://creativecommons.org/licenses/by/4.0,Missouri Botanical Garden,Missouri Botanical Garden
wfo-0001065705,tree,habit,48D1B4E5-A384-4E30-9044-AE8930FBF8B4,English,2013-02-07,,,,http://creativecommons.org/licenses/by/4.0,Missouri Botanical Garden,Missouri Botanical Garden
wfo-0000428883,Tree,habit,8E1F4C5A-B60B-4BA3-A266-20CD3BCF5BE5,English,2013-02-07,,,,http://creativecommons.org/licenses/by/4.0,Missouri Botanical Garden,Missouri Botanical Garden
wfo-0000537770,tree,habit,55B7088C-FD57-4018-9F5B-D43678854583,English,2013-02-07,,,,http://creativecommons.org/licenses/by/4.0,Missouri Botanical Garden,Missouri Botanical Garden
wfo-0000428891,tree,habit,"B23A4129-2AF7-4CC6-B611-D2E0167C626F,F9A16A67-C4D4-4DB7-8708-14CF3BAE9C28",English,2013-02-07,,,,http://creativecommons.org/licenses/by/4.0,Missouri Botanical Garden,Missouri Botanical Garden
wfo-0000537785,shrub tree,habit,"06CDBD6E-9EDA-42D2-BC82-2B620470F535,799128F3-2270-4286-9DBE-DE16369B6AE2",English,2013-02-07,,,,http://creativecommons.org/licenses/by/4.0,Missouri Botanical Garden,Missouri Botanical Garden
wfo-0000533475,shrub,habit,"1065A930-5DCB-4D8D-9418-320CFFDAFD1F,B9FDCC40-94F4-4AC6-A5DA-AD7BC5AC03BF",English,2013-02-07,,,,http://creativecommons.org/licenses/by/4.0,Missouri Botanical Garden,Missouri Botanical Garden
wfo-0000537901,Tree,habit,61B745AB-47D3-4487-A1F1-60AC63D3D3DC,English,2013-02-07,,,,http://creativecommons.org/licenses/by/4.0,Missouri Botanical Garden,Missouri Botanical Garden
wfo-0000632556,tree,habit,"181F123E-6D8E-45C5-9F85-F8BD2599CF17,62102E5D-256E-4974-8C3D-A9353EA9364B",English,2013-02-07,,,,http://creativecommons.org/licenses/by/4.0,Missouri Botanical Garden,Missouri Botanical Garden
wfo-0001065886,Tree or shrub,habit,72971F6E-3220-4DCA-911D-DDCF2A0F677D,English,2013-02-07,,,,http://creativecommons.org/licenses/by/4.0,Missouri Botanical Garden,Missouri Botanical Garden
wfo-0000632567,Tree,habit,08F2B593-316F-46D8-836E-1E465E3FA7D4,English,2013-02-07,,,,http://creativecommons.org/licenses/by/4.0,Missouri Botanical Garden,Missouri Botanical Garden
wfo-0000642333,Tree,habit,"00151999-087E-496D-9907-97497C3ED371,C4EF0F10-CAE4-4FCF-A1BF-39FD3EA56FAA",English,2013-02-07,,,,http://creativecommons.org/licenses/by/4.0,Missouri Botanical Garden,Missouri Botanical Garden
wfo-0000642321,Shrub tree,habit,F6ABF44F-6349-4EAF-87BC-C3ABC1480E18,English,2013-02-07,,,,http://creativecommons.org/licenses/by/4.0,Missouri Botanical Garden,Missouri Botanical Garden
wfo-0000642322,shrub or tree,habit,5C533079-BB98-41E2-8EBD-0C57635825F1,English,2013-02-07,,,,http://creativecommons.org/licenses/by/4.0,Missouri Botanical Garden,Missouri Botanical Garden
wfo-0000642337,tree,habit,864FD13B-15A5-434D-A3BD-DA763FBD84D9,English,2013-02-07,,,,http://creativecommons.org/licenses/by/4.0,Missouri Botanical Garden,Missouri Botanical Garden
wfo-0000657930,shrub or tree,habit,"DC0E1915-F210-40C4-BBC6-7B5C35026F76,98326A4E-5EA1-4CC1-B9AE-4BE363C36BC9",English,2013-02-07,,,,http://creativecommons.org/licenses/by/4.0,Missouri Botanical Garden,Missouri Botanical Garden
wfo-0000642340,Tree,habit,"787B2E6F-04BC-406E-9797-12A05A64C77F,61D36EB8-57C0-404C-B4C5-7987E7A97F54",English,2013-02-07,,,,http://creativecommons.org/licenses/by/4.0,Missouri Botanical Garden,Missouri Botanical Garden
wfo-0001065887,tree,habit,05D6D312-DDD3-4864-A4E8-C526A17ECB45,English,2013-02-07,,,,http://creativecommons.org/licenses/by/4.0,Missouri Botanical Garden,Missouri Botanical Garden
wfo-0001065888,tree,habit,F0DDA2F5-844D-42C6-AA54-99AEE001B93D,English,2013-02-07,,,,http://creativecommons.org/licenses/by/4.0,Missouri Botanical Garden,Missouri Botanical Garden
wfo-0001065889,Tree,habit,7852FFE7-B9F7-45F7-BD5C-AA4816C90C81,English,2013-02-07,,,,http://creativecommons.org/licenses/by/4.0,Missouri Botanical Garden,Missouri Botanical Garden
wfo-0001065890,tree,habit,04F01DD7-BC00-40F6-BB31-25EA62ED26F8,English,2013-02-07,,,,http://creativecommons.org/licenses/by/4.0,Missouri Botanical Garden,Missouri Botanical Garden
wfo-0000402413,Tree,habit,DC05015E-EB87-47FA-B4C8-CF325B59C2FE,English,2013-02-07,,,,http://creativecommons.org/licenses/by/4.0,Missouri Botanical Garden,Missouri Botanical Garden
wfo-0000415808,Trees,habit,7B805FDF-4B3B-4296-AC6E-A3CF8955A981,English,2013-02-07,,,,http://creativecommons.org/licenses/by/4.0,Missouri Botanical Garden,Missouri Botanical Garden
wfo-0000428954,tree or shrub,habit,0DC5DB4B-0413-4346-A842-F7672E627B9B,English,2013-02-07,,,,http://creativecommons.org/licenses/by/4.0,Missouri Botanical Garden,Missouri Botanical Garden
wfo-0000677912,herb,habit,958A103B-B20D-40DB-8C8D-F720EFA32B37,English,2013-01-11,,,,http://creativecommons.org/licenses/by/4.0,Missouri Botanical Garden,Missouri Botanical Garden
wfo-0000677794,herb,habit,E6F75708-2C43-44A8-8FF6-626886B692AE,English,2013-01-11,,,,http://creativecommons.org/licenses/by/4.0,Missouri Botanical Garden,Missouri Botanical Garden
wfo-0001068017,tree,habit,575B9A69-0D0F-465C-BD2E-4032B50885D8,English,2013-01-11,,,,http://creativecommons.org/licenses/by/4.0,Missouri Botanical Garden,Missouri Botanical Garden
wfo-0000435171,herb,habit,3F8B2943-4060-4C03-BB0B-DB88B6120A9C,English,2013-01-11,,,,http://creativecommons.org/licenses/by/4.0,Missouri Botanical Garden,Missouri Botanical Garden
wfo-0000431286,herb,habit,47CC1AF1-AB04-4855-9B5A-20C0209EBE8C,English,2013-01-11,,,,http://creativecommons.org/licenses/by/4.0,Missouri Botanical Garden,Missouri Botanical Garden
wfo-0000549561,herb,habit,AC354B1B-05BF-43FD-9B94-6FEE64597427,English,2013-01-11,,,,http://creativecommons.org/licenses/by/4.0,Missouri Botanical Garden,Missouri Botanical Garden
wfo-0000943159,Lianas,habit,89CE955F-A8C4-4727-B05E-D3437D1219F1,English,2013-04-09,,,,http://creativecommons.org/licenses/by/4.0,Missouri Botanical Garden,Missouri Botanical Garden
wfo-0000279184,Trees,habit,2F1F8D6E-5ADF-4A3E-8EDC-AC12331FF207,English,2013-04-08,,,,http://creativecommons.org/licenses/by/4.0,Missouri Botanical Garden,Missouri Botanical Garden
wfo-0000323136,Small trees or shrubs,habit,FAD08408-905E-4A6A-AF81-6A4CA2ED1E71,English,2013-04-09,,,,http://creativecommons.org/licenses/by/4.0,Missouri Botanical Garden,Missouri Botanical Garden
wfo-0000335595,Trees,habit,6B8C8F0E-C8FB-4F6E-B7AA-78819AB26A05,English,2013-04-09,,,,http://creativecommons.org/licenses/by/4.0,Missouri Botanical Garden,Missouri Botanical Garden
wfo-0000943706,Lianas,habit,5D912D43-F829-470B-A8B1-E34EB3A68E06,English,2013-04-09,,,,http://creativecommons.org/licenses/by/4.0,Missouri Botanical Garden,Missouri Botanical Garden
wfo-0000283013,Lianas,habit,69046BC0-022F-4BA3-AEAE-729D448BE148,English,2013-04-10,,,,http://creativecommons.org/licenses/by/4.0,Missouri Botanical Garden,Missouri Botanical Garden
wfo-0000251577,"Shrubs, or small trees",habit,30A68EF5-11F9-40D8-81B9-C73A04FC347B,English,2013-04-10,,,,http://creativecommons.org/licenses/by/4.0,Missouri Botanical Garden,Missouri Botanical Garden
wfo-0000295073,Shrubs or small trees,habit,F4D2F151-CC33-4D60-B89B-303D86EBB088,English,2013-04-09,,,,http://creativecommons.org/licenses/by/4.0,Missouri Botanical Garden,Missouri Botanical Garden
wfo-0000295147,Lianas,habit,925C1847-9764-4A04-B0A7-492374F1F180,English,2013-04-09,,,,http://creativecommons.org/licenses/by/4.0,Missouri Botanical Garden,Missouri Botanical Garden
wfo-0000316036,Trees,habit,F2ED901A-98AF-4256-841A-FDC39B6A5D6E,English,2013-04-08,,,,http://creativecommons.org/licenses/by/4.0,Missouri Botanical Garden,Missouri Botanical Garden
wfo-0000316050,Tree,habit,B10538DB-1034-4CF7-85DC-2BD0FC5B25D9,English,2013-04-08,,,,http://creativecommons.org/licenses/by/4.0,Missouri Botanical Garden,Missouri Botanical Garden
wfo-0000972800,Lianas,habit,34EA8763-4A7F-40BA-82A7-5DA254F03AD3,English,2013-04-09,,,,http://creativecommons.org/licenses/by/4.0,Missouri Botanical Garden,Missouri Botanical Garden
wfo-0000295818,Lianas,habit,14D49D60-C937-40FE-8445-44EA92536B9B,English,2013-04-10,,,,http://creativecommons.org/licenses/by/4.0,Missouri Botanical Garden,Missouri Botanical Garden
wfo-0000319712,"Shrubs, or small trees",habit,0BBE1037-F44A-43B9-967B-54436B81EB73,English,2013-04-08,,,,http://creativecommons.org/licenses/by/4.0,Missouri Botanical Garden,Missouri Botanical Garden
wfo-0000290514,Trees,habit,903736E2-A792-4F7C-BF8C-98C3E65B08B5,English,2013-04-09,,,,http://creativecommons.org/licenses/by/4.0,Missouri Botanical Garden,Missouri Botanical Garden
wfo-0000349256,"Shrubs, or trees",habit,E35764AC-F744-43C8-9102-1D29F9B4C342,English,2013-04-08,,,,http://creativecommons.org/licenses/by/4.0,Missouri Botanical Garden,Missouri Botanical Garden
wfo-0000319725,Trees,habit,E3187854-3E27-4867-903D-4A9B9137013E,English,2013-04-08,,,,http://creativecommons.org/licenses/by/4.0,Missouri Botanical Garden,Missouri Botanical Garden
wfo-0001072583,"Shrubs, or small trees",habit,"FBB768A1-FAB1-43DC-8EFA-BD96FA587E07,64B0BB39-5900-40AD-88E4-CE373CE264B7",English,2013-04-08,,,,http://creativecommons.org/licenses/by/4.0,Missouri Botanical Garden,Missouri Botanical Garden
wfo-0000349347,Shrubs,habit,0439CBBF-B7DB-4FF7-8F21-7D09FBE8B32D,English,2013-04-08,,,,http://creativecommons.org/licenses/by/4.0,Missouri Botanical Garden,Missouri Botanical Garden
wfo-0000316028,Small trees,habit,09CE86F2-2C0E-4ED2-9420-E6D4AA41F1FF,English,2013-04-08,,,,http://creativecommons.org/licenses/by/4.0,Missouri Botanical Garden,Missouri Botanical Garden
wfo-0000316029,Trees or shrubs,habit,F7AE19F2-BEDC-4542-AD85-023CD238C495,English,2013-04-08,,,,http://creativecommons.org/licenses/by/4.0,Missouri Botanical Garden,Missouri Botanical Garden
wfo-0000316044,Trees,habit,11AD340C-ACE8-49A4-8F1F-285E5FE6C4AB,English,2013-04-08,,,,http://creativecommons.org/licenses/by/4.0,Missouri Botanical Garden,Missouri Botanical Garden
wfo-0000316056,Small trees,habit,F4BCEAD3-52D5-4001-9F2F-5D303BC2D116,English,2013-04-08,,,,http://creativecommons.org/licenses/by/4.0,Missouri Botanical Garden,Missouri Botanical Garden
wfo-0000323121,Trees or shrubs,habit,FB0A73B3-A73C-4F98-A321-5F9B9C9A00E6,English,2013-04-09,,,,http://creativecommons.org/licenses/by/4.0,Missouri Botanical Garden,Missouri Botanical Garden
wfo-0000982445,Trees,habit,843DC2E9-4369-456C-BAE9-6BE0E78636C8,English,2013-04-08,,,,http://creativecommons.org/licenses/by/4.0,Missouri Botanical Garden,Missouri Botanical Garden
wfo-0000283046,Vines,habit,6D4725AB-0166-423B-9447-6988A7C15D27,English,2013-04-10,,,,http://creativecommons.org/licenses/by/4.0,Missouri Botanical Garden,Missouri Botanical Garden
wfo-0000283097,Lianas,habit,4348628E-3E11-4D6B-A7CF-2F940243B1B4,English,2013-04-10,,,,http://creativecommons.org/licenses/by/4.0,Missouri Botanical Garden,Missouri Botanical Garden
wfo-0000283108,Lianas,habit,E9067143-7FE7-4706-8FD0-E63B38D111F3,English,2013-04-10,,,,http://creativecommons.org/licenses/by/4.0,Missouri Botanical Garden,Missouri Botanical Garden
wfo-0000235079,Lianas,habit,CA8AA363-51D3-4672-ABA5-B7BAA80DE4C3,English,2013-04-10,,,,http://creativecommons.org/licenses/by/4.0,Missouri Botanical Garden,Missouri Botanical Garden
wfo-0000283111,Lianas,habit,947581EC-DD29-4D73-8C05-6EDEB06042AE,English,2013-04-10,,,,http://creativecommons.org/licenses/by/4.0,Missouri Botanical Garden,Missouri Botanical Garden
wfo-0000283142,Lianas,habit,BF36B352-8618-48A1-BB46-83EDBA848163,English,2013-04-10,,,,http://creativecommons.org/licenses/by/4.0,Missouri Botanical Garden,Missouri Botanical Garden
wfo-0000947873,Lianas,habit,0D3A0A04-3CCA-4BC6-B5B2-4459FED6FF0F,English,2013-04-10,,,,http://creativecommons.org/licenses/by/4.0,Missouri Botanical Garden,Missouri Botanical Garden
wfo-0000234939,Lianas,habit,8F2D64E2-A940-424E-82A3-4F6A9FB5692A,English,2013-04-09,,,,http://creativecommons.org/licenses/by/4.0,Missouri Botanical Garden,Missouri Botanical Garden
wfo-0000235046,Lianas,habit,331A5A33-64AD-4B60-927C-81F53B6EBA6D,English,2013-04-09,,,,http://creativecommons.org/licenses/by/4.0,Missouri Botanical Garden,Missouri Botanical Garden
wfo-0000241929,Lianas,habit,5E4F7CE7-0961-4184-8CE8-2A8B3BC740D4,English,2013-04-09,,,,http://creativecommons.org/licenses/by/4.0,Missouri Botanical Garden,Missouri Botanical Garden
wfo-0000967393,Lianas,habit,9DBABFE6-4407-4E75-AEAE-1F2468E6079D,English,2013-04-10,,,,http://creativecommons.org/licenses/by/4.0,Missouri Botanical Garden,Missouri Botanical Garden
wfo-0000291112,Trees,habit,2038541A-323E-425C-812A-DD31827AE42A,English,2013-04-09,,,,http://creativecommons.org/licenses/by/4.0,Missouri Botanical Garden,Missouri Botanical Garden
wfo-0000279178,Shrubs,habit,D171243B-FB51-4FE3-B320-4A68F645F112,English,2013-04-08,,,,http://creativecommons.org/licenses/by/4.0,Missouri Botanical Garden,Missouri Botanical Garden
wfo-0000316040,"Shrubs, or small trees",habit,005AC26F-69E0-4C02-AB06-B1EB23F399DA,English,2013-04-08,,,,http://creativecommons.org/licenses/by/4.0,Missouri Botanical Garden,Missouri Botanical Garden
wfo-0000235075,Lianas,habit,0A764559-59EB-4929-B06A-12B6953A9B74,English,2013-04-09,,,,http://creativecommons.org/licenses/by/4.0,Missouri Botanical Garden,Missouri Botanical Garden
wfo-0000253933,Lianas,habit,A81C50DE-ED9A-4F7B-8F5A-3000042E1550,English,2013-04-10,,,,http://creativecommons.org/licenses/by/4.0,Missouri Botanical Garden,Missouri Botanical Garden
wfo-0000266723,Lianas,habit,11552EDA-A447-4B46-9905-1A4BC2084CDB,English,2013-04-10,,,,http://creativecommons.org/licenses/by/4.0,Missouri Botanical Garden,Missouri Botanical Garden
wfo-0000967401,Lianas,habit,D93E87E2-52B2-4913-9D3C-4B64B7D43E4D,English,2013-04-10,,,,http://creativecommons.org/licenses/by/4.0,Missouri Botanical Garden,Missouri Botanical Garden
wfo-0000729372,liana,habit,0BF0A204-B3FE-4AA8-91A5-6710DBC10DF5,English,2013-03-15,,,,http://creativecommons.org/licenses/by/4.0,Missouri Botanical Garden,Missouri Botanical Garden
wfo-0000253911,Lianas,habit,4C9AE971-87BA-4CEA-91DF-2E510BDA4BE8,English,2013-04-10,,,,http://creativecommons.org/licenses/by/4.0,Missouri Botanical Garden,Missouri Botanical Garden
wfo-0000283065,Lianas,habit,6BC59C9E-F9A2-4F61-B819-DAE82576F976,English,2013-04-10,,,,http://creativecommons.org/licenses/by/4.0,Missouri Botanical Garden,Missouri Botanical Garden
wfo-0000326380,"Shrubs, or small trees",habit,94566FFD-8D8A-4875-B7AA-29F16C2A8F2B,English,2013-04-09,,,,http://creativecommons.org/licenses/by/4.0,Missouri Botanical Garden,Missouri Botanical Garden
wfo-0000953836,Shrubs,habit,1DA155C1-164B-4BD0-96F1-427BBE2555CA,English,2013-04-08,,,,http://creativecommons.org/licenses/by/4.0,Missouri Botanical Garden,Missouri Botanical Garden
wfo-0000953839,Shrubs,habit,7776B44B-9599-4C15-AE71-98B46223B1A0,English,2013-04-08,,,,http://creativecommons.org/licenses/by/4.0,Missouri Botanical Garden,Missouri Botanical Garden
wfo-0000729372,Tree shrub,habit,79EBF230-B4C5-45F2-959E-81B3198CBAEF,English,2013-03-15,,,,http://creativecommons.org/licenses/by/4.0,Missouri Botanical Garden,Missouri Botanical Garden
wfo-0000729297,Shrub,habit,6781DCFC-2372-4DD1-A0EE-2E4B26E97FBC,English,2013-03-15,,,,http://creativecommons.org/licenses/by/4.0,Missouri Botanical Garden,Missouri Botanical Garden
wfo-0000729473,Tree,habit,"88D8D755-02E0-4DE5-971D-C3F9D56C95E0,22FACAA7-2FD6-478E-AC46-2648D13EE870",English,2013-03-15,,,,http://creativecommons.org/licenses/by/4.0,Missouri Botanical Garden,Missouri Botanical Garden
wfo-0000221016,vine,habit,88E35AD8-53FB-4CCA-9FDA-32F26E96D455,English,2012-10-25,,,,http://creativecommons.org/licenses/by/4.0,Missouri Botanical Garden,Missouri Botanical Garden
wfo-0000551246,herb,habit,30B82AB6-75F9-4E11-A97A-1E650DAD54E7,English,2013-05-30,,,,http://creativecommons.org/licenses/by/4.0,Missouri Botanical Garden,Missouri Botanical Garden
wfo-0000099554,Herbs,habit,03BFA66F-9E7F-476A-AD9D-B747830FE1BE,English,2013-06-19,,,,http://creativecommons.org/licenses/by/4.0,Missouri Botanical Garden,Missouri Botanical Garden
wfo-0000941578,Shrub tree,habit,8EEF9DC5-3956-45FC-AF53-E2C35DDB1CB1,English,2013-01-11,,,,http://creativecommons.org/licenses/by/4.0,Missouri Botanical Garden,Missouri Botanical Garden
wfo-0000941574,tree,habit,BBC2E135-9C66-41A9-954A-B61F0AFAEEFE,English,2013-01-11,,,,http://creativecommons.org/licenses/by/4.0,Missouri Botanical Garden,Missouri Botanical Garden
wfo-0000941602,tree,habit,40AFE7F1-49A5-41FF-BDA8-39829BB96FFE,English,2013-01-11,,,,http://creativecommons.org/licenses/by/4.0,Missouri Botanical Garden,Missouri Botanical Garden
wfo-0000941613,Tree,habit,28528805-2328-4093-83DD-67AF2B274A24,English,2013-01-11,,,,http://creativecommons.org/licenses/by/4.0,Missouri Botanical Garden,Missouri Botanical Garden
wfo-0000941685,tree,habit,6B6B3C53-E8AF-4861-BBFD-F2F0EE8309AB,English,2013-01-11,,,,http://creativecommons.org/licenses/by/4.0,Missouri Botanical Garden,Missouri Botanical Garden
wfo-0000941690,Shrub tree,habit,C63B403A-BA1E-4F6C-9613-5A08929096A9,English,2013-01-11,,,,http://creativecommons.org/licenses/by/4.0,Missouri Botanical Garden,Missouri Botanical Garden
wfo-0000260269,Tree,habit,6EB57706-0EEA-4AF0-A3AF-7A63316012A3,English,2013-01-11,,,,http://creativecommons.org/licenses/by/4.0,Missouri Botanical Garden,Missouri Botanical Garden
wfo-0000941698,Tree,habit,E52AFE3F-BBAD-4281-9EC3-A9EDE372DE57,English,2013-01-11,,,,http://creativecommons.org/licenses/by/4.0,Missouri Botanical Garden,Missouri Botanical Garden
wfo-0000941702,Shrub,habit,6751B027-4EF5-4028-863C-15369523E1C1,English,2013-01-11,,,,http://creativecommons.org/licenses/by/4.0,Missouri Botanical Garden,Missouri Botanical Garden
wfo-0000943189,Tree,habit,99546FAC-BC6A-4789-9F2E-9ED9379F48FA,English,2013-01-11,,,,http://creativecommons.org/licenses/by/4.0,Missouri Botanical Garden,Missouri Botanical Garden
wfo-0000943202,Tree,habit,EF22FAD5-9A51-41C2-96D3-D2BC4836C8BD,English,2013-01-11,,,,http://creativecommons.org/licenses/by/4.0,Missouri Botanical Garden,Missouri Botanical Garden
wfo-0000260281,Tree,habit,889635D8-32EF-4EF1-B753-84442A45F9A7,English,2013-01-11,,,,http://creativecommons.org/licenses/by/4.0,Missouri Botanical Garden,Missouri Botanical Garden
wfo-0001214808,Liana,habit,6178BEB7-20B0-40CB-81D2-33E259A69EE0,English,2013-05-21,,,,http://creativecommons.org/licenses/by/4.0,Missouri Botanical Garden,Missouri Botanical Garden
wfo-0000260451,Tree shrub,habit,95203E4C-BCDE-411E-99E3-327E9B7883A2,English,2013-01-11,,,,http://creativecommons.org/licenses/by/4.0,Missouri Botanical Garden,Missouri Botanical Garden
wfo-0000260451,scrambler,habit,D788076C-3B4A-4443-B0C6-CB74CB5541CE,English,2013-01-11,,,,http://creativecommons.org/licenses/by/4.0,Missouri Botanical Garden,Missouri Botanical Garden
wfo-0000260454,Shrub tree,habit,BEC3F7CB-267A-482A-827E-C899E77EDFB5,English,2013-01-11,,,,http://creativecommons.org/licenses/by/4.0,Missouri Botanical Garden,Missouri Botanical Garden
wfo-0000305856,shrub,habit,73FEDB9C-02FF-4882-B32F-385294842F79,English,2013-01-11,,,,http://creativecommons.org/licenses/by/4.0,Missouri Botanical Garden,Missouri Botanical Garden
wfo-0000306278,Shrub tree,habit,F7D52C3B-B91E-423E-83CE-AF1A20CE0803,English,2013-01-11,,,,http://creativecommons.org/licenses/by/4.0,Missouri Botanical Garden,Missouri Botanical Garden
wfo-0000779065,Liana,habit,2FCBBD51-45D6-4330-B950-C3259567FE25,English,2013-05-21,,,,http://creativecommons.org/licenses/by/4.0,Missouri Botanical Garden,Missouri Botanical Garden
wfo-0000306318,Shrub tree,habit,743B564E-E40E-4B34-98E7-BBA20B6F31A1,English,2013-01-11,,,,http://creativecommons.org/licenses/by/4.0,Missouri Botanical Garden,Missouri Botanical Garden
wfo-0000779838,Shrub or small tree,habit,1244179D-2EBF-4625-B6D2-EA3F9B033699,English,2013-05-22,,,,http://creativecommons.org/licenses/by/4.0,Missouri Botanical Garden,Missouri Botanical Garden
wfo-0000306376,Shrub tree,habit,0D3AE933-9078-4C5C-BA8C-C706CAE0FEA2,English,2013-01-11,,,,http://creativecommons.org/licenses/by/4.0,Missouri Botanical Garden,Missouri Botanical Garden
wfo-0000780923,Liana,habit,307A1316-89BF-4D4C-98D1-D8FC79038A37,English,2013-05-20,,,,http://creativecommons.org/licenses/by/4.0,Missouri Botanical Garden,Missouri Botanical Garden
wfo-0000307192,Shrub tree,habit,9AF5E018-BA9F-422E-B7A4-4B5733BBCA64,English,2013-01-11,,,,http://creativecommons.org/licenses/by/4.0,Missouri Botanical Garden,Missouri Botanical Garden
wfo-0000298342,tree,habit,20C36713-64C5-4A1A-9C2C-245FA44A54E6,English,2012-10-24,,,,http://creativecommons.org/licenses/by/4.0,Missouri Botanical Garden,Missouri Botanical Garden
wfo-0000779484,tree,habit,7D30D6F0-123B-4728-AA0C-643DCCC00887,English,2013-05-21,,,,http://creativecommons.org/licenses/by/4.0,Missouri Botanical Garden,Missouri Botanical Garden
wfo-0000932224,Tree,habit,20776CD7-DEDB-4C7B-8642-F6FFFF425BF8,English,2012-10-24,,,,http://creativecommons.org/licenses/by/4.0,Missouri Botanical Garden,Missouri Botanical Garden
wfo-0000838258,Tree,habit,FD3FD84B-FEB0-41C1-B76B-E1D7B8EF6C15,English,2012-10-24,,,,http://creativecommons.org/licenses/by/4.0,Missouri Botanical Garden,Missouri Botanical Garden
wfo-0000235399,Tree,habit,2D53F99F-317C-48B5-AF97-279CD3F576F9,English,2012-10-24,,,,http://creativecommons.org/licenses/by/4.0,Missouri Botanical Garden,Missouri Botanical Garden
wfo-0000283003,tree,habit,EE758DAD-59EE-4836-A350-970176D04BB5,English,2012-10-24,,,,http://creativecommons.org/licenses/by/4.0,Missouri Botanical Garden,Missouri Botanical Garden
wfo-0000298338,tree,habit,0C2C656F-4EC2-4812-82D7-0B5657EBF905,English,2012-10-24,,,,http://creativecommons.org/licenses/by/4.0,Missouri Botanical Garden,Missouri Botanical Garden
wfo-0000547515,Lianas,habit,3DE2D3B9-19CF-4E96-B0D2-23C4E4E2FEB5,English,2013-01-14,,,,http://creativecommons.org/licenses/by/4.0,Missouri Botanical Garden,Missouri Botanical Garden
wfo-0000513096,shrub,habit,"83083055-7C5D-4242-A9C5-E0039DEF5986,7E915340-3FBA-476D-87DC-6AB23649CEE1",English,2012-11-29,,,,http://creativecommons.org/licenses/by/4.0,Missouri Botanical Garden,Missouri Botanical Garden
wfo-0000318045,Tree,habit,D4238DFC-B430-46A5-968C-88C55B4646A7,English,2012-10-24,,,,http://creativecommons.org/licenses/by/4.0,Missouri Botanical Garden,Missouri Botanical Garden
wfo-0000547912,lianas,habit,01253D53-8BE8-4C59-AB10-E574A6AA69D4,English,2013-01-14,,,,http://creativecommons.org/licenses/by/4.0,Missouri Botanical Garden,Missouri Botanical Garden
wfo-0000826215,herbs,habit,45A6D299-5E24-41B1-996B-549FB38D95CE,English,2013-07-12,,,,http://creativecommons.org/licenses/by/4.0,Missouri Botanical Garden,Missouri Botanical Garden
wfo-0000548425,lianas,habit,A34FC456-50D6-4B8A-9477-2400156AB2A2,English,2013-01-14,,,,http://creativecommons.org/licenses/by/4.0,Missouri Botanical Garden,Missouri Botanical Garden
wfo-0000972063,Tree bush,habit,2D2FDFBC-00AA-4132-A32F-09D9A804EFF2,English,2012-10-24,,,,http://creativecommons.org/licenses/by/4.0,Missouri Botanical Garden,Missouri Botanical Garden
wfo-0000831573,herbs,habit,4B32BDCE-4F86-4E54-BAB4-FC74849B1371,English,2013-07-12,,,,http://creativecommons.org/licenses/by/4.0,Missouri Botanical Garden,Missouri Botanical Garden
wfo-0000815348,herbs,habit,D0F84028-3FD1-48F1-8B80-F8204EED5117,English,2013-07-12,,,,http://creativecommons.org/licenses/by/4.0,Missouri Botanical Garden,Missouri Botanical Garden
wfo-0000254571,tree,habit,CB14C419-9AB1-434A-932E-454DB4A5928B,English,2012-10-24,,,,http://creativecommons.org/licenses/by/4.0,Missouri Botanical Garden,Missouri Botanical Garden
wfo-0000547651,lianas,habit,12D9C4BB-1B31-4ED5-8B1A-CF260C140B0B,English,2013-01-14,,,,http://creativecommons.org/licenses/by/4.0,Missouri Botanical Garden,Missouri Botanical Garden
wfo-0000548114,Herb,habit,A94850A1-CB7F-431E-AF83-44E05A981721,English,2013-01-14,,,,http://creativecommons.org/licenses/by/4.0,Missouri Botanical Garden,Missouri Botanical Garden
wfo-0000548454,lianas,habit,54B98051-ABCA-443E-9D77-B625ED3BCB3F,English,2013-01-14,,,,http://creativecommons.org/licenses/by/4.0,Missouri Botanical Garden,Missouri Botanical Garden
wfo-0000548053,lianas,habit,999ADCB2-7EFB-4813-91A6-7E30BE5B644E,English,2013-01-14,,,,http://creativecommons.org/licenses/by/4.0,Missouri Botanical Garden,Missouri Botanical Garden
wfo-0000548157,subshrub,habit,6DA7B8A8-67A2-44B7-93B0-8BD179938652,English,2013-01-14,,,,http://creativecommons.org/licenses/by/4.0,Missouri Botanical Garden,Missouri Botanical Garden
wfo-0000548127,Liana,habit,FC30CB77-D900-468F-9965-399ADBD351F9,English,2013-01-14,,,,http://creativecommons.org/licenses/by/4.0,Missouri Botanical Garden,Missouri Botanical Garden
wfo-0000547532,Lianas,habit,5A0C4A9C-FD3B-4DBD-9FBB-6FACBE43C31E,English,2013-01-14,,,,http://creativecommons.org/licenses/by/4.0,Missouri Botanical Garden,Missouri Botanical Garden
wfo-0000548377,lianas,habit,F7718542-A83D-4CC0-BAA8-CAA3CF859631,English,2013-01-14,,,,http://creativecommons.org/licenses/by/4.0,Missouri Botanical Garden,Missouri Botanical Garden
wfo-0000566834,vines,habit,E1B1FD99-213D-4064-9829-37022891F988,English,2013-05-30,,,,http://creativecommons.org/licenses/by/4.0,Missouri Botanical Garden,Missouri Botanical Garden
wfo-0000706746,vines,habit,D610B1EA-EFF5-4CF7-8983-6D8C2568CCD0,English,2013-05-30,,,,http://creativecommons.org/licenses/by/4.0,Missouri Botanical Garden,Missouri Botanical Garden
wfo-0000633091,vines,habit,D7D431EB-6D2D-4208-B732-964D539B3B7A,English,2013-05-30,,,,http://creativecommons.org/licenses/by/4.0,Missouri Botanical Garden,Missouri Botanical Garden
wfo-0000633181,vines,habit,E7ECE2F6-D44F-4616-8CC9-30A252A56C3B,English,2013-05-30,,,,http://creativecommons.org/licenses/by/4.0,Missouri Botanical Garden,Missouri Botanical Garden
wfo-0001101886,vines,habit,BB92EADD-533D-4E1D-AD59-C06676A4C29D,English,2013-05-30,,,,http://creativecommons.org/licenses/by/4.0,Missouri Botanical Garden,Missouri Botanical Garden
wfo-0000706854,vines,habit,D090DCFA-A8F5-4816-AA30-E07DF760C978,English,2013-05-30,,,,http://creativecommons.org/licenses/by/4.0,Missouri Botanical Garden,Missouri Botanical Garden
wfo-0000706897,vines,habit,1BCEAA53-A49A-4EFB-9F88-9AA6B4403894,English,2013-05-30,,,,http://creativecommons.org/licenses/by/4.0,Missouri Botanical Garden,Missouri Botanical Garden
wfo-0000706915,vines,habit,95C7149E-4407-4676-BF82-AD22A8FA245B,English,2013-05-30,,,,http://creativecommons.org/licenses/by/4.0,Missouri Botanical Garden,Missouri Botanical Garden
wfo-0001101879,vines,habit,FCE9B291-6069-4DBB-BBFB-3D9FC2EA29ED,English,2013-05-30,,,,http://creativecommons.org/licenses/by/4.0,Missouri Botanical Garden,Missouri Botanical Garden
wfo-0000371803,vines,habit,745E2289-7AFE-464B-AB8A-573BA623CE31,English,2013-05-30,,,,http://creativecommons.org/licenses/by/4.0,Missouri Botanical Garden,Missouri Botanical Garden
wfo-0001101890,Vines,habit,9D3A8224-B91C-4168-9A60-2C07CA51437E,English,2013-05-30,,,,http://creativecommons.org/licenses/by/4.0,Missouri Botanical Garden,Missouri Botanical Garden
wfo-0000372314,vines,habit,CB7104E5-5EEE-4CD8-BB59-E93663D4CA2E,English,2013-05-30,,,,http://creativecommons.org/licenses/by/4.0,Missouri Botanical Garden,Missouri Botanical Garden
wfo-0000431738,vines,habit,73568313-2971-44A7-919B-0EA72955C489,English,2013-05-30,,,,http://creativecommons.org/licenses/by/4.0,Missouri Botanical Garden,Missouri Botanical Garden
wfo-0000384979,herbaceous vines,habit,BC44B178-B5F6-4420-BB64-5736D9B955AA,English,2013-05-30,,,,http://creativecommons.org/licenses/by/4.0,Missouri Botanical Garden,Missouri Botanical Garden
wfo-0000725176,vines,habit,8A708BE4-6290-498F-BFDD-84588CC086E3,English,2013-05-30,,,,http://creativecommons.org/licenses/by/4.0,Missouri Botanical Garden,Missouri Botanical Garden
wfo-0000431747,vines,habit,A8DC2645-5178-401A-81FD-9BAD3320F089,English,2013-05-30,,,,http://creativecommons.org/licenses/by/4.0,Missouri Botanical Garden,Missouri Botanical Garden
wfo-0000706833,vines,habit,8A5F75F8-BC93-4DF2-9B0B-02CEE88F6D1E,English,2013-05-30,,,,http://creativecommons.org/licenses/by/4.0,Missouri Botanical Garden,Missouri Botanical Garden
wfo-0001102181,vines,habit,6A466FA4-2DC2-4C23-AE49-171C87106A94,English,2013-05-30,,,,http://creativecommons.org/licenses/by/4.0,Missouri Botanical Garden,Missouri Botanical Garden
wfo-0000371807,vines,habit,2662DB85-1982-463A-AB0D-F4E521697132,English,2013-05-30,,,,http://creativecommons.org/licenses/by/4.0,Missouri Botanical Garden,Missouri Botanical Garden
wfo-0000431131,vines,habit,F23A2B28-FAA3-47C7-AB4D-1AD647ABF99E,English,2013-05-30,,,,http://creativecommons.org/licenses/by/4.0,Missouri Botanical Garden,Missouri Botanical Garden
wfo-0000581500,herbs or subshrubs,habit,F5F3879A-205D-4B82-9FE3-05FCF7374BBF,English,2013-05-30,,,,http://creativecommons.org/licenses/by/4.0,Missouri Botanical Garden,Missouri Botanical Garden
wfo-0000628491,woody vines or climbing shrubs,habit,4668753A-8BC0-4BA1-A606-6F2368B3F0F9,English,2013-05-30,,,,http://creativecommons.org/licenses/by/4.0,Missouri Botanical Garden,Missouri Botanical Garden
wfo-0000632969,vines,habit,24869E1B-FF8E-4A5C-A263-9454E5237C8E,English,2013-05-30,,,,http://creativecommons.org/licenses/by/4.0,Missouri Botanical Garden,Missouri Botanical Garden
wfo-0000633296,vines,habit,35261F58-EBBB-4334-89A8-71683214E6E6,English,2013-05-30,,,,http://creativecommons.org/licenses/by/4.0,Missouri Botanical Garden,Missouri Botanical Garden
wfo-0000706744,vines,habit,4BFFB935-D6D0-4EB8-B957-AF25BD2D9601,English,2013-05-30,,,,http://creativecommons.org/licenses/by/4.0,Missouri Botanical Garden,Missouri Botanical Garden
wfo-0001102877,shrub,habit,394B8543-6AAC-4663-A5D7-121529A7965C,English,2013-05-30,,,,http://creativecommons.org/licenses/by/4.0,Missouri Botanical Garden,Missouri Botanical Garden
wfo-0000706797,vines,habit,04068EDC-A8B4-485B-872B-946D627F882B,English,2013-05-30,,,,http://creativecommons.org/licenses/by/4.0,Missouri Botanical Garden,Missouri Botanical Garden
wfo-0000371677,Vines,habit,5AB9980B-44E0-4400-943B-ADE4FB7A07B0,English,2013-05-30,,,,http://creativecommons.org/licenses/by/4.0,Missouri Botanical Garden,Missouri Botanical Garden
wfo-0000399141,trees,habit,829B70E2-83E3-4D3B-8D6A-600F9105A426,English,2013-10-17,,,,http://creativecommons.org/licenses/by/4.0,Missouri Botanical Garden,Missouri Botanical Garden
wfo-0001102873,Vines,habit,FBCF3E70-1E37-4AE9-87B3-AF9920BC582B,English,2013-05-30,,,,http://creativecommons.org/licenses/by/4.0,Missouri Botanical Garden,Missouri Botanical Garden
wfo-0000372159,vines,habit,1FF8F79C-583C-4CB6-8A9D-967384EADB01,English,2013-05-30,,,,http://creativecommons.org/licenses/by/4.0,Missouri Botanical Garden,Missouri Botanical Garden
wfo-0001102874,vines,habit,691EE6B5-83C7-4B83-84C3-C77F78FDDA98,English,2013-05-30,,,,http://creativecommons.org/licenses/by/4.0,Missouri Botanical Garden,Missouri Botanical Garden
wfo-0000632803,vines,habit,137F914F-1134-44FE-B52E-27567C79CBC7,English,2013-05-30,,,,http://creativecommons.org/licenses/by/4.0,Missouri Botanical Garden,Missouri Botanical Garden
wfo-0000372004,vines,habit,CD26F04A-F17A-48EE-AC71-92D24B150071,English,2013-05-30,,,,http://creativecommons.org/licenses/by/4.0,Missouri Botanical Garden,Missouri Botanical Garden
wfo-0000633519,vines,habit,1DC18952-45DB-46D6-9E3C-BF1951F28640,English,2013-05-30,,,,http://creativecommons.org/licenses/by/4.0,Missouri Botanical Garden,Missouri Botanical Garden
wfo-0000691088,vines,habit,8B237661-FFDE-43AF-B113-83EE60408983,English,2013-05-30,,,,http://creativecommons.org/licenses/by/4.0,Missouri Botanical Garden,Missouri Botanical Garden
wfo-0000368765,vines,habit,AF286471-2458-43B4-B49F-65065F9D16AB,English,2013-05-30,,,,http://creativecommons.org/licenses/by/4.0,Missouri Botanical Garden,Missouri Botanical Garden
wfo-0001295934,Shrub or tree,habit,A5473A02-03DB-44F5-AD2B-E916A45EF2B6,English,2013-07-19,,,,http://creativecommons.org/licenses/by/4.0,Missouri Botanical Garden,Missouri Botanical Garden
wfo-0000014938,herbs or subshrubs,habit,315A845E-C35A-4CD3-9B7B-62BA1C1F318E,English,2013-06-04,,,,http://creativecommons.org/licenses/by/4.0,Missouri Botanical Garden,Missouri Botanical Garden
wfo-0000017628,herbs or subshrubs,habit,3E423BB2-1F02-45CF-BCAB-60A2BF8674F3,English,2013-06-04,,,,http://creativecommons.org/licenses/by/4.0,Missouri Botanical Garden,Missouri Botanical Garden
wfo-0000115943,herb,habit,F3492276-81B7-4B18-8FF4-580B3F0EC0F0,English,2013-06-17,,,,http://creativecommons.org/licenses/by/4.0,Missouri Botanical Garden,Missouri Botanical Garden
wfo-0000009603,herb,habit,9676006F-1488-4845-95E8-F3970CE0DBE0,English,2013-06-17,,,,http://creativecommons.org/licenses/by/4.0,Missouri Botanical Garden,Missouri Botanical Garden
wfo-0000093001,herb,habit,3119B7F5-CBDB-4FC5-AEC6-E2F18CE1DFAF,English,2013-06-19,,,,http://creativecommons.org/licenses/by/4.0,Missouri Botanical Garden,Missouri Botanical Garden
wfo-0000004190,herb,habit,966B6546-B4D5-4597-8F9E-805E38A33CF2,English,2013-06-06,,,,http://creativecommons.org/licenses/by/4.0,Missouri Botanical Garden,Missouri Botanical Garden
wfo-0001296661,Vines,habit,7C7EFE46-C179-4CCA-B78B-0830D7C1EB68,English,2013-05-31,,,,http://creativecommons.org/licenses/by/4.0,Missouri Botanical Garden,Missouri Botanical Garden
wfo-0000071105,herbs,habit,66257B5C-70A0-4105-B5E0-0661D8229C05,English,2013-06-18,,,,http://creativecommons.org/licenses/by/4.0,Missouri Botanical Garden,Missouri Botanical Garden
wfo-0000012549,herbs,habit,48D5D01D-E724-4EBF-A72A-FB8F85AA8E05,English,2013-06-03,,,,http://creativecommons.org/licenses/by/4.0,Missouri Botanical Garden,Missouri Botanical Garden
wfo-0000066751,herb,habit,9D463674-E21E-41A2-AB7B-0F30E70140A3,English,2013-06-14,,,,http://creativecommons.org/licenses/by/4.0,Missouri Botanical Garden,Missouri Botanical Garden
wfo-0000114757,herb,habit,CE010FAF-3208-4091-AC28-08D7C5C307F8,English,2013-06-14,,,,http://creativecommons.org/licenses/by/4.0,Missouri Botanical Garden,Missouri Botanical Garden
wfo-0000129978,herb,habit,F0619A8F-91F0-4822-994E-ABFC941D9985,English,2013-06-06,,,,http://creativecommons.org/licenses/by/4.0,Missouri Botanical Garden,Missouri Botanical Garden
wfo-0000118101,vine,habit,90CF4C41-CD29-4F2C-B22B-B24FDF1578AD,English,2013-06-18,,,,http://creativecommons.org/licenses/by/4.0,Missouri Botanical Garden,Missouri Botanical Garden
wfo-0000000229,herbs,habit,75990E7B-505F-4A40-8BFA-BE1A928DD367,English,2013-06-20,,,,http://creativecommons.org/licenses/by/4.0,Missouri Botanical Garden,Missouri Botanical Garden
wfo-0000747940,Vines,habit,80DBEE0A-2DDC-4918-A9D5-3BEFF1CFEAAE,English,2013-05-31,,,,http://creativecommons.org/licenses/by/4.0,Missouri Botanical Garden,Missouri Botanical Garden
wfo-0000062531,vines,habit,77CED8DF-F75D-410B-8F66-8C9A701CBE68,English,2013-06-05,,,,http://creativecommons.org/licenses/by/4.0,Missouri Botanical Garden,Missouri Botanical Garden
wfo-0000065156,herb,habit,DEAFA983-5E79-4104-A9C1-673EE347BA4D,English,2013-06-14,,,,http://creativecommons.org/licenses/by/4.0,Missouri Botanical Garden,Missouri Botanical Garden
wfo-0000017330,herbs,habit,2DDF62D1-2D27-4E3A-943A-13D49C97580A,English,2013-06-19,,,,http://creativecommons.org/licenses/by/4.0,Missouri Botanical Garden,Missouri Botanical Garden
wfo-0001296683,Vines,habit,F66B4D16-47F9-40CF-853D-FCC21F56FE0B,English,2013-05-31,,,,http://creativecommons.org/licenses/by/4.0,Missouri Botanical Garden,Missouri Botanical Garden
wfo-0000031264,herb,habit,F5175535-64F4-4901-9236-5B67BD5B0545,English,2013-06-20,,,,http://creativecommons.org/licenses/by/4.0,Missouri Botanical Garden,Missouri Botanical Garden
wfo-0000021260,herbs,habit,3C340F2F-6574-4F62-8AB7-A0592B279264,English,2013-06-03,,,,http://creativecommons.org/licenses/by/4.0,Missouri Botanical Garden,Missouri Botanical Garden
wfo-0000074705,herbs,habit,FF30235B-4380-44DE-B5E2-91ACB81011F0,English,2013-06-19,,,,http://creativecommons.org/licenses/by/4.0,Missouri Botanical Garden,Missouri Botanical Garden
wfo-0000039490,Shrub or tree,habit,C68940C4-0C85-4E02-B6CE-5F6DF496C963,English,2013-06-17,,,,http://creativecommons.org/licenses/by/4.0,Missouri Botanical Garden,Missouri Botanical Garden
wfo-0001296895,Herb,habit,98FFC844-CBFA-4C0E-A5A6-37B09E0FCCEC,English,2013-05-31,,,,http://creativecommons.org/licenses/by/4.0,Missouri Botanical Garden,Missouri Botanical Garden
wfo-0000027979,Shrub or tree,habit,C2D6DCB6-7BF0-407F-A93F-4AFBA1ECF0AC,English,2013-06-17,,,,http://creativecommons.org/licenses/by/4.0,Missouri Botanical Garden,Missouri Botanical Garden
wfo-0000012831,Shrubs or coarse herbs,habit,BEB698A1-2229-4DD3-BB09-C51D540E2F18,English,2013-06-03,,,,http://creativecommons.org/licenses/by/4.0,Missouri Botanical Garden,Missouri Botanical Garden
wfo-0000045003,Herbs,habit,3A4B06E5-B9DA-410D-9172-FBF95DDDB52C,English,2013-06-03,,,,http://creativecommons.org/licenses/by/4.0,Missouri Botanical Garden,Missouri Botanical Garden
wfo-0000118017,Shrub or small tree,habit,926B3B1D-64C1-4C9B-A086-27D7F210CFE5,English,2013-06-03,,,,http://creativecommons.org/licenses/by/4.0,Missouri Botanical Garden,Missouri Botanical Garden
wfo-0000017875,herb,habit,A342C9D0-5644-43F2-AFA4-4CA8BF38B4D9,English,2013-06-17,,,,http://creativecommons.org/licenses/by/4.0,Missouri Botanical Garden,Missouri Botanical Garden
wfo-0000074851,herb or subshrub,habit,1A2F5EB7-CE3C-44D8-87DB-F375A181F8FA,English,2013-06-17,,,,http://creativecommons.org/licenses/by/4.0,Missouri Botanical Garden,Missouri Botanical Garden
wfo-0000134695,herb,habit,C670E093-9C5F-4F01-8C89-F7271A81B278,English,2013-06-17,,,,http://creativecommons.org/licenses/by/4.0,Missouri Botanical Garden,Missouri Botanical Garden
wfo-0000114531,herb,habit,B05FD81F-AC97-4D2A-AF0F-9C9E197FC216,English,2013-06-14,,,,http://creativecommons.org/licenses/by/4.0,Missouri Botanical Garden,Missouri Botanical Garden
wfo-0000034447,herb,habit,35987528-83F7-4655-B51A-7A8F0A6C05BD,English,2013-06-04,,,,http://creativecommons.org/licenses/by/4.0,Missouri Botanical Garden,Missouri Botanical Garden
wfo-0000036140,Herb,habit,5D193763-B379-4D5F-B205-638B0B1D2868,English,2013-06-14,,,,http://creativecommons.org/licenses/by/4.0,Missouri Botanical Garden,Missouri Botanical Garden
wfo-0000139232,Herbs or low subshrubs,habit,2B9418F0-7CFD-48DF-A942-5C65BAE613D2,English,2013-06-03,,,,http://creativecommons.org/licenses/by/4.0,Missouri Botanical Garden,Missouri Botanical Garden
wfo-0001297309,Lianas,habit,14C578DA-5F63-495D-894B-023DACDF30E5,English,2013-05-31,,,,http://creativecommons.org/licenses/by/4.0,Missouri Botanical Garden,Missouri Botanical Garden
wfo-0000043751,herb,habit,CFCD2C14-05F1-458D-8793-D303BF4DE92E,English,2013-06-06,,,,http://creativecommons.org/licenses/by/4.0,Missouri Botanical Garden,Missouri Botanical Garden
wfo-0000129910,herb,habit,CDBADF50-9F12-4712-BE09-513A22CADCCA,English,2013-06-06,,,,http://creativecommons.org/licenses/by/4.0,Missouri Botanical Garden,Missouri Botanical Garden
wfo-0000000567,herb,habit,BCCDBE7C-5C23-4128-9A7F-68B374E1DCEC,English,2013-06-06,,,,http://creativecommons.org/licenses/by/4.0,Missouri Botanical Garden,Missouri Botanical Garden
wfo-0000030713,herb,habit,5080A7EA-7180-4A39-B8F8-5A607D2626D5,English,2013-06-18,,,,http://creativecommons.org/licenses/by/4.0,Missouri Botanical Garden,Missouri Botanical Garden
wfo-0000064103,herbs,habit,BF80CBFF-4020-40AD-B02E-A396430A1679,English,2013-06-18,,,,http://creativecommons.org/licenses/by/4.0,Missouri Botanical Garden,Missouri Botanical Garden
wfo-0001297378,Vines,habit,7BE0C54E-B6A2-4454-AD4F-26BF9BCE652A,English,2013-05-31,,,,http://creativecommons.org/licenses/by/4.0,Missouri Botanical Garden,Missouri Botanical Garden
wfo-0000001005,herbs,habit,202C3550-F221-4BB2-9794-453618257867,English,2013-06-14,,,,http://creativecommons.org/licenses/by/4.0,Missouri Botanical Garden,Missouri Botanical Garden
wfo-0000023147,herb,habit,5B0DBB38-01FB-42D5-9350-52D3F64AC4DC,English,2013-06-19,,,,http://creativecommons.org/licenses/by/4.0,Missouri Botanical Garden,Missouri Botanical Garden
wfo-0000084726,herb,habit,CCFF63C0-666C-4128-8F79-41F97F8C5C80,English,2013-06-19,,,,http://creativecommons.org/licenses/by/4.0,Missouri Botanical Garden,Missouri Botanical Garden
wfo-0000017704,herb,habit,D2CD5570-DC8D-44CE-9940-4D47E8A0F59F,English,2013-06-19,,,,http://creativecommons.org/licenses/by/4.0,Missouri Botanical Garden,Missouri Botanical Garden
wfo-0000069875,herb,habit,95DE9559-BB61-45DE-B43A-C8BF409C0BFB,English,2013-06-06,,,,http://creativecommons.org/licenses/by/4.0,Missouri Botanical Garden,Missouri Botanical Garden
wfo-0000051355,herb,habit,9D013AA0-AD4D-437D-AA20-CDADEB71CB51,English,2013-06-13,,,,http://creativecommons.org/licenses/by/4.0,Missouri Botanical Garden,Missouri Botanical Garden
wfo-0000016480,herbs,habit,BF176012-4D11-4045-9BD9-812F508D919C,English,2013-06-18,,,,http://creativecommons.org/licenses/by/4.0,Missouri Botanical Garden,Missouri Botanical Garden
wfo-0000117743,subshrub,habit,120D87DE-549D-4CD7-A160-92CA922386F8,English,2013-06-19,,,,http://creativecommons.org/licenses/by/4.0,Missouri Botanical Garden,Missouri Botanical Garden
wfo-0000031493,herbs,habit,45932981-3A19-4705-A98D-98A2D48CDDA6,English,2013-06-14,,,,http://creativecommons.org/licenses/by/4.0,Missouri Botanical Garden,Missouri Botanical Garden
wfo-0000006079,herbs,habit,818C7C7A-11CE-4620-88F8-CA56F26DAFF0,English,2013-06-06,,,,http://creativecommons.org/licenses/by/4.0,Missouri Botanical Garden,Missouri Botanical Garden
wfo-0000067548,herb,habit,543CB0DB-61BB-4B7A-AC29-CA8851AA5659,English,2013-06-17,,,,http://creativecommons.org/licenses/by/4.0,Missouri Botanical Garden,Missouri Botanical Garden
wfo-0000065512,herb,habit,5F11AF9C-3BF8-4EAB-BBDD-BE345CA1569C,English,2013-06-18,,,,http://creativecommons.org/licenses/by/4.0,Missouri Botanical Garden,Missouri Botanical Garden
wfo-0000075876,herbs,habit,361ED861-049F-448F-A6B0-FDD0427E6438,English,2013-06-18,,,,http://creativecommons.org/licenses/by/4.0,Missouri Botanical Garden,Missouri Botanical Garden
wfo-0000125868,herb,habit,824F3ED8-ACAC-4F92-8AFC-91138A8F21EA,English,2013-06-18,,,,http://creativecommons.org/licenses/by/4.0,Missouri Botanical Garden,Missouri Botanical Garden
wfo-0000072527,herbs or subshrubs,habit,EDFFD6FC-ED37-43D9-A7BA-CEFF8DB599EF,English,2013-06-04,,,,http://creativecommons.org/licenses/by/4.0,Missouri Botanical Garden,Missouri Botanical Garden
wfo-0000036542,shrub,habit,32662118-51F1-40AF-89FE-C69C7ED3A68A,English,2013-06-17,,,,http://creativecommons.org/licenses/by/4.0,Missouri Botanical Garden,Missouri Botanical Garden
wfo-0001129139,herb,habit,0C132495-94BA-4254-B9B6-68B0A384EAEA,English,2013-06-17,,,,http://creativecommons.org/licenses/by/4.0,Missouri Botanical Garden,Missouri Botanical Garden
wfo-0000075384,Herb,habit,C81B442D-8BD0-493D-A65A-03859873136D,English,2013-06-18,,,,http://creativecommons.org/licenses/by/4.0,Missouri Botanical Garden,Missouri Botanical Garden
wfo-0000082627,herbs,habit,8A1C9D82-C22F-4C73-8161-1C14952A7373,English,2013-06-19,,,,http://creativecommons.org/licenses/by/4.0,Missouri Botanical Garden,Missouri Botanical Garden
wfo-0000087115,Shrub,habit,6189E82E-ED6D-4344-9B39-26ECE64E5715,English,2013-06-17,,,,http://creativecommons.org/licenses/by/4.0,Missouri Botanical Garden,Missouri Botanical Garden
wfo-0000021604,herb,habit,3B81A124-6E27-45F4-AB55-55DEAA3B6C14,English,2013-06-20,,,,http://creativecommons.org/licenses/by/4.0,Missouri Botanical Garden,Missouri Botanical Garden
wfo-0000131608,Herb or vine,habit,D8B8D46B-3838-47A4-A7A7-6DA96F414798,English,2013-06-06,,,,http://creativecommons.org/licenses/by/4.0,Missouri Botanical Garden,Missouri Botanical Garden
wfo-0000014070,shrub,habit,96372941-EF96-4A99-B0B2-B1ACDDA2CBBC,English,2013-06-18,,,,http://creativecommons.org/licenses/by/4.0,Missouri Botanical Garden,Missouri Botanical Garden
wfo-0000126287,herb,habit,BBD2E361-A3F3-4728-ABB0-DF1A6FF3F074,English,2013-06-20,,,,http://creativecommons.org/licenses/by/4.0,Missouri Botanical Garden,Missouri Botanical Garden
wfo-0000653480,Liana,habit,2E8BCC2A-D40C-4113-B7B1-53EC6B5AEC18,English,2013-03-13,,,,http://creativecommons.org/licenses/by/4.0,Missouri Botanical Garden,Missouri Botanical Garden
wfo-0000011509,Shrubs,habit,D5BC9689-2315-4D55-A348-C63303C32A45,English,2013-06-04,,,,http://creativecommons.org/licenses/by/4.0,Missouri Botanical Garden,Missouri Botanical Garden
wfo-0000001880,Herb,habit,7EF5A243-8837-417B-8C6D-401881766710,English,2013-06-13,,,,http://creativecommons.org/licenses/by/4.0,Missouri Botanical Garden,Missouri Botanical Garden
wfo-0000022643,liana,habit,23664261-36EF-46E3-93E1-2A2D0BFFD960,English,2013-06-19,,,,http://creativecommons.org/licenses/by/4.0,Missouri Botanical Garden,Missouri Botanical Garden
wfo-0000082071,herbs,habit,EC271283-1A99-4990-9D1B-B7E87BF86F0D,English,2013-06-14,,,,http://creativecommons.org/licenses/by/4.0,Missouri Botanical Garden,Missouri Botanical Garden
wfo-0000035778,vines,habit,3A056390-A3F3-4F01-8B09-C5093FA08784,English,2013-06-05,,,,http://creativecommons.org/licenses/by/4.0,Missouri Botanical Garden,Missouri Botanical Garden
wfo-0000081623,vines,habit,07A4447E-857D-4CD9-8D32-C39AD7D99600,English,2013-06-05,,,,http://creativecommons.org/licenses/by/4.0,Missouri Botanical Garden,Missouri Botanical Garden
wfo-0000083512,herbs,habit,541E7C32-CFAC-4E0B-AB8F-4583B3E13AD9,English,2013-06-18,,,,http://creativecommons.org/licenses/by/4.0,Missouri Botanical Garden,Missouri Botanical Garden
wfo-0000135783,subshrub,habit,51603D22-8376-41B2-BAD4-E400BA632FFA,English,2013-06-20,,,,http://creativecommons.org/licenses/by/4.0,Missouri Botanical Garden,Missouri Botanical Garden
wfo-0000648518,Tree,habit,4CCBDDCA-AAB8-4554-8979-915447124E48,English,2013-07-19,,,,http://creativecommons.org/licenses/by/4.0,Missouri Botanical Garden,Missouri Botanical Garden
wfo-0000088412,Liana,habit,E892C169-6CEE-494C-A51B-690B55207BC8,English,2013-06-20,,,,http://creativecommons.org/licenses/by/4.0,Missouri Botanical Garden,Missouri Botanical Garden
wfo-0000073385,herbs,habit,F7AA1CA8-4328-4649-93C8-B5BA0F0BF01C,English,2013-06-06,,,,http://creativecommons.org/licenses/by/4.0,Missouri Botanical Garden,Missouri Botanical Garden
wfo-0000045989,herbs,habit,08D20366-CEDD-44AE-A989-EC6E28EAF522,English,2013-06-06,,,,http://creativecommons.org/licenses/by/4.0,Missouri Botanical Garden,Missouri Botanical Garden
wfo-0000060221,Tree or shrub,habit,FE22784F-2394-4865-A629-36901C7B85FC,English,2013-06-13,,,,http://creativecommons.org/licenses/by/4.0,Missouri Botanical Garden,Missouri Botanical Garden
wfo-0000024381,Shrub or tree,habit,09F2B374-4320-465A-A8E4-7AEC5FA3895A,English,2013-06-17,,,,http://creativecommons.org/licenses/by/4.0,Missouri Botanical Garden,Missouri Botanical Garden
wfo-0000591325,shrubs,habit,37533212-61FD-46FD-B490-084FB8CEC649,English,2013-07-22,,,,http://creativecommons.org/licenses/by/4.0,Missouri Botanical Garden,Missouri Botanical Garden
wfo-0000042742,Shrubs or small trees,habit,1E991E70-D1E7-4DE5-A22E-18FFD3DC416B,English,2013-06-03,,,,http://creativecommons.org/licenses/by/4.0,Missouri Botanical Garden,Missouri Botanical Garden
wfo-0000005586,Herbs or small shrubs,habit,A78A6F3E-E0DA-4B15-9969-EB595943D2D3,English,2013-06-03,,,,http://creativecommons.org/licenses/by/4.0,Missouri Botanical Garden,Missouri Botanical Garden
wfo-0000591288,shrub,habit,50EB17E4-ED66-4F02-8F6B-AF76F6C41C01,English,2013-07-22,,,,http://creativecommons.org/licenses/by/4.0,Missouri Botanical Garden,Missouri Botanical Garden
wfo-0000067484,Woody herbs or reclining shrubs,habit,7EC16896-3746-40D6-AD17-E52CECA9AE2F,English,2013-06-04,,,,http://creativecommons.org/licenses/by/4.0,Missouri Botanical Garden,Missouri Botanical Garden
wfo-0000137243,herbs,habit,D9354728-067D-4201-B100-A44CE90276FC,English,2013-06-20,,,,http://creativecommons.org/licenses/by/4.0,Missouri Botanical Garden,Missouri Botanical Garden
wfo-0000591308,shrub,habit,A6A5A0E1-9148-4B3D-A10B-342B09F85ABB,English,2013-07-22,,,,http://creativecommons.org/licenses/by/4.0,Missouri Botanical Garden,Missouri Botanical Garden
wfo-0000076948,herbs,habit,E447D031-A73D-4D27-823D-8F63F0970FBE,English,2013-06-14,,,,http://creativecommons.org/licenses/by/4.0,Missouri Botanical Garden,Missouri Botanical Garden
wfo-0000591395,shrubs,habit,39565633-2623-40E7-B1D4-819CD72B24E9,English,2013-07-22,,,,http://creativecommons.org/licenses/by/4.0,Missouri Botanical Garden,Missouri Botanical Garden
wfo-0000085544,herbs or small shrubs,habit,D381E026-0665-462C-9928-66C539E95A25,English,2013-06-05,,,,http://creativecommons.org/licenses/by/4.0,Missouri Botanical Garden,Missouri Botanical Garden
wfo-0000104614,herbs,habit,86663BA1-C6FC-4ADC-9E91-1E007CAEC475,English,2013-06-18,,,,http://creativecommons.org/licenses/by/4.0,Missouri Botanical Garden,Missouri Botanical Garden
wfo-0000131102,herb,habit,6EC80278-5547-45BE-94A2-52B19B446E18,English,2013-06-13,,,,http://creativecommons.org/licenses/by/4.0,Missouri Botanical Garden,Missouri Botanical Garden
wfo-0000135734,herb,habit,68977563-D7AF-4BB1-9E50-16181C5D4D7C,English,2013-06-13,,,,http://creativecommons.org/licenses/by/4.0,Missouri Botanical Garden,Missouri Botanical Garden
wfo-0000013942,herbs or subshrubs,habit,4F9F8D1A-7E11-424C-A979-3108D0ABFF71,English,2013-06-04,,,,http://creativecommons.org/licenses/by/4.0,Missouri Botanical Garden,Missouri Botanical Garden
wfo-0000008540,liana,habit,930D1227-72F3-4E20-B287-43913C258C6E,English,2013-06-20,,,,http://creativecommons.org/licenses/by/4.0,Missouri Botanical Garden,Missouri Botanical Garden
wfo-0000032100,"shrublike, short-lived herb",habit,9CAA7DF9-D9C8-4990-9674-A6B2CD05F6C1,English,2013-06-17,,,,http://creativecommons.org/licenses/by/4.0,Missouri Botanical Garden,Missouri Botanical Garden
wfo-0000021320,herbs,habit,99774833-E5DD-42B5-B839-85F32B69317F,English,2013-06-20,,,,http://creativecommons.org/licenses/by/4.0,Missouri Botanical Garden,Missouri Botanical Garden
wfo-0000016783,shrub,habit,6FCCBC80-A5D6-4B00-82A2-217FDD1A8D6F,English,2013-06-17,,,,http://creativecommons.org/licenses/by/4.0,Missouri Botanical Garden,Missouri Botanical Garden
wfo-0000009250,herbs,habit,5FABAB88-6415-4746-8CF6-E767F2AA4E6C,English,2013-06-14,,,,http://creativecommons.org/licenses/by/4.0,Missouri Botanical Garden,Missouri Botanical Garden
wfo-0000090601,Subshrub or shrub,habit,89614855-249A-4AEA-8E8E-7EDFAFED5ED6,English,2013-06-04,,,,http://creativecommons.org/licenses/by/4.0,Missouri Botanical Garden,Missouri Botanical Garden
wfo-0000004212,shrub,habit,692093B3-C8ED-4687-94DB-D2BD5315EDA1,English,2013-06-04,,,,http://creativecommons.org/licenses/by/4.0,Missouri Botanical Garden,Missouri Botanical Garden
wfo-0000020943,herbs or subshrubs,habit,5CC55970-F5F1-4622-AA63-263281F6B184,English,2013-06-04,,,,http://creativecommons.org/licenses/by/4.0,Missouri Botanical Garden,Missouri Botanical Garden
wfo-0000046697,Subshrub or shrub,habit,103BB369-0DC6-477A-9A66-BFC37443D129,English,2013-06-04,,,,http://creativecommons.org/licenses/by/4.0,Missouri Botanical Garden,Missouri Botanical Garden
wfo-0000096630,shrubs,habit,8E74B191-9745-48E3-B16A-54E32AF7E55C,English,2013-06-04,,,,http://creativecommons.org/licenses/by/4.0,Missouri Botanical Garden,Missouri Botanical Garden
wfo-0000114518,Shrubs,habit,482AEC23-F07F-4EDB-A444-385DBB1EBF5E,English,2013-06-04,,,,http://creativecommons.org/licenses/by/4.0,Missouri Botanical Garden,Missouri Botanical Garden
wfo-0000012833,herbs or subshrubs,habit,41239730-65A5-4EC1-86EA-4096C60BA1DD,English,2013-06-04,,,,http://creativecommons.org/licenses/by/4.0,Missouri Botanical Garden,Missouri Botanical Garden
wfo-0000081273,herbs or subshrubs,habit,5D294B01-D0F9-4B7A-8C71-D5320CFF0016,English,2013-06-04,,,,http://creativecommons.org/licenses/by/4.0,Missouri Botanical Garden,Missouri Botanical Garden
wfo-0000039084,herb or subshrub,habit,F014A863-8DCC-400E-A80B-70B8749EBB68,English,2013-06-04,,,,http://creativecommons.org/licenses/by/4.0,Missouri Botanical Garden,Missouri Botanical Garden
wfo-0000071287,Shrub or woody herb,habit,196F5208-410C-41AB-8248-43D6EFD4E0E6,English,2013-06-06,,,,http://creativecommons.org/licenses/by/4.0,Missouri Botanical Garden,Missouri Botanical Garden
wfo-0000139025,Shrub,habit,286E0204-32BE-43EB-96A7-B58B67B9868C,English,2013-06-04,,,,http://creativecommons.org/licenses/by/4.0,Missouri Botanical Garden,Missouri Botanical Garden
wfo-0000007759,Shrub or woody vine,habit,CCA486F9-2F2C-4853-AE27-3B6B097492DD,English,2013-06-06,,,,http://creativecommons.org/licenses/by/4.0,Missouri Botanical Garden,Missouri Botanical Garden
wfo-0000050339,herbs or subshrubs,habit,30018CE7-9298-4DC1-9D88-20F254B8A245,English,2013-06-04,,,,http://creativecommons.org/licenses/by/4.0,Missouri Botanical Garden,Missouri Botanical Garden
wfo-0000036648,herbs or subshrubs,habit,BDF71157-02A6-4518-B273-DE96A9269CB7,English,2013-06-04,,,,http://creativecommons.org/licenses/by/4.0,Missouri Botanical Garden,Missouri Botanical Garden
wfo-0000088009,herbs,habit,9043190A-72BD-4534-9A91-02222B707EFF,English,2013-06-04,,,,http://creativecommons.org/licenses/by/4.0,Missouri Botanical Garden,Missouri Botanical Garden
wfo-0000040970,herbs or subshrubs,habit,F2343FC2-37B4-4684-B343-D2643C57B538,English,2013-06-04,,,,http://creativecommons.org/licenses/by/4.0,Missouri Botanical Garden,Missouri Botanical Garden
wfo-0000048252,shrub,habit,A35DC668-8032-4A2F-9493-829407C0F006,English,2013-06-06,,,,http://creativecommons.org/licenses/by/4.0,Missouri Botanical Garden,Missouri Botanical Garden
wfo-0000029076,Shrubs or small trees,habit,71775863-94E3-4B5B-83D0-0F5A841B12C6,English,2013-06-04,,,,http://creativecommons.org/licenses/by/4.0,Missouri Botanical Garden,Missouri Botanical Garden
wfo-0000009622,Shrub or small tree,habit,BDF05D9E-C150-42C1-BEE7-8E0745B94236,English,2013-06-04,,,,http://creativecommons.org/licenses/by/4.0,Missouri Botanical Garden,Missouri Botanical Garden
wfo-0000087007,herb,habit,72E89191-2DC9-4F17-94E2-605FDE3E1A01,English,2013-06-17,,,,http://creativecommons.org/licenses/by/4.0,Missouri Botanical Garden,Missouri Botanical Garden
wfo-0000136590,herbs,habit,6263A751-2933-478C-8A4F-23AEBB515F51,English,2013-06-17,,,,http://creativecommons.org/licenses/by/4.0,Missouri Botanical Garden,Missouri Botanical Garden
wfo-0000048092,Herb,habit,F244F461-914D-45B2-9ADC-C3D8F053EDEA,English,2013-06-13,,,,http://creativecommons.org/licenses/by/4.0,Missouri Botanical Garden,Missouri Botanical Garden
wfo-0000120558,herb,habit,12F7B7CC-FA07-4990-B0DF-8B836E2B5814,English,2013-06-04,,,,http://creativecommons.org/licenses/by/4.0,Missouri Botanical Garden,Missouri Botanical Garden
wfo-0000106145,Shrub,habit,D58E505B-14CB-4A6F-ACE8-7DFA9E051DE9,English,2013-06-18,,,,http://creativecommons.org/licenses/by/4.0,Missouri Botanical Garden,Missouri Botanical Garden
wfo-0000057267,Small shrubs or woody herbs,habit,C1036931-B8AC-47F0-98D1-DE2454E244ED,English,2013-06-04,,,,http://creativecommons.org/licenses/by/4.0,Missouri Botanical Garden,Missouri Botanical Garden
wfo-0000090695,Shrubs or woody herbs,habit,E91E7622-AFDA-4AF3-B4CE-999EC991C537,English,2013-06-04,,,,http://creativecommons.org/licenses/by/4.0,Missouri Botanical Garden,Missouri Botanical Garden
wfo-0000109198,herbs,habit,92671BF4-5D9B-40B7-A417-DD2389CC0B53,English,2013-06-20,,,,http://creativecommons.org/licenses/by/4.0,Missouri Botanical Garden,Missouri Botanical Garden
wfo-0000163938,vine,habit,59DF2D24-4E0F-4037-9EF2-A52F65256FAD,English,2012-11-26,,,,http://creativecommons.org/licenses/by/4.0,Missouri Botanical Garden,Missouri Botanical Garden
wfo-0000123746,shrub,habit,840F2E99-55C2-46A1-B195-AD25CC41EB19,English,2013-06-14,,,,http://creativecommons.org/licenses/by/4.0,Missouri Botanical Garden,Missouri Botanical Garden
wfo-0000060198,Shrub,habit,08DE1DD9-D544-47D8-82F7-F76A2E431FD3,English,2013-06-14,,,,http://creativecommons.org/licenses/by/4.0,Missouri Botanical Garden,Missouri Botanical Garden
wfo-0000067044,Shrub,habit,F14B7C04-7345-4E4F-8E1C-D4835233000F,English,2013-06-14,,,,http://creativecommons.org/licenses/by/4.0,Missouri Botanical Garden,Missouri Botanical Garden
wfo-0000017926,shrub,habit,4C098499-7F2C-439B-87B8-23783B1EADC8,English,2013-06-14,,,,http://creativecommons.org/licenses/by/4.0,Missouri Botanical Garden,Missouri Botanical Garden
wfo-0000036270,Shrub,habit,304E27F8-51BC-4116-A5ED-29FB6DC79BA7,English,2013-06-14,,,,http://creativecommons.org/licenses/by/4.0,Missouri Botanical Garden,Missouri Botanical Garden
wfo-0000165652,trees,habit,30A47207-E49E-4A23-A8A7-DDDEFF6795BF,English,2012-11-27,,,,http://creativecommons.org/licenses/by/4.0,Missouri Botanical Garden,Missouri Botanical Garden
wfo-0000079371,Shrub,habit,10B9FAF8-CD15-48D8-8CAE-41229668A939,English,2013-06-14,,,,http://creativecommons.org/licenses/by/4.0,Missouri Botanical Garden,Missouri Botanical Garden
wfo-0000168388,vine,habit,A40C38FD-4BD2-4F95-9F36-AEDB0496B76C,English,2013-09-30,,,,http://creativecommons.org/licenses/by/4.0,Missouri Botanical Garden,Missouri Botanical Garden
wfo-0000011609,herbs or subshrubs,habit,64238CCB-8AFE-49CD-A40E-C931CD16C6C2,English,2013-06-04,,,,http://creativecommons.org/licenses/by/4.0,Missouri Botanical Garden,Missouri Botanical Garden
wfo-0000122977,herb,habit,37C8175F-164C-4B1D-9484-80472F671B76,English,2013-06-18,,,,http://creativecommons.org/licenses/by/4.0,Missouri Botanical Garden,Missouri Botanical Garden
wfo-0000137385,woody vines,habit,1FC10ED4-B444-44D5-AA80-F8E9ACE050F7,English,2013-06-04,,,,http://creativecommons.org/licenses/by/4.0,Missouri Botanical Garden,Missouri Botanical Garden
wfo-0000086736,shrubs or small trees,habit,D031C0E2-9760-41E1-AFE0-657CA2A7B6D0,English,2013-06-05,,,,http://creativecommons.org/licenses/by/4.0,Missouri Botanical Garden,Missouri Botanical Garden
wfo-0000080121,herb or shrub,habit,869B24B0-10D8-4160-8658-8D9C7397A115,English,2013-06-18,,,,http://creativecommons.org/licenses/by/4.0,Missouri Botanical Garden,Missouri Botanical Garden
wfo-0000065258,herb or shrub,habit,2E2BFB3D-A729-441E-9A72-3ACDDA959EBD,English,2013-06-05,,,,http://creativecommons.org/licenses/by/4.0,Missouri Botanical Garden,Missouri Botanical Garden
wfo-0000027213,herbs,habit,01792DB7-4E2F-4FC4-90D5-AEE38C20C1A4,English,2013-06-13,,,,http://creativecommons.org/licenses/by/4.0,Missouri Botanical Garden,Missouri Botanical Garden
wfo-0000132759,herbs,habit,4B8EF718-8427-4051-ADCF-E853A66163AA,English,2013-06-03,,,,http://creativecommons.org/licenses/by/4.0,Missouri Botanical Garden,Missouri Botanical Garden
wfo-0000068712,herbs,habit,BBADFB03-180B-4D23-9146-E5ADF9A12ABA,English,2013-06-03,,,,http://creativecommons.org/licenses/by/4.0,Missouri Botanical Garden,Missouri Botanical Garden
wfo-0000051905,herb,habit,49F43B95-8455-4BB1-8E18-9202CF2663DC,English,2013-06-19,,,,http://creativecommons.org/licenses/by/4.0,Missouri Botanical Garden,Missouri Botanical Garden
wfo-0000035577,herbs,habit,69265CAA-D1AD-4B63-9828-6CB19B01EB3C,English,2013-06-06,,,,http://creativecommons.org/licenses/by/4.0,Missouri Botanical Garden,Missouri Botanical Garden
wfo-0000039293,herbs or subshrubs,habit,8A9B9083-9F29-4628-925C-27F433C11DA6,English,2013-06-05,,,,http://creativecommons.org/licenses/by/4.0,Missouri Botanical Garden,Missouri Botanical Garden
wfo-0000067656,herbs or vines,habit,0FB2D36B-7D3F-43D0-8192-44C3CA66DCB2,English,2013-06-05,,,,http://creativecommons.org/licenses/by/4.0,Missouri Botanical Garden,Missouri Botanical Garden
wfo-0000023692,herbs or subshrubs,habit,D92DA40B-38BB-4EE8-A832-F82F3C11409E,English,2013-06-05,,,,http://creativecommons.org/licenses/by/4.0,Missouri Botanical Garden,Missouri Botanical Garden
wfo-0000079016,herbs,habit,2232B325-8A20-414F-8EB3-147A9B87073D,English,2013-06-05,,,,http://creativecommons.org/licenses/by/4.0,Missouri Botanical Garden,Missouri Botanical Garden
wfo-0000066632,herb,habit,B2B648FD-0B27-4C7C-8515-7C7D5690486B,English,2013-06-05,,,,http://creativecommons.org/licenses/by/4.0,Missouri Botanical Garden,Missouri Botanical Garden
wfo-0000114650,herb,habit,F0E0AC69-F4CE-41F0-B288-334BBEE8EEA1,English,2013-06-05,,,,http://creativecommons.org/licenses/by/4.0,Missouri Botanical Garden,Missouri Botanical Garden
wfo-0000135749,herbs or subshrubs,habit,1E13C7B4-B0CD-44F7-8397-D6F6EB0BED5D,English,2013-06-05,,,,http://creativecommons.org/licenses/by/4.0,Missouri Botanical Garden,Missouri Botanical Garden
wfo-0000019337,Vine,habit,AA072EC8-41DF-4113-88B9-CB7C924E42FE,English,2013-06-20,,,,http://creativecommons.org/licenses/by/4.0,Missouri Botanical Garden,Missouri Botanical Garden
wfo-0000123777,herb or subshrub,habit,BB550D27-D36A-46C3-A4FD-6F2435E81664,English,2013-06-05,,,,http://creativecommons.org/licenses/by/4.0,Missouri Botanical Garden,Missouri Botanical Garden
wfo-0000028863,herb,habit,48627FC2-4146-45BD-9485-862B40EFDB2A,English,2013-06-05,,,,http://creativecommons.org/licenses/by/4.0,Missouri Botanical Garden,Missouri Botanical Garden
wfo-0000131109,shrub,habit,1336BB24-FB97-40C2-B81F-95B6E9CE65F3,English,2013-06-05,,,,http://creativecommons.org/licenses/by/4.0,Missouri Botanical Garden,Missouri Botanical Garden
wfo-0000130844,herb,habit,3991DCA6-DF0C-4206-830D-2CAE8CBF57E6,English,2013-06-13,,,,http://creativecommons.org/licenses/by/4.0,Missouri Botanical Garden,Missouri Botanical Garden
wfo-0000090649,Shrubs or small tree,habit,E7AE4E19-3D41-4ED5-9B72-705DE5F49C2B,English,2013-06-05,,,,http://creativecommons.org/licenses/by/4.0,Missouri Botanical Garden,Missouri Botanical Garden
wfo-0000134609,shrubs,habit,C6CACD00-FB16-4DCC-8567-FCF45429BDC8,English,2013-06-06,,,,http://creativecommons.org/licenses/by/4.0,Missouri Botanical Garden,Missouri Botanical Garden
wfo-0000027592,herbs or shrubs,habit,513CE99D-484B-4293-9DCC-06DD33D2FED9,English,2013-06-05,,,,http://creativecommons.org/licenses/by/4.0,Missouri Botanical Garden,Missouri Botanical Garden
wfo-0000001936,herb,habit,391CE7F7-FF33-4121-A67C-6B9A8D45759A,English,2013-06-20,,,,http://creativecommons.org/licenses/by/4.0,Missouri Botanical Garden,Missouri Botanical Garden
wfo-0000019002,shrub,habit,D792F87C-00ED-4CF1-9A1E-7BBE9DBCE3C7,English,2013-06-14,,,,http://creativecommons.org/licenses/by/4.0,Missouri Botanical Garden,Missouri Botanical Garden
wfo-0000075418,Shrubs,habit,F2B809CF-F906-4107-B0F9-D6B3E761DA98,English,2013-06-05,,,,http://creativecommons.org/licenses/by/4.0,Missouri Botanical Garden,Missouri Botanical Garden
wfo-0001130530,Shrubs or small trees,habit,5BE87970-BB83-48F3-93D0-430C19B4B8BE,English,2013-06-05,,,,http://creativecommons.org/licenses/by/4.0,Missouri Botanical Garden,Missouri Botanical Garden
wfo-0000110144,herb,habit,4FAD74A2-1149-4858-BBF8-4B3CBAF183D9,English,2013-06-17,,,,http://creativecommons.org/licenses/by/4.0,Missouri Botanical Garden,Missouri Botanical Garden
wfo-0000060716,Shrubs or subshrubs,habit,F75320C0-079F-4C00-85FE-B4C8B4DDDC24,English,2013-06-05,,,,http://creativecommons.org/licenses/by/4.0,Missouri Botanical Garden,Missouri Botanical Garden
wfo-0000132223,Shrubs or small trees,habit,B746C0EF-50D8-45ED-9B0C-369597AE2CED,English,2013-06-05,,,,http://creativecommons.org/licenses/by/4.0,Missouri Botanical Garden,Missouri Botanical Garden
wfo-0000122837,herb,habit,4BFFF489-A1A2-463C-A2B8-714E972EEAC6,English,2013-06-06,,,,http://creativecommons.org/licenses/by/4.0,Missouri Botanical Garden,Missouri Botanical Garden
wfo-0000062675,Shrub or tree,habit,A4EFC065-57F9-43AB-AF9C-2219EA56E41C,English,2013-06-17,,,,http://creativecommons.org/licenses/by/4.0,Missouri Botanical Garden,Missouri Botanical Garden
wfo-0000012520,herb,habit,DB42D980-C7DF-4F41-834C-ADC800C0A326,English,2013-06-17,,,,http://creativecommons.org/licenses/by/4.0,Missouri Botanical Garden,Missouri Botanical Garden
wfo-0000005168,shrub,habit,3EF0CC0D-9A14-4890-8EE8-DF074F0280D1,English,2013-06-20,,,,http://creativecommons.org/licenses/by/4.0,Missouri Botanical Garden,Missouri Botanical Garden
wfo-0000044113,herb,habit,04966988-F662-4DA9-AEF3-40033E557E58,English,2013-06-14,,,,http://creativecommons.org/licenses/by/4.0,Missouri Botanical Garden,Missouri Botanical Garden
wfo-0000138571,vines,habit,9D5AE149-9233-46A1-899D-311FE9A87E30,English,2013-06-05,,,,http://creativecommons.org/licenses/by/4.0,Missouri Botanical Garden,Missouri Botanical Garden
wfo-0000128798,vines,habit,5BB147DA-C2F9-46DF-B5C3-BDFE2B26ED75,English,2013-06-05,,,,http://creativecommons.org/licenses/by/4.0,Missouri Botanical Garden,Missouri Botanical Garden
wfo-0000077481,vines,habit,8806E193-B687-4619-8C61-150D7E4FEB7E,English,2013-06-05,,,,http://creativecommons.org/licenses/by/4.0,Missouri Botanical Garden,Missouri Botanical Garden
wfo-0000076862,vines,habit,0C88FB5C-0E83-4EF8-829A-37A759043A68,English,2013-06-05,,,,http://creativecommons.org/licenses/by/4.0,Missouri Botanical Garden,Missouri Botanical Garden
wfo-0000012058,vines,habit,6FDC0568-7091-49FF-90F7-BA7356912561,English,2013-06-05,,,,http://creativecommons.org/licenses/by/4.0,Missouri Botanical Garden,Missouri Botanical Garden
wfo-0000068396,vines,habit,FCF64ECD-5725-4C9A-A640-5EEEAEB11B46,English,2013-06-05,,,,http://creativecommons.org/licenses/by/4.0,Missouri Botanical Garden,Missouri Botanical Garden
wfo-0000075450,vines or subshrubs,habit,2157D6D0-CBCD-4377-A34B-B26E44761CD7,English,2013-06-05,,,,http://creativecommons.org/licenses/by/4.0,Missouri Botanical Garden,Missouri Botanical Garden
wfo-0000030628,vines,habit,B965B164-1409-4E99-8DA8-9AD10ABDB4CD,English,2013-06-05,,,,http://creativecommons.org/licenses/by/4.0,Missouri Botanical Garden,Missouri Botanical Garden
wfo-0000001229,herbs,habit,F3D4F61C-2830-45F9-917F-55990AC0DD62,English,2013-06-14,,,,http://creativecommons.org/licenses/by/4.0,Missouri Botanical Garden,Missouri Botanical Garden
wfo-0000026085,shrubs,habit,8511623F-C501-4C24-861E-669537CBC3D4,English,2013-06-05,,,,http://creativecommons.org/licenses/by/4.0,Missouri Botanical Garden,Missouri Botanical Garden
wfo-0000050394,shrubs,habit,BFA0ED34-5DDB-4FAF-83E9-F7E5438ABA30,English,2013-06-06,,,,http://creativecommons.org/licenses/by/4.0,Missouri Botanical Garden,Missouri Botanical Garden
wfo-0000003831,Shrubs,habit,AFFF6DEF-0C4E-461E-ACE6-DACC7EC741F5,English,2013-06-06,,,,http://creativecommons.org/licenses/by/4.0,Missouri Botanical Garden,Missouri Botanical Garden
wfo-0000073726,shrubs,habit,0D768012-5638-4F01-BE56-691220F74106,English,2013-06-06,,,,http://creativecommons.org/licenses/by/4.0,Missouri Botanical Garden,Missouri Botanical Garden
wfo-0000007551,shrubs,habit,33F195E9-5116-4299-9D3F-BB95B129F502,English,2013-06-06,,,,http://creativecommons.org/licenses/by/4.0,Missouri Botanical Garden,Missouri Botanical Garden
wfo-0000038170,shrubs,habit,5133214F-C778-407C-AECD-08DA9E8AC409,English,2013-06-06,,,,http://creativecommons.org/licenses/by/4.0,Missouri Botanical Garden,Missouri Botanical Garden
wfo-0000129470,herbs or shrubs,habit,3A823F4E-4FA4-43BB-8B0E-648ED03E32CA,English,2013-06-06,,,,http://creativecommons.org/licenses/by/4.0,Missouri Botanical Garden,Missouri Botanical Garden
wfo-0000117343,herbs,habit,92233A5A-2C23-448F-989F-29435767FABB,English,2013-06-06,,,,http://creativecommons.org/licenses/by/4.0,Missouri Botanical Garden,Missouri Botanical Garden
wfo-0000018398,shrubs,habit,E78F85CF-E871-4541-A2B8-D0FA226FD1E5,English,2013-06-06,,,,http://creativecommons.org/licenses/by/4.0,Missouri Botanical Garden,Missouri Botanical Garden
wfo-0000088576,herbs or shrubs,habit,F18832AF-1E28-4E4A-B486-BF3B0094124C,English,2013-06-06,,,,http://creativecommons.org/licenses/by/4.0,Missouri Botanical Garden,Missouri Botanical Garden
wfo-0000023293,Shrubs,habit,1524F18D-2098-4E43-91A8-A3F6DFF73C7B,English,2013-06-20,,,,http://creativecommons.org/licenses/by/4.0,Missouri Botanical Garden,Missouri Botanical Garden
wfo-0000079948,herbs,habit,07063F1F-661E-44A0-92AF-56EC1F652C69,English,2013-06-17,,,,http://creativecommons.org/licenses/by/4.0,Missouri Botanical Garden,Missouri Botanical Garden
wfo-0000073582,herbs,habit,DFE2B673-5B2D-4F91-ABEA-6879DB6ABEF4,English,2013-06-18,,,,http://creativecommons.org/licenses/by/4.0,Missouri Botanical Garden,Missouri Botanical Garden
wfo-0000036114,herbs,habit,B73750DA-87E2-4758-B284-B3ACE98FCB0C,English,2013-06-06,,,,http://creativecommons.org/licenses/by/4.0,Missouri Botanical Garden,Missouri Botanical Garden
wfo-0000072311,shrub,habit,1797314D-DE9F-4EDA-8C68-C12950C1A84F,English,2013-06-13,,,,http://creativecommons.org/licenses/by/4.0,Missouri Botanical Garden,Missouri Botanical Garden
wfo-0000096822,shrub to small tree,habit,E22E9742-EE61-4B03-81AA-163474FAF835,English,2013-06-03,,,,http://creativecommons.org/licenses/by/4.0,Missouri Botanical Garden,Missouri Botanical Garden
wfo-0000107838,Herbs,habit,E53A5A1A-91DC-4E7F-A696-4BC5EEC2B822,English,2013-06-19,,,,http://creativecommons.org/licenses/by/4.0,Missouri Botanical Garden,Missouri Botanical Garden
wfo-0000779382,Liana,habit,416DDBC1-C810-40DA-A511-AFD096EF1C42,English,2013-05-21,,,,http://creativecommons.org/licenses/by/4.0,Missouri Botanical Garden,Missouri Botanical Garden
wfo-0000084717,herbs,habit,B94537CA-8ECF-4E1B-AC49-8B04110EE1C5,English,2013-06-03,,,,http://creativecommons.org/licenses/by/4.0,Missouri Botanical Garden,Missouri Botanical Garden
wfo-0000127103,subshrub,habit,4AD04FA8-9CA3-495C-B747-15B750425EA6,English,2013-06-20,,,,http://creativecommons.org/licenses/by/4.0,Missouri Botanical Garden,Missouri Botanical Garden
wfo-0000066189,herb,habit,AE8D0D5B-B82D-4541-BF78-1A2D6995D5CF,English,2013-06-17,,,,http://creativecommons.org/licenses/by/4.0,Missouri Botanical Garden,Missouri Botanical Garden
wfo-0000779488,Liana,habit,AFA231B3-A159-43FE-8C4B-B87DD527E721,English,2013-05-21,,,,http://creativecommons.org/licenses/by/4.0,Missouri Botanical Garden,Missouri Botanical Garden
wfo-0000135829,herb,habit,F6C66F80-D7CB-47A8-A2B4-E6B45A101E41,English,2013-06-20,,,,http://creativecommons.org/licenses/by/4.0,Missouri Botanical Garden,Missouri Botanical Garden
wfo-0000008776,herb or shrub,habit,BC293F1F-0AF0-4A94-9216-E090E9AA4AEE,English,2013-06-20,,,,http://creativecommons.org/licenses/by/4.0,Missouri Botanical Garden,Missouri Botanical Garden
wfo-0000098060,herb,habit,5465888F-85B7-4A7F-AF22-1F037F9CB7B0,English,2013-06-20,,,,http://creativecommons.org/licenses/by/4.0,Missouri Botanical Garden,Missouri Botanical Garden
wfo-0000013344,herb,habit,67CBB852-E21F-4320-B29E-C768D8D307A2,English,2013-06-17,,,,http://creativecommons.org/licenses/by/4.0,Missouri Botanical Garden,Missouri Botanical Garden
wfo-0000009230,herb,habit,999C5C7B-4975-4368-BCEE-7153C7F5A616,English,2013-06-17,,,,http://creativecommons.org/licenses/by/4.0,Missouri Botanical Garden,Missouri Botanical Garden
wfo-0000030242,herbs,habit,086AB00B-6678-4132-BB58-D9E103B371A5,English,2013-06-04,,,,http://creativecommons.org/licenses/by/4.0,Missouri Botanical Garden,Missouri Botanical Garden
wfo-0000122917,herbs,habit,6A35308C-9927-4DD6-9126-15470A8DDF5F,English,2013-06-06,,,,http://creativecommons.org/licenses/by/4.0,Missouri Botanical Garden,Missouri Botanical Garden
wfo-0000016646,Shrubs,habit,EF5BB8E3-E49C-44D7-B42F-3789396DC3A6,English,2013-06-06,,,,http://creativecommons.org/licenses/by/4.0,Missouri Botanical Garden,Missouri Botanical Garden
wfo-0000121186,herbs,habit,3360BAC0-A97F-4C0B-A7AF-1A738E68E6CE,English,2013-06-19,,,,http://creativecommons.org/licenses/by/4.0,Missouri Botanical Garden,Missouri Botanical Garden
wfo-0000078764,Herbs,habit,CD129413-11BB-42AD-9C6D-161AF30AA92E,English,2013-06-18,,,,http://creativecommons.org/licenses/by/4.0,Missouri Botanical Garden,Missouri Botanical Garden
wfo-0000100234,herbs,habit,818439AE-9184-46F9-A547-15D3B290A66A,English,2013-06-14,,,,http://creativecommons.org/licenses/by/4.0,Missouri Botanical Garden,Missouri Botanical Garden
wfo-0000136637,herb,habit,0D783700-0EE9-4D64-82EB-275A138020EA,English,2013-06-17,,,,http://creativecommons.org/licenses/by/4.0,Missouri Botanical Garden,Missouri Botanical Garden
wfo-0000825611,Herb,habit,EB554512-3B23-43CE-A23B-F9510D09FDBD,English,2012-11-29,,,,http://creativecommons.org/licenses/by/4.0,Missouri Botanical Garden,Missouri Botanical Garden
wfo-0000115735,Herb or weak shrub,habit,BB5BB337-9D7D-40C8-B53E-2F6E7EEA3BFC,English,2013-06-17,,,,http://creativecommons.org/licenses/by/4.0,Missouri Botanical Garden,Missouri Botanical Garden
wfo-0000117795,Shrubs,habit,CCE8DC91-1911-45D7-911A-668BAE8F12F4,English,2013-06-03,,,,http://creativecommons.org/licenses/by/4.0,Missouri Botanical Garden,Missouri Botanical Garden
wfo-0000028207,herb,habit,8E0A4F49-2530-426C-98C3-686A24D59A27,English,2013-06-17,,,,http://creativecommons.org/licenses/by/4.0,Missouri Botanical Garden,Missouri Botanical Garden
wfo-0000126771,herb or subshrub,habit,43CB3CA1-57E5-4C17-99DD-F70D964B18C8,English,2013-06-17,,,,http://creativecommons.org/licenses/by/4.0,Missouri Botanical Garden,Missouri Botanical Garden
wfo-0000115297,Herb,habit,3D5DA19E-518B-4053-8FE2-F24E8F242A40,English,2013-06-17,,,,http://creativecommons.org/licenses/by/4.0,Missouri Botanical Garden,Missouri Botanical Garden
wfo-0000031273,woody vine,habit,D5EAED45-F6F0-41E5-90BF-18504AF9D152,English,2013-06-17,,,,http://creativecommons.org/licenses/by/4.0,Missouri Botanical Garden,Missouri Botanical Garden
wfo-0000116170,shrub,habit,E633CFA9-0502-4C6E-9214-6BE374F75037,English,2013-06-17,,,,http://creativecommons.org/licenses/by/4.0,Missouri Botanical Garden,Missouri Botanical Garden
wfo-0000116343,Shrub,habit,6D37C006-7293-4500-A4DE-8260F8A9B4EF,English,2013-06-04,,,,http://creativecommons.org/licenses/by/4.0,Missouri Botanical Garden,Missouri Botanical Garden
wfo-0000121668,Shrub,habit,2E37CE3B-051D-4EC3-8BC1-A5C12A56D4C7,English,2013-06-18,,,,http://creativecommons.org/licenses/by/4.0,Missouri Botanical Garden,Missouri Botanical Garden
wfo-0000059727,herbs,habit,77B28F8D-C825-4F59-9148-41A56C393172,English,2013-06-18,,,,http://creativecommons.org/licenses/by/4.0,Missouri Botanical Garden,Missouri Botanical Garden
wfo-0000082730,herb,habit,8BCCE8F7-D30A-4956-8196-F8894CE69C1D,English,2013-06-19,,,,http://creativecommons.org/licenses/by/4.0,Missouri Botanical Garden,Missouri Botanical Garden
wfo-0000125595,Shrub,habit,84C0F24B-CB9E-4E1C-B17A-2B7CD7FE6D0B,English,2013-06-14,,,,http://creativecommons.org/licenses/by/4.0,Missouri Botanical Garden,Missouri Botanical Garden
wfo-0000090791,Shrub,habit,4F0E45A7-3C7A-4053-B176-BE7D549FE2D9,English,2013-06-14,,,,http://creativecommons.org/licenses/by/4.0,Missouri Botanical Garden,Missouri Botanical Garden
wfo-0000005955,subshrub,habit,12DF0A09-7CB7-4068-8AF4-0FE062BBA6B7,English,2013-06-06,,,,http://creativecommons.org/licenses/by/4.0,Missouri Botanical Garden,Missouri Botanical Garden
wfo-0000094969,herbs,habit,26458863-67E2-441F-A72A-77344B65428D,English,2013-06-18,,,,http://creativecommons.org/licenses/by/4.0,Missouri Botanical Garden,Missouri Botanical Garden
wfo-0000059352,subshrub,habit,CBBB9EF9-835C-453F-9B11-641A83D86EFA,English,2013-06-19,,,,http://creativecommons.org/licenses/by/4.0,Missouri Botanical Garden,Missouri Botanical Garden
wfo-0000118505,vines,habit,CC4A6672-544B-4763-9AAA-4F9668E3D255,English,2013-06-05,,,,http://creativecommons.org/licenses/by/4.0,Missouri Botanical Garden,Missouri Botanical Garden
wfo-0000117817,vines,habit,13751F4F-B3A5-461D-A389-0A68A2929227,English,2013-06-05,,,,http://creativecommons.org/licenses/by/4.0,Missouri Botanical Garden,Missouri Botanical Garden
wfo-0000019549,vines,habit,650ACEA5-3555-43F9-8814-CD100633AFDD,English,2013-06-05,,,,http://creativecommons.org/licenses/by/4.0,Missouri Botanical Garden,Missouri Botanical Garden
wfo-0000037513,Shrubs,habit,B9F9E062-73B8-41AA-ABB0-2EA2440062C3,English,2013-06-03,,,,http://creativecommons.org/licenses/by/4.0,Missouri Botanical Garden,Missouri Botanical Garden
wfo-0000020509,herbs,habit,3A985725-A594-457E-8B72-DB948FE7292E,English,2013-06-14,,,,http://creativecommons.org/licenses/by/4.0,Missouri Botanical Garden,Missouri Botanical Garden
wfo-0000085335,herb or subshrub,habit,0C446A7C-3821-4A46-B34A-9CEC76672054,English,2013-06-20,,,,http://creativecommons.org/licenses/by/4.0,Missouri Botanical Garden,Missouri Botanical Garden
wfo-0000131349,Liana,habit,1ECD279B-2C5C-4F7F-B8C3-E2E2F48BB0F4,English,2013-06-20,,,,http://creativecommons.org/licenses/by/4.0,Missouri Botanical Garden,Missouri Botanical Garden
wfo-0000020895,Shrub or small tree,habit,FDB6C672-9E48-461C-A6F2-5334873E6E5F,English,2013-06-20,,,,http://creativecommons.org/licenses/by/4.0,Missouri Botanical Garden,Missouri Botanical Garden
wfo-0000069236,herb,habit,A14F47BD-836E-4023-9E19-19A997D551AA,English,2013-06-20,,,,http://creativecommons.org/licenses/by/4.0,Missouri Botanical Garden,Missouri Botanical Garden
wfo-0000127239,herb,habit,8E1E7C61-B761-4F03-A310-03A720AF8C0B,English,2013-06-13,,,,http://creativecommons.org/licenses/by/4.0,Missouri Botanical Garden,Missouri Botanical Garden
wfo-0000086034,herbs,habit,6740AAFB-B80D-4E0C-9F15-D39F6C57DED4,English,2013-06-18,,,,http://creativecommons.org/licenses/by/4.0,Missouri Botanical Garden,Missouri Botanical Garden
wfo-0000824003,Herb,habit,A160B77A-1A8C-4A1A-892A-959820B3D19A,English,2012-11-29,,,,http://creativecommons.org/licenses/by/4.0,Missouri Botanical Garden,Missouri Botanical Garden
wfo-0000074809,herbs,habit,FA175B35-655F-4543-BA0E-2214992A627A,English,2013-06-20,,,,http://creativecommons.org/licenses/by/4.0,Missouri Botanical Garden,Missouri Botanical Garden
wfo-0000823709,Herb,habit,D70D9F91-1C15-4D4F-A519-9BA9B5011F7C,English,2012-11-29,,,,http://creativecommons.org/licenses/by/4.0,Missouri Botanical Garden,Missouri Botanical Garden
wfo-0000050095,herbs or subshrubs,habit,A18C8955-4A03-4BA0-956A-36929011A1C7,English,2013-06-03,,,,http://creativecommons.org/licenses/by/4.0,Missouri Botanical Garden,Missouri Botanical Garden
wfo-0000731143,Herb,habit,853CBF93-82B0-4F4B-B227-1F3580042584,English,2013-03-13,,,,http://creativecommons.org/licenses/by/4.0,Missouri Botanical Garden,Missouri Botanical Garden
wfo-0000823948,vine,habit,05F4A038-2170-42F1-A086-F3FB3303C27B,English,2012-11-29,,,,http://creativecommons.org/licenses/by/4.0,Missouri Botanical Garden,Missouri Botanical Garden
wfo-0000823202,herb vine,habit,13ED46AF-FE4A-490E-97F4-24C7A7CCBBAA,English,2013-08-09,,,,http://creativecommons.org/licenses/by/4.0,Missouri Botanical Garden,Missouri Botanical Garden
wfo-0000823015,Vines,habit,7A150636-580F-476D-8533-E7129454EEC7,English,2013-08-09,,,,http://creativecommons.org/licenses/by/4.0,Missouri Botanical Garden,Missouri Botanical Garden
wfo-0000824105,Herb,habit,080B3584-2B13-4F5A-AEE6-158458B86CD1,English,2012-11-29,,,,http://creativecommons.org/licenses/by/4.0,Missouri Botanical Garden,Missouri Botanical Garden
wfo-0000320463,shrubs,habit,BB686D5E-E9DE-4CCE-B76A-586849025D97,English,2013-06-26,,,,http://creativecommons.org/licenses/by/4.0,Missouri Botanical Garden,Missouri Botanical Garden
wfo-0000823599,Herb,habit,705392D2-22B4-4153-AB9F-EDB99E6608DC,English,2012-11-29,,,,http://creativecommons.org/licenses/by/4.0,Missouri Botanical Garden,Missouri Botanical Garden
wfo-0000824876,Herb,habit,1777A9EF-DD42-4083-BD86-070CAC855A2C,English,2012-11-29,,,,http://creativecommons.org/licenses/by/4.0,Missouri Botanical Garden,Missouri Botanical Garden
wfo-0000823604,Herb,habit,DD18A394-1E0B-4618-A16B-1FB20EDFB853,English,2012-11-29,,,,http://creativecommons.org/licenses/by/4.0,Missouri Botanical Garden,Missouri Botanical Garden
wfo-0000825155,Herb,habit,D45DFCEB-0DF9-4717-A457-2044C09CD5BE,English,2012-11-29,,,,http://creativecommons.org/licenses/by/4.0,Missouri Botanical Garden,Missouri Botanical Garden
wfo-0000825485,Shrub,habit,235492C4-9E24-44F5-840D-B2577D49A321,English,2012-11-29,,,,http://creativecommons.org/licenses/by/4.0,Missouri Botanical Garden,Missouri Botanical Garden
wfo-0000825491,Herb,habit,1EF8BE3D-88BD-44E1-A07A-61425EA57918,English,2012-11-29,,,,http://creativecommons.org/licenses/by/4.0,Missouri Botanical Garden,Missouri Botanical Garden
wfo-0000825619,Herb,habit,1AA3E592-76DC-4F6F-AEFB-7FCE144EF3F6,English,2012-11-29,,,,http://creativecommons.org/licenses/by/4.0,Missouri Botanical Garden,Missouri Botanical Garden
wfo-0000825829,Herb,habit,1590A6D7-5BC8-44D9-8207-E2AA175B684C,English,2012-11-29,,,,http://creativecommons.org/licenses/by/4.0,Missouri Botanical Garden,Missouri Botanical Garden
wfo-0000825880,Herb,habit,EA785EE1-8D64-4E25-868E-457FD2502227,English,2012-11-29,,,,http://creativecommons.org/licenses/by/4.0,Missouri Botanical Garden,Missouri Botanical Garden
wfo-0000825804,Herb,habit,82B8685F-AD1B-4FD4-8E92-017A49D3CB34,English,2012-11-29,,,,http://creativecommons.org/licenses/by/4.0,Missouri Botanical Garden,Missouri Botanical Garden
wfo-0000824136,herb,habit,FA3DAA98-9715-4E90-B428-37136A453D92,English,2012-11-29,,,,http://creativecommons.org/licenses/by/4.0,Missouri Botanical Garden,Missouri Botanical Garden
wfo-0000824024,Herb,habit,84B71B14-DE1F-4EC9-87F0-1AD335C1546B,English,2012-11-29,,,,http://creativecommons.org/licenses/by/4.0,Missouri Botanical Garden,Missouri Botanical Garden
wfo-0000823695,Herb,habit,CE1C43FF-B084-491C-9D4B-A61ED7A250C9,English,2012-11-29,,,,http://creativecommons.org/licenses/by/4.0,Missouri Botanical Garden,Missouri Botanical Garden
wfo-0000825885,Herb,habit,75C4A49C-375F-457E-9AE8-B6DB02B2442E,English,2012-11-29,,,,http://creativecommons.org/licenses/by/4.0,Missouri Botanical Garden,Missouri Botanical Garden
wfo-0000563593,shrubs,habit,5BA95459-7933-4DE6-80E1-55ACE39FFD38,English,2013-02-07,,,,http://creativecommons.org/licenses/by/4.0,Missouri Botanical Garden,Missouri Botanical Garden
wfo-0000944890,Trees,habit,376596FE-F246-42C2-9530-D204B602D7D6,English,2013-01-17,,,,http://creativecommons.org/licenses/by/4.0,Missouri Botanical Garden,Missouri Botanical Garden
wfo-0000780918,Liana,habit,6DD9D659-6399-4CC6-9910-5D48C4F966DB,English,2013-05-20,,,,http://creativecommons.org/licenses/by/4.0,Missouri Botanical Garden,Missouri Botanical Garden
wfo-0000780616,Liana,habit,EFF439F8-2601-4635-B584-4DEE4B07EBFB,English,2013-05-20,,,,http://creativecommons.org/licenses/by/4.0,Missouri Botanical Garden,Missouri Botanical Garden
wfo-0000781108,Liana,habit,5E9080FF-5E6E-4ACC-98AE-F4F2CAAC7934,English,2013-05-21,,,,http://creativecommons.org/licenses/by/4.0,Missouri Botanical Garden,Missouri Botanical Garden
wfo-0000782110,Liana,habit,276B196A-3193-4367-8011-84A3A970B795,English,2013-05-21,,,,http://creativecommons.org/licenses/by/4.0,Missouri Botanical Garden,Missouri Botanical Garden
wfo-0000778944,Liana,habit,32F22EC3-5E21-4BC2-8B5C-E8DA87234CBF,English,2013-05-21,,,,http://creativecommons.org/licenses/by/4.0,Missouri Botanical Garden,Missouri Botanical Garden
wfo-0000779737,vine,habit,B13EAFA5-C9AD-4B95-9216-AAB386F36396,English,2013-05-22,,,,http://creativecommons.org/licenses/by/4.0,Missouri Botanical Garden,Missouri Botanical Garden
wfo-0000779586,Liana,habit,94B96C99-15DD-4732-AB2F-64941EA1DFE9,English,2013-05-22,,,,http://creativecommons.org/licenses/by/4.0,Missouri Botanical Garden,Missouri Botanical Garden
wfo-0000779994,Shrub or subshrub,habit,B2458283-CD93-4E2C-A8EE-D6AF78AB4F75,English,2013-05-22,,,,http://creativecommons.org/licenses/by/4.0,Missouri Botanical Garden,Missouri Botanical Garden
wfo-0000780969,Liana,habit,E0D87CBA-7409-43CC-9E36-E19D0FA7C33E,English,2013-05-20,,,,http://creativecommons.org/licenses/by/4.0,Missouri Botanical Garden,Missouri Botanical Garden
wfo-0000170926,trees,habit,8CB89140-6C14-4647-AF0D-F2F00A435859,English,2012-11-27,,,,http://creativecommons.org/licenses/by/4.0,Missouri Botanical Garden,Missouri Botanical Garden
wfo-0000175492,Trees,habit,0EEA8458-657D-4FC5-8D30-D98D69336253,English,2012-11-27,,,,http://creativecommons.org/licenses/by/4.0,Missouri Botanical Garden,Missouri Botanical Garden
wfo-0000781092,Liana,habit,F3425FB1-DAD3-44D1-BC83-1DBE7C680094,English,2013-05-21,,,,http://creativecommons.org/licenses/by/4.0,Missouri Botanical Garden,Missouri Botanical Garden
wfo-0000782020,tree,habit,8CF68AB2-D989-483F-8FFD-F961F1C11B1B,English,2013-05-21,,,,http://creativecommons.org/licenses/by/4.0,Missouri Botanical Garden,Missouri Botanical Garden
wfo-0000782119,Liana,habit,F50F7F9C-4DDC-4FE9-88FD-729447C3E148,English,2013-05-21,,,,http://creativecommons.org/licenses/by/4.0,Missouri Botanical Garden,Missouri Botanical Garden
wfo-0000778917,Liana,habit,FD63AAB1-3AAE-4300-80C5-F0AA10128415,English,2013-05-21,,,,http://creativecommons.org/licenses/by/4.0,Missouri Botanical Garden,Missouri Botanical Garden
wfo-0000779753,vine,habit,0E853C3A-3E26-4892-A63B-BE738CD7B41F,English,2013-05-22,,,,http://creativecommons.org/licenses/by/4.0,Missouri Botanical Garden,Missouri Botanical Garden
wfo-0000779590,Liana,habit,7C329CD8-CDCC-46B6-8F7B-4F133CD5A52F,English,2013-05-22,,,,http://creativecommons.org/licenses/by/4.0,Missouri Botanical Garden,Missouri Botanical Garden
wfo-0000780152,Tree,habit,12B87556-2FC3-4D1E-9189-18F095964E27,English,2013-05-22,,,,http://creativecommons.org/licenses/by/4.0,Missouri Botanical Garden,Missouri Botanical Garden
wfo-0000780532,Liana,habit,6B8D0453-A7E3-4014-9ADD-73D6E22D076E,English,2013-05-22,,,,http://creativecommons.org/licenses/by/4.0,Missouri Botanical Garden,Missouri Botanical Garden
wfo-0000782030,Tree,habit,80F43555-2410-49FD-97EF-067FD1ED01A8,English,2013-05-21,,,,http://creativecommons.org/licenses/by/4.0,Missouri Botanical Garden,Missouri Botanical Garden
wfo-0000778761,Tree,habit,4E53D190-C562-45B4-9BFF-4AD7CB0B2C01,English,2013-05-21,,,,http://creativecommons.org/licenses/by/4.0,Missouri Botanical Garden,Missouri Botanical Garden
wfo-0000779272,Liana,habit,BF1A471D-E7C2-4220-875A-B7213134C7E3,English,2013-05-22,,,,http://creativecommons.org/licenses/by/4.0,Missouri Botanical Garden,Missouri Botanical Garden
wfo-0000779723,Tree,habit,C4068EC6-AC56-4E7F-8904-3A6ECA0696F0,English,2013-05-22,,,,http://creativecommons.org/licenses/by/4.0,Missouri Botanical Garden,Missouri Botanical Garden
wfo-0000780773,Liana,habit,3A0ACE21-4DF7-40D9-8E39-A48023518870,English,2013-05-20,,,,http://creativecommons.org/licenses/by/4.0,Missouri Botanical Garden,Missouri Botanical Garden
wfo-0000781007,Liana,habit,454AC4BA-F728-4DFC-A152-8AFB151BC3B5,English,2013-05-20,,,,http://creativecommons.org/licenses/by/4.0,Missouri Botanical Garden,Missouri Botanical Garden
wfo-0000780586,Liana,habit,1BC7374C-055D-4EA3-ACCA-254F1569381E,English,2013-05-20,,,,http://creativecommons.org/licenses/by/4.0,Missouri Botanical Garden,Missouri Botanical Garden
wfo-0000781098,Liana,habit,3A3EDD27-03F0-4A85-BC10-869628A4B4D2,English,2013-05-21,,,,http://creativecommons.org/licenses/by/4.0,Missouri Botanical Garden,Missouri Botanical Garden
wfo-0000781107,Liana,habit,6861A470-BD94-4848-8B40-D9B6D170F243,English,2013-05-21,,,,http://creativecommons.org/licenses/by/4.0,Missouri Botanical Garden,Missouri Botanical Garden
wfo-0000781137,Liana,habit,200024BA-6632-46FF-86AD-9F9E9C9E0917,English,2013-05-21,,,,http://creativecommons.org/licenses/by/4.0,Missouri Botanical Garden,Missouri Botanical Garden
wfo-0000781168,Liana,habit,C037A1DF-B3A0-4EFF-B40C-1BCA41025C85,English,2013-05-21,,,,http://creativecommons.org/licenses/by/4.0,Missouri Botanical Garden,Missouri Botanical Garden
wfo-0000781183,Vine,habit,3E8AF8DC-0F0D-45F3-B78C-9B5FA4550435,English,2013-05-21,,,,http://creativecommons.org/licenses/by/4.0,Missouri Botanical Garden,Missouri Botanical Garden
wfo-0000781189,Liana,habit,40E4EAE3-DF1D-4948-800F-2C68D55DA050,English,2013-05-21,,,,http://creativecommons.org/licenses/by/4.0,Missouri Botanical Garden,Missouri Botanical Garden
wfo-0000781206,Liana,habit,5127323F-1302-4706-A473-B34F7A44DAAE,English,2013-05-21,,,,http://creativecommons.org/licenses/by/4.0,Missouri Botanical Garden,Missouri Botanical Garden
wfo-0000781947,Liana,habit,1096AB2A-5B1B-4F65-983F-85859D4E43D4,English,2013-05-21,,,,http://creativecommons.org/licenses/by/4.0,Missouri Botanical Garden,Missouri Botanical Garden
wfo-0000782377,Liana,habit,F49F6A26-38E4-429E-AE33-E5C9E8730E89,English,2013-05-21,,,,http://creativecommons.org/licenses/by/4.0,Missouri Botanical Garden,Missouri Botanical Garden
wfo-0000782076,Liana,habit,C75EDBDF-1F9E-4072-8D4F-CDAD143C7C87,English,2013-05-21,,,,http://creativecommons.org/licenses/by/4.0,Missouri Botanical Garden,Missouri Botanical Garden
wfo-0000782118,Liana,habit,ECC5AE9F-8617-410C-BE89-D39B8E8B675A,English,2013-05-21,,,,http://creativecommons.org/licenses/by/4.0,Missouri Botanical Garden,Missouri Botanical Garden
wfo-0000782202,Liana,habit,3BA3067D-E5AB-4F96-82D0-1C41F5E4F798,English,2013-05-21,,,,http://creativecommons.org/licenses/by/4.0,Missouri Botanical Garden,Missouri Botanical Garden
wfo-0000782366,tree,habit,53AD4FE3-FA62-4649-B6E9-02993BC4A833,English,2013-05-21,,,,http://creativecommons.org/licenses/by/4.0,Missouri Botanical Garden,Missouri Botanical Garden
wfo-0000778618,Tree,habit,8573319A-47EC-4872-89B7-8F81FEA3CF95,English,2013-05-21,,,,http://creativecommons.org/licenses/by/4.0,Missouri Botanical Garden,Missouri Botanical Garden
wfo-0000778830,Tree,habit,2C0B12DC-7B48-4E36-9446-913DC34F767C,English,2013-05-21,,,,http://creativecommons.org/licenses/by/4.0,Missouri Botanical Garden,Missouri Botanical Garden
wfo-0000778869,Tree,habit,B8D14212-629F-45E5-A0CB-9654FD3C98DE,English,2013-05-21,,,,http://creativecommons.org/licenses/by/4.0,Missouri Botanical Garden,Missouri Botanical Garden
wfo-0000779004,Liana,habit,13CC529E-175C-407E-91F7-4828A89EAD35,English,2013-05-21,,,,http://creativecommons.org/licenses/by/4.0,Missouri Botanical Garden,Missouri Botanical Garden
wfo-0000779001,Liana,habit,E34E6CAF-231C-428D-8944-DB0C179409EE,English,2013-05-21,,,,http://creativecommons.org/licenses/by/4.0,Missouri Botanical Garden,Missouri Botanical Garden
wfo-0000779012,Liana,habit,594DDE9B-DB39-4C05-8CDC-FA05472A008E,English,2013-05-21,,,,http://creativecommons.org/licenses/by/4.0,Missouri Botanical Garden,Missouri Botanical Garden
wfo-0000779463,Small tree,habit,358FCB47-64B9-4A81-B2BB-7EED28143EF3,English,2013-05-21,,,,http://creativecommons.org/licenses/by/4.0,Missouri Botanical Garden,Missouri Botanical Garden
wfo-0000780227,Shrub or small tree,habit,784DB065-8509-48E6-8F4B-35784D2594EF,English,2013-05-22,,,,http://creativecommons.org/licenses/by/4.0,Missouri Botanical Garden,Missouri Botanical Garden
wfo-0000779489,Small tree,habit,3D2DA95D-74CD-4F12-9721-B77A5AEF7CA1,English,2013-05-21,,,,http://creativecommons.org/licenses/by/4.0,Missouri Botanical Garden,Missouri Botanical Garden
wfo-0000779233,Liana,habit,91BECF85-3AE3-4C6B-AAC0-D79E1D4C79EA,English,2013-05-22,,,,http://creativecommons.org/licenses/by/4.0,Missouri Botanical Garden,Missouri Botanical Garden
wfo-0000779542,Vine,habit,168C66B6-59A8-4432-99C4-DC6286C301CC,English,2013-05-22,,,,http://creativecommons.org/licenses/by/4.0,Missouri Botanical Garden,Missouri Botanical Garden
wfo-0000779267,Liana,habit,0ECC96B1-91B9-4F80-941F-87B4664C8901,English,2013-05-22,,,,http://creativecommons.org/licenses/by/4.0,Missouri Botanical Garden,Missouri Botanical Garden
wfo-0000779289,Liana,habit,CCA84D9F-3F6E-4AAE-9789-2D90F2FF426C,English,2013-05-22,,,,http://creativecommons.org/licenses/by/4.0,Missouri Botanical Garden,Missouri Botanical Garden
wfo-0000779558,Liana,habit,6034BEF3-7F62-46FC-B380-048244BE8EE6,English,2013-05-22,,,,http://creativecommons.org/licenses/by/4.0,Missouri Botanical Garden,Missouri Botanical Garden
wfo-0000779545,Vine,habit,9C2BB6F6-DEB4-48F7-935A-0DFCBF07CC9F,English,2013-05-22,,,,http://creativecommons.org/licenses/by/4.0,Missouri Botanical Garden,Missouri Botanical Garden
wfo-0000779220,Liana,habit,E0B6CE1C-F2D4-4D91-8870-94CEC5CB61B1,English,2013-05-22,,,,http://creativecommons.org/licenses/by/4.0,Missouri Botanical Garden,Missouri Botanical Garden
wfo-0000780083,Tree,habit,95A4410E-758D-4726-8582-73C843436D4D,English,2013-05-22,,,,http://creativecommons.org/licenses/by/4.0,Missouri Botanical Garden,Missouri Botanical Garden
wfo-0000780053,Tree,habit,E7E554B7-F877-41F8-86F5-F627DE499D1C,English,2013-05-22,,,,http://creativecommons.org/licenses/by/4.0,Missouri Botanical Garden,Missouri Botanical Garden
wfo-0000779973,Tree,habit,2B92E1C1-2AB6-4FE2-A927-2F9F21B25147,English,2013-05-22,,,,http://creativecommons.org/licenses/by/4.0,Missouri Botanical Garden,Missouri Botanical Garden
wfo-0000780321,Shrub or small tree,habit,F045B04E-1CB9-4467-A571-03F242A64B5E,English,2013-05-22,,,,http://creativecommons.org/licenses/by/4.0,Missouri Botanical Garden,Missouri Botanical Garden
wfo-0000780302,Tree,habit,E8F50B3C-0FB8-4A75-9D42-59E209A89F6C,English,2013-05-22,,,,http://creativecommons.org/licenses/by/4.0,Missouri Botanical Garden,Missouri Botanical Garden
wfo-0000780362,Tree,habit,5ABF0C78-5AF6-4DCB-89EA-57CF340DA75E,English,2013-05-22,,,,http://creativecommons.org/licenses/by/4.0,Missouri Botanical Garden,Missouri Botanical Garden
wfo-0000780241,Liana,habit,7FCC49FE-1457-41FD-959C-31AD6894CBF4,English,2013-05-22,,,,http://creativecommons.org/licenses/by/4.0,Missouri Botanical Garden,Missouri Botanical Garden
wfo-0000780016,Herbaceous vine,habit,A0919E62-4C25-4832-BC0C-AF796079D398,English,2013-05-22,,,,http://creativecommons.org/licenses/by/4.0,Missouri Botanical Garden,Missouri Botanical Garden
wfo-0000780379,Liana,habit,0E39088E-7331-4129-A000-268434B8D6B6,English,2013-05-22,,,,http://creativecommons.org/licenses/by/4.0,Missouri Botanical Garden,Missouri Botanical Garden
wfo-0000782147,tree,habit,5C0116A9-8582-4F8D-9561-14B84E041112,English,2013-05-21,,,,http://creativecommons.org/licenses/by/4.0,Missouri Botanical Garden,Missouri Botanical Garden
wfo-0000782155,Shrub or tree,habit,090EB074-7BDD-4F65-A4CD-E2F9401E7677,English,2013-05-21,,,,http://creativecommons.org/licenses/by/4.0,Missouri Botanical Garden,Missouri Botanical Garden
wfo-0000782157,tree,habit,3CADAF66-2566-4032-9E62-D149D7171453,English,2013-05-21,,,,http://creativecommons.org/licenses/by/4.0,Missouri Botanical Garden,Missouri Botanical Garden
wfo-0000779186,Liana,habit,247ED284-4924-4D36-A69D-8CF5E37F08BA,English,2013-05-21,,,,http://creativecommons.org/licenses/by/4.0,Missouri Botanical Garden,Missouri Botanical Garden
wfo-0000779380,Liana,habit,2F9270EA-44F4-487F-9D99-F989E77D881A,English,2013-05-21,,,,http://creativecommons.org/licenses/by/4.0,Missouri Botanical Garden,Missouri Botanical Garden
wfo-0000779379,Vine,habit,11894A51-1F17-4BCF-B3C8-7BB0DFBD7EEA,English,2013-05-21,,,,http://creativecommons.org/licenses/by/4.0,Missouri Botanical Garden,Missouri Botanical Garden
wfo-0000779400,Liana,habit,06C092AB-B83F-4013-87FE-4D0E8004A5EE,English,2013-05-21,,,,http://creativecommons.org/licenses/by/4.0,Missouri Botanical Garden,Missouri Botanical Garden
wfo-0000779748,Liana,habit,A30C87F2-9223-4633-87BD-4DB320709509,English,2013-05-22,,,,http://creativecommons.org/licenses/by/4.0,Missouri Botanical Garden,Missouri Botanical Garden
wfo-0000165078,Shrub,habit,D8A9C01E-2A71-4641-9A9B-197786AE74DA,English,2012-11-15,,,,http://creativecommons.org/licenses/by/4.0,Missouri Botanical Garden,Missouri Botanical Garden
wfo-0000780970,Liana,habit,640DECA3-A7D6-41B7-8BDF-8D468CFAA41F,English,2013-05-20,,,,http://creativecommons.org/licenses/by/4.0,Missouri Botanical Garden,Missouri Botanical Garden
wfo-0000212099,Shrub,habit,AD126C04-CBD1-4388-BE23-22229E7A8DA7,English,2013-09-30,,,,http://creativecommons.org/licenses/by/4.0,Missouri Botanical Garden,Missouri Botanical Garden
wfo-0000779287,Vine or subscandent shrub.,habit,141E68E5-9C50-4697-9C29-397244180BF5,English,2013-05-22,,,,http://creativecommons.org/licenses/by/4.0,Missouri Botanical Garden,Missouri Botanical Garden
wfo-0000780120,Liana,habit,6A882057-0EF4-4E25-9F00-5440D641F108,English,2013-05-22,,,,http://creativecommons.org/licenses/by/4.0,Missouri Botanical Garden,Missouri Botanical Garden
wfo-0000782347,Shrub,habit,39F8E814-657A-414B-A30B-6491DBAFE96D,English,2013-08-15,,,,http://creativecommons.org/licenses/by/4.0,Missouri Botanical Garden,Missouri Botanical Garden
wfo-0000782349,Shrub,habit,E41675C7-F72C-4CF2-B2A9-70EB93095A6F,English,2013-08-15,,,,http://creativecommons.org/licenses/by/4.0,Missouri Botanical Garden,Missouri Botanical Garden
wfo-0000615669,herbs,habit,4CB350A7-FC12-42A3-9BA5-9FD21A6AB151,English,2013-08-06,,,,http://creativecommons.org/licenses/by/4.0,Missouri Botanical Garden,Missouri Botanical Garden
wfo-0000782356,shrub,habit,3577A402-6EF0-4226-9150-77BAC2AA93A5,English,2013-08-15,,,,http://creativecommons.org/licenses/by/4.0,Missouri Botanical Garden,Missouri Botanical Garden
wfo-0000780772,Liana,habit,5B448735-7CDD-40CD-9F67-72A34D84BD6B,English,2013-05-20,,,,http://creativecommons.org/licenses/by/4.0,Missouri Botanical Garden,Missouri Botanical Garden
wfo-0000342565,Shrub tree,habit,69390AED-4296-47B2-AB00-86F14C1EB676,English,2013-03-14,,,,http://creativecommons.org/licenses/by/4.0,Missouri Botanical Garden,Missouri Botanical Garden
wfo-0000591270,Tree,habit,"35476121-FEEA-4DC7-BEA4-AEA870B17564,01E3B696-EE4F-443A-86FF-DA8C7133F989",English,2013-01-29,,,,http://creativecommons.org/licenses/by/4.0,Missouri Botanical Garden,Missouri Botanical Garden
wfo-0000397427,Tree,habit,"29C7E193-26B3-44F9-8E97-B2EE9EE1848F,1EBBB1AC-A713-4E4D-AE28-6C0F65B7B069",English,2013-01-29,,,,http://creativecommons.org/licenses/by/4.0,Missouri Botanical Garden,Missouri Botanical Garden
wfo-0000390582,Tree,habit,343566C1-99F4-4B2A-A306-5E1B80CC872E,English,2013-01-29,,,,http://creativecommons.org/licenses/by/4.0,Missouri Botanical Garden,Missouri Botanical Garden
wfo-0000568317,Tree,habit,"1D3066FE-FEE2-4B36-9055-A83C89508E02,14B3B995-C05E-4774-8DC4-7E7B514A7546",English,2013-01-29,,,,http://creativecommons.org/licenses/by/4.0,Missouri Botanical Garden,Missouri Botanical Garden
wfo-0000568323,Tree,habit,"B76114A2-F667-45BD-9860-FA6DB7C0313D,02FEB609-10F0-423E-B626-FD453198F4FB",English,2013-01-29,,,,http://creativecommons.org/licenses/by/4.0,Missouri Botanical Garden,Missouri Botanical Garden
wfo-0000592606,Tree,habit,6BA05641-1EE0-4A25-8A35-D4ED5C0DD7CE,English,2013-01-29,,,,http://creativecommons.org/licenses/by/4.0,Missouri Botanical Garden,Missouri Botanical Garden
wfo-0000713845,Tree,habit,22E73513-2979-401D-9CCE-F0E1AB3325F5,English,2013-01-29,,,,http://creativecommons.org/licenses/by/4.0,Missouri Botanical Garden,Missouri Botanical Garden
wfo-0000397219,Tree,habit,"7E10425E-C33F-4FA5-A0B7-BB38E7320962,1E0554EE-3A3D-4095-9A84-939487A4F4BB",English,2013-01-29,,,,http://creativecommons.org/licenses/by/4.0,Missouri Botanical Garden,Missouri Botanical Garden
wfo-0000733252,Tree,habit,A52EAE0A-0364-4858-B45A-4ABC38BF3109,English,2013-01-29,,,,http://creativecommons.org/licenses/by/4.0,Missouri Botanical Garden,Missouri Botanical Garden
wfo-0000733262,Shrub tree,habit,9132099B-F228-4623-9D3D-9B81BB589389,English,2013-01-29,,,,http://creativecommons.org/licenses/by/4.0,Missouri Botanical Garden,Missouri Botanical Garden
wfo-0000733268,Tree,habit,DFA8F797-04FA-476C-A810-BD02A8FDE6F2,English,2013-01-29,,,,http://creativecommons.org/licenses/by/4.0,Missouri Botanical Garden,Missouri Botanical Garden
wfo-0000733312,Tree,habit,C0BA7A14-20F6-43FF-A907-B2AF444BDC3E,English,2013-01-29,,,,http://creativecommons.org/licenses/by/4.0,Missouri Botanical Garden,Missouri Botanical Garden
wfo-0000733324,Tree,habit,"6210F103-8BFD-46B1-8A4A-7EAE2BC1495A,B1933504-3093-4FB5-ADD0-EF8AA2455F55",English,2013-01-29,,,,http://creativecommons.org/licenses/by/4.0,Missouri Botanical Garden,Missouri Botanical Garden
wfo-0000592594,Tree,habit,F8FF3058-7589-4FA1-A99B-4426F3D8D8A2,English,2013-01-29,,,,http://creativecommons.org/licenses/by/4.0,Missouri Botanical Garden,Missouri Botanical Garden
wfo-0000718508,Herbs,habit,F5A5E8CF-83EF-4DAF-BAB6-AD149FC395F6,English,2013-04-02,,,,http://creativecommons.org/licenses/by/4.0,Missouri Botanical Garden,Missouri Botanical Garden
wfo-0000410943,Vines,habit,64229732-3CC3-45C2-9BEE-27D057CB6383,English,2013-04-02,,,,http://creativecommons.org/licenses/by/4.0,Missouri Botanical Garden,Missouri Botanical Garden
wfo-0000569997,Trees,habit,1EAB21CA-36DC-4511-A5F6-DE0D96A6B66B,English,2013-04-02,,,,http://creativecommons.org/licenses/by/4.0,Missouri Botanical Garden,Missouri Botanical Garden
wfo-0000620428,Shrub or tree,habit,9CABBD52-FA76-4FD0-B0B7-7B33B0F9B099,English,2013-04-02,,,,http://creativecommons.org/licenses/by/4.0,Missouri Botanical Garden,Missouri Botanical Garden
wfo-0000663346,Trees,habit,A8892FB4-7D08-4A18-89CD-F1252470E3E4,English,2013-04-02,,,,http://creativecommons.org/licenses/by/4.0,Missouri Botanical Garden,Missouri Botanical Garden
wfo-0000410768,Shrub,habit,4E6E4152-2EBF-4A85-B684-43A5BD9320DF,English,2013-04-02,,,,http://creativecommons.org/licenses/by/4.0,Missouri Botanical Garden,Missouri Botanical Garden
wfo-0000410755,Shrubs vines,habit,1EA06FFF-893B-4B3E-907B-83A7E253C427,English,2013-04-02,,,,http://creativecommons.org/licenses/by/4.0,Missouri Botanical Garden,Missouri Botanical Garden
wfo-0000410777,Shrubs,habit,E8CB4F09-5FB6-4150-97FE-333D8704469E,English,2013-04-02,,,,http://creativecommons.org/licenses/by/4.0,Missouri Botanical Garden,Missouri Botanical Garden
wfo-0000620951,Shrubs or trees,habit,30C17DAB-B622-497C-A834-3B906EEB48E4,English,2013-04-03,,,,http://creativecommons.org/licenses/by/4.0,Missouri Botanical Garden,Missouri Botanical Garden
wfo-0000633897,Herbs,habit,6EC845FB-E066-4E2E-8E34-E9E86E93E64E,English,2013-04-02,,,,http://creativecommons.org/licenses/by/4.0,Missouri Botanical Garden,Missouri Botanical Garden
wfo-0000467221,herbs or subshrubs,habit,EE21195D-79C5-43D7-A7F4-594E7943B62A,English,2013-08-08,,,,http://creativecommons.org/licenses/by/4.0,Missouri Botanical Garden,Missouri Botanical Garden
wfo-0000718658,Herbs,habit,E43E6D3D-88C4-4D0E-986C-2DBF0CA90653,English,2013-04-02,,,,http://creativecommons.org/licenses/by/4.0,Missouri Botanical Garden,Missouri Botanical Garden
wfo-0000410670,"Shrubs, vines, or rarely trees",habit,0228E49D-AB00-446E-BB69-1D8A94019B70,English,2013-04-02,,,,http://creativecommons.org/licenses/by/4.0,Missouri Botanical Garden,Missouri Botanical Garden
wfo-0000410687,Shrubs or small trees,habit,56349CA9-E69A-4276-86B7-C72459466420,English,2013-04-02,,,,http://creativecommons.org/licenses/by/4.0,Missouri Botanical Garden,Missouri Botanical Garden
wfo-0000410547,"Shrub, or small tree",habit,CDD81FC8-04E7-40D7-A0CA-B93AEB271C84,English,2013-04-02,,,,http://creativecommons.org/licenses/by/4.0,Missouri Botanical Garden,Missouri Botanical Garden
wfo-0000718854,Herbs,habit,43D9D629-B265-4EEF-95D7-A0AA772CD390,English,2013-04-02,,,,http://creativecommons.org/licenses/by/4.0,Missouri Botanical Garden,Missouri Botanical Garden
wfo-0000620988,Shrubs or trees,habit,E1A951A3-CFEA-499E-9F2B-08747DDB46CF,English,2013-04-03,,,,http://creativecommons.org/licenses/by/4.0,Missouri Botanical Garden,Missouri Botanical Garden
wfo-0000620227,Trees,habit,04F9A307-BBAE-4A7A-B79F-B957413DB730,English,2013-04-02,,,,http://creativecommons.org/licenses/by/4.0,Missouri Botanical Garden,Missouri Botanical Garden
wfo-0000620284,Shrubs,habit,55E10E52-8874-48B1-908F-D9A8C3B2728D,English,2013-04-03,,,,http://creativecommons.org/licenses/by/4.0,Missouri Botanical Garden,Missouri Botanical Garden
wfo-0000569998,Trees,habit,756A6A1E-9296-412F-A99A-72D850ED17AD,English,2013-04-02,,,,http://creativecommons.org/licenses/by/4.0,Missouri Botanical Garden,Missouri Botanical Garden
wfo-0000620283,Trees,habit,01D89F44-F8D0-46A4-8E66-19E1EC0B87BE,English,2013-04-03,,,,http://creativecommons.org/licenses/by/4.0,Missouri Botanical Garden,Missouri Botanical Garden
wfo-0000620402,Shrubs or small trees,habit,B1E60E4D-7626-4246-B2B3-B685CCBF4338,English,2013-04-03,,,,http://creativecommons.org/licenses/by/4.0,Missouri Botanical Garden,Missouri Botanical Garden
wfo-0000620413,"Shrubs, or trees",habit,EC092942-9813-4607-AF99-FBA39CEDD132,English,2013-04-03,,,,http://creativecommons.org/licenses/by/4.0,Missouri Botanical Garden,Missouri Botanical Garden
wfo-0000620440,Shrubs,habit,06F16044-3BB6-46A5-8479-45E8427C2F63,English,2013-04-03,,,,http://creativecommons.org/licenses/by/4.0,Missouri Botanical Garden,Missouri Botanical Garden
wfo-0000620600,Shrubs,habit,54B5BAC9-16FA-41A6-A8B8-EC881BF1A0EA,English,2013-04-03,,,,http://creativecommons.org/licenses/by/4.0,Missouri Botanical Garden,Missouri Botanical Garden
wfo-0000620816,Shrubs or trees,habit,4436E80B-59A2-48A4-9ED8-3FE8CB072649,English,2013-04-02,,,,http://creativecommons.org/licenses/by/4.0,Missouri Botanical Garden,Missouri Botanical Garden
wfo-0000620868,Shrubs,habit,57E60030-F4AF-4EEB-8BF7-8591E07F75EE,English,2013-04-03,,,,http://creativecommons.org/licenses/by/4.0,Missouri Botanical Garden,Missouri Botanical Garden
wfo-0000620876,Shrubs,habit,1DB7194F-9F31-4D2C-9048-8D6878724BA7,English,2013-04-03,,,,http://creativecommons.org/licenses/by/4.0,Missouri Botanical Garden,Missouri Botanical Garden
wfo-0000714095,Herbs,habit,ECB9143E-FD8D-41D5-9C8F-FD8F0851D922,English,2013-04-02,,,,http://creativecommons.org/licenses/by/4.0,Missouri Botanical Garden,Missouri Botanical Garden
wfo-0001215433,Shrubs,habit,5A13EE0C-0E82-428E-A7D7-B7D0D37DAAF7,English,2013-04-02,,,,http://creativecommons.org/licenses/by/4.0,Missouri Botanical Garden,Missouri Botanical Garden
wfo-0000620677,Shrubs,habit,D4B598A0-C8D6-47FE-BF22-82C5FCAA11FB,English,2013-04-03,,,,http://creativecommons.org/licenses/by/4.0,Missouri Botanical Garden,Missouri Botanical Garden
wfo-0000720600,Trees,habit,F0A12C38-01F5-4484-B90E-3A505C35C378,English,2012-11-12,,,,http://creativecommons.org/licenses/by/4.0,Missouri Botanical Garden,Missouri Botanical Garden
wfo-0000829832,shrubs,habit,92AF9898-EA4F-4A44-86B5-AE85965A5AA9,English,2013-07-12,,,,http://creativecommons.org/licenses/by/4.0,Missouri Botanical Garden,Missouri Botanical Garden
wfo-0001218953,Trees or shrubs,habit,96D56FBD-9351-4569-9B9D-F5E0901F7546,English,2013-04-05,,,,http://creativecommons.org/licenses/by/4.0,Missouri Botanical Garden,Missouri Botanical Garden
wfo-0000440017,tree,habit,DF55AAFB-0428-43B2-9183-15F0A1B5B4E5,English,2013-05-24,,,,http://creativecommons.org/licenses/by/4.0,Missouri Botanical Garden,Missouri Botanical Garden
wfo-0000322714,Herbs,habit,EED4F7AB-3D39-4182-9C3F-B29E2D2FEC6E,English,2013-04-04,,,,http://creativecommons.org/licenses/by/4.0,Missouri Botanical Garden,Missouri Botanical Garden
wfo-0001218914,Trees,habit,F03F6DF2-79EC-4210-8ADD-58676C756567,English,2013-04-05,,,,http://creativecommons.org/licenses/by/4.0,Missouri Botanical Garden,Missouri Botanical Garden
wfo-0000407648,Trees or rarely shrubs,habit,897206F4-1E52-43AC-AE27-A0C67C235883,English,2013-04-05,,,,http://creativecommons.org/licenses/by/4.0,Missouri Botanical Garden,Missouri Botanical Garden
wfo-0000576316,Trees,habit,E681A3A7-3129-476A-A3BB-1FB0AA61748B,English,2013-04-05,,,,http://creativecommons.org/licenses/by/4.0,Missouri Botanical Garden,Missouri Botanical Garden
wfo-0000576338,trees,habit,CD41B9AA-2DE1-422A-89B3-6F437D5E7DBC,English,2013-04-05,,,,http://creativecommons.org/licenses/by/4.0,Missouri Botanical Garden,Missouri Botanical Garden
wfo-0000397095,Trees,habit,B0E1B405-3C4C-4D74-AAE6-4826CEA618C0,English,2013-04-05,,,,http://creativecommons.org/licenses/by/4.0,Missouri Botanical Garden,Missouri Botanical Garden
wfo-0000397112,Trees,habit,4ABA9242-4C13-4B45-95DD-CAB709D66B09,English,2013-04-05,,,,http://creativecommons.org/licenses/by/4.0,Missouri Botanical Garden,Missouri Botanical Garden
wfo-0000397756,Trees or shrubs,habit,FE43F94C-2C95-411C-8D2B-0186870A9679,English,2013-04-05,,,,http://creativecommons.org/licenses/by/4.0,Missouri Botanical Garden,Missouri Botanical Garden
wfo-0001218954,Trees,habit,4B1158CF-5764-44CA-AD00-ACBA8BFC43A9,English,2013-04-05,,,,http://creativecommons.org/licenses/by/4.0,Missouri Botanical Garden,Missouri Botanical Garden
wfo-0000398642,Trees,habit,1E540D22-1EE2-4E9D-B5AB-BBF3A8C606F3,English,2013-04-05,,,,http://creativecommons.org/licenses/by/4.0,Missouri Botanical Garden,Missouri Botanical Garden
wfo-0001218955,tree,habit,D60671D2-03C6-4D89-B3AA-B177081A1749,English,2013-04-05,,,,http://creativecommons.org/licenses/by/4.0,Missouri Botanical Garden,Missouri Botanical Garden
wfo-0001218956,Trees,habit,C0D16ADC-9075-434B-90C8-1044C3C130E9,English,2013-04-05,,,,http://creativecommons.org/licenses/by/4.0,Missouri Botanical Garden,Missouri Botanical Garden
wfo-0000407607,Tree,habit,B0A46A9C-E680-47DD-A962-C946223711F6,English,2013-04-05,,,,http://creativecommons.org/licenses/by/4.0,Missouri Botanical Garden,Missouri Botanical Garden
wfo-0000576475,shrub or small tree,habit,BA3C52DF-3A9C-442E-B3ED-F385850CDAD8,English,2013-07-19,,,,http://creativecommons.org/licenses/by/4.0,Missouri Botanical Garden,Missouri Botanical Garden
wfo-0000253211,Herbs,habit,412ED3F0-E397-493A-91E2-238EA97296A8,English,2013-04-04,,,,http://creativecommons.org/licenses/by/4.0,Missouri Botanical Garden,Missouri Botanical Garden
wfo-0000385771,shrub,habit,"3D0C9533-C73B-420E-8ABD-6107DAF44391,D4EB321D-A5D6-42EA-BBF7-AC88559A6493",English,2012-11-29,,,,http://creativecommons.org/licenses/by/4.0,Missouri Botanical Garden,Missouri Botanical Garden
wfo-0000398441,shrub liana,habit,93161490-90DD-4B56-99B5-264763B1F876,English,2012-11-29,,,,http://creativecommons.org/licenses/by/4.0,Missouri Botanical Garden,Missouri Botanical Garden
wfo-0000670194,shrub,habit,50F67660-E774-4CBF-8F1D-905882343EC8,English,2012-11-29,,,,http://creativecommons.org/licenses/by/4.0,Missouri Botanical Garden,Missouri Botanical Garden
wfo-0000670197,shrub,habit,E89A3997-B3A9-4DA9-9546-724DF5FF41F0,English,2012-11-29,,,,http://creativecommons.org/licenses/by/4.0,Missouri Botanical Garden,Missouri Botanical Garden
wfo-0000670206,shrub,habit,"12B228FB-24E4-4C31-82A1-A0CD841A2362,3741C1F5-3EE3-4EEC-B729-0FBCA5E7EAB0",English,2012-11-29,,,,http://creativecommons.org/licenses/by/4.0,Missouri Botanical Garden,Missouri Botanical Garden
wfo-0001287173,shrub,habit,5915CE51-3754-4CE8-9114-C6C292384646,English,2012-11-29,,,,http://creativecommons.org/licenses/by/4.0,Missouri Botanical Garden,Missouri Botanical Garden
wfo-0000829715,Herbs,habit,12D65DB7-FC26-4210-BB14-000FC6E7BD83,English,2013-07-12,,,,http://creativecommons.org/licenses/by/4.0,Missouri Botanical Garden,Missouri Botanical Garden
wfo-0000726902,shrub,habit,623417D8-7703-4F14-9B95-5FFC35C1EBC9,English,2012-11-29,,,,http://creativecommons.org/licenses/by/4.0,Missouri Botanical Garden,Missouri Botanical Garden
wfo-0000378922,Shrub,habit,"7A8F0620-8C2A-4F7B-BDC6-5FFFBB4E4FA8,89596954-335E-4635-BDB3-08BFA64047BE",English,2012-11-29,,,,http://creativecommons.org/licenses/by/4.0,Missouri Botanical Garden,Missouri Botanical Garden
wfo-0000398438,Shrub tree,habit,"D3655022-BC7E-40C9-86F0-516FEA819CE2,1FFECDF5-92BB-4878-AEB8-E7B61C7462EA",English,2012-11-29,,,,http://creativecommons.org/licenses/by/4.0,Missouri Botanical Garden,Missouri Botanical Garden
wfo-0000427595,shrub,habit,"915D2F1C-1EAE-40BF-AA82-61365FBCA57A,A6D86CE3-2303-4634-B3FC-2E724766F321",English,2012-11-29,,,,http://creativecommons.org/licenses/by/4.0,Missouri Botanical Garden,Missouri Botanical Garden
wfo-0000670219,shrub,habit,3268B06C-B5EA-4642-8087-D7927CADE146,English,2012-11-29,,,,http://creativecommons.org/licenses/by/4.0,Missouri Botanical Garden,Missouri Botanical Garden
wfo-0000775509,Trees,habit,3513507B-756D-4B93-ABF1-80D13EE97089,English,2012-12-18,,,,http://creativecommons.org/licenses/by/4.0,Missouri Botanical Garden,Missouri Botanical Garden
wfo-0000829584,herbs,habit,53C27B66-4760-42D6-A4E2-F7994A850EDA,English,2013-07-12,,,,http://creativecommons.org/licenses/by/4.0,Missouri Botanical Garden,Missouri Botanical Garden
wfo-0000507981,herbs,habit,5D829A31-876C-46CA-B315-7C024D32C834,English,2013-07-12,,,,http://creativecommons.org/licenses/by/4.0,Missouri Botanical Garden,Missouri Botanical Garden
wfo-0000829706,herbs,habit,1D50B278-A3F2-42FA-BD6F-31E0D63468CF,English,2013-07-12,,,,http://creativecommons.org/licenses/by/4.0,Missouri Botanical Garden,Missouri Botanical Garden
wfo-0000815425,herbs,habit,D2E77465-8F50-42B1-AA22-B9E9DDD6AF81,English,2013-07-12,,,,http://creativecommons.org/licenses/by/4.0,Missouri Botanical Garden,Missouri Botanical Garden
wfo-0000833400,herbs,habit,1F53B299-3EED-4460-BEF0-4D5630DCBEF6,English,2013-07-12,,,,http://creativecommons.org/licenses/by/4.0,Missouri Botanical Garden,Missouri Botanical Garden
wfo-0000814269,Herbs,habit,6B22AFFC-06FB-4454-B7DF-A642F6A0CA36,English,2013-07-12,,,,http://creativecommons.org/licenses/by/4.0,Missouri Botanical Garden,Missouri Botanical Garden
wfo-0000826096,herbs or shrublets,habit,4A516C4B-1219-4F31-B1B3-DC8B4FB7E370,English,2013-07-12,,,,http://creativecommons.org/licenses/by/4.0,Missouri Botanical Garden,Missouri Botanical Garden
wfo-0000826108,herbs,habit,D6A6B652-E5F7-4C32-AF4C-398474B44FBC,English,2013-07-12,,,,http://creativecommons.org/licenses/by/4.0,Missouri Botanical Garden,Missouri Botanical Garden
wfo-0000826112,shrublet,habit,65F47185-2990-40EE-AC96-FE714AF709E7,English,2013-07-12,,,,http://creativecommons.org/licenses/by/4.0,Missouri Botanical Garden,Missouri Botanical Garden
wfo-0000826212,herbs,habit,8DE3A2FF-1FD4-498A-A02C-CA8391502BE8,English,2013-07-12,,,,http://creativecommons.org/licenses/by/4.0,Missouri Botanical Garden,Missouri Botanical Garden
wfo-0000826113,herbs,habit,35A2299F-962A-42FD-940E-A44C39B197DD,English,2013-07-12,,,,http://creativecommons.org/licenses/by/4.0,Missouri Botanical Garden,Missouri Botanical Garden
wfo-0000826117,herbs,habit,7DAC0BA2-FC9E-4818-8A5B-D18C085DA53F,English,2013-07-12,,,,http://creativecommons.org/licenses/by/4.0,Missouri Botanical Garden,Missouri Botanical Garden
wfo-0000826124,herbs,habit,7E24E4EA-DA01-4F66-9B2B-1232A4700AC4,English,2013-07-12,,,,http://creativecommons.org/licenses/by/4.0,Missouri Botanical Garden,Missouri Botanical Garden
wfo-0000826140,Shrublets,habit,140D9C19-B3C3-4AB2-AD49-53DE617E8DA9,English,2013-07-12,,,,http://creativecommons.org/licenses/by/4.0,Missouri Botanical Garden,Missouri Botanical Garden
wfo-0000826158,herbs,habit,60881608-3C3C-4A60-9680-2D57EA97F3A1,English,2013-07-12,,,,http://creativecommons.org/licenses/by/4.0,Missouri Botanical Garden,Missouri Botanical Garden
wfo-0000826164,herbs,habit,66E8FF78-38FC-4887-8C67-14AD23AA8C24,English,2013-07-12,,,,http://creativecommons.org/licenses/by/4.0,Missouri Botanical Garden,Missouri Botanical Garden
wfo-0000826176,Shrublets,habit,50934729-94DE-42C7-A807-74006E7F90F5,English,2013-07-12,,,,http://creativecommons.org/licenses/by/4.0,Missouri Botanical Garden,Missouri Botanical Garden
wfo-0000826177,herbs,habit,4E2A4247-4201-46B7-8463-0926E37D9436,English,2013-07-12,,,,http://creativecommons.org/licenses/by/4.0,Missouri Botanical Garden,Missouri Botanical Garden
wfo-0000826184,herbs,habit,5DF9EF33-535E-43B4-AA8A-7626CCFC82BE,English,2013-07-12,,,,http://creativecommons.org/licenses/by/4.0,Missouri Botanical Garden,Missouri Botanical Garden
wfo-0000826218,herbs,habit,D85D6650-55A0-4D36-BEF3-FEAEA501543D,English,2013-07-12,,,,http://creativecommons.org/licenses/by/4.0,Missouri Botanical Garden,Missouri Botanical Garden
wfo-0000826226,herbs or bushy shrublets,habit,F4EB6F2E-F397-4824-90FE-61E756CB881A,English,2013-07-12,,,,http://creativecommons.org/licenses/by/4.0,Missouri Botanical Garden,Missouri Botanical Garden
wfo-0000829573,herbs,habit,2EB2447C-7C88-4C09-A1E3-247E1A1F4AB3,English,2013-07-12,,,,http://creativecommons.org/licenses/by/4.0,Missouri Botanical Garden,Missouri Botanical Garden
wfo-0000829578,herbs,habit,A7BE2A2F-42F0-4258-9426-590696B0C059,English,2013-07-12,,,,http://creativecommons.org/licenses/by/4.0,Missouri Botanical Garden,Missouri Botanical Garden
wfo-0000829608,herbs,habit,E60EB377-8776-43E1-B715-835BEF2EF4EE,English,2013-07-12,,,,http://creativecommons.org/licenses/by/4.0,Missouri Botanical Garden,Missouri Botanical Garden
wfo-0000829647,herbs,habit,B4E75A3B-582C-4FBE-911E-EBDD14A5B831,English,2013-07-12,,,,http://creativecommons.org/licenses/by/4.0,Missouri Botanical Garden,Missouri Botanical Garden
wfo-0000829667,Herbs,habit,2678E57E-3A17-42B7-8733-3DF4475A5702,English,2013-07-12,,,,http://creativecommons.org/licenses/by/4.0,Missouri Botanical Garden,Missouri Botanical Garden
wfo-0000829757,herbs,habit,08719168-F086-4BA5-888E-1124032F31DB,English,2013-07-12,,,,http://creativecommons.org/licenses/by/4.0,Missouri Botanical Garden,Missouri Botanical Garden
wfo-0000829777,herbs,habit,AC586129-4B72-452E-9E87-560B6129557C,English,2013-07-12,,,,http://creativecommons.org/licenses/by/4.0,Missouri Botanical Garden,Missouri Botanical Garden
wfo-0000829899,shrubs,habit,B687647F-2485-4C05-BDD9-7ED569E2F90E,English,2013-07-12,,,,http://creativecommons.org/licenses/by/4.0,Missouri Botanical Garden,Missouri Botanical Garden
wfo-0000815585,herbs,habit,0E762E52-6630-466B-8428-1549E464F3D5,English,2013-07-12,,,,http://creativecommons.org/licenses/by/4.0,Missouri Botanical Garden,Missouri Botanical Garden
wfo-0000815380,herbs,habit,5599A63B-AE2A-449D-A03F-10AF01738444,English,2013-07-12,,,,http://creativecommons.org/licenses/by/4.0,Missouri Botanical Garden,Missouri Botanical Garden
wfo-0000814251,herbs,habit,E35007C2-62EA-48F4-8020-E2991989F8A9,English,2013-07-12,,,,http://creativecommons.org/licenses/by/4.0,Missouri Botanical Garden,Missouri Botanical Garden
wfo-0000819975,Herbs,habit,3A8C6FCF-4C5A-413C-8871-53E6A31BFFEF,English,2013-07-12,,,,http://creativecommons.org/licenses/by/4.0,Missouri Botanical Garden,Missouri Botanical Garden
wfo-0000818873,herbs (?) or shrublets,habit,0E63363B-B7B1-45AA-9F02-A3A6441F2FE8,English,2013-07-12,,,,http://creativecommons.org/licenses/by/4.0,Missouri Botanical Garden,Missouri Botanical Garden
wfo-0000819062,herbs or slender shrublets,habit,7A9FF726-290E-47CF-AC7E-767A4AFF8258,English,2013-07-12,,,,http://creativecommons.org/licenses/by/4.0,Missouri Botanical Garden,Missouri Botanical Garden
wfo-0000584977,Shrubs small trees,habit,D8A3AE6A-8858-4C99-9D50-765C2F8192ED,English,2012-11-12,,,,http://creativecommons.org/licenses/by/4.0,Missouri Botanical Garden,Missouri Botanical Garden
wfo-0000611201,herbs,habit,CA52CAD1-E545-446B-A30E-728958CED107,English,2012-11-12,,,,http://creativecommons.org/licenses/by/4.0,Missouri Botanical Garden,Missouri Botanical Garden
wfo-0000388747,shrub,habit,65E37468-3457-43F3-A73F-FC596C857927,English,2013-01-14,,,,http://creativecommons.org/licenses/by/4.0,Missouri Botanical Garden,Missouri Botanical Garden
wfo-0000584613,trees,habit,C9C456FB-BB88-451F-85D4-603C00626733,English,2012-11-12,,,,http://creativecommons.org/licenses/by/4.0,Missouri Botanical Garden,Missouri Botanical Garden
wfo-0000585259,Trees,habit,5D9179AE-9F9D-479C-9281-3C10E55C31C4,English,2012-11-12,,,,http://creativecommons.org/licenses/by/4.0,Missouri Botanical Garden,Missouri Botanical Garden
wfo-0000611399,herbs,habit,9BD265BA-3272-4EEA-BEED-C6BB11E33E2D,English,2012-11-12,,,,http://creativecommons.org/licenses/by/4.0,Missouri Botanical Garden,Missouri Botanical Garden
wfo-0000611610,herbs,habit,1AA65CE1-7706-407A-A2E3-B6EA317E0A85,English,2012-11-12,,,,http://creativecommons.org/licenses/by/4.0,Missouri Botanical Garden,Missouri Botanical Garden
wfo-0000611605,herbs,habit,CC57DDF7-C31F-4E6C-942A-FAD0100BF882,English,2012-11-12,,,,http://creativecommons.org/licenses/by/4.0,Missouri Botanical Garden,Missouri Botanical Garden
wfo-0000584508,Shrubs trees,habit,DBE5A4CB-AF12-4DCE-BC65-D12E7898CAEB,English,2012-11-12,,,,http://creativecommons.org/licenses/by/4.0,Missouri Botanical Garden,Missouri Botanical Garden
wfo-0000611584,herbs,habit,B0BC317E-2053-412F-8D6B-B1FAF3259909,English,2012-11-12,,,,http://creativecommons.org/licenses/by/4.0,Missouri Botanical Garden,Missouri Botanical Garden
wfo-0000611536,herbs,habit,9C939B8A-C857-4311-A429-B0FB3792E621,English,2012-11-12,,,,http://creativecommons.org/licenses/by/4.0,Missouri Botanical Garden,Missouri Botanical Garden
wfo-0000584964,Shrubs trees,habit,71EEC715-DA87-4A7E-8D9C-62320E287530,English,2012-11-12,,,,http://creativecommons.org/licenses/by/4.0,Missouri Botanical Garden,Missouri Botanical Garden
wfo-0000584489,trees,habit,1637C2BC-6D57-47C3-AA32-112C9A77AA8F,English,2012-11-12,,,,http://creativecommons.org/licenses/by/4.0,Missouri Botanical Garden,Missouri Botanical Garden
wfo-0000584582,Trees,habit,D3A29268-77EC-4C75-B7BA-89CE656D9CE7,English,2012-11-12,,,,http://creativecommons.org/licenses/by/4.0,Missouri Botanical Garden,Missouri Botanical Garden
wfo-0000585269,Shrub,habit,8938A7C3-2939-49E2-A570-3B1B4F8E6282,English,2012-11-12,,,,http://creativecommons.org/licenses/by/4.0,Missouri Botanical Garden,Missouri Botanical Garden
wfo-0000611505,herbs,habit,A60536BC-BE36-4522-908D-423F6D8A9841,English,2012-11-12,,,,http://creativecommons.org/licenses/by/4.0,Missouri Botanical Garden,Missouri Botanical Garden
wfo-0000395524,herbs,habit,BC2E49D6-D776-407D-9AE0-0E8CAA420B77,English,2012-11-12,,,,http://creativecommons.org/licenses/by/4.0,Missouri Botanical Garden,Missouri Botanical Garden
wfo-0001290690,Shrub or tree,habit,A28C1C68-4EF9-4E78-94BC-BAFDC6A08274,English,2013-05-14,,,,http://creativecommons.org/licenses/by/4.0,Missouri Botanical Garden,Missouri Botanical Garden
wfo-0000584622,Shrubs trees,habit,"5025263D-6C1A-4C35-906F-E7F3A772B999,4E9799F4-A714-43D6-BFB1-B9E979C9CB50",English,2012-11-12,,,,http://creativecommons.org/licenses/by/4.0,Missouri Botanical Garden,Missouri Botanical Garden
wfo-0000442022,Shrub or herb-like tree,habit,5CE5CCD1-0243-4F05-9124-4FA4E6EDEFBC,English,2013-05-14,,,,http://creativecommons.org/licenses/by/4.0,Missouri Botanical Garden,Missouri Botanical Garden
wfo-0000421088,Shrub or tree,habit,0815E6D6-BD56-4779-BE15-E96BC83E246E,English,2013-05-14,,,,http://creativecommons.org/licenses/by/4.0,Missouri Botanical Garden,Missouri Botanical Garden
wfo-0000355851,Tree,habit,388172BE-64DE-43EA-9A13-85D5304ADEA1,English,2012-11-29,,,,http://creativecommons.org/licenses/by/4.0,Missouri Botanical Garden,Missouri Botanical Garden
wfo-0001291239,Tree,habit,5E24C942-8E42-4E5F-AD91-C30BB9FE1061,English,2012-11-29,,,,http://creativecommons.org/licenses/by/4.0,Missouri Botanical Garden,Missouri Botanical Garden
wfo-0000588009,tree,habit,FA517BA2-D975-4182-A0B6-D00A889B84FD,English,2012-11-29,,,,http://creativecommons.org/licenses/by/4.0,Missouri Botanical Garden,Missouri Botanical Garden
wfo-0000807980,Trees,habit,F2DDDD44-6363-4842-9379-27EF2D633A98,English,2013-07-03,,,,http://creativecommons.org/licenses/by/4.0,Missouri Botanical Garden,Missouri Botanical Garden
wfo-0000808096,Trees,habit,77F4549F-F916-4E6D-ACE6-EC866A8BB68A,English,2013-07-03,,,,http://creativecommons.org/licenses/by/4.0,Missouri Botanical Garden,Missouri Botanical Garden
wfo-0000808268,trees,habit,85DE65D2-5C9B-4C3E-85CC-B8549A3391C5,English,2013-07-03,,,,http://creativecommons.org/licenses/by/4.0,Missouri Botanical Garden,Missouri Botanical Garden
wfo-0000712098,Trees,habit,67E28943-9745-4D93-B5C9-61A36739EDE9,English,2013-05-24,,,,http://creativecommons.org/licenses/by/4.0,Missouri Botanical Garden,Missouri Botanical Garden
wfo-0000596288,Herb,habit,0F10DDE1-82D3-45DF-B20C-026C7707D3F5,English,2013-01-28,,,,http://creativecommons.org/licenses/by/4.0,Missouri Botanical Garden,Missouri Botanical Garden
wfo-0000436803,Herb,habit,2626EA8B-D0AD-489A-AAF4-4B851EF612B7,English,2013-01-28,,,,http://creativecommons.org/licenses/by/4.0,Missouri Botanical Garden,Missouri Botanical Garden
wfo-0000436560,Herb,habit,6A6AC84C-9BFF-49B0-9291-D01EE992AEE4,English,2013-01-28,,,,http://creativecommons.org/licenses/by/4.0,Missouri Botanical Garden,Missouri Botanical Garden
wfo-0001080995,Shrub tree,habit,D30CDEB6-9056-4D18-86B1-AE06F12E5684,English,2013-01-10,,,,http://creativecommons.org/licenses/by/4.0,Missouri Botanical Garden,Missouri Botanical Garden
wfo-0000436820,Herb,habit,0AE339A9-AFDB-45E8-AB35-A4AEF01A84F8,English,2013-01-28,,,,http://creativecommons.org/licenses/by/4.0,Missouri Botanical Garden,Missouri Botanical Garden
wfo-0000395455,Herb,habit,DD30296D-A171-4599-B711-E20327F17301,English,2013-01-28,,,,http://creativecommons.org/licenses/by/4.0,Missouri Botanical Garden,Missouri Botanical Garden
wfo-0000546107,Herb,habit,AE95E97A-FACA-4D78-B060-9CFF74E7C32F,English,2013-01-28,,,,http://creativecommons.org/licenses/by/4.0,Missouri Botanical Garden,Missouri Botanical Garden
wfo-0000626438,trees,habit,D32D0BC5-D9D4-46FC-B166-66385FFA4917,English,2013-05-24,,,,http://creativecommons.org/licenses/by/4.0,Missouri Botanical Garden,Missouri Botanical Garden
wfo-0001291633,Herb,habit,6B93BB29-2E1D-4AE3-B3E9-1847EFE41AE2,English,2013-01-28,,,,http://creativecommons.org/licenses/by/4.0,Missouri Botanical Garden,Missouri Botanical Garden
wfo-0000657379,herb,habit,DB75B575-F4D6-41A0-B960-03681CC6BF31,English,2013-01-28,,,,http://creativecommons.org/licenses/by/4.0,Missouri Botanical Garden,Missouri Botanical Garden
wfo-0000375148,Trees or shrubs,habit,E295C095-71DD-411B-A963-54E99A742BFC,English,2013-05-24,,,,http://creativecommons.org/licenses/by/4.0,Missouri Botanical Garden,Missouri Botanical Garden
wfo-0001292593,tree,habit,1F56559C-1843-47E0-BC58-168F90C5AA94,English,2013-05-24,,,,http://creativecommons.org/licenses/by/4.0,Missouri Botanical Garden,Missouri Botanical Garden
wfo-0001292594,Trees,habit,B541CF43-A89F-44C1-923A-C13ED2C319E6,English,2013-05-24,,,,http://creativecommons.org/licenses/by/4.0,Missouri Botanical Garden,Missouri Botanical Garden
wfo-0000374949,Shrubs or small trees,habit,4BEF0284-62FF-4B6F-A6DA-4E65A0BDB7BC,English,2013-05-24,,,,http://creativecommons.org/licenses/by/4.0,Missouri Botanical Garden,Missouri Botanical Garden
wfo-0000716650,shrub,habit,2CB9AC40-1558-4C0E-89D7-A752FB56EBD2,English,2013-01-17,,,,http://creativecommons.org/licenses/by/4.0,Missouri Botanical Garden,Missouri Botanical Garden
wfo-0000716652,tree,habit,4B1AB20D-B657-4952-8B11-6D26F2D97F15,English,2013-01-17,,,,http://creativecommons.org/licenses/by/4.0,Missouri Botanical Garden,Missouri Botanical Garden
wfo-0000833571,Shrub tree,habit,"CC6342B2-F546-4B5C-8C4F-6DBF564E0E1E,F3110582-C14C-4380-9733-AE8DC1217CD4",English,2012-11-14,,,,http://creativecommons.org/licenses/by/4.0,Missouri Botanical Garden,Missouri Botanical Garden
wfo-0000830291,shrub,habit,"7263CDC1-FD2E-443D-8E4E-75A9ABED1B4B,88A760CA-DBD8-4964-9286-365AB243AD87",English,2012-11-13,,,,http://creativecommons.org/licenses/by/4.0,Missouri Botanical Garden,Missouri Botanical Garden
wfo-0000830699,Tree,habit,61EBE984-7581-4A8B-8E65-401DB13D8F88,English,2012-11-14,,,,http://creativecommons.org/licenses/by/4.0,Missouri Botanical Garden,Missouri Botanical Garden
wfo-0000815802,Tree,habit,9AA038DF-2989-4005-BDEC-7E8C6EE7CBB8,English,2012-11-14,,,,http://creativecommons.org/licenses/by/4.0,Missouri Botanical Garden,Missouri Botanical Garden
wfo-0000816019,Tree,habit,766F749A-CC37-4EB5-BC35-98183DA5A7AF,English,2012-11-13,,,,http://creativecommons.org/licenses/by/4.0,Missouri Botanical Garden,Missouri Botanical Garden
wfo-0000833407,tree,habit,"95AA61AA-9005-4D3F-9E75-3ADAEC90975D,C51BF0F1-2743-45C8-A0F1-88984EFDC657",English,2012-11-14,,,,http://creativecommons.org/licenses/by/4.0,Missouri Botanical Garden,Missouri Botanical Garden
wfo-0000695306,Shrubs,habit,E104C91A-6104-444C-80D0-333E63D89A35,English,2013-07-23,,,,http://creativecommons.org/licenses/by/4.0,Missouri Botanical Garden,Missouri Botanical Garden
wfo-0000816148,Tree,habit,"F7AF2CB4-05BE-4238-9A73-2F3C97CAC969,EEA6160B-DD87-44AD-BB18-F5719582AF24",English,2012-11-14,,,,http://creativecommons.org/licenses/by/4.0,Missouri Botanical Garden,Missouri Botanical Garden
wfo-0000889173,Trees shrub,habit,1CDA7D57-C7FC-4BFD-A693-865E520EC6A7,English,2013-03-15,,,,http://creativecommons.org/licenses/by/4.0,Missouri Botanical Garden,Missouri Botanical Garden
wfo-0000581218,tree,habit,C427EFC1-C408-4AFF-9607-4AB563433448,English,2013-10-17,,,,http://creativecommons.org/licenses/by/4.0,Missouri Botanical Garden,Missouri Botanical Garden
wfo-0000612443,Tree or shrub,habit,38B89A3F-27AB-407D-A652-F419A0EFC0DD,English,2013-10-17,,,,http://creativecommons.org/licenses/by/4.0,Missouri Botanical Garden,Missouri Botanical Garden
wfo-0000612474,Shrub or tree,habit,D7C3B14E-F550-4520-A6C6-DD93E06ACEB8,English,2013-10-17,,,,http://creativecommons.org/licenses/by/4.0,Missouri Botanical Garden,Missouri Botanical Garden
wfo-0001081056,Shrub tree,habit,6552C338-FA18-43FA-94A4-4D6708174F0D,English,2013-01-10,,,,http://creativecommons.org/licenses/by/4.0,Missouri Botanical Garden,Missouri Botanical Garden
wfo-0000924545,shrub,habit,C79C8E16-1BE8-4B1B-89DC-C048C2E73B32,English,2013-03-13,,,,http://creativecommons.org/licenses/by/4.0,Missouri Botanical Garden,Missouri Botanical Garden
wfo-0000716211,shrubs or small trees,habit,C42B963D-75D1-4933-B459-4C35C13ABCD7,English,2013-10-17,,,,http://creativecommons.org/licenses/by/4.0,Missouri Botanical Garden,Missouri Botanical Garden
wfo-0000727679,shrublet,habit,9ACDB061-68B1-45A4-B606-DB1A38556339,English,2013-07-19,,,,http://creativecommons.org/licenses/by/4.0,Missouri Botanical Garden,Missouri Botanical Garden
wfo-0000728307,herb,habit,49CF3B4D-BAB9-4CA2-AD8B-E05A94712BA6,English,2013-07-19,,,,http://creativecommons.org/licenses/by/4.0,Missouri Botanical Garden,Missouri Botanical Garden
wfo-0001295747,Tree,habit,01F234CB-5335-4136-91E3-58A3F436D7CA,English,2013-10-17,,,,http://creativecommons.org/licenses/by/4.0,Missouri Botanical Garden,Missouri Botanical Garden
wfo-0000376608,Shrub or tree,habit,CBFF8CCA-11D4-4330-9EAC-757F4DD426A9,English,2013-10-17,,,,http://creativecommons.org/licenses/by/4.0,Missouri Botanical Garden,Missouri Botanical Garden
wfo-0000399110,Tree,habit,60D55320-32F3-44DB-9D89-65BD97B745F5,English,2013-10-17,,,,http://creativecommons.org/licenses/by/4.0,Missouri Botanical Garden,Missouri Botanical Garden
wfo-0000406890,Shrub or tree,habit,868F1855-E9F7-4A9A-9463-F4B4AD03DB7C,English,2013-10-17,,,,http://creativecommons.org/licenses/by/4.0,Missouri Botanical Garden,Missouri Botanical Garden
wfo-0000406883,Shrub or tree,habit,7CAB2BB4-FDAE-493E-AFA1-2176C9EF747C,English,2013-10-17,,,,http://creativecommons.org/licenses/by/4.0,Missouri Botanical Garden,Missouri Botanical Garden
wfo-0000612146,Shrub or tree,habit,3ECB97B7-78F3-481C-A34C-0E768E255352,English,2013-10-17,,,,http://creativecommons.org/licenses/by/4.0,Missouri Botanical Garden,Missouri Botanical Garden
wfo-0000406991,Shrub or small tree,habit,9714B043-10B0-427F-B4CD-72CD077FCF91,English,2013-10-17,,,,http://creativecommons.org/licenses/by/4.0,Missouri Botanical Garden,Missouri Botanical Garden
wfo-0000418662,Tree or rarely shrub,habit,7C0722E0-FCEC-41A7-BADD-9C795E629691,English,2013-07-19,,,,http://creativecommons.org/licenses/by/4.0,Missouri Botanical Garden,Missouri Botanical Garden
wfo-0000581184,Tree,habit,3BC2DE50-8C1B-4534-BE10-8FDDF9968578,English,2013-10-17,,,,http://creativecommons.org/licenses/by/4.0,Missouri Botanical Garden,Missouri Botanical Garden
wfo-0000612323,Tree or shrub,habit,4FE1B07D-ECC1-48AF-BC8F-220625CCBFC2,English,2013-10-17,,,,http://creativecommons.org/licenses/by/4.0,Missouri Botanical Garden,Missouri Botanical Garden
wfo-0000591303,shrub,habit,8CE7AF1F-1507-424F-9518-EBCB1CB340F7,English,2013-07-22,,,,http://creativecommons.org/licenses/by/4.0,Missouri Botanical Garden,Missouri Botanical Garden
wfo-0000375040,tree,habit,45246DBE-C276-4891-815A-CE7896324960,English,2013-10-17,,,,http://creativecommons.org/licenses/by/4.0,Missouri Botanical Garden,Missouri Botanical Garden
wfo-0000581252,Tree or shrub,habit,AA828AF4-89B3-4637-B897-EC14F6771ECD,English,2013-10-17,,,,http://creativecommons.org/licenses/by/4.0,Missouri Botanical Garden,Missouri Botanical Garden
wfo-0000581340,Tree,habit,D337ED69-6C72-4ED2-8C00-8736F0C3F940,English,2013-10-17,,,,http://creativecommons.org/licenses/by/4.0,Missouri Botanical Garden,Missouri Botanical Garden
wfo-0000612155,Shrub or tree,habit,8E691B9E-92D3-41F0-8EAD-96B866AED009,English,2013-10-17,,,,http://creativecommons.org/licenses/by/4.0,Missouri Botanical Garden,Missouri Botanical Garden
wfo-0000612170,Tree or shrub,habit,9F62111D-99B5-4B10-AB46-8E3DDD0B69B8,English,2013-10-17,,,,http://creativecommons.org/licenses/by/4.0,Missouri Botanical Garden,Missouri Botanical Garden
wfo-0000591316,shrubs,habit,BD7D9C29-629C-4E7C-8A40-D0F078FB6282,English,2013-07-22,,,,http://creativecommons.org/licenses/by/4.0,Missouri Botanical Garden,Missouri Botanical Garden
wfo-0000612176,shrub or tree,habit,407E2CBD-7242-456A-8A8F-FA2F8B7984CD,English,2013-10-17,,,,http://creativecommons.org/licenses/by/4.0,Missouri Botanical Garden,Missouri Botanical Garden
wfo-0000612221,Shrub or small tree,habit,22171DFB-DB46-429D-80AE-14526F274A86,English,2013-10-17,,,,http://creativecommons.org/licenses/by/4.0,Missouri Botanical Garden,Missouri Botanical Garden
wfo-0000612187,Shrub or tree,habit,5A8127CF-7493-47C7-A893-BDC46CD4113E,English,2013-10-17,,,,http://creativecommons.org/licenses/by/4.0,Missouri Botanical Garden,Missouri Botanical Garden
wfo-0000612198,Tree,habit,35A076A4-4320-48F0-83D7-34D68D77EF6E,English,2013-10-17,,,,http://creativecommons.org/licenses/by/4.0,Missouri Botanical Garden,Missouri Botanical Garden
wfo-0000612287,Shrub or tree,habit,B7544891-2DDC-44CD-991F-AC7742360FF1,English,2013-10-17,,,,http://creativecommons.org/licenses/by/4.0,Missouri Botanical Garden,Missouri Botanical Garden
wfo-0000612361,shrub or tree,habit,13727D2A-A342-47E7-A973-1DE8D0F16215,English,2013-10-17,,,,http://creativecommons.org/licenses/by/4.0,Missouri Botanical Garden,Missouri Botanical Garden
wfo-0000612288,Shrub or tree,habit,1B3F2B0C-3AA7-4F7E-92F9-6719D5424AE8,English,2013-10-17,,,,http://creativecommons.org/licenses/by/4.0,Missouri Botanical Garden,Missouri Botanical Garden
wfo-0000612290,Shrub or tree,habit,24A3D1A6-9DA4-4D15-935F-A8D96A6D1424,English,2013-10-17,,,,http://creativecommons.org/licenses/by/4.0,Missouri Botanical Garden,Missouri Botanical Garden
wfo-0000612355,Tree or epiphytic vine or shrub,habit,632C61D0-ACA7-49A1-8A00-C869774FD905,English,2013-10-17,,,,http://creativecommons.org/licenses/by/4.0,Missouri Botanical Garden,Missouri Botanical Garden
wfo-0000612440,Tree or shrub,habit,BE1C0A14-948F-4578-9B8F-9952A69A5B7B,English,2013-10-17,,,,http://creativecommons.org/licenses/by/4.0,Missouri Botanical Garden,Missouri Botanical Garden
wfo-0001297275,Vines,habit,E1A238BC-BD54-4FF9-AD32-0BC82344FDF7,English,2013-05-31,,,,http://creativecommons.org/licenses/by/4.0,Missouri Botanical Garden,Missouri Botanical Garden
wfo-0000658901,Tree,habit,56CE8AF9-C855-440D-82AD-4C0F341FF319,English,2013-10-17,,,,http://creativecommons.org/licenses/by/4.0,Missouri Botanical Garden,Missouri Botanical Garden
wfo-0000694570,tree,habit,E80A51DC-224E-46BA-B8BB-422458BB7404,English,2013-10-17,,,,http://creativecommons.org/licenses/by/4.0,Missouri Botanical Garden,Missouri Botanical Garden
wfo-0001297289,Lianas,habit,4F554A6E-6AE6-4089-8BA2-BECEC546BD54,English,2013-05-31,,,,http://creativecommons.org/licenses/by/4.0,Missouri Botanical Garden,Missouri Botanical Garden
wfo-0001295921,Tree,habit,88C82011-CEC7-40B8-8E26-E3D05AA4D693,English,2013-10-17,,,,http://creativecommons.org/licenses/by/4.0,Missouri Botanical Garden,Missouri Botanical Garden
wfo-0001297300,Vines,habit,FCD8422B-A2DA-40AD-A026-95896B623537,English,2013-05-31,,,,http://creativecommons.org/licenses/by/4.0,Missouri Botanical Garden,Missouri Botanical Garden
wfo-0001295922,tree,habit,07D9E250-7128-438C-B102-D8CB9318559C,English,2013-10-17,,,,http://creativecommons.org/licenses/by/4.0,Missouri Botanical Garden,Missouri Botanical Garden
wfo-0000376594,Tree,habit,434B6F29-9578-4FC8-922C-610809D06881,English,2013-10-17,,,,http://creativecommons.org/licenses/by/4.0,Missouri Botanical Garden,Missouri Botanical Garden
wfo-0001295923,shrub or tree,habit,2B7C58EE-1EA6-4561-B7C5-4CE7DF5B8532,English,2013-10-17,,,,http://creativecommons.org/licenses/by/4.0,Missouri Botanical Garden,Missouri Botanical Garden
wfo-0000747953,Vines,habit,9A162634-FD62-405E-99FE-F0B7A0B5E7D8,English,2013-05-31,,,,http://creativecommons.org/licenses/by/4.0,Missouri Botanical Garden,Missouri Botanical Garden
wfo-0000399042,Tree,habit,9A1F3C9F-F3D4-4817-86EA-3ECD424DD1F5,English,2013-10-17,,,,http://creativecommons.org/licenses/by/4.0,Missouri Botanical Garden,Missouri Botanical Garden
wfo-0000438147,Tree,habit,41E24DEB-8385-4281-8288-F0823CC6C77D,English,2013-10-17,,,,http://creativecommons.org/licenses/by/4.0,Missouri Botanical Garden,Missouri Botanical Garden
wfo-0001296872,Vines,habit,DF005082-4081-4590-ABE0-6F84DB0B3FBA,English,2013-05-31,,,,http://creativecommons.org/licenses/by/4.0,Missouri Botanical Garden,Missouri Botanical Garden
wfo-0000406907,tree,habit,6D7CB64B-DCB4-493D-B2DA-AD20BAE746D3,English,2013-10-17,,,,http://creativecommons.org/licenses/by/4.0,Missouri Botanical Garden,Missouri Botanical Garden
wfo-0001295924,Shrub,habit,5DC14891-454E-49C4-AA7D-BBC783CB4663,English,2013-10-17,,,,http://creativecommons.org/licenses/by/4.0,Missouri Botanical Garden,Missouri Botanical Garden
wfo-0001295925,tree,habit,BCB95BC4-ABE9-4797-8510-DFEDE52AB43C,English,2013-10-17,,,,http://creativecommons.org/licenses/by/4.0,Missouri Botanical Garden,Missouri Botanical Garden
wfo-0000406879,Tree,habit,9CBDFD41-9FB7-41D5-AF33-F0BF84957B1A,English,2013-10-17,,,,http://creativecommons.org/licenses/by/4.0,Missouri Botanical Garden,Missouri Botanical Garden
wfo-0001295926,shrub,habit,E57B716C-7945-45B6-BDA1-FDF29044997A,English,2013-10-17,,,,http://creativecommons.org/licenses/by/4.0,Missouri Botanical Garden,Missouri Botanical Garden
wfo-0001297307,Lianas,habit,3668A27F-3137-48F2-A0C9-5F92251D2608,English,2013-05-31,,,,http://creativecommons.org/licenses/by/4.0,Missouri Botanical Garden,Missouri Botanical Garden
wfo-0001295927,tree,habit,9EE58DFA-4F21-452D-8576-2E327C8A9623,English,2013-10-17,,,,http://creativecommons.org/licenses/by/4.0,Missouri Botanical Garden,Missouri Botanical Garden
wfo-0001295928,Shrub,habit,906694DB-75AC-47E4-8DD6-30C169AF0AB3,English,2013-10-17,,,,http://creativecommons.org/licenses/by/4.0,Missouri Botanical Garden,Missouri Botanical Garden
wfo-0001295929,Tree,habit,4BF04207-007D-4FB9-B77F-BEC343846E0A,English,2013-10-17,,,,http://creativecommons.org/licenses/by/4.0,Missouri Botanical Garden,Missouri Botanical Garden
wfo-0000406793,Tree,habit,4C50E58B-4AF6-4E79-A411-71DEA2B29E6E,English,2013-10-17,,,,http://creativecommons.org/licenses/by/4.0,Missouri Botanical Garden,Missouri Botanical Garden
wfo-0001295930,tree,habit,A6C0BCCD-C66F-4FA4-A1B8-19834E5CF5BE,English,2013-10-17,,,,http://creativecommons.org/licenses/by/4.0,Missouri Botanical Garden,Missouri Botanical Garden
wfo-0001295931,Tree or shrub,habit,E9098BFB-C710-4171-9A01-26163337B530,English,2013-10-17,,,,http://creativecommons.org/licenses/by/4.0,Missouri Botanical Garden,Missouri Botanical Garden
wfo-0001295932,Tree,habit,CFE2E64E-8395-4830-A55F-991AC03947C6,English,2013-10-17,,,,http://creativecommons.org/licenses/by/4.0,Missouri Botanical Garden,Missouri Botanical Garden
wfo-0000422383,Shrub or tree,habit,5774C403-9FE2-40A3-9660-E7F1E645104B,English,2013-07-19,,,,http://creativecommons.org/licenses/by/4.0,Missouri Botanical Garden,Missouri Botanical Garden
wfo-0001295933,Shrub or tree,habit,AC38B550-EFE4-464D-95ED-E3BC96DCCBF0,English,2013-07-19,,,,http://creativecommons.org/licenses/by/4.0,Missouri Botanical Garden,Missouri Botanical Garden
wfo-0001297033,Vines,habit,EC00277D-C2F0-477A-86E8-0E8532DB85DC,English,2013-05-31,,,,http://creativecommons.org/licenses/by/4.0,Missouri Botanical Garden,Missouri Botanical Garden
wfo-0001295935,Shrub or tree,habit,2BF09250-328E-45EC-B831-2E696B9AED2B,English,2013-07-19,,,,http://creativecommons.org/licenses/by/4.0,Missouri Botanical Garden,Missouri Botanical Garden
wfo-0001297163,Vines,habit,75528D26-93D4-4631-8769-33C6609867ED,English,2013-05-31,,,,http://creativecommons.org/licenses/by/4.0,Missouri Botanical Garden,Missouri Botanical Garden
wfo-0000612304,Shrub or tree,habit,56FDAB59-EC51-4687-A8ED-C760CE911EB6,English,2013-10-17,,,,http://creativecommons.org/licenses/by/4.0,Missouri Botanical Garden,Missouri Botanical Garden
wfo-0001295952,shrub or tree,habit,4EC70405-BFE1-494B-AB4D-56C2104380C6,English,2013-10-17,,,,http://creativecommons.org/licenses/by/4.0,Missouri Botanical Garden,Missouri Botanical Garden
wfo-0000902633,Tree,habit,DFF946EC-2B3E-4285-B924-671624E54F5A,English,2013-03-14,,,,http://creativecommons.org/licenses/by/4.0,Missouri Botanical Garden,Missouri Botanical Garden
wfo-0000616750,liana,habit,73882C97-6960-441A-9790-16B92DA2D404,English,2012-12-18,,,,http://creativecommons.org/licenses/by/4.0,Missouri Botanical Garden,Missouri Botanical Garden
wfo-0001296663,Shrubs,habit,85F68E94-8B53-4C9C-8A71-3DC371521339,English,2013-05-31,,,,http://creativecommons.org/licenses/by/4.0,Missouri Botanical Garden,Missouri Botanical Garden
wfo-0001297241,herbs,habit,B54D9C19-B4BA-4DE8-9307-FBE4ACBCD1A2,English,2013-05-31,,,,http://creativecommons.org/licenses/by/4.0,Missouri Botanical Garden,Missouri Botanical Garden
wfo-0000573471,Tree,habit,B46DE0AB-76F9-461E-84DC-79DC8829956E,English,2012-12-18,,,,http://creativecommons.org/licenses/by/4.0,Missouri Botanical Garden,Missouri Botanical Garden
wfo-0000573831,tree,habit,1CCD21BD-6C10-47F6-9288-ACA827AAFA4B,English,2012-12-18,,,,http://creativecommons.org/licenses/by/4.0,Missouri Botanical Garden,Missouri Botanical Garden
wfo-0001296676,Vines,habit,06EA2CC1-AE30-43B1-BE8F-B4FEAE4948E2,English,2013-05-31,,,,http://creativecommons.org/licenses/by/4.0,Missouri Botanical Garden,Missouri Botanical Garden
wfo-0000618338,tree,habit,EEFAA7C9-91F1-4B86-8637-4AEB9802DD86,English,2012-12-18,,,,http://creativecommons.org/licenses/by/4.0,Missouri Botanical Garden,Missouri Botanical Garden
wfo-0000616156,Shrub liana,habit,C2A243BA-E719-4FF2-8522-33BBC6B8E227,English,2012-12-18,,,,http://creativecommons.org/licenses/by/4.0,Missouri Botanical Garden,Missouri Botanical Garden
wfo-0000616307,Shrub,habit,"AD35C54E-7B87-4855-9862-03577015E6D8,AB9CD57F-CF35-4813-A04C-57B1C15DD4EB",English,2012-12-18,,,,http://creativecommons.org/licenses/by/4.0,Missouri Botanical Garden,Missouri Botanical Garden
wfo-0000616453,Liana shrub,habit,9F7EA86E-EBDD-4EC8-9AEC-24AA865BB7EC,English,2012-12-18,,,,http://creativecommons.org/licenses/by/4.0,Missouri Botanical Garden,Missouri Botanical Garden
wfo-0000406977,tree,habit,B83AA56D-EF3B-49DD-B4E1-276C3A3B7AC3,English,2012-12-18,,,,http://creativecommons.org/licenses/by/4.0,Missouri Botanical Garden,Missouri Botanical Garden
wfo-0001297312,Lianas,habit,41CD853E-7465-44DB-816C-75BBD2E45FF7,English,2013-05-31,,,,http://creativecommons.org/licenses/by/4.0,Missouri Botanical Garden,Missouri Botanical Garden
wfo-0000616229,Liana,habit,F3D1E82B-53FF-4C8A-819F-A75802F24D01,English,2012-12-18,,,,http://creativecommons.org/licenses/by/4.0,Missouri Botanical Garden,Missouri Botanical Garden
wfo-0000406975,Tree,habit,B9D1CB02-D153-4AC9-9A86-0E951C88E06E,English,2012-12-18,,,,http://creativecommons.org/licenses/by/4.0,Missouri Botanical Garden,Missouri Botanical Garden
wfo-0000612658,lianas,habit,4B0ED5D1-7CE5-497B-993B-B87142873090,English,2012-11-14,,,,http://creativecommons.org/licenses/by/4.0,Missouri Botanical Garden,Missouri Botanical Garden
wfo-0000618291,lianas,habit,03F9421A-BFC3-488B-AB61-B481D49E1730,English,2012-11-14,,,,http://creativecommons.org/licenses/by/4.0,Missouri Botanical Garden,Missouri Botanical Garden
wfo-0000398995,lianas,habit,814B36AA-5133-49E7-BE71-17CDA3617F12,English,2012-11-14,,,,http://creativecommons.org/licenses/by/4.0,Missouri Botanical Garden,Missouri Botanical Garden
wfo-0001296536,lianas,habit,A974A31C-8646-4277-AC81-0CF4DDDD8296,English,2012-11-14,,,,http://creativecommons.org/licenses/by/4.0,Missouri Botanical Garden,Missouri Botanical Garden
wfo-0000618195,lianas,habit,4C711117-E891-46BE-A750-C8B3E7FD496B,English,2012-11-14,,,,http://creativecommons.org/licenses/by/4.0,Missouri Botanical Garden,Missouri Botanical Garden
wfo-0000618309,lianas,habit,89CFFB17-094A-41B3-AB7B-DCCAF9F821F4,English,2012-11-14,,,,http://creativecommons.org/licenses/by/4.0,Missouri Botanical Garden,Missouri Botanical Garden
wfo-0001296638,Vines,habit,94101861-6551-4F3F-81C2-1A01FD75E5C0,English,2013-05-31,,,,http://creativecommons.org/licenses/by/4.0,Missouri Botanical Garden,Missouri Botanical Garden
wfo-0001296659,Herbs,habit,934CC77A-D88A-46B7-BAA4-90F7731BE5D1,English,2013-05-31,,,,http://creativecommons.org/licenses/by/4.0,Missouri Botanical Garden,Missouri Botanical Garden
wfo-0001296662,Vines,habit,CC0C9BDC-9014-41F6-A7B5-263EDAF0D103,English,2013-05-31,,,,http://creativecommons.org/licenses/by/4.0,Missouri Botanical Garden,Missouri Botanical Garden
wfo-0001296668,Vines,habit,CFADA5EC-5878-4E7B-B0A8-BB9FFB68F799,English,2013-05-31,,,,http://creativecommons.org/licenses/by/4.0,Missouri Botanical Garden,Missouri Botanical Garden
wfo-0001296675,Vines,habit,978D3B20-CE09-4D02-A3A5-12F250D31EC8,English,2013-05-31,,,,http://creativecommons.org/licenses/by/4.0,Missouri Botanical Garden,Missouri Botanical Garden
wfo-0001296677,Vines,habit,42AC183A-BF04-4E1E-808B-587088DA0239,English,2013-05-31,,,,http://creativecommons.org/licenses/by/4.0,Missouri Botanical Garden,Missouri Botanical Garden
wfo-0001296707,Lianas,habit,152BA3C9-1CB5-45D8-9178-F8E31C682486,English,2013-05-31,,,,http://creativecommons.org/licenses/by/4.0,Missouri Botanical Garden,Missouri Botanical Garden
wfo-0001296843,herbs,habit,8D91EDDC-DD76-4E31-AFCE-40434C6434D8,English,2013-05-31,,,,http://creativecommons.org/licenses/by/4.0,Missouri Botanical Garden,Missouri Botanical Garden
wfo-0001296821,herbs,habit,AA6A674A-D9D1-4754-B1FE-A2CDECAB29B0,English,2013-05-31,,,,http://creativecommons.org/licenses/by/4.0,Missouri Botanical Garden,Missouri Botanical Garden
wfo-0001296859,Herbs,habit,6754543E-5D54-460E-80CA-481FBAC6CDFB,English,2013-05-31,,,,http://creativecommons.org/licenses/by/4.0,Missouri Botanical Garden,Missouri Botanical Garden
wfo-0001296886,Lianas,habit,406581E3-91F7-40A5-8ECB-8946C9DDFF02,English,2013-05-31,,,,http://creativecommons.org/licenses/by/4.0,Missouri Botanical Garden,Missouri Botanical Garden
wfo-0001296967,Vines,habit,7B7C535D-EAAE-4C37-BF4E-282EE7C848F6,English,2013-05-31,,,,http://creativecommons.org/licenses/by/4.0,Missouri Botanical Garden,Missouri Botanical Garden
wfo-0001297038,Vines,habit,068AFA92-4CC5-47AB-B390-8C9ACE866416,English,2013-05-31,,,,http://creativecommons.org/licenses/by/4.0,Missouri Botanical Garden,Missouri Botanical Garden
wfo-0001297062,Lianas,habit,11074A60-9370-4476-ADC1-1B192489C470,English,2013-05-31,,,,http://creativecommons.org/licenses/by/4.0,Missouri Botanical Garden,Missouri Botanical Garden
wfo-0001297268,Vines,habit,23F0301A-B162-4C1B-B0FF-A61116D5A14F,English,2013-05-31,,,,http://creativecommons.org/licenses/by/4.0,Missouri Botanical Garden,Missouri Botanical Garden
wfo-0001297087,Vines,habit,53FB133F-B6BB-4AFE-B4CA-5944B58480B0,English,2013-05-31,,,,http://creativecommons.org/licenses/by/4.0,Missouri Botanical Garden,Missouri Botanical Garden
wfo-0001297164,Lianas,habit,07A93EA1-A4EC-487D-9943-9D56762E1808,English,2013-05-31,,,,http://creativecommons.org/licenses/by/4.0,Missouri Botanical Garden,Missouri Botanical Garden
wfo-0001297240,herbs,habit,82009813-2E45-48A0-AF18-2D9DB81595EC,English,2013-05-31,,,,http://creativecommons.org/licenses/by/4.0,Missouri Botanical Garden,Missouri Botanical Garden
wfo-0001297242,Vines,habit,E45298E1-B231-4CAC-A424-5B745B4386A8,English,2013-05-31,,,,http://creativecommons.org/licenses/by/4.0,Missouri Botanical Garden,Missouri Botanical Garden
wfo-0001297246,Vines,habit,13358108-59CF-4BBF-88A9-88CE63EE07C7,English,2013-05-31,,,,http://creativecommons.org/licenses/by/4.0,Missouri Botanical Garden,Missouri Botanical Garden
wfo-0001297251,Vines,habit,FC852EBC-3234-4A68-9E1A-217DA81D62C5,English,2013-05-31,,,,http://creativecommons.org/licenses/by/4.0,Missouri Botanical Garden,Missouri Botanical Garden
wfo-0001297264,Vines,habit,AE79EABF-1433-4BE4-B1E8-628362750356,English,2013-05-31,,,,http://creativecommons.org/licenses/by/4.0,Missouri Botanical Garden,Missouri Botanical Garden
wfo-0001297270,vines,habit,F0BC9C9F-2397-4642-90FA-026EE983E956,English,2013-05-31,,,,http://creativecommons.org/licenses/by/4.0,Missouri Botanical Garden,Missouri Botanical Garden
wfo-0001297287,Lianas,habit,30F65C6D-DD5A-4F3C-8069-802E91021F88,English,2013-05-31,,,,http://creativecommons.org/licenses/by/4.0,Missouri Botanical Garden,Missouri Botanical Garden
wfo-0001297292,Vines,habit,7FAFE9FF-AB47-43D7-A551-93EECB9AD7A2,English,2013-05-31,,,,http://creativecommons.org/licenses/by/4.0,Missouri Botanical Garden,Missouri Botanical Garden
wfo-0001297296,Vines,habit,DC542C8F-46D8-4BB7-8F91-F87FC158B98F,English,2013-05-31,,,,http://creativecommons.org/licenses/by/4.0,Missouri Botanical Garden,Missouri Botanical Garden
wfo-0001297297,Lianas,habit,96794815-21F9-4AEA-9741-916F55A442ED,English,2013-05-31,,,,http://creativecommons.org/licenses/by/4.0,Missouri Botanical Garden,Missouri Botanical Garden
wfo-0001297298,Lianas,habit,5F242216-7BEC-4658-8FD3-C95E8DDEBCF4,English,2013-05-31,,,,http://creativecommons.org/licenses/by/4.0,Missouri Botanical Garden,Missouri Botanical Garden
wfo-0001297299,Vines,habit,C5BB6C35-33AB-4728-B534-5C3B49DE02FE,English,2013-05-31,,,,http://creativecommons.org/licenses/by/4.0,Missouri Botanical Garden,Missouri Botanical Garden
wfo-0001297301,Vines,habit,32004EC3-7B1B-4094-9C03-900DE50561E0,English,2013-05-31,,,,http://creativecommons.org/licenses/by/4.0,Missouri Botanical Garden,Missouri Botanical Garden
wfo-0001297303,Lianas,habit,322FA561-32A9-4992-9DD8-DD0DEE34761C,English,2013-05-31,,,,http://creativecommons.org/licenses/by/4.0,Missouri Botanical Garden,Missouri Botanical Garden
wfo-0001297305,Vines,habit,34DDAEF5-9D38-4D38-BD21-A5386A8BA907,English,2013-05-31,,,,http://creativecommons.org/licenses/by/4.0,Missouri Botanical Garden,Missouri Botanical Garden
wfo-0001297304,Lianas,habit,3710E081-A935-4D76-93E7-77E512247CBB,English,2013-05-31,,,,http://creativecommons.org/licenses/by/4.0,Missouri Botanical Garden,Missouri Botanical Garden
wfo-0001297306,Lianas,habit,7AAD7283-3888-49EB-8F89-B9B311CB4F56,English,2013-05-31,,,,http://creativecommons.org/licenses/by/4.0,Missouri Botanical Garden,Missouri Botanical Garden
wfo-0001297308,Vines,habit,BE7B5755-7B93-4404-84F7-F00666A0C618,English,2013-05-31,,,,http://creativecommons.org/licenses/by/4.0,Missouri Botanical Garden,Missouri Botanical Garden
wfo-0001297311,Vines,habit,ED119B86-904E-4EF8-B359-B130936D8049,English,2013-05-31,,,,http://creativecommons.org/licenses/by/4.0,Missouri Botanical Garden,Missouri Botanical Garden
wfo-0001297360,Vines,habit,C81DE61F-4A43-4DBA-B713-4044F390D6B1,English,2013-05-31,,,,http://creativecommons.org/licenses/by/4.0,Missouri Botanical Garden,Missouri Botanical Garden
wfo-0001297396,Vines,habit,9D94539A-B42C-4636-80E8-41D36A41EEFC,English,2013-05-31,,,,http://creativecommons.org/licenses/by/4.0,Missouri Botanical Garden,Missouri Botanical Garden
wfo-0001297421,Lianas,habit,DA7BCF08-5F28-41A3-9ABA-75FB239E8313,English,2013-05-31,,,,http://creativecommons.org/licenses/by/4.0,Missouri Botanical Garden,Missouri Botanical Garden
wfo-0001297412,Vines,habit,B3DC7F46-FFEB-433E-83D7-E9197849C625,English,2013-05-31,,,,http://creativecommons.org/licenses/by/4.0,Missouri Botanical Garden,Missouri Botanical Garden
wfo-0001298653,Vines,habit,1ACC1815-D0BB-40D4-AB73-EBFF93D2EF73,English,2013-05-31,,,,http://creativecommons.org/licenses/by/4.0,Missouri Botanical Garden,Missouri Botanical Garden
wfo-0001298779,Vines,habit,40988665-4092-4366-811C-434F55FC2807,English,2013-05-31,,,,http://creativecommons.org/licenses/by/4.0,Missouri Botanical Garden,Missouri Botanical Garden
wfo-0001298896,Lianas,habit,E63E4C70-540A-4CC3-81CC-15AFD03886C0,English,2013-05-31,,,,http://creativecommons.org/licenses/by/4.0,Missouri Botanical Garden,Missouri Botanical Garden
wfo-0000924655,Shrub tree,habit,1CBE7128-0775-43C3-AC38-DED86AF1905E,English,2013-01-11,,,,http://creativecommons.org/licenses/by/4.0,Missouri Botanical Garden,Missouri Botanical Garden
wfo-0000441843,vines,habit,6BF7AFE4-90FC-4AB1-B4CE-0CE5D8196D4C,English,2013-08-01,,,,http://creativecommons.org/licenses/by/4.0,Missouri Botanical Garden,Missouri Botanical Garden
wfo-0000591578,vines,habit,4E21EF4F-0CF9-4EE6-80BD-08452E60C939,English,2013-07-31,,,,http://creativecommons.org/licenses/by/4.0,Missouri Botanical Garden,Missouri Botanical Garden
wfo-0000946095,herbs,habit,75BE244D-EECD-4305-9F4F-7D94F36A640A,English,2013-07-01,,,,http://creativecommons.org/licenses/by/4.0,Missouri Botanical Garden,Missouri Botanical Garden
wfo-0000631963,Vines,habit,C3EAEEBA-7BC6-4800-A33C-145C51FF8388,English,2013-07-31,,,,http://creativecommons.org/licenses/by/4.0,Missouri Botanical Garden,Missouri Botanical Garden
wfo-0000687079,Lianas,habit,AD69B7F3-04EC-42CC-96DE-A39C366FE459,English,2013-07-31,,,,http://creativecommons.org/licenses/by/4.0,Missouri Botanical Garden,Missouri Botanical Garden
wfo-0000711977,vines,habit,D582302F-F263-4078-9BC9-F9A4506CF269,English,2013-07-31,,,,http://creativecommons.org/licenses/by/4.0,Missouri Botanical Garden,Missouri Botanical Garden
wfo-0000376932,Vines,habit,A381FEE5-FBCA-4572-9DA8-2ABF9EF61A04,English,2013-08-01,,,,http://creativecommons.org/licenses/by/4.0,Missouri Botanical Garden,Missouri Botanical Garden
wfo-0000441531,Vines,habit,335CCEC6-1296-4144-9FD5-AD42DDEE4EE3,English,2013-08-01,,,,http://creativecommons.org/licenses/by/4.0,Missouri Botanical Garden,Missouri Botanical Garden
wfo-0000441525,vines,habit,5559A1CA-2601-4E8B-800F-E6785AA22847,English,2013-08-01,,,,http://creativecommons.org/licenses/by/4.0,Missouri Botanical Garden,Missouri Botanical Garden
wfo-0000441521,vines,habit,093E8CCD-83BF-4C62-B487-0CCCA4D67C6A,English,2013-08-01,,,,http://creativecommons.org/licenses/by/4.0,Missouri Botanical Garden,Missouri Botanical Garden
wfo-0000441654,vines,habit,4A80BFA1-FE96-44C5-A1CC-65DE800B4B4C,English,2013-08-01,,,,http://creativecommons.org/licenses/by/4.0,Missouri Botanical Garden,Missouri Botanical Garden
wfo-0000361549,vines,habit,D97A4D37-EE92-4F80-97EC-5BB5B5E1322C,English,2013-07-31,,,,http://creativecommons.org/licenses/by/4.0,Missouri Botanical Garden,Missouri Botanical Garden
wfo-0000628914,Vines,habit,0F51DE3C-CD27-4020-9C1E-A33AE61C37D0,English,2013-07-31,,,,http://creativecommons.org/licenses/by/4.0,Missouri Botanical Garden,Missouri Botanical Garden
wfo-0000631944,Vines,habit,5CFA729D-F182-4209-9F10-D17E78FF01B6,English,2013-07-31,,,,http://creativecommons.org/licenses/by/4.0,Missouri Botanical Garden,Missouri Botanical Garden
wfo-0000377157,Vines,habit,87480336-3210-4E83-B10D-89F57434358D,English,2013-08-01,,,,http://creativecommons.org/licenses/by/4.0,Missouri Botanical Garden,Missouri Botanical Garden
wfo-0000358882,vines,habit,DFBF12A7-39B5-4FCE-96B5-D079B364CF81,English,2013-07-31,,,,http://creativecommons.org/licenses/by/4.0,Missouri Botanical Garden,Missouri Botanical Garden
wfo-0000628992,Vines,habit,66FB8090-BCB0-4E46-AB42-79BD738A9C45,English,2013-07-31,,,,http://creativecommons.org/licenses/by/4.0,Missouri Botanical Garden,Missouri Botanical Garden
wfo-0001081164,Shrub tree,habit,8372B91E-450E-4415-904A-41EACB45000F,English,2013-01-10,,,,http://creativecommons.org/licenses/by/4.0,Missouri Botanical Garden,Missouri Botanical Garden
wfo-0000591529,vines,habit,49E7DA15-7D38-43D4-ADC1-356D4FE0BC63,English,2013-07-31,,,,http://creativecommons.org/licenses/by/4.0,Missouri Botanical Garden,Missouri Botanical Garden
wfo-0000591556,vines,habit,2DB0587C-C666-40A6-9524-16F46FEE977C,English,2013-07-31,,,,http://creativecommons.org/licenses/by/4.0,Missouri Botanical Garden,Missouri Botanical Garden
wfo-0000591560,vines,habit,6E0B1523-2C91-48C2-93EE-A7539DE681BA,English,2013-07-31,,,,http://creativecommons.org/licenses/by/4.0,Missouri Botanical Garden,Missouri Botanical Garden
wfo-0000591583,vines,habit,AD318DA2-759B-4944-B516-9805B39F112E,English,2013-07-31,,,,http://creativecommons.org/licenses/by/4.0,Missouri Botanical Garden,Missouri Botanical Garden
wfo-0000591626,Vines,habit,F89AAEF8-ECC1-45A7-9C38-B09702CCCB2C,English,2013-07-31,,,,http://creativecommons.org/licenses/by/4.0,Missouri Botanical Garden,Missouri Botanical Garden
wfo-0000628801,vines,habit,F001850B-236D-4D9C-B0C7-8DFE734344EA,English,2013-07-31,,,,http://creativecommons.org/licenses/by/4.0,Missouri Botanical Garden,Missouri Botanical Garden
wfo-0000631948,Vines,habit,0D590270-C766-4BCC-8A00-63287056296E,English,2013-07-31,,,,http://creativecommons.org/licenses/by/4.0,Missouri Botanical Garden,Missouri Botanical Garden
wfo-0000632002,vines,habit,BE7740F6-F307-490F-81DB-A154187759B6,English,2013-07-31,,,,http://creativecommons.org/licenses/by/4.0,Missouri Botanical Garden,Missouri Botanical Garden
wfo-0000665242,vines,habit,CF721444-C48D-4A4D-9098-B046A2677361,English,2013-07-31,,,,http://creativecommons.org/licenses/by/4.0,Missouri Botanical Garden,Missouri Botanical Garden
wfo-0000692152,Vines,habit,35131202-855B-4C31-9521-0203A7FB396C,English,2013-07-31,,,,http://creativecommons.org/licenses/by/4.0,Missouri Botanical Garden,Missouri Botanical Garden
wfo-0000692153,Vines,habit,CE182AD1-E182-458B-8BA6-2745203992B8,English,2013-07-31,,,,http://creativecommons.org/licenses/by/4.0,Missouri Botanical Garden,Missouri Botanical Garden
wfo-0000711966,vine,habit,86B8F19A-E61C-487C-BA3A-240CBAFEF4DB,English,2013-07-31,,,,http://creativecommons.org/licenses/by/4.0,Missouri Botanical Garden,Missouri Botanical Garden
wfo-0000712005,vines,habit,B77A5C9D-3808-43D5-BDA6-BD96792A8C65,English,2013-07-31,,,,http://creativecommons.org/licenses/by/4.0,Missouri Botanical Garden,Missouri Botanical Garden
wfo-0000712008,lianas,habit,17377151-A787-4672-91C1-1AFDF4A83D78,English,2013-07-31,,,,http://creativecommons.org/licenses/by/4.0,Missouri Botanical Garden,Missouri Botanical Garden
wfo-0000427115,shrub tree,habit,F472E1D1-AB36-4ED0-B503-634BA8453EFA,English,2012-11-13,,,,http://creativecommons.org/licenses/by/4.0,Missouri Botanical Garden,Missouri Botanical Garden
wfo-0000358820,vines,habit,851E80BC-2C15-4B66-B262-75DB4ACC7BED,English,2013-07-31,,,,http://creativecommons.org/licenses/by/4.0,Missouri Botanical Garden,Missouri Botanical Garden
wfo-0001301042,Vines,habit,85AC389A-6E4F-4772-A9E6-3F0B5F14F47A,English,2013-07-31,,,,http://creativecommons.org/licenses/by/4.0,Missouri Botanical Garden,Missouri Botanical Garden
wfo-0000377170,Vines,habit,C845A0DF-EBF0-4D33-AAC2-623DF8C97788,English,2013-08-01,,,,http://creativecommons.org/licenses/by/4.0,Missouri Botanical Garden,Missouri Botanical Garden
wfo-0000507818,vines,habit,5F0BD4CC-74F0-426B-9BC1-24944DC366CC,English,2013-08-01,,,,http://creativecommons.org/licenses/by/4.0,Missouri Botanical Garden,Missouri Botanical Garden
wfo-0000395603,vines,habit,505CEA18-0CF5-4831-B2A3-98EBE03A26B3,English,2013-08-01,,,,http://creativecommons.org/licenses/by/4.0,Missouri Botanical Garden,Missouri Botanical Garden
wfo-0000396415,vines,habit,5D831134-153A-44FE-8F70-A68436FB6036,English,2013-08-01,,,,http://creativecommons.org/licenses/by/4.0,Missouri Botanical Garden,Missouri Botanical Garden
wfo-0000396411,vines,habit,7D0764A3-F412-4B6B-BD43-63C3DE85DDCD,English,2013-08-01,,,,http://creativecommons.org/licenses/by/4.0,Missouri Botanical Garden,Missouri Botanical Garden
wfo-0000591299,shrubs,habit,6315BC3B-45E7-45EB-8E4D-0E1365287F05,English,2013-07-22,,,,http://creativecommons.org/licenses/by/4.0,Missouri Botanical Garden,Missouri Botanical Garden
wfo-0000396795,vines,habit,7825214F-ECC8-4FE0-A988-BC45438F9642,English,2013-08-01,,,,http://creativecommons.org/licenses/by/4.0,Missouri Botanical Garden,Missouri Botanical Garden
wfo-0000441524,vines,habit,B39FA485-4633-4266-B875-0199E91E4218,English,2013-08-01,,,,http://creativecommons.org/licenses/by/4.0,Missouri Botanical Garden,Missouri Botanical Garden
wfo-0000591609,vines,habit,CDBE58F4-8B80-454C-B21A-840BE4D232A0,English,2013-07-31,,,,http://creativecommons.org/licenses/by/4.0,Missouri Botanical Garden,Missouri Botanical Garden
wfo-0000607858,vines,habit,B134B76B-1AFB-4939-959A-C32457B1DF55,English,2013-07-31,,,,http://creativecommons.org/licenses/by/4.0,Missouri Botanical Garden,Missouri Botanical Garden
wfo-0000631997,vines,habit,103FFB76-B3E4-4B81-B556-656E96A4E29B,English,2013-07-31,,,,http://creativecommons.org/licenses/by/4.0,Missouri Botanical Garden,Missouri Botanical Garden
wfo-0000628851,Vines,habit,3BCB9160-B8DC-4213-8E13-7756A70C1D0B,English,2013-07-31,,,,http://creativecommons.org/licenses/by/4.0,Missouri Botanical Garden,Missouri Botanical Garden
wfo-0001301464,tree,habit,DC9D311F-4EB3-4041-8B51-8104321B29E5,English,2012-11-13,,,,http://creativecommons.org/licenses/by/4.0,Missouri Botanical Garden,Missouri Botanical Garden
wfo-0000591291,shrubs,habit,E2E44014-6A74-4D4C-B0B5-1A909EF5C8CC,English,2013-07-22,,,,http://creativecommons.org/licenses/by/4.0,Missouri Botanical Garden,Missouri Botanical Garden
wfo-0000630847,Shrub tree,habit,B66685F5-2DE9-4496-A415-D59A6909B0A3,English,2013-03-13,,,,http://creativecommons.org/licenses/by/4.0,Missouri Botanical Garden,Missouri Botanical Garden
wfo-0000634813,Trees,habit,3EB253D2-C40E-4A2A-BEDD-665867625014,English,2013-03-13,,,,http://creativecommons.org/licenses/by/4.0,Missouri Botanical Garden,Missouri Botanical Garden
wfo-0000645354,Shrub,habit,8A20E746-9986-4A11-BDC2-2E908AA2EBE7,English,2013-03-13,,,,http://creativecommons.org/licenses/by/4.0,Missouri Botanical Garden,Missouri Botanical Garden
wfo-0000408346,Liana shrub,habit,A21714CF-1C22-473E-8E13-A40BB5FBD464,English,2013-03-13,,,,http://creativecommons.org/licenses/by/4.0,Missouri Botanical Garden,Missouri Botanical Garden
wfo-0000591380,shrubs,habit,7ACE0F33-0F2C-4BA3-AA57-6510EFF51BCC,English,2013-07-22,,,,http://creativecommons.org/licenses/by/4.0,Missouri Botanical Garden,Missouri Botanical Garden
wfo-0000408290,Liana shrub,habit,D86A0266-5627-44EB-9882-CDE469092124,English,2013-03-13,,,,http://creativecommons.org/licenses/by/4.0,Missouri Botanical Garden,Missouri Botanical Garden
wfo-0000638778,Liana tree,habit,D497531C-EC22-4949-BB54-6F83EAFDF66E,English,2013-03-13,,,,http://creativecommons.org/licenses/by/4.0,Missouri Botanical Garden,Missouri Botanical Garden
wfo-0000653494,Liana,habit,1786E2BD-393A-44AA-91BD-87FC55F26829,English,2013-03-13,,,,http://creativecommons.org/licenses/by/4.0,Missouri Botanical Garden,Missouri Botanical Garden
wfo-0000653460,Liana shrub,habit,66E9A9D8-235E-4D6E-9E62-96463422C1AB,English,2013-03-13,,,,http://creativecommons.org/licenses/by/4.0,Missouri Botanical Garden,Missouri Botanical Garden
wfo-0001045845,Liana,habit,CEAE5393-3161-4BFD-98E5-A8F068CEBBA4,English,2013-03-13,,,,http://creativecommons.org/licenses/by/4.0,Missouri Botanical Garden,Missouri Botanical Garden
wfo-0000648775,Tree,habit,0054CD39-EDC6-4260-AC37-5A3B0B5180E2,English,2013-07-19,,,,http://creativecommons.org/licenses/by/4.0,Missouri Botanical Garden,Missouri Botanical Garden
wfo-0000649105,tree,habit,C717C1DE-2CBB-40B2-9969-F78DAB4DC8BB,English,2013-07-19,,,,http://creativecommons.org/licenses/by/4.0,Missouri Botanical Garden,Missouri Botanical Garden
wfo-0000649679,Shrub or tree,habit,7F44A69D-C616-47A8-9FCF-89AB18B486D3,English,2013-07-19,,,,http://creativecommons.org/licenses/by/4.0,Missouri Botanical Garden,Missouri Botanical Garden
wfo-0000646262,Shrub tree,habit,960174E5-5D3A-4BBF-A5C3-588AABD7448F,English,2013-01-30,,,,http://creativecommons.org/licenses/by/4.0,Missouri Botanical Garden,Missouri Botanical Garden
wfo-0000451606,Tree,habit,89587A6B-DAD9-4E36-9572-8EF762A40DE0,English,2013-03-08,,,,http://creativecommons.org/licenses/by/4.0,Missouri Botanical Garden,Missouri Botanical Garden
wfo-0000591421,shrub,habit,86ADA89F-F31E-4183-BB7B-3B03FD942E7A,English,2013-07-22,,,,http://creativecommons.org/licenses/by/4.0,Missouri Botanical Garden,Missouri Botanical Garden
wfo-0000499100,Tree,habit,C875AFDA-E5BC-466B-9F59-285CE332FDFD,English,2013-03-08,,,,http://creativecommons.org/licenses/by/4.0,Missouri Botanical Garden,Missouri Botanical Garden
wfo-0000499264,Tree,habit,A927CCF8-D027-458C-AB86-1F7CC3D20316,English,2013-03-08,,,,http://creativecommons.org/licenses/by/4.0,Missouri Botanical Garden,Missouri Botanical Garden
wfo-0000499195,Tree,habit,A0671F7D-A305-4A53-96FA-328F5A26A9DF,English,2013-03-08,,,,http://creativecommons.org/licenses/by/4.0,Missouri Botanical Garden,Missouri Botanical Garden
wfo-0001046567,Tree,habit,2F10BAC2-29D7-4E58-9D13-243838041A2C,English,2013-03-08,,,,http://creativecommons.org/licenses/by/4.0,Missouri Botanical Garden,Missouri Botanical Garden
wfo-0001046949,Shrub,habit,715CC651-4ADF-45BE-9F64-1F043CE952C9,English,2013-07-24,,,,http://creativecommons.org/licenses/by/4.0,Missouri Botanical Garden,Missouri Botanical Garden
wfo-0000375985,Shrubs,habit,C2192AEB-BB9F-4DA7-AA45-7D01A3DF7B81,English,2013-07-23,,,,http://creativecommons.org/licenses/by/4.0,Missouri Botanical Garden,Missouri Botanical Garden
wfo-0001046917,shrub,habit,1C2680C1-470E-4CEF-A641-BC8A7E5621A2,English,2013-07-23,,,,http://creativecommons.org/licenses/by/4.0,Missouri Botanical Garden,Missouri Botanical Garden
wfo-0000396030,Shrubs,habit,2BE3CDB1-DA61-4B22-A6CB-CFAC49DD6B47,English,2013-07-24,,,,http://creativecommons.org/licenses/by/4.0,Missouri Botanical Garden,Missouri Botanical Garden
wfo-0000396228,shrubs,habit,568BB895-3EF2-419A-8FB7-CF6A3DEBDDEB,English,2013-07-24,,,,http://creativecommons.org/licenses/by/4.0,Missouri Botanical Garden,Missouri Botanical Garden
wfo-0000499621,shrublets,habit,FC49F355-CFE1-45C1-88EB-C5B93DA1DB9E,English,2013-07-24,,,,http://creativecommons.org/licenses/by/4.0,Missouri Botanical Garden,Missouri Botanical Garden
wfo-0000408264,shrubs,habit,8A06950A-5939-4FE1-8AB8-744763285B5A,English,2013-07-24,,,,http://creativecommons.org/licenses/by/4.0,Missouri Botanical Garden,Missouri Botanical Garden
wfo-0000422916,Shrubs or small trees,habit,FB5BD5FE-4C75-47AA-99B5-AB5816884A24,English,2013-07-24,,,,http://creativecommons.org/licenses/by/4.0,Missouri Botanical Garden,Missouri Botanical Garden
wfo-0000538575,shrub,habit,CF8BC19F-AE5B-4A6F-9FAC-3DD108EC83B3,English,2013-07-22,,,,http://creativecommons.org/licenses/by/4.0,Missouri Botanical Garden,Missouri Botanical Garden
wfo-0000538594,shrub or low tree,habit,C25F369A-3E2C-4C2D-A0B0-918BEF6483A5,English,2013-07-22,,,,http://creativecommons.org/licenses/by/4.0,Missouri Botanical Garden,Missouri Botanical Garden
wfo-0000591280,shrub,habit,234691C3-770E-4D2E-BDC7-BA5722CA0CD8,English,2013-07-22,,,,http://creativecommons.org/licenses/by/4.0,Missouri Botanical Garden,Missouri Botanical Garden
wfo-0000591346,shrub,habit,655F8F61-3A6C-4CD8-A8CA-6C403BA045E6,English,2013-07-22,,,,http://creativecommons.org/licenses/by/4.0,Missouri Botanical Garden,Missouri Botanical Garden
wfo-0000591348,shrub,habit,7B26C753-87DD-462F-AB5F-A92365E6343A,English,2013-07-22,,,,http://creativecommons.org/licenses/by/4.0,Missouri Botanical Garden,Missouri Botanical Garden
wfo-0000591405,shrub,habit,19892706-1420-4FBF-95F6-8E86EB9350BF,English,2013-07-22,,,,http://creativecommons.org/licenses/by/4.0,Missouri Botanical Garden,Missouri Botanical Garden
wfo-0000591436,liana,habit,2E410D2C-FA0B-4BDD-B5BC-B13F68F8C013,English,2013-07-22,,,,http://creativecommons.org/licenses/by/4.0,Missouri Botanical Garden,Missouri Botanical Garden
wfo-0000591438,shrubs,habit,320D4F1D-EB13-42BE-9897-711E832693F0,English,2013-07-22,,,,http://creativecommons.org/licenses/by/4.0,Missouri Botanical Garden,Missouri Botanical Garden
wfo-0000591447,shrubs,habit,A709A50C-8196-4322-A528-EB0A6FC3254E,English,2013-07-22,,,,http://creativecommons.org/licenses/by/4.0,Missouri Botanical Garden,Missouri Botanical Garden
wfo-0001081203,herb,habit,A360758B-B66E-4679-B4DD-EA94E0EB1656,English,2013-01-10,,,,http://creativecommons.org/licenses/by/4.0,Missouri Botanical Garden,Missouri Botanical Garden
wfo-0000591449,shrub,habit,AACAF99F-A460-4839-ACF2-CBA08CDA6FAE,English,2013-07-22,,,,http://creativecommons.org/licenses/by/4.0,Missouri Botanical Garden,Missouri Botanical Garden
wfo-0000591457,shrub,habit,828D37D5-8CD4-4AA4-8380-5D9BE8323250,English,2013-07-22,,,,http://creativecommons.org/licenses/by/4.0,Missouri Botanical Garden,Missouri Botanical Garden
wfo-0000591472,shrubs,habit,F700F071-961C-4993-8D88-DD191BCA8CA9,English,2013-07-22,,,,http://creativecommons.org/licenses/by/4.0,Missouri Botanical Garden,Missouri Botanical Garden
wfo-0000591477,shrub,habit,0A24DC09-8E86-41AF-97C6-14553F41F114,English,2013-07-22,,,,http://creativecommons.org/licenses/by/4.0,Missouri Botanical Garden,Missouri Botanical Garden
wfo-0000543443,shrub or small tree,habit,47AC6583-6D41-42D1-9FFF-B501720369D9,English,2013-07-22,,,,http://creativecommons.org/licenses/by/4.0,Missouri Botanical Garden,Missouri Botanical Garden
wfo-0001082455,Tree,habit,DEB635EA-1212-4786-9E48-66679ACE991A,English,2013-01-10,,,,http://creativecommons.org/licenses/by/4.0,Missouri Botanical Garden,Missouri Botanical Garden
wfo-0000695182,Shrubs,habit,83187381-4F73-4751-BB35-25ED247CB3F3,English,2013-07-23,,,,http://creativecommons.org/licenses/by/4.0,Missouri Botanical Garden,Missouri Botanical Garden
wfo-0000499619,shrublets,habit,6465B1F7-A201-41CB-9FF8-6AABB9FDB27D,English,2013-07-24,,,,http://creativecommons.org/licenses/by/4.0,Missouri Botanical Garden,Missouri Botanical Garden
wfo-0000375995,shrub,habit,D401481A-F368-461E-885B-0EB98B0AA6BF,English,2013-07-23,,,,http://creativecommons.org/licenses/by/4.0,Missouri Botanical Garden,Missouri Botanical Garden
wfo-0000646614,shrub,habit,2CC22037-5510-4E5C-AE57-E6D38579D48A,English,2013-07-23,,,,http://creativecommons.org/licenses/by/4.0,Missouri Botanical Garden,Missouri Botanical Garden
wfo-0000652353,shrubs,habit,075E97EC-C8DA-4A71-B569-880A355A1152,English,2013-07-23,,,,http://creativecommons.org/licenses/by/4.0,Missouri Botanical Garden,Missouri Botanical Garden
wfo-0000652356,shrub,habit,6B377897-340A-48F4-B0E9-86DC1E1B08D8,English,2013-07-23,,,,http://creativecommons.org/licenses/by/4.0,Missouri Botanical Garden,Missouri Botanical Garden
wfo-0000652381,shrub,habit,0668DE5D-4A28-411B-8535-54721D0C2C4F,English,2013-07-23,,,,http://creativecommons.org/licenses/by/4.0,Missouri Botanical Garden,Missouri Botanical Garden
wfo-0000359290,shrub,habit,9F088C2A-1A14-49F6-A41F-61F11158A75A,English,2013-07-23,,,,http://creativecommons.org/licenses/by/4.0,Missouri Botanical Garden,Missouri Botanical Garden
wfo-0001047228,shrub,habit,C9EA41BD-3EB7-42C8-957D-488B525325D9,English,2013-07-23,,,,http://creativecommons.org/licenses/by/4.0,Missouri Botanical Garden,Missouri Botanical Garden
wfo-0001047231,shrub,habit,9D618D31-5D7A-4707-AE12-CDA603E1CC48,English,2013-07-23,,,,http://creativecommons.org/licenses/by/4.0,Missouri Botanical Garden,Missouri Botanical Garden
wfo-0001047236,vine,habit,A2AE7562-486A-47C5-AAFB-7688C66AF058,English,2013-07-24,,,,http://creativecommons.org/licenses/by/4.0,Missouri Botanical Garden,Missouri Botanical Garden
wfo-0001047237,shrub,habit,C4FCECB5-5F93-4E4E-B148-2879E5087353,English,2013-07-24,,,,http://creativecommons.org/licenses/by/4.0,Missouri Botanical Garden,Missouri Botanical Garden
wfo-0001047239,shrub,habit,F896A086-6507-4376-A9E5-20E4C0FB1C0E,English,2013-07-24,,,,http://creativecommons.org/licenses/by/4.0,Missouri Botanical Garden,Missouri Botanical Garden
wfo-0000499525,shrub or woody vine,habit,DEAAC7F7-E8D4-4595-BD39-4D3DC5C7AFC8,English,2013-07-24,,,,http://creativecommons.org/licenses/by/4.0,Missouri Botanical Garden,Missouri Botanical Garden
wfo-0000499638,shrub,habit,75A569E9-504E-4549-A233-EFE11FD45097,English,2013-07-24,,,,http://creativecommons.org/licenses/by/4.0,Missouri Botanical Garden,Missouri Botanical Garden
wfo-0000497844,shrub,habit,4E371A84-5A16-4548-B1A0-7471182919D5,English,2013-07-24,,,,http://creativecommons.org/licenses/by/4.0,Missouri Botanical Garden,Missouri Botanical Garden
wfo-0001047240,shrub,habit,9402C40C-280E-4698-ADC5-692856975304,English,2013-07-24,,,,http://creativecommons.org/licenses/by/4.0,Missouri Botanical Garden,Missouri Botanical Garden
wfo-0000408119,shrub,habit,2A70A95B-8ABC-4BD6-ACDA-AC59CFC40E5E,English,2013-07-24,,,,http://creativecommons.org/licenses/by/4.0,Missouri Botanical Garden,Missouri Botanical Garden
wfo-0000408226,shrub,habit,988C3C88-6691-410E-9384-85B885F58E97,English,2013-07-24,,,,http://creativecommons.org/licenses/by/4.0,Missouri Botanical Garden,Missouri Botanical Garden
wfo-0000408270,shrub,habit,C738E773-A846-42DC-88E3-BAD9A902B623,English,2013-07-24,,,,http://creativecommons.org/licenses/by/4.0,Missouri Botanical Garden,Missouri Botanical Garden
wfo-0000408323,shrublet,habit,1829B573-C7B3-45F9-9CEB-01FC71562D53,English,2013-07-24,,,,http://creativecommons.org/licenses/by/4.0,Missouri Botanical Garden,Missouri Botanical Garden
wfo-0001047242,shrublets,habit,2238B41A-B749-4008-9522-25B242CFB458,English,2013-07-24,,,,http://creativecommons.org/licenses/by/4.0,Missouri Botanical Garden,Missouri Botanical Garden
wfo-0000423007,shrub,habit,908AB6C2-9593-4B38-AE9A-B4BCCF36BB13,English,2013-07-24,,,,http://creativecommons.org/licenses/by/4.0,Missouri Botanical Garden,Missouri Botanical Garden
wfo-0001047243,Viney shrub,habit,47937927-2482-4998-AD5D-0941105D3E1A,English,2013-07-24,,,,http://creativecommons.org/licenses/by/4.0,Missouri Botanical Garden,Missouri Botanical Garden
wfo-0000421284,shrubs or small trees,habit,D230AA40-5C85-418C-A160-D54F65D8B179,English,2013-07-24,,,,http://creativecommons.org/licenses/by/4.0,Missouri Botanical Garden,Missouri Botanical Garden
wfo-0001047244,shrub,habit,814EE492-5F7C-44E7-B933-53DE8D73D9D5,English,2013-07-24,,,,http://creativecommons.org/licenses/by/4.0,Missouri Botanical Garden,Missouri Botanical Garden
wfo-0000679718,shrub,habit,73464478-FDAD-4EF0-848E-252DDECAAA71,English,2013-05-24,,,,http://creativecommons.org/licenses/by/4.0,Missouri Botanical Garden,Missouri Botanical Garden
wfo-0000679734,Shrub,habit,BC2A6A01-6CCF-4570-99F0-7526E069978E,English,2013-05-24,,,,http://creativecommons.org/licenses/by/4.0,Missouri Botanical Garden,Missouri Botanical Garden
wfo-0000572386,Tree,habit,A8EF5317-23D8-4595-BC66-CB3564BFFAD1,English,2013-01-22,,,,http://creativecommons.org/licenses/by/4.0,Missouri Botanical Garden,Missouri Botanical Garden
wfo-0000474038,Tree,habit,16C634E3-0689-471D-9DCD-F267F9C84410,English,2013-01-22,,,,http://creativecommons.org/licenses/by/4.0,Missouri Botanical Garden,Missouri Botanical Garden
wfo-0000680034,Shrub or tree,habit,87871683-F9F7-4B4B-AB79-D6A5885D6F08,English,2013-05-24,,,,http://creativecommons.org/licenses/by/4.0,Missouri Botanical Garden,Missouri Botanical Garden
wfo-0000679880,Shrub,habit,5F1DEC7F-1ED4-4EEA-B7B2-A820DF17C69A,English,2013-05-24,,,,http://creativecommons.org/licenses/by/4.0,Missouri Botanical Garden,Missouri Botanical Garden
wfo-0000679796,Tree or shrub,habit,4F17EC45-DA79-48E8-902E-07FB2D485D29,English,2013-05-24,,,,http://creativecommons.org/licenses/by/4.0,Missouri Botanical Garden,Missouri Botanical Garden
wfo-0001049002,Shrub or tree,habit,DE519F65-FE7D-4F7D-849A-F8CC58DDF7DC,English,2013-05-24,,,,http://creativecommons.org/licenses/by/4.0,Missouri Botanical Garden,Missouri Botanical Garden
wfo-0000679946,Shrub or small tree,habit,E5A6B580-FD2B-4287-8755-6B72151B2BE5,English,2013-05-24,,,,http://creativecommons.org/licenses/by/4.0,Missouri Botanical Garden,Missouri Botanical Garden
wfo-0000679756,Shrub or tree,habit,5CAE6029-BA7E-4A08-9BA2-F38244D7AE8B,English,2013-05-24,,,,http://creativecommons.org/licenses/by/4.0,Missouri Botanical Garden,Missouri Botanical Garden
wfo-0000679994,tree,habit,53B4AC4E-B1B6-4D29-87EF-90FF35800730,English,2013-05-24,,,,http://creativecommons.org/licenses/by/4.0,Missouri Botanical Garden,Missouri Botanical Garden
wfo-0000219580,Shrub tree,habit,A8906DE0-E581-488B-B32D-9AFE749A275A,English,2013-03-18,,,,http://creativecommons.org/licenses/by/4.0,Missouri Botanical Garden,Missouri Botanical Garden
wfo-0000266214,Shrub,habit,8AC3E173-9F90-44B4-B68F-015E7166E5A5,English,2013-03-20,,,,http://creativecommons.org/licenses/by/4.0,Missouri Botanical Garden,Missouri Botanical Garden
wfo-0000215711,Trees,habit,84FA56E7-D501-47F4-B0F2-C0D7B7935199,English,2013-03-20,,,,http://creativecommons.org/licenses/by/4.0,Missouri Botanical Garden,Missouri Botanical Garden
wfo-0000235507,Herb or shrub,habit,D21C12C2-CF2C-4EC1-9B89-0C7AB1D7B828,English,2013-03-18,,,,http://creativecommons.org/licenses/by/4.0,Missouri Botanical Garden,Missouri Botanical Garden
wfo-0000270441,herb,habit,05810081-2C13-4BFD-8366-F27EA8705FDA,English,2013-03-18,,,,http://creativecommons.org/licenses/by/4.0,Missouri Botanical Garden,Missouri Botanical Garden
wfo-0000271623,herb,habit,D31D9CB8-CF58-4E68-9147-4A35C38C2F78,English,2013-03-18,,,,http://creativecommons.org/licenses/by/4.0,Missouri Botanical Garden,Missouri Botanical Garden
wfo-0000272302,Herb,habit,6F8103F4-44BA-4E05-8470-CA3F42CBDE2A,English,2013-03-18,,,,http://creativecommons.org/licenses/by/4.0,Missouri Botanical Garden,Missouri Botanical Garden
wfo-0000248191,Shrubs or small trees,habit,B971EEF1-4E99-4EEF-B9E1-475227B35303,English,2012-12-19,,,,http://creativecommons.org/licenses/by/4.0,Missouri Botanical Garden,Missouri Botanical Garden
wfo-0000327404,Herb,habit,2EA6732B-32D0-423A-AD25-2A4A5C8B0B40,English,2013-03-20,,,,http://creativecommons.org/licenses/by/4.0,Missouri Botanical Garden,Missouri Botanical Garden
wfo-0000962110,Shrub,habit,"A9501C98-DC03-4563-B178-24D9C8E88F8F,978E562E-49DE-44D5-AC0D-12A921314716",English,2013-03-20,,,,http://creativecommons.org/licenses/by/4.0,Missouri Botanical Garden,Missouri Botanical Garden
wfo-0000220242,Herb,habit,"7710B268-87CD-4CC2-9E91-5EB971727BD5,3A97870E-7BEF-4680-9221-9637C1236C47",English,2013-03-20,,,,http://creativecommons.org/licenses/by/4.0,Missouri Botanical Garden,Missouri Botanical Garden
wfo-0000250519,Shrub or small tree,habit,"B59FA33F-C999-4D1E-9F1B-FBEE82C3EEE8,7B694B2B-ED98-4168-90FA-B19FC0138E94",English,2013-03-20,,,,http://creativecommons.org/licenses/by/4.0,Missouri Botanical Garden,Missouri Botanical Garden
wfo-0000938822,Tree,habit,AE85AB45-EA39-43AD-8B32-5FCAF28F13F7,English,2013-03-18,,,,http://creativecommons.org/licenses/by/4.0,Missouri Botanical Garden,Missouri Botanical Garden
wfo-0000940370,Tree,habit,"4498C010-68DD-46E1-A57F-8B0D02D515CB,3E9E3865-C08F-4ECB-A50A-8BBA6A63A1A1",English,2013-03-20,,,,http://creativecommons.org/licenses/by/4.0,Missouri Botanical Garden,Missouri Botanical Garden
wfo-0000808428,Tree,habit,9744C4AC-F453-4086-AE9F-47BE8A6EBB00,English,2013-03-20,,,,http://creativecommons.org/licenses/by/4.0,Missouri Botanical Garden,Missouri Botanical Garden
wfo-0000927459,Shrub or tree,habit,"56B9F0E6-8BBF-4B49-A37A-41543984949D,421508C9-C143-4C0A-814C-1813078E10C2",English,2013-03-18,,,,http://creativecommons.org/licenses/by/4.0,Missouri Botanical Garden,Missouri Botanical Garden
wfo-0000931917,Tree,habit,9D610255-D8A2-4918-BB18-5EA093877C0E,English,2013-03-18,,,,http://creativecommons.org/licenses/by/4.0,Missouri Botanical Garden,Missouri Botanical Garden
wfo-0000932130,Tree,habit,813C18AD-2D7D-43FD-80B4-BA923B0E8AB3,English,2013-03-18,,,,http://creativecommons.org/licenses/by/4.0,Missouri Botanical Garden,Missouri Botanical Garden
wfo-0000937266,vine,habit,1347A4AD-3F50-460B-8A4C-03C97BAEE963,English,2013-03-20,,,,http://creativecommons.org/licenses/by/4.0,Missouri Botanical Garden,Missouri Botanical Garden
wfo-0000963694,Herb,habit,FDB8FB44-DCA3-4D66-BF79-93B3D0BF3497,English,2013-03-20,,,,http://creativecommons.org/licenses/by/4.0,Missouri Botanical Garden,Missouri Botanical Garden
wfo-0000231676,Shrub tree,habit,BB7883AF-6AF7-4DC2-AFF7-CAB9984D47EA,English,2013-03-20,,,,http://creativecommons.org/licenses/by/4.0,Missouri Botanical Garden,Missouri Botanical Garden
wfo-0000270474,Shrub or tree,habit,002F50D4-DC87-4441-84B7-E6D49A2CCBBF,English,2013-03-18,,,,http://creativecommons.org/licenses/by/4.0,Missouri Botanical Garden,Missouri Botanical Garden
wfo-0000302757,Tree,habit,02BDD4D0-8581-4F1A-86D8-A54FB0BA75B1,English,2013-03-20,,,,http://creativecommons.org/licenses/by/4.0,Missouri Botanical Garden,Missouri Botanical Garden
wfo-0000318961,trees,habit,CE6D201D-3179-453C-83E9-DFBA2BA31B79,English,2012-12-19,,,,http://creativecommons.org/licenses/by/4.0,Missouri Botanical Garden,Missouri Botanical Garden
wfo-0000302793,Shrub or small tree,habit,C9C8E5C3-00D4-4A1F-9D32-A743CE1D3E5C,English,2013-03-20,,,,http://creativecommons.org/licenses/by/4.0,Missouri Botanical Garden,Missouri Botanical Garden
wfo-0000308755,Herb,habit,96FAC430-309E-4E53-A7C8-AA5B69CED69F,English,2013-03-20,,,,http://creativecommons.org/licenses/by/4.0,Missouri Botanical Garden,Missouri Botanical Garden
wfo-0000321785,Tree,habit,C9FC1643-49D9-43AF-8B08-5B3407D3FA75,English,2013-03-20,,,,http://creativecommons.org/licenses/by/4.0,Missouri Botanical Garden,Missouri Botanical Garden
wfo-0000326961,vine,habit,DEC49BDC-308F-4D1E-A826-E58A467DF390,English,2013-03-20,,,,http://creativecommons.org/licenses/by/4.0,Missouri Botanical Garden,Missouri Botanical Garden
wfo-0000982303,tree,habit,C95407D8-1693-4122-B14A-A2B2543578B4,English,2013-03-18,,,,http://creativecommons.org/licenses/by/4.0,Missouri Botanical Garden,Missouri Botanical Garden
wfo-0000275337,Herb,habit,B05BEE53-003C-4B95-B9E6-E9B11211F650,English,2013-03-20,,,,http://creativecommons.org/licenses/by/4.0,Missouri Botanical Garden,Missouri Botanical Garden
wfo-0000801636,Herb,habit,C816C62C-884D-42A8-9836-F5EE44F54277,English,2013-03-18,,,,http://creativecommons.org/licenses/by/4.0,Missouri Botanical Garden,Missouri Botanical Garden
wfo-0000840460,Herb,habit,F8E9A64B-83DC-45FB-8C7A-88A304365144,English,2013-03-20,,,,http://creativecommons.org/licenses/by/4.0,Missouri Botanical Garden,Missouri Botanical Garden
wfo-0000932104,Shrub,habit,"060A3467-D075-4CB5-B656-EF1EA3A337B8,4DCFCEE5-9A27-43DB-AC45-FBFE56D5E1E9",English,2013-03-18,,,,http://creativecommons.org/licenses/by/4.0,Missouri Botanical Garden,Missouri Botanical Garden
wfo-0000932612,herb,habit,49FCDCD8-DD6A-487C-B6AD-347F8091365C,English,2013-03-18,,,,http://creativecommons.org/licenses/by/4.0,Missouri Botanical Garden,Missouri Botanical Garden
wfo-0000982521,Tree,habit,3278B14F-10CF-4F9D-B5AC-BB3E1240DC27,English,2013-03-20,,,,http://creativecommons.org/licenses/by/4.0,Missouri Botanical Garden,Missouri Botanical Garden
wfo-0000219653,Subshrub herb,habit,3E81CCBD-DC75-48D3-90E3-AFC44BF71436,English,2013-03-18,,,,http://creativecommons.org/licenses/by/4.0,Missouri Botanical Garden,Missouri Botanical Garden
wfo-0000219712,Shrub,habit,56EA6A33-DB98-47FC-BCFD-85783FBA1E8D,English,2013-03-18,,,,http://creativecommons.org/licenses/by/4.0,Missouri Botanical Garden,Missouri Botanical Garden
wfo-0000236325,Tree,habit,29F7BC26-7EEA-464F-AFE4-CEC4384D1377,English,2013-03-18,,,,http://creativecommons.org/licenses/by/4.0,Missouri Botanical Garden,Missouri Botanical Garden
wfo-0000272148,Herb,habit,"3CF14DFD-B666-42E9-9CE9-019AD9569101,468328D6-AA31-456B-8024-A0C847B00709",English,2013-03-18,,,,http://creativecommons.org/licenses/by/4.0,Missouri Botanical Garden,Missouri Botanical Garden
wfo-0000962344,Herb,habit,DB07B2DC-4118-4E4A-B8D5-29E8BE444ECF,English,2013-03-20,,,,http://creativecommons.org/licenses/by/4.0,Missouri Botanical Garden,Missouri Botanical Garden
wfo-0000840180,Herb,habit,C0E08447-C689-44F0-A9E5-7E3D9667601F,English,2013-03-20,,,,http://creativecommons.org/licenses/by/4.0,Missouri Botanical Garden,Missouri Botanical Garden
wfo-0000840021,Herb,habit,8D35E5B3-79C9-4ED9-ABA7-4DECFC715273,English,2013-03-20,,,,http://creativecommons.org/licenses/by/4.0,Missouri Botanical Garden,Missouri Botanical Garden
wfo-0000840199,Herb,habit,17F92F3E-D56A-413B-AA84-0E201E8EB29A,English,2013-03-20,,,,http://creativecommons.org/licenses/by/4.0,Missouri Botanical Garden,Missouri Botanical Garden
wfo-0000840201,Herb,habit,682B534C-E4EC-43C4-83DC-73437DC22CDD,English,2013-03-20,,,,http://creativecommons.org/licenses/by/4.0,Missouri Botanical Garden,Missouri Botanical Garden
wfo-0000270410,Shrub tree,habit,"904AA3A9-ADA3-4517-9693-EC90F04A08B0,A8232846-3FF4-41E0-8367-DD332F6C45D1",English,2013-03-18,,,,http://creativecommons.org/licenses/by/4.0,Missouri Botanical Garden,Missouri Botanical Garden
wfo-0000270784,Herb,habit,73E779F6-CF28-404C-AFF0-0C22ACC12CC9,English,2013-03-18,,,,http://creativecommons.org/licenses/by/4.0,Missouri Botanical Garden,Missouri Botanical Garden
wfo-0000931513,herb,habit,BC5656AC-8B54-4224-9115-1DF725880382,English,2013-03-18,,,,http://creativecommons.org/licenses/by/4.0,Missouri Botanical Garden,Missouri Botanical Garden
wfo-0000932106,Shrub or tree,habit,"4D7135D9-6515-4465-8430-B54556B555F3,17F4F187-521F-410A-9853-0AD38ADA2B76",English,2013-03-18,,,,http://creativecommons.org/licenses/by/4.0,Missouri Botanical Garden,Missouri Botanical Garden
wfo-0000937463,vine,habit,77801F0A-1148-4BF5-A87E-D860839F5CCC,English,2013-03-20,,,,http://creativecommons.org/licenses/by/4.0,Missouri Botanical Garden,Missouri Botanical Garden
wfo-0000279052,Liana,habit,"4F1EE7E0-7C01-4DD9-A474-33BEA509C9DE,4FC43270-B772-4A1A-AE33-F004CA52AA53",English,2013-03-20,,,,http://creativecommons.org/licenses/by/4.0,Missouri Botanical Garden,Missouri Botanical Garden
wfo-0000966407,Tree shrub,habit,5836C763-6B75-4F37-8B28-A217D7FD9802,English,2013-03-20,,,,http://creativecommons.org/licenses/by/4.0,Missouri Botanical Garden,Missouri Botanical Garden
wfo-0000255544,Liana,habit,"C946DEAD-B55D-42C7-9D19-DFE753ACA939,FE160C4F-33B2-4E97-828D-C7075F148267",English,2013-03-20,,,,http://creativecommons.org/licenses/by/4.0,Missouri Botanical Garden,Missouri Botanical Garden
wfo-0000302718,Tree,habit,06E3B2E8-1EF3-4C9F-8E74-DF211BB4DC36,English,2013-03-20,,,,http://creativecommons.org/licenses/by/4.0,Missouri Botanical Garden,Missouri Botanical Garden
wfo-0000234966,Herb,habit,14782168-35D5-40D7-89F9-37C6CD246745,English,2013-03-20,,,,http://creativecommons.org/licenses/by/4.0,Missouri Botanical Garden,Missouri Botanical Garden
wfo-0000313199,Shrub tree,habit,1B4D2048-A551-4A24-BBC1-750A5D9EDA7B,English,2013-03-20,,,,http://creativecommons.org/licenses/by/4.0,Missouri Botanical Garden,Missouri Botanical Garden
wfo-0000267112,Tree,habit,C60D010A-995B-43AE-8BBD-9E9A0D0E9249,English,2013-03-20,,,,http://creativecommons.org/licenses/by/4.0,Missouri Botanical Garden,Missouri Botanical Garden
wfo-0000938604,Tree,habit,D73C7CC6-A74C-430D-8631-5899F3C08790,English,2013-03-18,,,,http://creativecommons.org/licenses/by/4.0,Missouri Botanical Garden,Missouri Botanical Garden
wfo-0000938942,Tree,habit,"1B959E47-55FD-4918-85B2-0F043D9FDB50,FF3A6CDE-4E7A-4929-9745-4367D61C83BD",English,2013-03-18,,,,http://creativecommons.org/licenses/by/4.0,Missouri Botanical Garden,Missouri Botanical Garden
wfo-0000939231,Tree,habit,"0CBFEF4D-2C07-4F24-A964-831C2ECA6CEA,42DFA2CD-750D-42A8-B5AD-8D8EF2D0F423",English,2013-03-18,,,,http://creativecommons.org/licenses/by/4.0,Missouri Botanical Garden,Missouri Botanical Garden
wfo-0000957832,Tree,habit,DEA46DF3-EDA3-467A-AF73-D85A60060E6B,English,2013-03-18,,,,http://creativecommons.org/licenses/by/4.0,Missouri Botanical Garden,Missouri Botanical Garden
wfo-0000268211,Shrub,habit,2373FD1E-1BF6-4991-8EE4-55A38B39CFF1,English,2013-03-18,,,,http://creativecommons.org/licenses/by/4.0,Missouri Botanical Garden,Missouri Botanical Garden
wfo-0000326268,Tree,habit,4E5C6EE2-5CDB-40A6-A87E-2B8FDE1190B9,English,2013-03-18,,,,http://creativecommons.org/licenses/by/4.0,Missouri Botanical Garden,Missouri Botanical Garden
wfo-0000326691,Shrub,habit,D7CDF8EA-8BB3-4BFD-80AA-0694AF6F3C45,English,2013-03-18,,,,http://creativecommons.org/licenses/by/4.0,Missouri Botanical Garden,Missouri Botanical Garden
wfo-0000801600,herb,habit,C471C4FE-37D2-4C4F-8606-7FA100B11459,English,2013-03-18,,,,http://creativecommons.org/licenses/by/4.0,Missouri Botanical Garden,Missouri Botanical Garden
wfo-0000801625,Herb,habit,2E991BF7-2A61-4ACA-B03F-9E03B3BF600C,English,2013-03-18,,,,http://creativecommons.org/licenses/by/4.0,Missouri Botanical Garden,Missouri Botanical Garden
wfo-0000839995,Herb,habit,A0368457-D598-4D78-B756-A05E4647F1C1,English,2013-03-20,,,,http://creativecommons.org/licenses/by/4.0,Missouri Botanical Garden,Missouri Botanical Garden
wfo-0000840044,Subshrub,habit,F8DD5F6F-8DB7-47A4-AEDB-27CE4B9C033C,English,2013-03-20,,,,http://creativecommons.org/licenses/by/4.0,Missouri Botanical Garden,Missouri Botanical Garden
wfo-0000840105,Herb,habit,D1235117-0904-4131-8E62-C0E609DD34AD,English,2013-03-20,,,,http://creativecommons.org/licenses/by/4.0,Missouri Botanical Garden,Missouri Botanical Garden
wfo-0000840107,Herb,habit,D07583BD-A51F-4762-8E60-2D20BD88F132,English,2013-03-20,,,,http://creativecommons.org/licenses/by/4.0,Missouri Botanical Garden,Missouri Botanical Garden
wfo-0000840232,Herb,habit,36BB62B7-AB5D-4B49-95F6-05AC6E9DDF31,English,2013-03-20,,,,http://creativecommons.org/licenses/by/4.0,Missouri Botanical Garden,Missouri Botanical Garden
wfo-0000872931,Tree,habit,A91F031A-5ADD-462A-A34C-5A0EA86A5A3B,English,2013-03-18,,,,http://creativecommons.org/licenses/by/4.0,Missouri Botanical Garden,Missouri Botanical Garden
wfo-0000898356,Tree shrub,habit,38D967B3-18A0-401F-A86F-9978CAF906B2,English,2013-03-18,,,,http://creativecommons.org/licenses/by/4.0,Missouri Botanical Garden,Missouri Botanical Garden
wfo-0000927993,Shrub,habit,"A041A1E1-C936-4C02-A1FF-A592F68D17D7,F25E4899-6F19-49E4-ACAA-992B6DEBA664",English,2013-03-18,,,,http://creativecommons.org/licenses/by/4.0,Missouri Botanical Garden,Missouri Botanical Garden
wfo-0000931245,Shrub tree,habit,8751D2F9-3CDA-4179-A42C-8A5D81427360,English,2013-03-18,,,,http://creativecommons.org/licenses/by/4.0,Missouri Botanical Garden,Missouri Botanical Garden
wfo-0000931249,herb,habit,707B4A6E-70A9-48C1-A99B-63807B164103,English,2013-03-18,,,,http://creativecommons.org/licenses/by/4.0,Missouri Botanical Garden,Missouri Botanical Garden
wfo-0000932083,Shrub or tree,habit,70D80159-3EC0-42B6-ADDD-EF40241D28F8,English,2013-03-18,,,,http://creativecommons.org/licenses/by/4.0,Missouri Botanical Garden,Missouri Botanical Garden
wfo-0000932294,Tree,habit,968E60E6-E410-4456-8452-524559D384CA,English,2013-03-18,,,,http://creativecommons.org/licenses/by/4.0,Missouri Botanical Garden,Missouri Botanical Garden
wfo-0000937243,vine,habit,6293BC72-1EFF-4276-9D35-5068AAA049C6,English,2013-03-20,,,,http://creativecommons.org/licenses/by/4.0,Missouri Botanical Garden,Missouri Botanical Garden
wfo-0000937411,vine,habit,95E6235D-3F6A-4CE4-9A67-43354FE064F1,English,2013-03-20,,,,http://creativecommons.org/licenses/by/4.0,Missouri Botanical Garden,Missouri Botanical Garden
wfo-0000937277,vine,habit,"78470105-B684-433A-8F7B-3E125568A228,CED3EB56-F299-4A94-A443-978B7FA31F9A",English,2013-03-20,,,,http://creativecommons.org/licenses/by/4.0,Missouri Botanical Garden,Missouri Botanical Garden
wfo-0000961528,Tree,habit,13680A51-1B65-4C9F-9169-04D280FC90CE,English,2013-03-20,,,,http://creativecommons.org/licenses/by/4.0,Missouri Botanical Garden,Missouri Botanical Garden
wfo-0000961849,Herb,habit,DB9DFFC1-5FD5-4942-AEAA-B74E1038D12D,English,2013-03-20,,,,http://creativecommons.org/licenses/by/4.0,Missouri Botanical Garden,Missouri Botanical Garden
wfo-0000963687,Herb,habit,9757F47E-11FC-494C-96DE-4F1FA91CCD02,English,2013-03-20,,,,http://creativecommons.org/licenses/by/4.0,Missouri Botanical Garden,Missouri Botanical Garden
wfo-0000970777,Shrub or tree,habit,A0B89BCB-D5D4-4058-BBDD-4B66118E4E6D,English,2013-03-18,,,,http://creativecommons.org/licenses/by/4.0,Missouri Botanical Garden,Missouri Botanical Garden
wfo-0000231683,Shrub tree,habit,20F3A8B3-BC3E-42B3-85D4-152773CC03DA,English,2013-03-20,,,,http://creativecommons.org/licenses/by/4.0,Missouri Botanical Garden,Missouri Botanical Garden
wfo-0000267115,Tree,habit,689984B5-4774-4738-92B1-F6E419F20C8F,English,2013-03-20,,,,http://creativecommons.org/licenses/by/4.0,Missouri Botanical Garden,Missouri Botanical Garden
wfo-0000270664,herb,habit,09C1C148-99A4-442F-A1BC-8D3A2BB26932,English,2013-03-18,,,,http://creativecommons.org/licenses/by/4.0,Missouri Botanical Garden,Missouri Botanical Garden
wfo-0000270671,Herb,habit,BE14FAC8-6475-4640-8ABF-FAE2F596BFDC,English,2013-03-18,,,,http://creativecommons.org/licenses/by/4.0,Missouri Botanical Garden,Missouri Botanical Garden
wfo-0000270929,Bush or tree,habit,F0A62885-B149-4D8A-A519-542CAFF1C5B6,English,2013-03-18,,,,http://creativecommons.org/licenses/by/4.0,Missouri Botanical Garden,Missouri Botanical Garden
wfo-0000271198,herb,habit,E2A5576F-ABFB-4C94-AE18-106FF4325056,English,2013-03-18,,,,http://creativecommons.org/licenses/by/4.0,Missouri Botanical Garden,Missouri Botanical Garden
wfo-0000800920,Tree or shrub,habit,76ADEE56-B1F2-4099-B1DC-B5CE03064655,English,2013-03-20,,,,http://creativecommons.org/licenses/by/4.0,Missouri Botanical Garden,Missouri Botanical Garden
wfo-0000163961,vine,habit,393B8191-5126-47F8-BBF6-437683A4DFBE,English,2012-11-26,,,,http://creativecommons.org/licenses/by/4.0,Missouri Botanical Garden,Missouri Botanical Garden
wfo-0000235549,Shrub,habit,CD0FA964-A47E-493A-990E-512696B09F89,English,2013-03-18,,,,http://creativecommons.org/licenses/by/4.0,Missouri Botanical Garden,Missouri Botanical Garden
wfo-0000279796,Herb,habit,F9A61988-1A21-43D5-B866-5033A31F1C05,English,2013-03-20,,,,http://creativecommons.org/licenses/by/4.0,Missouri Botanical Garden,Missouri Botanical Garden
wfo-0000182078,Shrub tree,habit,07A87F3D-2C81-4DBB-B641-A1D7D0F52901,English,2012-11-15,,,,http://creativecommons.org/licenses/by/4.0,Missouri Botanical Garden,Missouri Botanical Garden
wfo-0000182406,Shrub tree,habit,0E5BC1E7-DF6D-444F-9EFB-F4EE90FDCCE6,English,2012-11-15,,,,http://creativecommons.org/licenses/by/4.0,Missouri Botanical Garden,Missouri Botanical Garden
wfo-0000163852,vine,habit,31492137-F6ED-4663-A3E1-6D0206C469DC,English,2013-09-30,,,,http://creativecommons.org/licenses/by/4.0,Missouri Botanical Garden,Missouri Botanical Garden
wfo-0000163857,vine,habit,879CFF6E-FB15-4BE3-98D6-3D8ECAE26944,English,2013-09-30,,,,http://creativecommons.org/licenses/by/4.0,Missouri Botanical Garden,Missouri Botanical Garden
wfo-0000182577,vine,habit,701F0557-04EA-42B8-8AB0-43FC1F53867B,English,2013-09-30,,,,http://creativecommons.org/licenses/by/4.0,Missouri Botanical Garden,Missouri Botanical Garden
wfo-0000166157,Tree,habit,59CED09E-FD1C-4EDA-8D1D-40C59CB93D25,English,2013-03-06,,,,http://creativecommons.org/licenses/by/4.0,Missouri Botanical Garden,Missouri Botanical Garden
wfo-0000163879,Tree,habit,16A375EF-9CC0-46A6-8792-9218B8632999,English,2013-09-27,,,,http://creativecommons.org/licenses/by/4.0,Missouri Botanical Garden,Missouri Botanical Garden
wfo-0000163882,Tree,habit,7805A039-05BA-4AAE-926C-03F5B7DACAAE,English,2013-09-27,,,,http://creativecommons.org/licenses/by/4.0,Missouri Botanical Garden,Missouri Botanical Garden
wfo-0000176282,tree,habit,20992964-0E3C-40B4-BFDF-C7DB153EAD27,English,2012-11-26,,,,http://creativecommons.org/licenses/by/4.0,Missouri Botanical Garden,Missouri Botanical Garden
wfo-0000213034,tree,habit,53F89F56-F99A-4439-A065-3667CF003EE1,English,2012-11-26,,,,http://creativecommons.org/licenses/by/4.0,Missouri Botanical Garden,Missouri Botanical Garden
wfo-0000183260,vine,habit,2D1039A8-CF26-44AF-A780-B43AC1BB59B5,English,2012-11-26,,,,http://creativecommons.org/licenses/by/4.0,Missouri Botanical Garden,Missouri Botanical Garden
wfo-0000166219,vine,habit,9E5B30A0-DF6E-4863-ACB5-9ACDA10D11E4,English,2012-11-26,,,,http://creativecommons.org/licenses/by/4.0,Missouri Botanical Garden,Missouri Botanical Garden
wfo-0000166220,vine,habit,3E102A57-8948-4117-9FD1-83E3DA0F8A64,English,2012-11-26,,,,http://creativecommons.org/licenses/by/4.0,Missouri Botanical Garden,Missouri Botanical Garden
wfo-0000164033,Herbaceous to suffruticose vine,habit,BE66FBDC-95CC-4B29-A11D-E0BD433F0605,English,2013-09-30,,,,http://creativecommons.org/licenses/by/4.0,Missouri Botanical Garden,Missouri Botanical Garden
wfo-0000164037,Vine,habit,4FA0E7EE-4F8D-4595-9DF9-D152B2B92F7E,English,2013-09-30,,,,http://creativecommons.org/licenses/by/4.0,Missouri Botanical Garden,Missouri Botanical Garden
wfo-0000182088,Herbaceous to suffrutescent vine,habit,9F04EBB5-871C-4B5A-A100-BA904D1E4D92,English,2013-09-30,,,,http://creativecommons.org/licenses/by/4.0,Missouri Botanical Garden,Missouri Botanical Garden
wfo-0000164051,Herbaceous to suffruticose vine,habit,AC9B37C7-8311-4745-8430-2A1643B76605,English,2013-09-30,,,,http://creativecommons.org/licenses/by/4.0,Missouri Botanical Garden,Missouri Botanical Garden
wfo-0000176397,herbs,habit,6ACFD295-1328-42C9-A7CF-0E6F703F4419,English,2013-10-01,,,,http://creativecommons.org/licenses/by/4.0,Missouri Botanical Garden,Missouri Botanical Garden
wfo-0000176419,Herbs,habit,C3D41F99-1A83-459D-BF9C-B827E388403C,English,2013-10-01,,,,http://creativecommons.org/licenses/by/4.0,Missouri Botanical Garden,Missouri Botanical Garden
wfo-0000176473,Herbs,habit,7D178BC8-4196-4EA6-87CF-D198A33395BD,English,2013-10-01,,,,http://creativecommons.org/licenses/by/4.0,Missouri Botanical Garden,Missouri Botanical Garden
wfo-0000387070,herb,habit,0565676E-77DC-4C82-8D51-05D9A367DDB4,English,2013-09-19,,,,http://creativecommons.org/licenses/by/4.0,Missouri Botanical Garden,Missouri Botanical Garden
wfo-0000184517,Trees,habit,1B6182A9-396F-4E9C-9D46-839361C3230E,English,2013-09-24,,,,http://creativecommons.org/licenses/by/4.0,Missouri Botanical Garden,Missouri Botanical Garden
wfo-0000164404,tree,habit,82713157-8F94-4B0D-B1F6-D0315EC35BA4,English,2012-11-14,,,,http://creativecommons.org/licenses/by/4.0,Missouri Botanical Garden,Missouri Botanical Garden
wfo-0000175989,tree shrub,habit,0C4FE2B5-92B5-4778-869C-06825A643C77,English,2012-11-16,,,,http://creativecommons.org/licenses/by/4.0,Missouri Botanical Garden,Missouri Botanical Garden
wfo-0000164460,Tree,habit,1C915C2E-E64F-44F9-8DC7-FFC02EFAF9F6,English,2013-03-06,,,,http://creativecommons.org/licenses/by/4.0,Missouri Botanical Garden,Missouri Botanical Garden
wfo-0000164463,Tree,habit,58690618-4D78-41EB-8CD7-CB9A126EEAB8,English,2013-03-06,,,,http://creativecommons.org/licenses/by/4.0,Missouri Botanical Garden,Missouri Botanical Garden
wfo-0000182102,tree,habit,D7403DF1-60EB-4967-B08A-DE4402499DE3,English,2012-11-27,,,,http://creativecommons.org/licenses/by/4.0,Missouri Botanical Garden,Missouri Botanical Garden
wfo-0000164573,Vine shrub,habit,AE024502-7904-4898-AC56-42895A68BE55,English,2012-11-27,,,,http://creativecommons.org/licenses/by/4.0,Missouri Botanical Garden,Missouri Botanical Garden
wfo-0000164585,tree,habit,465ADAAF-4984-407E-A847-AA5F6DF2F738,English,2012-11-27,,,,http://creativecommons.org/licenses/by/4.0,Missouri Botanical Garden,Missouri Botanical Garden
wfo-0000212074,Tree,habit,550968A2-4371-472C-839B-C700DC11F756,English,2013-09-30,,,,http://creativecommons.org/licenses/by/4.0,Missouri Botanical Garden,Missouri Botanical Garden
wfo-0000164678,Shrubs or erect herbs,habit,008A4BEE-03F6-41A5-BD68-B8AA2A8213EB,English,2013-10-01,,,,http://creativecommons.org/licenses/by/4.0,Missouri Botanical Garden,Missouri Botanical Garden
wfo-0000164680,Erect herb or sparsely branched shrub found from southern Mexico to Brazil.,habit,AF9594BF-6B38-4651-B980-2D2E10C415E6,English,2013-10-01,,,,http://creativecommons.org/licenses/by/4.0,Missouri Botanical Garden,Missouri Botanical Garden
wfo-0000204324,Shrubs or erect perennial herbs,habit,609F3DF9-298C-4788-BF31-02F663A73E53,English,2013-10-01,,,,http://creativecommons.org/licenses/by/4.0,Missouri Botanical Garden,Missouri Botanical Garden
wfo-0000166987,herbs,habit,44763C43-C5B2-4021-A078-374D70EE16AC,English,2013-10-01,,,,http://creativecommons.org/licenses/by/4.0,Missouri Botanical Garden,Missouri Botanical Garden
wfo-0000164726,tree,habit,4BFA1447-1218-4498-A300-2E7F5D4ABE10,English,2012-11-15,,,,http://creativecommons.org/licenses/by/4.0,Missouri Botanical Garden,Missouri Botanical Garden
wfo-0000164731,Shrub tree,habit,AEF7BDE5-1296-4DDA-8874-CB8347AD2F2F,English,2012-11-15,,,,http://creativecommons.org/licenses/by/4.0,Missouri Botanical Garden,Missouri Botanical Garden
wfo-0000184229,Shrub tree,habit,62D4415B-393E-467E-BF25-2F4782209BCA,English,2012-11-15,,,,http://creativecommons.org/licenses/by/4.0,Missouri Botanical Garden,Missouri Botanical Garden
wfo-0000182721,Shrub tree,habit,A0C87162-3EBD-4804-A53B-595AB39EB47F,English,2012-11-15,,,,http://creativecommons.org/licenses/by/4.0,Missouri Botanical Garden,Missouri Botanical Garden
wfo-0000182474,tree shrub,habit,87E6D465-9531-4DA0-A949-7F5943CB3F23,English,2012-11-15,,,,http://creativecommons.org/licenses/by/4.0,Missouri Botanical Garden,Missouri Botanical Garden
wfo-0000165036,tree,habit,59129F92-F6B0-42FA-8899-719D4A9125FB,English,2012-11-15,,,,http://creativecommons.org/licenses/by/4.0,Missouri Botanical Garden,Missouri Botanical Garden
wfo-0000165064,Shrub tree,habit,5E4FEF18-0BA0-4B65-8C85-1EDF17C97695,English,2012-11-15,,,,http://creativecommons.org/licenses/by/4.0,Missouri Botanical Garden,Missouri Botanical Garden
wfo-0000165100,vine,habit,F77FB706-F429-43D8-83EF-31BC3F99BBCF,English,2013-09-24,,,,http://creativecommons.org/licenses/by/4.0,Missouri Botanical Garden,Missouri Botanical Garden
wfo-0000165103,vine,habit,4A2A8952-77DC-4D6E-9ED3-C0283040DF34,English,2013-09-24,,,,http://creativecommons.org/licenses/by/4.0,Missouri Botanical Garden,Missouri Botanical Garden
wfo-0000165106,Vine,habit,E1506FB6-3407-403F-A03D-7EB41DC84184,English,2013-09-24,,,,http://creativecommons.org/licenses/by/4.0,Missouri Botanical Garden,Missouri Botanical Garden
wfo-0000184344,shrub,habit,110500B2-2742-4982-BE55-8A7AFD6B14A8,English,2012-11-27,,,,http://creativecommons.org/licenses/by/4.0,Missouri Botanical Garden,Missouri Botanical Garden
wfo-0000165114,Vine,habit,B9471BEC-7F91-4986-888B-CB97FAC270AB,English,2013-09-24,,,,http://creativecommons.org/licenses/by/4.0,Missouri Botanical Garden,Missouri Botanical Garden
wfo-0000165119,vine,habit,FAC57F00-DA44-47D1-8198-A01D3BB02027,English,2013-09-24,,,,http://creativecommons.org/licenses/by/4.0,Missouri Botanical Garden,Missouri Botanical Garden
wfo-0001093044,herb,habit,F7666C34-D423-4C5D-A9D6-947F8213E8E6,English,2012-11-21,,,,http://creativecommons.org/licenses/by/4.0,Missouri Botanical Garden,Missouri Botanical Garden
wfo-0000214812,Shrub tree,habit,"D57298B9-2138-4C41-B611-AE1BB94191DB,1D5F38AC-E84A-40F2-9B1C-D7826A6EA6EF",English,2012-11-27,,,,http://creativecommons.org/licenses/by/4.0,Missouri Botanical Garden,Missouri Botanical Garden
wfo-0000180293,shrub,habit,2BA14CC5-10D2-406F-9C3E-3CE3F8670B7E,English,2012-11-27,,,,http://creativecommons.org/licenses/by/4.0,Missouri Botanical Garden,Missouri Botanical Garden
wfo-0001093054,herb,habit,44AE3D9C-3BCE-432B-A213-1E667E9741F4,English,2012-11-20,,,,http://creativecommons.org/licenses/by/4.0,Missouri Botanical Garden,Missouri Botanical Garden
wfo-0000177601,Shrub tree,habit,D51507E3-E64E-4B41-B2B4-167A7C0AD992,English,2012-11-27,,,,http://creativecommons.org/licenses/by/4.0,Missouri Botanical Garden,Missouri Botanical Garden
wfo-0000178189,herb,habit,E000847F-1362-47F1-9D56-4AB7F8D8602E,English,2012-11-27,,,,http://creativecommons.org/licenses/by/4.0,Missouri Botanical Garden,Missouri Botanical Garden
wfo-0000183629,Shrub tree,habit,47DF8E8B-113B-4886-9AE9-FDDCDEED5458,English,2012-11-27,,,,http://creativecommons.org/licenses/by/4.0,Missouri Botanical Garden,Missouri Botanical Garden
wfo-0000180350,shrub,habit,064FDC0E-08D3-401A-ACA9-BA298381177E,English,2012-11-27,,,,http://creativecommons.org/licenses/by/4.0,Missouri Botanical Garden,Missouri Botanical Garden
wfo-0000163856,Shrub tree,habit,"83236E3F-3F0C-4EFF-AAEB-246B8534754A,1254DA07-00F5-4A7E-A5DE-9CA36D35510D",English,2012-11-27,,,,http://creativecommons.org/licenses/by/4.0,Missouri Botanical Garden,Missouri Botanical Garden
wfo-0000177648,vine tree,habit,45D35CAF-AF7F-431F-83E7-A375D20A639B,English,2012-11-27,,,,http://creativecommons.org/licenses/by/4.0,Missouri Botanical Garden,Missouri Botanical Garden
wfo-0000180925,herb,habit,A55F38CC-C148-46CF-A538-C568FEA057E8,English,2012-11-27,,,,http://creativecommons.org/licenses/by/4.0,Missouri Botanical Garden,Missouri Botanical Garden
wfo-0000163835,tree shrub,habit,113BB983-29A9-4C7A-8CEB-0D29A67307E4,English,2012-11-27,,,,http://creativecommons.org/licenses/by/4.0,Missouri Botanical Garden,Missouri Botanical Garden
wfo-0000177711,Herb shrub,habit,19E5B37F-98EB-48B5-AE4A-7B6C662C8B11,English,2012-11-27,,,,http://creativecommons.org/licenses/by/4.0,Missouri Botanical Garden,Missouri Botanical Garden
wfo-0000177692,Shrub,habit,A7BCFBDA-D52B-4865-98D2-47AA3A6659D0,English,2012-11-27,,,,http://creativecommons.org/licenses/by/4.0,Missouri Botanical Garden,Missouri Botanical Garden
wfo-0001093057,herb,habit,E54A4417-02A4-4821-AFD3-75EEE2B8F7FF,English,2012-11-21,,,,http://creativecommons.org/licenses/by/4.0,Missouri Botanical Garden,Missouri Botanical Garden
wfo-0000164269,Herb subshrub,habit,AC95C65E-34F6-440E-98C3-6EB2569BD7A9,English,2012-11-27,,,,http://creativecommons.org/licenses/by/4.0,Missouri Botanical Garden,Missouri Botanical Garden
wfo-0000180621,trees,habit,716F4D75-2C2D-437B-9A01-63F35C419EBE,English,2012-11-27,,,,http://creativecommons.org/licenses/by/4.0,Missouri Botanical Garden,Missouri Botanical Garden
wfo-0000168642,Tree,habit,534E6C4D-01C5-4D18-9AA4-3B8422727EC0,English,2012-11-27,,,,http://creativecommons.org/licenses/by/4.0,Missouri Botanical Garden,Missouri Botanical Garden
wfo-0000182114,herbs or shrubs,habit,A5FDBCA0-95C7-4487-8707-703FACFABAFF,English,2013-09-30,,,,http://creativecommons.org/licenses/by/4.0,Missouri Botanical Garden,Missouri Botanical Garden
wfo-0000165171,Shrub,habit,B2C2418C-E5D3-4FD1-8366-E56E4FE05D9F,English,2013-09-30,,,,http://creativecommons.org/licenses/by/4.0,Missouri Botanical Garden,Missouri Botanical Garden
wfo-0000183602,Tree,habit,3FAF43D4-FCE6-4B26-96F6-753076978987,English,2012-11-14,,,,http://creativecommons.org/licenses/by/4.0,Missouri Botanical Garden,Missouri Botanical Garden
wfo-0000479467,herb,habit,B8F46BBF-C132-4F67-B71E-B3484E321F32,English,2012-11-20,,,,http://creativecommons.org/licenses/by/4.0,Missouri Botanical Garden,Missouri Botanical Garden
wfo-0000167393,tree,habit,C833546E-7A1F-4C37-8F07-ACA782EFB837,English,2012-11-14,,,,http://creativecommons.org/licenses/by/4.0,Missouri Botanical Garden,Missouri Botanical Garden
wfo-0000165242,Tree,habit,D5BB4CFF-D062-4796-AC44-86408EC5755B,English,2012-11-14,,,,http://creativecommons.org/licenses/by/4.0,Missouri Botanical Garden,Missouri Botanical Garden
wfo-0000165256,tree,habit,1B1B5D7E-70FA-4F5D-AA96-FB4DFC8458FD,English,2012-11-14,,,,http://creativecommons.org/licenses/by/4.0,Missouri Botanical Garden,Missouri Botanical Garden
wfo-0001093078,shrub,habit,D738F440-2A9B-44CE-8278-4606ACD278BA,English,2012-11-20,,,,http://creativecommons.org/licenses/by/4.0,Missouri Botanical Garden,Missouri Botanical Garden
wfo-0000165257,tree,habit,D1A0E06F-8AD5-449F-9A34-B2FC58DBC683,English,2012-11-14,,,,http://creativecommons.org/licenses/by/4.0,Missouri Botanical Garden,Missouri Botanical Garden
wfo-0000175962,tree,habit,709867FF-54CC-4D80-B8A4-E9FCE7F23C9C,English,2012-11-14,,,,http://creativecommons.org/licenses/by/4.0,Missouri Botanical Garden,Missouri Botanical Garden
wfo-0000182453,tree,habit,AB20129A-723E-49F1-9282-8C1533AB829C,English,2012-11-14,,,,http://creativecommons.org/licenses/by/4.0,Missouri Botanical Garden,Missouri Botanical Garden
wfo-0000165277,tree,habit,0C7735AD-6600-4ED6-8E87-E95BCF0C60BE,English,2012-11-14,,,,http://creativecommons.org/licenses/by/4.0,Missouri Botanical Garden,Missouri Botanical Garden
wfo-0000165287,Shrub tree,habit,10B386E2-E9F1-465B-B5E8-F7AB55030DB1,English,2012-11-14,,,,http://creativecommons.org/licenses/by/4.0,Missouri Botanical Garden,Missouri Botanical Garden
wfo-0001093117,shrub,habit,E29AA49C-44F1-4A4D-9446-FC4EA6BC0183,English,2012-11-20,,,,http://creativecommons.org/licenses/by/4.0,Missouri Botanical Garden,Missouri Botanical Garden
wfo-0000186738,tree,habit,8AD9D40D-4CF7-42F6-AC83-F15A28C1C40E,English,2012-11-27,,,,http://creativecommons.org/licenses/by/4.0,Missouri Botanical Garden,Missouri Botanical Garden
wfo-0000165351,herbs or shrubs,habit,6AD36B94-0248-4521-BDDE-4BDE5041C29A,English,2013-09-30,,,,http://creativecommons.org/licenses/by/4.0,Missouri Botanical Garden,Missouri Botanical Garden
wfo-0000165352,herbs or shrubs,habit,9FEF6B7B-2B1A-4095-B215-DAD57E12DD1E,English,2013-09-30,,,,http://creativecommons.org/licenses/by/4.0,Missouri Botanical Garden,Missouri Botanical Garden
wfo-0001093141,herb,habit,A2D221D5-7DA5-4C66-9DC5-F716E7FBB9FE,English,2012-11-20,,,,http://creativecommons.org/licenses/by/4.0,Missouri Botanical Garden,Missouri Botanical Garden
wfo-0000184365,vine,habit,9EBAB4D4-DB1B-4C3B-A8C6-E2B189468985,English,2013-09-30,,,,http://creativecommons.org/licenses/by/4.0,Missouri Botanical Garden,Missouri Botanical Garden
wfo-0001050968,Herb,habit,1A0D36A2-E7D4-456C-B6F8-12053D763A12,English,2013-09-24,,,,http://creativecommons.org/licenses/by/4.0,Missouri Botanical Garden,Missouri Botanical Garden
wfo-0000165493,herb,habit,C5B5BB0B-DC96-4409-B0E9-9352C9DDAA15,English,2013-09-24,,,,http://creativecommons.org/licenses/by/4.0,Missouri Botanical Garden,Missouri Botanical Garden
wfo-0000164734,tree,habit,18022272-E881-4744-AD18-03E5C1D0057B,English,2012-11-27,,,,http://creativecommons.org/licenses/by/4.0,Missouri Botanical Garden,Missouri Botanical Garden
wfo-0000165520,Herbs,habit,60DAAF8D-07D4-4147-ABE5-246A25B51568,English,2013-09-24,,,,http://creativecommons.org/licenses/by/4.0,Missouri Botanical Garden,Missouri Botanical Garden
wfo-0001093160,herb,habit,189E668C-B753-4457-A8FC-FEA115586D91,English,2012-11-21,,,,http://creativecommons.org/licenses/by/4.0,Missouri Botanical Garden,Missouri Botanical Garden
wfo-0000165530,tree,habit,F0A7ACF3-240E-42D8-948D-98E7868719F7,English,2012-11-15,,,,http://creativecommons.org/licenses/by/4.0,Missouri Botanical Garden,Missouri Botanical Garden
wfo-0000181675,tree,habit,EA7590DE-C3C9-48D1-8089-7B557F0D3AE6,English,2012-11-15,,,,http://creativecommons.org/licenses/by/4.0,Missouri Botanical Garden,Missouri Botanical Garden
wfo-0001050982,tree,habit,3C323F7A-4E00-4D7A-A757-0B61C8242697,English,2012-11-15,,,,http://creativecommons.org/licenses/by/4.0,Missouri Botanical Garden,Missouri Botanical Garden
wfo-0000164365,tree,habit,8072A792-AE55-4619-B9CE-858E66957507,English,2012-11-27,,,,http://creativecommons.org/licenses/by/4.0,Missouri Botanical Garden,Missouri Botanical Garden
wfo-0000177794,tree,habit,73E67171-B0CB-46A0-9CE3-DF00BCCA5583,English,2012-11-27,,,,http://creativecommons.org/licenses/by/4.0,Missouri Botanical Garden,Missouri Botanical Garden
wfo-0000164441,shrub herb,habit,85A6158F-784E-4141-A37B-D03457754BFC,English,2012-11-27,,,,http://creativecommons.org/licenses/by/4.0,Missouri Botanical Garden,Missouri Botanical Garden
wfo-0000177646,tree,habit,CE627804-6207-44F9-83F7-329019A05258,English,2012-11-27,,,,http://creativecommons.org/licenses/by/4.0,Missouri Botanical Garden,Missouri Botanical Garden
wfo-0000177882,Shrub herb,habit,3AAA717C-8204-4F60-9F94-6F136E2FED5D,English,2012-11-27,,,,http://creativecommons.org/licenses/by/4.0,Missouri Botanical Garden,Missouri Botanical Garden
wfo-0000177919,tree,habit,43D4198D-70FA-45BE-B26D-C93AE1CC4C49,English,2012-11-27,,,,http://creativecommons.org/licenses/by/4.0,Missouri Botanical Garden,Missouri Botanical Garden
wfo-0000164866,Tree,habit,AF1F1DBC-7461-43B0-B21C-75C206B54D87,English,2012-11-27,,,,http://creativecommons.org/licenses/by/4.0,Missouri Botanical Garden,Missouri Botanical Garden
wfo-0001051024,herb subshrub,habit,CE888B25-5350-4E7E-B548-A59E48CEFAF6,English,2012-11-27,,,,http://creativecommons.org/licenses/by/4.0,Missouri Botanical Garden,Missouri Botanical Garden
wfo-0000165003,herb shrub,habit,A439C29E-D2E3-4B21-B15B-33174E6216A5,English,2012-11-27,,,,http://creativecommons.org/licenses/by/4.0,Missouri Botanical Garden,Missouri Botanical Garden
wfo-0000177994,shrub vine,habit,BC1BBF14-A058-4888-866E-C86A8FBEDE9A,English,2012-11-27,,,,http://creativecommons.org/licenses/by/4.0,Missouri Botanical Garden,Missouri Botanical Garden
wfo-0000589373,Shrub,habit,F1937212-448E-46B8-B960-3514F5718B13,English,2012-11-27,,,,http://creativecommons.org/licenses/by/4.0,Missouri Botanical Garden,Missouri Botanical Garden
wfo-0000178038,Shrub tree,habit,93F3EC89-BCD6-490E-BDD8-3145EF7C717A,English,2012-11-27,,,,http://creativecommons.org/licenses/by/4.0,Missouri Botanical Garden,Missouri Botanical Garden
wfo-0000165543,Tree,habit,813BC35A-0A96-45EC-841F-2F2362B8D5F1,English,2013-03-06,,,,http://creativecommons.org/licenses/by/4.0,Missouri Botanical Garden,Missouri Botanical Garden
wfo-0000165544,Tree,habit,8EEAADFD-419F-4905-9AD0-D786F535FB21,English,2013-03-06,,,,http://creativecommons.org/licenses/by/4.0,Missouri Botanical Garden,Missouri Botanical Garden
wfo-0000165563,vine,habit,9452D80E-1664-4CF5-B5D7-BB9B95FC38FA,English,2013-09-25,,,,http://creativecommons.org/licenses/by/4.0,Missouri Botanical Garden,Missouri Botanical Garden
wfo-0000165564,vine or erect herb,habit,67C70675-0222-4C9B-8B12-D097D25C4FA5,English,2013-09-25,,,,http://creativecommons.org/licenses/by/4.0,Missouri Botanical Garden,Missouri Botanical Garden
wfo-0000179155,Twining vine scrambling on herbs and shrubs,habit,BA62BB0E-4C7D-4E59-9B0A-3B4689BB1DAA,English,2013-09-25,,,,http://creativecommons.org/licenses/by/4.0,Missouri Botanical Garden,Missouri Botanical Garden
wfo-0000165601,Tree,habit,55213818-CE9D-4152-8B1E-FD0F15D4BD2A,English,2013-09-25,,,,http://creativecommons.org/licenses/by/4.0,Missouri Botanical Garden,Missouri Botanical Garden
wfo-0000186892,vine,habit,9990DEEA-E4D3-4103-802E-1CD418F370B3,English,2013-09-25,,,,http://creativecommons.org/licenses/by/4.0,Missouri Botanical Garden,Missouri Botanical Garden
wfo-0000165577,Vine,habit,62D37F56-CA2E-4F82-913D-177400CB3809,English,2013-09-25,,,,http://creativecommons.org/licenses/by/4.0,Missouri Botanical Garden,Missouri Botanical Garden
wfo-0000165610,Shrub,habit,C862978E-7AF2-4578-8C8D-0642B4434211,English,2013-09-25,,,,http://creativecommons.org/licenses/by/4.0,Missouri Botanical Garden,Missouri Botanical Garden
wfo-0000165626,Tree,habit,B00107CB-D78E-4D56-8E37-02CD79B715EA,English,2012-11-27,,,,http://creativecommons.org/licenses/by/4.0,Missouri Botanical Garden,Missouri Botanical Garden
wfo-0000167859,tree,habit,9989B5A8-AF84-483E-BA3E-47AB7B4F7251,English,2012-11-14,,,,http://creativecommons.org/licenses/by/4.0,Missouri Botanical Garden,Missouri Botanical Garden
wfo-0000165739,Tree,habit,46A8D521-3DD7-4B7B-8D53-8E34CEE32DD3,English,2012-11-14,,,,http://creativecommons.org/licenses/by/4.0,Missouri Botanical Garden,Missouri Botanical Garden
wfo-0000175912,tree,habit,48AE58E1-4918-4655-91DF-3ECB00DBD0CD,English,2012-11-14,,,,http://creativecommons.org/licenses/by/4.0,Missouri Botanical Garden,Missouri Botanical Garden
wfo-0001051200,tree,habit,4DEDC757-398A-4E1F-9DBF-C5F4B4C35909,English,2012-11-14,,,,http://creativecommons.org/licenses/by/4.0,Missouri Botanical Garden,Missouri Botanical Garden
wfo-0000183588,tree,habit,7C8572E4-8222-43AC-B189-ABE06D4A895E,English,2012-11-14,,,,http://creativecommons.org/licenses/by/4.0,Missouri Botanical Garden,Missouri Botanical Garden
wfo-0000182126,tree,habit,0086AF44-17E0-42A4-8D3E-370C4E4B84C5,English,2012-11-14,,,,http://creativecommons.org/licenses/by/4.0,Missouri Botanical Garden,Missouri Botanical Garden
wfo-0000167880,tree,habit,A16541CA-7F9D-4583-9822-27AB84A4EAB6,English,2012-11-14,,,,http://creativecommons.org/licenses/by/4.0,Missouri Botanical Garden,Missouri Botanical Garden
wfo-0000165784,Tree,habit,2E24E398-BCC0-4794-AA86-F136D42349F4,English,2012-11-14,,,,http://creativecommons.org/licenses/by/4.0,Missouri Botanical Garden,Missouri Botanical Garden
wfo-0000165787,tree,habit,48D0604E-885E-4576-A2CF-4CA9C564870D,English,2012-11-14,,,,http://creativecommons.org/licenses/by/4.0,Missouri Botanical Garden,Missouri Botanical Garden
wfo-0000180204,tree,habit,0AD31964-7789-4507-AF83-4C3FFE7FF226,English,2012-11-14,,,,http://creativecommons.org/licenses/by/4.0,Missouri Botanical Garden,Missouri Botanical Garden
wfo-0000165805,tree,habit,D7C32715-1285-4B24-A174-00E926AD5DB2,English,2012-11-14,,,,http://creativecommons.org/licenses/by/4.0,Missouri Botanical Garden,Missouri Botanical Garden
wfo-0000167883,tree,habit,ACBD5336-9180-4C4E-9A48-A1B73C9E5601,English,2012-11-14,,,,http://creativecommons.org/licenses/by/4.0,Missouri Botanical Garden,Missouri Botanical Garden
wfo-0000211706,vine,habit,06CD4BDF-D79C-4405-8569-36BD8D544723,English,2012-11-16,,,,http://creativecommons.org/licenses/by/4.0,Missouri Botanical Garden,Missouri Botanical Garden
wfo-0000180543,Trees,habit,2C55D201-2C29-4D90-8848-8F534D5326B5,English,2013-09-27,,,,http://creativecommons.org/licenses/by/4.0,Missouri Botanical Garden,Missouri Botanical Garden
wfo-0000165882,Trees,habit,2B049227-C0FE-4D84-8456-B33DD481B96C,English,2013-09-27,,,,http://creativecommons.org/licenses/by/4.0,Missouri Botanical Garden,Missouri Botanical Garden
wfo-0000165885,Trees,habit,F2C0C60F-E9AD-4FA3-85CB-97FC117F79A0,English,2013-09-27,,,,http://creativecommons.org/licenses/by/4.0,Missouri Botanical Garden,Missouri Botanical Garden
wfo-0000180641,tree,habit,765B0561-35A4-4EC4-8D38-2808A2B76B47,English,2013-09-27,,,,http://creativecommons.org/licenses/by/4.0,Missouri Botanical Garden,Missouri Botanical Garden
wfo-0001093276,shrub,habit,A66C3D96-9B86-47D2-A8EF-2D24526E3A8E,English,2012-11-19,,,,http://creativecommons.org/licenses/by/4.0,Missouri Botanical Garden,Missouri Botanical Garden
wfo-0000182129,Tree,habit,764BF59E-37B0-4AC8-A10D-22AA65E5C214,English,2013-09-27,,,,http://creativecommons.org/licenses/by/4.0,Missouri Botanical Garden,Missouri Botanical Garden
wfo-0000165891,trees or shrubs,habit,AE09DE1F-8275-4967-B5FD-261B48BF117A,English,2013-09-27,,,,http://creativecommons.org/licenses/by/4.0,Missouri Botanical Garden,Missouri Botanical Garden
wfo-0000165899,Shrub or small tree,habit,E07120C8-E61C-4B62-8CAD-F16A71C6F15D,English,2013-09-27,,,,http://creativecommons.org/licenses/by/4.0,Missouri Botanical Garden,Missouri Botanical Garden
wfo-0000165906,trees,habit,41492219-BFA3-4770-812A-120FCC573948,English,2013-09-27,,,,http://creativecommons.org/licenses/by/4.0,Missouri Botanical Garden,Missouri Botanical Garden
wfo-0001093347,vine,habit,7130A7BD-5B66-470F-AFFA-525ECF4AA6C6,English,2012-11-20,,,,http://creativecommons.org/licenses/by/4.0,Missouri Botanical Garden,Missouri Botanical Garden
wfo-0000165908,Shrub or small tree,habit,EAB6450F-3488-4B5B-B6BE-ADCCDC4F0932,English,2013-09-30,,,,http://creativecommons.org/licenses/by/4.0,Missouri Botanical Garden,Missouri Botanical Garden
wfo-0000165931,Tree,habit,268395EA-265A-4878-90D3-3B7D651F27AA,English,2013-03-06,,,,http://creativecommons.org/licenses/by/4.0,Missouri Botanical Garden,Missouri Botanical Garden
wfo-0000165942,Tree,habit,0894ED36-2739-4BCD-807E-DBF2BF9F6596,English,2013-03-06,,,,http://creativecommons.org/licenses/by/4.0,Missouri Botanical Garden,Missouri Botanical Garden
wfo-0000165947,Shrub tree,habit,A98CA4E4-54E7-4FFE-BD9D-7635E509FF91,English,2013-03-06,,,,http://creativecommons.org/licenses/by/4.0,Missouri Botanical Garden,Missouri Botanical Garden
wfo-0000183505,Shrub or small tree,habit,6225D370-1A3E-4783-97C5-55F81F6A349B,English,2013-03-06,,,,http://creativecommons.org/licenses/by/4.0,Missouri Botanical Garden,Missouri Botanical Garden
wfo-0000168250,Tree,habit,0B08A4F8-A131-4BBB-A260-84AE678BAAD5,English,2013-09-30,,,,http://creativecommons.org/licenses/by/4.0,Missouri Botanical Garden,Missouri Botanical Garden
wfo-0000168260,Tree,habit,5EF91764-50AC-41EE-9C1A-45A8C255D235,English,2013-09-30,,,,http://creativecommons.org/licenses/by/4.0,Missouri Botanical Garden,Missouri Botanical Garden
wfo-0000168275,Tree,habit,E17D697C-A3CE-4972-859E-4DF496DBFFF3,English,2013-09-30,,,,http://creativecommons.org/licenses/by/4.0,Missouri Botanical Garden,Missouri Botanical Garden
wfo-0000168290,Tree,habit,EBCBF6FE-079A-470F-87AE-877D3ED80718,English,2013-09-30,,,,http://creativecommons.org/licenses/by/4.0,Missouri Botanical Garden,Missouri Botanical Garden
wfo-0000168337,Tree,habit,6F32A267-264A-43C5-8BB5-2015F0EB180B,English,2013-03-06,,,,http://creativecommons.org/licenses/by/4.0,Missouri Botanical Garden,Missouri Botanical Garden
wfo-0000168366,tree,habit,C9429E53-9FE3-46BA-ADB1-190D2D7D5151,English,2012-11-27,,,,http://creativecommons.org/licenses/by/4.0,Missouri Botanical Garden,Missouri Botanical Garden
wfo-0000168370,tree,habit,DB3F6821-8BDF-418D-B43E-98AE2A4F3590,English,2012-11-16,,,,http://creativecommons.org/licenses/by/4.0,Missouri Botanical Garden,Missouri Botanical Garden
wfo-0000183242,vine,habit,808CF7B7-C3E8-40C8-9748-A885217772FA,English,2013-09-30,,,,http://creativecommons.org/licenses/by/4.0,Missouri Botanical Garden,Missouri Botanical Garden
wfo-0000168391,Tree,habit,01676DED-8B01-4ACB-9B93-BCDCA552A070,English,2012-11-26,,,,http://creativecommons.org/licenses/by/4.0,Missouri Botanical Garden,Missouri Botanical Garden
wfo-0000168417,Tree,habit,89BE181D-6A53-43CF-AD8A-CCFF33DBED62,English,2013-03-06,,,,http://creativecommons.org/licenses/by/4.0,Missouri Botanical Garden,Missouri Botanical Garden
wfo-0000168436,tree,habit,9C930992-8934-437F-ADB7-02F3B52087B0,English,2012-11-14,,,,http://creativecommons.org/licenses/by/4.0,Missouri Botanical Garden,Missouri Botanical Garden
wfo-0000168448,Tree,habit,70F566E8-2E0B-4299-A7DA-CB4F2E65248D,English,2012-11-14,,,,http://creativecommons.org/licenses/by/4.0,Missouri Botanical Garden,Missouri Botanical Garden
wfo-0000168463,tree,habit,78683AC8-4130-44D1-A7E6-2F6831DE25E8,English,2012-11-14,,,,http://creativecommons.org/licenses/by/4.0,Missouri Botanical Garden,Missouri Botanical Garden
wfo-0000168524,tree,habit,E01E8C04-EF22-45D0-9EB6-CC6807149DBA,English,2012-11-14,,,,http://creativecommons.org/licenses/by/4.0,Missouri Botanical Garden,Missouri Botanical Garden
wfo-0000168527,tree,habit,8354EEAB-B93B-462C-9CC8-D527C4F34A35,English,2012-11-15,,,,http://creativecommons.org/licenses/by/4.0,Missouri Botanical Garden,Missouri Botanical Garden
wfo-0000168533,Shrub tree,habit,150C0E57-89AB-4CE0-9088-F2E1B5467C3F,English,2012-11-14,,,,http://creativecommons.org/licenses/by/4.0,Missouri Botanical Garden,Missouri Botanical Garden
wfo-0001052383,tree,habit,78327C07-C5BD-4DD5-9C2D-743810CD037A,English,2012-11-14,,,,http://creativecommons.org/licenses/by/4.0,Missouri Botanical Garden,Missouri Botanical Garden
wfo-0000182145,tree,habit,F61B7A2A-9195-421A-BB03-BD9F4F3941CF,English,2012-11-14,,,,http://creativecommons.org/licenses/by/4.0,Missouri Botanical Garden,Missouri Botanical Garden
wfo-0000210475,tree,habit,0886DC71-D578-4688-A638-A569D17D9739,English,2012-11-14,,,,http://creativecommons.org/licenses/by/4.0,Missouri Botanical Garden,Missouri Botanical Garden
wfo-0000168570,Tree,habit,09D9AA2D-AC56-434D-A1F4-4AF1A73D7B32,English,2012-11-14,,,,http://creativecommons.org/licenses/by/4.0,Missouri Botanical Garden,Missouri Botanical Garden
wfo-0000179713,tree,habit,38062DF3-381A-4ECD-A9EB-C6123061A1DF,English,2012-11-15,,,,http://creativecommons.org/licenses/by/4.0,Missouri Botanical Garden,Missouri Botanical Garden
wfo-0000168598,Shrub tree,habit,E3C70FD0-38CF-4567-A946-C602DEA824DE,English,2012-11-14,,,,http://creativecommons.org/licenses/by/4.0,Missouri Botanical Garden,Missouri Botanical Garden
wfo-0000168601,Shrub tree,habit,0AFC63AF-BE41-473C-8700-E6D8B9354669,English,2012-11-14,,,,http://creativecommons.org/licenses/by/4.0,Missouri Botanical Garden,Missouri Botanical Garden
wfo-0000168611,vine,habit,993BF6DD-A981-446B-9853-ECF1F0016F20,English,2013-10-01,,,,http://creativecommons.org/licenses/by/4.0,Missouri Botanical Garden,Missouri Botanical Garden
wfo-0000168619,trees,habit,ECD31B52-FB71-4D29-BF3C-604974360868,English,2013-10-01,,,,http://creativecommons.org/licenses/by/4.0,Missouri Botanical Garden,Missouri Botanical Garden
wfo-0000168645,herb,habit,7C0C22AE-3037-41F3-8E98-61301AD3DF08,English,2013-10-01,,,,http://creativecommons.org/licenses/by/4.0,Missouri Botanical Garden,Missouri Botanical Garden
wfo-0000168648,herb,habit,AC57DBB3-C827-4F79-9AF9-5449B4522346,English,2013-10-01,,,,http://creativecommons.org/licenses/by/4.0,Missouri Botanical Garden,Missouri Botanical Garden
wfo-0001052482,Tree,habit,6BEC23AD-9B22-4CAB-8D32-7497F820DAF2,English,2013-09-30,,,,http://creativecommons.org/licenses/by/4.0,Missouri Botanical Garden,Missouri Botanical Garden
wfo-0000188429,vine,habit,24B2049C-EBCC-4C5D-8A4F-A5188025097D,English,2013-10-01,,,,http://creativecommons.org/licenses/by/4.0,Missouri Botanical Garden,Missouri Botanical Garden
wfo-0000168855,Trees,habit,87B76EC9-AA6D-4DE0-9340-ADD787026F18,English,2012-11-26,,,,http://creativecommons.org/licenses/by/4.0,Missouri Botanical Garden,Missouri Botanical Garden
wfo-0000168869,vine,habit,EB9AFBB3-E6BC-4652-8E90-CF98F6E33CDB,English,2013-10-01,,,,http://creativecommons.org/licenses/by/4.0,Missouri Botanical Garden,Missouri Botanical Garden
wfo-0000168872,vine,habit,40223AC1-2CEE-4BEF-875D-49BFF8A2245B,English,2013-10-01,,,,http://creativecommons.org/licenses/by/4.0,Missouri Botanical Garden,Missouri Botanical Garden
wfo-0000169045,Herb,habit,EE0186FC-2154-4B46-A6E5-779595F819F9,English,2013-09-25,,,,http://creativecommons.org/licenses/by/4.0,Missouri Botanical Garden,Missouri Botanical Garden
wfo-0000169393,Tree,habit,DCB39D8B-2479-4E4F-8AA2-05D19F51F486,English,2012-11-27,,,,http://creativecommons.org/licenses/by/4.0,Missouri Botanical Garden,Missouri Botanical Garden
wfo-0000169400,tree,habit,90BA3850-A8DF-44F1-B74C-D61EAC152D44,English,2012-11-27,,,,http://creativecommons.org/licenses/by/4.0,Missouri Botanical Garden,Missouri Botanical Garden
wfo-0000444179,Shrubs,habit,B1F13FEC-2B2C-41A7-AF5A-255EF1C15050,English,2013-05-08,,,,http://creativecommons.org/licenses/by/4.0,Missouri Botanical Garden,Missouri Botanical Garden
wfo-0000181719,vine,habit,934995ED-6DC0-4F46-AB69-CE1C52C3AA24,English,2013-09-30,,,,http://creativecommons.org/licenses/by/4.0,Missouri Botanical Garden,Missouri Botanical Garden
wfo-0000538918,vine,habit,523528C3-07E0-447C-8CF7-01C4D0AC5BF9,English,2013-01-14,,,,http://creativecommons.org/licenses/by/4.0,Missouri Botanical Garden,Missouri Botanical Garden
wfo-0000169422,herb or vine,habit,0F677944-A4E5-4F8B-9FE8-03198DA6FD0A,English,2013-09-30,,,,http://creativecommons.org/licenses/by/4.0,Missouri Botanical Garden,Missouri Botanical Garden
wfo-0000181730,herb,habit,53092403-198B-49E3-B355-5F3F21BBBBA1,English,2013-09-30,,,,http://creativecommons.org/licenses/by/4.0,Missouri Botanical Garden,Missouri Botanical Garden
wfo-0000172258,vine,habit,51722ADA-32DD-40D6-963F-869AD8EDAE6C,English,2013-09-30,,,,http://creativecommons.org/licenses/by/4.0,Missouri Botanical Garden,Missouri Botanical Garden
wfo-0000195209,Tree,habit,2B28B91E-6DBD-46D3-91DF-6A93BDEF28E7,English,2013-03-06,,,,http://creativecommons.org/licenses/by/4.0,Missouri Botanical Garden,Missouri Botanical Garden
wfo-0000194876,Trees,habit,6EE8F410-BBE4-40D6-9EFF-1D26A637CDBF,English,2013-03-06,,,,http://creativecommons.org/licenses/by/4.0,Missouri Botanical Garden,Missouri Botanical Garden
wfo-0000182939,vines,habit,A87B6891-CD79-4601-8098-24022F553C7B,English,2013-09-30,,,,http://creativecommons.org/licenses/by/4.0,Missouri Botanical Garden,Missouri Botanical Garden
wfo-0000170250,herb,habit,D2B51608-A309-49F1-A6B0-1FCA4C2DA8E1,English,2013-09-26,,,,http://creativecommons.org/licenses/by/4.0,Missouri Botanical Garden,Missouri Botanical Garden
wfo-0000170254,herbs,habit,F87F0D38-0368-49A8-B253-E8E43125D19F,English,2013-09-26,,,,http://creativecommons.org/licenses/by/4.0,Missouri Botanical Garden,Missouri Botanical Garden
wfo-0000170270,Sprawling herb to slender straggling shrub,habit,93E0340B-E521-4053-96F1-64B3C46CEA1E,English,2013-09-26,,,,http://creativecommons.org/licenses/by/4.0,Missouri Botanical Garden,Missouri Botanical Garden
wfo-0000177100,Herbs or shrubs,habit,F78E5617-5749-493D-A405-1D8EF747B2D6,English,2013-09-26,,,,http://creativecommons.org/licenses/by/4.0,Missouri Botanical Garden,Missouri Botanical Garden
wfo-0000170304,vine,habit,C9A7E402-5BE8-4C8C-8804-E7470D7C6E7F,English,2013-09-26,,,,http://creativecommons.org/licenses/by/4.0,Missouri Botanical Garden,Missouri Botanical Garden
wfo-0000170359,vine to subshrub,habit,BB5DA74D-D2A5-4579-B9A0-2BB32F97429D,English,2013-09-26,,,,http://creativecommons.org/licenses/by/4.0,Missouri Botanical Garden,Missouri Botanical Garden
wfo-0000177239,Herbs,habit,00A479D0-4B72-4499-9857-B2A0A4190671,English,2013-09-26,,,,http://creativecommons.org/licenses/by/4.0,Missouri Botanical Garden,Missouri Botanical Garden
wfo-0000170316,herb,habit,6B674DA3-4F84-4296-BD3C-955A60C85365,English,2013-09-26,,,,http://creativecommons.org/licenses/by/4.0,Missouri Botanical Garden,Missouri Botanical Garden
wfo-0000170320,Shrub,habit,09059037-3D61-4843-B7AC-E0EBF2F1288E,English,2013-09-26,,,,http://creativecommons.org/licenses/by/4.0,Missouri Botanical Garden,Missouri Botanical Garden
wfo-0000170342,Herb,habit,3DD5DA01-F334-422E-A56B-DAB1680DDB84,English,2013-09-26,,,,http://creativecommons.org/licenses/by/4.0,Missouri Botanical Garden,Missouri Botanical Garden
wfo-0000177311,Herb,habit,283E9995-E65A-40E4-BE02-EF8B4FEE002E,English,2013-09-26,,,,http://creativecommons.org/licenses/by/4.0,Missouri Botanical Garden,Missouri Botanical Garden
wfo-0000170372,herb,habit,14432241-4947-4175-884F-6C1B05FD9DF8,English,2013-09-26,,,,http://creativecommons.org/licenses/by/4.0,Missouri Botanical Garden,Missouri Botanical Garden
wfo-0000182172,subshrubs,habit,9D6EFD50-9668-47B6-A623-9FDDA2109632,English,2013-09-26,,,,http://creativecommons.org/licenses/by/4.0,Missouri Botanical Garden,Missouri Botanical Garden
wfo-0000170401,tree,habit,C2072E87-2067-43DC-9D63-95D0AB51283F,English,2012-11-27,,,,http://creativecommons.org/licenses/by/4.0,Missouri Botanical Garden,Missouri Botanical Garden
wfo-0000182178,Vines,habit,DB6ABFF8-5AAC-48D3-87C8-F9E1B203C43A,English,2013-09-26,,,,http://creativecommons.org/licenses/by/4.0,Missouri Botanical Garden,Missouri Botanical Garden
wfo-0000210418,Vines,habit,6020D057-F0DD-42EE-8F41-83B7A0D9B6E6,English,2013-09-26,,,,http://creativecommons.org/licenses/by/4.0,Missouri Botanical Garden,Missouri Botanical Garden
wfo-0000179348,Vines,habit,604C49FB-760A-43A8-A2A6-D2F824FDCB2C,English,2013-09-27,,,,http://creativecommons.org/licenses/by/4.0,Missouri Botanical Garden,Missouri Botanical Garden
wfo-0000182179,vines,habit,CB849615-2D15-4536-85DE-4AA675BE3B5F,English,2013-09-27,,,,http://creativecommons.org/licenses/by/4.0,Missouri Botanical Garden,Missouri Botanical Garden
wfo-0000175857,shrub,habit,6C2E727C-2B9C-49E0-B643-CF147EFBB6B9,English,2012-11-16,,,,http://creativecommons.org/licenses/by/4.0,Missouri Botanical Garden,Missouri Botanical Garden
wfo-0000176946,Herbs,habit,3035EF1F-8979-4FB5-990B-63B76EA1E77B,English,2013-09-26,,,,http://creativecommons.org/licenses/by/4.0,Missouri Botanical Garden,Missouri Botanical Garden
wfo-0000184231,Herbs,habit,033E583A-20A5-4A54-B715-8A20A8EE33CA,English,2013-09-26,,,,http://creativecommons.org/licenses/by/4.0,Missouri Botanical Garden,Missouri Botanical Garden
wfo-0000170487,Herbs or shrubs,habit,EDDF5038-7758-40D0-8C4D-D62145377B5C,English,2013-09-26,,,,http://creativecommons.org/licenses/by/4.0,Missouri Botanical Garden,Missouri Botanical Garden
wfo-0000170496,Herb,habit,63F591EC-C9F8-4477-8A0C-1A9783BBEBDB,English,2013-09-26,,,,http://creativecommons.org/licenses/by/4.0,Missouri Botanical Garden,Missouri Botanical Garden
wfo-0000184175,Suffruticose to shrubby,habit,2E484529-4686-45E5-9EB3-2726B865CA69,English,2013-09-26,,,,http://creativecommons.org/licenses/by/4.0,Missouri Botanical Garden,Missouri Botanical Garden
wfo-0000170506,Herb,habit,D87F7E03-96CA-4DE5-A613-9B2351275496,English,2013-09-26,,,,http://creativecommons.org/licenses/by/4.0,Missouri Botanical Garden,Missouri Botanical Garden
wfo-0000177430,herb,habit,CF07321F-1187-4134-BC70-C708ED3929F3,English,2013-09-26,,,,http://creativecommons.org/licenses/by/4.0,Missouri Botanical Garden,Missouri Botanical Garden
wfo-0000177471,herb or shrub,habit,36B183F3-A3FF-49D9-9482-B0A0480C02E6,English,2013-09-26,,,,http://creativecommons.org/licenses/by/4.0,Missouri Botanical Garden,Missouri Botanical Garden
wfo-0000177482,herbs,habit,81DB6B9E-99E7-4984-9BDB-2F8E096E251A,English,2013-09-26,,,,http://creativecommons.org/licenses/by/4.0,Missouri Botanical Garden,Missouri Botanical Garden
wfo-0000196572,vines,habit,5B5EC697-646C-4A9F-9043-F24956CF5CE0,English,2013-09-26,,,,http://creativecommons.org/licenses/by/4.0,Missouri Botanical Garden,Missouri Botanical Garden
wfo-0001053472,tree,habit,733CA987-6753-4590-B5C2-BDB64343BCE4,English,2013-09-27,,,,http://creativecommons.org/licenses/by/4.0,Missouri Botanical Garden,Missouri Botanical Garden
wfo-0000170569,herb,habit,667053A7-2852-4DBD-B80A-DD78EA2D601A,English,2013-09-30,,,,http://creativecommons.org/licenses/by/4.0,Missouri Botanical Garden,Missouri Botanical Garden
wfo-0000182183,herbs or shrubs,habit,0794EE55-571B-4BE6-80ED-DF220469BB98,English,2013-09-30,,,,http://creativecommons.org/licenses/by/4.0,Missouri Botanical Garden,Missouri Botanical Garden
wfo-0000195655,herbs or shrubs,habit,5896FE1A-A974-46B1-BFB0-8A75D79486A6,English,2013-09-30,,,,http://creativecommons.org/licenses/by/4.0,Missouri Botanical Garden,Missouri Botanical Garden
wfo-0000183520,tree,habit,937C939B-29D8-4282-9890-AA9DCF40032B,English,2012-11-14,,,,http://creativecommons.org/licenses/by/4.0,Missouri Botanical Garden,Missouri Botanical Garden
wfo-0000183521,tree,habit,94BCD4B6-E843-48D3-AA0D-BBC5716D99B0,English,2012-11-14,,,,http://creativecommons.org/licenses/by/4.0,Missouri Botanical Garden,Missouri Botanical Garden
wfo-0000173808,herb,habit,43D451EB-333C-45B9-AA42-4ED0602FAA76,English,2013-09-24,,,,http://creativecommons.org/licenses/by/4.0,Missouri Botanical Garden,Missouri Botanical Garden
wfo-0001053716,tree,habit,4667B1BF-D9E4-42E0-85DC-0D68EA6BB7F0,English,2012-11-14,,,,http://creativecommons.org/licenses/by/4.0,Missouri Botanical Garden,Missouri Botanical Garden
wfo-0000173667,tree,habit,F14D7CF1-5887-4908-8A41-32ED2CB0A435,English,2012-11-14,,,,http://creativecommons.org/licenses/by/4.0,Missouri Botanical Garden,Missouri Botanical Garden
wfo-0000173668,Tree,habit,9D6C19A5-11EE-4897-A09A-7810DC1B1AE1,English,2012-11-14,,,,http://creativecommons.org/licenses/by/4.0,Missouri Botanical Garden,Missouri Botanical Garden
wfo-0000173672,tree,habit,F594AE8F-2614-4527-BE93-EF921920A145,English,2012-11-14,,,,http://creativecommons.org/licenses/by/4.0,Missouri Botanical Garden,Missouri Botanical Garden
wfo-0000181603,herbs,habit,A29855E5-E646-41AF-9F23-B58118F656D5,English,2013-09-30,,,,http://creativecommons.org/licenses/by/4.0,Missouri Botanical Garden,Missouri Botanical Garden
wfo-0000204216,Shrub tree,habit,2109E4A4-FFA7-48C4-9E0A-A9AC103BFD67,English,2012-11-16,,,,http://creativecommons.org/licenses/by/4.0,Missouri Botanical Garden,Missouri Botanical Garden
wfo-0000173710,Shrub or tree,habit,CADC8D8E-2746-4722-B68E-0DD8027F1A40,English,2013-03-06,,,,http://creativecommons.org/licenses/by/4.0,Missouri Botanical Garden,Missouri Botanical Garden
wfo-0000163802,Tree,habit,EDD74C8C-B301-4EE0-87B1-FABEEA8DA9BC,English,2012-11-27,,,,http://creativecommons.org/licenses/by/4.0,Missouri Botanical Garden,Missouri Botanical Garden
wfo-0000173714,shrub or small tree,habit,E5F1AA23-B7C2-4F20-8FA0-203DA7088DDA,English,2013-03-06,,,,http://creativecommons.org/licenses/by/4.0,Missouri Botanical Garden,Missouri Botanical Garden
wfo-0000173716,Tree,habit,AB032F5C-E8D8-4CA3-BFBB-21392AF9352F,English,2013-03-06,,,,http://creativecommons.org/licenses/by/4.0,Missouri Botanical Garden,Missouri Botanical Garden
wfo-0000173718,Tree,habit,4AB773A2-F02E-4F81-90D0-E666C72AB21F,English,2013-03-06,,,,http://creativecommons.org/licenses/by/4.0,Missouri Botanical Garden,Missouri Botanical Garden
wfo-0000174053,herb,habit,2D82D1F7-DB3B-4861-BF95-880AB8FECE58,English,2013-09-25,,,,http://creativecommons.org/licenses/by/4.0,Missouri Botanical Garden,Missouri Botanical Garden
wfo-0001053784,Tree,habit,72EACA07-DB47-432B-A8C3-C0FE432F8BB8,English,2013-03-06,,,,http://creativecommons.org/licenses/by/4.0,Missouri Botanical Garden,Missouri Botanical Garden
wfo-0000214204,tree,habit,A2E8A337-B4EA-4F2A-818E-5D79C1771EF9,English,2012-11-27,,,,http://creativecommons.org/licenses/by/4.0,Missouri Botanical Garden,Missouri Botanical Garden
wfo-0000214363,shrub tree,habit,8058FD7A-CD1B-4E6B-ACA8-568043898E38,English,2012-11-27,,,,http://creativecommons.org/licenses/by/4.0,Missouri Botanical Garden,Missouri Botanical Garden
wfo-0000182942,Herb,habit,82A36F45-8707-44AB-825D-993CC3F11556,English,2013-09-25,,,,http://creativecommons.org/licenses/by/4.0,Missouri Botanical Garden,Missouri Botanical Garden
wfo-0000178702,vine,habit,B5FBAD17-AC9A-422D-B1F7-9575C78088E1,English,2013-09-24,,,,http://creativecommons.org/licenses/by/4.0,Missouri Botanical Garden,Missouri Botanical Garden
wfo-0000195712,Shrubs trees,habit,"70C873EC-065E-40EC-A240-CB0764048F42,690AF9D5-395F-4729-A342-5101F7F74F4E",English,2012-11-15,,,,http://creativecommons.org/licenses/by/4.0,Missouri Botanical Garden,Missouri Botanical Garden
wfo-0000182191,liana,habit,0E930188-4E8E-4D34-A387-7D5ED43DFA74,English,2012-11-15,,,,http://creativecommons.org/licenses/by/4.0,Missouri Botanical Garden,Missouri Botanical Garden
wfo-0000173783,Shrub,habit,5731FE32-1104-4D70-9FEA-97F90791C36B,English,2012-11-15,,,,http://creativecommons.org/licenses/by/4.0,Missouri Botanical Garden,Missouri Botanical Garden
wfo-0000173025,Herbs,habit,3B4F67E5-7BA1-4F45-B5D1-001B53864A17,English,2013-09-24,,,,http://creativecommons.org/licenses/by/4.0,Missouri Botanical Garden,Missouri Botanical Garden
wfo-0000173810,Herb,habit,30C36D34-BDE4-488F-B019-DA17AA0CBCC9,English,2013-09-24,,,,http://creativecommons.org/licenses/by/4.0,Missouri Botanical Garden,Missouri Botanical Garden
wfo-0000173830,herb,habit,613B0587-A8C3-4537-A17E-38775DCBA23B,English,2013-09-24,,,,http://creativecommons.org/licenses/by/4.0,Missouri Botanical Garden,Missouri Botanical Garden
wfo-0000173948,shrub tree,habit,6947FA8A-0AD6-4C63-9CF7-798197502213,English,2012-11-26,,,,http://creativecommons.org/licenses/by/4.0,Missouri Botanical Garden,Missouri Botanical Garden
wfo-0000174031,Herbs,habit,347074D7-401D-4195-B207-5D8A1F9F8071,English,2013-09-24,,,,http://creativecommons.org/licenses/by/4.0,Missouri Botanical Garden,Missouri Botanical Garden
wfo-0000184271,tree,habit,37B75D0E-0365-4081-807D-7EEC6C48B411,English,2012-11-15,,,,http://creativecommons.org/licenses/by/4.0,Missouri Botanical Garden,Missouri Botanical Garden
wfo-0000173879,Shrub or small tree,habit,D18A74FF-1867-4A54-8603-47490C447A46,English,2013-09-24,,,,http://creativecommons.org/licenses/by/4.0,Missouri Botanical Garden,Missouri Botanical Garden
wfo-0000966781,Trees,habit,1B954639-7D0B-4CD3-BE98-08E29279B9DC,English,2013-09-04,,,,http://creativecommons.org/licenses/by/4.0,Missouri Botanical Garden,Missouri Botanical Garden
wfo-0000173881,Woody wine,habit,C24773BD-BFF8-4F79-8B90-8C9F4EFBD01E,English,2013-09-24,,,,http://creativecommons.org/licenses/by/4.0,Missouri Botanical Garden,Missouri Botanical Garden
wfo-0000183868,shrub tree,habit,D8CD2FA5-EBFC-453F-B07D-63646096835C,English,2012-11-26,,,,http://creativecommons.org/licenses/by/4.0,Missouri Botanical Garden,Missouri Botanical Garden
wfo-0000179216,vine,habit,BE2C28BF-DB6D-48FC-88BB-E12C768AF7AC,English,2013-09-25,,,,http://creativecommons.org/licenses/by/4.0,Missouri Botanical Garden,Missouri Botanical Garden
wfo-0000183259,vine,habit,3D6E4667-2767-48F7-B8A6-6BBC57C53F75,English,2012-11-26,,,,http://creativecommons.org/licenses/by/4.0,Missouri Botanical Garden,Missouri Botanical Garden
wfo-0000850129,shrubs,habit,447B38A8-2AF5-42F7-BC92-2E35C760F8E1,English,2013-08-28,,,,http://creativecommons.org/licenses/by/4.0,Missouri Botanical Garden,Missouri Botanical Garden
wfo-0000182952,tree,habit,"30CDA702-DA8B-4C13-92B2-3FB132CB9374,6307FB25-A97D-4DD3-9663-CB8409514DB7",English,2012-11-15,,,,http://creativecommons.org/licenses/by/4.0,Missouri Botanical Garden,Missouri Botanical Garden
wfo-0000183533,Tree,habit,19F64612-51A7-4C32-AF2D-DE667A889255,English,2012-11-15,,,,http://creativecommons.org/licenses/by/4.0,Missouri Botanical Garden,Missouri Botanical Garden
wfo-0000189826,vines,habit,51032659-F93F-45A3-9B53-6C135D069D3F,English,2013-09-24,,,,http://creativecommons.org/licenses/by/4.0,Missouri Botanical Garden,Missouri Botanical Garden
wfo-0000183534,Vine,habit,E240F164-6746-4754-A009-C5B586F2B721,English,2013-09-24,,,,http://creativecommons.org/licenses/by/4.0,Missouri Botanical Garden,Missouri Botanical Garden
wfo-0000189815,Vine,habit,81396EB9-96AB-4514-985C-25EF595875EE,English,2013-09-24,,,,http://creativecommons.org/licenses/by/4.0,Missouri Botanical Garden,Missouri Botanical Garden
wfo-0000189869,vine,habit,AD3715ED-E825-450C-8445-DF9E8431D00B,English,2013-09-24,,,,http://creativecommons.org/licenses/by/4.0,Missouri Botanical Garden,Missouri Botanical Garden
wfo-0000214719,Shrub,habit,4958125A-95C9-425C-9541-038EB8438431,English,2012-11-27,,,,http://creativecommons.org/licenses/by/4.0,Missouri Botanical Garden,Missouri Botanical Garden
wfo-0000163711,Shrub tree,habit,0AFB770A-79B0-4AA7-9CD2-3BD80FB6A4EC,English,2012-11-27,,,,http://creativecommons.org/licenses/by/4.0,Missouri Botanical Garden,Missouri Botanical Garden
wfo-0000179174,vine,habit,15492DC3-A903-4E01-AD46-06D79D3527FD,English,2013-09-25,,,,http://creativecommons.org/licenses/by/4.0,Missouri Botanical Garden,Missouri Botanical Garden
wfo-0000163908,Tree,habit,95F35A8E-0E32-4509-9720-A7E6D8C20B95,English,2012-11-27,,,,http://creativecommons.org/licenses/by/4.0,Missouri Botanical Garden,Missouri Botanical Garden
wfo-0000174026,Tree,habit,C3182F0F-E66C-447F-92DB-54975304DB66,English,2012-11-27,,,,http://creativecommons.org/licenses/by/4.0,Missouri Botanical Garden,Missouri Botanical Garden
wfo-0000167701,vines,habit,1B64CAAE-5210-4BE5-8479-646D55DA7944,English,2013-09-25,,,,http://creativecommons.org/licenses/by/4.0,Missouri Botanical Garden,Missouri Botanical Garden
wfo-0000179137,vine,habit,912A683C-08DF-4DB4-BF0E-C4D3B78898A8,English,2013-09-25,,,,http://creativecommons.org/licenses/by/4.0,Missouri Botanical Garden,Missouri Botanical Garden
wfo-0001054522,vines,habit,E625A6AE-FCA3-49B0-A3B5-705D1D581BD8,English,2013-09-25,,,,http://creativecommons.org/licenses/by/4.0,Missouri Botanical Garden,Missouri Botanical Garden
wfo-0000174049,herb,habit,574CD5E0-67B5-4216-BBEE-1130F63B71B6,English,2013-09-25,,,,http://creativecommons.org/licenses/by/4.0,Missouri Botanical Garden,Missouri Botanical Garden
wfo-0001054566,herb or shrub,habit,325411BA-71F3-48EF-B695-6CAD4DDB0CF9,English,2013-09-25,,,,http://creativecommons.org/licenses/by/4.0,Missouri Botanical Garden,Missouri Botanical Garden
wfo-0000183574,"Herb, shrub, or small tree",habit,FEEC3C7F-8318-4603-BA27-091B7E74053F,English,2013-09-25,,,,http://creativecommons.org/licenses/by/4.0,Missouri Botanical Garden,Missouri Botanical Garden
wfo-0000207244,Herb or small shrub,habit,9E8AB014-D06D-4FB8-B013-7397F1B3073F,English,2013-09-25,,,,http://creativecommons.org/licenses/by/4.0,Missouri Botanical Garden,Missouri Botanical Garden
wfo-0000982358,Trees,habit,F8F4D54D-1C26-42E5-BB72-D98B91BAB91B,English,2013-09-05,,,,http://creativecommons.org/licenses/by/4.0,Missouri Botanical Garden,Missouri Botanical Garden
wfo-0000982610,Subshrubs,habit,4B581B40-1BD0-4BAA-928E-A25F5FE4B165,English,2013-09-05,,,,http://creativecommons.org/licenses/by/4.0,Missouri Botanical Garden,Missouri Botanical Garden
wfo-0000174071,Shrub or small tree,habit,E42B5604-FB8D-42DE-9440-0ACC35B03242,English,2013-09-25,,,,http://creativecommons.org/licenses/by/4.0,Missouri Botanical Garden,Missouri Botanical Garden
wfo-0000182194,Shrub or suffrutescent herb,habit,84C1813A-C01D-45BF-9788-C67E0A070EF1,English,2013-09-25,,,,http://creativecommons.org/licenses/by/4.0,Missouri Botanical Garden,Missouri Botanical Garden
wfo-0000210917,Shrub or suffrutescent herb,habit,C3F4824E-4860-4491-A09E-04104C7955A7,English,2013-09-25,,,,http://creativecommons.org/licenses/by/4.0,Missouri Botanical Garden,Missouri Botanical Garden
wfo-0000174077,Herb,habit,5C9A7B43-A65A-4466-B6E4-645ECA47E919,English,2013-09-25,,,,http://creativecommons.org/licenses/by/4.0,Missouri Botanical Garden,Missouri Botanical Garden
wfo-0000210930,Herb,habit,80B63797-E7B0-4585-985B-678CEF08A468,English,2013-09-25,,,,http://creativecommons.org/licenses/by/4.0,Missouri Botanical Garden,Missouri Botanical Garden
wfo-0000174082,Herb or suffrutescent herb,habit,9B9B50BD-356D-488F-8972-192F283F5F97,English,2013-09-25,,,,http://creativecommons.org/licenses/by/4.0,Missouri Botanical Garden,Missouri Botanical Garden
wfo-0000210927,Herb or suffrutescent herb,habit,45D3FB22-4833-4EA0-8626-F8FBACAFC100,English,2013-09-25,,,,http://creativecommons.org/licenses/by/4.0,Missouri Botanical Garden,Missouri Botanical Garden
wfo-0000285548,Subshrubs,habit,F01EBC84-5EEF-4FD4-99C0-CE80BAA76D6C,English,2013-09-13,,,,http://creativecommons.org/licenses/by/4.0,Missouri Botanical Garden,Missouri Botanical Garden
wfo-0000210929,Herb or suffrutescent herb,habit,55C136F9-60AE-4B7D-9E39-8E339C7EB910,English,2013-09-25,,,,http://creativecommons.org/licenses/by/4.0,Missouri Botanical Garden,Missouri Botanical Garden
wfo-0000286458,Shrubs,habit,BBAC4732-A417-4FC7-9492-86BD4D61B83A,English,2013-09-16,,,,http://creativecommons.org/licenses/by/4.0,Missouri Botanical Garden,Missouri Botanical Garden
wfo-0000174092,vine,habit,61C9CAA9-734D-488B-A160-156BD4DCDF80,English,2013-09-25,,,,http://creativecommons.org/licenses/by/4.0,Missouri Botanical Garden,Missouri Botanical Garden
wfo-0000182195,Tree,habit,AE5E17A1-F8EF-4AB2-A954-CE55EF53E70D,English,2012-11-27,,,,http://creativecommons.org/licenses/by/4.0,Missouri Botanical Garden,Missouri Botanical Garden
wfo-0000194821,tree,habit,72F12006-32C6-43EB-BED2-189283B66968,English,2012-11-15,,,,http://creativecommons.org/licenses/by/4.0,Missouri Botanical Garden,Missouri Botanical Garden
wfo-0000174104,tree,habit,509CFE76-2EEC-4866-8184-5E755A74A635,English,2012-11-15,,,,http://creativecommons.org/licenses/by/4.0,Missouri Botanical Garden,Missouri Botanical Garden
wfo-0000174115,Herb to subshrub,habit,1EB58C41-D875-4809-B672-01A07D20CF1D,English,2013-09-27,,,,http://creativecommons.org/licenses/by/4.0,Missouri Botanical Garden,Missouri Botanical Garden
wfo-0000287144,Shrubs,habit,413E4530-3041-4D2F-9831-4E06F1D070BF,English,2013-09-16,,,,http://creativecommons.org/licenses/by/4.0,Missouri Botanical Garden,Missouri Botanical Garden
wfo-0000174118,herb or subshrub,habit,AC17EF4D-3D7B-4794-851A-4892E49CDD92,English,2013-09-27,,,,http://creativecommons.org/licenses/by/4.0,Missouri Botanical Garden,Missouri Botanical Garden
wfo-0000174137,Herb or subshrub,habit,BC978A7E-983B-4B59-A189-5E07B541C5A4,English,2013-09-27,,,,http://creativecommons.org/licenses/by/4.0,Missouri Botanical Garden,Missouri Botanical Garden
wfo-0000180759,trees,habit,7DB10F60-199D-4561-82F8-4224BCE841B9,English,2013-09-27,,,,http://creativecommons.org/licenses/by/4.0,Missouri Botanical Garden,Missouri Botanical Garden
wfo-0000165976,herb subshrub,habit,4EA9936B-851A-41CA-B7F4-9DF86B01F8BE,English,2012-11-16,,,,http://creativecommons.org/licenses/by/4.0,Missouri Botanical Garden,Missouri Botanical Garden
wfo-0000170206,shrub tree,habit,1B22F5D1-D9BB-4D03-B939-1117D52BDA42,English,2012-11-27,,,,http://creativecommons.org/licenses/by/4.0,Missouri Botanical Garden,Missouri Botanical Garden
wfo-0000213410,shrub,habit,60A4BE23-1370-4A38-8654-055DDAFE6835,English,2013-10-01,,,,http://creativecommons.org/licenses/by/4.0,Missouri Botanical Garden,Missouri Botanical Garden
wfo-0000195060,tree,habit,3EC5480D-148F-48C6-A3AC-B8E561545C04,English,2012-11-27,,,,http://creativecommons.org/licenses/by/4.0,Missouri Botanical Garden,Missouri Botanical Garden
wfo-0000183263,vine,habit,BF66C4DE-0BAC-496A-8782-848EF23C90BA,English,2013-09-30,,,,http://creativecommons.org/licenses/by/4.0,Missouri Botanical Garden,Missouri Botanical Garden
wfo-0000183282,vine or erect herb,habit,41BE225C-069E-4A6C-B08F-2664514082FA,English,2013-09-30,,,,http://creativecommons.org/licenses/by/4.0,Missouri Botanical Garden,Missouri Botanical Garden
wfo-0000174185,tree shrub,habit,5496E247-98BB-46D2-B4CC-F78C4619ABE0,English,2012-11-16,,,,http://creativecommons.org/licenses/by/4.0,Missouri Botanical Garden,Missouri Botanical Garden
wfo-0001054948,Tree,habit,93C0E509-3F38-453D-A5F1-289EE19414AD,English,2013-03-06,,,,http://creativecommons.org/licenses/by/4.0,Missouri Botanical Garden,Missouri Botanical Garden
wfo-0001057158,vine,habit,5B41E1E2-05B9-4EBB-ADF4-1162D5823581,English,2013-10-01,,,,http://creativecommons.org/licenses/by/4.0,Missouri Botanical Garden,Missouri Botanical Garden
wfo-0000172293,shrub tree,habit,"0CCECF54-1B5B-41A8-A20C-8F5FC158AA10,2FF024CB-F0F6-49B7-8EEA-1CE938834A58",English,2012-11-16,,,,http://creativecommons.org/licenses/by/4.0,Missouri Botanical Garden,Missouri Botanical Garden
wfo-0000195202,Tree,habit,0FFAE266-CFBA-4DBC-9A97-A4FE2CF6A0FE,English,2013-03-06,,,,http://creativecommons.org/licenses/by/4.0,Missouri Botanical Garden,Missouri Botanical Garden
wfo-0000174256,vine,habit,80AB6323-97F8-4918-8A94-762DE56124BB,English,2013-09-30,,,,http://creativecommons.org/licenses/by/4.0,Missouri Botanical Garden,Missouri Botanical Garden
wfo-0000186780,Herbaceous to suffrutescent vine,habit,036C0628-E800-4E23-BB0A-159A4D0D5E3C,English,2013-09-30,,,,http://creativecommons.org/licenses/by/4.0,Missouri Botanical Garden,Missouri Botanical Garden
wfo-0000182210,Herbaceous to suffruticose vine,habit,F6A5C917-A364-44C4-9647-B3BFCC9ECD0E,English,2013-09-30,,,,http://creativecommons.org/licenses/by/4.0,Missouri Botanical Garden,Missouri Botanical Garden
wfo-0000183577,Trees,habit,B345DECA-CD4D-4D26-B5A5-54730D4FB142,English,2012-11-26,,,,http://creativecommons.org/licenses/by/4.0,Missouri Botanical Garden,Missouri Botanical Garden
wfo-0000212995,herbs,habit,FCFD2FE6-CFB8-4555-8751-C7DD6766367E,English,2013-10-01,,,,http://creativecommons.org/licenses/by/4.0,Missouri Botanical Garden,Missouri Botanical Garden
wfo-0000213062,herb,habit,5F5DA03B-80AC-476F-B03C-B275F4295734,English,2013-10-01,,,,http://creativecommons.org/licenses/by/4.0,Missouri Botanical Garden,Missouri Botanical Garden
wfo-0000188562,vine,habit,A27434C1-3902-4662-85A4-53A3B994D26B,English,2013-10-01,,,,http://creativecommons.org/licenses/by/4.0,Missouri Botanical Garden,Missouri Botanical Garden
wfo-0000190059,herb or vine,habit,B3107737-32B9-467E-809C-02B30853C0F1,English,2013-10-01,,,,http://creativecommons.org/licenses/by/4.0,Missouri Botanical Garden,Missouri Botanical Garden
wfo-0000189386,herbs or vines,habit,351E48D9-D1A3-4B1C-A4CD-2B63959FBA03,English,2013-10-01,,,,http://creativecommons.org/licenses/by/4.0,Missouri Botanical Garden,Missouri Botanical Garden
wfo-0000189665,vines,habit,0D58CFF0-5697-4C60-AA1D-A87E67A8E42B,English,2013-10-01,,,,http://creativecommons.org/licenses/by/4.0,Missouri Botanical Garden,Missouri Botanical Garden
wfo-0000453171,Trees,habit,8FCCDB8C-63C1-4A46-B474-461A37AD8DB2,English,2013-07-16,,,,http://creativecommons.org/licenses/by/4.0,Missouri Botanical Garden,Missouri Botanical Garden
wfo-0000174443,vine,habit,25C6543C-D37B-42EE-BA17-A702D7B0470A,English,2013-09-30,,,,http://creativecommons.org/licenses/by/4.0,Missouri Botanical Garden,Missouri Botanical Garden
wfo-0000183544,vine,habit,08B0F4EA-AA64-4E1F-AE0D-C5E8757D61DB,English,2013-09-30,,,,http://creativecommons.org/licenses/by/4.0,Missouri Botanical Garden,Missouri Botanical Garden
wfo-0000426120,herbs,habit,AE1D26C9-90D1-4C05-BAED-47093F5DD8F7,English,2013-08-16,,,,http://creativecommons.org/licenses/by/4.0,Missouri Botanical Garden,Missouri Botanical Garden
wfo-0001024566,herb,habit,B4CAC43C-0A11-488B-86E2-28A47FBB90D2,English,2013-05-15,,,,http://creativecommons.org/licenses/by/4.0,Missouri Botanical Garden,Missouri Botanical Garden
wfo-0000164675,Herb shrub,habit,6D3D8DC1-14B1-4B50-82D4-821C010EA886,English,2012-11-15,,,,http://creativecommons.org/licenses/by/4.0,Missouri Botanical Garden,Missouri Botanical Garden
wfo-0000165372,herb,habit,"DAE78C55-C7E9-46E5-A2DD-2600B17CE438,AB19ED6E-DFCB-458B-88B9-68845784411C",English,2012-11-15,,,,http://creativecommons.org/licenses/by/4.0,Missouri Botanical Garden,Missouri Botanical Garden
wfo-0000177027,herb,habit,2DBDB037-DAAA-4E90-AAA0-0901C92F1267,English,2012-11-15,,,,http://creativecommons.org/licenses/by/4.0,Missouri Botanical Garden,Missouri Botanical Garden
wfo-0000174643,herb subshrub,habit,230E9C6F-4B41-4C18-BF51-032782942A26,English,2012-11-15,,,,http://creativecommons.org/licenses/by/4.0,Missouri Botanical Garden,Missouri Botanical Garden
wfo-0000174706,herb,habit,6E088A96-3179-44F5-9094-346F206D2F6D,English,2013-09-30,,,,http://creativecommons.org/licenses/by/4.0,Missouri Botanical Garden,Missouri Botanical Garden
wfo-0000174914,Shrubs or subshrubs,habit,E3A9B118-3E16-4EBE-9AEF-0CD3155A6FB3,English,2013-09-25,,,,http://creativecommons.org/licenses/by/4.0,Missouri Botanical Garden,Missouri Botanical Garden
wfo-0000174991,Vines,habit,980416E9-4773-40BA-BF55-D6F5E68548BD,English,2013-09-26,,,,http://creativecommons.org/licenses/by/4.0,Missouri Botanical Garden,Missouri Botanical Garden
wfo-0000174992,Vines,habit,A27B0C02-FF63-4C79-AB00-59368F718EEF,English,2013-09-26,,,,http://creativecommons.org/licenses/by/4.0,Missouri Botanical Garden,Missouri Botanical Garden
wfo-0000174997,vines,habit,4722574C-CA23-4517-9C41-E651ED84DEB8,English,2013-09-26,,,,http://creativecommons.org/licenses/by/4.0,Missouri Botanical Garden,Missouri Botanical Garden
wfo-0001055977,herb or vine,habit,24BA6C54-19A5-45CA-A280-DF5E882F3CF5,English,2013-10-01,,,,http://creativecommons.org/licenses/by/4.0,Missouri Botanical Garden,Missouri Botanical Garden
wfo-0000183559,Tree,habit,F428AC6A-A950-40D6-885C-BBF9391D14A5,English,2013-03-06,,,,http://creativecommons.org/licenses/by/4.0,Missouri Botanical Garden,Missouri Botanical Garden
wfo-0001022410,Shrub or vine,habit,061CA342-86E4-4F2D-864A-858DF72B8230,English,2013-05-15,,,,http://creativecommons.org/licenses/by/4.0,Missouri Botanical Garden,Missouri Botanical Garden
wfo-0000178262,vine,habit,E7ECAD98-3020-40CC-A5FB-56908E4C2095,English,2013-09-24,,,,http://creativecommons.org/licenses/by/4.0,Missouri Botanical Garden,Missouri Botanical Garden
wfo-0000179119,vines,habit,7745DAA0-F7EC-4BF3-BA2C-2208781D4324,English,2013-09-24,,,,http://creativecommons.org/licenses/by/4.0,Missouri Botanical Garden,Missouri Botanical Garden
wfo-0000178263,vine,habit,8E868348-49C7-4FE3-BE27-E942359F610B,English,2013-10-01,,,,http://creativecommons.org/licenses/by/4.0,Missouri Botanical Garden,Missouri Botanical Garden
wfo-0000184029,Twining vines climbing on herbs and shrubs,habit,58105D71-8BF7-4D43-AD66-A461712654D8,English,2013-10-01,,,,http://creativecommons.org/licenses/by/4.0,Missouri Botanical Garden,Missouri Botanical Garden
wfo-0000184139,"Long twining vines, mostly on shrubs and herbs",habit,75AFB4E9-93B3-4E16-A765-BB4EA156063F,English,2013-10-01,,,,http://creativecommons.org/licenses/by/4.0,Missouri Botanical Garden,Missouri Botanical Garden
wfo-0000165270,herb,habit,D0E5EE2B-72E3-4C5F-ACC3-281E694D6F46,English,2012-11-15,,,,http://creativecommons.org/licenses/by/4.0,Missouri Botanical Garden,Missouri Botanical Garden
wfo-0000176915,Herbs,habit,D1260C4E-4760-4373-B38D-BAF3A8B241C4,English,2013-09-24,,,,http://creativecommons.org/licenses/by/4.0,Missouri Botanical Garden,Missouri Botanical Garden
wfo-0000178457,Liana,habit,35608B82-15BB-4BE8-8DE3-7A221BE365B0,English,2013-09-25,,,,http://creativecommons.org/licenses/by/4.0,Missouri Botanical Garden,Missouri Botanical Garden
wfo-0000178462,tree,habit,F054CE58-0514-4CBB-A776-B11A9236038B,English,2012-11-14,,,,http://creativecommons.org/licenses/by/4.0,Missouri Botanical Garden,Missouri Botanical Garden
wfo-0001056911,Vine,habit,32453C1D-BD9A-4864-9286-477CCF9DC40A,English,2013-09-24,,,,http://creativecommons.org/licenses/by/4.0,Missouri Botanical Garden,Missouri Botanical Garden
wfo-0000213155,shrub,habit,6A18422B-0236-4761-9E9E-301516557B70,English,2012-11-26,,,,http://creativecommons.org/licenses/by/4.0,Missouri Botanical Garden,Missouri Botanical Garden
wfo-0000203743,Shrub or subshrub,habit,FB2F8173-61CC-4C30-A851-55540C452791,English,2013-09-24,,,,http://creativecommons.org/licenses/by/4.0,Missouri Botanical Garden,Missouri Botanical Garden
wfo-0000166389,tree,habit,31D31D16-37B5-489F-B98E-6277FC75EAF7,English,2012-11-27,,,,http://creativecommons.org/licenses/by/4.0,Missouri Botanical Garden,Missouri Botanical Garden
wfo-0000183119,vines,habit,1014EA6B-66B9-442A-9759-E2E893B367B4,English,2013-09-30,,,,http://creativecommons.org/licenses/by/4.0,Missouri Botanical Garden,Missouri Botanical Garden
wfo-0000184941,Tree,habit,AC8B0FEE-00CA-4164-B939-E4407B9278F3,English,2013-03-06,,,,http://creativecommons.org/licenses/by/4.0,Missouri Botanical Garden,Missouri Botanical Garden
wfo-0000176991,Herbs,habit,52112E0B-438E-4319-AF68-FF473D9525CD,English,2013-09-26,,,,http://creativecommons.org/licenses/by/4.0,Missouri Botanical Garden,Missouri Botanical Garden
wfo-0001057147,Shrub or subshrub,habit,1DA45684-7746-4C57-879D-2C2E571F6135,English,2013-09-30,,,,http://creativecommons.org/licenses/by/4.0,Missouri Botanical Garden,Missouri Botanical Garden
wfo-0000178507,trees,habit,AA13C3B5-55DF-4BEC-BBBC-534C431E2074,English,2013-09-30,,,,http://creativecommons.org/licenses/by/4.0,Missouri Botanical Garden,Missouri Botanical Garden
wfo-0000178508,herb,habit,D79A580B-FC34-4D0A-96C8-9C55A55D5636,English,2013-09-30,,,,http://creativecommons.org/licenses/by/4.0,Missouri Botanical Garden,Missouri Botanical Garden
wfo-0000178509,tree,habit,900950C3-3308-4829-A3F4-CCBA191B8438,English,2013-09-30,,,,http://creativecommons.org/licenses/by/4.0,Missouri Botanical Garden,Missouri Botanical Garden
wfo-0000183173,Vine,habit,A449D1A9-0715-437B-805E-FFB93E139469,English,2013-09-30,,,,http://creativecommons.org/licenses/by/4.0,Missouri Botanical Garden,Missouri Botanical Garden
wfo-0000178022,Trees,habit,A3D89944-D3C0-49CC-BE74-178865C50B14,English,2013-09-30,,,,http://creativecommons.org/licenses/by/4.0,Missouri Botanical Garden,Missouri Botanical Garden
wfo-0000173961,tree,habit,"79217301-50F6-4D80-AE63-FD818578E421,63763B39-63B1-40AD-966A-DF4B1683DE17",English,2012-11-27,,,,http://creativecommons.org/licenses/by/4.0,Missouri Botanical Garden,Missouri Botanical Garden
wfo-0000290437,tree,habit,ED10F6E9-45CC-4502-B132-A33CDDF7DC79,English,2013-01-17,,,,http://creativecommons.org/licenses/by/4.0,Missouri Botanical Garden,Missouri Botanical Garden
wfo-0000290303,tree,habit,AEB92100-B52E-463A-9429-B60AA2706084,English,2013-01-17,,,,http://creativecommons.org/licenses/by/4.0,Missouri Botanical Garden,Missouri Botanical Garden
wfo-0000290317,tree,habit,AFBEFF04-07BB-4122-87ED-063780F0ED54,English,2013-01-17,,,,http://creativecommons.org/licenses/by/4.0,Missouri Botanical Garden,Missouri Botanical Garden
wfo-0000291034,tree,habit,25FD58E8-6E06-4092-9472-2AAA7CA75D3E,English,2013-01-17,,,,http://creativecommons.org/licenses/by/4.0,Missouri Botanical Garden,Missouri Botanical Garden
wfo-0000291146,tree,habit,2694F5A1-67E4-4BF9-A452-1F8B934E4CA6,English,2013-01-17,,,,http://creativecommons.org/licenses/by/4.0,Missouri Botanical Garden,Missouri Botanical Garden
wfo-0000292270,tree,habit,8D6E5F68-FA3C-44A5-B0EB-6FC740CA19CA,English,2013-01-17,,,,http://creativecommons.org/licenses/by/4.0,Missouri Botanical Garden,Missouri Botanical Garden
wfo-0000293125,tree,habit,59711024-F452-4807-AC92-14B883F09B00,English,2013-01-17,,,,http://creativecommons.org/licenses/by/4.0,Missouri Botanical Garden,Missouri Botanical Garden
wfo-0000293134,tree,habit,9210B96A-BA28-40BD-828D-46FA10AFC47A,English,2013-01-17,,,,http://creativecommons.org/licenses/by/4.0,Missouri Botanical Garden,Missouri Botanical Garden
wfo-0000289726,Tree,habit,1A364F48-78F4-422F-B317-B5B4F7EEB6B2,English,2013-01-17,,,,http://creativecommons.org/licenses/by/4.0,Missouri Botanical Garden,Missouri Botanical Garden
wfo-0000292325,tree,habit,84B34B38-9187-4303-BC03-87CC8BE5E441,English,2013-01-17,,,,http://creativecommons.org/licenses/by/4.0,Missouri Botanical Garden,Missouri Botanical Garden
wfo-0000923900,Shrub or small tree,habit,A050121A-161E-4F51-8994-2BD9FD741442,English,2013-03-28,,,,http://creativecommons.org/licenses/by/4.0,Missouri Botanical Garden,Missouri Botanical Garden
wfo-0000923983,tree,habit,29C4A9CE-E473-4E29-87A4-0023187E61BD,English,2013-03-28,,,,http://creativecommons.org/licenses/by/4.0,Missouri Botanical Garden,Missouri Botanical Garden
wfo-0001062643,Shrub or small tree,habit,AE663580-DE2D-4298-A31B-491ED1DF1F29,English,2013-03-28,,,,http://creativecommons.org/licenses/by/4.0,Missouri Botanical Garden,Missouri Botanical Garden
wfo-0001062644,Tree,habit,4D8AAF8B-98D9-4686-820B-D5CA1A986637,English,2013-03-28,,,,http://creativecommons.org/licenses/by/4.0,Missouri Botanical Garden,Missouri Botanical Garden
wfo-0001062668,tree,habit,6DD91D71-497D-4B91-A77E-C2114A6B01EE,English,2013-03-28,,,,http://creativecommons.org/licenses/by/4.0,Missouri Botanical Garden,Missouri Botanical Garden
wfo-0001062671,Tree,habit,0BF825E9-E114-4C6D-B81B-051AC5A0B43E,English,2013-03-28,,,,http://creativecommons.org/licenses/by/4.0,Missouri Botanical Garden,Missouri Botanical Garden
wfo-0001062672,Shrub tree,habit,948AEBDA-B960-4B3C-80EA-04C60CA9E1C0,English,2013-03-28,,,,http://creativecommons.org/licenses/by/4.0,Missouri Botanical Garden,Missouri Botanical Garden
wfo-0001062709,Shrub tree,habit,8D0A73FA-31B2-48DE-A4F5-47BEF222F4C8,English,2013-03-28,,,,http://creativecommons.org/licenses/by/4.0,Missouri Botanical Garden,Missouri Botanical Garden
wfo-0000923831,Shrub,habit,9D6CEFDF-8A54-4DA0-BA35-3D5997ECB2DF,English,2013-03-28,,,,http://creativecommons.org/licenses/by/4.0,Missouri Botanical Garden,Missouri Botanical Garden
wfo-0000923998,Shrub or small tree,habit,6FA1BABB-8960-4B5D-8809-B50156CEDCB2,English,2013-03-28,,,,http://creativecommons.org/licenses/by/4.0,Missouri Botanical Garden,Missouri Botanical Garden
wfo-0000926340,Tree,habit,C67E65DF-C54E-4D3B-8688-CD952DEC9794,English,2013-03-28,,,,http://creativecommons.org/licenses/by/4.0,Missouri Botanical Garden,Missouri Botanical Garden
wfo-0001062824,Tree,habit,52EA768F-FA20-4559-86F2-A20338DB63C0,English,2013-03-28,,,,http://creativecommons.org/licenses/by/4.0,Missouri Botanical Garden,Missouri Botanical Garden
wfo-0000923795,Shrub,habit,7DA86B0D-8707-42CB-980B-9E6C1C74C249,English,2013-03-28,,,,http://creativecommons.org/licenses/by/4.0,Missouri Botanical Garden,Missouri Botanical Garden
wfo-0000924123,Shrub or small tree,habit,"2A6565B6-476F-47E6-9CCC-80A6FA1909D6,8D39847E-B1FC-4495-BD55-EE999FC67BD3",English,2013-03-28,,,,http://creativecommons.org/licenses/by/4.0,Missouri Botanical Garden,Missouri Botanical Garden
wfo-0001062832,Tree,habit,E74B2E6E-C053-4A76-8A3B-147F286C20EB,English,2013-03-28,,,,http://creativecommons.org/licenses/by/4.0,Missouri Botanical Garden,Missouri Botanical Garden
wfo-0000413736,climber,habit,674C336B-F027-448D-815F-4A441A78AC57,English,2013-05-24,,,,http://creativecommons.org/licenses/by/4.0,Missouri Botanical Garden,Missouri Botanical Garden
wfo-0001062833,Tree,habit,F19093BE-E84E-41D9-B5CB-8CD4F137F4E6,English,2013-03-28,,,,http://creativecommons.org/licenses/by/4.0,Missouri Botanical Garden,Missouri Botanical Garden
wfo-0001062839,Tree,habit,594F5414-E349-4EAA-9A1E-B62D1B9CA5FF,English,2013-03-28,,,,http://creativecommons.org/licenses/by/4.0,Missouri Botanical Garden,Missouri Botanical Garden
wfo-0000904045,Shrub or small tree,habit,D23FCB97-C50B-401C-ABB2-DBDCB137DCDE,English,2013-03-28,,,,http://creativecommons.org/licenses/by/4.0,Missouri Botanical Garden,Missouri Botanical Garden
wfo-0001062840,Shrub or small tree,habit,53765F02-9544-4D59-AF42-DF484101AC2B,English,2013-03-28,,,,http://creativecommons.org/licenses/by/4.0,Missouri Botanical Garden,Missouri Botanical Garden
wfo-0001062841,Shrub,habit,C37B5880-64B4-4EA0-AC59-D5E004B4BB2E,English,2013-03-28,,,,http://creativecommons.org/licenses/by/4.0,Missouri Botanical Garden,Missouri Botanical Garden
wfo-0000903900,Shrub or small tree,habit,7258B40C-8589-40CC-863D-F745C00A5760,English,2013-03-28,,,,http://creativecommons.org/licenses/by/4.0,Missouri Botanical Garden,Missouri Botanical Garden
wfo-0001062845,Tree,habit,3CC95558-ACCB-42EF-8F0C-30EF5761A9CF,English,2013-03-28,,,,http://creativecommons.org/licenses/by/4.0,Missouri Botanical Garden,Missouri Botanical Garden
wfo-0000924245,Tree shrub,habit,91F3E52B-E7BA-4BE6-8AA5-D94264F1ED8D,English,2013-03-28,,,,http://creativecommons.org/licenses/by/4.0,Missouri Botanical Garden,Missouri Botanical Garden
wfo-0001062846,Tree,habit,71A2A157-8749-4A05-A965-3898B73CA5E4,English,2013-03-28,,,,http://creativecommons.org/licenses/by/4.0,Missouri Botanical Garden,Missouri Botanical Garden
wfo-0001062852,Shrub or small tree,habit,8F2B6B09-D2E4-489F-B965-4687CC29BCDD,English,2013-03-28,,,,http://creativecommons.org/licenses/by/4.0,Missouri Botanical Garden,Missouri Botanical Garden
wfo-0001062853,Shrub or small tree,habit,02570AFF-746D-4201-AE01-FA564127B011,English,2013-03-28,,,,http://creativecommons.org/licenses/by/4.0,Missouri Botanical Garden,Missouri Botanical Garden
wfo-0000594041,Herb,habit,960A49F2-B2E7-4597-9517-66965C207855,English,2013-05-29,,,,http://creativecommons.org/licenses/by/4.0,Missouri Botanical Garden,Missouri Botanical Garden
wfo-0000594058,Herb,habit,03797EEF-3595-4901-BEA5-5703823A55B4,English,2013-05-29,,,,http://creativecommons.org/licenses/by/4.0,Missouri Botanical Garden,Missouri Botanical Garden
wfo-0000714584,Herb,habit,68F72619-5B37-488A-9500-9037B5D48DB5,English,2013-05-29,,,,http://creativecommons.org/licenses/by/4.0,Missouri Botanical Garden,Missouri Botanical Garden
wfo-0000497745,Herb,habit,1EBF59A2-ABE7-446F-8892-C69E08963072,English,2013-05-29,,,,http://creativecommons.org/licenses/by/4.0,Missouri Botanical Garden,Missouri Botanical Garden
wfo-0000497748,Herb,habit,FF9E59F5-9C14-420D-8DC6-9EE87EC1F491,English,2013-05-29,,,,http://creativecommons.org/licenses/by/4.0,Missouri Botanical Garden,Missouri Botanical Garden
wfo-0000497749,Herb,habit,1BE4787A-91E4-43A5-86DC-2A5B598D99CE,English,2013-05-29,,,,http://creativecommons.org/licenses/by/4.0,Missouri Botanical Garden,Missouri Botanical Garden
wfo-0000497283,herb or shrub,habit,9F319BF7-71A5-4E3E-B0D2-08E2AC6A6724,English,2013-05-29,,,,http://creativecommons.org/licenses/by/4.0,Missouri Botanical Garden,Missouri Botanical Garden
wfo-0000668046,Herb,habit,497B4230-5047-46DC-9DA0-AD6152C42BD5,English,2013-05-29,,,,http://creativecommons.org/licenses/by/4.0,Missouri Botanical Garden,Missouri Botanical Garden
wfo-0000600688,Herb,habit,3149A93B-E9EC-4C4D-9A66-2E75414B1AA5,English,2013-05-29,,,,http://creativecommons.org/licenses/by/4.0,Missouri Botanical Garden,Missouri Botanical Garden
wfo-0000497732,Herb,habit,E675BC02-CA55-4CF5-AFE8-6E939CA0A3FB,English,2013-05-29,,,,http://creativecommons.org/licenses/by/4.0,Missouri Botanical Garden,Missouri Botanical Garden
wfo-0000624316,Herb,habit,668C589B-1B4F-4637-95B4-9D9CF71594E0,English,2013-05-29,,,,http://creativecommons.org/licenses/by/4.0,Missouri Botanical Garden,Missouri Botanical Garden
wfo-0000630878,Herb,habit,"ECC56D45-3A49-4EFB-A681-89A7911A2DA3,388727A1-C16B-42DF-B2FD-9EE9981DDBFE",English,2013-05-29,,,,http://creativecommons.org/licenses/by/4.0,Missouri Botanical Garden,Missouri Botanical Garden
wfo-0000714557,Herb,habit,79218945-2FF2-421D-9DE8-98B7F38EDD82,English,2013-05-29,,,,http://creativecommons.org/licenses/by/4.0,Missouri Botanical Garden,Missouri Botanical Garden
wfo-0001063281,Herb,habit,62C5582C-5571-4EAD-A357-ABB5BF7494C9,English,2013-05-29,,,,http://creativecommons.org/licenses/by/4.0,Missouri Botanical Garden,Missouri Botanical Garden
wfo-0001063282,Herb or shrub,habit,BB5D0726-95C1-4458-A1BB-624E262C9DA5,English,2013-05-29,,,,http://creativecommons.org/licenses/by/4.0,Missouri Botanical Garden,Missouri Botanical Garden
wfo-0001063283,Large herb or shrub,habit,B0BE8445-76ED-4A88-84AF-EBE520795261,English,2013-05-29,,,,http://creativecommons.org/licenses/by/4.0,Missouri Botanical Garden,Missouri Botanical Garden
wfo-0001063284,Herb or shrub,habit,C33D7064-7B4B-48C7-8CFF-9338E9EB0790,English,2013-05-29,,,,http://creativecommons.org/licenses/by/4.0,Missouri Botanical Garden,Missouri Botanical Garden
wfo-0000376476,Shrub,habit,4E3B2A11-2DD6-4A04-8514-335EE17A65D7,English,2013-05-29,,,,http://creativecommons.org/licenses/by/4.0,Missouri Botanical Garden,Missouri Botanical Garden
wfo-0000421271,Herb,habit,0EE08014-AAFE-499A-B529-FBDDE32CE4D0,English,2013-05-29,,,,http://creativecommons.org/licenses/by/4.0,Missouri Botanical Garden,Missouri Botanical Garden
wfo-0000421268,Herb,habit,464F0890-6AB7-479E-8846-96F44AF76919,English,2013-05-29,,,,http://creativecommons.org/licenses/by/4.0,Missouri Botanical Garden,Missouri Botanical Garden
wfo-0000422340,Herb,habit,337221D0-41BD-4E27-BC49-644D14F5AA3A,English,2013-05-29,,,,http://creativecommons.org/licenses/by/4.0,Missouri Botanical Garden,Missouri Botanical Garden
wfo-0001063286,Herb,habit,A43C8B64-4CC6-41FE-BC4C-6A00E408DD87,English,2013-05-29,,,,http://creativecommons.org/licenses/by/4.0,Missouri Botanical Garden,Missouri Botanical Garden
wfo-0001230721,Herb,habit,E7ABAB5F-59D2-4D0B-AED3-6860D83188D2,English,2013-05-29,,,,http://creativecommons.org/licenses/by/4.0,Missouri Botanical Garden,Missouri Botanical Garden
wfo-0001063287,Herb,habit,61FF6761-E4D5-4DC4-AFFA-A86DDFAAF65C,English,2013-05-29,,,,http://creativecommons.org/licenses/by/4.0,Missouri Botanical Garden,Missouri Botanical Garden
wfo-0000421269,Herb,habit,A54FA725-E471-4227-A6EA-91E6470D21B9,English,2013-05-29,,,,http://creativecommons.org/licenses/by/4.0,Missouri Botanical Garden,Missouri Botanical Garden
wfo-0000421253,Herb,habit,E28A2E6E-F92F-45C2-B14B-CE1A32E279C6,English,2013-05-29,,,,http://creativecommons.org/licenses/by/4.0,Missouri Botanical Garden,Missouri Botanical Garden
wfo-0001063298,Herb,habit,FEC2DA72-1F9F-4752-AD18-242FD5523138,English,2013-05-29,,,,http://creativecommons.org/licenses/by/4.0,Missouri Botanical Garden,Missouri Botanical Garden
wfo-0000364746,Herb or shrub,habit,D09205A3-F6F9-4F01-AA2D-13778DF4B908,English,2013-05-29,,,,http://creativecommons.org/licenses/by/4.0,Missouri Botanical Garden,Missouri Botanical Garden
wfo-0000516038,Herb,habit,F79148FE-6661-4878-B2D5-017F26F491C2,English,2013-08-05,,,,http://creativecommons.org/licenses/by/4.0,Missouri Botanical Garden,Missouri Botanical Garden
wfo-0000527092,herbs or shrubs,habit,F4A929A3-5095-4214-B13E-92DD8C27DF7E,English,2013-08-05,,,,http://creativecommons.org/licenses/by/4.0,Missouri Botanical Garden,Missouri Botanical Garden
wfo-0000614028,herbs,habit,6E118315-74B5-48E1-97C0-A2CC8718DA89,English,2013-08-06,,,,http://creativecommons.org/licenses/by/4.0,Missouri Botanical Garden,Missouri Botanical Garden
wfo-0000615449,herbs or subshrubs,habit,AE588188-71B7-4843-B998-7778BEBACD66,English,2013-08-06,,,,http://creativecommons.org/licenses/by/4.0,Missouri Botanical Garden,Missouri Botanical Garden
wfo-0000357862,herbs or weak shrubs,habit,5C03CEB8-E19E-45E4-9BA9-B889879E50A3,English,2013-08-08,,,,http://creativecommons.org/licenses/by/4.0,Missouri Botanical Garden,Missouri Botanical Garden
wfo-0000497288,Herbs,habit,8C6D919B-AAA3-47D2-83AC-5D95B68187DE,English,2013-08-08,,,,http://creativecommons.org/licenses/by/4.0,Missouri Botanical Garden,Missouri Botanical Garden
wfo-0000516069,Herbs,habit,829642B9-F65B-4970-B12C-826A537719EA,English,2013-08-05,,,,http://creativecommons.org/licenses/by/4.0,Missouri Botanical Garden,Missouri Botanical Garden
wfo-0000615457,herbs or shrubs,habit,DB6FF485-0FA8-44D2-9597-B4AE5066F659,English,2013-08-06,,,,http://creativecommons.org/licenses/by/4.0,Missouri Botanical Garden,Missouri Botanical Garden
wfo-0000615516,herbs or subshrubs,habit,E337F88E-6601-4353-A640-53F3E144AE7B,English,2013-08-06,,,,http://creativecommons.org/licenses/by/4.0,Missouri Botanical Garden,Missouri Botanical Garden
wfo-0000416547,Shrub tree,habit,28A264B5-28B9-4037-B2C5-5BC7884CB994,English,2013-01-22,,,,http://creativecommons.org/licenses/by/4.0,Missouri Botanical Garden,Missouri Botanical Garden
wfo-0000615636,herbs,habit,BB67F8A3-641C-45CD-ABFC-9837E8093284,English,2013-08-06,,,,http://creativecommons.org/licenses/by/4.0,Missouri Botanical Garden,Missouri Botanical Garden
wfo-0000615664,herbs or shrubs,habit,48740561-3A1B-45AE-B531-52BC597DED91,English,2013-08-06,,,,http://creativecommons.org/licenses/by/4.0,Missouri Botanical Garden,Missouri Botanical Garden
wfo-0000615670,herbs,habit,387F0237-72B3-4435-B1B0-BBEC161CCAE5,English,2013-08-06,,,,http://creativecommons.org/licenses/by/4.0,Missouri Botanical Garden,Missouri Botanical Garden
wfo-0000614029,vinelike herbs or subshrubs,habit,1B371CCE-AB07-4111-AB9E-C6FBAD4D1E08,English,2013-08-06,,,,http://creativecommons.org/licenses/by/4.0,Missouri Botanical Garden,Missouri Botanical Garden
wfo-0000615762,herbs or shrubs,habit,03DEC192-9B8C-4549-BDAF-7F42A93B28C0,English,2013-08-07,,,,http://creativecommons.org/licenses/by/4.0,Missouri Botanical Garden,Missouri Botanical Garden
wfo-0000644822,herbs,habit,2BA9F7C0-5FFE-4254-89E0-36B5C5A766FB,English,2013-08-07,,,,http://creativecommons.org/licenses/by/4.0,Missouri Botanical Garden,Missouri Botanical Garden
wfo-0001064542,herbs,habit,613A70E9-F848-44CA-AC5D-2D55110BE4D6,English,2013-08-08,,,,http://creativecommons.org/licenses/by/4.0,Missouri Botanical Garden,Missouri Botanical Garden
wfo-0000526956,subshrubs,habit,2F2DBD3F-8104-430F-90CE-DE36DEE97D89,English,2013-08-05,,,,http://creativecommons.org/licenses/by/4.0,Missouri Botanical Garden,Missouri Botanical Garden
wfo-0000526956,herbs or shrubs,habit,8683DE6B-26CB-4CBB-BA34-75B8B0DF587B,English,2013-08-05,,,,http://creativecommons.org/licenses/by/4.0,Missouri Botanical Garden,Missouri Botanical Garden
wfo-0000527039,herbs or subshrubs,habit,21678176-74B1-431B-8533-BD972AFFE7DD,English,2013-08-05,,,,http://creativecommons.org/licenses/by/4.0,Missouri Botanical Garden,Missouri Botanical Garden
wfo-0000527051,herbs or shrubs,habit,B8F3B2B5-C53D-4DAE-94FE-19E3D8CB7818,English,2013-08-05,,,,http://creativecommons.org/licenses/by/4.0,Missouri Botanical Garden,Missouri Botanical Garden
wfo-0000515975,Herbs,habit,F3A98D88-A7A2-4D19-A784-167493F63A56,English,2013-08-05,,,,http://creativecommons.org/licenses/by/4.0,Missouri Botanical Garden,Missouri Botanical Garden
wfo-0000527064,shrub,habit,9DE428A4-EBD9-40D0-A2AB-F060E5D1D0FB,English,2013-08-05,,,,http://creativecommons.org/licenses/by/4.0,Missouri Botanical Garden,Missouri Botanical Garden
wfo-0000564601,Tree,habit,7FB48E3B-A9C8-4AA5-A77D-D25038522C5A,English,2013-08-05,,,,http://creativecommons.org/licenses/by/4.0,Missouri Botanical Garden,Missouri Botanical Garden
wfo-0001143504,Shrub or tree,habit,A754634F-4A45-444C-93EF-25296C3A315E,English,2013-01-22,,,,http://creativecommons.org/licenses/by/4.0,Missouri Botanical Garden,Missouri Botanical Garden
wfo-0000564609,Herbs,habit,408640B9-E855-43AB-A605-3464D93CBCC5,English,2013-08-05,,,,http://creativecommons.org/licenses/by/4.0,Missouri Botanical Garden,Missouri Botanical Garden
wfo-0000564626,Subshrubs,habit,2009628B-3CBD-48F5-B6BE-50A3DC244923,English,2013-08-05,,,,http://creativecommons.org/licenses/by/4.0,Missouri Botanical Garden,Missouri Botanical Garden
wfo-0000884394,Shrub,habit,DB0AD43F-F99A-4C49-9E34-A191B50293F7,English,2013-05-14,,,,http://creativecommons.org/licenses/by/4.0,Missouri Botanical Garden,Missouri Botanical Garden
wfo-0000614007,herbs,habit,B35423E2-00DE-478C-9D89-5F2B68D75B85,English,2013-08-06,,,,http://creativecommons.org/licenses/by/4.0,Missouri Botanical Garden,Missouri Botanical Garden
wfo-0000614012,subshrubs,habit,9D912F56-5FFF-4096-8E08-DA1EA229180B,English,2013-08-06,,,,http://creativecommons.org/licenses/by/4.0,Missouri Botanical Garden,Missouri Botanical Garden
wfo-0001064617,vinelike shrubs or subshrubs,habit,D57B2383-D862-4F52-8B4A-7A00546419D9,English,2013-08-06,,,,http://creativecommons.org/licenses/by/4.0,Missouri Botanical Garden,Missouri Botanical Garden
wfo-0000615423,herbs,habit,87F669BD-9945-4B3E-89B2-C5A00A7484A7,English,2013-08-06,,,,http://creativecommons.org/licenses/by/4.0,Missouri Botanical Garden,Missouri Botanical Garden
wfo-0000615425,herbs or subshrubs,habit,99746479-E173-4D25-B207-61DB6D4E91D8,English,2013-08-06,,,,http://creativecommons.org/licenses/by/4.0,Missouri Botanical Garden,Missouri Botanical Garden
wfo-0000615426,subshrubs or shrubs,habit,3610FF3E-9447-4324-973D-323C007870D7,English,2013-08-06,,,,http://creativecommons.org/licenses/by/4.0,Missouri Botanical Garden,Missouri Botanical Garden
wfo-0000615428,herbs,habit,8D5E545D-90FF-4D71-A923-D7D992038531,English,2013-08-06,,,,http://creativecommons.org/licenses/by/4.0,Missouri Botanical Garden,Missouri Botanical Garden
wfo-0000615433,herbs,habit,22C047FD-D2B5-4691-9ABC-E6A0B8D15C3F,English,2013-08-06,,,,http://creativecommons.org/licenses/by/4.0,Missouri Botanical Garden,Missouri Botanical Garden
wfo-0000615466,herbs,habit,B633986A-392D-46D2-AC16-60DA2252DC91,English,2013-08-06,,,,http://creativecommons.org/licenses/by/4.0,Missouri Botanical Garden,Missouri Botanical Garden
wfo-0000615489,herbs and shrubs,habit,1E6BAE90-FA78-47EE-9534-81C60E36A10C,English,2013-08-06,,,,http://creativecommons.org/licenses/by/4.0,Missouri Botanical Garden,Missouri Botanical Garden
wfo-0000615499,Large herbs or small shrubs,habit,0398DC08-2E63-4454-876D-1534932F2E71,English,2013-08-06,,,,http://creativecommons.org/licenses/by/4.0,Missouri Botanical Garden,Missouri Botanical Garden
wfo-0000615505,herbs or shrubs,habit,702819FA-AD8F-4BB6-951B-AC6875B6CFC1,English,2013-08-06,,,,http://creativecommons.org/licenses/by/4.0,Missouri Botanical Garden,Missouri Botanical Garden
wfo-0000615520,subshrubs,habit,7F0A34B6-2957-4D48-8135-4B44BD63A4BA,English,2013-08-06,,,,http://creativecommons.org/licenses/by/4.0,Missouri Botanical Garden,Missouri Botanical Garden
wfo-0000615545,herbs,habit,6DA00EA9-795F-4AF4-90FB-C20FB45973AC,English,2013-08-06,,,,http://creativecommons.org/licenses/by/4.0,Missouri Botanical Garden,Missouri Botanical Garden
wfo-0000615687,herbs or small shrubs,habit,F02A810F-4B38-42EF-ADAF-87E59A5466E2,English,2013-08-06,,,,http://creativecommons.org/licenses/by/4.0,Missouri Botanical Garden,Missouri Botanical Garden
wfo-0000615549,herbs or shrubs,habit,27245473-9D6B-4C2A-A7F5-522F21CE9241,English,2013-08-06,,,,http://creativecommons.org/licenses/by/4.0,Missouri Botanical Garden,Missouri Botanical Garden
wfo-0000615554,subshrubs,habit,F95F4E9A-CABC-469A-BBF1-660159188173,English,2013-08-06,,,,http://creativecommons.org/licenses/by/4.0,Missouri Botanical Garden,Missouri Botanical Garden
wfo-0000615575,herbs or subshrubs,habit,04261763-EECC-496D-ADC4-0E02398354F4,English,2013-08-06,,,,http://creativecommons.org/licenses/by/4.0,Missouri Botanical Garden,Missouri Botanical Garden
wfo-0000615585,herbs or subshrubs,habit,26E23021-D8E9-4521-9507-FE1DF2352DB6,English,2013-08-06,,,,http://creativecommons.org/licenses/by/4.0,Missouri Botanical Garden,Missouri Botanical Garden
wfo-0000615586,herbs,habit,F0FBBFD8-8399-4E06-A82B-59AE8A3AF153,English,2013-08-06,,,,http://creativecommons.org/licenses/by/4.0,Missouri Botanical Garden,Missouri Botanical Garden
wfo-0000615587,herbs,habit,69CB5ECA-24B1-4BBB-9614-25C232B7AF01,English,2013-08-06,,,,http://creativecommons.org/licenses/by/4.0,Missouri Botanical Garden,Missouri Botanical Garden
wfo-0000615595,herbs,habit,ADF4E2B2-AF0E-4610-AEDA-D7A8D4599187,English,2013-08-06,,,,http://creativecommons.org/licenses/by/4.0,Missouri Botanical Garden,Missouri Botanical Garden
wfo-0000615598,Herbs,habit,7B30C8FF-9C71-4030-84C9-F0274B2ED74E,English,2013-08-06,,,,http://creativecommons.org/licenses/by/4.0,Missouri Botanical Garden,Missouri Botanical Garden
wfo-0000615604,herbs or shrubs,habit,748CF08C-DB3A-4623-B764-1D773E8E7092,English,2013-08-06,,,,http://creativecommons.org/licenses/by/4.0,Missouri Botanical Garden,Missouri Botanical Garden
wfo-0000615635,shrubs,habit,87BD3D45-472E-42EC-B671-37EF07885CBA,English,2013-08-06,,,,http://creativecommons.org/licenses/by/4.0,Missouri Botanical Garden,Missouri Botanical Garden
wfo-0000615645,herbs,habit,8E8D133F-B485-4732-B291-EDCC84C7BA5F,English,2013-08-06,,,,http://creativecommons.org/licenses/by/4.0,Missouri Botanical Garden,Missouri Botanical Garden
wfo-0000615653,herbs or shrubs,habit,47AF5BBF-50F4-4AAE-91A1-45C4894B51C4,English,2013-08-06,,,,http://creativecommons.org/licenses/by/4.0,Missouri Botanical Garden,Missouri Botanical Garden
wfo-0000615656,herbs,habit,FDF25523-A137-4CD6-A2A6-D8B717D3154C,English,2013-08-06,,,,http://creativecommons.org/licenses/by/4.0,Missouri Botanical Garden,Missouri Botanical Garden
wfo-0000615663,herbs,habit,D32740BD-D135-4192-9A6D-FACDE360D0F7,English,2013-08-06,,,,http://creativecommons.org/licenses/by/4.0,Missouri Botanical Garden,Missouri Botanical Garden
wfo-0000615678,herbs or low shrubs,habit,B5CA84D9-7022-4A89-9D8E-A7D196E9D88E,English,2013-08-06,,,,http://creativecommons.org/licenses/by/4.0,Missouri Botanical Garden,Missouri Botanical Garden
wfo-0000615680,herbs or subshrubs,habit,51BE7F2C-D9A4-4992-8093-B245BD2FD052,English,2013-08-06,,,,http://creativecommons.org/licenses/by/4.0,Missouri Botanical Garden,Missouri Botanical Garden
wfo-0000615682,"herbs, or vinelike shrubs",habit,25B10C90-4BA0-4F39-A899-30B846EFFD4A,English,2013-08-06,,,,http://creativecommons.org/licenses/by/4.0,Missouri Botanical Garden,Missouri Botanical Garden
wfo-0000615685,herbs,habit,B3CC4347-6338-4AE5-B854-DA07AFB31765,English,2013-08-06,,,,http://creativecommons.org/licenses/by/4.0,Missouri Botanical Garden,Missouri Botanical Garden
wfo-0000615695,herbs or shrubs,habit,553AE7FA-61D7-4B30-A756-EAF81ED9958A,English,2013-08-06,,,,http://creativecommons.org/licenses/by/4.0,Missouri Botanical Garden,Missouri Botanical Garden
wfo-0000615702,herbs or subshrubs,habit,CC44C5B7-B04B-4DA9-85E7-887A619EFA80,English,2013-08-06,,,,http://creativecommons.org/licenses/by/4.0,Missouri Botanical Garden,Missouri Botanical Garden
wfo-0000615703,herbs or shrubs,habit,AC9FE5DE-CF58-4EB3-A8EB-736B7C9C1F84,English,2013-08-06,,,,http://creativecommons.org/licenses/by/4.0,Missouri Botanical Garden,Missouri Botanical Garden
wfo-0000615721,herbs,habit,8526225F-00B8-4ADB-8C31-860C09EE14BF,English,2013-08-06,,,,http://creativecommons.org/licenses/by/4.0,Missouri Botanical Garden,Missouri Botanical Garden
wfo-0000615723,herbs or small shrubs,habit,B92F2446-06FB-4CAA-A34D-BB93B03A45E2,English,2013-08-07,,,,http://creativecommons.org/licenses/by/4.0,Missouri Botanical Garden,Missouri Botanical Garden
wfo-0000615735,herbs or shrubs,habit,E4D49917-4FAF-48E6-9FB4-ED0446FCAE92,English,2013-08-07,,,,http://creativecommons.org/licenses/by/4.0,Missouri Botanical Garden,Missouri Botanical Garden
wfo-0000644819,herbs,habit,81B22937-142C-4791-8172-D49C44021F5D,English,2013-08-07,,,,http://creativecommons.org/licenses/by/4.0,Missouri Botanical Garden,Missouri Botanical Garden
wfo-0000615752,herbs,habit,0AB0AC63-2E9C-46C4-BEFC-D8F5DDCFD3A9,English,2013-08-07,,,,http://creativecommons.org/licenses/by/4.0,Missouri Botanical Garden,Missouri Botanical Garden
wfo-4000000080,"Herbs, shrubs, or rarely trees",habit,"7C98C3D7-1746-40CE-A67D-6CC1D4F1641D,F9BAA065-8F28-4FDE-AE72-788DF80219EB",English,2013-03-20,,,,http://creativecommons.org/licenses/by/4.0,Missouri Botanical Garden,Missouri Botanical Garden
wfo-0000615760,herbs,habit,3E66643E-1336-452D-9E18-607C088D0A52,English,2013-08-07,,,,http://creativecommons.org/licenses/by/4.0,Missouri Botanical Garden,Missouri Botanical Garden
wfo-0000615787,herbs or small shrubs,habit,03314D38-D341-4D63-897A-3EB6D4EFCE98,English,2013-08-07,,,,http://creativecommons.org/licenses/by/4.0,Missouri Botanical Garden,Missouri Botanical Garden
wfo-4000028802,Lianas shrubs,habit,9C5D441E-8940-4109-9197-F90789712AB8,English,2013-03-07,,,,http://creativecommons.org/licenses/by/4.0,Missouri Botanical Garden,Missouri Botanical Garden
wfo-0000615808,herbs,habit,97EDD544-AB8F-4E3B-A005-30C589FC9BD9,English,2013-08-07,,,,http://creativecommons.org/licenses/by/4.0,Missouri Botanical Garden,Missouri Botanical Garden
wfo-0000615828,herbs or subshrubs,habit,5DFFDA14-0AC5-40A8-8908-45273BFAD434,English,2013-08-07,,,,http://creativecommons.org/licenses/by/4.0,Missouri Botanical Garden,Missouri Botanical Garden
wfo-4000036435,herbs,habit,"7BD49142-FCB1-436D-AA66-D3B7A2207437,5C9F5CBA-1DB8-4CBC-B33E-59EB6674AFEE",English,2013-08-16,,,,http://creativecommons.org/licenses/by/4.0,Missouri Botanical Garden,Missouri Botanical Garden
wfo-0000615840,herbs or shrubs,habit,B794490C-8EC3-47CA-90E4-97066153FF77,English,2013-08-07,,,,http://creativecommons.org/licenses/by/4.0,Missouri Botanical Garden,Missouri Botanical Garden
wfo-0000625961,Herbs,habit,2AE49D6B-4195-4EFC-9072-716860A90199,English,2013-08-07,,,,http://creativecommons.org/licenses/by/4.0,Missouri Botanical Garden,Missouri Botanical Garden
wfo-0000644800,herbs,habit,F933A066-50B4-464D-B2FA-63EBBA74699E,English,2013-08-07,,,,http://creativecommons.org/licenses/by/4.0,Missouri Botanical Garden,Missouri Botanical Garden
wfo-0000657390,shrubs or lianas,habit,072FE6C3-7B9F-4ED4-B73A-183867AF41C6,English,2013-08-07,,,,http://creativecommons.org/licenses/by/4.0,Missouri Botanical Garden,Missouri Botanical Garden
wfo-0000657392,"herbs, subshrubs, shrubs, or lianas",habit,FD8CDF1A-8E50-4460-8666-9D81B6500861,English,2013-08-07,,,,http://creativecommons.org/licenses/by/4.0,Missouri Botanical Garden,Missouri Botanical Garden
wfo-0000657412,shrubs or lianas,habit,6036BACD-E5E1-48DC-B5E3-AC5C17B6F55C,English,2013-08-07,,,,http://creativecommons.org/licenses/by/4.0,Missouri Botanical Garden,Missouri Botanical Garden
wfo-0000657413,shrubs or suffrutescent herbs,habit,DA3D22A3-B98B-40E0-88F4-7119A589D7A4,English,2013-08-07,,,,http://creativecommons.org/licenses/by/4.0,Missouri Botanical Garden,Missouri Botanical Garden
wfo-0000657425,shrubs,habit,EBFB5B4B-C103-4E52-9D59-B36E1D332432,English,2013-08-07,,,,http://creativecommons.org/licenses/by/4.0,Missouri Botanical Garden,Missouri Botanical Garden
wfo-0000657482,herbs or low shrubs,habit,1F630CB7-4CE1-4676-AD4E-F89819E799EB,English,2013-08-07,,,,http://creativecommons.org/licenses/by/4.0,Missouri Botanical Garden,Missouri Botanical Garden
wfo-0000657427,vinelike subshrubs,habit,992B7C05-73BE-4087-9D4A-84643504C124,English,2013-08-07,,,,http://creativecommons.org/licenses/by/4.0,Missouri Botanical Garden,Missouri Botanical Garden
wfo-0000657438,herbs or subshrubs,habit,73656C97-8E42-458F-A364-71E3A58955B9,English,2013-08-07,,,,http://creativecommons.org/licenses/by/4.0,Missouri Botanical Garden,Missouri Botanical Garden
wfo-0000657443,shrubs,habit,7713C105-E9B8-454F-9092-EDD9C55C139D,English,2013-08-07,,,,http://creativecommons.org/licenses/by/4.0,Missouri Botanical Garden,Missouri Botanical Garden
wfo-0000657444,herbs or shrubs or rarely vines,habit,DF8F204E-31BD-4563-BFDF-A4A6A076DACD,English,2013-08-07,,,,http://creativecommons.org/licenses/by/4.0,Missouri Botanical Garden,Missouri Botanical Garden
wfo-0000657453,vines or shrubs,habit,52B2628E-B243-4C48-9BBF-FE4E23255C1B,English,2013-08-07,,,,http://creativecommons.org/licenses/by/4.0,Missouri Botanical Garden,Missouri Botanical Garden
wfo-0000657459,"herbs, subshrubs or shrubs",habit,888014E0-174B-4C7E-B501-56499F8D24ED,English,2013-08-07,,,,http://creativecommons.org/licenses/by/4.0,Missouri Botanical Garden,Missouri Botanical Garden
wfo-0000657478,shrubs or lianas,habit,DF924AC2-1019-481B-BFAB-1602DF3A5B73,English,2013-08-07,,,,http://creativecommons.org/licenses/by/4.0,Missouri Botanical Garden,Missouri Botanical Garden
wfo-0000657487,shrubs,habit,81DCC4EF-52C8-4523-AA41-6B90F250D9C1,English,2013-08-07,,,,http://creativecommons.org/licenses/by/4.0,Missouri Botanical Garden,Missouri Botanical Garden
wfo-0000467216,Herbs or subshrubs,habit,221A4ECC-15CE-4A21-A59B-B690FC8B3E9F,English,2013-08-08,,,,http://creativecommons.org/licenses/by/4.0,Missouri Botanical Garden,Missouri Botanical Garden
wfo-0000657491,herbs or subshrubs,habit,92C347D9-F78D-4111-8452-0801C096E2E1,English,2013-08-07,,,,http://creativecommons.org/licenses/by/4.0,Missouri Botanical Garden,Missouri Botanical Garden
wfo-0000657495,herbs or low shrubs,habit,3BC0DC22-BE90-4D20-9FBF-11890FA2ED4D,English,2013-08-07,,,,http://creativecommons.org/licenses/by/4.0,Missouri Botanical Garden,Missouri Botanical Garden
wfo-0000657501,vinelike herbs or shrubs,habit,1D737588-1AD1-4802-AD80-BDAC12E5A8B7,English,2013-08-07,,,,http://creativecommons.org/licenses/by/4.0,Missouri Botanical Garden,Missouri Botanical Garden
wfo-0000670281,herbs,habit,0DDD0B17-7BD1-48EB-B458-189AF4F2AB78,English,2013-08-07,,,,http://creativecommons.org/licenses/by/4.0,Missouri Botanical Garden,Missouri Botanical Garden
wfo-0000670305,herbs,habit,E73D946E-CBC1-4838-8CB6-7896EB71CE7F,English,2013-08-07,,,,http://creativecommons.org/licenses/by/4.0,Missouri Botanical Garden,Missouri Botanical Garden
wfo-0000694816,subshrubs or shrubs,habit,B1B1B717-ED30-440A-BC21-8BEBD0650A8B,English,2013-08-07,,,,http://creativecommons.org/licenses/by/4.0,Missouri Botanical Garden,Missouri Botanical Garden
wfo-0000694838,herbs or low shrubs,habit,6C116990-B1D5-4236-B347-029518D7430D,English,2013-08-07,,,,http://creativecommons.org/licenses/by/4.0,Missouri Botanical Garden,Missouri Botanical Garden
wfo-0000694839,herbs,habit,7A275D87-A571-4383-9844-F21999736B7E,English,2013-08-07,,,,http://creativecommons.org/licenses/by/4.0,Missouri Botanical Garden,Missouri Botanical Garden
wfo-4000021950,Herbs,habit,"D2EFC05B-C8BE-4C02-8F66-51F5F4F6C43C,4B99F3DF-A246-473D-A65A-67505502CC46,E3A0B213-B3FF-44C2-96A3-1C430FA40463",English,2013-05-29,,,,http://creativecommons.org/licenses/by/4.0,Missouri Botanical Garden,Missouri Botanical Garden
wfo-0000694848,subshrubs or shrubs,habit,782FF4E7-E8B8-418F-BB0A-4690090CC85F,English,2013-08-07,,,,http://creativecommons.org/licenses/by/4.0,Missouri Botanical Garden,Missouri Botanical Garden
wfo-0000694876,shrubs,habit,F6B0CDF2-D1F3-43A9-8FD3-25005F04297B,English,2013-08-07,,,,http://creativecommons.org/licenses/by/4.0,Missouri Botanical Garden,Missouri Botanical Garden
wfo-0000357857,herbs,habit,1F4354B3-447A-4982-8180-98DBB6D89113,English,2013-08-08,,,,http://creativecommons.org/licenses/by/4.0,Missouri Botanical Garden,Missouri Botanical Garden
wfo-0001064619,Herbs,habit,C558864A-8CF9-49FD-9C19-375FFB800642,English,2013-08-07,,,,http://creativecommons.org/licenses/by/4.0,Missouri Botanical Garden,Missouri Botanical Garden
wfo-0001064621,herbs,habit,AEF82DFD-E374-44A3-933E-01EFA381B7B2,English,2013-08-08,,,,http://creativecommons.org/licenses/by/4.0,Missouri Botanical Garden,Missouri Botanical Garden
wfo-4000014678,Lianas,habit,66876E8A-CEB6-43DE-BD34-1E029CEC0337,English,2013-04-10,,,,http://creativecommons.org/licenses/by/4.0,Missouri Botanical Garden,Missouri Botanical Garden
wfo-0000376348,herbs or shrubs,habit,A161A8B1-0501-406D-943E-CA1FD4B5E912,English,2013-08-08,,,,http://creativecommons.org/licenses/by/4.0,Missouri Botanical Garden,Missouri Botanical Garden
wfo-0001064622,herbs,habit,E5C05E4C-9743-46FB-AE9D-B6B48DA7191D,English,2013-08-08,,,,http://creativecommons.org/licenses/by/4.0,Missouri Botanical Garden,Missouri Botanical Garden
wfo-0000373623,Shrubs,habit,2EE903A7-92A9-46FD-9C8C-5E2607751F7A,English,2013-08-08,,,,http://creativecommons.org/licenses/by/4.0,Missouri Botanical Garden,Missouri Botanical Garden
wfo-0000373617,subshrubs or shrubs,habit,B90D29F8-5622-413F-902C-1531516D2B54,English,2013-08-08,,,,http://creativecommons.org/licenses/by/4.0,Missouri Botanical Garden,Missouri Botanical Garden
wfo-0000379232,herbs,habit,F0FB2724-2098-48B9-96DD-E872EE825D5E,English,2013-08-08,,,,http://creativecommons.org/licenses/by/4.0,Missouri Botanical Garden,Missouri Botanical Garden
wfo-0001064623,herbs or low shrubs,habit,0F4BD1EC-52E4-4CE4-9079-4E68BD599B08,English,2013-08-08,,,,http://creativecommons.org/licenses/by/4.0,Missouri Botanical Garden,Missouri Botanical Garden
wfo-0000379262,herbs,habit,110B2798-3448-4505-8462-D35833658272,English,2013-08-08,,,,http://creativecommons.org/licenses/by/4.0,Missouri Botanical Garden,Missouri Botanical Garden
wfo-4000008405,Trees or shrubs,habit,"F6BD575D-6C37-4923-BA6D-F67C11111D39,F366429F-C4F7-407D-90E6-2799501C14E2",English,2013-07-02,,,,http://creativecommons.org/licenses/by/4.0,Missouri Botanical Garden,Missouri Botanical Garden
wfo-0000379268,herbs,habit,E8D95DE9-0C40-42A1-87D8-55468972ED45,English,2013-08-08,,,,http://creativecommons.org/licenses/by/4.0,Missouri Botanical Garden,Missouri Botanical Garden
wfo-0001064627,herbs,habit,5B8FB93A-A477-4413-808A-018E584F266E,English,2013-08-08,,,,http://creativecommons.org/licenses/by/4.0,Missouri Botanical Garden,Missouri Botanical Garden
wfo-0000383642,herbs or subshrubs,habit,BE87E974-56DF-4674-9BB8-0945799E5A06,English,2013-08-08,,,,http://creativecommons.org/licenses/by/4.0,Missouri Botanical Garden,Missouri Botanical Garden
wfo-0001064628,Subshrubs,habit,47519015-188B-4C02-957F-5CB3890568CB,English,2013-08-08,,,,http://creativecommons.org/licenses/by/4.0,Missouri Botanical Garden,Missouri Botanical Garden
wfo-0001064630,herbs,habit,C05B9B78-ACEB-499B-97B4-2EBBC5B45A23,English,2013-08-08,,,,http://creativecommons.org/licenses/by/4.0,Missouri Botanical Garden,Missouri Botanical Garden
wfo-0001064631,Herbs or subshrubs,habit,03E2EE18-0801-4E6C-B0D2-9F9AF4F1C4C6,English,2013-08-08,,,,http://creativecommons.org/licenses/by/4.0,Missouri Botanical Garden,Missouri Botanical Garden
wfo-0000467227,herbs or subshrubs,habit,F0F90792-66C4-4A30-86BE-9B6579C880D6,English,2013-08-08,,,,http://creativecommons.org/licenses/by/4.0,Missouri Botanical Garden,Missouri Botanical Garden
wfo-4000022408,vines,habit,F8BBD25C-1206-46EE-B744-EB03C1B63840,English,2013-07-31,,,,http://creativecommons.org/licenses/by/4.0,Missouri Botanical Garden,Missouri Botanical Garden
wfo-0001064632,herbs or shrubs,habit,2B7EECE9-BCE6-43E0-8FCF-C8F4F9707C68,English,2013-08-08,,,,http://creativecommons.org/licenses/by/4.0,Missouri Botanical Garden,Missouri Botanical Garden
wfo-0001064633,Herbs or subshrubs,habit,995BCA0C-87D0-404F-AFF1-87648DA4349A,English,2013-08-08,,,,http://creativecommons.org/licenses/by/4.0,Missouri Botanical Garden,Missouri Botanical Garden
wfo-0001064634,herbs,habit,DDA249BB-173E-4088-AD12-1D3B699E7809,English,2013-08-08,,,,http://creativecommons.org/licenses/by/4.0,Missouri Botanical Garden,Missouri Botanical Garden
wfo-0000497167,"herbs, shrubs or trees",habit,BE06C554-340A-46BC-8EEA-83563F56B6DF,English,2013-08-08,,,,http://creativecommons.org/licenses/by/4.0,Missouri Botanical Garden,Missouri Botanical Garden
wfo-0000467490,herbs,habit,1E99CB51-1BE7-4303-A7C2-27774819550D,English,2013-08-08,,,,http://creativecommons.org/licenses/by/4.0,Missouri Botanical Garden,Missouri Botanical Garden
wfo-0000467500,herbs,habit,CD8867C1-F9D7-409D-8293-594EBEB235D7,English,2013-08-08,,,,http://creativecommons.org/licenses/by/4.0,Missouri Botanical Garden,Missouri Botanical Garden
wfo-0001064635,herbs,habit,C0A57201-DF5E-4A4C-9C13-532D3A40CB0B,English,2013-08-08,,,,http://creativecommons.org/licenses/by/4.0,Missouri Botanical Garden,Missouri Botanical Garden
wfo-0001064636,herbs,habit,112CA0FB-A18C-4386-BE0A-6315E95DC625,English,2013-08-08,,,,http://creativecommons.org/licenses/by/4.0,Missouri Botanical Garden,Missouri Botanical Garden
wfo-4000008721,lianas,habit,"1EE0E21B-6ABA-4DD4-A100-22371FB2085C,8BB55677-C3C0-4EB4-9847-7294A8229165",English,2013-01-14,,,,http://creativecommons.org/licenses/by/4.0,Missouri Botanical Garden,Missouri Botanical Garden
wfo-0001064637,herbs or subshrubs,habit,1010101B-F914-4BFA-8868-B7F5EC076807,English,2013-08-08,,,,http://creativecommons.org/licenses/by/4.0,Missouri Botanical Garden,Missouri Botanical Garden
wfo-0001064638,herbs or small shrubs,habit,3A23B633-88F5-4278-B20B-F532CF08B35A,English,2013-08-08,,,,http://creativecommons.org/licenses/by/4.0,Missouri Botanical Garden,Missouri Botanical Garden
wfo-0001064639,herbs,habit,65FD7DEC-DCF7-481A-80CD-E3E2302142D4,English,2013-08-08,,,,http://creativecommons.org/licenses/by/4.0,Missouri Botanical Garden,Missouri Botanical Garden
wfo-0000720620,Trees,habit,41440795-9077-48DD-8415-C9267208449B,English,2012-11-12,,,,http://creativecommons.org/licenses/by/4.0,Missouri Botanical Garden,Missouri Botanical Garden
wfo-0000565378,Tree,habit,022F6BD1-59F4-4363-98A2-E7258E0D7629,English,2013-05-29,,,,http://creativecommons.org/licenses/by/4.0,Missouri Botanical Garden,Missouri Botanical Garden
wfo-0001065393,Liana,habit,59FFEE75-12F0-4861-8840-1328DA56EF97,English,2013-03-07,,,,http://creativecommons.org/licenses/by/4.0,Missouri Botanical Garden,Missouri Botanical Garden
wfo-0000435727,Liana,habit,"702BB386-61B5-400B-88FD-8644427B6DFB,66FDE703-7654-404F-95CE-08ED58C64472",English,2013-03-07,,,,http://creativecommons.org/licenses/by/4.0,Missouri Botanical Garden,Missouri Botanical Garden
wfo-0000723651,Liana,habit,"73A687E8-F70C-41AA-9B1F-D90A9A82ABF2,A66123BC-C296-41F4-A0C1-08373CFD91A9",English,2013-03-07,,,,http://creativecommons.org/licenses/by/4.0,Missouri Botanical Garden,Missouri Botanical Garden
wfo-0000629224,Liana,habit,362E7CDF-C383-4B90-8832-2C4D5C4D8F6C,English,2013-03-07,,,,http://creativecommons.org/licenses/by/4.0,Missouri Botanical Garden,Missouri Botanical Garden
wfo-4000009413,Lianas shrubs,habit,0C422E9E-6178-4D62-BCDE-C681F0E8C3D6,English,2013-03-15,,,,http://creativecommons.org/licenses/by/4.0,Missouri Botanical Garden,Missouri Botanical Garden
wfo-0000465378,Liana tree,habit,84938C73-197A-467C-810C-364ED91FCF7E,English,2013-03-07,,,,http://creativecommons.org/licenses/by/4.0,Missouri Botanical Garden,Missouri Botanical Garden
wfo-4000038508,Trees or shrubs,habit,"A114FDFD-2F81-4100-B627-9C5FA317D6B7,A038E7FF-D264-46F7-A87C-55EAF95E390C",English,2013-09-18,,,,http://creativecommons.org/licenses/by/4.0,Missouri Botanical Garden,Missouri Botanical Garden
wfo-0000663655,Liana tree,habit,"B2F63D43-7900-4372-939A-E7F52068ED49,49C8D589-BB60-492E-9BCA-56510211BB00",English,2013-03-07,,,,http://creativecommons.org/licenses/by/4.0,Missouri Botanical Garden,Missouri Botanical Garden
wfo-0001065485,Liana,habit,"2E6E78A8-52A5-4A98-A384-E58AD55A03BE,6D1E78DB-75AC-4B65-B86B-16D9D532C305",English,2013-03-07,,,,http://creativecommons.org/licenses/by/4.0,Missouri Botanical Garden,Missouri Botanical Garden
wfo-0000394770,Liana shrub,habit,91222312-3ED3-4FB4-B5C3-4462B743A46C,English,2013-03-07,,,,http://creativecommons.org/licenses/by/4.0,Missouri Botanical Garden,Missouri Botanical Garden
wfo-0000413927,Liania,habit,EBC9D6C1-15B9-4B27-91BD-96AA4B45D5E4,English,2013-03-07,,,,http://creativecommons.org/licenses/by/4.0,Missouri Botanical Garden,Missouri Botanical Garden
wfo-0000600072,Shrub tree,habit,814C62FB-9548-4E30-A552-B4E1C2E5D4D0,English,2013-03-07,,,,http://creativecommons.org/licenses/by/4.0,Missouri Botanical Garden,Missouri Botanical Garden
wfo-4000009633,Shrubs or trees,habit,0474598C-37D4-4B35-B7B3-DD661D9B3C23,English,2013-02-07,,,,http://creativecommons.org/licenses/by/4.0,Missouri Botanical Garden,Missouri Botanical Garden
wfo-0000725847,tree,habit,1B3787D8-32F2-4F94-847E-062765A56FC7,English,2013-05-24,,,,http://creativecommons.org/licenses/by/4.0,Missouri Botanical Garden,Missouri Botanical Garden
wfo-0001065604,Tree,habit,C46A4291-C26F-4586-A044-23490BF69AF8,English,2013-05-24,,,,http://creativecommons.org/licenses/by/4.0,Missouri Botanical Garden,Missouri Botanical Garden
wfo-0000747355,Tree,habit,3564858D-7FF7-406F-985A-F00357DED274,English,2013-05-24,,,,http://creativecommons.org/licenses/by/4.0,Missouri Botanical Garden,Missouri Botanical Garden
wfo-0001065605,tree,habit,612A2619-E75F-4D2C-BD7F-126FEA0A678D,English,2013-05-24,,,,http://creativecommons.org/licenses/by/4.0,Missouri Botanical Garden,Missouri Botanical Garden
wfo-4000038791,Trees,habit,8DF9F9E7-8079-4F49-A892-A369DCAB51BA,English,2013-04-05,,,,http://creativecommons.org/licenses/by/4.0,Missouri Botanical Garden,Missouri Botanical Garden
wfo-0001065609,Tree,habit,01BC108E-05A4-4A2F-892A-C736F6A281BB,English,2013-05-24,,,,http://creativecommons.org/licenses/by/4.0,Missouri Botanical Garden,Missouri Botanical Garden
wfo-0000769320,herbs,habit,4306E843-CABC-4DEB-9578-F6BBB0E991E7,English,2013-05-09,,,,http://creativecommons.org/licenses/by/4.0,Missouri Botanical Garden,Missouri Botanical Garden
wfo-0000770149,Herbs,habit,4A5F4891-31DD-453F-8411-B3FA7FC624AB,English,2013-05-09,,,,http://creativecommons.org/licenses/by/4.0,Missouri Botanical Garden,Missouri Botanical Garden
wfo-0000769324,herbs,habit,EF39717D-A821-409D-9FA8-0EB4940A21D8,English,2013-05-09,,,,http://creativecommons.org/licenses/by/4.0,Missouri Botanical Garden,Missouri Botanical Garden
wfo-4000039044,Trees,habit,9D9100FC-B877-4B76-AE87-5EDADD3807E4,English,2013-01-30,,,,http://creativecommons.org/licenses/by/4.0,Missouri Botanical Garden,Missouri Botanical Garden
wfo-0001067099,Large shrubs or small trees,habit,61402DEA-5F10-4C64-81C2-050E270B279F,English,2013-07-02,,,,http://creativecommons.org/licenses/by/4.0,Missouri Botanical Garden,Missouri Botanical Garden
wfo-0000652120,Trees or shrubs,habit,06722C71-8C2A-4DAB-B093-3971EE6E5AFE,English,2013-07-02,,,,http://creativecommons.org/licenses/by/4.0,Missouri Botanical Garden,Missouri Botanical Garden
wfo-0000640993,Trees,habit,54D67287-E6FC-4BB3-A967-4B212F35BB10,English,2013-07-02,,,,http://creativecommons.org/licenses/by/4.0,Missouri Botanical Garden,Missouri Botanical Garden
wfo-0000363905,Lianas or small trees,habit,1A08C9A2-7C24-4B72-80D4-CFE14E13A6A7,English,2013-07-02,,,,http://creativecommons.org/licenses/by/4.0,Missouri Botanical Garden,Missouri Botanical Garden
wfo-0000579185,Trees,habit,BA08C08D-27E3-4A41-BB1D-F5C62354F58C,English,2013-07-02,,,,http://creativecommons.org/licenses/by/4.0,Missouri Botanical Garden,Missouri Botanical Garden
wfo-0000607703,Trees,habit,FE7EFC3E-332A-41A2-815E-BBADD73183A3,English,2013-07-02,,,,http://creativecommons.org/licenses/by/4.0,Missouri Botanical Garden,Missouri Botanical Garden
wfo-0001067103,Trees,habit,5D9C706E-84F8-4F88-8EF9-F1ED4A1A0DB8,English,2013-07-02,,,,http://creativecommons.org/licenses/by/4.0,Missouri Botanical Garden,Missouri Botanical Garden
wfo-0000786480,herbs,habit,8BD62BF5-9D34-4CCA-A7E6-DF6C1DC8F5A6,English,2012-10-28,,,,http://creativecommons.org/licenses/by/4.0,Missouri Botanical Garden,Missouri Botanical Garden
wfo-0000216490,Herbs,habit,E6B5F338-3281-4CE6-9330-531F1540316B,English,2013-04-04,,,,http://creativecommons.org/licenses/by/4.0,Missouri Botanical Garden,Missouri Botanical Garden
wfo-4000010240,vines,habit,E0344C20-B5BE-4AB9-8787-D45F68F35CBA,English,2013-07-31,,,,http://creativecommons.org/licenses/by/4.0,Missouri Botanical Garden,Missouri Botanical Garden
wfo-0000785571,herbs,habit,04E5D721-CD23-4877-87B2-EB4A6615B143,English,2012-10-28,,,,http://creativecommons.org/licenses/by/4.0,Missouri Botanical Garden,Missouri Botanical Garden
wfo-0001069576,Shrubs trees,habit,71C7A7BE-30A4-4F87-A68E-EF1A4F08FA2F,English,2013-01-17,,,,http://creativecommons.org/licenses/by/4.0,Missouri Botanical Garden,Missouri Botanical Garden
wfo-0000525779,shrub tree,habit,2088EF70-E2A3-45B4-B4EA-DCF19ACFA40B,English,2013-01-17,,,,http://creativecommons.org/licenses/by/4.0,Missouri Botanical Garden,Missouri Botanical Garden
wfo-0000363935,Shrubs trees,habit,1781564F-5665-4207-A6A8-A441B663D0FA,English,2013-01-17,,,,http://creativecommons.org/licenses/by/4.0,Missouri Botanical Garden,Missouri Botanical Garden
wfo-0000913643,Herbs,habit,75A61A7A-7C72-48B6-805F-0D393E8AAAEB,English,2013-04-04,,,,http://creativecommons.org/licenses/by/4.0,Missouri Botanical Garden,Missouri Botanical Garden
wfo-0000217093,Herbs,habit,44A741FE-74EC-4264-9CAF-4DA19CB2E716,English,2013-04-04,,,,http://creativecommons.org/licenses/by/4.0,Missouri Botanical Garden,Missouri Botanical Garden
wfo-4000010465,"shrubs, trees or vines",habit,2738F969-D311-4D62-9363-46627F6FB5E1,English,2013-05-15,,,,http://creativecommons.org/licenses/by/4.0,Missouri Botanical Garden,Missouri Botanical Garden
wfo-0000253342,Subshrubs,habit,92DBADF1-447C-43E6-9626-899393323A76,English,2013-04-04,,,,http://creativecommons.org/licenses/by/4.0,Missouri Botanical Garden,Missouri Botanical Garden
wfo-0000216985,Herbs,habit,005F039B-4D14-40EA-94D0-1BB68C742D09,English,2013-04-04,,,,http://creativecommons.org/licenses/by/4.0,Missouri Botanical Garden,Missouri Botanical Garden
wfo-0000933535,Shrubs,habit,512EB029-0593-4321-B1A1-6EEAAF5056E6,English,2013-04-04,,,,http://creativecommons.org/licenses/by/4.0,Missouri Botanical Garden,Missouri Botanical Garden
wfo-0000216572,Herbs,habit,52F6F23F-068C-4CC1-9B81-B347818CC62D,English,2013-04-04,,,,http://creativecommons.org/licenses/by/4.0,Missouri Botanical Garden,Missouri Botanical Garden
wfo-0000301573,Herbs,habit,A03752C1-374D-4BF0-80E9-033DFDE7D754,English,2013-04-04,,,,http://creativecommons.org/licenses/by/4.0,Missouri Botanical Garden,Missouri Botanical Garden
wfo-0000216622,Herbs or subshrubs,habit,DDA35215-00B8-427E-A0D0-9D8D4AE9F6C9,English,2013-04-04,,,,http://creativecommons.org/licenses/by/4.0,Missouri Botanical Garden,Missouri Botanical Garden
wfo-0000216879,Herbs,habit,B1B0C7FD-6E6E-4D37-8028-9FB021D58CFA,English,2013-04-04,,,,http://creativecommons.org/licenses/by/4.0,Missouri Botanical Garden,Missouri Botanical Garden
wfo-4000039753,Vines or sprawling shrubs,habit,B746DF64-72EC-4D47-8073-10C90D4AE98E,English,2013-09-18,,,,http://creativecommons.org/licenses/by/4.0,Missouri Botanical Garden,Missouri Botanical Garden
wfo-0000216904,Shrubs small trees,habit,A6262B16-4286-4E17-B3B2-EC59F3911CD1,English,2013-04-04,,,,http://creativecommons.org/licenses/by/4.0,Missouri Botanical Garden,Missouri Botanical Garden
wfo-0000216907,Herbs,habit,D1B83E20-B452-49C1-ABCF-D7A81E6C91C6,English,2013-04-04,,,,http://creativecommons.org/licenses/by/4.0,Missouri Botanical Garden,Missouri Botanical Garden
wfo-0000302627,Herbs,habit,A72C8B11-C4AD-4F11-97BB-14499F3C45B6,English,2013-04-04,,,,http://creativecommons.org/licenses/by/4.0,Missouri Botanical Garden,Missouri Botanical Garden
wfo-0000216508,Herbs or subshrubs,habit,153A6227-CF45-4B41-95B4-D8E21418AE41,English,2013-04-04,,,,http://creativecommons.org/licenses/by/4.0,Missouri Botanical Garden,Missouri Botanical Garden
wfo-0000216535,Herbs,habit,40D202A7-CDE9-424A-8DC3-71397B2584AD,English,2013-04-04,,,,http://creativecommons.org/licenses/by/4.0,Missouri Botanical Garden,Missouri Botanical Garden
wfo-0000216943,Herbs,habit,5F66EE26-9170-4A27-8A5C-A2851E2768AE,English,2013-04-04,,,,http://creativecommons.org/licenses/by/4.0,Missouri Botanical Garden,Missouri Botanical Garden
wfo-0000217146,Herb or half shrub,habit,D34B432D-7179-4C14-BF01-5B2C31D1A3A4,English,2013-04-04,,,,http://creativecommons.org/licenses/by/4.0,Missouri Botanical Garden,Missouri Botanical Garden
wfo-0000236725,Herbs,habit,634C65A2-D4D3-473D-8F36-27FAC85C0A33,English,2013-04-04,,,,http://creativecommons.org/licenses/by/4.0,Missouri Botanical Garden,Missouri Botanical Garden
wfo-0000383076,Tree shrub,habit,D17D859D-F1E4-462E-B568-13BB320D1CAF,English,2012-11-12,,,,http://creativecommons.org/licenses/by/4.0,Missouri Botanical Garden,Missouri Botanical Garden
wfo-0000301595,Herbs,habit,A1C0D152-F8A7-4A7F-806D-A6AB426CC24D,English,2013-04-04,,,,http://creativecommons.org/licenses/by/4.0,Missouri Botanical Garden,Missouri Botanical Garden
wfo-0000301748,Herbs,habit,934E3AB4-2B89-4DBE-B648-0537DC517EA4,English,2013-04-04,,,,http://creativecommons.org/licenses/by/4.0,Missouri Botanical Garden,Missouri Botanical Garden
wfo-0000253413,Herbs,habit,57906EAC-2845-442B-9C93-4FF0D5613DB1,English,2013-04-04,,,,http://creativecommons.org/licenses/by/4.0,Missouri Botanical Garden,Missouri Botanical Garden
wfo-0000216512,Herbs,habit,C6881A2A-2258-4BB5-9D26-2C9DF54BD3E6,English,2013-04-04,,,,http://creativecommons.org/licenses/by/4.0,Missouri Botanical Garden,Missouri Botanical Garden
wfo-0000216776,Herbs,habit,50F92181-7CDC-4028-BE89-27C9789D6728,English,2013-04-04,,,,http://creativecommons.org/licenses/by/4.0,Missouri Botanical Garden,Missouri Botanical Garden
wfo-0000468567,shrub,habit,6466715B-4405-4EB2-9C64-874880E6ED35,English,2013-01-14,,,,http://creativecommons.org/licenses/by/4.0,Missouri Botanical Garden,Missouri Botanical Garden
wfo-0000217002,Herbs,habit,04B3C508-5B6A-48A0-99E2-90A9511511AC,English,2013-04-04,,,,http://creativecommons.org/licenses/by/4.0,Missouri Botanical Garden,Missouri Botanical Garden
wfo-0000774505,trees,habit,115A1ACB-CF48-4484-8DF8-8DF7AE03D821,English,2012-12-18,,,,http://creativecommons.org/licenses/by/4.0,Missouri Botanical Garden,Missouri Botanical Garden
wfo-0000217042,Herbs,habit,523415C7-3609-4A80-B990-5C1357F9FC9F,English,2013-04-04,,,,http://creativecommons.org/licenses/by/4.0,Missouri Botanical Garden,Missouri Botanical Garden
wfo-0000226062,Herbs,habit,BC42B00F-B6AF-427E-815E-C1EE333DC43A,English,2013-04-04,,,,http://creativecommons.org/licenses/by/4.0,Missouri Botanical Garden,Missouri Botanical Garden
wfo-0000300235,Subshrubs,habit,7D334250-AB22-4258-964A-51B440082D25,English,2013-04-04,,,,http://creativecommons.org/licenses/by/4.0,Missouri Botanical Garden,Missouri Botanical Garden
wfo-0000313880,Herbs,habit,7AA06977-EF46-43DE-8FA2-43003EC7B260,English,2013-04-04,,,,http://creativecommons.org/licenses/by/4.0,Missouri Botanical Garden,Missouri Botanical Garden
wfo-0000302054,Herbs or subshrubs,habit,745F423A-F575-444B-B74E-0A417170E8E8,English,2013-04-04,,,,http://creativecommons.org/licenses/by/4.0,Missouri Botanical Garden,Missouri Botanical Garden
wfo-0000302506,Herbs,habit,D1E49BD0-D754-42B0-940A-014A598E1CFE,English,2013-04-04,,,,http://creativecommons.org/licenses/by/4.0,Missouri Botanical Garden,Missouri Botanical Garden
wfo-0000307842,Subshrubs,habit,248DA5C7-8DA2-4D1B-95E1-5FA0A084EDCC,English,2013-04-04,,,,http://creativecommons.org/licenses/by/4.0,Missouri Botanical Garden,Missouri Botanical Garden
wfo-0000308044,Shrubs,habit,034E5349-D93D-45A4-8A8D-4B8628A5EC37,English,2013-04-04,,,,http://creativecommons.org/licenses/by/4.0,Missouri Botanical Garden,Missouri Botanical Garden
wfo-0000308349,Herbs,habit,BACE7ABE-B43E-456B-B2B0-677040F299CE,English,2013-04-04,,,,http://creativecommons.org/licenses/by/4.0,Missouri Botanical Garden,Missouri Botanical Garden
wfo-0000301235,Herbs,habit,F5CF85B4-32EC-4D0B-B8D7-6BF16FD0DE78,English,2013-04-04,,,,http://creativecommons.org/licenses/by/4.0,Missouri Botanical Garden,Missouri Botanical Garden
wfo-0000379112,Shrub small tree,habit,7FD63BF3-CC98-49D3-9401-42A2871470EF,English,2012-11-12,,,,http://creativecommons.org/licenses/by/4.0,Missouri Botanical Garden,Missouri Botanical Garden
wfo-0000379160,Tree,habit,B0A1B5DC-8D15-4580-B2D2-91F491233902,English,2012-11-12,,,,http://creativecommons.org/licenses/by/4.0,Missouri Botanical Garden,Missouri Botanical Garden
wfo-0000379156,Tree shrub,habit,E1CA042D-FB40-4F20-87EA-17FE677DEECE,English,2012-11-12,,,,http://creativecommons.org/licenses/by/4.0,Missouri Botanical Garden,Missouri Botanical Garden
wfo-0000381672,Tree,habit,0974460A-0DE8-449B-9C4B-51DA36A89456,English,2012-11-12,,,,http://creativecommons.org/licenses/by/4.0,Missouri Botanical Garden,Missouri Botanical Garden
wfo-0000667744,Tree,habit,E9D741DB-E366-4424-BCC2-1F14E7ED308C,English,2012-11-12,,,,http://creativecommons.org/licenses/by/4.0,Missouri Botanical Garden,Missouri Botanical Garden
wfo-0000383005,shrub tree,habit,CCDB5616-CE29-4DCC-90C8-ABC72732BF1C,English,2012-11-12,,,,http://creativecommons.org/licenses/by/4.0,Missouri Botanical Garden,Missouri Botanical Garden
wfo-0000382778,Tree shrub,habit,6C423EB5-1F09-436B-8661-C1200BC5AF04,English,2012-11-12,,,,http://creativecommons.org/licenses/by/4.0,Missouri Botanical Garden,Missouri Botanical Garden
wfo-0000383273,Tree shrub,habit,985537E2-977D-4502-AB14-1894100D168B,English,2012-11-12,,,,http://creativecommons.org/licenses/by/4.0,Missouri Botanical Garden,Missouri Botanical Garden
wfo-0000383138,Tree shrub,habit,11923B9C-7A51-4E38-8911-D4368317EDB6,English,2012-11-12,,,,http://creativecommons.org/licenses/by/4.0,Missouri Botanical Garden,Missouri Botanical Garden
wfo-0000379121,Tree,habit,649ED159-7ADC-4E00-A54D-38DD56AD2F28,English,2012-11-12,,,,http://creativecommons.org/licenses/by/4.0,Missouri Botanical Garden,Missouri Botanical Garden
wfo-0001070845,tree,habit,2473F031-88D9-4849-BCB0-1449D17D0177,English,2012-11-12,,,,http://creativecommons.org/licenses/by/4.0,Missouri Botanical Garden,Missouri Botanical Garden
wfo-0001070562,Tree,habit,A41B5270-AF16-4C38-A00E-2377F6BB3B10,English,2012-11-12,,,,http://creativecommons.org/licenses/by/4.0,Missouri Botanical Garden,Missouri Botanical Garden
wfo-0000383314,Tree,habit,2D86C45C-19D3-4AC5-9DA4-414DCB2FC7A2,English,2012-11-12,,,,http://creativecommons.org/licenses/by/4.0,Missouri Botanical Garden,Missouri Botanical Garden
wfo-0000383336,tree,habit,E68A2AB0-6E71-47FC-8467-B566228BB476,English,2012-11-12,,,,http://creativecommons.org/licenses/by/4.0,Missouri Botanical Garden,Missouri Botanical Garden
wfo-0000379134,Tree,habit,5281E6BB-40B1-48E2-86BA-73DEFC1A4832,English,2012-11-12,,,,http://creativecommons.org/licenses/by/4.0,Missouri Botanical Garden,Missouri Botanical Garden
wfo-0000561805,Tree,habit,E7ABFCBB-DA1A-46A9-AFD9-47235B53BA8A,English,2012-11-12,,,,http://creativecommons.org/licenses/by/4.0,Missouri Botanical Garden,Missouri Botanical Garden
wfo-0000382934,Tree,habit,937C8E61-5CA3-458F-9651-EE442EED08C2,English,2012-11-12,,,,http://creativecommons.org/licenses/by/4.0,Missouri Botanical Garden,Missouri Botanical Garden
wfo-0001070879,Tree,habit,338D2753-C11F-49C8-B935-AA3D7630A566,English,2012-11-12,,,,http://creativecommons.org/licenses/by/4.0,Missouri Botanical Garden,Missouri Botanical Garden
wfo-0001070884,Tree,habit,C91F7190-07A9-4BB2-9299-39EC085D7490,English,2012-11-12,,,,http://creativecommons.org/licenses/by/4.0,Missouri Botanical Garden,Missouri Botanical Garden
wfo-0001070885,Tree,habit,39DA4986-5E72-495A-8A28-87FC2A4D431E,English,2012-11-12,,,,http://creativecommons.org/licenses/by/4.0,Missouri Botanical Garden,Missouri Botanical Garden
wfo-0001070890,Tree,habit,8926130C-B062-493F-A059-0FBDD08EE2C7,English,2012-11-12,,,,http://creativecommons.org/licenses/by/4.0,Missouri Botanical Garden,Missouri Botanical Garden
wfo-0001070894,tree,habit,5713FFAC-7F10-49DE-B285-951513CC531F,English,2012-11-12,,,,http://creativecommons.org/licenses/by/4.0,Missouri Botanical Garden,Missouri Botanical Garden
wfo-0000379202,Tree,habit,F95FAB9F-8402-4B9E-BE8B-3D8D05448A49,English,2012-11-12,,,,http://creativecommons.org/licenses/by/4.0,Missouri Botanical Garden,Missouri Botanical Garden
wfo-0000379111,Tree,habit,527EBC19-FFD5-4D85-A94E-0B9F5A8875E7,English,2012-11-12,,,,http://creativecommons.org/licenses/by/4.0,Missouri Botanical Garden,Missouri Botanical Garden
wfo-0000379132,Tree,habit,2A159397-B272-4AF8-A5AE-E000CA610CA9,English,2012-11-12,,,,http://creativecommons.org/licenses/by/4.0,Missouri Botanical Garden,Missouri Botanical Garden
wfo-0000381683,Tree,habit,B56C3634-4511-49C5-9B94-63BCA958F5C5,English,2012-11-12,,,,http://creativecommons.org/licenses/by/4.0,Missouri Botanical Garden,Missouri Botanical Garden
wfo-0000381652,Tree,habit,495C142B-6F52-43A5-821B-AC4E6DFE7CCF,English,2012-11-12,,,,http://creativecommons.org/licenses/by/4.0,Missouri Botanical Garden,Missouri Botanical Garden
wfo-0000381654,Tree,habit,55707574-97AC-43A4-9B45-D97AFB17CCE9,English,2012-11-12,,,,http://creativecommons.org/licenses/by/4.0,Missouri Botanical Garden,Missouri Botanical Garden
wfo-0000381703,Tree,habit,8D67E138-B800-4FCF-8049-BC3461EE6DCF,English,2012-11-12,,,,http://creativecommons.org/licenses/by/4.0,Missouri Botanical Garden,Missouri Botanical Garden
wfo-0000381706,Tree,habit,BA29A746-9B33-406D-B476-26CC8F90A8BC,English,2012-11-12,,,,http://creativecommons.org/licenses/by/4.0,Missouri Botanical Garden,Missouri Botanical Garden
wfo-0000524708,Tree,habit,092E969D-EE13-4F81-B07B-E2326EECFD15,English,2012-11-12,,,,http://creativecommons.org/licenses/by/4.0,Missouri Botanical Garden,Missouri Botanical Garden
wfo-0000379197,Tree,habit,044863E6-890F-4195-B6FA-57314F5262D0,English,2012-11-12,,,,http://creativecommons.org/licenses/by/4.0,Missouri Botanical Garden,Missouri Botanical Garden
wfo-0000775329,Trees,habit,C8604BD4-48B9-41BB-A8EA-7E837D731EDB,English,2012-12-18,,,,http://creativecommons.org/licenses/by/4.0,Missouri Botanical Garden,Missouri Botanical Garden
wfo-0001080935,Shrub,habit,BD147218-75CC-48BF-98CA-252D31675E4E,English,2013-01-10,,,,http://creativecommons.org/licenses/by/4.0,Missouri Botanical Garden,Missouri Botanical Garden
wfo-0000775449,Trees,habit,BA9050CB-180D-4923-99BF-4A5BC3B50069,English,2012-12-18,,,,http://creativecommons.org/licenses/by/4.0,Missouri Botanical Garden,Missouri Botanical Garden
wfo-0000775119,trees,habit,BFE73925-6339-4D54-97F8-32C2E00EDB31,English,2012-12-18,,,,http://creativecommons.org/licenses/by/4.0,Missouri Botanical Garden,Missouri Botanical Garden
wfo-0000775205,Trees,habit,040D8134-E456-41C4-93D0-0C39738E331A,English,2012-12-18,,,,http://creativecommons.org/licenses/by/4.0,Missouri Botanical Garden,Missouri Botanical Garden
wfo-0000775243,Trees,habit,2CDE313C-E44E-450D-AC18-4CFE785C03DC,English,2012-12-18,,,,http://creativecommons.org/licenses/by/4.0,Missouri Botanical Garden,Missouri Botanical Garden
wfo-0000775417,Trees,habit,EBF4271D-36DB-4C6D-8B81-F4435BB95FF4,English,2012-12-18,,,,http://creativecommons.org/licenses/by/4.0,Missouri Botanical Garden,Missouri Botanical Garden
wfo-0000775317,Trees,habit,98E20723-FFC7-4F55-A390-15D5F3A72E22,English,2012-12-18,,,,http://creativecommons.org/licenses/by/4.0,Missouri Botanical Garden,Missouri Botanical Garden
wfo-0000775503,Shrubs trees,habit,AEC269F3-0E8A-4558-8360-A613FD117E6B,English,2012-12-18,,,,http://creativecommons.org/licenses/by/4.0,Missouri Botanical Garden,Missouri Botanical Garden
wfo-0000774436,trees,habit,3904F9DF-6909-49E5-8EDE-F349B94D66C4,English,2012-12-18,,,,http://creativecommons.org/licenses/by/4.0,Missouri Botanical Garden,Missouri Botanical Garden
wfo-0000775431,Trees,habit,5C7AD372-421A-498F-A0C4-6AD5AAABF013,English,2012-12-18,,,,http://creativecommons.org/licenses/by/4.0,Missouri Botanical Garden,Missouri Botanical Garden
wfo-0000466227,herbs,habit,DAD8F95C-65FC-44DF-A0C8-3EE298BF3E96,English,2013-07-09,,,,http://creativecommons.org/licenses/by/4.0,Missouri Botanical Garden,Missouri Botanical Garden
wfo-0000415728,herbs,habit,4A56C80B-B916-480F-8E40-F89BC03009D0,English,2013-07-09,,,,http://creativecommons.org/licenses/by/4.0,Missouri Botanical Garden,Missouri Botanical Garden
wfo-0000415554,herbs,habit,B68B4A6D-2FE8-4662-94EB-E5E5E8BFFD93,English,2013-07-09,,,,http://creativecommons.org/licenses/by/4.0,Missouri Botanical Garden,Missouri Botanical Garden
wfo-0000416476,herbs,habit,0F814827-848E-40F9-84A2-65D20FA02A29,English,2013-07-09,,,,http://creativecommons.org/licenses/by/4.0,Missouri Botanical Garden,Missouri Botanical Garden
wfo-0000417365,herbs,habit,D2ECA79F-C34E-4F04-88E6-3EC7EED0020F,English,2013-07-09,,,,http://creativecommons.org/licenses/by/4.0,Missouri Botanical Garden,Missouri Botanical Garden
wfo-0000417427,herbs,habit,4F31F113-2421-448D-B165-7C0C0D77E121,English,2013-07-09,,,,http://creativecommons.org/licenses/by/4.0,Missouri Botanical Garden,Missouri Botanical Garden
wfo-0000415718,herbs,habit,C0141323-5E68-4441-A736-B3A526BF2EEC,English,2013-07-09,,,,http://creativecommons.org/licenses/by/4.0,Missouri Botanical Garden,Missouri Botanical Garden
wfo-0001072716,herbs,habit,05A0541E-417D-4D7F-8A6B-01E67BC15D04,English,2013-07-09,,,,http://creativecommons.org/licenses/by/4.0,Missouri Botanical Garden,Missouri Botanical Garden
wfo-0000415647,herbs,habit,3F8032DD-BB2B-4163-A53C-9F0F2A95A3E7,English,2013-07-09,,,,http://creativecommons.org/licenses/by/4.0,Missouri Botanical Garden,Missouri Botanical Garden
wfo-0000503119,Herb,habit,BCA34156-0A65-4435-97E6-B84506453A38,English,2013-03-21,,,,http://creativecommons.org/licenses/by/4.0,Missouri Botanical Garden,Missouri Botanical Garden
wfo-0000415639,herbs,habit,253B4B99-C024-4B9E-B494-86F7A91B46CA,English,2013-07-09,,,,http://creativecommons.org/licenses/by/4.0,Missouri Botanical Garden,Missouri Botanical Garden
wfo-0000417376,herbs,habit,6F527A2A-2A04-47CD-9E18-B06552676C6A,English,2013-07-09,,,,http://creativecommons.org/licenses/by/4.0,Missouri Botanical Garden,Missouri Botanical Garden
wfo-0000501534,shrub,habit,4E8B6826-1D2C-4FCC-AA4E-53EADF264E77,English,2013-01-14,,,,http://creativecommons.org/licenses/by/4.0,Missouri Botanical Garden,Missouri Botanical Garden
wfo-0000388824,shrub,habit,FC46251F-3E7F-4F29-993F-FDD9E54069FC,English,2013-01-14,,,,http://creativecommons.org/licenses/by/4.0,Missouri Botanical Garden,Missouri Botanical Garden
wfo-0000574172,Shrub or small tree,habit,E74B142C-82F2-4CBE-A9DF-8E4138B57D4F,English,2013-03-21,,,,http://creativecommons.org/licenses/by/4.0,Missouri Botanical Garden,Missouri Botanical Garden
wfo-0000502841,Vine shrub,habit,7365F8A0-2655-4028-9E9D-2CD09C031434,English,2013-03-21,,,,http://creativecommons.org/licenses/by/4.0,Missouri Botanical Garden,Missouri Botanical Garden
wfo-4000017383,Herbs,habit,45ED2EBF-168D-4933-B2E3-B000947CE059,English,2013-07-29,,,,http://creativecommons.org/licenses/by/4.0,Missouri Botanical Garden,Missouri Botanical Garden
wfo-4000011103,shrub,habit,"5068C891-30F5-42B3-9337-78F2143CA0B9,71297F14-D7B6-40DC-94C7-C0BB67B655B1",English,2013-01-14,,,,http://creativecommons.org/licenses/by/4.0,Missouri Botanical Garden,Missouri Botanical Garden
wfo-0000633805,Herb suffrutex,habit,026484C9-81DB-47A2-A893-7B63036EC4E7,English,2013-03-21,,,,http://creativecommons.org/licenses/by/4.0,Missouri Botanical Garden,Missouri Botanical Garden
wfo-0000502878,Shrub,habit,B5074071-17A8-4735-A90E-36A825655DA9,English,2013-03-21,,,,http://creativecommons.org/licenses/by/4.0,Missouri Botanical Garden,Missouri Botanical Garden
wfo-0000502835,Shrub or woody vine,habit,FB32654A-1B42-4220-8378-D303F76B7E99,English,2013-03-21,,,,http://creativecommons.org/licenses/by/4.0,Missouri Botanical Garden,Missouri Botanical Garden
wfo-0000501258,Vine,habit,832D68A4-3CFF-45E0-BECE-EDC963006D92,English,2013-03-21,,,,http://creativecommons.org/licenses/by/4.0,Missouri Botanical Garden,Missouri Botanical Garden
wfo-0000502793,Herb suffrutex,habit,2B1A9407-20D4-4A1A-9CAA-F2F9CC295F0B,English,2013-03-21,,,,http://creativecommons.org/licenses/by/4.0,Missouri Botanical Garden,Missouri Botanical Garden
wfo-0000538910,shrub,habit,DA2723F1-B415-44AA-8FEC-D2340AB87178,English,2013-01-14,,,,http://creativecommons.org/licenses/by/4.0,Missouri Botanical Garden,Missouri Botanical Garden
wfo-0000641327,shrub,habit,A9EC1C11-C1DF-41C4-BC8A-3D1A6D53235B,English,2013-01-14,,,,http://creativecommons.org/licenses/by/4.0,Missouri Botanical Garden,Missouri Botanical Garden
wfo-0000468651,shrub,habit,92E607C7-6471-4408-B8FF-E218AE9D052E,English,2013-01-14,,,,http://creativecommons.org/licenses/by/4.0,Missouri Botanical Garden,Missouri Botanical Garden
wfo-0000501443,shrub,habit,94DA31EA-86A4-4461-B06F-972A519B29D6,English,2013-01-14,,,,http://creativecommons.org/licenses/by/4.0,Missouri Botanical Garden,Missouri Botanical Garden
wfo-0000474407,shrub,habit,DDA332F6-42BE-4619-B9BA-52599D774F70,English,2013-01-14,,,,http://creativecommons.org/licenses/by/4.0,Missouri Botanical Garden,Missouri Botanical Garden
wfo-0000641348,shrub,habit,00B7B6AA-83F4-4D68-A244-56F63BA1B630,English,2013-01-14,,,,http://creativecommons.org/licenses/by/4.0,Missouri Botanical Garden,Missouri Botanical Garden
wfo-0000388750,shrub,habit,620F80C8-4DE6-4D81-B267-6424243B7663,English,2013-01-14,,,,http://creativecommons.org/licenses/by/4.0,Missouri Botanical Garden,Missouri Botanical Garden
wfo-0001074547,undershrub,habit,9286ED88-8498-4D78-B842-96FE1B1493C1,English,2013-01-14,,,,http://creativecommons.org/licenses/by/4.0,Missouri Botanical Garden,Missouri Botanical Garden
wfo-0000476873,shrub,habit,C2D67B29-9FA9-4A8A-B07C-5203E1C3799E,English,2013-01-14,,,,http://creativecommons.org/licenses/by/4.0,Missouri Botanical Garden,Missouri Botanical Garden
wfo-0001074562,undershrub,habit,9F281EEC-34B6-41BA-B99D-4BDF4BF261A9,English,2013-01-14,,,,http://creativecommons.org/licenses/by/4.0,Missouri Botanical Garden,Missouri Botanical Garden
wfo-0001074565,shrub,habit,F3A86EAC-F3C7-4E55-9CEE-27F75F58C04E,English,2013-01-14,,,,http://creativecommons.org/licenses/by/4.0,Missouri Botanical Garden,Missouri Botanical Garden
wfo-0001074566,shrub,habit,FEA6A163-E855-4B81-B234-B39ED03F5588,English,2013-01-14,,,,http://creativecommons.org/licenses/by/4.0,Missouri Botanical Garden,Missouri Botanical Garden
wfo-0000468785,shrub,habit,AC7998AA-DF33-43AE-8211-2B5F396BBD5D,English,2013-01-14,,,,http://creativecommons.org/licenses/by/4.0,Missouri Botanical Garden,Missouri Botanical Garden
wfo-0001074572,shrub,habit,06843E32-CBBD-491C-917F-2C9274CB3613,English,2013-01-14,,,,http://creativecommons.org/licenses/by/4.0,Missouri Botanical Garden,Missouri Botanical Garden
wfo-0000404304,herbs,habit,E0EBB65D-C1A1-44AE-B0B9-DCEA8FA307AA,English,2012-12-18,,,,http://creativecommons.org/licenses/by/4.0,Missouri Botanical Garden,Missouri Botanical Garden
wfo-0000630422,herbs,habit,7A0FFBDC-410E-4C7C-AD97-2CB2C8364AD1,English,2012-12-18,,,,http://creativecommons.org/licenses/by/4.0,Missouri Botanical Garden,Missouri Botanical Garden
wfo-0000366823,trees,habit,9AFD15C9-E2D7-448A-A504-6387133192B5,English,2012-12-18,,,,http://creativecommons.org/licenses/by/4.0,Missouri Botanical Garden,Missouri Botanical Garden
wfo-0000531010,herbs,habit,AACF1455-2F83-4C6E-AF54-1C4878019438,English,2012-12-18,,,,http://creativecommons.org/licenses/by/4.0,Missouri Botanical Garden,Missouri Botanical Garden
wfo-0000629888,herbs,habit,84DA574F-523A-45DB-8E86-C4808C2DFA9E,English,2012-12-18,,,,http://creativecommons.org/licenses/by/4.0,Missouri Botanical Garden,Missouri Botanical Garden
wfo-0000530955,herbs,habit,27A11AFF-E28C-4C77-87FA-F97234900DE9,English,2012-12-18,,,,http://creativecommons.org/licenses/by/4.0,Missouri Botanical Garden,Missouri Botanical Garden
wfo-0000629875,herbs,habit,98165C0E-5C89-407C-8BF7-42F7E567EC82,English,2012-12-18,,,,http://creativecommons.org/licenses/by/4.0,Missouri Botanical Garden,Missouri Botanical Garden
wfo-0000629974,shrubs,habit,F7D7F935-2992-4B12-8F2D-877F1AA8C232,English,2012-12-18,,,,http://creativecommons.org/licenses/by/4.0,Missouri Botanical Garden,Missouri Botanical Garden
wfo-0000630105,herbs,habit,CF4157D4-6036-4138-8818-B922B5CAA746,English,2012-12-18,,,,http://creativecommons.org/licenses/by/4.0,Missouri Botanical Garden,Missouri Botanical Garden
wfo-0000630516,herbs,habit,31925E39-98A1-4645-A029-3460135EE545,English,2012-12-18,,,,http://creativecommons.org/licenses/by/4.0,Missouri Botanical Garden,Missouri Botanical Garden
wfo-0000404310,herbs,habit,091F278A-9792-49F1-ACB3-79D8CF128B5C,English,2012-12-18,,,,http://creativecommons.org/licenses/by/4.0,Missouri Botanical Garden,Missouri Botanical Garden
wfo-0000233408,Tree,habit,199E82F4-DE93-410B-8F8F-E20581314970,English,2013-02-07,,,,http://creativecommons.org/licenses/by/4.0,Missouri Botanical Garden,Missouri Botanical Garden
wfo-0000320606,Tree,habit,CA73BA2C-005C-488A-B829-6F9F83D57C80,English,2013-02-07,,,,http://creativecommons.org/licenses/by/4.0,Missouri Botanical Garden,Missouri Botanical Garden
wfo-0001081072,tree,habit,1A3A3670-7371-457D-9463-47DB6FFFAD6B,English,2013-01-10,,,,http://creativecommons.org/licenses/by/4.0,Missouri Botanical Garden,Missouri Botanical Garden
wfo-0000320678,Tree,habit,20F985FC-2B30-46C3-A646-3329C6B0B01F,English,2013-02-07,,,,http://creativecommons.org/licenses/by/4.0,Missouri Botanical Garden,Missouri Botanical Garden
wfo-0000449751,shrub to small tree,habit,8E8E34A3-740E-4910-B87F-54EBD7B83278,English,2013-10-15,,,,http://creativecommons.org/licenses/by/4.0,Missouri Botanical Garden,Missouri Botanical Garden
wfo-0000574580,Shrub or tree,habit,0A6250C2-44DF-4903-8859-C9B243D1CE3D,English,2013-10-03,,,,http://creativecommons.org/licenses/by/4.0,Missouri Botanical Garden,Missouri Botanical Garden
wfo-0000574635,Shrub or small tree,habit,337C31FD-E38B-46AE-8CC3-FB7B8DDEBB77,English,2013-10-03,,,,http://creativecommons.org/licenses/by/4.0,Missouri Botanical Garden,Missouri Botanical Garden
wfo-0000449743,shrub to small tree,habit,EDF29524-DA8D-48A4-8192-991D69805919,English,2013-10-15,,,,http://creativecommons.org/licenses/by/4.0,Missouri Botanical Garden,Missouri Botanical Garden
wfo-0000449909,Lianas or scandent shrubs,habit,08218342-5259-4463-BAC5-DF35D333F174,English,2013-10-15,,,,http://creativecommons.org/licenses/by/4.0,Missouri Botanical Garden,Missouri Botanical Garden
wfo-0000502171,Liana,habit,667070DC-2ECA-4D4F-9164-A1EB76381EC5,English,2013-10-15,,,,http://creativecommons.org/licenses/by/4.0,Missouri Botanical Garden,Missouri Botanical Garden
wfo-0000723879,Liana,habit,A5AF8167-376C-470C-9EB2-5030B20E535B,English,2013-10-07,,,,http://creativecommons.org/licenses/by/4.0,Missouri Botanical Garden,Missouri Botanical Garden
wfo-0000693979,Shrubs,habit,281E2314-0461-4CC2-98FA-53A81387E0F5,English,2013-10-07,,,,http://creativecommons.org/licenses/by/4.0,Missouri Botanical Garden,Missouri Botanical Garden
wfo-0000723880,Lianas,habit,3BBFA959-9AF2-417B-B181-58894C41E7B9,English,2013-10-07,,,,http://creativecommons.org/licenses/by/4.0,Missouri Botanical Garden,Missouri Botanical Garden
wfo-0000502172,Shrub,habit,337D68B8-3B29-471A-974D-C980CF8BF836,English,2013-10-15,,,,http://creativecommons.org/licenses/by/4.0,Missouri Botanical Garden,Missouri Botanical Garden
wfo-0000576794,Tree,habit,000E31C7-92C3-4104-AA17-1EECE9D1568E,English,2013-10-03,,,,http://creativecommons.org/licenses/by/4.0,Missouri Botanical Garden,Missouri Botanical Garden
wfo-0000455869,Liana,habit,F8067074-0FD7-4F25-B888-B29E7815B7EF,English,2013-10-15,,,,http://creativecommons.org/licenses/by/4.0,Missouri Botanical Garden,Missouri Botanical Garden
wfo-0000455870,Liana or scandent shrub,habit,C57864EF-F81C-4B6A-AF51-61E0A6C4B51F,English,2013-10-15,,,,http://creativecommons.org/licenses/by/4.0,Missouri Botanical Garden,Missouri Botanical Garden
wfo-0000721378,Liana,habit,CCDBBADE-BEF1-4E33-853F-D7C766D8A022,English,2013-10-07,,,,http://creativecommons.org/licenses/by/4.0,Missouri Botanical Garden,Missouri Botanical Garden
wfo-0000721469,Liana,habit,9CACE96D-D486-4B90-8C72-A29E54F510A5,English,2013-10-07,,,,http://creativecommons.org/licenses/by/4.0,Missouri Botanical Garden,Missouri Botanical Garden
wfo-0000502260,Liana,habit,6EAE2148-AA89-40F5-918B-002334A281E8,English,2013-10-15,,,,http://creativecommons.org/licenses/by/4.0,Missouri Botanical Garden,Missouri Botanical Garden
wfo-0000559482,Liana,habit,73513FA1-D8B3-408A-8E39-7A39D8D79783,English,2013-10-03,,,,http://creativecommons.org/licenses/by/4.0,Missouri Botanical Garden,Missouri Botanical Garden
wfo-0001078766,Tree,habit,0DE10AA0-2CB2-4723-8F9B-CFF60737BEB1,English,2013-01-10,,,,http://creativecommons.org/licenses/by/4.0,Missouri Botanical Garden,Missouri Botanical Garden
wfo-0000574589,Shrub or small tree,habit,BF99A82E-B7D7-4EA4-9C79-EB2E25BDCC48,English,2013-10-03,,,,http://creativecommons.org/licenses/by/4.0,Missouri Botanical Garden,Missouri Botanical Garden
wfo-0000574630,Shrub or small tree,habit,8D459E5D-5E75-4EEB-AB98-896AB22ADB48,English,2013-10-03,,,,http://creativecommons.org/licenses/by/4.0,Missouri Botanical Garden,Missouri Botanical Garden
wfo-0000574706,Shrub or small tree,habit,6FC600D1-A199-4883-A9B2-987A975A5778,English,2013-10-03,,,,http://creativecommons.org/licenses/by/4.0,Missouri Botanical Garden,Missouri Botanical Garden
wfo-0000574709,Shrub or small tree,habit,7A2FF559-5DC0-4E9D-A7A8-69AA05684052,English,2013-10-03,,,,http://creativecommons.org/licenses/by/4.0,Missouri Botanical Garden,Missouri Botanical Garden
wfo-0000576958,Tree,habit,1F0A7E0E-F4D3-4F5B-B6BC-F221660B1EA7,English,2013-10-07,,,,http://creativecommons.org/licenses/by/4.0,Missouri Botanical Garden,Missouri Botanical Garden
wfo-0001076437,Liana,habit,5D593187-9A58-4ACF-8D7C-DECFB47D02EA,English,2013-10-07,,,,http://creativecommons.org/licenses/by/4.0,Missouri Botanical Garden,Missouri Botanical Garden
wfo-0001078742,Shrub,habit,19696FEA-B1F8-4D53-9158-CA59BDC8F967,English,2013-01-10,,,,http://creativecommons.org/licenses/by/4.0,Missouri Botanical Garden,Missouri Botanical Garden
wfo-0001076438,Liana,habit,0D176D6B-9C26-42A6-8576-3FB982DFCB14,English,2013-10-07,,,,http://creativecommons.org/licenses/by/4.0,Missouri Botanical Garden,Missouri Botanical Garden
wfo-0001076440,lianas,habit,808C42CA-4D4B-4324-93EE-3FDFDA094D5B,English,2013-10-07,,,,http://creativecommons.org/licenses/by/4.0,Missouri Botanical Garden,Missouri Botanical Garden
wfo-0001076441,Lianas,habit,CF932038-F21A-4A23-82C9-344230F4A7DC,English,2013-10-07,,,,http://creativecommons.org/licenses/by/4.0,Missouri Botanical Garden,Missouri Botanical Garden
wfo-0001076442,Lianas,habit,4FDC36D2-36A0-4DCD-B156-2BE2F7472B86,English,2013-10-07,,,,http://creativecommons.org/licenses/by/4.0,Missouri Botanical Garden,Missouri Botanical Garden
wfo-0000723952,Lianas,habit,35C4DCFB-EEEA-4783-866B-EB0A40D76917,English,2013-10-07,,,,http://creativecommons.org/licenses/by/4.0,Missouri Botanical Garden,Missouri Botanical Garden
wfo-0001076443,Lianas,habit,342FFD65-E709-4817-9980-C915B5561EC9,English,2013-10-07,,,,http://creativecommons.org/licenses/by/4.0,Missouri Botanical Garden,Missouri Botanical Garden
wfo-0001076444,shrub,habit,8F287085-08F1-4A8F-91C8-E047002DD089,English,2013-10-15,,,,http://creativecommons.org/licenses/by/4.0,Missouri Botanical Garden,Missouri Botanical Garden
wfo-0000449702,shrub,habit,A0F8E461-3F9C-45C8-9631-3F6ACAEF78FE,English,2013-10-15,,,,http://creativecommons.org/licenses/by/4.0,Missouri Botanical Garden,Missouri Botanical Garden
wfo-0001076445,Lianas,habit,62EAB788-B437-42B8-B580-DDAF5ACE01F7,English,2013-10-15,,,,http://creativecommons.org/licenses/by/4.0,Missouri Botanical Garden,Missouri Botanical Garden
wfo-0000449927,Lianas,habit,1C3D32A9-FE3E-404D-893E-C3C67C54076B,English,2013-10-15,,,,http://creativecommons.org/licenses/by/4.0,Missouri Botanical Garden,Missouri Botanical Garden
wfo-0001076446,Lianas,habit,519F7F92-E32A-400D-B7A2-EB976250B8E8,English,2013-10-15,,,,http://creativecommons.org/licenses/by/4.0,Missouri Botanical Garden,Missouri Botanical Garden
wfo-0001076447,Lianas,habit,36E6AD2A-8333-4705-A1A5-C7762810038D,English,2013-10-15,,,,http://creativecommons.org/licenses/by/4.0,Missouri Botanical Garden,Missouri Botanical Garden
wfo-0001081074,Tree,habit,61AEB526-A089-4935-98D7-171B11F7F794,English,2013-01-10,,,,http://creativecommons.org/licenses/by/4.0,Missouri Botanical Garden,Missouri Botanical Garden
wfo-0000449943,Liana,habit,0947D8B2-D3C9-4597-B539-C7CF2C35084D,English,2013-10-15,,,,http://creativecommons.org/licenses/by/4.0,Missouri Botanical Garden,Missouri Botanical Garden
wfo-0001076449,Tree,habit,210504F0-863F-4EB5-B37D-6928A2A0105F,English,2013-10-15,,,,http://creativecommons.org/licenses/by/4.0,Missouri Botanical Garden,Missouri Botanical Garden
wfo-0001076450,Trees,habit,FD7C4F49-1833-43E3-B2DB-25F1B7E3554C,English,2013-10-15,,,,http://creativecommons.org/licenses/by/4.0,Missouri Botanical Garden,Missouri Botanical Garden
wfo-0000502247,Trees,habit,62FC2C53-CADE-4292-B606-248A6BC88B74,English,2013-10-15,,,,http://creativecommons.org/licenses/by/4.0,Missouri Botanical Garden,Missouri Botanical Garden
wfo-0001076451,trees,habit,3CECFD81-EAAF-41CB-84AE-936EFA570252,English,2013-10-15,,,,http://creativecommons.org/licenses/by/4.0,Missouri Botanical Garden,Missouri Botanical Garden
wfo-0001076452,Liana,habit,1F18B2E6-2061-4121-BBA7-7B1EFF95828D,English,2013-10-15,,,,http://creativecommons.org/licenses/by/4.0,Missouri Botanical Garden,Missouri Botanical Garden
wfo-0001076453,Vine,habit,10F9D17E-1D84-4AE9-BB16-E3EFBB71E122,English,2013-10-15,,,,http://creativecommons.org/licenses/by/4.0,Missouri Botanical Garden,Missouri Botanical Garden
wfo-0001076454,Liana,habit,D46B7724-8209-4AC7-B947-2EC41B34890F,English,2013-10-15,,,,http://creativecommons.org/licenses/by/4.0,Missouri Botanical Garden,Missouri Botanical Garden
wfo-0001076455,"Liana, or rarely a shrub",habit,7826B5A8-C0E5-487B-93A7-887045201C1E,English,2013-10-15,,,,http://creativecommons.org/licenses/by/4.0,Missouri Botanical Garden,Missouri Botanical Garden
wfo-0000455914,Liana or scandent shrub,habit,EF1D527A-2B0D-4E4F-A53D-544B2CDF28AC,English,2013-10-15,,,,http://creativecommons.org/licenses/by/4.0,Missouri Botanical Garden,Missouri Botanical Garden
wfo-0001076456,Liana,habit,0123EF9E-E1F0-43BB-98D6-B9C40AB9EAFE,English,2013-10-15,,,,http://creativecommons.org/licenses/by/4.0,Missouri Botanical Garden,Missouri Botanical Garden
wfo-0001076457,Liana,habit,D95397DD-6D6F-4D32-B74E-89C44E3EC734,English,2013-10-15,,,,http://creativecommons.org/licenses/by/4.0,Missouri Botanical Garden,Missouri Botanical Garden
wfo-0000559421,Liana,habit,34F7184F-4B87-4569-955F-59A239CFFBCE,English,2013-10-03,,,,http://creativecommons.org/licenses/by/4.0,Missouri Botanical Garden,Missouri Botanical Garden
wfo-0000559467,Liana,habit,9468B8A5-314B-4229-A6D7-0D99B59D4E69,English,2013-10-03,,,,http://creativecommons.org/licenses/by/4.0,Missouri Botanical Garden,Missouri Botanical Garden
wfo-0000559490,liana,habit,718CEFCC-C816-45C9-B873-872C2C579EB0,English,2013-10-03,,,,http://creativecommons.org/licenses/by/4.0,Missouri Botanical Garden,Missouri Botanical Garden
wfo-0000721456,Liana or climbing shrub,habit,FEB16F0A-BA62-4D84-A9DF-9C1FC7BD8D31,English,2013-10-07,,,,http://creativecommons.org/licenses/by/4.0,Missouri Botanical Garden,Missouri Botanical Garden
wfo-0001079176,Tree,habit,C2E61892-7FB4-4703-9EDD-EAB2519F5F89,English,2013-01-10,,,,http://creativecommons.org/licenses/by/4.0,Missouri Botanical Garden,Missouri Botanical Garden
wfo-0000721502,liana,habit,9FE726F4-CA5F-4602-B796-83C976066D9F,English,2013-10-07,,,,http://creativecommons.org/licenses/by/4.0,Missouri Botanical Garden,Missouri Botanical Garden
wfo-0000722908,Herb,habit,21896194-AF24-4AC8-A102-90E4EA995F14,English,2013-03-08,,,,http://creativecommons.org/licenses/by/4.0,Missouri Botanical Garden,Missouri Botanical Garden
wfo-0000721494,Liana,habit,3E9B49BD-DC16-44E5-BCB6-A2A9485A6CF5,English,2013-10-07,,,,http://creativecommons.org/licenses/by/4.0,Missouri Botanical Garden,Missouri Botanical Garden
wfo-0000512325,Herb,habit,"8BA3FDAA-562D-4068-83A9-306C088AF080,3FE6BA50-156A-415C-9AD9-0B6F9E051250",English,2013-03-12,,,,http://creativecommons.org/licenses/by/4.0,Missouri Botanical Garden,Missouri Botanical Garden
wfo-0000722349,herb shrub,habit,E654A2EC-4715-4612-B0C5-56CDBDE0FCE1,English,2013-03-08,,,,http://creativecommons.org/licenses/by/4.0,Missouri Botanical Garden,Missouri Botanical Garden
wfo-0000723007,Shrub,habit,311B226A-6641-4215-8CC8-9579F8D34730,English,2013-03-08,,,,http://creativecommons.org/licenses/by/4.0,Missouri Botanical Garden,Missouri Botanical Garden
wfo-0000723020,Herb,habit,AFB006D9-A08B-4C03-9FC2-97F26C5BAEF4,English,2013-03-08,,,,http://creativecommons.org/licenses/by/4.0,Missouri Botanical Garden,Missouri Botanical Garden
wfo-0000449486,Suffrutex shrub,habit,D2DEE625-3376-417E-BFF3-5216399F05A6,English,2013-03-12,,,,http://creativecommons.org/licenses/by/4.0,Missouri Botanical Garden,Missouri Botanical Garden
wfo-0000501894,Herb,habit,296545B2-8458-40F0-9DCE-8B31872149B4,English,2013-03-12,,,,http://creativecommons.org/licenses/by/4.0,Missouri Botanical Garden,Missouri Botanical Garden
wfo-0000505218,Herb suffrutex,habit,C4F9D4B7-5149-4480-AB22-D286BCDE2D0C,English,2013-03-12,,,,http://creativecommons.org/licenses/by/4.0,Missouri Botanical Garden,Missouri Botanical Garden
wfo-0000505486,Herb suffrutex,habit,EAE67184-6903-4337-A002-F87BF3BD462E,English,2013-03-12,,,,http://creativecommons.org/licenses/by/4.0,Missouri Botanical Garden,Missouri Botanical Garden
wfo-0000722975,Herb,habit,EAF6877F-B8F7-4F1C-9F78-4D1027779CCD,English,2013-03-08,,,,http://creativecommons.org/licenses/by/4.0,Missouri Botanical Garden,Missouri Botanical Garden
wfo-0001077669,Shrub or tree,habit,4DD1F112-BE19-45B1-8885-F28FFB6535C5,English,2013-03-08,,,,http://creativecommons.org/licenses/by/4.0,Missouri Botanical Garden,Missouri Botanical Garden
wfo-0000511843,Shrub,habit,DD90131D-DA00-4B8C-88A8-55612BD40AA4,English,2013-03-12,,,,http://creativecommons.org/licenses/by/4.0,Missouri Botanical Garden,Missouri Botanical Garden
wfo-0001079137,Shrub,habit,D3CBF4FB-46DF-4D34-B271-19C818B4A5D1,English,2013-01-10,,,,http://creativecommons.org/licenses/by/4.0,Missouri Botanical Garden,Missouri Botanical Garden
wfo-0001076725,Herb,habit,63F1A6D9-D6D0-4078-A5EA-2F3485280F85,English,2013-03-08,,,,http://creativecommons.org/licenses/by/4.0,Missouri Botanical Garden,Missouri Botanical Garden
wfo-0000474473,Suffrutex shrub,habit,2A2E59F0-A0F2-49CB-B57A-483E18379584,English,2013-03-08,,,,http://creativecommons.org/licenses/by/4.0,Missouri Botanical Garden,Missouri Botanical Garden
wfo-0000474549,Herb suffrutex,habit,18880C45-AB74-4B2F-BBBB-023DD1403137,English,2013-03-08,,,,http://creativecommons.org/licenses/by/4.0,Missouri Botanical Garden,Missouri Botanical Garden
wfo-0001076917,Herb shrub,habit,856E944C-DCFB-4D08-902B-F33D1695C2EC,English,2013-03-08,,,,http://creativecommons.org/licenses/by/4.0,Missouri Botanical Garden,Missouri Botanical Garden
wfo-0000473744,Herb shrub,habit,8FBB4D8F-A8EB-4605-A10E-5E51842F39F4,English,2013-03-08,,,,http://creativecommons.org/licenses/by/4.0,Missouri Botanical Garden,Missouri Botanical Garden
wfo-0000501567,Herb,habit,45E52918-E2FD-4E0F-AB24-3BB0D864E56F,English,2013-03-12,,,,http://creativecommons.org/licenses/by/4.0,Missouri Botanical Garden,Missouri Botanical Garden
wfo-0000501896,Herb,habit,5A7B49FB-E5A2-4D7D-96DC-3D968A4A445F,English,2013-03-12,,,,http://creativecommons.org/licenses/by/4.0,Missouri Botanical Garden,Missouri Botanical Garden
wfo-0000505386,Herb suffrutex,habit,D9D371C5-EB65-466B-91E9-6785FE2F722D,English,2013-03-12,,,,http://creativecommons.org/licenses/by/4.0,Missouri Botanical Garden,Missouri Botanical Garden
wfo-0000505203,Herb shrub,habit,A37621D8-D1BF-4671-9B2B-04B277E5B4BA,English,2013-03-12,,,,http://creativecommons.org/licenses/by/4.0,Missouri Botanical Garden,Missouri Botanical Garden
wfo-0000747779,Herb,habit,91E9403F-6483-41C5-85BF-0ED160F3E73E,English,2013-03-12,,,,http://creativecommons.org/licenses/by/4.0,Missouri Botanical Garden,Missouri Botanical Garden
wfo-0000723037,Shrub,habit,0B5B9B68-C448-4D7E-85F5-9556677DD0A9,English,2013-03-08,,,,http://creativecommons.org/licenses/by/4.0,Missouri Botanical Garden,Missouri Botanical Garden
wfo-0000449783,Herb,habit,"813389A3-24B6-4F2B-A209-503E9C25CA84,F54CCBE2-1184-4152-AD26-65985681D7A5",English,2013-03-08,,,,http://creativecommons.org/licenses/by/4.0,Missouri Botanical Garden,Missouri Botanical Garden
wfo-0000449849,Herb,habit,2E28E24B-84A3-4F2A-B76D-00CA0D0CE153,English,2013-03-08,,,,http://creativecommons.org/licenses/by/4.0,Missouri Botanical Garden,Missouri Botanical Garden
wfo-0000449218,Herb,habit,528A2FF2-0D8C-41CC-9409-139D25434BA5,English,2013-03-08,,,,http://creativecommons.org/licenses/by/4.0,Missouri Botanical Garden,Missouri Botanical Garden
wfo-0000449442,Herb suffrutex,habit,619A662C-4064-4712-BA01-9C2F647D832A,English,2013-03-12,,,,http://creativecommons.org/licenses/by/4.0,Missouri Botanical Garden,Missouri Botanical Garden
wfo-0000449492,Shrub tree,habit,A8B909D4-324F-4164-A2D1-97739E7A2E5B,English,2013-03-08,,,,http://creativecommons.org/licenses/by/4.0,Missouri Botanical Garden,Missouri Botanical Garden
wfo-0000510862,Herb,habit,C19E3AE5-4100-4F90-80B9-FFA9CD27FEC1,English,2013-03-08,,,,http://creativecommons.org/licenses/by/4.0,Missouri Botanical Garden,Missouri Botanical Garden
wfo-0000474481,Herb shrub,habit,94CA3A8A-8B48-46D9-AB6D-44B7048B5D1E,English,2013-03-08,,,,http://creativecommons.org/licenses/by/4.0,Missouri Botanical Garden,Missouri Botanical Garden
wfo-0000473775,Herb suffrutex,habit,6D04D395-0645-49A3-B45F-B859D9C45037,English,2013-03-08,,,,http://creativecommons.org/licenses/by/4.0,Missouri Botanical Garden,Missouri Botanical Garden
wfo-0000473775,shrub,habit,AA438A98-267D-4F88-ABFB-9F2E88181632,English,2013-03-08,,,,http://creativecommons.org/licenses/by/4.0,Missouri Botanical Garden,Missouri Botanical Garden
wfo-0000473805,Shrub tree,habit,FB8D1072-2D0F-4530-9D00-31D44E1E824F,English,2013-03-08,,,,http://creativecommons.org/licenses/by/4.0,Missouri Botanical Garden,Missouri Botanical Garden
wfo-0001079233,tree,habit,20B96477-5464-4F92-81AF-9D351DBDDEE4,English,2013-01-10,,,,http://creativecommons.org/licenses/by/4.0,Missouri Botanical Garden,Missouri Botanical Garden
wfo-0000496936,Herb suffrutex,habit,9213C39F-B90B-49E5-ACCE-BB3E131C8970,English,2013-03-12,,,,http://creativecommons.org/licenses/by/4.0,Missouri Botanical Garden,Missouri Botanical Garden
wfo-0000496936,shrub,habit,70A310F4-3A3C-49D3-A0B9-D73ADA85D91D,English,2013-03-12,,,,http://creativecommons.org/licenses/by/4.0,Missouri Botanical Garden,Missouri Botanical Garden
wfo-0000501732,Herb,habit,06AA5593-1AAD-40A6-A618-83130D29850E,English,2013-03-12,,,,http://creativecommons.org/licenses/by/4.0,Missouri Botanical Garden,Missouri Botanical Garden
wfo-0000501595,Herb suffrutex,habit,A0C4867D-7D77-407E-921C-DC9A39C4B7F0,English,2013-03-12,,,,http://creativecommons.org/licenses/by/4.0,Missouri Botanical Garden,Missouri Botanical Garden
wfo-0000501875,Herb,habit,0A8CE911-4C59-4288-A76F-66152DFB053C,English,2013-03-12,,,,http://creativecommons.org/licenses/by/4.0,Missouri Botanical Garden,Missouri Botanical Garden
wfo-0000505383,Herb shrub,habit,72757DDE-98D7-42E7-B81F-789306133109,English,2013-03-12,,,,http://creativecommons.org/licenses/by/4.0,Missouri Botanical Garden,Missouri Botanical Garden
wfo-0000505360,Herb shrub,habit,1DB1F877-20E9-4945-B8E1-1CA5635032A8,English,2013-03-12,,,,http://creativecommons.org/licenses/by/4.0,Missouri Botanical Garden,Missouri Botanical Garden
wfo-0000455933,Shrub tree,habit,825CA957-7A8E-4FB6-B660-9AE0776CE964,English,2013-03-08,,,,http://creativecommons.org/licenses/by/4.0,Missouri Botanical Garden,Missouri Botanical Garden
wfo-0000427251,Herb suffrutex,habit,72CC33B1-2149-4E4F-B7EA-B8B804EEE51F,English,2013-03-12,,,,http://creativecommons.org/licenses/by/4.0,Missouri Botanical Garden,Missouri Botanical Garden
wfo-0000427251,shrub,habit,5C4109CB-D0E1-4312-B7FE-35C5E9FB3ABE,English,2013-03-12,,,,http://creativecommons.org/licenses/by/4.0,Missouri Botanical Garden,Missouri Botanical Garden
wfo-0000510888,Herb,habit,9DAC6593-5E66-4A40-87A9-6D8DA15F3B7C,English,2013-03-08,,,,http://creativecommons.org/licenses/by/4.0,Missouri Botanical Garden,Missouri Botanical Garden
wfo-0000511929,Herb shrub,habit,0BFAD86E-D67A-4697-AFB3-67A785B6AB64,English,2013-03-12,,,,http://creativecommons.org/licenses/by/4.0,Missouri Botanical Garden,Missouri Botanical Garden
wfo-0000511929,tree,habit,CE7B37EC-5AC3-42FC-A3E1-3057DD3220E5,English,2013-03-12,,,,http://creativecommons.org/licenses/by/4.0,Missouri Botanical Garden,Missouri Botanical Garden
wfo-0000474639,Herb suffrutex,habit,ED6F7490-17C5-49A6-8F3C-367BFD5C63B1,English,2013-03-08,,,,http://creativecommons.org/licenses/by/4.0,Missouri Botanical Garden,Missouri Botanical Garden
wfo-0001077173,Herb shrub,habit,4ABB6323-A6E9-48F1-B0F2-91E5C399B7DF,English,2013-03-08,,,,http://creativecommons.org/licenses/by/4.0,Missouri Botanical Garden,Missouri Botanical Garden
wfo-0000473770,Shrub,habit,94DF4E4E-561A-4B94-8609-DCA188FE042C,English,2013-03-08,,,,http://creativecommons.org/licenses/by/4.0,Missouri Botanical Garden,Missouri Botanical Garden
wfo-0000473746,Suffrutex shrub,habit,97A40CAA-71F3-4543-843A-DBAC023C2C15,English,2013-03-08,,,,http://creativecommons.org/licenses/by/4.0,Missouri Botanical Garden,Missouri Botanical Garden
wfo-0000474524,Herb shrub,habit,2032219D-EB7D-4782-B310-A0B9A546B345,English,2013-03-08,,,,http://creativecommons.org/licenses/by/4.0,Missouri Botanical Garden,Missouri Botanical Garden
wfo-0000473599,Herb suffrutex,habit,D932DA30-81E8-4240-BDF3-8E35F722F39E,English,2013-03-12,,,,http://creativecommons.org/licenses/by/4.0,Missouri Botanical Garden,Missouri Botanical Garden
wfo-0000501799,Herb suffrutex,habit,2F62EAED-3748-4C2E-9A13-6424F1AD09D4,English,2013-03-12,,,,http://creativecommons.org/licenses/by/4.0,Missouri Botanical Garden,Missouri Botanical Garden
wfo-0000427203,Herb shrub,habit,3F8ADDC4-3C5E-437A-AF34-BB8AEC75D64D,English,2013-03-12,,,,http://creativecommons.org/licenses/by/4.0,Missouri Botanical Garden,Missouri Botanical Garden
wfo-0000511832,Herb shrub,habit,BA1AE47D-E980-4234-B2FE-A3D35E710ADA,English,2013-03-12,,,,http://creativecommons.org/licenses/by/4.0,Missouri Botanical Garden,Missouri Botanical Garden
wfo-0001077476,Shrub,habit,BDF0BDBC-F75C-4C2E-A260-327C4EE0F336,English,2013-03-08,,,,http://creativecommons.org/licenses/by/4.0,Missouri Botanical Garden,Missouri Botanical Garden
wfo-0000722456,Herb,habit,34FFB45A-2AAD-4A26-AF6B-B76FE9558F74,English,2013-03-08,,,,http://creativecommons.org/licenses/by/4.0,Missouri Botanical Garden,Missouri Botanical Garden
wfo-0001077477,Shrub tree,habit,674770BA-55EC-4E9F-91C5-03BDF6FF68F4,English,2013-03-08,,,,http://creativecommons.org/licenses/by/4.0,Missouri Botanical Garden,Missouri Botanical Garden
wfo-0000723214,Tree,habit,780A18D8-B391-4965-B450-EBEA56936DF0,English,2013-03-08,,,,http://creativecommons.org/licenses/by/4.0,Missouri Botanical Garden,Missouri Botanical Garden
wfo-0000356153,Herb shrub,habit,850F6B95-F1A5-4131-AF3D-81E60A821AD9,English,2013-03-08,,,,http://creativecommons.org/licenses/by/4.0,Missouri Botanical Garden,Missouri Botanical Garden
wfo-0000381709,Herb shrub,habit,EE463FEB-5625-45F7-8A70-ADCFB4B41F46,English,2013-03-12,,,,http://creativecommons.org/licenses/by/4.0,Missouri Botanical Garden,Missouri Botanical Garden
wfo-0000715343,Shrub tree,habit,1CD21FDC-32EA-487E-A52A-9EA9DDADCD36,English,2013-01-29,,,,http://creativecommons.org/licenses/by/4.0,Missouri Botanical Garden,Missouri Botanical Garden
wfo-0000427236,Herb suffrutex,habit,"ED98BCAF-1250-411C-B78A-DBEE41BB39AD,33982B41-D5DE-4035-BBF0-425784C278D4",English,2013-03-12,,,,http://creativecommons.org/licenses/by/4.0,Missouri Botanical Garden,Missouri Botanical Garden
wfo-0001078271,vine,habit,510B2F44-27E5-4801-B923-00B3F0B38B19,English,2013-04-05,,,,http://creativecommons.org/licenses/by/4.0,Missouri Botanical Garden,Missouri Botanical Garden
wfo-0000382229,shrub or vine,habit,962E4552-E6C0-497A-BCCD-BC3B9F9BE486,English,2013-04-05,,,,http://creativecommons.org/licenses/by/4.0,Missouri Botanical Garden,Missouri Botanical Garden
wfo-0001078308,shrub,habit,F976FE5E-6A41-4714-9B26-0656C9EDB7DE,English,2013-04-05,,,,http://creativecommons.org/licenses/by/4.0,Missouri Botanical Garden,Missouri Botanical Garden
wfo-0001078309,shrub,habit,B6CC4363-8501-47EF-BC69-D6B0382565F4,English,2013-04-05,,,,http://creativecommons.org/licenses/by/4.0,Missouri Botanical Garden,Missouri Botanical Garden
wfo-0000450728,vine or liana,habit,A9DC2C03-0534-4A94-B4EA-52058A91988E,English,2013-04-05,,,,http://creativecommons.org/licenses/by/4.0,Missouri Botanical Garden,Missouri Botanical Garden
wfo-0000450724,vine,habit,B4A42138-723F-4201-94D7-837428867474,English,2013-04-05,,,,http://creativecommons.org/licenses/by/4.0,Missouri Botanical Garden,Missouri Botanical Garden
wfo-0000450704,vine,habit,27154954-986A-4413-ACA1-A1038162CC44,English,2013-04-05,,,,http://creativecommons.org/licenses/by/4.0,Missouri Botanical Garden,Missouri Botanical Garden
wfo-0000450703,shrub or vine,habit,2E49EE8E-ED94-4EB3-B7BE-5C1013516002,English,2013-04-05,,,,http://creativecommons.org/licenses/by/4.0,Missouri Botanical Garden,Missouri Botanical Garden
wfo-0000382457,shrub or liana,habit,6CC8C2EC-6B95-40F1-9ABA-F8FDCE961EF7,English,2013-04-05,,,,http://creativecommons.org/licenses/by/4.0,Missouri Botanical Garden,Missouri Botanical Garden
wfo-0001078314,shrub or vine,habit,D4D8FFF0-749E-4C2D-B02A-BEF9B46A312E,English,2013-04-05,,,,http://creativecommons.org/licenses/by/4.0,Missouri Botanical Garden,Missouri Botanical Garden
wfo-0000504993,shrub or liana,habit,834FA42A-5D70-4852-8AAB-805891A6E83A,English,2013-04-05,,,,http://creativecommons.org/licenses/by/4.0,Missouri Botanical Garden,Missouri Botanical Garden
wfo-0000505009,Liana or scandent shrub,habit,326CFCEC-FE7D-42B5-B2AA-263630DD2AA2,English,2013-04-05,,,,http://creativecommons.org/licenses/by/4.0,Missouri Botanical Garden,Missouri Botanical Garden
wfo-0001078316,shrub or liana,habit,7AD9D8CB-99D5-4D88-B668-1E3CA01BF23D,English,2013-04-05,,,,http://creativecommons.org/licenses/by/4.0,Missouri Botanical Garden,Missouri Botanical Garden
wfo-0001078317,shrub or liana,habit,E39F2758-E21E-4EE0-BCA9-E38FE6DEBAF8,English,2013-04-05,,,,http://creativecommons.org/licenses/by/4.0,Missouri Botanical Garden,Missouri Botanical Garden
wfo-0001078705,herb,habit,32506FAF-1162-4617-8FF1-19264C26FC69,English,2013-01-10,,,,http://creativecommons.org/licenses/by/4.0,Missouri Botanical Garden,Missouri Botanical Garden
wfo-0001078739,Shrub,habit,97421DC7-EDBE-4205-987E-53FE2A3BEFC3,English,2013-01-10,,,,http://creativecommons.org/licenses/by/4.0,Missouri Botanical Garden,Missouri Botanical Garden
wfo-0001078765,tree,habit,0BA713C9-5536-4E8C-8D7D-CF82765D042D,English,2013-01-10,,,,http://creativecommons.org/licenses/by/4.0,Missouri Botanical Garden,Missouri Botanical Garden
wfo-0001078807,Shrub tree,habit,5AB055D2-A4D1-4AE6-95D5-F0FA18B7CF33,English,2013-01-10,,,,http://creativecommons.org/licenses/by/4.0,Missouri Botanical Garden,Missouri Botanical Garden
wfo-0001078809,Shrub tree,habit,D40F28A9-2290-4245-B85D-6FFD7768C2F5,English,2013-01-10,,,,http://creativecommons.org/licenses/by/4.0,Missouri Botanical Garden,Missouri Botanical Garden
wfo-0001078818,tree,habit,7A0FC95B-86A5-499E-9D3C-BC98D3E6DC6A,English,2013-01-10,,,,http://creativecommons.org/licenses/by/4.0,Missouri Botanical Garden,Missouri Botanical Garden
wfo-0001080580,Shrub,habit,DC06F006-294D-4B5D-BB0E-E9D6AB6CB20A,English,2013-01-10,,,,http://creativecommons.org/licenses/by/4.0,Missouri Botanical Garden,Missouri Botanical Garden
wfo-0001078821,Shrub tree,habit,05721D9E-C5E1-4DA8-844F-9F633585CBEF,English,2013-01-10,,,,http://creativecommons.org/licenses/by/4.0,Missouri Botanical Garden,Missouri Botanical Garden
wfo-0001078823,Shrub,habit,DB3B7367-99AF-44D0-86EF-1D7ACF172E15,English,2013-01-10,,,,http://creativecommons.org/licenses/by/4.0,Missouri Botanical Garden,Missouri Botanical Garden
wfo-0001080900,Shrub tree,habit,294FD239-6C76-4244-B35A-5E81CA3A3712,English,2013-01-10,,,,http://creativecommons.org/licenses/by/4.0,Missouri Botanical Garden,Missouri Botanical Garden
wfo-0001078830,Shrub,habit,6E944740-2887-45CE-9DCD-F0DD351755AA,English,2013-01-10,,,,http://creativecommons.org/licenses/by/4.0,Missouri Botanical Garden,Missouri Botanical Garden
wfo-0001078832,Shrub,habit,87C7183F-98B1-4EAF-A0FB-BD31B8416748,English,2013-01-10,,,,http://creativecommons.org/licenses/by/4.0,Missouri Botanical Garden,Missouri Botanical Garden
wfo-0001078843,Shrub,habit,811AEE12-C844-448A-81FC-3ADB1B1DF2B0,English,2013-01-10,,,,http://creativecommons.org/licenses/by/4.0,Missouri Botanical Garden,Missouri Botanical Garden
wfo-0001078981,tree,habit,8A670333-2FFC-4DBA-A7FF-AAB9AF2F45B8,English,2013-01-10,,,,http://creativecommons.org/licenses/by/4.0,Missouri Botanical Garden,Missouri Botanical Garden
wfo-0001078847,Shrub tree,habit,0F6617A4-DCAC-4C38-B8F9-2DFD34A8DF6C,English,2013-01-10,,,,http://creativecommons.org/licenses/by/4.0,Missouri Botanical Garden,Missouri Botanical Garden
wfo-0001078848,Shrub,habit,F96C5868-A44F-40C9-8FFC-52FB6DDF11A1,English,2013-01-10,,,,http://creativecommons.org/licenses/by/4.0,Missouri Botanical Garden,Missouri Botanical Garden
wfo-0001078932,Shrub,habit,EB39CF6A-1AFA-4254-A254-3CF9663D649A,English,2013-01-10,,,,http://creativecommons.org/licenses/by/4.0,Missouri Botanical Garden,Missouri Botanical Garden
wfo-0001079088,Tree,habit,C9FA3A51-D6A4-42B7-99C9-AAD5ED0BB841,English,2013-01-10,,,,http://creativecommons.org/licenses/by/4.0,Missouri Botanical Garden,Missouri Botanical Garden
wfo-0001079138,Shrub,habit,923E3B89-5957-4E45-AC4E-1DBEF6233C06,English,2013-01-10,,,,http://creativecommons.org/licenses/by/4.0,Missouri Botanical Garden,Missouri Botanical Garden
wfo-0001079177,tree,habit,157A30D9-4354-4D10-A5ED-4DDFE5E60C2F,English,2013-01-10,,,,http://creativecommons.org/licenses/by/4.0,Missouri Botanical Garden,Missouri Botanical Garden
wfo-0001079188,Shrub,habit,BDD2B763-0A1C-45AC-ABFB-E8CF69095A4D,English,2013-01-10,,,,http://creativecommons.org/licenses/by/4.0,Missouri Botanical Garden,Missouri Botanical Garden
wfo-0001079356,Shrub tree,habit,3A6DA76F-945F-4D4D-A90D-46867167075D,English,2013-01-10,,,,http://creativecommons.org/licenses/by/4.0,Missouri Botanical Garden,Missouri Botanical Garden
wfo-0001079646,Shrub,habit,6B1F3EC6-969B-4484-962C-A50C99C5B189,English,2013-01-10,,,,http://creativecommons.org/licenses/by/4.0,Missouri Botanical Garden,Missouri Botanical Garden
wfo-0001079648,Shrub,habit,0F6D7847-FA16-4BC4-A77D-221D8E9FB42E,English,2013-01-10,,,,http://creativecommons.org/licenses/by/4.0,Missouri Botanical Garden,Missouri Botanical Garden
wfo-0001079668,Shrub tree,habit,4C9A6CE2-06D7-4A75-822F-BAF53DB604EA,English,2013-01-10,,,,http://creativecommons.org/licenses/by/4.0,Missouri Botanical Garden,Missouri Botanical Garden
wfo-0001080748,Shrub,habit,FED07615-1822-4CEF-A845-ACB069A32C10,English,2013-01-10,,,,http://creativecommons.org/licenses/by/4.0,Missouri Botanical Garden,Missouri Botanical Garden
wfo-0001079806,Shrub,habit,62458610-B184-41D2-82BD-AB4EE91437C3,English,2013-01-10,,,,http://creativecommons.org/licenses/by/4.0,Missouri Botanical Garden,Missouri Botanical Garden
wfo-0001079844,tree,habit,74816167-889D-4654-8614-E690C3553D41,English,2013-01-10,,,,http://creativecommons.org/licenses/by/4.0,Missouri Botanical Garden,Missouri Botanical Garden
wfo-0001079854,shrub tree,habit,3CA22CFE-49A8-4337-82F6-8951691839E5,English,2013-01-10,,,,http://creativecommons.org/licenses/by/4.0,Missouri Botanical Garden,Missouri Botanical Garden
wfo-0001079891,Shrub tree,habit,0C0E68A4-1FB5-4538-9104-20615CDFEB3F,English,2013-01-10,,,,http://creativecommons.org/licenses/by/4.0,Missouri Botanical Garden,Missouri Botanical Garden
wfo-0001080535,tree,habit,A8C50B48-D042-46BC-AE83-806CD93662B4,English,2013-01-10,,,,http://creativecommons.org/licenses/by/4.0,Missouri Botanical Garden,Missouri Botanical Garden
wfo-0001080546,Shrub tree,habit,46FF8DC4-20EF-4E89-8772-7BE273F87EB5,English,2013-01-10,,,,http://creativecommons.org/licenses/by/4.0,Missouri Botanical Garden,Missouri Botanical Garden
wfo-0001080582,Shrub,habit,8DE132C6-2160-4BAE-9590-59BA4D0F057C,English,2013-01-10,,,,http://creativecommons.org/licenses/by/4.0,Missouri Botanical Garden,Missouri Botanical Garden
wfo-0001080763,Shrub tree,habit,F7D1A01D-6682-4D10-9B64-F0A1D5DE26BD,English,2013-01-10,,,,http://creativecommons.org/licenses/by/4.0,Missouri Botanical Garden,Missouri Botanical Garden
wfo-0001081149,Shrub tree,habit,15B998D8-56F8-4487-9D61-03AEE06B9086,English,2013-01-10,,,,http://creativecommons.org/licenses/by/4.0,Missouri Botanical Garden,Missouri Botanical Garden
wfo-0001080774,Shrub,habit,291EB2AD-C07D-4FC8-BF8F-C34A0F665471,English,2013-01-10,,,,http://creativecommons.org/licenses/by/4.0,Missouri Botanical Garden,Missouri Botanical Garden
wfo-0001081043,Shrub,habit,E1E8C0AE-E51C-4AAC-9107-7BA7885777F1,English,2013-01-10,,,,http://creativecommons.org/licenses/by/4.0,Missouri Botanical Garden,Missouri Botanical Garden
wfo-0001080910,Shrub tree,habit,3260496F-9E51-4EBD-90D9-56550171C460,English,2013-01-10,,,,http://creativecommons.org/licenses/by/4.0,Missouri Botanical Garden,Missouri Botanical Garden
wfo-0001080958,woody herb,habit,59643489-B592-404D-8EC4-F8093CEFEDE4,English,2013-01-10,,,,http://creativecommons.org/licenses/by/4.0,Missouri Botanical Garden,Missouri Botanical Garden
wfo-0001080944,shrub,habit,E43A04E1-1B01-4937-9A2B-ACDC0AABC67B,English,2013-01-10,,,,http://creativecommons.org/licenses/by/4.0,Missouri Botanical Garden,Missouri Botanical Garden
wfo-0001080969,shrub,habit,0AE4C35F-8C77-4105-A2AD-562F6470E72F,English,2013-01-10,,,,http://creativecommons.org/licenses/by/4.0,Missouri Botanical Garden,Missouri Botanical Garden
wfo-0001081016,Tree,habit,7383195C-72EA-408A-A676-B765D677F9CB,English,2013-01-10,,,,http://creativecommons.org/licenses/by/4.0,Missouri Botanical Garden,Missouri Botanical Garden
wfo-0001081017,shrub,habit,4AD30786-5510-4E77-9C7F-CE6CA1BD581D,English,2013-01-10,,,,http://creativecommons.org/licenses/by/4.0,Missouri Botanical Garden,Missouri Botanical Garden
wfo-0001081019,Shrub,habit,44150FEC-6007-4BF1-BCEB-94A265DB7A0D,English,2013-01-10,,,,http://creativecommons.org/licenses/by/4.0,Missouri Botanical Garden,Missouri Botanical Garden
wfo-0001081021,Tree,habit,BAE87157-7F90-4FE0-95B3-DF6EA07B32A8,English,2013-01-10,,,,http://creativecommons.org/licenses/by/4.0,Missouri Botanical Garden,Missouri Botanical Garden
wfo-0001081024,tree,habit,B1499C11-5541-4587-A17E-E88AB6988D50,English,2013-01-10,,,,http://creativecommons.org/licenses/by/4.0,Missouri Botanical Garden,Missouri Botanical Garden
wfo-0001081022,shrub vine,habit,302F3C98-0796-4C8E-9D64-725941BFF756,English,2013-01-10,,,,http://creativecommons.org/licenses/by/4.0,Missouri Botanical Garden,Missouri Botanical Garden
wfo-0001081025,tree,habit,FD76F153-C88D-48A0-A499-DB95494C8A87,English,2013-01-10,,,,http://creativecommons.org/licenses/by/4.0,Missouri Botanical Garden,Missouri Botanical Garden
wfo-0001081027,Shrub tree,habit,240B6227-5359-4E58-B421-ED72F1F71B50,English,2013-01-10,,,,http://creativecommons.org/licenses/by/4.0,Missouri Botanical Garden,Missouri Botanical Garden
wfo-0001081032,Shrub,habit,F73CFFD6-AAA0-4AD4-A017-BFB8A62F1E32,English,2013-01-10,,,,http://creativecommons.org/licenses/by/4.0,Missouri Botanical Garden,Missouri Botanical Garden
wfo-0001081053,Shrub,habit,5D959427-4E0C-450F-9B0F-8B5D7E11A97D,English,2013-01-10,,,,http://creativecommons.org/licenses/by/4.0,Missouri Botanical Garden,Missouri Botanical Garden
wfo-0001081035,Shrub,habit,269AB5C3-A688-47B9-B099-5961F49AF9E5,English,2013-01-10,,,,http://creativecommons.org/licenses/by/4.0,Missouri Botanical Garden,Missouri Botanical Garden
wfo-0001081041,Shrub,habit,76FDBB5F-4469-4DAA-851C-93198FEE7AD8,English,2013-01-10,,,,http://creativecommons.org/licenses/by/4.0,Missouri Botanical Garden,Missouri Botanical Garden
wfo-0000159171,Shrub,habit,9F354A43-C2A4-42B6-A91A-D1AE78E388E1,English,2013-01-10,,,,http://creativecommons.org/licenses/by/4.0,Missouri Botanical Garden,Missouri Botanical Garden
wfo-0001081044,Shrub,habit,15A37E2E-B828-4967-AFA0-051B5FAB6C3F,English,2013-01-10,,,,http://creativecommons.org/licenses/by/4.0,Missouri Botanical Garden,Missouri Botanical Garden
wfo-0001081046,Shrub,habit,8CC4DEDB-40B3-45B9-936A-49C5A5F98591,English,2013-01-10,,,,http://creativecommons.org/licenses/by/4.0,Missouri Botanical Garden,Missouri Botanical Garden
wfo-0001081051,Tree,habit,038E9C32-71D3-4154-BF05-BC22E6832EDE,English,2013-01-10,,,,http://creativecommons.org/licenses/by/4.0,Missouri Botanical Garden,Missouri Botanical Garden
wfo-0001081050,Shrub,habit,5B3F6A93-E413-4AB3-8868-C019C1422D7B,English,2013-01-10,,,,http://creativecommons.org/licenses/by/4.0,Missouri Botanical Garden,Missouri Botanical Garden
wfo-0001081054,Tree,habit,"69CD7D60-EF37-45B5-95AC-B8E7B5BF2053,90589F56-6B89-444F-86D6-647FB3524199",English,2013-01-10,,,,http://creativecommons.org/licenses/by/4.0,Missouri Botanical Garden,Missouri Botanical Garden
wfo-0001081058,Shrub,habit,F69955E8-19BE-4200-AD76-8AFA949A9C95,English,2013-01-10,,,,http://creativecommons.org/licenses/by/4.0,Missouri Botanical Garden,Missouri Botanical Garden
wfo-0001081066,tree,habit,4D110B4B-FD55-4D0E-B9F9-7CAD89B9B15A,English,2013-01-10,,,,http://creativecommons.org/licenses/by/4.0,Missouri Botanical Garden,Missouri Botanical Garden
wfo-0001081068,tree,habit,A3988705-4FA1-41D9-B799-B1535CF1FE95,English,2013-01-10,,,,http://creativecommons.org/licenses/by/4.0,Missouri Botanical Garden,Missouri Botanical Garden
wfo-0001081073,Tree,habit,FCCFEB16-1589-454C-8222-B754924B2302,English,2013-01-10,,,,http://creativecommons.org/licenses/by/4.0,Missouri Botanical Garden,Missouri Botanical Garden
wfo-0001081076,shrub tree,habit,C06CC629-2DD1-42FB-9C77-74BF0E98D35B,English,2013-01-10,,,,http://creativecommons.org/licenses/by/4.0,Missouri Botanical Garden,Missouri Botanical Garden
wfo-0001081085,Shrub,habit,D076BEDB-3D10-4778-8B0F-5851826A8F34,English,2013-01-10,,,,http://creativecommons.org/licenses/by/4.0,Missouri Botanical Garden,Missouri Botanical Garden
wfo-0001081087,tree,habit,6E1EA154-CBBC-469A-951F-5585650F0FE8,English,2013-01-10,,,,http://creativecommons.org/licenses/by/4.0,Missouri Botanical Garden,Missouri Botanical Garden
wfo-0001081094,Shrub,habit,DD0AD361-5522-4237-9BED-A627A3C85430,English,2013-01-10,,,,http://creativecommons.org/licenses/by/4.0,Missouri Botanical Garden,Missouri Botanical Garden
wfo-0001081096,Shrub,habit,B80BF8F2-CA1F-46BE-95AC-E590F0342A47,English,2013-01-10,,,,http://creativecommons.org/licenses/by/4.0,Missouri Botanical Garden,Missouri Botanical Garden
wfo-0001081097,Shrub,habit,385B2EB6-7696-490D-B4E9-1BB01046F890,English,2013-01-10,,,,http://creativecommons.org/licenses/by/4.0,Missouri Botanical Garden,Missouri Botanical Garden
wfo-0001081132,shrub,habit,B5EA30FD-C17D-4CCA-94C5-2D10CB478EFF,English,2013-01-10,,,,http://creativecommons.org/licenses/by/4.0,Missouri Botanical Garden,Missouri Botanical Garden
wfo-0001081098,Shrub,habit,836BBD81-90B3-4956-996B-421A20C54D3C,English,2013-01-10,,,,http://creativecommons.org/licenses/by/4.0,Missouri Botanical Garden,Missouri Botanical Garden
wfo-0001081102,shrub,habit,241B6AF0-01A7-46B2-BA1C-0B960704906D,English,2013-01-10,,,,http://creativecommons.org/licenses/by/4.0,Missouri Botanical Garden,Missouri Botanical Garden
wfo-0001081103,Shrub,habit,7E094AE8-89D5-4E09-B13A-F1C54ECA1C6F,English,2013-01-10,,,,http://creativecommons.org/licenses/by/4.0,Missouri Botanical Garden,Missouri Botanical Garden
wfo-0001081104,shrub,habit,554EA56E-592B-4E7B-A65D-8928AA794D78,English,2013-01-10,,,,http://creativecommons.org/licenses/by/4.0,Missouri Botanical Garden,Missouri Botanical Garden
wfo-0001081179,Shrub tree,habit,76062F45-C36F-41D3-9B36-AAAFAC60B3CE,English,2013-01-10,,,,http://creativecommons.org/licenses/by/4.0,Missouri Botanical Garden,Missouri Botanical Garden
wfo-0001081106,Shrub,habit,C37CF417-14D2-405A-BB3A-ABC17FC7E29E,English,2013-01-10,,,,http://creativecommons.org/licenses/by/4.0,Missouri Botanical Garden,Missouri Botanical Garden
wfo-0001081137,Shrub,habit,06F19415-EC1B-4349-9486-C4431EE95867,English,2013-01-10,,,,http://creativecommons.org/licenses/by/4.0,Missouri Botanical Garden,Missouri Botanical Garden
wfo-0001081138,Shrub tree,habit,AA71FC94-178A-40D0-A803-AA9575E724EF,English,2013-01-10,,,,http://creativecommons.org/licenses/by/4.0,Missouri Botanical Garden,Missouri Botanical Garden
wfo-0001081139,Shrub,habit,8B8D71AA-1038-48F9-965A-F7776B7CD189,English,2013-01-10,,,,http://creativecommons.org/licenses/by/4.0,Missouri Botanical Garden,Missouri Botanical Garden
wfo-0001081146,tree,habit,"4F25C275-5110-4DD6-A9C1-9DB20188C4F8,976044E0-2080-4DC1-B182-0F2D40A5B443",English,2013-01-10,,,,http://creativecommons.org/licenses/by/4.0,Missouri Botanical Garden,Missouri Botanical Garden
wfo-0001081153,Shrub,habit,"60D1202A-3D11-4FC5-8177-68E24D277B74,384581DD-57E4-4DCC-A057-EDBFEB408D0C",English,2013-01-10,,,,http://creativecommons.org/licenses/by/4.0,Missouri Botanical Garden,Missouri Botanical Garden
wfo-0001081167,Shrub,habit,EB703E14-2986-4696-9C5A-A16435D36A4F,English,2013-01-10,,,,http://creativecommons.org/licenses/by/4.0,Missouri Botanical Garden,Missouri Botanical Garden
wfo-0001081187,Shrub,habit,2C2BBC58-3E60-4212-9782-C5194351D63E,English,2013-01-10,,,,http://creativecommons.org/licenses/by/4.0,Missouri Botanical Garden,Missouri Botanical Garden
wfo-0001081188,Shrub,habit,6F778AF7-F586-464C-83E7-728C7B628899,English,2013-01-10,,,,http://creativecommons.org/licenses/by/4.0,Missouri Botanical Garden,Missouri Botanical Garden
wfo-0001081192,tree,habit,87C6B52D-1B16-46BF-B478-969C66C1B961,English,2013-01-10,,,,http://creativecommons.org/licenses/by/4.0,Missouri Botanical Garden,Missouri Botanical Garden
wfo-0001081194,Shrub,habit,1412C1E9-3ACC-4DE3-B08D-B5A22B7550B1,English,2013-01-10,,,,http://creativecommons.org/licenses/by/4.0,Missouri Botanical Garden,Missouri Botanical Garden
wfo-0001081195,Shrub tree,habit,1C74F42B-CB65-486A-9E01-C0811BCCB99E,English,2013-01-10,,,,http://creativecommons.org/licenses/by/4.0,Missouri Botanical Garden,Missouri Botanical Garden
wfo-0001081205,shrub,habit,04B0D3D3-2806-48E4-9843-22BFC3059DE9,English,2013-01-10,,,,http://creativecommons.org/licenses/by/4.0,Missouri Botanical Garden,Missouri Botanical Garden
wfo-0000505131,Tree,habit,F6DC10D5-187B-4D4B-B4E2-F150DD1D5FD2,English,2013-03-07,,,,http://creativecommons.org/licenses/by/4.0,Missouri Botanical Garden,Missouri Botanical Garden
wfo-0000592382,Tree,habit,8F0A743A-75C3-474D-AFE5-0A45FA1B5F36,English,2013-03-07,,,,http://creativecommons.org/licenses/by/4.0,Missouri Botanical Garden,Missouri Botanical Garden
wfo-0000710891,Tree,habit,EA3F62AB-69E7-4087-BDC6-DF28A4589B99,English,2013-03-07,,,,http://creativecommons.org/licenses/by/4.0,Missouri Botanical Garden,Missouri Botanical Garden
wfo-0000710929,Tree,habit,6916EDCA-C9C2-4277-A241-BB73D9980688,English,2013-03-07,,,,http://creativecommons.org/licenses/by/4.0,Missouri Botanical Garden,Missouri Botanical Garden
wfo-4000033943,herb,habit,74F5D661-A628-4762-82FA-F8FD36BC13F9,English,2013-01-11,,,,http://creativecommons.org/licenses/by/4.0,Missouri Botanical Garden,Missouri Botanical Garden
wfo-4000011487,Herbs or shrubs,habit,FBC469C4-687D-4ED2-9125-E3946DA4DCD5,English,2013-07-25,,,,http://creativecommons.org/licenses/by/4.0,Missouri Botanical Garden,Missouri Botanical Garden
wfo-4000000283,Shrubs trees,habit,"66C2EFC5-DDF6-4F88-B589-87E58EB34BE0,7511B7B2-BB02-4BB3-A2FF-6402FFFAFBE7",English,2013-03-20,,,,http://creativecommons.org/licenses/by/4.0,Missouri Botanical Garden,Missouri Botanical Garden
wfo-0000711098,Tree,habit,7C1C10E9-E59B-4E86-9DF4-931143859832,English,2013-03-07,,,,http://creativecommons.org/licenses/by/4.0,Missouri Botanical Garden,Missouri Botanical Garden
wfo-0001083462,Tree,habit,D872AC58-CF2F-47EB-BCB1-E88A11A8DF14,English,2013-03-07,,,,http://creativecommons.org/licenses/by/4.0,Missouri Botanical Garden,Missouri Botanical Garden
wfo-0000455473,Tree,habit,A5A6BE6C-12EE-4765-AC37-C622F43F0C12,English,2013-03-07,,,,http://creativecommons.org/licenses/by/4.0,Missouri Botanical Garden,Missouri Botanical Garden
wfo-0000455422,Tree,habit,90AECA51-8C26-4DE2-B6C8-BD816203DA74,English,2013-03-07,,,,http://creativecommons.org/licenses/by/4.0,Missouri Botanical Garden,Missouri Botanical Garden
wfo-0000455708,Tree,habit,E2BC83D7-6A80-455C-B188-9F7EFF647707,English,2013-03-07,,,,http://creativecommons.org/licenses/by/4.0,Missouri Botanical Garden,Missouri Botanical Garden
wfo-0000710909,Tree,habit,0DC67BC0-CD31-4AE9-9C72-8A77271B2970,English,2013-03-07,,,,http://creativecommons.org/licenses/by/4.0,Missouri Botanical Garden,Missouri Botanical Garden
wfo-0000455455,Tree,habit,004A74F1-7682-46DE-82BB-43C289914596,English,2013-03-07,,,,http://creativecommons.org/licenses/by/4.0,Missouri Botanical Garden,Missouri Botanical Garden
wfo-0000592446,Tree,habit,6AA73694-6E2B-4027-8AF5-74193751CAE5,English,2013-03-07,,,,http://creativecommons.org/licenses/by/4.0,Missouri Botanical Garden,Missouri Botanical Garden
wfo-0000455417,Shrub or small tree,habit,213528DC-9B60-41FD-8443-FB6C62FDDEE0,English,2013-03-07,,,,http://creativecommons.org/licenses/by/4.0,Missouri Botanical Garden,Missouri Botanical Garden
wfo-0000586378,Tree,habit,7451A658-1DAC-441D-9F4A-F67F887423D9,English,2013-03-07,,,,http://creativecommons.org/licenses/by/4.0,Missouri Botanical Garden,Missouri Botanical Garden
wfo-0000586391,Tree,habit,F5B53A1B-8920-42EF-BFAF-6982F2B8022B,English,2013-03-07,,,,http://creativecommons.org/licenses/by/4.0,Missouri Botanical Garden,Missouri Botanical Garden
wfo-0000592477,Tree,habit,7C9ED680-D2AB-4DA4-B4A3-D066C521BB7A,English,2013-03-07,,,,http://creativecommons.org/licenses/by/4.0,Missouri Botanical Garden,Missouri Botanical Garden
wfo-0000455630,Shrub or tree,habit,1734F821-3D44-489A-88EF-F968D4DA95E6,English,2013-03-07,,,,http://creativecommons.org/licenses/by/4.0,Missouri Botanical Garden,Missouri Botanical Garden
wfo-0000455564,Tree,habit,E4254096-96AC-4E02-BD36-5BAC1B5E17A4,English,2013-03-07,,,,http://creativecommons.org/licenses/by/4.0,Missouri Botanical Garden,Missouri Botanical Garden
wfo-0000394963,Tree,habit,BF059ECD-D4BB-40A0-B6F0-0DC88F3A126C,English,2013-01-22,,,,http://creativecommons.org/licenses/by/4.0,Missouri Botanical Garden,Missouri Botanical Garden
wfo-0000605874,Shrub,habit,4D68B867-628A-4538-979E-B396B843D749,English,2013-02-07,,,,http://creativecommons.org/licenses/by/4.0,Missouri Botanical Garden,Missouri Botanical Garden
wfo-0000605794,Shrub,habit,92EF45A7-A605-44A2-855C-14F0270494C1,English,2013-02-07,,,,http://creativecommons.org/licenses/by/4.0,Missouri Botanical Garden,Missouri Botanical Garden
wfo-0000388728,shrubs,habit,96D364F6-2E28-4B14-BBE3-8F8CBA29B556,English,2013-02-07,,,,http://creativecommons.org/licenses/by/4.0,Missouri Botanical Garden,Missouri Botanical Garden
wfo-0000605931,herb,habit,94215D2D-AE80-4025-B32A-B2088AC092BE,English,2013-02-07,,,,http://creativecommons.org/licenses/by/4.0,Missouri Botanical Garden,Missouri Botanical Garden
wfo-0000603247,Shrub,habit,CB393129-D9CC-478E-AF79-E5727BF34A23,English,2013-02-07,,,,http://creativecommons.org/licenses/by/4.0,Missouri Botanical Garden,Missouri Botanical Garden
wfo-0001083848,trees,habit,8E8A1899-1C20-4AC5-986A-FA99125DB5E8,English,2013-02-07,,,,http://creativecommons.org/licenses/by/4.0,Missouri Botanical Garden,Missouri Botanical Garden
wfo-0001083850,shrubs,habit,8CADB5EE-7B4F-4985-9170-2605911D3A83,English,2013-02-07,,,,http://creativecommons.org/licenses/by/4.0,Missouri Botanical Garden,Missouri Botanical Garden
wfo-0000727246,vines,habit,15DB983F-AFE3-4D1A-9727-1C14662E55D2,English,2013-02-07,,,,http://creativecommons.org/licenses/by/4.0,Missouri Botanical Garden,Missouri Botanical Garden
wfo-0001083853,shrubs,habit,F75C7B74-25DE-488E-B056-D3FC1041A807,English,2013-02-07,,,,http://creativecommons.org/licenses/by/4.0,Missouri Botanical Garden,Missouri Botanical Garden
wfo-0000382474,Herbs,habit,7E1BD990-0AEF-4084-BCCF-A42438B4873D,English,2013-04-02,,,,http://creativecommons.org/licenses/by/4.0,Missouri Botanical Garden,Missouri Botanical Garden
wfo-0001084410,shrubs trees,habit,EFBA16AC-C03C-45FC-B7DD-3F2DB825C097,English,2013-02-07,,,,http://creativecommons.org/licenses/by/4.0,Missouri Botanical Garden,Missouri Botanical Garden
wfo-0001084484,shrubs trees,habit,73213315-56AB-4504-9DA1-E55BF30E0C05,English,2013-02-07,,,,http://creativecommons.org/licenses/by/4.0,Missouri Botanical Garden,Missouri Botanical Garden
wfo-0000506024,shrubs trees,habit,2504E220-4393-4A60-8599-DD36B30F9367,English,2013-02-07,,,,http://creativecommons.org/licenses/by/4.0,Missouri Botanical Garden,Missouri Botanical Garden
wfo-0000505093,shrubs or trees,habit,F611A4CB-8C23-4379-BCFF-45666681AA5E,English,2013-02-07,,,,http://creativecommons.org/licenses/by/4.0,Missouri Botanical Garden,Missouri Botanical Garden
wfo-0000447973,shrubs trees,habit,B62B76A9-3D87-4331-9443-32B2BFB426D0,English,2013-02-07,,,,http://creativecommons.org/licenses/by/4.0,Missouri Botanical Garden,Missouri Botanical Garden
wfo-0001084548,shrubs,habit,75073847-EA96-47D4-8070-5BE00E565D78,English,2013-02-07,,,,http://creativecommons.org/licenses/by/4.0,Missouri Botanical Garden,Missouri Botanical Garden
wfo-0001084551,shrubs,habit,9CEB4F6F-85F4-4E90-968E-C8D85629952D,English,2013-02-07,,,,http://creativecommons.org/licenses/by/4.0,Missouri Botanical Garden,Missouri Botanical Garden
wfo-0001084552,shrubs trees,habit,5AD72B39-1588-4F4C-BFC0-B1820623C2BF,English,2013-02-07,,,,http://creativecommons.org/licenses/by/4.0,Missouri Botanical Garden,Missouri Botanical Garden
wfo-0000506000,shrubs trees,habit,3D75771F-C48C-4153-8255-E56B5F61C5F5,English,2013-02-07,,,,http://creativecommons.org/licenses/by/4.0,Missouri Botanical Garden,Missouri Botanical Garden
wfo-0000624217,Tree,habit,B4091634-EBBD-407C-A0DE-9BE2077CBEFA,English,2013-01-22,,,,http://creativecommons.org/licenses/by/4.0,Missouri Botanical Garden,Missouri Botanical Garden
wfo-0000688089,trees,habit,E2981DE7-8BB8-4396-B761-EC71A6DF2459,English,2013-01-22,,,,http://creativecommons.org/licenses/by/4.0,Missouri Botanical Garden,Missouri Botanical Garden
wfo-0000688631,Trees,habit,8F0E612F-1C61-469E-9892-259C79AE5ABF,English,2013-01-22,,,,http://creativecommons.org/licenses/by/4.0,Missouri Botanical Garden,Missouri Botanical Garden
wfo-0000689155,Trees,habit,E54A2F38-3E2E-415C-862E-5011E41F666D,English,2013-01-22,,,,http://creativecommons.org/licenses/by/4.0,Missouri Botanical Garden,Missouri Botanical Garden
wfo-0000689641,Shrub tree,habit,824AE34B-FE68-4C0D-A92F-9FD9A6D2A251,English,2013-01-22,,,,http://creativecommons.org/licenses/by/4.0,Missouri Botanical Garden,Missouri Botanical Garden
wfo-0000689806,Trees,habit,0D85138D-DBEB-4D1B-B7F9-9C214CF26A42,English,2013-01-22,,,,http://creativecommons.org/licenses/by/4.0,Missouri Botanical Garden,Missouri Botanical Garden
wfo-0000474001,Tree,habit,E40BD619-6F9C-40FE-8015-069953449310,English,2013-01-22,,,,http://creativecommons.org/licenses/by/4.0,Missouri Botanical Garden,Missouri Botanical Garden
wfo-0001084667,trees or shrubs,habit,AC60E8E9-1B4A-4F9B-9630-335E08341743,English,2013-01-22,,,,http://creativecommons.org/licenses/by/4.0,Missouri Botanical Garden,Missouri Botanical Garden
wfo-0000687833,Trees,habit,048B4DBA-63AE-408F-8E81-235570124E01,English,2013-01-22,,,,http://creativecommons.org/licenses/by/4.0,Missouri Botanical Garden,Missouri Botanical Garden
wfo-0000689513,Tree,habit,C6C759F1-6AB9-4667-BFC8-6A0D12D60BCF,English,2013-01-22,,,,http://creativecommons.org/licenses/by/4.0,Missouri Botanical Garden,Missouri Botanical Garden
wfo-0001084731,Tree,habit,147EFCAA-53F7-425B-B837-912A42D6CAF1,English,2013-01-22,,,,http://creativecommons.org/licenses/by/4.0,Missouri Botanical Garden,Missouri Botanical Garden
wfo-0000689689,Shrub tree,habit,7859864C-B7A6-4CD9-8088-B181342F7ED8,English,2013-01-22,,,,http://creativecommons.org/licenses/by/4.0,Missouri Botanical Garden,Missouri Botanical Garden
wfo-0000690696,trees,habit,CA3191CD-1A12-4D7A-924D-8C4392D3AD59,English,2013-01-22,,,,http://creativecommons.org/licenses/by/4.0,Missouri Botanical Garden,Missouri Botanical Garden
wfo-0000456065,Trees,habit,B68A185A-F709-43FD-9870-E7D738606643,English,2013-01-17,,,,http://creativecommons.org/licenses/by/4.0,Missouri Botanical Garden,Missouri Botanical Garden
wfo-0000572378,Tree,habit,8150F3FA-E049-42A2-A7A2-479A1F222AEC,English,2013-01-22,,,,http://creativecommons.org/licenses/by/4.0,Missouri Botanical Garden,Missouri Botanical Garden
wfo-0000592298,Tree,habit,F0C81639-5476-4E47-9BD1-41217BA59CC2,English,2013-01-22,,,,http://creativecommons.org/licenses/by/4.0,Missouri Botanical Garden,Missouri Botanical Garden
wfo-0000654354,herbs,habit,5851DA1D-467F-4FAA-9549-DAA8348A3BD1,English,2013-01-22,,,,http://creativecommons.org/licenses/by/4.0,Missouri Botanical Garden,Missouri Botanical Garden
wfo-0000561336,Trees,habit,1728339E-D0B0-4EB8-8398-3064133A1546,English,2013-01-22,,,,http://creativecommons.org/licenses/by/4.0,Missouri Botanical Garden,Missouri Botanical Garden
wfo-0000572394,Trees,habit,B4592A0B-DF09-46AA-852E-DF22238F4551,English,2013-01-17,,,,http://creativecommons.org/licenses/by/4.0,Missouri Botanical Garden,Missouri Botanical Garden
wfo-0000592286,Tree,habit,023B2036-AEB5-421E-9802-3273870EF483,English,2013-01-22,,,,http://creativecommons.org/licenses/by/4.0,Missouri Botanical Garden,Missouri Botanical Garden
wfo-0000572447,Tree,habit,777C2B6D-FD5F-4A85-A295-244AA81639E5,English,2013-01-22,,,,http://creativecommons.org/licenses/by/4.0,Missouri Botanical Garden,Missouri Botanical Garden
wfo-0000589992,Tree,habit,3126AFF4-E4DD-420D-83F7-0D729645541D,English,2013-01-22,,,,http://creativecommons.org/licenses/by/4.0,Missouri Botanical Garden,Missouri Botanical Garden
wfo-0000689484,Tree,habit,0FE8F54F-200A-4C65-88B4-1816113B5DD2,English,2013-01-22,,,,http://creativecommons.org/licenses/by/4.0,Missouri Botanical Garden,Missouri Botanical Garden
wfo-0000590005,Trees,habit,6F73AB3A-F4F3-45E4-A8E4-91E4B6C84952,English,2013-01-22,,,,http://creativecommons.org/licenses/by/4.0,Missouri Botanical Garden,Missouri Botanical Garden
wfo-0000592258,Tree,habit,CABB0E68-0FF6-4F05-9ABB-CD4B41EDEF7A,English,2013-01-22,,,,http://creativecommons.org/licenses/by/4.0,Missouri Botanical Garden,Missouri Botanical Garden
wfo-0000592267,Tree,habit,524FAFEE-8545-4087-9BD1-B1EB2690E951,English,2013-01-22,,,,http://creativecommons.org/licenses/by/4.0,Missouri Botanical Garden,Missouri Botanical Garden
wfo-0000624163,shrub,habit,A1D8C6AD-4DC3-4B37-90B0-85A633C924E3,English,2013-01-22,,,,http://creativecommons.org/licenses/by/4.0,Missouri Botanical Garden,Missouri Botanical Garden
wfo-0000624235,Tree,habit,89F937C9-E076-42C8-B71B-195BA9864772,English,2013-01-22,,,,http://creativecommons.org/licenses/by/4.0,Missouri Botanical Garden,Missouri Botanical Garden
wfo-0000688049,Tree,habit,AB52671D-C3C1-46E4-8EFA-C3B8774D8643,English,2013-01-22,,,,http://creativecommons.org/licenses/by/4.0,Missouri Botanical Garden,Missouri Botanical Garden
wfo-0000687615,Trees,habit,7840DAA9-17C2-4BF9-BC63-2C18AECB5293,English,2013-01-22,,,,http://creativecommons.org/licenses/by/4.0,Missouri Botanical Garden,Missouri Botanical Garden
wfo-0000687941,Tree,habit,DD721D49-39A4-455F-A94B-C4DF5C0B5BBD,English,2013-01-22,,,,http://creativecommons.org/licenses/by/4.0,Missouri Botanical Garden,Missouri Botanical Garden
wfo-0000688819,trees,habit,1CCA0E98-F7C7-4828-BAAD-51D769D3B55B,English,2013-01-22,,,,http://creativecommons.org/licenses/by/4.0,Missouri Botanical Garden,Missouri Botanical Garden
wfo-0000689257,trees,habit,F4021464-5EAE-43EB-8505-71A686E47F36,English,2013-01-22,,,,http://creativecommons.org/licenses/by/4.0,Missouri Botanical Garden,Missouri Botanical Garden
wfo-0000689703,trees,habit,1F2B8027-1F85-42FE-AE30-2A6AF5DE7C76,English,2013-01-22,,,,http://creativecommons.org/licenses/by/4.0,Missouri Botanical Garden,Missouri Botanical Garden
wfo-0000690632,trees,habit,B3AA1FCB-AD20-42E0-B2BF-567A7FB8068B,English,2013-01-22,,,,http://creativecommons.org/licenses/by/4.0,Missouri Botanical Garden,Missouri Botanical Garden
wfo-0000473902,trees,habit,42051A27-C419-46DF-B9AD-058E3F9B5A0B,English,2013-01-22,,,,http://creativecommons.org/licenses/by/4.0,Missouri Botanical Garden,Missouri Botanical Garden
wfo-0000474162,trees,habit,617D7CE3-2643-428B-970C-68F0B9EFC545,English,2013-01-22,,,,http://creativecommons.org/licenses/by/4.0,Missouri Botanical Garden,Missouri Botanical Garden
wfo-0001084745,tree,habit,D6A79D12-8A29-479A-8DD4-51AF1B1678AB,English,2013-01-22,,,,http://creativecommons.org/licenses/by/4.0,Missouri Botanical Garden,Missouri Botanical Garden
wfo-0000394959,Tree,habit,B6F046D3-A761-4A90-A8B1-97269BD11AB8,English,2013-01-22,,,,http://creativecommons.org/licenses/by/4.0,Missouri Botanical Garden,Missouri Botanical Garden
wfo-0000958362,trees,habit,0BA2074E-1044-4772-A9AE-5A49C10F0C81,English,2012-12-19,,,,http://creativecommons.org/licenses/by/4.0,Missouri Botanical Garden,Missouri Botanical Garden
wfo-0001084746,Trees,habit,B5FE7880-91AB-4129-B082-53C4F6A448E9,English,2013-01-17,,,,http://creativecommons.org/licenses/by/4.0,Missouri Botanical Garden,Missouri Botanical Garden
wfo-0000505973,Trees,habit,CB44D9DE-6A0E-474F-A69B-EC7B500581D0,English,2013-01-17,,,,http://creativecommons.org/licenses/by/4.0,Missouri Botanical Garden,Missouri Botanical Garden
wfo-0000592217,Tree,habit,3DBC60BA-E971-4728-AA26-85CA2A63DF88,English,2013-01-22,,,,http://creativecommons.org/licenses/by/4.0,Missouri Botanical Garden,Missouri Botanical Garden
wfo-0000447472,trees,habit,18E12ACC-D84F-413B-9FC8-C017B6B5DFF7,English,2013-01-17,,,,http://creativecommons.org/licenses/by/4.0,Missouri Botanical Garden,Missouri Botanical Garden
wfo-0000617606,shrubs or trees,habit,507C9582-70C6-48A9-BF59-9A8A64F72556,English,2013-02-07,,,,http://creativecommons.org/licenses/by/4.0,Missouri Botanical Garden,Missouri Botanical Garden
wfo-0000447317,trees,habit,F11810C6-003D-4107-AA6F-4303375A176F,English,2013-02-07,,,,http://creativecommons.org/licenses/by/4.0,Missouri Botanical Garden,Missouri Botanical Garden
wfo-0000418491,trees,habit,09B07F13-9CCD-48FD-8701-47D57F78D3EA,English,2013-02-07,,,,http://creativecommons.org/licenses/by/4.0,Missouri Botanical Garden,Missouri Botanical Garden
wfo-0000418550,trees,habit,0A68E7DC-DBE0-4749-9703-A02C8C5AF745,English,2013-02-07,,,,http://creativecommons.org/licenses/by/4.0,Missouri Botanical Garden,Missouri Botanical Garden
wfo-0000418553,trees,habit,3FEDD019-2ECD-4997-8906-5B560C7A99E3,English,2013-02-07,,,,http://creativecommons.org/licenses/by/4.0,Missouri Botanical Garden,Missouri Botanical Garden
wfo-0000642804,trees,habit,5A84AB74-B9EB-4F18-B281-5FB62779EFCC,English,2013-02-07,,,,http://creativecommons.org/licenses/by/4.0,Missouri Botanical Garden,Missouri Botanical Garden
wfo-0000642808,trees,habit,F70F8610-A3B8-4558-AC89-3891EFEF2EDC,English,2013-02-07,,,,http://creativecommons.org/licenses/by/4.0,Missouri Botanical Garden,Missouri Botanical Garden
wfo-0000418544,shrubs trees,habit,676585C1-EF7D-4E0A-BC09-D9CDB17A7524,English,2013-02-07,,,,http://creativecommons.org/licenses/by/4.0,Missouri Botanical Garden,Missouri Botanical Garden
wfo-0001085197,trees,habit,FF11468F-27EA-4CBA-B83B-E3894CF60B78,English,2013-02-07,,,,http://creativecommons.org/licenses/by/4.0,Missouri Botanical Garden,Missouri Botanical Garden
wfo-0000545193,Shrubs,habit,11839D70-04AF-48A8-B666-AE45C05EF05D,English,2013-05-08,,,,http://creativecommons.org/licenses/by/4.0,Missouri Botanical Garden,Missouri Botanical Garden
wfo-0000543846,Shrubs or small trees,habit,C005F4C6-F3F7-402B-91AD-76C6750D41B5,English,2013-05-08,,,,http://creativecommons.org/licenses/by/4.0,Missouri Botanical Garden,Missouri Botanical Garden
wfo-0000544246,Shrubs,habit,CF27712E-4733-4262-9005-0C79A87DBADF,English,2013-05-08,,,,http://creativecommons.org/licenses/by/4.0,Missouri Botanical Garden,Missouri Botanical Garden
wfo-0000544362,Trees or shrubs,habit,B5E8B0B1-F90C-46C3-8650-C3BA65AF9D8D,English,2013-05-08,,,,http://creativecommons.org/licenses/by/4.0,Missouri Botanical Garden,Missouri Botanical Garden
wfo-0000544377,Shrubs or small trees,habit,44FE9D44-3B65-4D7A-9DCF-4680A246DC74,English,2013-05-08,,,,http://creativecommons.org/licenses/by/4.0,Missouri Botanical Garden,Missouri Botanical Garden
wfo-0000544760,Shrubs,habit,92385C2A-BE0E-4FEA-BBDE-3E95026161B5,English,2013-05-08,,,,http://creativecommons.org/licenses/by/4.0,Missouri Botanical Garden,Missouri Botanical Garden
wfo-0000544773,Shrubs or small trees,habit,99390550-10B0-4EC0-9A9F-99C3E485DE55,English,2013-05-08,,,,http://creativecommons.org/licenses/by/4.0,Missouri Botanical Garden,Missouri Botanical Garden
wfo-0000544820,Shrubs or small trees,habit,2F3996D4-44BB-4FED-9D10-83C21BED3E74,English,2013-05-08,,,,http://creativecommons.org/licenses/by/4.0,Missouri Botanical Garden,Missouri Botanical Garden
wfo-0000544895,Trees,habit,80D25146-701C-4321-875A-7351BBEF23E7,English,2013-05-08,,,,http://creativecommons.org/licenses/by/4.0,Missouri Botanical Garden,Missouri Botanical Garden
wfo-0000544993,Shrubs or small trees,habit,70167908-3502-44F3-AD34-DC188835EA5D,English,2013-05-08,,,,http://creativecommons.org/licenses/by/4.0,Missouri Botanical Garden,Missouri Botanical Garden
wfo-0000545067,Shrubs or small trees,habit,07F674E3-85B6-4CE8-A0B4-CCBDC0DAF9D8,English,2013-05-08,,,,http://creativecommons.org/licenses/by/4.0,Missouri Botanical Garden,Missouri Botanical Garden
wfo-0000545330,Shrubs,habit,6C5C4FEC-22ED-41B6-9379-456E5171C1F3,English,2013-05-08,,,,http://creativecommons.org/licenses/by/4.0,Missouri Botanical Garden,Missouri Botanical Garden
wfo-0000545385,Shrubs,habit,2BCE921B-A611-4307-9432-BE71108CB0FD,English,2013-05-08,,,,http://creativecommons.org/licenses/by/4.0,Missouri Botanical Garden,Missouri Botanical Garden
wfo-0000476132,Shrubs,habit,822090B6-EF9A-4C8F-9C66-43B45FEC2804,English,2013-05-08,,,,http://creativecommons.org/licenses/by/4.0,Missouri Botanical Garden,Missouri Botanical Garden
wfo-0000406215,Trees,habit,7B4B699A-971C-42C1-91C2-DA0F502F1194,English,2013-05-08,,,,http://creativecommons.org/licenses/by/4.0,Missouri Botanical Garden,Missouri Botanical Garden
wfo-0000506070,Shrubs,habit,C7C1A277-67F6-4E13-882B-013CAB9D4073,English,2013-05-08,,,,http://creativecommons.org/licenses/by/4.0,Missouri Botanical Garden,Missouri Botanical Garden
wfo-0000400083,Shrubs or small trees,habit,92B3A12E-D719-4FD0-AC8B-1E01DFAF19C1,English,2013-05-08,,,,http://creativecommons.org/licenses/by/4.0,Missouri Botanical Garden,Missouri Botanical Garden
wfo-0000543875,Trees,habit,9F631C85-E5D1-4E6B-95CC-C3BEABF317F7,English,2013-05-08,,,,http://creativecommons.org/licenses/by/4.0,Missouri Botanical Garden,Missouri Botanical Garden
wfo-0000544106,Trees,habit,22494C33-2046-4107-BE6D-468AAF33A4C1,English,2013-05-08,,,,http://creativecommons.org/licenses/by/4.0,Missouri Botanical Garden,Missouri Botanical Garden
wfo-0000544129,Trees,habit,CFD809E6-5BE4-49B5-A43B-EBFA4A7F06D9,English,2013-05-08,,,,http://creativecommons.org/licenses/by/4.0,Missouri Botanical Garden,Missouri Botanical Garden
wfo-0000544175,Trees,habit,5726EB5D-534F-473D-B20F-3DECF2C1C63F,English,2013-05-08,,,,http://creativecommons.org/licenses/by/4.0,Missouri Botanical Garden,Missouri Botanical Garden
wfo-0000544239,Trees,habit,67277B2C-7B57-4B91-BEC2-06BEB1B140FD,English,2013-05-08,,,,http://creativecommons.org/licenses/by/4.0,Missouri Botanical Garden,Missouri Botanical Garden
wfo-0000544289,Trees,habit,8EE1C374-59A3-4D46-9353-2A02A5225B32,English,2013-05-08,,,,http://creativecommons.org/licenses/by/4.0,Missouri Botanical Garden,Missouri Botanical Garden
wfo-0000544334,Trees,habit,89327614-C864-428E-A24E-F07A6E8C06C6,English,2013-05-08,,,,http://creativecommons.org/licenses/by/4.0,Missouri Botanical Garden,Missouri Botanical Garden
wfo-0000544349,Trees,habit,FAAB5967-0419-4829-A339-F42B40BC5727,English,2013-05-08,,,,http://creativecommons.org/licenses/by/4.0,Missouri Botanical Garden,Missouri Botanical Garden
wfo-0000544366,Trees,habit,A4DC205F-3511-4AED-BC50-8A14B47644AD,English,2013-05-08,,,,http://creativecommons.org/licenses/by/4.0,Missouri Botanical Garden,Missouri Botanical Garden
wfo-0000544390,Shrubs or small trees,habit,4C87F1DC-3DB6-48C8-992D-FD5AF59B613E,English,2013-05-08,,,,http://creativecommons.org/licenses/by/4.0,Missouri Botanical Garden,Missouri Botanical Garden
wfo-0000544395,Trees,habit,187DD566-890F-4493-BE6D-9A9E6A903390,English,2013-05-08,,,,http://creativecommons.org/licenses/by/4.0,Missouri Botanical Garden,Missouri Botanical Garden
wfo-0000544560,Shrubs,habit,CB86824E-99AA-4F93-A8FF-DB5D65DC3518,English,2013-05-08,,,,http://creativecommons.org/licenses/by/4.0,Missouri Botanical Garden,Missouri Botanical Garden
wfo-0000544567,Shrubs,habit,36B221BF-8F10-47EF-A7D6-E00CE993829D,English,2013-05-08,,,,http://creativecommons.org/licenses/by/4.0,Missouri Botanical Garden,Missouri Botanical Garden
wfo-0000544643,Shrubs or small trees,habit,CB82A906-3437-4693-B8FA-A255C77E6E76,English,2013-05-08,,,,http://creativecommons.org/licenses/by/4.0,Missouri Botanical Garden,Missouri Botanical Garden
wfo-0000544651,Shrubs,habit,1FE20ABD-42ED-4238-B787-31CF4009614D,English,2013-05-08,,,,http://creativecommons.org/licenses/by/4.0,Missouri Botanical Garden,Missouri Botanical Garden
wfo-0000544677,Trees,habit,E00C1834-D4A6-4ADE-9158-AD32ED3E7434,English,2013-05-08,,,,http://creativecommons.org/licenses/by/4.0,Missouri Botanical Garden,Missouri Botanical Garden
wfo-0000544770,Shrubs,habit,855FCB4B-C3EA-41E8-9048-F3A87FCF9D98,English,2013-05-08,,,,http://creativecommons.org/licenses/by/4.0,Missouri Botanical Garden,Missouri Botanical Garden
wfo-0000544819,Trees,habit,7B221902-DD0D-4998-B9D0-17F20140A3B2,English,2013-05-08,,,,http://creativecommons.org/licenses/by/4.0,Missouri Botanical Garden,Missouri Botanical Garden
wfo-0000544847,Trees,habit,94C2E426-8B5C-4405-BA32-03D2430CACBB,English,2013-05-08,,,,http://creativecommons.org/licenses/by/4.0,Missouri Botanical Garden,Missouri Botanical Garden
wfo-0000544849,Shrubs,habit,8B755C5F-4673-4F24-AAC4-F991AAA95AA5,English,2013-05-08,,,,http://creativecommons.org/licenses/by/4.0,Missouri Botanical Garden,Missouri Botanical Garden
wfo-0000544927,Trees,habit,91628D98-F06C-4CA1-801C-111968DFF3B1,English,2013-05-08,,,,http://creativecommons.org/licenses/by/4.0,Missouri Botanical Garden,Missouri Botanical Garden
wfo-0000544933,Trees,habit,B9B648C2-3611-4A9F-AC58-3CB7604B6514,English,2013-05-08,,,,http://creativecommons.org/licenses/by/4.0,Missouri Botanical Garden,Missouri Botanical Garden
wfo-0000545056,Trees,habit,859211D2-D4D9-4825-A779-4D9B37869295,English,2013-05-08,,,,http://creativecommons.org/licenses/by/4.0,Missouri Botanical Garden,Missouri Botanical Garden
wfo-0000545089,Shrubs,habit,C60C51E1-7A87-4FE3-9C84-C11E87A648E3,English,2013-05-08,,,,http://creativecommons.org/licenses/by/4.0,Missouri Botanical Garden,Missouri Botanical Garden
wfo-0000545139,Trees,habit,C8BCE4CA-F693-4BB7-BE5E-ED3A7E32FC4D,English,2013-05-08,,,,http://creativecommons.org/licenses/by/4.0,Missouri Botanical Garden,Missouri Botanical Garden
wfo-0000545226,Shrubs or small trees,habit,43BFED70-9289-47F4-90DD-02870D522059,English,2013-05-08,,,,http://creativecommons.org/licenses/by/4.0,Missouri Botanical Garden,Missouri Botanical Garden
wfo-0000545249,Shrubs or small trees,habit,27196321-303E-4AE0-B5F1-B1B0499270A3,English,2013-05-08,,,,http://creativecommons.org/licenses/by/4.0,Missouri Botanical Garden,Missouri Botanical Garden
wfo-0000545279,Shrubs or small trees,habit,9E57359E-8D36-41BA-9071-8045A952715F,English,2013-05-08,,,,http://creativecommons.org/licenses/by/4.0,Missouri Botanical Garden,Missouri Botanical Garden
wfo-0000545397,Trees or shrubs,habit,B269B01C-2622-425C-AFC3-C60A7673E516,English,2013-05-08,,,,http://creativecommons.org/licenses/by/4.0,Missouri Botanical Garden,Missouri Botanical Garden
wfo-0000545399,Trees,habit,AD40B49F-99CA-4C4C-A955-5F4548E49594,English,2013-05-08,,,,http://creativecommons.org/licenses/by/4.0,Missouri Botanical Garden,Missouri Botanical Garden
wfo-0000699665,Shrubs or small trees,habit,31040ED3-4259-44AF-8A4F-4CBB06891BD2,English,2013-05-08,,,,http://creativecommons.org/licenses/by/4.0,Missouri Botanical Garden,Missouri Botanical Garden
wfo-0001085503,Trees,habit,A0104DC7-85F9-4742-82E6-86EF7156E0FE,English,2013-05-08,,,,http://creativecommons.org/licenses/by/4.0,Missouri Botanical Garden,Missouri Botanical Garden
wfo-0000476133,Shrubs or slender trees,habit,DC321AD5-149E-40D3-9729-25DB99D88945,English,2013-05-08,,,,http://creativecommons.org/licenses/by/4.0,Missouri Botanical Garden,Missouri Botanical Garden
wfo-0000476157,Shrubs or small trees,habit,6D49BAFA-D4FD-4371-AF14-C845920954D9,English,2013-05-08,,,,http://creativecommons.org/licenses/by/4.0,Missouri Botanical Garden,Missouri Botanical Garden
wfo-0001085504,Trees,habit,7171A9C2-1632-40D1-96C3-9F3F41D5CF10,English,2013-05-08,,,,http://creativecommons.org/licenses/by/4.0,Missouri Botanical Garden,Missouri Botanical Garden
wfo-0001085505,Trees,habit,E0136444-98B5-4812-BD29-82D49941004B,English,2013-05-08,,,,http://creativecommons.org/licenses/by/4.0,Missouri Botanical Garden,Missouri Botanical Garden
wfo-0001085506,Trees,habit,45827D54-13DB-46F7-A2AF-B087A2F0F29F,English,2013-05-08,,,,http://creativecommons.org/licenses/by/4.0,Missouri Botanical Garden,Missouri Botanical Garden
wfo-0000404142,Trees,habit,98ECFC00-5D97-4D23-B1DD-D647D91F74F9,English,2013-05-08,,,,http://creativecommons.org/licenses/by/4.0,Missouri Botanical Garden,Missouri Botanical Garden
wfo-0000506102,Shrubs or small trees,habit,26C9490A-410B-4546-9E61-BD701A4D8564,English,2013-05-08,,,,http://creativecommons.org/licenses/by/4.0,Missouri Botanical Garden,Missouri Botanical Garden
wfo-0000506123,Shrubs or small trees,habit,1C3D2F3C-FB30-4028-B1EC-73A87D30D46E,English,2013-05-08,,,,http://creativecommons.org/licenses/by/4.0,Missouri Botanical Garden,Missouri Botanical Garden
wfo-0000543845,Shrubs or trees,habit,6FEF69D6-D786-467C-934B-769ED47B52FF,English,2013-05-08,,,,http://creativecommons.org/licenses/by/4.0,Missouri Botanical Garden,Missouri Botanical Garden
wfo-0000544787,Shrubs or small trees,habit,9D0B56E9-DD09-48E7-BA08-86B1FC49BE87,English,2013-05-08,,,,http://creativecommons.org/licenses/by/4.0,Missouri Botanical Garden,Missouri Botanical Garden
wfo-0000544880,Shrubs,habit,9C0001A3-9AE6-46FF-9DAC-20D346108BA7,English,2013-05-08,,,,http://creativecommons.org/licenses/by/4.0,Missouri Botanical Garden,Missouri Botanical Garden
wfo-0000544918,Shrubs,habit,355BDE7B-3496-4036-B9AD-EF5D33B92A8C,English,2013-05-08,,,,http://creativecommons.org/licenses/by/4.0,Missouri Botanical Garden,Missouri Botanical Garden
wfo-0000545079,Shrubs or small trees,habit,CB469AFC-62F2-4B86-85C9-A48FFC06AB62,English,2013-05-08,,,,http://creativecommons.org/licenses/by/4.0,Missouri Botanical Garden,Missouri Botanical Garden
wfo-0000545240,Shrubs,habit,11ECDAE8-C0B3-4DF1-B296-57F39F2C4D95,English,2013-05-08,,,,http://creativecommons.org/licenses/by/4.0,Missouri Botanical Garden,Missouri Botanical Garden
wfo-0000708448,Shrubs,habit,A9E66BE7-09DD-4150-AC43-E9A814CD1241,English,2013-05-08,,,,http://creativecommons.org/licenses/by/4.0,Missouri Botanical Garden,Missouri Botanical Garden
wfo-0001085545,Shrubs,habit,A140FD86-4DB5-4463-B15F-E89AA430DF1A,English,2013-05-08,,,,http://creativecommons.org/licenses/by/4.0,Missouri Botanical Garden,Missouri Botanical Garden
wfo-0001085548,Shrubs or small trees,habit,D3449EDC-3DFE-4058-8E97-760E66747A89,English,2013-05-08,,,,http://creativecommons.org/licenses/by/4.0,Missouri Botanical Garden,Missouri Botanical Garden
wfo-0000427221,Shrubs,habit,49C6FDF9-4E49-4BC2-8BE4-23D03051A983,English,2013-05-08,,,,http://creativecommons.org/licenses/by/4.0,Missouri Botanical Garden,Missouri Botanical Garden
wfo-0001085550,Shrubs,habit,089E5EB6-D2FC-4F4E-A4F9-E19BB984D675,English,2013-05-08,,,,http://creativecommons.org/licenses/by/4.0,Missouri Botanical Garden,Missouri Botanical Garden
wfo-0000787305,Trees shrubs,habit,8E527E62-F468-438D-8B94-41989D344724,English,2012-12-19,,,,http://creativecommons.org/licenses/by/4.0,Missouri Botanical Garden,Missouri Botanical Garden
wfo-0000959258,shrubs or small trees,habit,B3209333-6815-4572-8AA7-A6D64DB58314,English,2012-12-19,,,,http://creativecommons.org/licenses/by/4.0,Missouri Botanical Garden,Missouri Botanical Garden
wfo-0000247357,Shrubs trees,habit,EFA6B3C9-E37A-4E87-83A2-EFAC589FB514,English,2012-12-19,,,,http://creativecommons.org/licenses/by/4.0,Missouri Botanical Garden,Missouri Botanical Garden
wfo-0000284611,shrub,habit,9111017C-3211-47E6-BE74-EA87DDBC75A9,English,2012-12-19,,,,http://creativecommons.org/licenses/by/4.0,Missouri Botanical Garden,Missouri Botanical Garden
wfo-0000958405,Shrubs or trees,habit,B833FE05-1C2E-4075-80AC-0BC423CF36F9,English,2012-12-19,,,,http://creativecommons.org/licenses/by/4.0,Missouri Botanical Garden,Missouri Botanical Garden
wfo-0000959411,Shrubs or small trees,habit,10CCB2CA-7654-463F-A965-FE915E59B488,English,2012-12-19,,,,http://creativecommons.org/licenses/by/4.0,Missouri Botanical Garden,Missouri Botanical Garden
wfo-0000956536,Shrubs,habit,BA35B342-3C33-4BE5-AFCD-781D072AC565,English,2012-12-19,,,,http://creativecommons.org/licenses/by/4.0,Missouri Botanical Garden,Missouri Botanical Garden
wfo-0000248098,Shrubs or small trees,habit,9CF06CD3-0C8B-4F17-BD94-279C11D9C265,English,2012-12-19,,,,http://creativecommons.org/licenses/by/4.0,Missouri Botanical Garden,Missouri Botanical Garden
wfo-0000284421,Shrubs or small trees,habit,916BC69B-4C58-4415-811C-D5A8B86B6084,English,2012-12-19,,,,http://creativecommons.org/licenses/by/4.0,Missouri Botanical Garden,Missouri Botanical Garden
wfo-0000958284,shrub,habit,D1C6C01B-4195-441F-9069-9FD111C3B41B,English,2012-12-19,,,,http://creativecommons.org/licenses/by/4.0,Missouri Botanical Garden,Missouri Botanical Garden
wfo-0000318809,trees,habit,E2BFEF0C-1680-477D-A87B-1F90D414B974,English,2012-12-19,,,,http://creativecommons.org/licenses/by/4.0,Missouri Botanical Garden,Missouri Botanical Garden
wfo-0000284428,Shrubs,habit,48EA6800-F08E-485E-A0B9-236CBBC66252,English,2012-12-19,,,,http://creativecommons.org/licenses/by/4.0,Missouri Botanical Garden,Missouri Botanical Garden
wfo-0000956786,shrubs,habit,E7E6A173-A9BA-4819-81C7-C0BA8B3A96C8,English,2012-12-19,,,,http://creativecommons.org/licenses/by/4.0,Missouri Botanical Garden,Missouri Botanical Garden
wfo-0000301310,Shrubs trees,habit,254D7C4B-9BB3-40A4-9806-F95610E72DD3,English,2012-12-19,,,,http://creativecommons.org/licenses/by/4.0,Missouri Botanical Garden,Missouri Botanical Garden
wfo-0000301518,Shrubs,habit,3BE3A5DD-ADF1-4B1B-9B14-1CAAF9B7AC09,English,2012-12-19,,,,http://creativecommons.org/licenses/by/4.0,Missouri Botanical Garden,Missouri Botanical Garden
wfo-0001086184,shrubs or small tree,habit,"F1D57880-9684-4AEF-9B19-4F534C9865C8,1C568148-B749-49CF-A0D9-AD3445488141",English,2012-12-19,,,,http://creativecommons.org/licenses/by/4.0,Missouri Botanical Garden,Missouri Botanical Garden
wfo-0000247361,Shrubs trees,habit,2925BA5B-B7D5-4C27-A5CF-D72378E8BCCB,English,2012-12-19,,,,http://creativecommons.org/licenses/by/4.0,Missouri Botanical Garden,Missouri Botanical Garden
wfo-0000784639,Shrubs tree,habit,303D84B3-63FE-4640-8312-5565635F15A4,English,2012-12-19,,,,http://creativecommons.org/licenses/by/4.0,Missouri Botanical Garden,Missouri Botanical Garden
wfo-0000784821,Trees,habit,51DC32B9-18A0-4AE9-960E-72B91781AF62,English,2012-12-19,,,,http://creativecommons.org/licenses/by/4.0,Missouri Botanical Garden,Missouri Botanical Garden
wfo-0000787644,Shrubs trees,habit,1EEB0C2F-C36D-4CFB-BA89-75924487E5D7,English,2012-12-19,,,,http://creativecommons.org/licenses/by/4.0,Missouri Botanical Garden,Missouri Botanical Garden
wfo-0000956225,Shrubs or trees,habit,8E4862D3-1377-4D90-99D1-C816165CA4E9,English,2012-12-19,,,,http://creativecommons.org/licenses/by/4.0,Missouri Botanical Garden,Missouri Botanical Garden
wfo-0000956288,Shrubs,habit,4903C757-7630-4831-9A61-2979A44820EC,English,2012-12-19,,,,http://creativecommons.org/licenses/by/4.0,Missouri Botanical Garden,Missouri Botanical Garden
wfo-0000956438,Trees,habit,799F1C73-7E85-4178-B9CF-EDE1AAFEC8B4,English,2012-12-19,,,,http://creativecommons.org/licenses/by/4.0,Missouri Botanical Garden,Missouri Botanical Garden
wfo-0000956814,Shrubs or trees,habit,60E1FC38-C124-4590-B850-775E0DD2C8CC,English,2012-12-19,,,,http://creativecommons.org/licenses/by/4.0,Missouri Botanical Garden,Missouri Botanical Garden
wfo-0000956946,shrubs,habit,19956B3D-D0AE-4684-8F14-587E16C4BBC2,English,2012-12-19,,,,http://creativecommons.org/licenses/by/4.0,Missouri Botanical Garden,Missouri Botanical Garden
wfo-0000957350,Small trees,habit,D927DD1B-CCD6-4DB6-8F36-E1E0E801C45C,English,2012-12-19,,,,http://creativecommons.org/licenses/by/4.0,Missouri Botanical Garden,Missouri Botanical Garden
wfo-0000958357,Shrubs,habit,1F941492-C57D-4321-8234-86DDD7F05730,English,2012-12-19,,,,http://creativecommons.org/licenses/by/4.0,Missouri Botanical Garden,Missouri Botanical Garden
wfo-0000958400,trees,habit,003E4405-DB28-408B-B682-C1F7DB299E51,English,2012-12-19,,,,http://creativecommons.org/licenses/by/4.0,Missouri Botanical Garden,Missouri Botanical Garden
wfo-0000958594,shrubs,habit,E13EA967-DE32-4938-BCBA-467A8EC07BF2,English,2012-12-19,,,,http://creativecommons.org/licenses/by/4.0,Missouri Botanical Garden,Missouri Botanical Garden
wfo-0000958949,Trees,habit,5F8FCCE5-9FD5-491C-BFB2-D0D19689E730,English,2012-12-19,,,,http://creativecommons.org/licenses/by/4.0,Missouri Botanical Garden,Missouri Botanical Garden
wfo-0000284404,shrubs and small trees,habit,B44DFDC0-12D2-4AB4-9FF7-E5EFF0838789,English,2012-12-19,,,,http://creativecommons.org/licenses/by/4.0,Missouri Botanical Garden,Missouri Botanical Garden
wfo-0000284613,Shrubs or small trees,habit,1B574BCF-A952-438A-BF7D-CA7B4982408A,English,2012-12-19,,,,http://creativecommons.org/licenses/by/4.0,Missouri Botanical Garden,Missouri Botanical Garden
wfo-0000319382,Trees,habit,1884C7D8-0554-4F16-BFBE-813C4B1BF754,English,2012-12-19,,,,http://creativecommons.org/licenses/by/4.0,Missouri Botanical Garden,Missouri Botanical Garden
wfo-0000329168,shrubs,habit,873AB90B-55A4-41FC-8DF6-5B3FC8316E74,English,2012-12-19,,,,http://creativecommons.org/licenses/by/4.0,Missouri Botanical Garden,Missouri Botanical Garden
wfo-0000957560,Shrubs or trees,habit,95A85BEA-8E60-465F-8A8C-CDFF045E2738,English,2012-12-19,,,,http://creativecommons.org/licenses/by/4.0,Missouri Botanical Garden,Missouri Botanical Garden
wfo-0000381851,shrubs trees,habit,D8955011-3529-4C9D-9DD4-20B319C980F3,English,2013-01-28,,,,http://creativecommons.org/licenses/by/4.0,Missouri Botanical Garden,Missouri Botanical Garden
wfo-0000476234,shrub liana,habit,C14E85D5-E5AA-4DCC-8FAF-C6B5AF8F97C4,English,2013-01-28,,,,http://creativecommons.org/licenses/by/4.0,Missouri Botanical Garden,Missouri Botanical Garden
wfo-0000567916,herbs,habit,85FACAFD-A96E-46ED-8416-724D7CEA8DAE,English,2013-01-28,,,,http://creativecommons.org/licenses/by/4.0,Missouri Botanical Garden,Missouri Botanical Garden
wfo-0001086742,shrubs trees,habit,09E85DED-70F8-42E2-9A41-F6CE456FA9DB,English,2013-01-28,,,,http://creativecommons.org/licenses/by/4.0,Missouri Botanical Garden,Missouri Botanical Garden
wfo-0000567944,herbs,habit,7CDCFFE5-7594-44F8-ACBA-39E84987BD2F,English,2013-01-28,,,,http://creativecommons.org/licenses/by/4.0,Missouri Botanical Garden,Missouri Botanical Garden
wfo-0000710709,trees,habit,D7D75FA0-2B49-463F-9EFF-705A685D11A3,English,2013-01-28,,,,http://creativecommons.org/licenses/by/4.0,Missouri Botanical Garden,Missouri Botanical Garden
wfo-0000381888,shrubs trees,habit,790858BD-E9DF-4C85-A032-5AD4C9032F3E,English,2013-01-28,,,,http://creativecommons.org/licenses/by/4.0,Missouri Botanical Garden,Missouri Botanical Garden
wfo-0000381455,herbs,habit,A8A4F235-5BC8-4668-BD44-B0712E1C6E70,English,2013-02-07,,,,http://creativecommons.org/licenses/by/4.0,Missouri Botanical Garden,Missouri Botanical Garden
wfo-0000717133,Shrub,habit,FEA5959B-5A9C-4238-BCCD-9BFE0CCCBFD3,English,2013-01-14,,,,http://creativecommons.org/licenses/by/4.0,Missouri Botanical Garden,Missouri Botanical Garden
wfo-0000382107,herbs,habit,7F258D0A-5BF1-4978-8EE7-5B90034380D7,English,2013-02-07,,,,http://creativecommons.org/licenses/by/4.0,Missouri Botanical Garden,Missouri Botanical Garden
wfo-0001086982,Shrubs trees,habit,2402F11F-49EC-4FE1-A80C-501D37D09D01,English,2013-03-13,,,,http://creativecommons.org/licenses/by/4.0,Missouri Botanical Garden,Missouri Botanical Garden
wfo-0000390281,Shrubs trees,habit,E5231C99-FA08-4623-9D38-9EC78F114320,English,2013-03-13,,,,http://creativecommons.org/licenses/by/4.0,Missouri Botanical Garden,Missouri Botanical Garden
wfo-0000505643,Herbs shrub,habit,4DD7FE8B-F2FB-43B6-A38A-87109E94262D,English,2013-03-13,,,,http://creativecommons.org/licenses/by/4.0,Missouri Botanical Garden,Missouri Botanical Garden
wfo-0000505642,Herbs subshrubs,habit,37332FFD-4826-4BB3-9AEF-18C365ED7D1E,English,2013-03-13,,,,http://creativecommons.org/licenses/by/4.0,Missouri Botanical Garden,Missouri Botanical Garden
wfo-0001087097,Trees,habit,7308C048-ADD4-47ED-A279-501DAE623745,English,2013-03-13,,,,http://creativecommons.org/licenses/by/4.0,Missouri Botanical Garden,Missouri Botanical Garden
wfo-0001087098,Shrubs,habit,7B48A974-8207-4AF1-BA1E-4CF02821645B,English,2013-03-13,,,,http://creativecommons.org/licenses/by/4.0,Missouri Botanical Garden,Missouri Botanical Garden
wfo-0000390362,Trees,habit,82F68169-7825-4B56-8468-A4F8FE3022D1,English,2013-03-13,,,,http://creativecommons.org/licenses/by/4.0,Missouri Botanical Garden,Missouri Botanical Garden
wfo-0001087099,Shrubs,habit,31B13AC9-BEBB-4DC5-8AB3-25AFA2DB7B08,English,2013-03-13,,,,http://creativecommons.org/licenses/by/4.0,Missouri Botanical Garden,Missouri Botanical Garden
wfo-0001087100,Trees,habit,70B2D09A-0E14-4895-8C9C-38DF53A88751,English,2013-03-13,,,,http://creativecommons.org/licenses/by/4.0,Missouri Botanical Garden,Missouri Botanical Garden
wfo-4000000811,"Herbs, shrubs, or small trees",habit,"1B458141-B455-4A5B-850C-FC160CB4A1BF,2D401CE3-74D9-431B-AE68-2A8DF6F9ACA6",English,2013-09-24,,,,http://creativecommons.org/licenses/by/4.0,Missouri Botanical Garden,Missouri Botanical Garden
wfo-0000505649,Herbs,habit,685CA274-0106-4806-9231-BA14FF00C770,English,2013-03-13,,,,http://creativecommons.org/licenses/by/4.0,Missouri Botanical Garden,Missouri Botanical Garden
wfo-0000505700,Herbs,habit,1C32CD98-E5DD-406A-BF6E-04ED30A14D6F,English,2013-03-13,,,,http://creativecommons.org/licenses/by/4.0,Missouri Botanical Garden,Missouri Botanical Garden
wfo-0000428247,Tree,habit,F0D6C90B-4BD7-43C4-A72D-EA2C80CA9FE4,English,2013-01-14,,,,http://creativecommons.org/licenses/by/4.0,Missouri Botanical Garden,Missouri Botanical Garden
wfo-4000012449,herbs,habit,0C7F7013-1C2B-45B3-AAAA-327FEF2B1D6F,English,2013-01-22,,,,http://creativecommons.org/licenses/by/4.0,Missouri Botanical Garden,Missouri Botanical Garden
wfo-0000717112,Tree,habit,50E0CF4C-82E2-44A0-B4B3-76A592AEF98E,English,2013-01-14,,,,http://creativecommons.org/licenses/by/4.0,Missouri Botanical Garden,Missouri Botanical Garden
wfo-0000717122,Shrub tree,habit,7A9D82F6-F66A-4E8C-802C-8F5B8A46A12E,English,2013-01-14,,,,http://creativecommons.org/licenses/by/4.0,Missouri Botanical Garden,Missouri Botanical Garden
wfo-0000717132,Shrub tree,habit,42B158DB-ABC2-4281-899B-D19CE85B7FFF,English,2013-01-14,,,,http://creativecommons.org/licenses/by/4.0,Missouri Botanical Garden,Missouri Botanical Garden
wfo-0000505522,shrub tree,habit,CB5124E1-89AC-4A23-A2B3-444158162CFC,English,2013-01-14,,,,http://creativecommons.org/licenses/by/4.0,Missouri Botanical Garden,Missouri Botanical Garden
wfo-0000505522,Shrub tree,habit,9991E660-C59C-4713-AF96-A3E0B97498BC,English,2013-01-14,,,,http://creativecommons.org/licenses/by/4.0,Missouri Botanical Garden,Missouri Botanical Garden
wfo-4000004529,herbs or shrubs,habit,"77B8464A-7AFF-403E-94AA-ECB6E8DD76EC,A7A515FC-884F-43EA-928F-29B42428E167",English,2013-08-05,,,,http://creativecommons.org/licenses/by/4.0,Missouri Botanical Garden,Missouri Botanical Garden
wfo-0000717113,Shrub,habit,A5F1FAAD-3FF3-4873-A0FC-4F47E080103C,English,2013-01-14,,,,http://creativecommons.org/licenses/by/4.0,Missouri Botanical Garden,Missouri Botanical Garden
wfo-0000448413,Tree,habit,84A494E0-D82D-4236-A171-C26CCA193376,English,2013-01-14,,,,http://creativecommons.org/licenses/by/4.0,Missouri Botanical Garden,Missouri Botanical Garden
wfo-0001087353,Trees,habit,7B909669-47AF-4FBC-B164-0756AB2223B7,English,2013-07-08,,,,http://creativecommons.org/licenses/by/4.0,Missouri Botanical Garden,Missouri Botanical Garden
wfo-0000814077,shrubs,habit,AC827590-FBE7-46CE-85CE-35A1544520E3,English,2013-07-08,,,,http://creativecommons.org/licenses/by/4.0,Missouri Botanical Garden,Missouri Botanical Garden
wfo-0000813884,shrubs,habit,A332EDE9-1879-4F5F-AEF9-AEDD2F0F84AD,English,2013-07-08,,,,http://creativecommons.org/licenses/by/4.0,Missouri Botanical Garden,Missouri Botanical Garden
wfo-0000813821,shrubs,habit,2090C2D0-4042-4545-A2CC-0AB33E3CA503,English,2013-07-08,,,,http://creativecommons.org/licenses/by/4.0,Missouri Botanical Garden,Missouri Botanical Garden
wfo-0000813445,shrubs,habit,5C2036B9-287F-4CCB-91EA-F2132686B59E,English,2013-07-08,,,,http://creativecommons.org/licenses/by/4.0,Missouri Botanical Garden,Missouri Botanical Garden
wfo-0000815924,shrubs,habit,9E080743-6742-4F1A-8BFB-4197CF83BD55,English,2013-07-08,,,,http://creativecommons.org/licenses/by/4.0,Missouri Botanical Garden,Missouri Botanical Garden
wfo-0000830192,Trees,habit,23B14E30-8B85-4449-8395-F325766C5F51,English,2013-07-08,,,,http://creativecommons.org/licenses/by/4.0,Missouri Botanical Garden,Missouri Botanical Garden
wfo-0000813548,"Shrubs, or woody vines",habit,E689A794-4EE0-46A1-B196-4FFC8E105A15,English,2013-07-08,,,,http://creativecommons.org/licenses/by/4.0,Missouri Botanical Garden,Missouri Botanical Garden
wfo-0000692650,shrub tree,habit,28CD0D7D-72AA-429A-B895-64DAE0EC4744,English,2013-01-11,,,,http://creativecommons.org/licenses/by/4.0,Missouri Botanical Garden,Missouri Botanical Garden
wfo-0000355357,herb,habit,102D53F3-20BC-435F-994C-4E52E46EC3D7,English,2013-01-11,,,,http://creativecommons.org/licenses/by/4.0,Missouri Botanical Garden,Missouri Botanical Garden
wfo-0000355351,Herb,habit,11DEFAB5-DD1F-411E-849D-03DE3F64F8B7,English,2013-01-11,,,,http://creativecommons.org/licenses/by/4.0,Missouri Botanical Garden,Missouri Botanical Garden
wfo-0000355343,Herb shrub,habit,4075D02D-4608-4198-8C74-D4CB7581FB47,English,2013-01-11,,,,http://creativecommons.org/licenses/by/4.0,Missouri Botanical Garden,Missouri Botanical Garden
wfo-0000355268,herb shrub,habit,B5EE5B36-BDD2-4045-AF2D-102CDD0FE003,English,2013-01-11,,,,http://creativecommons.org/licenses/by/4.0,Missouri Botanical Garden,Missouri Botanical Garden
wfo-0000355403,herb,habit,21CD8D0B-AA02-4993-9C2E-E6729CC1AA35,English,2013-01-11,,,,http://creativecommons.org/licenses/by/4.0,Missouri Botanical Garden,Missouri Botanical Garden
wfo-0000355984,Herb shrub,habit,45140E23-E346-4701-A0EE-2C86E92C0945,English,2013-01-11,,,,http://creativecommons.org/licenses/by/4.0,Missouri Botanical Garden,Missouri Botanical Garden
wfo-4000004171,Herbs or vines,habit,3C231C94-238E-4AF8-AD6A-9B0E1A6AE9EF,English,2013-08-09,,,,http://creativecommons.org/licenses/by/4.0,Missouri Botanical Garden,Missouri Botanical Garden
wfo-4000017763,shrubs,habit,01860B6D-7871-4E35-93DC-FB61219551D1,English,2013-10-07,,,,http://creativecommons.org/licenses/by/4.0,Missouri Botanical Garden,Missouri Botanical Garden
wfo-0000355318,Herb shrub,habit,AC5F1BF0-88C6-4435-AFDE-39FBF61FA9B1,English,2013-01-11,,,,http://creativecommons.org/licenses/by/4.0,Missouri Botanical Garden,Missouri Botanical Garden
wfo-0000355332,herb shrub,habit,E01F0078-A3DC-4CC3-93D7-D5A2AC7936B9,English,2013-01-11,,,,http://creativecommons.org/licenses/by/4.0,Missouri Botanical Garden,Missouri Botanical Garden
wfo-0000355274,herb,habit,4553E37C-F07F-4096-99E9-E1F9AD6FD68D,English,2013-01-11,,,,http://creativecommons.org/licenses/by/4.0,Missouri Botanical Garden,Missouri Botanical Garden
wfo-0000692668,shrub tree,habit,DE6FA481-A57E-4133-A1C0-1EBA52A97355,English,2013-01-11,,,,http://creativecommons.org/licenses/by/4.0,Missouri Botanical Garden,Missouri Botanical Garden
wfo-4000018591,Herbs,habit,8E338F33-8A38-4045-9370-5118BCCFC0A0,English,2013-07-29,,,,http://creativecommons.org/licenses/by/4.0,Missouri Botanical Garden,Missouri Botanical Garden
wfo-0000741381,herb,habit,C0718F74-16D7-485D-A6BE-6F5818E45F6C,English,2013-01-11,,,,http://creativecommons.org/licenses/by/4.0,Missouri Botanical Garden,Missouri Botanical Garden
wfo-0001087658,shrub,habit,770308EE-141E-4DAA-BB97-AAB3B0F154CD,English,2013-01-11,,,,http://creativecommons.org/licenses/by/4.0,Missouri Botanical Garden,Missouri Botanical Garden
wfo-4000039461,herbs,habit,717DEC6A-0037-4D37-BE19-FA18F75FD051,English,2013-05-24,,,,http://creativecommons.org/licenses/by/4.0,Missouri Botanical Garden,Missouri Botanical Garden
wfo-0001087673,herb,habit,F09AD523-296A-4201-A45B-3C008DD20175,English,2013-01-11,,,,http://creativecommons.org/licenses/by/4.0,Missouri Botanical Garden,Missouri Botanical Garden
wfo-0000389324,herb,habit,3ECD4ED3-DA3F-4059-8F1C-B52F1BD7D2C2,English,2013-01-11,,,,http://creativecommons.org/licenses/by/4.0,Missouri Botanical Garden,Missouri Botanical Garden
wfo-4000033144,Herbs or subshrubs,habit,"E24BF34F-B760-4EE4-9930-ECAD9F8D79AC,86D63501-697D-4259-A1B0-35513755E1B3",English,2013-09-30,,,,http://creativecommons.org/licenses/by/4.0,Missouri Botanical Garden,Missouri Botanical Garden
wfo-0000524450,Tree,habit,8A3719CC-D017-4B2C-B2BD-A26825BEE8F6,English,2013-01-14,,,,http://creativecommons.org/licenses/by/4.0,Missouri Botanical Garden,Missouri Botanical Garden
wfo-4000038870,Herb,habit,30B1521D-56D7-47A5-A94C-B530A1C4E4B4,English,2013-01-28,,,,http://creativecommons.org/licenses/by/4.0,Missouri Botanical Garden,Missouri Botanical Garden
wfo-4000016304,trees and shrubs,habit,013D86F1-08F6-41CE-AC4F-A969C8FC3865,English,2013-01-28,,,,http://creativecommons.org/licenses/by/4.0,Missouri Botanical Garden,Missouri Botanical Garden
wfo-4000023364,Shrubs to small trees,habit,577064A2-A7C6-46BA-A102-B5D673296531,English,2013-03-22,,,,http://creativecommons.org/licenses/by/4.0,Missouri Botanical Garden,Missouri Botanical Garden
wfo-4000010044,Half-shrubs or shrubs,habit,EFEAEF7E-27C1-47A7-A462-48F848C7C36E,English,2013-04-04,,,,http://creativecommons.org/licenses/by/4.0,Missouri Botanical Garden,Missouri Botanical Garden
wfo-4000023511,Shrubs,habit,DC7DAD65-ED5F-47B9-882F-2D5937A1B4A2,English,2013-07-30,,,,http://creativecommons.org/licenses/by/4.0,Missouri Botanical Garden,Missouri Botanical Garden
wfo-4000015098,Shrub tree,habit,ECCCBE4D-2E2E-4B5C-8AEC-6B91EBCC4521,English,2013-01-11,,,,http://creativecommons.org/licenses/by/4.0,Missouri Botanical Garden,Missouri Botanical Garden
wfo-4000002944,Shrubs or subshrubs,habit,4518F84E-DA29-49BE-B594-CB15060A0C64,English,2013-08-19,,,,http://creativecommons.org/licenses/by/4.0,Missouri Botanical Garden,Missouri Botanical Garden
wfo-4000037381,Shrubs or trees,habit,8E7FC53F-D7B6-4CC5-9BB8-117F75590BCF,English,2012-12-19,,,,http://creativecommons.org/licenses/by/4.0,Missouri Botanical Garden,Missouri Botanical Garden
wfo-4000029909,tree,habit,26858248-FE59-4363-AFE0-14CD47DBEEFC,English,2012-11-14,,,,http://creativecommons.org/licenses/by/4.0,Missouri Botanical Garden,Missouri Botanical Garden
wfo-4000015512,Shrubs or small trees,habit,05BE735B-19B7-46BC-8929-2EEFAD554C5A,English,2013-05-08,,,,http://creativecommons.org/licenses/by/4.0,Missouri Botanical Garden,Missouri Botanical Garden
wfo-4000001292,shrubs or small trees,habit,A8DB241A-7479-40B3-9C9F-19F7BB4AA3DF,English,2013-07-15,,,,http://creativecommons.org/licenses/by/4.0,Missouri Botanical Garden,Missouri Botanical Garden
wfo-4000023635,trees,habit,4C34F45C-55F7-4BEA-90F7-082A8B05FECA,English,2013-07-16,,,,http://creativecommons.org/licenses/by/4.0,Missouri Botanical Garden,Missouri Botanical Garden
wfo-4000028583,"Shrubs or small trees,",habit,D78DD54D-084A-4635-8E0A-F67C1BA2AC18,English,2013-09-11,,,,http://creativecommons.org/licenses/by/4.0,Missouri Botanical Garden,Missouri Botanical Garden
wfo-4000022593,Shrubs or trees,habit,D383AF31-1177-4C94-BB54-E15950786F46,English,2013-03-20,,,,http://creativecommons.org/licenses/by/4.0,Missouri Botanical Garden,Missouri Botanical Garden
wfo-4000028802,trees,habit,27195A40-FC36-4A76-9B9E-1B084ACB3968,English,2013-03-07,,,,http://creativecommons.org/licenses/by/4.0,Missouri Botanical Garden,Missouri Botanical Garden
wfo-4000006650,Trees,habit,97669BC0-142F-4C1C-8890-22FD8A65955E,English,2013-03-07,,,,http://creativecommons.org/licenses/by/4.0,Missouri Botanical Garden,Missouri Botanical Garden
wfo-4000013060,Trees or shrubs,habit,D86B3535-01BF-4950-A2D8-776EC7044749,English,2013-04-02,,,,http://creativecommons.org/licenses/by/4.0,Missouri Botanical Garden,Missouri Botanical Garden
wfo-4000028956,"Shrubs, trees, or woody vines",habit,9E061A97-0EA4-45AB-A9D0-38F9264E5AFE,English,2013-05-10,,,,http://creativecommons.org/licenses/by/4.0,Missouri Botanical Garden,Missouri Botanical Garden
wfo-4000006852,trees or rarely shrubs or subshrubs,habit,AE65789D-96B3-4216-AA49-CFF3F95FEEA0,English,2013-07-03,,,,http://creativecommons.org/licenses/by/4.0,Missouri Botanical Garden,Missouri Botanical Garden
wfo-0000473060,Shrub,habit,0CAAFE59-A843-4FB6-A18F-7FF408F04D5D,English,2013-01-22,,,,http://creativecommons.org/licenses/by/4.0,Missouri Botanical Garden,Missouri Botanical Garden
wfo-0001022561,Shrub or sprawling vine,habit,67447337-442B-4767-858B-452A0FDF43AA,English,2013-05-15,,,,http://creativecommons.org/licenses/by/4.0,Missouri Botanical Garden,Missouri Botanical Garden
wfo-0001026357,Shrub or tree,habit,F15F4390-CAEF-4FC6-AA31-DD7C3B5FBB96,English,2013-05-16,,,,http://creativecommons.org/licenses/by/4.0,Missouri Botanical Garden,Missouri Botanical Garden
wfo-0001093162,herb,habit,985030C2-30F0-4500-9628-7C51DE77C49F,English,2012-11-21,,,,http://creativecommons.org/licenses/by/4.0,Missouri Botanical Garden,Missouri Botanical Garden
wfo-0000478495,herb,habit,FE062D87-4888-41DC-B22D-02310BA0460C,English,2012-11-21,,,,http://creativecommons.org/licenses/by/4.0,Missouri Botanical Garden,Missouri Botanical Garden
wfo-0000478874,shrub,habit,CD5E8BC4-ECE9-4355-A82C-98006B017288,English,2012-11-20,,,,http://creativecommons.org/licenses/by/4.0,Missouri Botanical Garden,Missouri Botanical Garden
wfo-0001093064,herb,habit,FE0BC505-DC0B-4262-AF47-C36219269E86,English,2012-11-21,,,,http://creativecommons.org/licenses/by/4.0,Missouri Botanical Garden,Missouri Botanical Garden
wfo-0000478625,Shrub,habit,0A661DA1-5D4C-4776-8DA4-4CA5DDEC7C44,English,2012-11-20,,,,http://creativecommons.org/licenses/by/4.0,Missouri Botanical Garden,Missouri Botanical Garden
wfo-0000497088,herb,habit,281F4F30-5ECF-4AF1-9B53-1E0965952A16,English,2013-09-19,,,,http://creativecommons.org/licenses/by/4.0,Missouri Botanical Garden,Missouri Botanical Garden
wfo-0001093084,shrub,habit,973DDE33-0670-4C54-87C7-9BFE09665CB5,English,2012-11-19,,,,http://creativecommons.org/licenses/by/4.0,Missouri Botanical Garden,Missouri Botanical Garden
wfo-0000477916,herb,habit,980705FD-7230-4B4F-A9BB-BC1A54C1A307,English,2012-11-21,,,,http://creativecommons.org/licenses/by/4.0,Missouri Botanical Garden,Missouri Botanical Garden
wfo-0000456304,shrubs vines,habit,1D3F78C1-37D6-43C6-8507-51079D44FC45,English,2013-01-28,,,,http://creativecommons.org/licenses/by/4.0,Missouri Botanical Garden,Missouri Botanical Garden
wfo-0000478980,shrub,habit,9250EC34-79D8-4713-BAF9-FF8B4396CD8D,English,2012-11-20,,,,http://creativecommons.org/licenses/by/4.0,Missouri Botanical Garden,Missouri Botanical Garden
wfo-0000387357,herb,habit,0AD26592-7FAD-4676-8245-4346C56E182C,English,2013-09-19,,,,http://creativecommons.org/licenses/by/4.0,Missouri Botanical Garden,Missouri Botanical Garden
wfo-0000390650,herb,habit,04EC1BF8-E7B9-4877-AF2E-748F96E3458D,English,2013-09-19,,,,http://creativecommons.org/licenses/by/4.0,Missouri Botanical Garden,Missouri Botanical Garden
wfo-0001093099,Tree,habit,5AE35B3F-29D3-492B-9467-26816A7E95B6,English,2012-11-20,,,,http://creativecommons.org/licenses/by/4.0,Missouri Botanical Garden,Missouri Botanical Garden
wfo-0000486009,shrub tree,habit,7D6196D1-DDE3-4795-B279-7217B1A47D0C,English,2012-11-19,,,,http://creativecommons.org/licenses/by/4.0,Missouri Botanical Garden,Missouri Botanical Garden
wfo-0000557405,Tree,habit,194CF993-F3FE-41F0-8C45-C24773167178,English,2013-09-19,,,,http://creativecommons.org/licenses/by/4.0,Missouri Botanical Garden,Missouri Botanical Garden
wfo-0000387301,herb,habit,3A500CE6-C4C1-4C6A-BB2A-9E5116D9C0A3,English,2013-09-19,,,,http://creativecommons.org/licenses/by/4.0,Missouri Botanical Garden,Missouri Botanical Garden
wfo-0001093042,herb,habit,B3B72B15-F431-4D8C-B634-091C23F51B1E,English,2012-11-21,,,,http://creativecommons.org/licenses/by/4.0,Missouri Botanical Garden,Missouri Botanical Garden
wfo-0000387172,herb or shrub,habit,6AD94A84-6EF6-4B6C-8196-3625652BC0C1,English,2013-09-19,,,,http://creativecommons.org/licenses/by/4.0,Missouri Botanical Garden,Missouri Botanical Garden
wfo-0000557404,Tree,habit,E680610C-EDF9-4C14-A79B-10A5268F13A8,English,2013-09-19,,,,http://creativecommons.org/licenses/by/4.0,Missouri Botanical Garden,Missouri Botanical Garden
wfo-0000565457,herb,habit,52BEDDCB-EBDE-485A-BC86-5F7944B447F4,English,2013-09-19,,,,http://creativecommons.org/licenses/by/4.0,Missouri Botanical Garden,Missouri Botanical Garden
wfo-0000565546,Herb or subshrub,habit,A4228B68-D1C0-4BCD-93EC-49745EE8F96E,English,2013-09-19,,,,http://creativecommons.org/licenses/by/4.0,Missouri Botanical Garden,Missouri Botanical Garden
wfo-0000737776,herbs,habit,1ED6DB94-1D72-43AC-99A0-E8454DB8F59C,English,2013-09-19,,,,http://creativecommons.org/licenses/by/4.0,Missouri Botanical Garden,Missouri Botanical Garden
wfo-0001093287,shrub,habit,499F2856-442A-43F0-9F48-1A3528712DAD,English,2012-11-20,,,,http://creativecommons.org/licenses/by/4.0,Missouri Botanical Garden,Missouri Botanical Garden
wfo-0000565461,herbs,habit,D853F2C8-9A42-4B0B-9487-8A2E47B5712F,English,2013-09-19,,,,http://creativecommons.org/licenses/by/4.0,Missouri Botanical Garden,Missouri Botanical Garden
wfo-0000565503,herb or shrub,habit,FE5B242A-F6AE-4745-9245-00B06FC07568,English,2013-09-19,,,,http://creativecommons.org/licenses/by/4.0,Missouri Botanical Garden,Missouri Botanical Garden
wfo-0000565511,herbs,habit,2D9DCCD3-ED09-4650-BAC4-E280A792EE07,English,2013-09-19,,,,http://creativecommons.org/licenses/by/4.0,Missouri Botanical Garden,Missouri Botanical Garden
wfo-0001089571,Herb,habit,D4D9F43E-195C-4F55-83C6-4D6904C3EB5B,English,2013-09-19,,,,http://creativecommons.org/licenses/by/4.0,Missouri Botanical Garden,Missouri Botanical Garden
wfo-0001089572,herb,habit,93EDBEDE-672F-40AC-AD10-DF777670B31B,English,2013-09-19,,,,http://creativecommons.org/licenses/by/4.0,Missouri Botanical Garden,Missouri Botanical Garden
wfo-0001089573,herb,habit,46865112-9F05-4940-A73E-4B79A6AA5070,English,2013-09-19,,,,http://creativecommons.org/licenses/by/4.0,Missouri Botanical Garden,Missouri Botanical Garden
wfo-0000389966,herb,habit,8A78F24C-7BFE-4372-A1E3-71167980939A,English,2013-09-19,,,,http://creativecommons.org/licenses/by/4.0,Missouri Botanical Garden,Missouri Botanical Garden
wfo-0000389979,subshrub,habit,0E7CADA7-D34D-4CAF-ADB2-E79800437675,English,2013-09-19,,,,http://creativecommons.org/licenses/by/4.0,Missouri Botanical Garden,Missouri Botanical Garden
wfo-0001089574,Herb or subshrub,habit,027E5430-A410-4B90-AF0D-3DE30761D130,English,2013-09-19,,,,http://creativecommons.org/licenses/by/4.0,Missouri Botanical Garden,Missouri Botanical Garden
wfo-0000386764,shrub,habit,310D0142-3394-4CB9-A7EB-9AD6055BA631,English,2013-09-19,,,,http://creativecommons.org/licenses/by/4.0,Missouri Botanical Garden,Missouri Botanical Garden
wfo-0001089575,herb,habit,B2F56482-A335-4D43-A390-DAA10DF819B6,English,2013-09-19,,,,http://creativecommons.org/licenses/by/4.0,Missouri Botanical Garden,Missouri Botanical Garden
wfo-0000567124,Small tree shrub,habit,"9F6CF8E3-ACE0-4BE4-BA21-8A711BC674FE,317BB7B3-F74E-49A2-94D9-2E7938533000",English,2012-11-12,,,,http://creativecommons.org/licenses/by/4.0,Missouri Botanical Garden,Missouri Botanical Garden
wfo-0000481924,herbs shrubs,habit,"5CB486D0-029A-42CF-8CDE-8E8E0F9E1DA1,4A4233C5-BBC4-4B23-963A-0DE094C69DE4",English,2013-01-28,,,,http://creativecommons.org/licenses/by/4.0,Missouri Botanical Garden,Missouri Botanical Garden
wfo-0000456303,shrubs,habit,6253A622-0E4D-49B3-83CE-DEA128437914,English,2013-01-28,,,,http://creativecommons.org/licenses/by/4.0,Missouri Botanical Garden,Missouri Botanical Garden
wfo-0000481925,herbs,habit,"8D9D2765-AF9A-4531-9D1D-130C810530E7,FD0E8AAB-7892-47DB-A622-3A01AD983D11",English,2013-01-28,,,,http://creativecommons.org/licenses/by/4.0,Missouri Botanical Garden,Missouri Botanical Garden
wfo-0000404539,shrubs herbs,habit,3CAAE212-BA3E-4413-8A54-465EBFF2D2FB,English,2013-01-28,,,,http://creativecommons.org/licenses/by/4.0,Missouri Botanical Garden,Missouri Botanical Garden
wfo-0000448544,herbs,habit,0ECF1EE8-7FEE-4FF1-AA09-29D3FEBCB74B,English,2013-01-28,,,,http://creativecommons.org/licenses/by/4.0,Missouri Botanical Garden,Missouri Botanical Garden
wfo-0000481950,herbs,habit,6FF308B5-C718-481B-9F9C-9E429569EB02,English,2013-01-28,,,,http://creativecommons.org/licenses/by/4.0,Missouri Botanical Garden,Missouri Botanical Garden
wfo-0000482093,herbs,habit,E569E1EC-5559-4ECD-A387-E8B3058E0044,English,2013-01-28,,,,http://creativecommons.org/licenses/by/4.0,Missouri Botanical Garden,Missouri Botanical Garden
wfo-0000486368,shrub tree,habit,1F8102E9-BE36-4C79-8807-09F50EEFF5D9,English,2012-11-20,,,,http://creativecommons.org/licenses/by/4.0,Missouri Botanical Garden,Missouri Botanical Garden
wfo-0000478224,herb,habit,99B3D1DE-335F-4B1D-99AC-6F750541B6CE,English,2012-11-20,,,,http://creativecommons.org/licenses/by/4.0,Missouri Botanical Garden,Missouri Botanical Garden
wfo-0000477295,herb,habit,"F9A6DBC3-9E41-4B0E-81D4-06C80B0BDC85,B588BF02-A789-42C5-98F1-500E67CD57A3",English,2012-11-20,,,,http://creativecommons.org/licenses/by/4.0,Missouri Botanical Garden,Missouri Botanical Garden
wfo-0001091974,herb,habit,35B985D7-6192-4221-B7C5-9F99C0DA75B0,English,2012-11-21,,,,http://creativecommons.org/licenses/by/4.0,Missouri Botanical Garden,Missouri Botanical Garden
wfo-0000478805,shrub,habit,1505D389-EA90-4EB9-90DB-D60A7091E616,English,2012-11-19,,,,http://creativecommons.org/licenses/by/4.0,Missouri Botanical Garden,Missouri Botanical Garden
wfo-0001092163,shrub tree,habit,B576FCC0-CCC9-4BC5-998C-33EBEF372A2D,English,2012-11-20,,,,http://creativecommons.org/licenses/by/4.0,Missouri Botanical Garden,Missouri Botanical Garden
wfo-0000485476,shrub,habit,5AF3B382-4DEF-4458-82DE-9514EAAF9FE9,English,2012-11-20,,,,http://creativecommons.org/licenses/by/4.0,Missouri Botanical Garden,Missouri Botanical Garden
wfo-0000487353,shrub,habit,C5A3606B-760F-4F64-945D-F235E1BACCF4,English,2012-11-20,,,,http://creativecommons.org/licenses/by/4.0,Missouri Botanical Garden,Missouri Botanical Garden
wfo-0000478397,herb,habit,D858C3C6-D27B-4D2B-B491-749B16ACD207,English,2012-11-20,,,,http://creativecommons.org/licenses/by/4.0,Missouri Botanical Garden,Missouri Botanical Garden
wfo-0000477199,herb,habit,7FA43642-B365-43DE-A72D-7311ED22766B,English,2012-11-21,,,,http://creativecommons.org/licenses/by/4.0,Missouri Botanical Garden,Missouri Botanical Garden
wfo-0000477971,herb,habit,5B7269D7-3421-44C4-883D-4824EDEC7808,English,2012-11-20,,,,http://creativecommons.org/licenses/by/4.0,Missouri Botanical Garden,Missouri Botanical Garden
wfo-0000479465,herb,habit,7F26261D-2893-4A44-88D1-8003E16B5F76,English,2012-11-21,,,,http://creativecommons.org/licenses/by/4.0,Missouri Botanical Garden,Missouri Botanical Garden
wfo-0000479665,Shrub tree,habit,13BD0E98-A0AE-45CA-A276-EA67501A3C62,English,2012-11-20,,,,http://creativecommons.org/licenses/by/4.0,Missouri Botanical Garden,Missouri Botanical Garden
wfo-0000479663,shrub,habit,FEE7D213-3B9E-41C8-BF95-C548829587B1,English,2012-11-20,,,,http://creativecommons.org/licenses/by/4.0,Missouri Botanical Garden,Missouri Botanical Garden
wfo-0000485287,shrub tree,habit,9F30BCE8-D05A-4639-8450-E7D8B06E793D,English,2012-11-19,,,,http://creativecommons.org/licenses/by/4.0,Missouri Botanical Garden,Missouri Botanical Garden
wfo-0000487491,shrub tree,habit,108DB9AE-0D82-4DC7-93C7-EC371D6C6DBD,English,2012-11-20,,,,http://creativecommons.org/licenses/by/4.0,Missouri Botanical Garden,Missouri Botanical Garden
wfo-0000478421,herb,habit,D55FCEF6-7DF2-44E7-846B-25E1BF2F5AA6,English,2012-11-21,,,,http://creativecommons.org/licenses/by/4.0,Missouri Botanical Garden,Missouri Botanical Garden
wfo-0000487328,Shrub,habit,1B64F3A2-ECB7-4864-A764-E789FE10DB9F,English,2012-11-20,,,,http://creativecommons.org/licenses/by/4.0,Missouri Botanical Garden,Missouri Botanical Garden
wfo-0000478153,herb,habit,E12718BE-85C4-4BF3-9D34-88C6A7B883A3,English,2012-11-20,,,,http://creativecommons.org/licenses/by/4.0,Missouri Botanical Garden,Missouri Botanical Garden
wfo-0001093032,herb,habit,19153D3E-A0D7-48F9-9462-6FE80961B28A,English,2012-11-20,,,,http://creativecommons.org/licenses/by/4.0,Missouri Botanical Garden,Missouri Botanical Garden
wfo-0001093033,herb,habit,B10D2504-DFF1-4284-A1F5-D6BA341A536B,English,2012-11-20,,,,http://creativecommons.org/licenses/by/4.0,Missouri Botanical Garden,Missouri Botanical Garden
wfo-0001093038,herb,habit,D4EC6255-9436-48B0-9FD1-C8DCD5786021,English,2012-11-20,,,,http://creativecommons.org/licenses/by/4.0,Missouri Botanical Garden,Missouri Botanical Garden
wfo-0001093035,herb,habit,652094ED-B525-439E-95CD-1E2CFF6409A6,English,2012-11-20,,,,http://creativecommons.org/licenses/by/4.0,Missouri Botanical Garden,Missouri Botanical Garden
wfo-0000477759,herb,habit,A4709F60-4905-4C0D-BAB0-AF5E48F2BC8A,English,2012-11-21,,,,http://creativecommons.org/licenses/by/4.0,Missouri Botanical Garden,Missouri Botanical Garden
wfo-0001093036,herb,habit,A5387765-16B2-4A0D-AFCF-FFDEA2823702,English,2012-11-21,,,,http://creativecommons.org/licenses/by/4.0,Missouri Botanical Garden,Missouri Botanical Garden
wfo-0001093037,herb,habit,684F8E15-7560-4F90-9BC8-6724E3AD7362,English,2012-11-20,,,,http://creativecommons.org/licenses/by/4.0,Missouri Botanical Garden,Missouri Botanical Garden
wfo-0001093039,herb,habit,60D354D8-0B0C-4D97-B19B-C5A55BDA3081,English,2012-11-20,,,,http://creativecommons.org/licenses/by/4.0,Missouri Botanical Garden,Missouri Botanical Garden
wfo-0001093041,herb,habit,94A35604-A1EC-4055-9770-6EE3A0968C8A,English,2012-11-21,,,,http://creativecommons.org/licenses/by/4.0,Missouri Botanical Garden,Missouri Botanical Garden
wfo-0000478093,herb,habit,5058FACA-5853-4576-9E87-C0969F1610CF,English,2012-11-20,,,,http://creativecommons.org/licenses/by/4.0,Missouri Botanical Garden,Missouri Botanical Garden
wfo-0000478511,herb,habit,E9CF4D13-B51C-48A9-9849-95908C667D3E,English,2012-11-21,,,,http://creativecommons.org/licenses/by/4.0,Missouri Botanical Garden,Missouri Botanical Garden
wfo-0000478526,tree,habit,2077B9AD-019F-41F2-9FF1-106DB4A9B944,English,2012-11-21,,,,http://creativecommons.org/licenses/by/4.0,Missouri Botanical Garden,Missouri Botanical Garden
wfo-0000478380,herb,habit,76277BD4-48DD-4765-B679-7FE06043CB71,English,2012-11-20,,,,http://creativecommons.org/licenses/by/4.0,Missouri Botanical Garden,Missouri Botanical Garden
wfo-0000478436,herb,habit,25AAA231-AE48-481B-99EE-F47D78E707CA,English,2012-11-20,,,,http://creativecommons.org/licenses/by/4.0,Missouri Botanical Garden,Missouri Botanical Garden
wfo-0001093047,herb,habit,D06BED33-DA33-4CE7-AC2F-D32146C3F1DB,English,2012-11-20,,,,http://creativecommons.org/licenses/by/4.0,Missouri Botanical Garden,Missouri Botanical Garden
wfo-0000485684,shrub,habit,51B4B4DB-3E31-4C16-B3FB-317CD8CEEE39,English,2012-11-20,,,,http://creativecommons.org/licenses/by/4.0,Missouri Botanical Garden,Missouri Botanical Garden
wfo-0001093048,herb,habit,4C405D23-17B5-4847-AA8F-AF27AC9715AC,English,2012-11-20,,,,http://creativecommons.org/licenses/by/4.0,Missouri Botanical Garden,Missouri Botanical Garden
wfo-0001093053,herb,habit,8DE790E5-F03A-4BA2-A5E7-86D45CD8DC59,English,2012-11-21,,,,http://creativecommons.org/licenses/by/4.0,Missouri Botanical Garden,Missouri Botanical Garden
wfo-0000477915,herb,habit,14C53D6D-1DC4-4E97-A6D0-7CF67E4D516A,English,2012-11-21,,,,http://creativecommons.org/licenses/by/4.0,Missouri Botanical Garden,Missouri Botanical Garden
wfo-0000477927,herb,habit,1F56EC11-C4BC-44F3-BF52-CBAE44E93A25,English,2012-11-21,,,,http://creativecommons.org/licenses/by/4.0,Missouri Botanical Garden,Missouri Botanical Garden
wfo-0000477283,herb,habit,628DC45F-6081-40E3-8F60-604174DE21C7,English,2012-11-20,,,,http://creativecommons.org/licenses/by/4.0,Missouri Botanical Garden,Missouri Botanical Garden
wfo-0001093059,herb,habit,AB4DE4B4-782E-4360-9D41-572F202C3768,English,2012-11-20,,,,http://creativecommons.org/licenses/by/4.0,Missouri Botanical Garden,Missouri Botanical Garden
wfo-0001093061,herb,habit,7C906A81-3429-4882-9532-D0F6FC1BBB1C,English,2012-11-20,,,,http://creativecommons.org/licenses/by/4.0,Missouri Botanical Garden,Missouri Botanical Garden
wfo-0001093063,herb,habit,EEAD7B37-6B42-4AA3-A860-C6801192DB80,English,2012-11-20,,,,http://creativecommons.org/licenses/by/4.0,Missouri Botanical Garden,Missouri Botanical Garden
wfo-0000479671,shrub,habit,6B4559B2-0B08-45DE-9579-0C07A336931D,English,2012-11-19,,,,http://creativecommons.org/licenses/by/4.0,Missouri Botanical Garden,Missouri Botanical Garden
wfo-0000479741,shrub,habit,13897C0A-9202-4240-BBAF-7569808AC122,English,2012-11-20,,,,http://creativecommons.org/licenses/by/4.0,Missouri Botanical Garden,Missouri Botanical Garden
wfo-0001093066,shrub,habit,3A40152A-16EE-4D34-A04E-6A542C15FB8F,English,2012-11-19,,,,http://creativecommons.org/licenses/by/4.0,Missouri Botanical Garden,Missouri Botanical Garden
wfo-0000479560,shrub,habit,26D3C46A-8D9F-4CEA-97CC-D9B7AE1CA58A,English,2012-11-20,,,,http://creativecommons.org/licenses/by/4.0,Missouri Botanical Garden,Missouri Botanical Garden
wfo-0000479549,tree,habit,BDE4DAC2-6F74-4468-828F-25BE855DF23B,English,2012-11-19,,,,http://creativecommons.org/licenses/by/4.0,Missouri Botanical Garden,Missouri Botanical Garden
wfo-0000479613,shrub tree,habit,1A4653A8-9751-4D7C-A791-D311FBED28C1,English,2012-11-20,,,,http://creativecommons.org/licenses/by/4.0,Missouri Botanical Garden,Missouri Botanical Garden
wfo-0000478775,shrub,habit,0712AA38-9A0F-4E1A-96E7-65CE3CA7E152,English,2012-11-20,,,,http://creativecommons.org/licenses/by/4.0,Missouri Botanical Garden,Missouri Botanical Garden
wfo-0001093074,shrub,habit,44BB6CED-D697-4343-A509-F6B03B5D6620,English,2012-11-19,,,,http://creativecommons.org/licenses/by/4.0,Missouri Botanical Garden,Missouri Botanical Garden
wfo-0000478648,shrub tree,habit,0DCBDD35-A50F-4BD5-A88A-E998BA77A2F5,English,2012-11-19,,,,http://creativecommons.org/licenses/by/4.0,Missouri Botanical Garden,Missouri Botanical Garden
wfo-0000478728,shrub,habit,D173A979-BC04-48AE-A25D-F43C461CE691,English,2012-11-19,,,,http://creativecommons.org/licenses/by/4.0,Missouri Botanical Garden,Missouri Botanical Garden
wfo-0000478674,shrub,habit,3773C2A1-44FD-41CF-86E8-BAF15AE0CC9C,English,2012-11-19,,,,http://creativecommons.org/licenses/by/4.0,Missouri Botanical Garden,Missouri Botanical Garden
wfo-0000479089,shrub,habit,0FD9B496-F488-4214-BF32-E261EF35F0B6,English,2012-11-19,,,,http://creativecommons.org/licenses/by/4.0,Missouri Botanical Garden,Missouri Botanical Garden
wfo-0001093082,shrub,habit,9EF016AC-4481-4C2C-96DB-055305E647BF,English,2012-11-20,,,,http://creativecommons.org/licenses/by/4.0,Missouri Botanical Garden,Missouri Botanical Garden
wfo-0000487561,Shrub tree,habit,0B667B35-FC91-4616-B6E0-BDC2C7288F48,English,2012-11-20,,,,http://creativecommons.org/licenses/by/4.0,Missouri Botanical Garden,Missouri Botanical Garden
wfo-0000479178,Shrub,habit,38395A70-5625-4432-9B11-E1213CE791B7,English,2012-11-19,,,,http://creativecommons.org/licenses/by/4.0,Missouri Botanical Garden,Missouri Botanical Garden
wfo-0001093085,shrub,habit,88FF166E-0232-4F16-824E-08B170268163,English,2012-11-20,,,,http://creativecommons.org/licenses/by/4.0,Missouri Botanical Garden,Missouri Botanical Garden
wfo-0001093092,Shrub,habit,B1B710E4-07FC-4243-83BA-FA52466D3EA2,English,2012-11-20,,,,http://creativecommons.org/licenses/by/4.0,Missouri Botanical Garden,Missouri Botanical Garden
wfo-0000486106,shrub tree,habit,21105177-72A4-4E97-B172-AF4C5CB8032F,English,2012-11-19,,,,http://creativecommons.org/licenses/by/4.0,Missouri Botanical Garden,Missouri Botanical Garden
wfo-0001093095,shrub,habit,2B378406-BF4A-482E-B041-96638B918AFE,English,2012-11-20,,,,http://creativecommons.org/licenses/by/4.0,Missouri Botanical Garden,Missouri Botanical Garden
wfo-0000487580,shrub tree,habit,3EAB5828-B994-46A7-AF21-AF9D56AAAD0E,English,2012-11-20,,,,http://creativecommons.org/licenses/by/4.0,Missouri Botanical Garden,Missouri Botanical Garden
wfo-0001093096,shrub,habit,A4AD57A3-59B4-4004-BE2D-2C828F882FBE,English,2012-11-19,,,,http://creativecommons.org/licenses/by/4.0,Missouri Botanical Garden,Missouri Botanical Garden
wfo-0000505720,shrub,habit,C5DD68DD-7A09-43C0-A3E1-4BA38E165730,English,2012-11-20,,,,http://creativecommons.org/licenses/by/4.0,Missouri Botanical Garden,Missouri Botanical Garden
wfo-0001093097,shrub,habit,B1DCD352-055C-4CC6-A0CF-59A858DDC435,English,2012-11-20,,,,http://creativecommons.org/licenses/by/4.0,Missouri Botanical Garden,Missouri Botanical Garden
wfo-0000486439,shrub tree,habit,DCC8F238-A89F-4EB8-8FBB-75069A21581F,English,2012-11-20,,,,http://creativecommons.org/licenses/by/4.0,Missouri Botanical Garden,Missouri Botanical Garden
wfo-0001093103,shrub tree,habit,11755555-1005-4D20-8F88-01BBA81A1774,English,2012-11-20,,,,http://creativecommons.org/licenses/by/4.0,Missouri Botanical Garden,Missouri Botanical Garden
wfo-0001093106,subshrub,habit,DCEAC760-5D94-4ECA-92FC-B40ADA70E995,English,2012-11-20,,,,http://creativecommons.org/licenses/by/4.0,Missouri Botanical Garden,Missouri Botanical Garden
wfo-0000486326,shrub,habit,A2EFBB43-D577-4CFC-BC9F-56F557557B41,English,2012-11-20,,,,http://creativecommons.org/licenses/by/4.0,Missouri Botanical Garden,Missouri Botanical Garden
wfo-0001093109,Shrub,habit,58A799F8-4EBF-4285-B391-7EF71EC0B8D5,English,2012-11-20,,,,http://creativecommons.org/licenses/by/4.0,Missouri Botanical Garden,Missouri Botanical Garden
wfo-0001093111,Shrub,habit,5A8EDE10-A1D5-405D-8998-998AA579D773,English,2012-11-20,,,,http://creativecommons.org/licenses/by/4.0,Missouri Botanical Garden,Missouri Botanical Garden
wfo-0000485449,shrub,habit,822365D4-A39A-4BD9-A7AA-FCD7B5C515F6,English,2012-11-19,,,,http://creativecommons.org/licenses/by/4.0,Missouri Botanical Garden,Missouri Botanical Garden
wfo-0001093113,shrub tree,habit,2BAF742B-32DD-4DA1-B885-CCA678A8EEF2,English,2012-11-19,,,,http://creativecommons.org/licenses/by/4.0,Missouri Botanical Garden,Missouri Botanical Garden
wfo-0001093114,Shrub,habit,E2511798-6C48-49AC-A265-753EB71D0E57,English,2012-11-20,,,,http://creativecommons.org/licenses/by/4.0,Missouri Botanical Garden,Missouri Botanical Garden
wfo-0001093120,Shrub,habit,F5338E3F-AF0F-4606-BC01-E92EAF9EA0EA,English,2012-11-20,,,,http://creativecommons.org/licenses/by/4.0,Missouri Botanical Garden,Missouri Botanical Garden
wfo-0001093125,Shrub,habit,39C7C604-89C4-458D-9A8C-61712FADAE65,English,2012-11-20,,,,http://creativecommons.org/licenses/by/4.0,Missouri Botanical Garden,Missouri Botanical Garden
wfo-0001093129,shrub,habit,D1C6A95A-9CE0-406C-B944-E57697E7D1F1,English,2012-11-20,,,,http://creativecommons.org/licenses/by/4.0,Missouri Botanical Garden,Missouri Botanical Garden
wfo-0001093126,Shrub,habit,FABF9BBE-F9A8-4FD3-97A7-3215823F0AD4,English,2012-11-20,,,,http://creativecommons.org/licenses/by/4.0,Missouri Botanical Garden,Missouri Botanical Garden
wfo-0001093128,shrub,habit,AD23AC2D-A42A-40E1-9599-566E9DBE8D60,English,2012-11-20,,,,http://creativecommons.org/licenses/by/4.0,Missouri Botanical Garden,Missouri Botanical Garden
wfo-0001093130,shrub,habit,5BC90CFE-DEB1-48A9-84D4-9B4F4215980C,English,2012-11-20,,,,http://creativecommons.org/licenses/by/4.0,Missouri Botanical Garden,Missouri Botanical Garden
wfo-0000487566,Shrub,habit,A438B14D-212A-4231-B2ED-3B65FB89915D,English,2012-11-20,,,,http://creativecommons.org/licenses/by/4.0,Missouri Botanical Garden,Missouri Botanical Garden
wfo-0001093132,Shrub,habit,D12B885B-6AC0-4BF2-9197-B58F8304A988,English,2012-11-20,,,,http://creativecommons.org/licenses/by/4.0,Missouri Botanical Garden,Missouri Botanical Garden
wfo-0001093135,shrub,habit,01ECED41-4AC3-4EE1-AF06-B10AB86C3678,English,2012-11-20,,,,http://creativecommons.org/licenses/by/4.0,Missouri Botanical Garden,Missouri Botanical Garden
wfo-0000487318,shrub,habit,BAB61FF8-2A47-4165-ADF6-8B74D23BE349,English,2012-11-20,,,,http://creativecommons.org/licenses/by/4.0,Missouri Botanical Garden,Missouri Botanical Garden
wfo-0000387028,shrub,habit,745AFF94-0D0D-48C8-B902-18376ACE726C,English,2012-11-20,,,,http://creativecommons.org/licenses/by/4.0,Missouri Botanical Garden,Missouri Botanical Garden
wfo-0000478284,herb,habit,7DB97928-5EBD-48E1-A15C-577927CA209E,English,2012-11-20,,,,http://creativecommons.org/licenses/by/4.0,Missouri Botanical Garden,Missouri Botanical Garden
wfo-0000478057,herb,habit,CA163CCF-DC9A-41B6-B677-4BA9D0BA6FB7,English,2012-11-20,,,,http://creativecommons.org/licenses/by/4.0,Missouri Botanical Garden,Missouri Botanical Garden
wfo-0000482418,herb,habit,F0671F1E-A412-41FC-91FA-C7E617C0C8A5,English,2012-11-21,,,,http://creativecommons.org/licenses/by/4.0,Missouri Botanical Garden,Missouri Botanical Garden
wfo-0001093163,herb,habit,4222B245-65B8-49D2-B16D-034A01206BF6,English,2012-11-20,,,,http://creativecommons.org/licenses/by/4.0,Missouri Botanical Garden,Missouri Botanical Garden
wfo-0001093173,herb,habit,E5F5D100-A7FE-4DC2-BA6F-1EF772F9DE45,English,2012-11-20,,,,http://creativecommons.org/licenses/by/4.0,Missouri Botanical Garden,Missouri Botanical Garden
wfo-0000477556,herb,habit,B452346E-62B4-46EA-8564-4294C5F0B765,English,2012-11-21,,,,http://creativecommons.org/licenses/by/4.0,Missouri Botanical Garden,Missouri Botanical Garden
wfo-0000477223,herb,habit,"0BEDC8EA-87BD-4C8C-8CF6-B42C4942ECE9,F838D597-6214-499D-9E64-D25E808E0DD3,81162BEE-820C-4F04-815A-9B25D1A44E4E",English,2012-11-20,,,,http://creativecommons.org/licenses/by/4.0,Missouri Botanical Garden,Missouri Botanical Garden
wfo-0001093884,herb,habit,E4E3D47C-A42D-4200-831B-634937B22748,English,2012-11-20,,,,http://creativecommons.org/licenses/by/4.0,Missouri Botanical Garden,Missouri Botanical Garden
wfo-0000477884,herb,habit,C9ADC9B0-FE72-43FE-9C66-CE1EA4932719,English,2012-11-21,,,,http://creativecommons.org/licenses/by/4.0,Missouri Botanical Garden,Missouri Botanical Garden
wfo-0001093204,herb,habit,BA83488D-3F90-40E8-BB2E-21F2008B2AAF,English,2012-11-21,,,,http://creativecommons.org/licenses/by/4.0,Missouri Botanical Garden,Missouri Botanical Garden
wfo-0001093205,herb,habit,4A03E7A3-3EEF-4DEB-AD96-C64F79BE2705,English,2012-11-20,,,,http://creativecommons.org/licenses/by/4.0,Missouri Botanical Garden,Missouri Botanical Garden
wfo-0000477979,herb,habit,AB5ED80D-9321-4315-BBD3-971892639510,English,2012-11-21,,,,http://creativecommons.org/licenses/by/4.0,Missouri Botanical Garden,Missouri Botanical Garden
wfo-0000479388,herb,habit,A27E515A-AB03-4683-92DE-181F81EFEAFA,English,2012-11-20,,,,http://creativecommons.org/licenses/by/4.0,Missouri Botanical Garden,Missouri Botanical Garden
wfo-0000479314,herb,habit,C0AE9B3B-4510-49F8-BF1A-2684CB2DC1B7,English,2012-11-20,,,,http://creativecommons.org/licenses/by/4.0,Missouri Botanical Garden,Missouri Botanical Garden
wfo-0001093217,herb,habit,91872713-001A-451E-AEC9-7D369383EAF6,English,2012-11-20,,,,http://creativecommons.org/licenses/by/4.0,Missouri Botanical Garden,Missouri Botanical Garden
wfo-0001093971,herb,habit,D074A38B-9219-467F-9DAB-523263CD2652,English,2012-11-21,,,,http://creativecommons.org/licenses/by/4.0,Missouri Botanical Garden,Missouri Botanical Garden
wfo-0000479718,shrub tree,habit,1DF26D73-395F-42F3-8762-5D054FFDAB93,English,2012-11-20,,,,http://creativecommons.org/licenses/by/4.0,Missouri Botanical Garden,Missouri Botanical Garden
wfo-0000478841,shrub,habit,5C1E5280-129B-4840-AB6D-C9DAA57AD2BB,English,2012-11-20,,,,http://creativecommons.org/licenses/by/4.0,Missouri Botanical Garden,Missouri Botanical Garden
wfo-0000478672,shrub,habit,8BA70056-90F4-4EAD-A6C9-B519BBCE1493,English,2012-11-20,,,,http://creativecommons.org/licenses/by/4.0,Missouri Botanical Garden,Missouri Botanical Garden
wfo-0000479109,Shrub,habit,93612381-21A1-4D56-8578-019E38818F44,English,2012-11-20,,,,http://creativecommons.org/licenses/by/4.0,Missouri Botanical Garden,Missouri Botanical Garden
wfo-0001093289,shrub,habit,DE4ED83F-3EBF-4BAC-8096-5E227DD01FAD,English,2012-11-19,,,,http://creativecommons.org/licenses/by/4.0,Missouri Botanical Garden,Missouri Botanical Garden
wfo-0000486424,shrub,habit,3223CBC7-0973-4993-8E02-3445C57CBF74,English,2012-11-19,,,,http://creativecommons.org/licenses/by/4.0,Missouri Botanical Garden,Missouri Botanical Garden
wfo-0001093308,shrub,habit,0A2BD698-3C3C-4864-B0FE-2134B7ACCAD0,English,2012-11-20,,,,http://creativecommons.org/licenses/by/4.0,Missouri Botanical Garden,Missouri Botanical Garden
wfo-0000485934,shrub tree,habit,5C90ED46-2B6E-4884-9DBF-B0F39807791E,English,2012-11-19,,,,http://creativecommons.org/licenses/by/4.0,Missouri Botanical Garden,Missouri Botanical Garden
wfo-0000485543,shrub,habit,3FF0C291-AEDA-4430-8909-EBB842BD89AC,English,2012-11-20,,,,http://creativecommons.org/licenses/by/4.0,Missouri Botanical Garden,Missouri Botanical Garden
wfo-0001093331,shrub,habit,671F57D0-A533-473C-B92D-62D4D2304BB3,English,2012-11-20,,,,http://creativecommons.org/licenses/by/4.0,Missouri Botanical Garden,Missouri Botanical Garden
wfo-0000485673,shrub,habit,95B243EB-CD23-4558-9BCB-8625A91034BC,English,2012-11-20,,,,http://creativecommons.org/licenses/by/4.0,Missouri Botanical Garden,Missouri Botanical Garden
wfo-0000485689,shrub tree,habit,0732B552-B344-4E09-97FF-9EB9A6326CFA,English,2012-11-20,,,,http://creativecommons.org/licenses/by/4.0,Missouri Botanical Garden,Missouri Botanical Garden
wfo-0000487587,Shrub,habit,5DF3E813-52D2-4BF0-84F2-2C9E94285905,English,2012-11-20,,,,http://creativecommons.org/licenses/by/4.0,Missouri Botanical Garden,Missouri Botanical Garden
wfo-0001093349,shrub,habit,D3ACAD03-92DE-442E-B524-A5EDC34CC6FE,English,2012-11-20,,,,http://creativecommons.org/licenses/by/4.0,Missouri Botanical Garden,Missouri Botanical Garden
wfo-0000486603,herb,habit,B4D071D2-41F7-424A-B16D-F1142D68A3B5,English,2013-05-08,,,,http://creativecommons.org/licenses/by/4.0,Missouri Botanical Garden,Missouri Botanical Garden
wfo-0000486544,herb,habit,2A4F0CDB-FD96-430B-B19E-063F80E262D9,English,2013-05-08,,,,http://creativecommons.org/licenses/by/4.0,Missouri Botanical Garden,Missouri Botanical Garden
wfo-0000487655,herb,habit,DFE8696E-F6EF-4549-BB07-99400F2C0F73,English,2013-05-08,,,,http://creativecommons.org/licenses/by/4.0,Missouri Botanical Garden,Missouri Botanical Garden
wfo-0000487119,Subshrubs,habit,86C5E1E9-257D-4471-9E37-24B4C9ECDF53,English,2013-04-08,,,,http://creativecommons.org/licenses/by/4.0,Missouri Botanical Garden,Missouri Botanical Garden
wfo-0000497004,shrubs or woody vines,habit,B30E91B7-E62C-4BCB-B962-4F717A40BEAB,English,2013-04-02,,,,http://creativecommons.org/licenses/by/4.0,Missouri Botanical Garden,Missouri Botanical Garden
wfo-0000982633,Shrubs,habit,79352643-5A55-4E64-9195-C250A42513ED,English,2013-09-05,,,,http://creativecommons.org/licenses/by/4.0,Missouri Botanical Garden,Missouri Botanical Garden
wfo-0000299562,vines,habit,C82C9958-3F98-4C0A-972A-9BF1AD42D76C,English,2013-09-18,,,,http://creativecommons.org/licenses/by/4.0,Missouri Botanical Garden,Missouri Botanical Garden
wfo-0001027834,Shrub or tree,habit,B88FCF54-75D4-43AC-917F-E7A3996477F5,English,2013-05-16,,,,http://creativecommons.org/licenses/by/4.0,Missouri Botanical Garden,Missouri Botanical Garden
wfo-0001099570,herbs,habit,1A298C30-A81C-4A1E-8A6E-EA3F147C6F36,English,2012-11-13,,,,http://creativecommons.org/licenses/by/4.0,Missouri Botanical Garden,Missouri Botanical Garden
wfo-0000608241,Trees,habit,1FE6A4D8-7074-4F84-92EB-76D6AB2AEE2A,English,2013-08-12,,,,http://creativecommons.org/licenses/by/4.0,Missouri Botanical Garden,Missouri Botanical Garden
wfo-0001099572,herb,habit,5DE49CE0-91EF-44A3-A94C-436488F811C9,English,2012-11-13,,,,http://creativecommons.org/licenses/by/4.0,Missouri Botanical Garden,Missouri Botanical Garden
wfo-0001099573,Herb,habit,DD0A941F-1736-4068-AFE6-42193782BCD5,English,2012-11-13,,,,http://creativecommons.org/licenses/by/4.0,Missouri Botanical Garden,Missouri Botanical Garden
wfo-0000223016,shrubs,habit,7F72C3B1-BEE1-4F42-BD84-1D78B6E9B82D,English,2013-05-10,,,,http://creativecommons.org/licenses/by/4.0,Missouri Botanical Garden,Missouri Botanical Garden
wfo-0000612876,Lianas,habit,734268B8-7600-4DD3-AE85-5EB2DEA8E27C,English,2013-05-08,,,,http://creativecommons.org/licenses/by/4.0,Missouri Botanical Garden,Missouri Botanical Garden
wfo-0000444197,Shrubs,habit,76970E4A-E6FA-49DD-A153-F99DC5678962,English,2013-05-08,,,,http://creativecommons.org/licenses/by/4.0,Missouri Botanical Garden,Missouri Botanical Garden
wfo-0000966736,Trees,habit,F8BDB4A2-73BD-4641-8128-FE25D9E1C432,English,2013-09-04,,,,http://creativecommons.org/licenses/by/4.0,Missouri Botanical Garden,Missouri Botanical Garden
wfo-0000503583,shrubs or woody vines,habit,50C4E47C-FDEA-4ED2-97C7-CE7016B4CBA3,English,2013-04-02,,,,http://creativecommons.org/licenses/by/4.0,Missouri Botanical Garden,Missouri Botanical Garden
wfo-0000452759,Shrubs or herbs,habit,AAC4E03E-8386-418E-8949-EC03F3B6EF83,English,2013-04-02,,,,http://creativecommons.org/licenses/by/4.0,Missouri Botanical Garden,Missouri Botanical Garden
wfo-0000452769,"Herbs, shrubs or trees",habit,1BA2854B-3567-47C8-9E18-27D85920C73C,English,2013-04-02,,,,http://creativecommons.org/licenses/by/4.0,Missouri Botanical Garden,Missouri Botanical Garden
wfo-0001100326,Herb to shrub,habit,3CCB03B2-17E0-413C-B08C-CF7FD64CA154,English,2013-04-02,,,,http://creativecommons.org/licenses/by/4.0,Missouri Botanical Garden,Missouri Botanical Garden
wfo-0000287777,Shrubs,habit,DB83BE78-D25E-4CCE-B1E8-38F3D41270A4,English,2013-09-17,,,,http://creativecommons.org/licenses/by/4.0,Missouri Botanical Garden,Missouri Botanical Garden
wfo-0000538920,vines,habit,7928A697-B829-4E70-905C-F7B818C3DD1F,English,2013-01-14,,,,http://creativecommons.org/licenses/by/4.0,Missouri Botanical Garden,Missouri Botanical Garden
wfo-0000612984,Shrub,habit,ED017388-8268-4DDD-8ECB-9FAABC8A3E91,English,2013-01-14,,,,http://creativecommons.org/licenses/by/4.0,Missouri Botanical Garden,Missouri Botanical Garden
wfo-0000613209,Tree,habit,"28B67944-B70E-43F6-AB18-DBC3EFDC689E,6CA566EB-604D-4349-8CC4-5556B89C5045",English,2013-01-14,,,,http://creativecommons.org/licenses/by/4.0,Missouri Botanical Garden,Missouri Botanical Garden
wfo-0000613271,Shrub tree,habit,110F4A1E-44FB-4759-A729-AA8D6D364404,English,2013-01-14,,,,http://creativecommons.org/licenses/by/4.0,Missouri Botanical Garden,Missouri Botanical Garden
wfo-0000613287,Tree,habit,90EB2C03-9999-4A86-92F8-4B7DE85946BD,English,2013-01-14,,,,http://creativecommons.org/licenses/by/4.0,Missouri Botanical Garden,Missouri Botanical Garden
wfo-0000452322,lianas,habit,AE4D3AAD-112F-40A8-8FA2-87BCF34D1661,English,2013-01-14,,,,http://creativecommons.org/licenses/by/4.0,Missouri Botanical Garden,Missouri Botanical Garden
wfo-0000454312,tree,habit,C129986A-75C7-4B46-8530-9A9742A0D1B4,English,2013-01-14,,,,http://creativecommons.org/licenses/by/4.0,Missouri Botanical Garden,Missouri Botanical Garden
wfo-0000982395,shrubs,habit,F04C2CBC-0A42-403C-BAF3-5113180773C5,English,2013-09-05,,,,http://creativecommons.org/licenses/by/4.0,Missouri Botanical Garden,Missouri Botanical Garden
wfo-0000538916,vine,habit,F92F177F-8A8F-4415-BB25-3FC8CBF22010,English,2013-01-14,,,,http://creativecommons.org/licenses/by/4.0,Missouri Botanical Garden,Missouri Botanical Garden
wfo-0000613437,Tree,habit,39E3DFE8-4FE1-4A2F-B486-0C4F6968F9CA,English,2013-01-14,,,,http://creativecommons.org/licenses/by/4.0,Missouri Botanical Garden,Missouri Botanical Garden
wfo-0000613036,Tree,habit,D16C81B6-272A-4112-AF8C-AA39DC839FD1,English,2013-01-14,,,,http://creativecommons.org/licenses/by/4.0,Missouri Botanical Garden,Missouri Botanical Garden
wfo-0000613063,Shrub,habit,"94F12082-1678-4FD3-95F1-C8B344909C8B,2C16E473-4A90-4C32-83A7-6078B5F69C7C",English,2013-01-14,,,,http://creativecommons.org/licenses/by/4.0,Missouri Botanical Garden,Missouri Botanical Garden
wfo-0000613084,Tree,habit,2D6FC47A-4B7E-4129-8D18-FAD5EF515EC1,English,2013-01-14,,,,http://creativecommons.org/licenses/by/4.0,Missouri Botanical Garden,Missouri Botanical Garden
wfo-0000613177,Tree,habit,0D81E6A5-9744-4793-9716-69C7BE0BC86E,English,2013-01-14,,,,http://creativecommons.org/licenses/by/4.0,Missouri Botanical Garden,Missouri Botanical Garden
wfo-0000613183,tree,habit,9A364113-1FA0-48D6-9074-8A6F388FB2CB,English,2013-01-14,,,,http://creativecommons.org/licenses/by/4.0,Missouri Botanical Garden,Missouri Botanical Garden
wfo-0000613297,Tree,habit,BA2DFDF3-DDF0-48C8-8CBF-85E40294D0E0,English,2013-01-14,,,,http://creativecommons.org/licenses/by/4.0,Missouri Botanical Garden,Missouri Botanical Garden
wfo-0000613434,tree,habit,BA3697D6-B036-4E6F-BE2C-04299E17B5F1,English,2013-01-14,,,,http://creativecommons.org/licenses/by/4.0,Missouri Botanical Garden,Missouri Botanical Garden
wfo-0000454468,trees,habit,483DC679-EA11-46FA-BDCC-B12F7DF60754,English,2013-01-14,,,,http://creativecommons.org/licenses/by/4.0,Missouri Botanical Garden,Missouri Botanical Garden
wfo-0000982644,Herb,habit,7DDAAE27-703D-4D62-8E76-ED21E29C4C89,English,2013-09-05,,,,http://creativecommons.org/licenses/by/4.0,Missouri Botanical Garden,Missouri Botanical Garden
wfo-0000454321,trees,habit,7516A2D3-4025-4658-BD99-6FBD402DA8DF,English,2013-01-14,,,,http://creativecommons.org/licenses/by/4.0,Missouri Botanical Garden,Missouri Botanical Garden
wfo-0000609800,vines,habit,C5F56290-1F7A-4DA5-82F2-3B3138917DE6,English,2013-02-07,,,,http://creativecommons.org/licenses/by/4.0,Missouri Botanical Garden,Missouri Botanical Garden
wfo-0000484425,herb,habit,E0C572EF-B13E-4941-8C84-10BF59950321,English,2013-01-28,,,,http://creativecommons.org/licenses/by/4.0,Missouri Botanical Garden,Missouri Botanical Garden
wfo-0000454617,Herb,habit,6C54542E-B7F8-4BCC-A693-8FE47D02FEFE,English,2013-01-28,,,,http://creativecommons.org/licenses/by/4.0,Missouri Botanical Garden,Missouri Botanical Garden
wfo-0000708294,Lianas,habit,99DEEABA-4A47-4DE0-9EFF-8C31F0EFAA81,English,2013-05-08,,,,http://creativecommons.org/licenses/by/4.0,Missouri Botanical Garden,Missouri Botanical Garden
wfo-0001105401,herbs,habit,C64A84EC-50E0-4949-BD10-101DFC2D06E5,English,2013-04-08,,,,http://creativecommons.org/licenses/by/4.0,Missouri Botanical Garden,Missouri Botanical Garden
wfo-0000403899,Tree,habit,CFAE12EE-D9CB-42F5-819C-9A35E6879B8E,English,2013-01-22,,,,http://creativecommons.org/licenses/by/4.0,Missouri Botanical Garden,Missouri Botanical Garden
wfo-0000376457,herbs,habit,617E0D0F-6F0D-411B-A53A-6DB49F0E8D15,English,2013-07-24,,,,http://creativecommons.org/licenses/by/4.0,Missouri Botanical Garden,Missouri Botanical Garden
wfo-0001019742,herb,habit,5EF5F522-7C4F-4B6F-940D-70F56DF3095B,English,2013-05-15,,,,http://creativecommons.org/licenses/by/4.0,Missouri Botanical Garden,Missouri Botanical Garden
wfo-0000442902,tree,habit,12A113FD-272E-430B-96F3-94D4C594A48C,English,2013-09-19,,,,http://creativecommons.org/licenses/by/4.0,Missouri Botanical Garden,Missouri Botanical Garden
wfo-0001129092,Tree,habit,135F3DDE-5BB8-41B3-9A10-3EF657D126CC,English,2013-09-19,,,,http://creativecommons.org/licenses/by/4.0,Missouri Botanical Garden,Missouri Botanical Garden
wfo-0001129095,parasites,habit,E64E0E59-6342-45F9-86AB-79EF0EADB033,English,2013-05-09,,,,http://creativecommons.org/licenses/by/4.0,Missouri Botanical Garden,Missouri Botanical Garden
wfo-0000540819,parasites,habit,CAB4D5CC-F39F-4707-AE07-1506B7F21D7E,English,2013-05-09,,,,http://creativecommons.org/licenses/by/4.0,Missouri Botanical Garden,Missouri Botanical Garden
wfo-0000994942,shrub,habit,B38FD663-8485-4AB0-A1B1-8A700E922E8F,English,2012-11-13,,,,http://creativecommons.org/licenses/by/4.0,Missouri Botanical Garden,Missouri Botanical Garden
wfo-0000708315,Lianas shrubs,habit,81D07413-DEB4-4DC5-9305-D65E0A6A6FF2,English,2013-05-08,,,,http://creativecommons.org/licenses/by/4.0,Missouri Botanical Garden,Missouri Botanical Garden
wfo-0000615210,Trees,habit,AE1B2F69-EA99-4B97-A684-92A3A0E370E0,English,2013-05-08,,,,http://creativecommons.org/licenses/by/4.0,Missouri Botanical Garden,Missouri Botanical Garden
wfo-0001130958,Trees,habit,7ACD658E-02EB-41A9-BD85-673101527E72,English,2013-05-08,,,,http://creativecommons.org/licenses/by/4.0,Missouri Botanical Garden,Missouri Botanical Garden
wfo-0000615258,"Shrubs, or trees",habit,93000334-E158-47CA-8ECB-1DAEA2F1D747,English,2013-05-08,,,,http://creativecommons.org/licenses/by/4.0,Missouri Botanical Garden,Missouri Botanical Garden
wfo-0001130959,Trees,habit,8249BF0D-4467-40D4-9DAF-839445AF8825,English,2013-05-08,,,,http://creativecommons.org/licenses/by/4.0,Missouri Botanical Garden,Missouri Botanical Garden
wfo-0001130960,Trees,habit,4F4670FF-8E48-4B27-922D-BF47C5CFD093,English,2013-05-08,,,,http://creativecommons.org/licenses/by/4.0,Missouri Botanical Garden,Missouri Botanical Garden
wfo-0001130961,tree,habit,9559C970-5936-4616-899A-67F4471BF12D,English,2013-05-08,,,,http://creativecommons.org/licenses/by/4.0,Missouri Botanical Garden,Missouri Botanical Garden
wfo-0000462465,Trees or shrubs,habit,430C319F-4FD0-4573-A23C-56588711282E,English,2013-05-08,,,,http://creativecommons.org/licenses/by/4.0,Missouri Botanical Garden,Missouri Botanical Garden
wfo-0000995908,tree,habit,E2588880-7B4E-4E06-872A-0059C74A56D1,English,2012-11-13,,,,http://creativecommons.org/licenses/by/4.0,Missouri Botanical Garden,Missouri Botanical Garden
wfo-0000589612,Shrubs trees,habit,C3A79E28-696D-4449-972D-2B5706A27CA2,English,2012-12-18,,,,http://creativecommons.org/licenses/by/4.0,Missouri Botanical Garden,Missouri Botanical Garden
wfo-0001131560,Trees,habit,D91704E6-2CF2-4F0A-A3AD-9734915BED7C,English,2012-12-18,,,,http://creativecommons.org/licenses/by/4.0,Missouri Botanical Garden,Missouri Botanical Garden
wfo-0000460358,Shrubs,habit,CCBF6965-59C9-4A1B-B48C-C67AD81A279F,English,2012-12-18,,,,http://creativecommons.org/licenses/by/4.0,Missouri Botanical Garden,Missouri Botanical Garden
wfo-0000369469,Shrub,habit,950F5029-75ED-4F92-A164-6D78D8E4CA8F,English,2013-08-20,,,,http://creativecommons.org/licenses/by/4.0,Missouri Botanical Garden,Missouri Botanical Garden
wfo-0001003204,shrub,habit,D9A9A834-2204-444D-BE27-C1FAA8965849,English,2012-11-13,,,,http://creativecommons.org/licenses/by/4.0,Missouri Botanical Garden,Missouri Botanical Garden
wfo-0000991714,Shrub,habit,56139244-0684-4EC7-B7E7-F6FD518E06D3,English,2012-11-13,,,,http://creativecommons.org/licenses/by/4.0,Missouri Botanical Garden,Missouri Botanical Garden
wfo-0000910097,Shrubs or trees,habit,50A105BF-53C9-4EE3-B576-9C52895E8996,English,2013-08-28,,,,http://creativecommons.org/licenses/by/4.0,Missouri Botanical Garden,Missouri Botanical Garden
wfo-0000911201,Shrubs or trees,habit,A9E39E0C-FCEC-4D44-9FC2-E8242218FE52,English,2013-08-28,,,,http://creativecommons.org/licenses/by/4.0,Missouri Botanical Garden,Missouri Botanical Garden
wfo-0000971808,Trees,habit,733B89C7-917E-4A74-B19C-514A39DB44D7,English,2013-09-04,,,,http://creativecommons.org/licenses/by/4.0,Missouri Botanical Garden,Missouri Botanical Garden
wfo-0000218443,Shrubs or trees,habit,BDDF50B1-FDD3-4899-B959-B31F13183725,English,2013-09-10,,,,http://creativecommons.org/licenses/by/4.0,Missouri Botanical Garden,Missouri Botanical Garden
wfo-0000245941,Trees or shrubs,habit,92319910-BB25-466F-9291-5AE6673C8E6D,English,2013-09-11,,,,http://creativecommons.org/licenses/by/4.0,Missouri Botanical Garden,Missouri Botanical Garden
wfo-0000254823,Herbs,habit,5EE8FBC0-CC3C-4213-BE7C-54EE16B74480,English,2013-09-11,,,,http://creativecommons.org/licenses/by/4.0,Missouri Botanical Garden,Missouri Botanical Garden
wfo-0000218311,Shrubs,habit,118D6A4E-1106-4573-AF2F-49CFC0E4C440,English,2013-09-10,,,,http://creativecommons.org/licenses/by/4.0,Missouri Botanical Garden,Missouri Botanical Garden
wfo-0000941730,Shrubs or small trees,habit,D734BAA6-3131-4C15-970D-0C597C054521,English,2013-08-19,,,,http://creativecommons.org/licenses/by/4.0,Missouri Botanical Garden,Missouri Botanical Garden
wfo-0000943518,Trees,habit,B7F2F9CB-EC6F-4662-BF8B-636EB63F403C,English,2013-08-19,,,,http://creativecommons.org/licenses/by/4.0,Missouri Botanical Garden,Missouri Botanical Garden
wfo-0000350626,Trees,habit,6751EB4F-2C7A-430E-A5E7-D4089EDD35B3,English,2013-08-19,,,,http://creativecommons.org/licenses/by/4.0,Missouri Botanical Garden,Missouri Botanical Garden
wfo-0000926158,trees,habit,A1BE538F-AD70-4117-909A-32673F091E4A,English,2013-09-04,,,,http://creativecommons.org/licenses/by/4.0,Missouri Botanical Garden,Missouri Botanical Garden
wfo-0000351601,Herbs,habit,C7B80CD5-0806-4650-8B20-F8BE7B2A4004,English,2013-08-20,,,,http://creativecommons.org/licenses/by/4.0,Missouri Botanical Garden,Missouri Botanical Garden
wfo-0000356087,Herbs,habit,6BFB866C-25C5-434A-B3D1-47C408BD1C40,English,2013-08-20,,,,http://creativecommons.org/licenses/by/4.0,Missouri Botanical Garden,Missouri Botanical Garden
wfo-0000826620,shrubs,habit,1842A5E9-C954-4771-927A-6790390B63D1,English,2013-08-20,,,,http://creativecommons.org/licenses/by/4.0,Missouri Botanical Garden,Missouri Botanical Garden
wfo-0000826719,Shrubs or trees,habit,6C712B06-6719-4AA5-95AE-0FDF52ECB390,English,2013-08-20,,,,http://creativecommons.org/licenses/by/4.0,Missouri Botanical Garden,Missouri Botanical Garden
wfo-0000826654,Subshrubs,habit,DD7F6293-AE64-4526-B122-8DD4565B5A94,English,2013-08-20,,,,http://creativecommons.org/licenses/by/4.0,Missouri Botanical Garden,Missouri Botanical Garden
wfo-0000844607,Trees,habit,DCE76FA4-DB85-49CC-BAB4-A3A5A7C10B2C,English,2013-08-21,,,,http://creativecommons.org/licenses/by/4.0,Missouri Botanical Garden,Missouri Botanical Garden
wfo-0000844669,Trees,habit,3974924A-EE6D-400D-8226-DA31E07FFCD6,English,2013-08-21,,,,http://creativecommons.org/licenses/by/4.0,Missouri Botanical Garden,Missouri Botanical Garden
wfo-0000845774,Trees or shrubs,habit,637E5F98-A9F2-4D45-A25E-0B01D1AED483,English,2013-08-21,,,,http://creativecommons.org/licenses/by/4.0,Missouri Botanical Garden,Missouri Botanical Garden
wfo-0000862489,Trees,habit,92976D82-4FBD-430F-913C-E1313368780C,English,2013-08-28,,,,http://creativecommons.org/licenses/by/4.0,Missouri Botanical Garden,Missouri Botanical Garden
wfo-0000285647,Subshrubs or shrubs,habit,9EF5660E-3B2D-4014-A65A-BE1A72642505,English,2013-09-13,,,,http://creativecommons.org/licenses/by/4.0,Missouri Botanical Garden,Missouri Botanical Garden
wfo-0000925993,Trees,habit,DE3BD28F-C9CC-4DE2-8912-AA76E2BA16EC,English,2013-08-28,,,,http://creativecommons.org/licenses/by/4.0,Missouri Botanical Garden,Missouri Botanical Garden
wfo-0000926079,Shrubs or small trees,habit,3CB419BD-D96E-4790-B530-445EF8089C65,English,2013-09-04,,,,http://creativecommons.org/licenses/by/4.0,Missouri Botanical Garden,Missouri Botanical Garden
wfo-0000966626,Trees or shrubs,habit,A1490754-0747-45D1-B214-5BD82C08CF77,English,2013-09-04,,,,http://creativecommons.org/licenses/by/4.0,Missouri Botanical Garden,Missouri Botanical Garden
wfo-0000966867,Trees,habit,FBAE4020-F0BE-41B2-8708-C24086318F92,English,2013-09-04,,,,http://creativecommons.org/licenses/by/4.0,Missouri Botanical Garden,Missouri Botanical Garden
wfo-0000966894,Shrubs,habit,BCF0A7AE-E6CA-4F0C-B679-5861361B4A6B,English,2013-09-04,,,,http://creativecommons.org/licenses/by/4.0,Missouri Botanical Garden,Missouri Botanical Garden
wfo-0000966988,Trees,habit,7AF41705-B43A-4E49-A045-AD3B01F062E5,English,2013-09-04,,,,http://creativecommons.org/licenses/by/4.0,Missouri Botanical Garden,Missouri Botanical Garden
wfo-0000974537,Shrubs,habit,"AB3E0DE4-CCED-44D5-A221-FBE800831EEF,BC035D26-2315-4087-8E8A-17E2ECAFB4AE",English,2013-09-04,,,,http://creativecommons.org/licenses/by/4.0,Missouri Botanical Garden,Missouri Botanical Garden
wfo-0000974546,Trees,habit,7889D1AD-F2A5-4025-A1FE-DC67B26EACDD,English,2013-09-04,,,,http://creativecommons.org/licenses/by/4.0,Missouri Botanical Garden,Missouri Botanical Garden
wfo-0000979110,Shrubs or small trees,habit,DAD68596-1635-4AFE-913B-18850E20FD70,English,2013-09-05,,,,http://creativecommons.org/licenses/by/4.0,Missouri Botanical Garden,Missouri Botanical Garden
wfo-0000982558,Shrubs,habit,BAAA120B-C827-4A63-AD80-9642B7C02106,English,2013-09-05,,,,http://creativecommons.org/licenses/by/4.0,Missouri Botanical Garden,Missouri Botanical Garden
wfo-0000982568,Herbs,habit,49C0DC35-DBE2-4121-87D3-22B8D3146E85,English,2013-09-05,,,,http://creativecommons.org/licenses/by/4.0,Missouri Botanical Garden,Missouri Botanical Garden
wfo-0000982595,Herbs,habit,01312773-ED59-4AEE-9075-741E089EB1BE,English,2013-09-05,,,,http://creativecommons.org/licenses/by/4.0,Missouri Botanical Garden,Missouri Botanical Garden
wfo-0000982720,Shrubs,habit,F3667C32-D103-473A-8A2F-545EF6406BF2,English,2013-09-05,,,,http://creativecommons.org/licenses/by/4.0,Missouri Botanical Garden,Missouri Botanical Garden
wfo-0000982727,Shrubs,habit,C5D7E6FA-FA9C-4BC7-8E6F-6912E82DD9FF,English,2013-09-05,,,,http://creativecommons.org/licenses/by/4.0,Missouri Botanical Garden,Missouri Botanical Garden
wfo-0000217720,Trees,habit,3DAA1F00-6853-4901-87E8-F0F7972BF5C9,English,2013-09-05,,,,http://creativecommons.org/licenses/by/4.0,Missouri Botanical Garden,Missouri Botanical Garden
wfo-0000221855,Trees or shrubs,habit,829E1E76-8D86-4540-B107-97914942D246,English,2013-09-10,,,,http://creativecommons.org/licenses/by/4.0,Missouri Botanical Garden,Missouri Botanical Garden
wfo-0000232549,Trees,habit,B2A5B9D9-2244-4B38-9AEB-44C90230138F,English,2013-09-10,,,,http://creativecommons.org/licenses/by/4.0,Missouri Botanical Garden,Missouri Botanical Garden
wfo-0000262895,Shrubs,habit,18A26E4B-D571-46E9-A4A0-ED1D0ABF2C7A,English,2013-09-11,,,,http://creativecommons.org/licenses/by/4.0,Missouri Botanical Garden,Missouri Botanical Garden
wfo-0000262754,Shrubs or trees,habit,0325981A-38A1-4A1A-A4D0-E97F4DA0EC09,English,2013-09-11,,,,http://creativecommons.org/licenses/by/4.0,Missouri Botanical Garden,Missouri Botanical Garden
wfo-0000263042,Trees,habit,A2C490D4-C30B-4C8F-A72C-D9ED61F2A26A,English,2013-09-11,,,,http://creativecommons.org/licenses/by/4.0,Missouri Botanical Garden,Missouri Botanical Garden
wfo-0000263206,trees,habit,5E7E2E59-363D-4020-8EC1-4B1E067D65F3,English,2013-09-11,,,,http://creativecommons.org/licenses/by/4.0,Missouri Botanical Garden,Missouri Botanical Garden
wfo-0000263236,Shrubs or trees,habit,9C1644B4-879A-4427-A6E4-5FB2769ECAC0,English,2013-09-11,,,,http://creativecommons.org/licenses/by/4.0,Missouri Botanical Garden,Missouri Botanical Garden
wfo-0000279630,Trees,habit,E04FE48A-0BFE-4F7F-A0AF-5CF3337F0C4B,English,2013-09-12,,,,http://creativecommons.org/licenses/by/4.0,Missouri Botanical Garden,Missouri Botanical Garden
wfo-0000284819,Shrubs or trees,habit,F1D0E0C6-466E-4EED-A6BF-98DBDE9AAA28,English,2013-09-12,,,,http://creativecommons.org/licenses/by/4.0,Missouri Botanical Garden,Missouri Botanical Garden
wfo-0000285115,Shrubs,habit,F7032236-82F1-4DF8-946E-A0EA9319E5EC,English,2013-09-12,,,,http://creativecommons.org/licenses/by/4.0,Missouri Botanical Garden,Missouri Botanical Garden
wfo-0000285258,Shrubs or trees,habit,F2BC2AF0-5130-4254-96E6-451FB0A8EE79,English,2013-09-12,,,,http://creativecommons.org/licenses/by/4.0,Missouri Botanical Garden,Missouri Botanical Garden
wfo-0000285560,Shrubs,habit,5171E27C-9E36-4389-868C-B1E0BCDE9ADA,English,2013-09-13,,,,http://creativecommons.org/licenses/by/4.0,Missouri Botanical Garden,Missouri Botanical Garden
wfo-0000285851,Shrubs,habit,A885853E-2C81-4CA1-AAF6-91CACC1EE8C0,English,2013-09-13,,,,http://creativecommons.org/licenses/by/4.0,Missouri Botanical Garden,Missouri Botanical Garden
wfo-0000285936,Subshrubs,habit,B2C67821-C6BC-4E92-9E32-408B77C82C6C,English,2013-09-13,,,,http://creativecommons.org/licenses/by/4.0,Missouri Botanical Garden,Missouri Botanical Garden
wfo-0000286424,Subshrubs or shrubs,habit,DF11A4A6-30FD-4E8B-91E8-38F79CC8C4A7,English,2013-09-16,,,,http://creativecommons.org/licenses/by/4.0,Missouri Botanical Garden,Missouri Botanical Garden
wfo-0000286528,Shrubs,habit,859AE6ED-9731-4C6A-9556-11B6A0220D3A,English,2013-09-16,,,,http://creativecommons.org/licenses/by/4.0,Missouri Botanical Garden,Missouri Botanical Garden
wfo-0000286665,Shrubs or trees,habit,0425AA52-0DA1-489E-B5B5-84313238D6C7,English,2013-09-16,,,,http://creativecommons.org/licenses/by/4.0,Missouri Botanical Garden,Missouri Botanical Garden
wfo-0000286741,Shrubs,habit,0AFAC547-E445-4722-8F26-02AC8F91BA6C,English,2013-09-16,,,,http://creativecommons.org/licenses/by/4.0,Missouri Botanical Garden,Missouri Botanical Garden
wfo-0000287018,Shrubs,habit,0E51C18B-FA24-4DF0-9627-F2EF937222EA,English,2013-09-16,,,,http://creativecommons.org/licenses/by/4.0,Missouri Botanical Garden,Missouri Botanical Garden
wfo-0000943659,Herbs,habit,00565A43-92BF-421A-9322-47304438BA6F,English,2013-09-04,,,,http://creativecommons.org/licenses/by/4.0,Missouri Botanical Garden,Missouri Botanical Garden
wfo-0000287128,Shrubs,habit,9B04AB44-E0C3-48C7-95E6-9FB936801E62,English,2013-09-16,,,,http://creativecommons.org/licenses/by/4.0,Missouri Botanical Garden,Missouri Botanical Garden
wfo-0000287485,Subshrubs,habit,D85C8CC4-6476-4EC3-A3E4-8D16EBC9F6C4,English,2013-09-16,,,,http://creativecommons.org/licenses/by/4.0,Missouri Botanical Garden,Missouri Botanical Garden
wfo-0000288041,Small trees or shrubs,habit,BDCF5E1A-514A-4F0E-81E9-5C709B79D6FB,English,2013-09-17,,,,http://creativecommons.org/licenses/by/4.0,Missouri Botanical Garden,Missouri Botanical Garden
wfo-0000294462,Shrubs,habit,98B6A072-B7A8-424E-9836-F66B0B24A251,English,2013-09-17,,,,http://creativecommons.org/licenses/by/4.0,Missouri Botanical Garden,Missouri Botanical Garden
wfo-0000295244,shrubs,habit,B5BB1CCC-17A0-43C5-90BB-A82E973B22D1,English,2013-09-17,,,,http://creativecommons.org/licenses/by/4.0,Missouri Botanical Garden,Missouri Botanical Garden
wfo-0000295371,Herbs,habit,C0FD295F-1B01-4B89-9FD2-B57D549796C7,English,2013-09-17,,,,http://creativecommons.org/licenses/by/4.0,Missouri Botanical Garden,Missouri Botanical Garden
wfo-0000297635,Trees,habit,B5BF03B5-1851-44A0-9262-EB6283250594,English,2013-09-17,,,,http://creativecommons.org/licenses/by/4.0,Missouri Botanical Garden,Missouri Botanical Garden
wfo-0000943558,"Vines, subshrubs or shrubs",habit,5F59E345-9744-44B3-A259-56F0FF101448,English,2013-09-04,,,,http://creativecommons.org/licenses/by/4.0,Missouri Botanical Garden,Missouri Botanical Garden
wfo-0000947975,Trees,habit,2AEA9975-930A-4FB8-A2A1-B65E863E7387,English,2013-09-04,,,,http://creativecommons.org/licenses/by/4.0,Missouri Botanical Garden,Missouri Botanical Garden
wfo-0000297931,Trees,habit,ABFA6C3B-FD59-4B49-B52D-E24882E3B3A0,English,2013-09-17,,,,http://creativecommons.org/licenses/by/4.0,Missouri Botanical Garden,Missouri Botanical Garden
wfo-0000298925,Trees,habit,7F6737F1-869F-4608-8C32-AC36FC3BADFE,English,2013-09-18,,,,http://creativecommons.org/licenses/by/4.0,Missouri Botanical Garden,Missouri Botanical Garden
wfo-0000334974,Subshrubs,habit,DFE16FF2-80C9-486B-B2C8-3F92197448B4,English,2013-09-18,,,,http://creativecommons.org/licenses/by/4.0,Missouri Botanical Garden,Missouri Botanical Garden
wfo-0000947953,Shrubs or trees,habit,A4962A83-57B1-4B86-890E-4387724A82C8,English,2013-09-04,,,,http://creativecommons.org/licenses/by/4.0,Missouri Botanical Garden,Missouri Botanical Garden
wfo-0000970515,Herbs,habit,74A28EEB-229D-428C-8EF0-6DD163BB0273,English,2013-09-04,,,,http://creativecommons.org/licenses/by/4.0,Missouri Botanical Garden,Missouri Botanical Garden
wfo-0000850065,Shrubs,habit,A50F12A9-753A-47CD-9B5F-3A216757C684,English,2013-08-28,,,,http://creativecommons.org/licenses/by/4.0,Missouri Botanical Garden,Missouri Botanical Garden
wfo-0000976183,Shrubs or trees,habit,C6847CB7-4D3D-4FD6-8016-743BFD789B44,English,2013-09-05,,,,http://creativecommons.org/licenses/by/4.0,Missouri Botanical Garden,Missouri Botanical Garden
wfo-0000979064,Shrubs,habit,B64C1F98-F587-4BCC-B20B-8FD4272E0C59,English,2013-09-05,,,,http://creativecommons.org/licenses/by/4.0,Missouri Botanical Garden,Missouri Botanical Garden
wfo-0000244841,Herbs,habit,6CC9DAE4-DD6D-4870-A6DC-AAA695A29AB5,English,2013-09-11,,,,http://creativecommons.org/licenses/by/4.0,Missouri Botanical Garden,Missouri Botanical Garden
wfo-0000850207,Shrubs,habit,E98C544E-9264-410A-9186-D388E2F61201,English,2013-08-28,,,,http://creativecommons.org/licenses/by/4.0,Missouri Botanical Garden,Missouri Botanical Garden
wfo-0000251613,Herbs,habit,89DE6C66-F727-4584-9FDD-B1B986F228D8,English,2013-09-11,,,,http://creativecommons.org/licenses/by/4.0,Missouri Botanical Garden,Missouri Botanical Garden
wfo-0000254774,herbs,habit,83C158B4-FA62-4735-B5E6-45E1F0DCB9AE,English,2013-09-11,,,,http://creativecommons.org/licenses/by/4.0,Missouri Botanical Garden,Missouri Botanical Garden
wfo-0000297941,Shrubs,habit,80956620-20F5-4784-B944-99C8648911DB,English,2013-09-17,,,,http://creativecommons.org/licenses/by/4.0,Missouri Botanical Garden,Missouri Botanical Garden
wfo-0000255022,Herbs,habit,B317B0AA-3975-431B-8381-BC8971054DA5,English,2013-09-11,,,,http://creativecommons.org/licenses/by/4.0,Missouri Botanical Garden,Missouri Botanical Garden
wfo-0000262848,Shrubs,habit,B7421DD1-FBE3-4E49-8B32-552C8703F528,English,2013-09-11,,,,http://creativecommons.org/licenses/by/4.0,Missouri Botanical Garden,Missouri Botanical Garden
wfo-0000262931,Shrubs or trees,habit,3C2272C1-D5EB-4858-9EE2-70A65654D6EF,English,2013-09-11,,,,http://creativecommons.org/licenses/by/4.0,Missouri Botanical Garden,Missouri Botanical Garden
wfo-0000285109,Trees,habit,3108363F-20AC-4E13-B79A-20D64EB15B41,English,2013-09-12,,,,http://creativecommons.org/licenses/by/4.0,Missouri Botanical Garden,Missouri Botanical Garden
wfo-0000285941,Trees,habit,8A1EF830-54DF-420C-8CB3-A72F7FF56BB1,English,2013-09-16,,,,http://creativecommons.org/licenses/by/4.0,Missouri Botanical Garden,Missouri Botanical Garden
wfo-0000286676,Shrubs or trees,habit,AE3A00EB-7855-432E-9C57-99EBD94A151F,English,2013-09-16,,,,http://creativecommons.org/licenses/by/4.0,Missouri Botanical Garden,Missouri Botanical Garden
wfo-0000287247,Shrubs or small trees,habit,BE504395-A10D-4D8E-A7FA-B480F273A4CA,English,2013-09-16,,,,http://creativecommons.org/licenses/by/4.0,Missouri Botanical Garden,Missouri Botanical Garden
wfo-0000287935,Subshrubs,habit,A0C4EBCF-517D-457C-A8D9-8903D6D8A3F1,English,2013-09-17,,,,http://creativecommons.org/licenses/by/4.0,Missouri Botanical Garden,Missouri Botanical Garden
wfo-0000294284,Shrubs or trees,habit,62FD6A72-94DF-4EAA-BDF7-9C79A8C15AB6,English,2013-09-17,,,,http://creativecommons.org/licenses/by/4.0,Missouri Botanical Garden,Missouri Botanical Garden
wfo-0000127053,herbs,habit,35ADAA2B-2EE0-407A-BD6A-21E73CAC7F52,English,2013-09-17,,,,http://creativecommons.org/licenses/by/4.0,Missouri Botanical Garden,Missouri Botanical Garden
wfo-0000312335,Subshrubs or herbs,habit,808967AD-39C8-4AFC-92A7-534E72339404,English,2013-09-18,,,,http://creativecommons.org/licenses/by/4.0,Missouri Botanical Garden,Missouri Botanical Garden
wfo-0000312796,Subshrubs,habit,E90C34A1-82B9-4E45-B0E3-4DDE2FA568D9,English,2013-09-18,,,,http://creativecommons.org/licenses/by/4.0,Missouri Botanical Garden,Missouri Botanical Garden
wfo-0000844784,Vines or shrubs (trees?),habit,C5F7856B-B501-496A-94BE-A4DB161ECC20,English,2013-08-21,,,,http://creativecommons.org/licenses/by/4.0,Missouri Botanical Garden,Missouri Botanical Garden
wfo-0000943645,Herbs or shrubs,habit,10704E09-EF22-4F6D-9369-84961C79CDC6,English,2013-09-04,,,,http://creativecommons.org/licenses/by/4.0,Missouri Botanical Garden,Missouri Botanical Garden
wfo-0000951523,Trees,habit,3F3E7E8E-F163-4ED3-BE61-6D28F4AE2880,English,2013-08-19,,,,http://creativecommons.org/licenses/by/4.0,Missouri Botanical Garden,Missouri Botanical Garden
wfo-0000957205,Trees,habit,0DE06C51-477C-40C5-959E-E38D199A25FA,English,2013-08-19,,,,http://creativecommons.org/licenses/by/4.0,Missouri Botanical Garden,Missouri Botanical Garden
wfo-0000957238,Trees,habit,39A642FF-8EDE-4052-8EED-AFAF664BB4B5,English,2013-08-19,,,,http://creativecommons.org/licenses/by/4.0,Missouri Botanical Garden,Missouri Botanical Garden
wfo-0000240867,Trees,habit,FFE89E8F-175A-4ED0-B887-B0DB5C7AA091,English,2013-08-19,,,,http://creativecommons.org/licenses/by/4.0,Missouri Botanical Garden,Missouri Botanical Garden
wfo-0000320358,Trees,habit,E8D80F17-DE07-4009-BCDC-93B17FF2AC42,English,2013-08-19,,,,http://creativecommons.org/licenses/by/4.0,Missouri Botanical Garden,Missouri Botanical Garden
wfo-0000350571,Trees,habit,6CD620D8-50A2-487B-96A5-B698947DFCF6,English,2013-08-19,,,,http://creativecommons.org/licenses/by/4.0,Missouri Botanical Garden,Missouri Botanical Garden
wfo-0000327569,Shrubs or trees,habit,D0657DBD-CF0E-4653-916E-23EF3180E816,English,2013-08-19,,,,http://creativecommons.org/licenses/by/4.0,Missouri Botanical Garden,Missouri Botanical Garden
wfo-0000350615,trees,habit,C3E64E3B-7068-42D9-876C-8402107D8D0B,English,2013-08-19,,,,http://creativecommons.org/licenses/by/4.0,Missouri Botanical Garden,Missouri Botanical Garden
wfo-0000352644,Herbs,habit,B6E7C295-566D-4F00-866F-8A46521D9833,English,2013-08-20,,,,http://creativecommons.org/licenses/by/4.0,Missouri Botanical Garden,Missouri Botanical Garden
wfo-0000352730,Herbs,habit,FED0CC50-7F06-4F12-82A2-34116CCB96B9,English,2013-08-20,,,,http://creativecommons.org/licenses/by/4.0,Missouri Botanical Garden,Missouri Botanical Garden
wfo-0000359797,herbs,habit,11D42676-E236-4A4D-ABD6-3EDC90B934A8,English,2013-08-20,,,,http://creativecommons.org/licenses/by/4.0,Missouri Botanical Garden,Missouri Botanical Garden
wfo-0000782062,Trees,habit,336CBCE2-1BA0-43A7-91D3-6C13AC3290AE,English,2013-08-20,,,,http://creativecommons.org/licenses/by/4.0,Missouri Botanical Garden,Missouri Botanical Garden
wfo-0000825986,Shrubs,habit,95DE822F-333B-4E41-8A94-0910B3087FD3,English,2013-08-20,,,,http://creativecommons.org/licenses/by/4.0,Missouri Botanical Garden,Missouri Botanical Garden
wfo-0000826214,Subshrubs,habit,3A82F306-F944-4F34-AC4A-EE406D84DF2C,English,2013-08-20,,,,http://creativecommons.org/licenses/by/4.0,Missouri Botanical Garden,Missouri Botanical Garden
wfo-0000826265,Subshrubs,habit,163286F3-F26D-49A5-9C2D-99912A4668C0,English,2013-08-20,,,,http://creativecommons.org/licenses/by/4.0,Missouri Botanical Garden,Missouri Botanical Garden
wfo-0000826452,trees,habit,DF0C37CC-EA4A-41CA-A1E7-FA184DB43A90,English,2013-08-20,,,,http://creativecommons.org/licenses/by/4.0,Missouri Botanical Garden,Missouri Botanical Garden
wfo-0000826506,Shrubs,habit,74601656-FFC7-4B5C-8BF7-974D4EB711B3,English,2013-08-20,,,,http://creativecommons.org/licenses/by/4.0,Missouri Botanical Garden,Missouri Botanical Garden
wfo-0000826642,Shrubs,habit,097E4416-1A7F-4A1B-9B22-6FF5981C8363,English,2013-08-20,,,,http://creativecommons.org/licenses/by/4.0,Missouri Botanical Garden,Missouri Botanical Garden
wfo-0000826697,Subshrubs,habit,9C82807D-E0C0-4154-85AF-E1B47E92CE42,English,2013-08-20,,,,http://creativecommons.org/licenses/by/4.0,Missouri Botanical Garden,Missouri Botanical Garden
wfo-0000826867,Subshrubs,habit,EACEA3D9-4CC1-4EFC-B955-A6AD16601D1E,English,2013-08-20,,,,http://creativecommons.org/licenses/by/4.0,Missouri Botanical Garden,Missouri Botanical Garden
wfo-0000826911,Subshrubs,habit,931083CB-AA2D-4022-9868-690F7A17D1C6,English,2013-08-20,,,,http://creativecommons.org/licenses/by/4.0,Missouri Botanical Garden,Missouri Botanical Garden
wfo-0000827130,Shrubs,habit,FD5C9A36-07B6-4FD7-8B52-41679F9B691F,English,2013-08-20,,,,http://creativecommons.org/licenses/by/4.0,Missouri Botanical Garden,Missouri Botanical Garden
wfo-0000827175,Subshrubs,habit,46AECF3A-5BB2-41E9-8007-08D580770B14,English,2013-08-21,,,,http://creativecommons.org/licenses/by/4.0,Missouri Botanical Garden,Missouri Botanical Garden
wfo-0000827291,Subshrubs,habit,30ADEC18-E87B-4588-8C10-F9355CA20D3C,English,2013-08-21,,,,http://creativecommons.org/licenses/by/4.0,Missouri Botanical Garden,Missouri Botanical Garden
wfo-0000827353,Subshrubs,habit,16735E09-5D64-4DFB-816E-4AC6A93C5ACF,English,2013-08-21,,,,http://creativecommons.org/licenses/by/4.0,Missouri Botanical Garden,Missouri Botanical Garden
wfo-0000827581,Subshrubs,habit,53B15A47-19EA-4F87-842F-6931A4ED1C41,English,2013-08-21,,,,http://creativecommons.org/licenses/by/4.0,Missouri Botanical Garden,Missouri Botanical Garden
wfo-0000827698,Shrubs,habit,266DE249-2B68-44CD-90C9-42860196B352,English,2013-08-21,,,,http://creativecommons.org/licenses/by/4.0,Missouri Botanical Garden,Missouri Botanical Garden
wfo-0000828658,Subshrubs,habit,0CC6ED2A-9153-4FC8-801D-4633D0D62743,English,2013-08-21,,,,http://creativecommons.org/licenses/by/4.0,Missouri Botanical Garden,Missouri Botanical Garden
wfo-0000845021,Vines or climbing shrubs,habit,064EDE48-342B-47F5-BA8D-D34F8B07AD72,English,2013-08-21,,,,http://creativecommons.org/licenses/by/4.0,Missouri Botanical Garden,Missouri Botanical Garden
wfo-0000845082,Trees,habit,47D8E22F-AEBE-421B-8816-1C6767F7B843,English,2013-08-21,,,,http://creativecommons.org/licenses/by/4.0,Missouri Botanical Garden,Missouri Botanical Garden
wfo-0000845352,Shrubs or trees,habit,A6E332A6-FBF7-4A0F-AB37-926D15910D8A,English,2013-08-21,,,,http://creativecommons.org/licenses/by/4.0,Missouri Botanical Garden,Missouri Botanical Garden
wfo-0000845606,Shrubs,habit,221B5F9B-0EF5-4FE5-B9CF-46F4602280EE,English,2013-08-21,,,,http://creativecommons.org/licenses/by/4.0,Missouri Botanical Garden,Missouri Botanical Garden
wfo-0000845617,Trees,habit,A5B97100-0164-4761-9AA1-56AAAE0B695F,English,2013-08-21,,,,http://creativecommons.org/licenses/by/4.0,Missouri Botanical Garden,Missouri Botanical Garden
wfo-0000845682,Trees,habit,5821C33B-A220-476E-83BA-9C1EC96589BB,English,2013-08-21,,,,http://creativecommons.org/licenses/by/4.0,Missouri Botanical Garden,Missouri Botanical Garden
wfo-0000849042,Trees or shrubs,habit,A18FBCF0-805C-4B8D-8C0A-A558D99761BE,English,2013-08-21,,,,http://creativecommons.org/licenses/by/4.0,Missouri Botanical Garden,Missouri Botanical Garden
wfo-0000849235,Shrubs,habit,25EE67FC-D523-4CA6-B505-9BA05A0BBAAB,English,2013-08-21,,,,http://creativecommons.org/licenses/by/4.0,Missouri Botanical Garden,Missouri Botanical Garden
wfo-0000849481,Trees,habit,F887A4D4-61EB-45E3-B339-7766DB994134,English,2013-08-21,,,,http://creativecommons.org/licenses/by/4.0,Missouri Botanical Garden,Missouri Botanical Garden
wfo-0000849662,trees,habit,372DD38A-EF0E-4280-8746-E951E822CAE1,English,2013-08-28,,,,http://creativecommons.org/licenses/by/4.0,Missouri Botanical Garden,Missouri Botanical Garden
wfo-0000850010,Trees,habit,DE558A8D-31FA-440E-AD48-0A1451975089,English,2013-08-28,,,,http://creativecommons.org/licenses/by/4.0,Missouri Botanical Garden,Missouri Botanical Garden
wfo-0001132225,Trees or shrubs,habit,8EE608ED-C6DF-4BC0-904D-C7D6DD50B3B1,English,2013-08-28,,,,http://creativecommons.org/licenses/by/4.0,Missouri Botanical Garden,Missouri Botanical Garden
wfo-0000900084,herbs,habit,CD37EA5F-1DB4-4251-A83B-1708565991F1,English,2013-08-28,,,,http://creativecommons.org/licenses/by/4.0,Missouri Botanical Garden,Missouri Botanical Garden
wfo-0000850338,Trees,habit,22FA27AA-4809-4F87-BBFC-185757F310E8,English,2013-08-28,,,,http://creativecommons.org/licenses/by/4.0,Missouri Botanical Garden,Missouri Botanical Garden
wfo-0000900159,Herbs,habit,003C3978-9B4E-4C5C-B8CD-6552F15642B6,English,2013-08-28,,,,http://creativecommons.org/licenses/by/4.0,Missouri Botanical Garden,Missouri Botanical Garden
wfo-0000919519,Shrubs or small trees,habit,786AC377-ACF9-4EDE-B4E0-DD056FB4C2F4,English,2013-08-28,,,,http://creativecommons.org/licenses/by/4.0,Missouri Botanical Garden,Missouri Botanical Garden
wfo-0000919581,Shrubs,habit,090017B7-B072-4B69-960A-FE32E31AF969,English,2013-08-28,,,,http://creativecommons.org/licenses/by/4.0,Missouri Botanical Garden,Missouri Botanical Garden
wfo-0000925987,Trees,habit,A808E5AD-2E7D-4B1E-AEE3-724DE39B3DC5,English,2013-08-28,,,,http://creativecommons.org/licenses/by/4.0,Missouri Botanical Garden,Missouri Botanical Garden
wfo-0000926054,Trees,habit,1458DF11-71A0-4A9F-BD92-19F93C9588C2,English,2013-08-28,,,,http://creativecommons.org/licenses/by/4.0,Missouri Botanical Garden,Missouri Botanical Garden
wfo-0000926065,Shrubs or small trees,habit,EAA25875-7DC2-499C-8B3F-3859856D9082,English,2013-08-28,,,,http://creativecommons.org/licenses/by/4.0,Missouri Botanical Garden,Missouri Botanical Garden
wfo-0000926070,trees,habit,6EAB5A6C-BBC8-40BB-958B-AB512FF1A85B,English,2013-09-04,,,,http://creativecommons.org/licenses/by/4.0,Missouri Botanical Garden,Missouri Botanical Garden
wfo-0000926071,Shrubs,habit,F8C364FA-39EB-404B-964A-B4F616B0AF4E,English,2013-09-04,,,,http://creativecommons.org/licenses/by/4.0,Missouri Botanical Garden,Missouri Botanical Garden
wfo-0000926103,Trees,habit,58DB482A-C862-42C1-B1C0-7240DC7B8FFB,English,2013-09-04,,,,http://creativecommons.org/licenses/by/4.0,Missouri Botanical Garden,Missouri Botanical Garden
wfo-0000926110,Trees,habit,2D489BBE-BDBD-4F25-8C06-FCAD3660A23C,English,2013-09-04,,,,http://creativecommons.org/licenses/by/4.0,Missouri Botanical Garden,Missouri Botanical Garden
wfo-0000926121,Shrubs or trees,habit,C05BAD32-2362-46F0-922D-C1B821E11081,English,2013-09-04,,,,http://creativecommons.org/licenses/by/4.0,Missouri Botanical Garden,Missouri Botanical Garden
wfo-0000926142,Trees,habit,45F0D142-7BCC-4AA4-A270-BD9D0BD896B5,English,2013-09-04,,,,http://creativecommons.org/licenses/by/4.0,Missouri Botanical Garden,Missouri Botanical Garden
wfo-0000926148,Shrubs,habit,4074733E-49F1-4D91-9FFF-0C297BE90513,English,2013-09-04,,,,http://creativecommons.org/licenses/by/4.0,Missouri Botanical Garden,Missouri Botanical Garden
wfo-0000926149,Trees or shrubs,habit,D871C57C-73E2-4667-B613-CF996BFD2383,English,2013-09-04,,,,http://creativecommons.org/licenses/by/4.0,Missouri Botanical Garden,Missouri Botanical Garden
wfo-0000926278,Shrubs,habit,793E84B9-8868-463E-8BB1-A89FA7DE0A5A,English,2013-09-04,,,,http://creativecommons.org/licenses/by/4.0,Missouri Botanical Garden,Missouri Botanical Garden
wfo-0000926417,Trees,habit,7B986313-44BE-4649-ACF2-EC95D2C0481A,English,2013-09-04,,,,http://creativecommons.org/licenses/by/4.0,Missouri Botanical Garden,Missouri Botanical Garden
wfo-0000926419,trees,habit,F33D203D-5989-48BD-8857-2FF4D2CE6C29,English,2013-09-04,,,,http://creativecommons.org/licenses/by/4.0,Missouri Botanical Garden,Missouri Botanical Garden
wfo-0000926501,trees or shrubs,habit,9AE25DDD-E2A9-40CA-9CE7-BEC31C692DAC,English,2013-09-04,,,,http://creativecommons.org/licenses/by/4.0,Missouri Botanical Garden,Missouri Botanical Garden
wfo-0000933019,herbs,habit,148CF17E-0A87-454D-94A2-16C158902DA8,English,2013-09-04,,,,http://creativecommons.org/licenses/by/4.0,Missouri Botanical Garden,Missouri Botanical Garden
wfo-0000227646,herbs,habit,C788E082-2C39-446D-BD07-17BEDCEA3325,English,2013-09-10,,,,http://creativecommons.org/licenses/by/4.0,Missouri Botanical Garden,Missouri Botanical Garden
wfo-0000933040,Herbs to subshrubs,habit,5E20882C-1459-402B-BA92-E478DA8346BD,English,2013-09-04,,,,http://creativecommons.org/licenses/by/4.0,Missouri Botanical Garden,Missouri Botanical Garden
wfo-0000938112,Herbs,habit,671E6394-DE7B-4CFE-8E15-90AC65C5B1F5,English,2013-09-04,,,,http://creativecommons.org/licenses/by/4.0,Missouri Botanical Garden,Missouri Botanical Garden
wfo-0000941862,Trees,habit,0E889463-A0A4-46F8-88B6-E18196304FA8,English,2013-09-04,,,,http://creativecommons.org/licenses/by/4.0,Missouri Botanical Garden,Missouri Botanical Garden
wfo-0000941880,Trees,habit,3D25D7D3-D33A-41FC-A538-DF90F96FE7EC,English,2013-09-04,,,,http://creativecommons.org/licenses/by/4.0,Missouri Botanical Garden,Missouri Botanical Garden
wfo-0000943130,Herbs,habit,29F8CACC-24EE-4B4E-B7CA-D275D061C45E,English,2013-09-04,,,,http://creativecommons.org/licenses/by/4.0,Missouri Botanical Garden,Missouri Botanical Garden
wfo-0000943146,herbs,habit,D8E2D7A3-C9C3-43E7-B2C7-B16ADBCCDA2E,English,2013-09-04,,,,http://creativecommons.org/licenses/by/4.0,Missouri Botanical Garden,Missouri Botanical Garden
wfo-0000285655,Trees,habit,A2A17C99-3388-4F31-90A6-1B4229A21194,English,2013-09-13,,,,http://creativecommons.org/licenses/by/4.0,Missouri Botanical Garden,Missouri Botanical Garden
wfo-0000287113,Shrubs,habit,341A7AF9-26DB-488C-8314-7613044F05BA,English,2013-09-16,,,,http://creativecommons.org/licenses/by/4.0,Missouri Botanical Garden,Missouri Botanical Garden
wfo-0000966172,Trees,habit,7876B545-10DF-4E57-BA6A-12BD54947D71,English,2013-09-04,,,,http://creativecommons.org/licenses/by/4.0,Missouri Botanical Garden,Missouri Botanical Garden
wfo-0000288000,Shrubs,habit,3447357C-5D93-4A7A-90EF-78C915EAE84E,English,2013-09-17,,,,http://creativecommons.org/licenses/by/4.0,Missouri Botanical Garden,Missouri Botanical Garden
wfo-0000966591,Trees,habit,AD135A97-8944-4375-99F5-5BD7A1E55567,English,2013-09-04,,,,http://creativecommons.org/licenses/by/4.0,Missouri Botanical Garden,Missouri Botanical Garden
wfo-0000966616,trees,habit,6B599531-0B94-4F84-9D93-45A630C1DBFF,English,2013-09-04,,,,http://creativecommons.org/licenses/by/4.0,Missouri Botanical Garden,Missouri Botanical Garden
wfo-0000966638,Trees,habit,95A3A98B-0386-4EB8-8128-45B362857824,English,2013-09-04,,,,http://creativecommons.org/licenses/by/4.0,Missouri Botanical Garden,Missouri Botanical Garden
wfo-0000966679,Trees,habit,F4B3BE29-9C4D-4C57-A93D-BDBEFD3FFF48,English,2013-09-04,,,,http://creativecommons.org/licenses/by/4.0,Missouri Botanical Garden,Missouri Botanical Garden
wfo-0000966716,Trees or shrubs,habit,4BEEFE82-70DC-4DEA-8CCF-9546AEC37190,English,2013-09-04,,,,http://creativecommons.org/licenses/by/4.0,Missouri Botanical Garden,Missouri Botanical Garden
wfo-0000966730,Shrubs,habit,588BDD1D-231A-4A05-9B0F-5E5565DB2739,English,2013-09-04,,,,http://creativecommons.org/licenses/by/4.0,Missouri Botanical Garden,Missouri Botanical Garden
wfo-0000966790,Trees,habit,327F602B-7C93-4026-AF17-E103645DF87B,English,2013-09-04,,,,http://creativecommons.org/licenses/by/4.0,Missouri Botanical Garden,Missouri Botanical Garden
wfo-0000966803,Trees,habit,41214B04-CA23-4D7C-8033-CAFC8E25891B,English,2013-09-04,,,,http://creativecommons.org/licenses/by/4.0,Missouri Botanical Garden,Missouri Botanical Garden
wfo-0000966839,Shrubs,habit,F476EEBF-9EE8-4259-93F2-A0CCC5D0D0A9,English,2013-09-04,,,,http://creativecommons.org/licenses/by/4.0,Missouri Botanical Garden,Missouri Botanical Garden
wfo-0000966865,Trees,habit,329462B1-A7D2-40A8-8FBC-C0BA8F6CB901,English,2013-09-04,,,,http://creativecommons.org/licenses/by/4.0,Missouri Botanical Garden,Missouri Botanical Garden
wfo-0000968357,Vines,habit,C5167705-535C-4B68-9585-4271B78A809E,English,2013-09-04,,,,http://creativecommons.org/licenses/by/4.0,Missouri Botanical Garden,Missouri Botanical Garden
wfo-0000971829,Shrubs or small trees,habit,5EFD2B7D-46DF-4431-B6B6-0ED7CEA6592F,English,2013-09-04,,,,http://creativecommons.org/licenses/by/4.0,Missouri Botanical Garden,Missouri Botanical Garden
wfo-0000971882,Trees,habit,7E07B27A-40AC-4377-8CE3-52CFBCBE0727,English,2013-09-04,,,,http://creativecommons.org/licenses/by/4.0,Missouri Botanical Garden,Missouri Botanical Garden
wfo-0000972381,herbs,habit,0F60D29F-7EED-442A-81E5-DFBE5AF6EDDC,English,2013-09-04,,,,http://creativecommons.org/licenses/by/4.0,Missouri Botanical Garden,Missouri Botanical Garden
wfo-0000972408,herbs,habit,2A3A9EC4-74AF-4CB9-B27E-90CAE51939F5,English,2013-09-04,,,,http://creativecommons.org/licenses/by/4.0,Missouri Botanical Garden,Missouri Botanical Garden
wfo-0000972431,herbs,habit,7317AFC5-525D-479A-A152-773AB4B77C00,English,2013-09-04,,,,http://creativecommons.org/licenses/by/4.0,Missouri Botanical Garden,Missouri Botanical Garden
wfo-0000974498,Shrubs,habit,55256544-ED87-432F-B077-0EADC70048D6,English,2013-09-04,,,,http://creativecommons.org/licenses/by/4.0,Missouri Botanical Garden,Missouri Botanical Garden
wfo-0000974525,Shrubs,habit,2A9C8840-1F66-43E0-90BE-87369EBC4A05,English,2013-09-04,,,,http://creativecommons.org/licenses/by/4.0,Missouri Botanical Garden,Missouri Botanical Garden
wfo-0000974533,Shrubs,habit,7BEDF151-C510-4E06-B669-464E5BAF7C34,English,2013-09-04,,,,http://creativecommons.org/licenses/by/4.0,Missouri Botanical Garden,Missouri Botanical Garden
wfo-0000974548,trees,habit,7E9BD592-EDDF-4F75-B29F-808B76FC5848,English,2013-09-04,,,,http://creativecommons.org/licenses/by/4.0,Missouri Botanical Garden,Missouri Botanical Garden
wfo-0000974561,Shrubs,habit,91729BCD-5FAE-4F33-A784-78BFA320994F,English,2013-09-04,,,,http://creativecommons.org/licenses/by/4.0,Missouri Botanical Garden,Missouri Botanical Garden
wfo-0000976047,Trees,habit,D3B3C780-78A4-4A4A-A319-B85B024C3A06,English,2013-09-05,,,,http://creativecommons.org/licenses/by/4.0,Missouri Botanical Garden,Missouri Botanical Garden
wfo-0000976106,Trees,habit,C56C8C3C-B96F-4135-AA25-E6CE59955ACC,English,2013-09-05,,,,http://creativecommons.org/licenses/by/4.0,Missouri Botanical Garden,Missouri Botanical Garden
wfo-0000976158,Trees,habit,ED058B02-640D-4383-AEA1-C88B0A56F8DF,English,2013-09-05,,,,http://creativecommons.org/licenses/by/4.0,Missouri Botanical Garden,Missouri Botanical Garden
wfo-0000976221,Trees,habit,E6148CFF-25F2-48E1-B56A-AF43A734ECF1,English,2013-09-05,,,,http://creativecommons.org/licenses/by/4.0,Missouri Botanical Garden,Missouri Botanical Garden
wfo-0000976239,Trees,habit,095BBD05-0860-42C5-A3A8-BC314ACD5965,English,2013-09-05,,,,http://creativecommons.org/licenses/by/4.0,Missouri Botanical Garden,Missouri Botanical Garden
wfo-0000979072,Shrubs or trees,habit,1E777414-4896-4123-9DAB-4AE71260D561,English,2013-09-05,,,,http://creativecommons.org/licenses/by/4.0,Missouri Botanical Garden,Missouri Botanical Garden
wfo-0000979100,Shrubs or trees,habit,7A0BD84C-4FEE-432C-AA03-8A317462D14E,English,2013-09-05,,,,http://creativecommons.org/licenses/by/4.0,Missouri Botanical Garden,Missouri Botanical Garden
wfo-0000979101,Shrubs or small trees,habit,77CD115C-594A-4533-AE53-58A3F471F4D6,English,2013-09-05,,,,http://creativecommons.org/licenses/by/4.0,Missouri Botanical Garden,Missouri Botanical Garden
wfo-0000979120,Shrubs,habit,B8DE4426-B135-4E65-BFFC-2B72AD205602,English,2013-09-05,,,,http://creativecommons.org/licenses/by/4.0,Missouri Botanical Garden,Missouri Botanical Garden
wfo-0000979122,Shrubs or small trees,habit,9FA61BE3-C3D1-4C64-9EA5-744AAA17E4E6,English,2013-09-05,,,,http://creativecommons.org/licenses/by/4.0,Missouri Botanical Garden,Missouri Botanical Garden
wfo-0000979134,Shrubs or small trees,habit,7B7D15CB-59E3-4D45-8DC5-560B8539E33B,English,2013-09-05,,,,http://creativecommons.org/licenses/by/4.0,Missouri Botanical Garden,Missouri Botanical Garden
wfo-0000981280,Subshrubs,habit,F94B7ABA-DF4E-4B1F-A55C-EB03547CF3FD,English,2013-09-05,,,,http://creativecommons.org/licenses/by/4.0,Missouri Botanical Garden,Missouri Botanical Garden
wfo-0000982356,shrubs,habit,1A24566F-8BFC-4C63-B535-0D1F0152E82C,English,2013-09-05,,,,http://creativecommons.org/licenses/by/4.0,Missouri Botanical Garden,Missouri Botanical Garden
wfo-0000982367,Epiphytic trees,habit,65D9CB28-2CCC-4535-AF00-974523C88D0E,English,2013-09-05,,,,http://creativecommons.org/licenses/by/4.0,Missouri Botanical Garden,Missouri Botanical Garden
wfo-0000982384,Epiphytic shrubs,habit,509BBE3E-3B2A-4303-A9AD-F63320F40C96,English,2013-09-05,,,,http://creativecommons.org/licenses/by/4.0,Missouri Botanical Garden,Missouri Botanical Garden
wfo-0000982524,Trees,habit,A48294B1-3FF2-47F0-BC47-082BFF9869A6,English,2013-09-05,,,,http://creativecommons.org/licenses/by/4.0,Missouri Botanical Garden,Missouri Botanical Garden
wfo-0000982566,Shrubs,habit,D827D54B-1528-40F4-B7B5-9B1483F03794,English,2013-09-05,,,,http://creativecommons.org/licenses/by/4.0,Missouri Botanical Garden,Missouri Botanical Garden
wfo-0000982577,Subshrubs,habit,95322EB0-9B2E-4E7C-A366-090A97741283,English,2013-09-05,,,,http://creativecommons.org/licenses/by/4.0,Missouri Botanical Garden,Missouri Botanical Garden
wfo-0000982579,Subshrubs,habit,C9B6DFE0-47C5-46AC-9215-21D893CCB20F,English,2013-09-05,,,,http://creativecommons.org/licenses/by/4.0,Missouri Botanical Garden,Missouri Botanical Garden
wfo-0000982584,Shrubs,habit,03C97956-2746-49BA-8E9C-754CA5315DDB,English,2013-09-05,,,,http://creativecommons.org/licenses/by/4.0,Missouri Botanical Garden,Missouri Botanical Garden
wfo-0000982605,Herbs,habit,22A279F7-52A0-4110-95DF-41A8A9164C36,English,2013-09-05,,,,http://creativecommons.org/licenses/by/4.0,Missouri Botanical Garden,Missouri Botanical Garden
wfo-0000982607,Subshrubs,habit,6E4F6E62-E119-4954-AD4F-1A61758E494D,English,2013-09-05,,,,http://creativecommons.org/licenses/by/4.0,Missouri Botanical Garden,Missouri Botanical Garden
wfo-0000982616,Herbs,habit,74D6AB12-429D-4A5D-A2A6-9346BF1CFEC4,English,2013-09-05,,,,http://creativecommons.org/licenses/by/4.0,Missouri Botanical Garden,Missouri Botanical Garden
wfo-0000982625,Subshrubs,habit,49B7DB80-F39D-411E-A169-AB5AFDBF7909,English,2013-09-05,,,,http://creativecommons.org/licenses/by/4.0,Missouri Botanical Garden,Missouri Botanical Garden
wfo-0000982627,Shrubs,habit,E466D9FC-D8F9-4DF6-B62C-F95DDA38BA35,English,2013-09-05,,,,http://creativecommons.org/licenses/by/4.0,Missouri Botanical Garden,Missouri Botanical Garden
wfo-0000982638,Subshrubs,habit,D413C4B0-5DAC-4369-B210-F7DB27CFC419,English,2013-09-05,,,,http://creativecommons.org/licenses/by/4.0,Missouri Botanical Garden,Missouri Botanical Garden
wfo-0000982651,Subshrubs,habit,9FB9F87C-0414-436A-994F-4264F1C9171E,English,2013-09-05,,,,http://creativecommons.org/licenses/by/4.0,Missouri Botanical Garden,Missouri Botanical Garden
wfo-0000982662,subshrubs,habit,9733D5EF-4A8D-46F0-90C5-54A794FD4D0A,English,2013-09-05,,,,http://creativecommons.org/licenses/by/4.0,Missouri Botanical Garden,Missouri Botanical Garden
wfo-0000982677,Shrubs,habit,9653E48E-047C-4E40-A296-66AC28BA6630,English,2013-09-05,,,,http://creativecommons.org/licenses/by/4.0,Missouri Botanical Garden,Missouri Botanical Garden
wfo-0000982678,Shrubs,habit,DB781CE4-509E-49EB-B6D5-CE39255F98EA,English,2013-09-05,,,,http://creativecommons.org/licenses/by/4.0,Missouri Botanical Garden,Missouri Botanical Garden
wfo-0000982680,Subshrubs,habit,F762DF44-A187-4917-A3E0-C2772EA35F69,English,2013-09-05,,,,http://creativecommons.org/licenses/by/4.0,Missouri Botanical Garden,Missouri Botanical Garden
wfo-0000982687,Subshrubs,habit,8ECB265E-FCE8-45F0-AAD9-B10AE5415192,English,2013-09-05,,,,http://creativecommons.org/licenses/by/4.0,Missouri Botanical Garden,Missouri Botanical Garden
wfo-0001134897,Lianas,habit,E9090BD7-6B2B-4528-9A52-48666426098F,English,2013-07-16,,,,http://creativecommons.org/licenses/by/4.0,Missouri Botanical Garden,Missouri Botanical Garden
wfo-0000982694,Herbs,habit,0F520D2B-1C35-4871-BE94-74F701126253,English,2013-09-05,,,,http://creativecommons.org/licenses/by/4.0,Missouri Botanical Garden,Missouri Botanical Garden
wfo-0000982704,Herbs,habit,8721D1EC-4EC7-4915-99CC-04DB9153144C,English,2013-09-05,,,,http://creativecommons.org/licenses/by/4.0,Missouri Botanical Garden,Missouri Botanical Garden
wfo-0000285985,Subshrubs,habit,DADD91EF-86BA-45F4-A88E-8B674AFD482B,English,2013-09-16,,,,http://creativecommons.org/licenses/by/4.0,Missouri Botanical Garden,Missouri Botanical Garden
wfo-0000982726,Subshrubs,habit,DD842275-8626-41B5-A24B-D5DF1A30FA5B,English,2013-09-05,,,,http://creativecommons.org/licenses/by/4.0,Missouri Botanical Garden,Missouri Botanical Garden
wfo-0000217716,Trees,habit,DC3975D5-C776-41A0-9070-748BCED4D47F,English,2013-09-05,,,,http://creativecommons.org/licenses/by/4.0,Missouri Botanical Garden,Missouri Botanical Garden
wfo-0000220152,Shrubs or small trees,habit,4D3885B8-90A0-43FA-B4E7-913E331AA4FD,English,2013-09-10,,,,http://creativecommons.org/licenses/by/4.0,Missouri Botanical Garden,Missouri Botanical Garden
wfo-0000221884,Trees,habit,3B9DEA7A-0D0C-409E-ADAD-5AAC69ABB821,English,2013-09-10,,,,http://creativecommons.org/licenses/by/4.0,Missouri Botanical Garden,Missouri Botanical Garden
wfo-0000221887,Trees,habit,14BEE483-5911-4E5E-AE94-9793F213D955,English,2013-09-10,,,,http://creativecommons.org/licenses/by/4.0,Missouri Botanical Garden,Missouri Botanical Garden
wfo-0000227830,Subshrubs,habit,76D1523C-9BA2-49CB-B2DB-DF623B38D959,English,2013-09-10,,,,http://creativecommons.org/licenses/by/4.0,Missouri Botanical Garden,Missouri Botanical Garden
wfo-0000232344,Shrubs,habit,3AA08A22-8E11-494A-AA6E-F8D1CD483994,English,2013-09-10,,,,http://creativecommons.org/licenses/by/4.0,Missouri Botanical Garden,Missouri Botanical Garden
wfo-0000232367,"Shrubs, vines, or trees",habit,E1340338-A41E-4D4E-AD0D-347EB4E76B43,English,2013-09-10,,,,http://creativecommons.org/licenses/by/4.0,Missouri Botanical Garden,Missouri Botanical Garden
wfo-0000232561,Trees,habit,E04311C3-31DF-456D-A415-BFC5E5FE0A0B,English,2013-09-10,,,,http://creativecommons.org/licenses/by/4.0,Missouri Botanical Garden,Missouri Botanical Garden
wfo-0000235106,Herbs,habit,2E7E00A4-37F8-423F-A447-92F500017DBB,English,2013-09-10,,,,http://creativecommons.org/licenses/by/4.0,Missouri Botanical Garden,Missouri Botanical Garden
wfo-0000235158,Vines,habit,9448ACC5-8904-407C-9583-F1C7F442CD34,English,2013-09-10,,,,http://creativecommons.org/licenses/by/4.0,Missouri Botanical Garden,Missouri Botanical Garden
wfo-0000235181,Herbs,habit,8139F6BC-7757-4902-AD28-850D764B9444,English,2013-09-11,,,,http://creativecommons.org/licenses/by/4.0,Missouri Botanical Garden,Missouri Botanical Garden
wfo-0000235260,Vines,habit,493D2257-9F1E-4E09-9EAA-53311196F449,English,2013-09-11,,,,http://creativecommons.org/licenses/by/4.0,Missouri Botanical Garden,Missouri Botanical Garden
wfo-0000244878,Herbs,habit,3E29AC45-E091-474A-BAE9-BC317CFEBA71,English,2013-09-11,,,,http://creativecommons.org/licenses/by/4.0,Missouri Botanical Garden,Missouri Botanical Garden
wfo-0000246046,Trees or shrubs,habit,3D872658-88BB-43AE-8040-228372D87363,English,2013-09-11,,,,http://creativecommons.org/licenses/by/4.0,Missouri Botanical Garden,Missouri Botanical Garden
wfo-0000262779,Shrubs,habit,40C0F486-4E44-44D4-9FB0-2CB8534DB862,English,2013-09-11,,,,http://creativecommons.org/licenses/by/4.0,Missouri Botanical Garden,Missouri Botanical Garden
wfo-0000262824,Shrubs,habit,FEA50FBA-89CE-4B81-BCDF-842CC8631A4C,English,2013-09-11,,,,http://creativecommons.org/licenses/by/4.0,Missouri Botanical Garden,Missouri Botanical Garden
wfo-0000286938,Trees,habit,78619D4A-4547-4780-9061-70A8FD796330,English,2013-09-16,,,,http://creativecommons.org/licenses/by/4.0,Missouri Botanical Garden,Missouri Botanical Garden
wfo-0000262917,Trees,habit,F7BC3172-00A8-413E-8539-2EA0874BB3BC,English,2013-09-11,,,,http://creativecommons.org/licenses/by/4.0,Missouri Botanical Garden,Missouri Botanical Garden
wfo-0000262926,Shrubs,habit,86CF7C70-385D-47AE-8F38-E78B5E7E0B75,English,2013-09-11,,,,http://creativecommons.org/licenses/by/4.0,Missouri Botanical Garden,Missouri Botanical Garden
wfo-0000262999,Shrubs,habit,0C768223-3C8C-4E32-A2E9-B3FC4CDD71E1,English,2013-09-11,,,,http://creativecommons.org/licenses/by/4.0,Missouri Botanical Garden,Missouri Botanical Garden
wfo-0000263064,Trees,habit,F0CA8908-CC4B-46AE-9D65-8C78E8C5E11F,English,2013-09-11,,,,http://creativecommons.org/licenses/by/4.0,Missouri Botanical Garden,Missouri Botanical Garden
wfo-0000263065,Shrubs or subshrubs,habit,363A4781-EB03-4CDC-B5B4-BF5DDF1C7B19,English,2013-09-11,,,,http://creativecommons.org/licenses/by/4.0,Missouri Botanical Garden,Missouri Botanical Garden
wfo-0000263086,Trees,habit,79236397-593F-40DC-B894-C8194A9CD55C,English,2013-09-11,,,,http://creativecommons.org/licenses/by/4.0,Missouri Botanical Garden,Missouri Botanical Garden
wfo-0000263102,Shrubs,habit,BA710DC7-4968-4F0B-A353-AF3E68F19338,English,2013-09-11,,,,http://creativecommons.org/licenses/by/4.0,Missouri Botanical Garden,Missouri Botanical Garden
wfo-0000263109,Shrubs,habit,F38B847E-6F4A-4991-9688-AEFE3C964636,English,2013-09-11,,,,http://creativecommons.org/licenses/by/4.0,Missouri Botanical Garden,Missouri Botanical Garden
wfo-0000263168,Shrubs or small trees,habit,A937D82A-1D78-40FD-90C6-8289C09BC6B3,English,2013-09-11,,,,http://creativecommons.org/licenses/by/4.0,Missouri Botanical Garden,Missouri Botanical Garden
wfo-0000263237,Trees,habit,B593DCD2-4625-4FA9-9E86-9758E7F4236A,English,2013-09-11,,,,http://creativecommons.org/licenses/by/4.0,Missouri Botanical Garden,Missouri Botanical Garden
wfo-0000263238,Trees,habit,B62D953E-8C29-4AED-84FA-20166ADD3C9E,English,2013-09-11,,,,http://creativecommons.org/licenses/by/4.0,Missouri Botanical Garden,Missouri Botanical Garden
wfo-0000263250,Trees,habit,17216D7B-1446-46A4-A239-30B0D9103AF6,English,2013-09-11,,,,http://creativecommons.org/licenses/by/4.0,Missouri Botanical Garden,Missouri Botanical Garden
wfo-0000263255,Shrubs,habit,A7C96765-6CE0-487E-B24B-7BFD0CE2776A,English,2013-09-11,,,,http://creativecommons.org/licenses/by/4.0,Missouri Botanical Garden,Missouri Botanical Garden
wfo-0000266760,shrubs,habit,77ACC24A-CF04-4FD1-9C8B-5B3723AE5022,English,2013-09-11,,,,http://creativecommons.org/licenses/by/4.0,Missouri Botanical Garden,Missouri Botanical Garden
wfo-0000266762,Shrub,habit,2C89CCB1-C421-48E1-8E57-2ED24C9CDD81,English,2013-09-11,,,,http://creativecommons.org/licenses/by/4.0,Missouri Botanical Garden,Missouri Botanical Garden
wfo-0000266764,Shrubs to small trees,habit,D9E325A7-4C56-49F8-8E60-C4F475BB2346,English,2013-09-11,,,,http://creativecommons.org/licenses/by/4.0,Missouri Botanical Garden,Missouri Botanical Garden
wfo-0000266772,Shrubs or trees,habit,7D152EBD-45DA-4406-B337-C1AD254FC1D1,English,2013-09-11,,,,http://creativecommons.org/licenses/by/4.0,Missouri Botanical Garden,Missouri Botanical Garden
wfo-0000266778,Trees,habit,66A10CB2-1524-4286-90B8-EEA24CC39EC4,English,2013-09-11,,,,http://creativecommons.org/licenses/by/4.0,Missouri Botanical Garden,Missouri Botanical Garden
wfo-0000266780,Trees,habit,CE90B494-341E-4972-A5A1-BD41322ECEC3,English,2013-09-11,,,,http://creativecommons.org/licenses/by/4.0,Missouri Botanical Garden,Missouri Botanical Garden
wfo-0000266784,Shrubs,habit,A697715D-28BB-4174-A7DE-BC82D8374073,English,2013-09-11,,,,http://creativecommons.org/licenses/by/4.0,Missouri Botanical Garden,Missouri Botanical Garden
wfo-0000266792,Shrubs,habit,E8C3D9CD-EF9A-486B-B0F5-33688EF7FA72,English,2013-09-11,,,,http://creativecommons.org/licenses/by/4.0,Missouri Botanical Garden,Missouri Botanical Garden
wfo-0000266794,Subshrubs,habit,3ECBE834-61BF-48F3-9748-BECEE8F784B4,English,2013-09-11,,,,http://creativecommons.org/licenses/by/4.0,Missouri Botanical Garden,Missouri Botanical Garden
wfo-0000266795,Shrubs,habit,163EAD27-88AB-46EE-B455-ED51A3D61C38,English,2013-09-11,,,,http://creativecommons.org/licenses/by/4.0,Missouri Botanical Garden,Missouri Botanical Garden
wfo-0000281178,Trees,habit,1904B4FD-51D0-4B3B-8BBB-59DDF293488F,English,2013-09-12,,,,http://creativecommons.org/licenses/by/4.0,Missouri Botanical Garden,Missouri Botanical Garden
wfo-0000284770,Shrubs,habit,E2BC1F11-AFF5-4235-9A0C-1D351C4FC1C5,English,2013-09-12,,,,http://creativecommons.org/licenses/by/4.0,Missouri Botanical Garden,Missouri Botanical Garden
wfo-0000284790,shrubs,habit,01A2E1F2-8524-47A4-8F8A-B9E60ED50668,English,2013-09-12,,,,http://creativecommons.org/licenses/by/4.0,Missouri Botanical Garden,Missouri Botanical Garden
wfo-0000284827,Trees,habit,553EBCC4-4B92-49D2-92F1-5E0DDDACD611,English,2013-09-12,,,,http://creativecommons.org/licenses/by/4.0,Missouri Botanical Garden,Missouri Botanical Garden
wfo-0000285007,Shrubs,habit,1921555F-9BD8-4082-B3FC-38CF6BB1299E,English,2013-09-12,,,,http://creativecommons.org/licenses/by/4.0,Missouri Botanical Garden,Missouri Botanical Garden
wfo-0000285097,Shrubs,habit,88DD163E-AA10-427C-B6C0-156DC52C6192,English,2013-09-12,,,,http://creativecommons.org/licenses/by/4.0,Missouri Botanical Garden,Missouri Botanical Garden
wfo-0000285223,Trees,habit,C40F79FF-BD80-41E9-A857-0B7F989A5AF2,English,2013-09-12,,,,http://creativecommons.org/licenses/by/4.0,Missouri Botanical Garden,Missouri Botanical Garden
wfo-0000285251,Subshrubs,habit,949BDAA7-DBE3-45B1-9994-EBF4392C65FA,English,2013-09-12,,,,http://creativecommons.org/licenses/by/4.0,Missouri Botanical Garden,Missouri Botanical Garden
wfo-0000285287,Shrubs,habit,68A04D06-721C-49CF-89BA-7C6371A9F765,English,2013-09-13,,,,http://creativecommons.org/licenses/by/4.0,Missouri Botanical Garden,Missouri Botanical Garden
wfo-0000285293,Shrubs,habit,57AFEA82-6DCC-4886-8D8D-9BEA12CC4DEE,English,2013-09-13,,,,http://creativecommons.org/licenses/by/4.0,Missouri Botanical Garden,Missouri Botanical Garden
wfo-0000285304,Trees,habit,90604143-BA4A-44AF-8E4F-9A46E3CCD2FA,English,2013-09-13,,,,http://creativecommons.org/licenses/by/4.0,Missouri Botanical Garden,Missouri Botanical Garden
wfo-0000285324,Subshrubs,habit,09D776F7-7119-4E80-A4AF-CB6CC1A23DDD,English,2013-09-13,,,,http://creativecommons.org/licenses/by/4.0,Missouri Botanical Garden,Missouri Botanical Garden
wfo-0000285336,Trees,habit,C4DAC63D-CA9A-4818-87FD-7EB7EE445F66,English,2013-09-13,,,,http://creativecommons.org/licenses/by/4.0,Missouri Botanical Garden,Missouri Botanical Garden
wfo-0000285351,Shrubs or trees,habit,8E1584C3-D4E4-4BA3-8C1E-ABC3D9739756,English,2013-09-13,,,,http://creativecommons.org/licenses/by/4.0,Missouri Botanical Garden,Missouri Botanical Garden
wfo-0000285374,Shrubs or small trees,habit,38811798-2B60-4C91-92F0-139AD9CAE724,English,2013-09-13,,,,http://creativecommons.org/licenses/by/4.0,Missouri Botanical Garden,Missouri Botanical Garden
wfo-0000285433,Trees or shrubs,habit,AC32A9A8-BA01-4077-B14B-67DA6FEF2999,English,2013-09-13,,,,http://creativecommons.org/licenses/by/4.0,Missouri Botanical Garden,Missouri Botanical Garden
wfo-0000285435,Shrubs,habit,3C041B46-353E-4AD1-AE91-A71775807373,English,2013-09-13,,,,http://creativecommons.org/licenses/by/4.0,Missouri Botanical Garden,Missouri Botanical Garden
wfo-0000285436,trees,habit,74AD8815-423A-4284-995A-9DB99E79AA09,English,2013-09-13,,,,http://creativecommons.org/licenses/by/4.0,Missouri Botanical Garden,Missouri Botanical Garden
wfo-0000285500,Trees,habit,F1364011-F94B-4864-9814-5B7C36525615,English,2013-09-13,,,,http://creativecommons.org/licenses/by/4.0,Missouri Botanical Garden,Missouri Botanical Garden
wfo-0000285638,Shrubs,habit,DD834D7C-3943-4EEB-AA14-03312C45A2F2,English,2013-09-13,,,,http://creativecommons.org/licenses/by/4.0,Missouri Botanical Garden,Missouri Botanical Garden
wfo-0000285695,subshrubs,habit,E6409EB9-AE93-4161-9DF1-ED64E47D90B4,English,2013-09-13,,,,http://creativecommons.org/licenses/by/4.0,Missouri Botanical Garden,Missouri Botanical Garden
wfo-0000285706,Shrubs,habit,14B54E8A-189A-4AB3-9692-227EB200C9D1,English,2013-09-13,,,,http://creativecommons.org/licenses/by/4.0,Missouri Botanical Garden,Missouri Botanical Garden
wfo-0000285726,Subshrubs,habit,0AE85565-5282-4E81-AE03-E96FDCF75785,English,2013-09-13,,,,http://creativecommons.org/licenses/by/4.0,Missouri Botanical Garden,Missouri Botanical Garden
wfo-0000285765,Subshrubs,habit,D725768F-5EDE-4AF8-8851-5C78A7CB60E0,English,2013-09-13,,,,http://creativecommons.org/licenses/by/4.0,Missouri Botanical Garden,Missouri Botanical Garden
wfo-0000285841,Shrubs,habit,7F11EF44-42F6-4E5D-BE81-47CB20F58CB3,English,2013-09-13,,,,http://creativecommons.org/licenses/by/4.0,Missouri Botanical Garden,Missouri Botanical Garden
wfo-0000285920,Shrubs or small trees,habit,C3EA2D90-0138-4645-B88E-A8004BC02BF7,English,2013-09-13,,,,http://creativecommons.org/licenses/by/4.0,Missouri Botanical Garden,Missouri Botanical Garden
wfo-0000285929,Shrubs,habit,6CA590F7-C4F5-4928-B129-A352FC3E8DF7,English,2013-09-13,,,,http://creativecommons.org/licenses/by/4.0,Missouri Botanical Garden,Missouri Botanical Garden
wfo-0000286103,Shrubs,habit,85317974-8217-4485-86C3-C99E8B338C27,English,2013-09-16,,,,http://creativecommons.org/licenses/by/4.0,Missouri Botanical Garden,Missouri Botanical Garden
wfo-0000286152,Shrubs,habit,F72BFB76-54FD-49BC-9B5F-1632CABFCAA3,English,2013-09-16,,,,http://creativecommons.org/licenses/by/4.0,Missouri Botanical Garden,Missouri Botanical Garden
wfo-0000286164,Trees,habit,5A8FDDB4-073F-4924-8B28-CDD51BEDE958,English,2013-09-16,,,,http://creativecommons.org/licenses/by/4.0,Missouri Botanical Garden,Missouri Botanical Garden
wfo-0000286172,Shrubs,habit,500B9E4B-8068-4D3B-AEE5-9D463EDE93AD,English,2013-09-16,,,,http://creativecommons.org/licenses/by/4.0,Missouri Botanical Garden,Missouri Botanical Garden
wfo-0000286413,Shrubs,habit,37469890-A3DD-48A4-AA78-929421998682,English,2013-09-16,,,,http://creativecommons.org/licenses/by/4.0,Missouri Botanical Garden,Missouri Botanical Garden
wfo-0000288092,Subshrubs,habit,949253AA-8BFC-4070-BA7F-9B53A4CD963D,English,2013-09-17,,,,http://creativecommons.org/licenses/by/4.0,Missouri Botanical Garden,Missouri Botanical Garden
wfo-0000286514,Trees or shrubs,habit,80959620-1D79-40F3-99DB-C8FD63D2F4C3,English,2013-09-16,,,,http://creativecommons.org/licenses/by/4.0,Missouri Botanical Garden,Missouri Botanical Garden
wfo-0000453279,shrubs or trees,habit,A77353AA-7857-4E6C-97F2-6ECC9840CC16,English,2013-08-12,,,,http://creativecommons.org/licenses/by/4.0,Missouri Botanical Garden,Missouri Botanical Garden
wfo-0000286596,Shrubs,habit,58FAE9BD-2FFB-48A3-8046-CF790AAAA707,English,2013-09-16,,,,http://creativecommons.org/licenses/by/4.0,Missouri Botanical Garden,Missouri Botanical Garden
wfo-0000286612,subshrubs,habit,EBF29A81-A9FE-4104-93D2-BAC55293FB1E,English,2013-09-16,,,,http://creativecommons.org/licenses/by/4.0,Missouri Botanical Garden,Missouri Botanical Garden
wfo-0000286685,Trees,habit,FA2DEC1A-DF76-481E-BDFE-8BCE82DAB7D0,English,2013-09-16,,,,http://creativecommons.org/licenses/by/4.0,Missouri Botanical Garden,Missouri Botanical Garden
wfo-0000286854,Trees,habit,16C1BC56-FAC0-4D5C-B417-4F6D53D190CF,English,2013-09-16,,,,http://creativecommons.org/licenses/by/4.0,Missouri Botanical Garden,Missouri Botanical Garden
wfo-0000286898,Shrubs,habit,C44B7CCC-BD3E-4958-8EAE-81DDF786363A,English,2013-09-16,,,,http://creativecommons.org/licenses/by/4.0,Missouri Botanical Garden,Missouri Botanical Garden
wfo-0000286908,Trees or shrubs,habit,E579C869-E42B-4B14-BCCD-A5786EC6D005,English,2013-09-16,,,,http://creativecommons.org/licenses/by/4.0,Missouri Botanical Garden,Missouri Botanical Garden
wfo-0000286923,subshrub,habit,88CBBF11-4F02-475C-9C06-0FB6E9CB6FD5,English,2013-09-16,,,,http://creativecommons.org/licenses/by/4.0,Missouri Botanical Garden,Missouri Botanical Garden
wfo-0000286930,Trees,habit,096D075C-A419-4101-B162-F4BFE07CDEB9,English,2013-09-16,,,,http://creativecommons.org/licenses/by/4.0,Missouri Botanical Garden,Missouri Botanical Garden
wfo-0000286988,Trees,habit,4988FD5C-6D7E-499B-A9B2-1361F39A1EBE,English,2013-09-16,,,,http://creativecommons.org/licenses/by/4.0,Missouri Botanical Garden,Missouri Botanical Garden
wfo-0000287089,Herbs,habit,A57A9192-3977-4F23-9E2B-FAB061518C57,English,2013-09-16,,,,http://creativecommons.org/licenses/by/4.0,Missouri Botanical Garden,Missouri Botanical Garden
wfo-0000287141,subshrubs,habit,45F4CBAF-E976-41D1-A0A6-F51823FA1CEF,English,2013-09-16,,,,http://creativecommons.org/licenses/by/4.0,Missouri Botanical Garden,Missouri Botanical Garden
wfo-0000287192,Subshrubs,habit,D99BAB9E-A2BE-44C2-9216-524ADA3C4E8E,English,2013-09-16,,,,http://creativecommons.org/licenses/by/4.0,Missouri Botanical Garden,Missouri Botanical Garden
wfo-0000287235,Shrubs or small trees,habit,99547ED2-C1CB-461D-A8B8-D379A3CD5969,English,2013-09-16,,,,http://creativecommons.org/licenses/by/4.0,Missouri Botanical Garden,Missouri Botanical Garden
wfo-0000287267,Shrubs,habit,8F0E039A-B046-45E9-8699-53317A0914CA,English,2013-09-16,,,,http://creativecommons.org/licenses/by/4.0,Missouri Botanical Garden,Missouri Botanical Garden
wfo-0000287287,Trees,habit,837229BC-9A62-4E13-BE0E-84D4BAD02BC9,English,2013-09-16,,,,http://creativecommons.org/licenses/by/4.0,Missouri Botanical Garden,Missouri Botanical Garden
wfo-0000287481,Shrubs,habit,55184BFA-5F5B-4B15-9DA9-700D47F6C01A,English,2013-09-16,,,,http://creativecommons.org/licenses/by/4.0,Missouri Botanical Garden,Missouri Botanical Garden
wfo-0000287490,Trees,habit,1D2FA9EB-C966-4CEE-B1B0-6022631B7047,English,2013-09-16,,,,http://creativecommons.org/licenses/by/4.0,Missouri Botanical Garden,Missouri Botanical Garden
wfo-0000287579,Shrubs,habit,2B5C9187-897B-4B53-B3C6-4492672F284C,English,2013-09-16,,,,http://creativecommons.org/licenses/by/4.0,Missouri Botanical Garden,Missouri Botanical Garden
wfo-0000287583,Shrubs,habit,30DC6942-0F16-4CB6-8944-7372571D3EB4,English,2013-09-16,,,,http://creativecommons.org/licenses/by/4.0,Missouri Botanical Garden,Missouri Botanical Garden
wfo-0000287616,Shrubs or small trees,habit,F9AD4608-1B9F-4EF5-A581-4606D5907D46,English,2013-09-17,,,,http://creativecommons.org/licenses/by/4.0,Missouri Botanical Garden,Missouri Botanical Garden
wfo-0000287799,Trees,habit,76E484A5-D6E1-48A1-B719-024147069C04,English,2013-09-17,,,,http://creativecommons.org/licenses/by/4.0,Missouri Botanical Garden,Missouri Botanical Garden
wfo-0000287928,Small trees,habit,4EA12A1B-73DD-4811-852C-1D07313B971A,English,2013-09-17,,,,http://creativecommons.org/licenses/by/4.0,Missouri Botanical Garden,Missouri Botanical Garden
wfo-0000287942,Shrubs or small trees,habit,7793B536-3EAC-45DB-A738-508AF0D1A879,English,2013-09-17,,,,http://creativecommons.org/licenses/by/4.0,Missouri Botanical Garden,Missouri Botanical Garden
wfo-0000287976,Shrubs,habit,B1E8DC44-F99F-4F19-8BFE-FB461B03DF5D,English,2013-09-17,,,,http://creativecommons.org/licenses/by/4.0,Missouri Botanical Garden,Missouri Botanical Garden
wfo-0001025602,hemi-epiphyte,habit,E0F6400A-8EE4-4228-906D-0DFA5479523F,English,2013-05-15,,,,http://creativecommons.org/licenses/by/4.0,Missouri Botanical Garden,Missouri Botanical Garden
wfo-0000294538,trees,habit,D00FDBB8-B370-4C63-BC91-AA257650159B,English,2013-09-17,,,,http://creativecommons.org/licenses/by/4.0,Missouri Botanical Garden,Missouri Botanical Garden
wfo-0000288119,Subshrubs,habit,274A1F0D-20C3-4821-976E-D7647CB8A857,English,2013-09-17,,,,http://creativecommons.org/licenses/by/4.0,Missouri Botanical Garden,Missouri Botanical Garden
wfo-0000294317,Trees,habit,6A24D71F-721F-4316-A3BE-E4E71CA46179,English,2013-09-17,,,,http://creativecommons.org/licenses/by/4.0,Missouri Botanical Garden,Missouri Botanical Garden
wfo-0000294483,trees,habit,439B15BC-474B-46F7-BFCC-35C9486F8028,English,2013-09-17,,,,http://creativecommons.org/licenses/by/4.0,Missouri Botanical Garden,Missouri Botanical Garden
wfo-0000294559,Trees,habit,5E886E69-7F74-4245-BB0B-5AF0B10BEE74,English,2013-09-17,,,,http://creativecommons.org/licenses/by/4.0,Missouri Botanical Garden,Missouri Botanical Garden
wfo-0000294613,Shrubs,habit,25F56EC5-E27C-4188-B234-AC5A943C01AC,English,2013-09-17,,,,http://creativecommons.org/licenses/by/4.0,Missouri Botanical Garden,Missouri Botanical Garden
wfo-0000294629,Trees,habit,C006CB09-2EF9-4E58-B94F-69982B01C295,English,2013-09-17,,,,http://creativecommons.org/licenses/by/4.0,Missouri Botanical Garden,Missouri Botanical Garden
wfo-0001019821,Shrub,habit,DB7FF721-60DB-486B-9D22-D2637036EE26,English,2013-05-15,,,,http://creativecommons.org/licenses/by/4.0,Missouri Botanical Garden,Missouri Botanical Garden
wfo-0000294958,Trees,habit,38373366-E352-46DA-AD35-7E964B875286,English,2013-09-17,,,,http://creativecommons.org/licenses/by/4.0,Missouri Botanical Garden,Missouri Botanical Garden
wfo-0000294960,Trees,habit,05BCE080-D975-43AD-B188-ED43C683A3A0,English,2013-09-17,,,,http://creativecommons.org/licenses/by/4.0,Missouri Botanical Garden,Missouri Botanical Garden
wfo-0000828519,Shrubs,habit,258D5118-D641-41FC-BB3A-0867EFD36D91,English,2013-08-21,,,,http://creativecommons.org/licenses/by/4.0,Missouri Botanical Garden,Missouri Botanical Garden
wfo-0001132231,trees,habit,FE49C86D-14BA-44DA-9000-2D0DBDE75834,English,2013-09-17,,,,http://creativecommons.org/licenses/by/4.0,Missouri Botanical Garden,Missouri Botanical Garden
wfo-0000294966,Subshrubs,habit,1B289B46-8E92-4DFE-93B2-191F55FA3BBA,English,2013-09-17,,,,http://creativecommons.org/licenses/by/4.0,Missouri Botanical Garden,Missouri Botanical Garden
wfo-0000294968,Shrubs,habit,0970AB87-0C35-4D21-A387-5EC994AB89D0,English,2013-09-17,,,,http://creativecommons.org/licenses/by/4.0,Missouri Botanical Garden,Missouri Botanical Garden
wfo-0001023533,Shrub,habit,9BD6D61A-4308-49E8-ADDE-8FB6B9BAA309,English,2013-05-15,,,,http://creativecommons.org/licenses/by/4.0,Missouri Botanical Garden,Missouri Botanical Garden
wfo-0000297590,Trees,habit,D3D10A00-FB8D-4CA4-A7BC-B4C2C3006CDB,English,2013-09-17,,,,http://creativecommons.org/licenses/by/4.0,Missouri Botanical Garden,Missouri Botanical Garden
wfo-0000297616,Trees or shrubs,habit,A872F5FB-4491-409B-ADB7-2ABF9649CF8A,English,2013-09-17,,,,http://creativecommons.org/licenses/by/4.0,Missouri Botanical Garden,Missouri Botanical Garden
wfo-0000297671,Trees or shrubs,habit,DBDEED26-DC6F-41B7-9C55-9782189991B3,English,2013-09-17,,,,http://creativecommons.org/licenses/by/4.0,Missouri Botanical Garden,Missouri Botanical Garden
wfo-0000297688,Shrubs,habit,7135C9AA-00EC-4B0F-B215-E5A7AB341D45,English,2013-09-17,,,,http://creativecommons.org/licenses/by/4.0,Missouri Botanical Garden,Missouri Botanical Garden
wfo-0000297689,Shrubs,habit,A8B8A42A-8402-49BB-A893-828CBB5D42FA,English,2013-09-17,,,,http://creativecommons.org/licenses/by/4.0,Missouri Botanical Garden,Missouri Botanical Garden
wfo-0000297742,Shrubs or trees,habit,B1FDD015-EA61-4A35-911E-7E18F9253F5F,English,2013-09-17,,,,http://creativecommons.org/licenses/by/4.0,Missouri Botanical Garden,Missouri Botanical Garden
wfo-0000297774,Trees,habit,B199C158-F5AC-4E9C-A66A-4BB7F62AC2AE,English,2013-09-17,,,,http://creativecommons.org/licenses/by/4.0,Missouri Botanical Garden,Missouri Botanical Garden
wfo-0000297855,Shrubs,habit,947F92F3-3C95-48F5-9359-FC7CD6E36F9D,English,2013-09-17,,,,http://creativecommons.org/licenses/by/4.0,Missouri Botanical Garden,Missouri Botanical Garden
wfo-0000297867,Shrubs or trees,habit,FFC5D371-1A3B-44BC-AB77-276C0D0BDE16,English,2013-09-17,,,,http://creativecommons.org/licenses/by/4.0,Missouri Botanical Garden,Missouri Botanical Garden
wfo-0000297888,Trees,habit,0244356A-88AB-45F0-A549-3E663BB62F75,English,2013-09-17,,,,http://creativecommons.org/licenses/by/4.0,Missouri Botanical Garden,Missouri Botanical Garden
wfo-0000298678,shrubs,habit,263B95CB-88C8-4085-ABC8-110568287D6C,English,2013-09-17,,,,http://creativecommons.org/licenses/by/4.0,Missouri Botanical Garden,Missouri Botanical Garden
wfo-0000298717,Shrubs,habit,ABB4C197-E9BC-4350-857C-EF02D89E32A6,English,2013-09-17,,,,http://creativecommons.org/licenses/by/4.0,Missouri Botanical Garden,Missouri Botanical Garden
wfo-0000298729,Trees,habit,47111750-6C6B-483E-8BB0-69BE2AF97507,English,2013-09-17,,,,http://creativecommons.org/licenses/by/4.0,Missouri Botanical Garden,Missouri Botanical Garden
wfo-0000298734,Small trees or shrubs,habit,AEEAF4F8-EF5D-45F4-825E-ED7F0B059D7F,English,2013-09-17,,,,http://creativecommons.org/licenses/by/4.0,Missouri Botanical Garden,Missouri Botanical Garden
wfo-0000298795,Trees,habit,D3A8F08A-72CA-4E1B-8263-1CDFDAC2CED2,English,2013-09-17,,,,http://creativecommons.org/licenses/by/4.0,Missouri Botanical Garden,Missouri Botanical Garden
wfo-0000298894,Shrubs,habit,22BB5CA7-E6D9-4A42-8867-6CCC17A69C1E,English,2013-09-18,,,,http://creativecommons.org/licenses/by/4.0,Missouri Botanical Garden,Missouri Botanical Garden
wfo-0000299000,Shrubs or small trees,habit,B9BDDC58-2466-4051-97FA-345831A023A4,English,2013-09-18,,,,http://creativecommons.org/licenses/by/4.0,Missouri Botanical Garden,Missouri Botanical Garden
wfo-0000299001,Trees,habit,D15F3FF5-91E9-49DB-A040-B483DDC4D2FD,English,2013-09-18,,,,http://creativecommons.org/licenses/by/4.0,Missouri Botanical Garden,Missouri Botanical Garden
wfo-0000299496,Shrubs or sprawling woody vines,habit,F55D509A-2083-442C-AF39-E1CEA831936E,English,2013-09-18,,,,http://creativecommons.org/licenses/by/4.0,Missouri Botanical Garden,Missouri Botanical Garden
wfo-0000299528,Vine,habit,539C577E-5260-4934-A3C0-9446DF4D499D,English,2013-09-18,,,,http://creativecommons.org/licenses/by/4.0,Missouri Botanical Garden,Missouri Botanical Garden
wfo-0000299563,vines,habit,FC07EF0D-AF1A-4C5D-AEA5-57B7BCDDDE30,English,2013-09-18,,,,http://creativecommons.org/licenses/by/4.0,Missouri Botanical Garden,Missouri Botanical Garden
wfo-0000307081,shrubs,habit,38F58C19-0E60-49E4-AEFD-648365A6AACF,English,2013-09-18,,,,http://creativecommons.org/licenses/by/4.0,Missouri Botanical Garden,Missouri Botanical Garden
wfo-0001132939,Trees,habit,1E0A29A7-A466-4ACF-A4D5-D48671BD7151,English,2013-08-12,,,,http://creativecommons.org/licenses/by/4.0,Missouri Botanical Garden,Missouri Botanical Garden
wfo-0000311153,Small trees or shrubs,habit,6BD90A9C-3688-43FD-8390-828667B740B4,English,2013-09-18,,,,http://creativecommons.org/licenses/by/4.0,Missouri Botanical Garden,Missouri Botanical Garden
wfo-0000311171,Trees,habit,E7AE4535-0584-426F-A41F-97515383F61E,English,2013-09-18,,,,http://creativecommons.org/licenses/by/4.0,Missouri Botanical Garden,Missouri Botanical Garden
wfo-0000311176,Trees,habit,CB7C7DA4-83E8-4E59-9041-2542CEA12B88,English,2013-09-18,,,,http://creativecommons.org/licenses/by/4.0,Missouri Botanical Garden,Missouri Botanical Garden
wfo-0000311750,Trees,habit,C2786407-41CE-4DB1-92F0-75D2CA757672,English,2013-09-18,,,,http://creativecommons.org/licenses/by/4.0,Missouri Botanical Garden,Missouri Botanical Garden
wfo-0000313586,Trees,habit,BA5E9AED-99C0-4A60-A7B5-8FCCF1B19A56,English,2013-09-18,,,,http://creativecommons.org/licenses/by/4.0,Missouri Botanical Garden,Missouri Botanical Garden
wfo-0000326269,Herbs,habit,47B613FF-13CC-4CCF-AB30-D9E96740B680,English,2013-09-18,,,,http://creativecommons.org/licenses/by/4.0,Missouri Botanical Garden,Missouri Botanical Garden
wfo-0000326310,Trees,habit,2A3FF001-891F-4242-ADCF-5E39F622E55B,English,2013-09-18,,,,http://creativecommons.org/licenses/by/4.0,Missouri Botanical Garden,Missouri Botanical Garden
wfo-0000329329,Vines,habit,35C50C62-171C-4E51-B820-649AF525AF77,English,2013-09-18,,,,http://creativecommons.org/licenses/by/4.0,Missouri Botanical Garden,Missouri Botanical Garden
wfo-0000333885,Trees,habit,5B3D34D9-EF86-47B5-89D6-EAAA68F46B83,English,2013-09-18,,,,http://creativecommons.org/licenses/by/4.0,Missouri Botanical Garden,Missouri Botanical Garden
wfo-0000334444,Shrubs or trees,habit,9C15A13A-03C2-4181-9F7B-E695277FD2EA,English,2013-09-18,,,,http://creativecommons.org/licenses/by/4.0,Missouri Botanical Garden,Missouri Botanical Garden
wfo-0000966525,Subshrubs,habit,9FE4BC3A-ECAD-45D1-8B74-EAE54E9DCD4F,English,2013-08-19,,,,http://creativecommons.org/licenses/by/4.0,Missouri Botanical Garden,Missouri Botanical Garden
wfo-0000966575,Subshrubs,habit,0B6A4B99-6836-411F-806E-5063417BB1B1,English,2013-08-19,,,,http://creativecommons.org/licenses/by/4.0,Missouri Botanical Garden,Missouri Botanical Garden
wfo-0000245841,herbs,habit,367F0E7B-4A94-4E20-BB58-C5F45393653F,English,2013-09-11,,,,http://creativecommons.org/licenses/by/4.0,Missouri Botanical Garden,Missouri Botanical Garden
wfo-0000262816,Shrubs,habit,6B427962-096B-4C33-8E5C-99134669CB34,English,2013-09-11,,,,http://creativecommons.org/licenses/by/4.0,Missouri Botanical Garden,Missouri Botanical Garden
wfo-0000946928,Tree or shrub,habit,9CD32AF0-D80A-4C47-9EC0-432C00412645,English,2013-09-04,,,,http://creativecommons.org/licenses/by/4.0,Missouri Botanical Garden,Missouri Botanical Garden
wfo-0000262909,Trees,habit,07C8AED5-7D1C-441C-880F-F856B82D9A32,English,2013-09-11,,,,http://creativecommons.org/licenses/by/4.0,Missouri Botanical Garden,Missouri Botanical Garden
wfo-0000286803,Shrubs,habit,32F2F1FC-2C5F-402C-B456-8E5D4BB17F2A,English,2013-09-16,,,,http://creativecommons.org/licenses/by/4.0,Missouri Botanical Garden,Missouri Botanical Garden
wfo-0000286899,Shrubs or trees,habit,C783F3ED-AFBB-4DB6-BBB9-F15AD09ABE92,English,2013-09-16,,,,http://creativecommons.org/licenses/by/4.0,Missouri Botanical Garden,Missouri Botanical Garden
wfo-0001132639,Subshrubs,habit,8520D4BF-645E-49BB-8F31-59B57C569978,English,2013-08-19,,,,http://creativecommons.org/licenses/by/4.0,Missouri Botanical Garden,Missouri Botanical Garden
wfo-0000945800,Subshrubs,habit,4B2F9442-D272-438F-A0BE-2B7602637DA1,English,2013-09-04,,,,http://creativecommons.org/licenses/by/4.0,Missouri Botanical Garden,Missouri Botanical Garden
wfo-0001132683,shrubs or small trees,habit,"35D4B22E-18CA-43DF-80EA-EA12A576A0AF,29ED8179-06CC-4368-9DC1-0226B9E96F5F",English,2013-08-12,,,,http://creativecommons.org/licenses/by/4.0,Missouri Botanical Garden,Missouri Botanical Garden
wfo-0000680764,Trees,habit,4D3582CC-02B7-4544-AE27-EC9398AAF1BD,English,2013-08-12,,,,http://creativecommons.org/licenses/by/4.0,Missouri Botanical Garden,Missouri Botanical Garden
wfo-0000608030,Trees,habit,FF038691-9D5D-4078-A929-A0333030240D,English,2013-08-12,,,,http://creativecommons.org/licenses/by/4.0,Missouri Botanical Garden,Missouri Botanical Garden
wfo-0000429502,Shrubs or small trees,habit,E053A281-8033-40E7-9014-D4D08205A8BB,English,2013-08-12,,,,http://creativecommons.org/licenses/by/4.0,Missouri Botanical Garden,Missouri Botanical Garden
wfo-0001133139,trees,habit,C3F14322-F0E9-4016-B9B9-718507752812,English,2013-08-12,,,,http://creativecommons.org/licenses/by/4.0,Missouri Botanical Garden,Missouri Botanical Garden
wfo-0000693919,Trees,habit,DB3A9BA2-A08C-4FE9-983E-FE3078CD57AB,English,2013-08-12,,,,http://creativecommons.org/licenses/by/4.0,Missouri Botanical Garden,Missouri Botanical Garden
wfo-0000679577,Shrubs or small trees,habit,77024AA1-E078-41BC-9F7E-28C096C2E3F2,English,2013-08-12,,,,http://creativecommons.org/licenses/by/4.0,Missouri Botanical Garden,Missouri Botanical Garden
wfo-0000679577,Shrubs or small trees,habit,49719E25-3382-441E-AEEF-751F13160B74,English,2013-08-12,,,,http://creativecommons.org/licenses/by/4.0,Missouri Botanical Garden,Missouri Botanical Garden
wfo-0000680810,Shrubs,habit,D5A2DBE2-EAF6-442F-A1E6-439DBE5D90EC,English,2013-08-12,,,,http://creativecommons.org/licenses/by/4.0,Missouri Botanical Garden,Missouri Botanical Garden
wfo-0000680820,Shrubs or small trees,habit,E3205664-27C3-46A6-BBC8-B26E94AD96A1,English,2013-08-12,,,,http://creativecommons.org/licenses/by/4.0,Missouri Botanical Garden,Missouri Botanical Garden
wfo-0000693906,Trees,habit,FA372892-6A7A-4C7F-ADD6-792352AF5657,English,2013-08-12,,,,http://creativecommons.org/licenses/by/4.0,Missouri Botanical Garden,Missouri Botanical Garden
wfo-0001132934,Trees,habit,7B440A97-F288-440F-9005-E39063E3926D,English,2013-08-12,,,,http://creativecommons.org/licenses/by/4.0,Missouri Botanical Garden,Missouri Botanical Garden
wfo-0001132935,trees,habit,D5E99B25-BF1B-466E-AAFD-CDC41D860FEA,English,2013-08-12,,,,http://creativecommons.org/licenses/by/4.0,Missouri Botanical Garden,Missouri Botanical Garden
wfo-0000430349,Trees,habit,2F0ED9B9-BD08-4F08-8F7E-BB2C491DE68E,English,2013-08-12,,,,http://creativecommons.org/licenses/by/4.0,Missouri Botanical Garden,Missouri Botanical Garden
wfo-0001132936,Shrubs or small trees,habit,C5E07E37-700F-4D8F-88E3-0405CCD2E9F7,English,2013-08-12,,,,http://creativecommons.org/licenses/by/4.0,Missouri Botanical Garden,Missouri Botanical Garden
wfo-0001132937,Trees,habit,D4C76B5B-F888-47B2-BC26-E31AC3AD67D4,English,2013-08-12,,,,http://creativecommons.org/licenses/by/4.0,Missouri Botanical Garden,Missouri Botanical Garden
wfo-0001132938,trees,habit,90AED098-BC29-45EE-A8D7-6C6AD7A0EE18,English,2013-08-12,,,,http://creativecommons.org/licenses/by/4.0,Missouri Botanical Garden,Missouri Botanical Garden
wfo-0000429564,Shrubs or small trees,habit,47532A35-2F21-4DE5-8ACE-9B2C9ECBC486,English,2013-08-12,,,,http://creativecommons.org/licenses/by/4.0,Missouri Botanical Garden,Missouri Botanical Garden
wfo-0000429281,Trees,habit,5EE233CD-E58E-4708-A557-900700E14B99,English,2013-08-12,,,,http://creativecommons.org/licenses/by/4.0,Missouri Botanical Garden,Missouri Botanical Garden
wfo-0000453169,Shrubs or small trees,habit,F85592E7-99C0-46EE-BAF7-E93032AF857A,English,2013-07-16,,,,http://creativecommons.org/licenses/by/4.0,Missouri Botanical Garden,Missouri Botanical Garden
wfo-0001132940,Shrubs or trees,habit,579E81CB-4100-48C9-8244-A46DAB5FC50C,English,2013-08-12,,,,http://creativecommons.org/licenses/by/4.0,Missouri Botanical Garden,Missouri Botanical Garden
wfo-0000429382,Trees,habit,E053342A-B3BE-4BD9-B852-998E08B93179,English,2013-08-12,,,,http://creativecommons.org/licenses/by/4.0,Missouri Botanical Garden,Missouri Botanical Garden
wfo-0000429398,Trees,habit,C29A3A52-EC25-482C-92E0-BD89B02EA781,English,2013-08-12,,,,http://creativecommons.org/licenses/by/4.0,Missouri Botanical Garden,Missouri Botanical Garden
wfo-0001140703,Tree,habit,"9502717F-80F9-408B-8833-B9B2BA5E4DB8,15EF7765-C74E-4FA8-B318-7910C1E1856A",English,2013-01-29,,,,http://creativecommons.org/licenses/by/4.0,Missouri Botanical Garden,Missouri Botanical Garden
wfo-0000429405,Trees,habit,C984B681-D2B7-4491-B0F3-67201064CB55,English,2013-08-12,,,,http://creativecommons.org/licenses/by/4.0,Missouri Botanical Garden,Missouri Botanical Garden
wfo-0000429388,Trees,habit,EDE2F82A-E2F9-4F5D-993B-8A8B13272930,English,2013-08-12,,,,http://creativecommons.org/licenses/by/4.0,Missouri Botanical Garden,Missouri Botanical Garden
wfo-0000451525,Tree,habit,7165BBA7-CD35-4C1A-88E6-5E0F9280E3C1,English,2013-01-30,,,,http://creativecommons.org/licenses/by/4.0,Missouri Botanical Garden,Missouri Botanical Garden
wfo-0001132941,Trees or shrubs,habit,20471BB8-2788-4D40-A4AD-4182BE7E43EC,English,2013-08-12,,,,http://creativecommons.org/licenses/by/4.0,Missouri Botanical Garden,Missouri Botanical Garden
wfo-0000429362,Trees,habit,E5074F3C-972F-4CB6-98FB-107D45E47B1C,English,2013-08-12,,,,http://creativecommons.org/licenses/by/4.0,Missouri Botanical Garden,Missouri Botanical Garden
wfo-0001132942,trees,habit,A4983CFB-FDF7-465D-8A4A-1AC282169551,English,2013-08-12,,,,http://creativecommons.org/licenses/by/4.0,Missouri Botanical Garden,Missouri Botanical Garden
wfo-0000450042,Tree,habit,779E321A-FFBA-46E2-8449-EFA2BCD8F9D9,English,2013-09-19,,,,http://creativecommons.org/licenses/by/4.0,Missouri Botanical Garden,Missouri Botanical Garden
wfo-0001133298,Tree,habit,85C3AC9B-5965-461A-A82B-812D119F1CFF,English,2013-09-19,,,,http://creativecommons.org/licenses/by/4.0,Missouri Botanical Garden,Missouri Botanical Garden
wfo-0001133302,Tree,habit,326186EF-96F0-486E-A207-4ECD32D3D5BA,English,2013-09-19,,,,http://creativecommons.org/licenses/by/4.0,Missouri Botanical Garden,Missouri Botanical Garden
wfo-0001133309,Tree,habit,C1CE1DBD-4590-4786-B818-97E92C682993,English,2013-09-19,,,,http://creativecommons.org/licenses/by/4.0,Missouri Botanical Garden,Missouri Botanical Garden
wfo-0000450058,tree,habit,D3B09F18-EF16-4C5C-A247-811CB84BF7A8,English,2013-09-19,,,,http://creativecommons.org/licenses/by/4.0,Missouri Botanical Garden,Missouri Botanical Garden
wfo-0001133310,Tree,habit,F503DCF0-A25B-47F3-92CF-C03146AFB3A6,English,2013-09-19,,,,http://creativecommons.org/licenses/by/4.0,Missouri Botanical Garden,Missouri Botanical Garden
wfo-0001133311,Tree,habit,C8D5AFB8-6C72-4FA3-A47F-9C72CC5045BA,English,2013-09-19,,,,http://creativecommons.org/licenses/by/4.0,Missouri Botanical Garden,Missouri Botanical Garden
wfo-0000450037,Tree,habit,66BABE15-449F-48CF-BF1A-B3EAE3D48742,English,2013-09-19,,,,http://creativecommons.org/licenses/by/4.0,Missouri Botanical Garden,Missouri Botanical Garden
wfo-0000450000,Shrub or tree,habit,367A6010-DB3E-4718-B174-5C7ADB0F458B,English,2013-09-19,,,,http://creativecommons.org/licenses/by/4.0,Missouri Botanical Garden,Missouri Botanical Garden
wfo-0001133312,tree,habit,ADED1ED9-8C55-4BBB-8901-657D4517DC9D,English,2013-09-19,,,,http://creativecommons.org/licenses/by/4.0,Missouri Botanical Garden,Missouri Botanical Garden
wfo-0000450398,Tree,habit,4D16D16A-DEC3-4A0F-8B82-D896C1691211,English,2013-09-19,,,,http://creativecommons.org/licenses/by/4.0,Missouri Botanical Garden,Missouri Botanical Garden
wfo-0001133327,tree,habit,2F95019A-551E-4ABC-835F-A7916012ADE3,English,2013-09-19,,,,http://creativecommons.org/licenses/by/4.0,Missouri Botanical Garden,Missouri Botanical Garden
wfo-0001133506,Shrubs or trees,habit,76AC787F-73AC-49F6-A8D1-498AF682F6D4,English,2013-07-19,,,,http://creativecommons.org/licenses/by/4.0,Missouri Botanical Garden,Missouri Botanical Garden
wfo-0000566873,Trees,habit,26CED7E2-EADD-4968-8E45-47AA1F3A5351,English,2013-07-15,,,,http://creativecommons.org/licenses/by/4.0,Missouri Botanical Garden,Missouri Botanical Garden
wfo-0000587874,vines,habit,2C961848-CCCC-498C-BF45-395A8CB23779,English,2013-07-15,,,,http://creativecommons.org/licenses/by/4.0,Missouri Botanical Garden,Missouri Botanical Garden
wfo-0000587875,vines,habit,3B686369-33A7-4C1A-9B88-6DE2195D22C4,English,2013-07-15,,,,http://creativecommons.org/licenses/by/4.0,Missouri Botanical Garden,Missouri Botanical Garden
wfo-0000796467,Shrub or tree,habit,FFADBE3F-0B09-498B-A901-10B35B2D8B9F,English,2013-05-13,,,,http://creativecommons.org/licenses/by/4.0,Missouri Botanical Garden,Missouri Botanical Garden
wfo-0000471616,Lianas,habit,EEC3B4B9-9816-4F83-AFDF-90A039311D7C,English,2013-07-16,,,,http://creativecommons.org/licenses/by/4.0,Missouri Botanical Garden,Missouri Botanical Garden
wfo-0000629421,Trees,habit,1E7EE8A8-E598-43B8-8F9E-D1A7AB37B5BC,English,2013-07-15,,,,http://creativecommons.org/licenses/by/4.0,Missouri Botanical Garden,Missouri Botanical Garden
wfo-0000629491,Trees,habit,F547AB25-79D5-43D1-AE44-E41AF1363801,English,2013-07-15,,,,http://creativecommons.org/licenses/by/4.0,Missouri Botanical Garden,Missouri Botanical Garden
wfo-0000629512,Trees,habit,9B041E72-E1F1-4660-AD64-D2912AAF97F4,English,2013-07-15,,,,http://creativecommons.org/licenses/by/4.0,Missouri Botanical Garden,Missouri Botanical Garden
wfo-0000629597,Trees,habit,65C5A0D1-FC35-41DB-B7D8-A0611B9F0BED,English,2013-07-15,,,,http://creativecommons.org/licenses/by/4.0,Missouri Botanical Garden,Missouri Botanical Garden
wfo-0000453176,trees,habit,7E648003-DCFC-4F39-A06A-D02C9A6F0359,English,2013-07-16,,,,http://creativecommons.org/licenses/by/4.0,Missouri Botanical Garden,Missouri Botanical Garden
wfo-0000471161,Lianas,habit,561B49FE-8156-452A-9D04-FB3801A8B04D,English,2013-07-16,,,,http://creativecommons.org/licenses/by/4.0,Missouri Botanical Garden,Missouri Botanical Garden
wfo-0001134638,Lianas or small trees,habit,5DF6993B-BB89-4299-A4F5-0249AED72939,English,2013-07-16,,,,http://creativecommons.org/licenses/by/4.0,Missouri Botanical Garden,Missouri Botanical Garden
wfo-0001134643,Lianas,habit,A18C8AE4-133D-4B8A-B3B1-630DDD46187D,English,2013-07-16,,,,http://creativecommons.org/licenses/by/4.0,Missouri Botanical Garden,Missouri Botanical Garden
wfo-0000471125,lianas,habit,3017BA84-63A8-4085-8ADD-4FF74120305C,English,2013-07-16,,,,http://creativecommons.org/licenses/by/4.0,Missouri Botanical Garden,Missouri Botanical Garden
wfo-0000471126,lianas,habit,F42452A7-FE1B-4352-81CF-7F5B5C072AE8,English,2013-07-16,,,,http://creativecommons.org/licenses/by/4.0,Missouri Botanical Garden,Missouri Botanical Garden
wfo-0001134656,Lianas or scandent shrubs,habit,DEEBD1BE-59C1-4969-A2D3-F56580931990,English,2013-07-16,,,,http://creativecommons.org/licenses/by/4.0,Missouri Botanical Garden,Missouri Botanical Garden
wfo-0001134658,Lianas,habit,5FF519DD-F605-4F26-B6D3-57AAF751AE47,English,2013-07-16,,,,http://creativecommons.org/licenses/by/4.0,Missouri Botanical Garden,Missouri Botanical Garden
wfo-0000471211,Lianas,habit,FDF6C4E9-78D9-470A-AA49-A1BBB54E4C14,English,2013-07-16,,,,http://creativecommons.org/licenses/by/4.0,Missouri Botanical Garden,Missouri Botanical Garden
wfo-0000471231,lianas,habit,4922E9C8-4EEC-473B-8819-FBE6E40F682D,English,2013-07-16,,,,http://creativecommons.org/licenses/by/4.0,Missouri Botanical Garden,Missouri Botanical Garden
wfo-0000471234,lianas,habit,9A0DA021-693B-477D-86C5-3A3DE84D3406,English,2013-07-16,,,,http://creativecommons.org/licenses/by/4.0,Missouri Botanical Garden,Missouri Botanical Garden
wfo-0000471225,Lianas,habit,E89B497B-C0AA-48F3-B73B-A35572DB22C1,English,2013-07-16,,,,http://creativecommons.org/licenses/by/4.0,Missouri Botanical Garden,Missouri Botanical Garden
wfo-0001134686,Lianas,habit,E545A279-F67C-4137-B89B-24B5F45456BE,English,2013-07-16,,,,http://creativecommons.org/licenses/by/4.0,Missouri Botanical Garden,Missouri Botanical Garden
wfo-0001134704,Lianas,habit,7E057A69-549E-4B41-BF70-3E95CF6FCABC,English,2013-07-16,,,,http://creativecommons.org/licenses/by/4.0,Missouri Botanical Garden,Missouri Botanical Garden
wfo-0000471559,lianas,habit,68A0F1D9-BAD8-458C-BEB8-1EACC3D18EEA,English,2013-07-16,,,,http://creativecommons.org/licenses/by/4.0,Missouri Botanical Garden,Missouri Botanical Garden
wfo-0000471426,Lianas,habit,48464BC5-784A-47E9-B36F-7C2F5C2575E9,English,2013-07-18,,,,http://creativecommons.org/licenses/by/4.0,Missouri Botanical Garden,Missouri Botanical Garden
wfo-0001134717,Lianas,habit,68CFF9ED-398F-4044-AA99-5CD2C07F4798,English,2013-07-18,,,,http://creativecommons.org/licenses/by/4.0,Missouri Botanical Garden,Missouri Botanical Garden
wfo-0001134718,Lianas,habit,CEB85CF3-EF9D-4B53-85C6-2772C3C7DDDD,English,2013-07-18,,,,http://creativecommons.org/licenses/by/4.0,Missouri Botanical Garden,Missouri Botanical Garden
wfo-0000471580,Lianas,habit,A7B55B45-36B6-4EF4-8739-A568C92362EA,English,2013-07-18,,,,http://creativecommons.org/licenses/by/4.0,Missouri Botanical Garden,Missouri Botanical Garden
wfo-0001134733,lianas,habit,09D7D840-55E3-4BDC-9417-51B11BCE076B,English,2013-07-18,,,,http://creativecommons.org/licenses/by/4.0,Missouri Botanical Garden,Missouri Botanical Garden
wfo-0001134761,lianas,habit,B9E400C5-4B03-44DE-A349-EA4893FE6CCD,English,2013-07-18,,,,http://creativecommons.org/licenses/by/4.0,Missouri Botanical Garden,Missouri Botanical Garden
wfo-0001134787,lianas,habit,547B8F78-568B-42D2-896E-2993D644133E,English,2013-07-18,,,,http://creativecommons.org/licenses/by/4.0,Missouri Botanical Garden,Missouri Botanical Garden
wfo-0000493480,lianas,habit,A066C4F6-2301-4A91-8E9F-36783FA6859F,English,2013-07-18,,,,http://creativecommons.org/licenses/by/4.0,Missouri Botanical Garden,Missouri Botanical Garden
wfo-0000493398,Lianas,habit,839B34AE-82B8-48D7-9F00-63E633EA16A6,English,2013-07-18,,,,http://creativecommons.org/licenses/by/4.0,Missouri Botanical Garden,Missouri Botanical Garden
wfo-0000493495,lianas,habit,02D3E7AD-5A8F-431E-A063-0743755FFA70,English,2013-07-18,,,,http://creativecommons.org/licenses/by/4.0,Missouri Botanical Garden,Missouri Botanical Garden
wfo-0001134837,lianas,habit,638A7F6A-81D9-4566-97E2-6ED890FFF4F3,English,2013-07-18,,,,http://creativecommons.org/licenses/by/4.0,Missouri Botanical Garden,Missouri Botanical Garden
wfo-0000454921,Trees or shrubs,habit,DC4BCEEA-FE04-40B1-95F0-5F704F773D60,English,2013-07-18,,,,http://creativecommons.org/licenses/by/4.0,Missouri Botanical Garden,Missouri Botanical Garden
wfo-0000417581,Vines,habit,A9505785-E3AC-4101-8AE3-AE397789BBB0,English,2013-07-18,,,,http://creativecommons.org/licenses/by/4.0,Missouri Botanical Garden,Missouri Botanical Garden
wfo-0000690971,trees,habit,C8D28C3E-9451-49D5-9882-4A05FABF3B3A,English,2013-07-16,,,,http://creativecommons.org/licenses/by/4.0,Missouri Botanical Garden,Missouri Botanical Garden
wfo-0000651457,trees,habit,5AAC9BC9-D534-4DCA-B876-D75E4678D078,English,2013-07-16,,,,http://creativecommons.org/licenses/by/4.0,Missouri Botanical Garden,Missouri Botanical Garden
wfo-0000452919,trees,habit,F1316171-983C-466B-9B80-CCAEA333FA0F,English,2013-07-16,,,,http://creativecommons.org/licenses/by/4.0,Missouri Botanical Garden,Missouri Botanical Garden
wfo-0000267861,Woody vine,habit,E9778B00-D0C7-4FE2-8D07-9A54CFBA1346,English,2013-05-10,,,,http://creativecommons.org/licenses/by/4.0,Missouri Botanical Garden,Missouri Botanical Garden
wfo-0000493168,Trees,habit,151ED5CA-7995-4425-8500-A2E21165A047,English,2013-07-18,,,,http://creativecommons.org/licenses/by/4.0,Missouri Botanical Garden,Missouri Botanical Garden
wfo-0000332038,herbs,habit,0566D445-1A41-4A6B-8859-10770747E620,English,2013-05-10,,,,http://creativecommons.org/licenses/by/4.0,Missouri Botanical Garden,Missouri Botanical Garden
wfo-0000587893,vines,habit,989555B9-64CB-4329-8CFF-4413C17E65D6,English,2013-07-15,,,,http://creativecommons.org/licenses/by/4.0,Missouri Botanical Garden,Missouri Botanical Garden
wfo-0000526794,Shrubs or small trees,habit,2A0D7F6A-3895-4BDC-BC73-A7083DB7F528,English,2013-07-15,,,,http://creativecommons.org/licenses/by/4.0,Missouri Botanical Garden,Missouri Botanical Garden
wfo-0000526678,Trees,habit,1EE876D9-DC5E-412F-86AE-A5364D285483,English,2013-07-15,,,,http://creativecommons.org/licenses/by/4.0,Missouri Botanical Garden,Missouri Botanical Garden
wfo-0000526829,tree,habit,8C84FC30-9C41-4D6C-BCF3-10D8DEEAB99C,English,2013-07-15,,,,http://creativecommons.org/licenses/by/4.0,Missouri Botanical Garden,Missouri Botanical Garden
wfo-0000629447,trees,habit,D19398CE-73B6-474A-8D60-51BAF2139185,English,2013-07-15,,,,http://creativecommons.org/licenses/by/4.0,Missouri Botanical Garden,Missouri Botanical Garden
wfo-0000629487,Shrubs or small trees,habit,0C4DA5A1-65D8-4EEA-A5E4-DC8955498A1E,English,2013-07-15,,,,http://creativecommons.org/licenses/by/4.0,Missouri Botanical Garden,Missouri Botanical Garden
wfo-0000629521,Trees,habit,97D0F09C-36A1-4175-9BF5-3D62D1E7B425,English,2013-07-15,,,,http://creativecommons.org/licenses/by/4.0,Missouri Botanical Garden,Missouri Botanical Garden
wfo-0000629607,Shrubs or small trees,habit,991C9AF1-9E9A-4754-97B1-4A2A658C88A6,English,2013-07-15,,,,http://creativecommons.org/licenses/by/4.0,Missouri Botanical Garden,Missouri Botanical Garden
wfo-0000629636,Trees,habit,03FE5AB8-8141-413F-933A-F477C46B8C82,English,2013-07-16,,,,http://creativecommons.org/licenses/by/4.0,Missouri Botanical Garden,Missouri Botanical Garden
wfo-0000629639,Trees,habit,24439766-AC77-4647-AEDF-52891FA7CAD1,English,2013-07-16,,,,http://creativecommons.org/licenses/by/4.0,Missouri Botanical Garden,Missouri Botanical Garden
wfo-0000453111,Trees,habit,4A38156A-D4BA-4B29-BDB5-44432E7363EA,English,2013-07-16,,,,http://creativecommons.org/licenses/by/4.0,Missouri Botanical Garden,Missouri Botanical Garden
wfo-0000471107,Lianas,habit,D1A97F5C-838F-4B92-8B34-4E46FD52CA75,English,2013-07-16,,,,http://creativecommons.org/licenses/by/4.0,Missouri Botanical Garden,Missouri Botanical Garden
wfo-0000471109,Lianas,habit,FEF25CF9-2BEF-4EA8-BF83-BDB316FB824C,English,2013-07-16,,,,http://creativecommons.org/licenses/by/4.0,Missouri Botanical Garden,Missouri Botanical Garden
wfo-0001134898,Lianas,habit,C3C9FE34-B648-4580-B43D-38AFC991DC53,English,2013-07-16,,,,http://creativecommons.org/licenses/by/4.0,Missouri Botanical Garden,Missouri Botanical Garden
wfo-0001134899,Lianas,habit,40FC476A-A6F8-4479-BEDA-5775E10C3F27,English,2013-07-16,,,,http://creativecommons.org/licenses/by/4.0,Missouri Botanical Garden,Missouri Botanical Garden
wfo-0000471117,lianas,habit,8FE45A8C-EF91-4761-872E-E2E66D94555A,English,2013-07-16,,,,http://creativecommons.org/licenses/by/4.0,Missouri Botanical Garden,Missouri Botanical Garden
wfo-0001134900,Lianas,habit,E302158F-E3C0-4AE7-9512-649C6AB50F8E,English,2013-07-16,,,,http://creativecommons.org/licenses/by/4.0,Missouri Botanical Garden,Missouri Botanical Garden
wfo-0001134901,Lianas,habit,3BA4BFE1-A680-4681-AB1B-AB25CAC0038A,English,2013-07-16,,,,http://creativecommons.org/licenses/by/4.0,Missouri Botanical Garden,Missouri Botanical Garden
wfo-0001134902,Lianas,habit,03F4FFA8-E4B1-47FF-A184-CE45DAB048E2,English,2013-07-16,,,,http://creativecommons.org/licenses/by/4.0,Missouri Botanical Garden,Missouri Botanical Garden
wfo-0001134903,lianas,habit,13E90B51-B70F-44FF-91C6-BC3DBC66DB4E,English,2013-07-16,,,,http://creativecommons.org/licenses/by/4.0,Missouri Botanical Garden,Missouri Botanical Garden
wfo-0001134904,Lianas,habit,75916D88-916E-483E-B055-353CEA315F2C,English,2013-07-16,,,,http://creativecommons.org/licenses/by/4.0,Missouri Botanical Garden,Missouri Botanical Garden
wfo-0000471237,lianas,habit,2825627A-9F52-452B-9905-16E906203631,English,2013-07-16,,,,http://creativecommons.org/licenses/by/4.0,Missouri Botanical Garden,Missouri Botanical Garden
wfo-0001134906,Lianas,habit,93B8CDEE-035F-4632-976A-B142A48980A7,English,2013-07-16,,,,http://creativecommons.org/licenses/by/4.0,Missouri Botanical Garden,Missouri Botanical Garden
wfo-0001134907,Lianas,habit,A8AA3D26-FBDB-48C4-9A19-3B753F78C64F,English,2013-07-16,,,,http://creativecommons.org/licenses/by/4.0,Missouri Botanical Garden,Missouri Botanical Garden
wfo-0001134908,Lianas,habit,E0E5723B-C4A7-4091-9F71-C6A60E63129A,English,2013-07-16,,,,http://creativecommons.org/licenses/by/4.0,Missouri Botanical Garden,Missouri Botanical Garden
wfo-0001134909,Lianas,habit,2DD1A48A-4769-412E-9902-49D8EDED1A2E,English,2013-07-16,,,,http://creativecommons.org/licenses/by/4.0,Missouri Botanical Garden,Missouri Botanical Garden
wfo-0001134911,Lianas,habit,B6D15FE7-165B-4BC5-AE21-7A6E72779FDA,English,2013-07-18,,,,http://creativecommons.org/licenses/by/4.0,Missouri Botanical Garden,Missouri Botanical Garden
wfo-0001134912,Shrubs or trees,habit,39BC9DC4-EE63-4793-A246-7A1285607057,English,2013-07-18,,,,http://creativecommons.org/licenses/by/4.0,Missouri Botanical Garden,Missouri Botanical Garden
wfo-4000020405,Trees or shrubs.,habit,D11E8FEA-ACF6-4125-9483-EBCB6EBF742C,English,2013-09-10,,,,http://creativecommons.org/licenses/by/4.0,Missouri Botanical Garden,Missouri Botanical Garden
wfo-0000493361,lianas,habit,B07ED263-684D-4EF4-8B22-AB610DDBAEDB,English,2013-07-18,,,,http://creativecommons.org/licenses/by/4.0,Missouri Botanical Garden,Missouri Botanical Garden
wfo-0001134913,lianas,habit,9C1AA527-B13B-4984-ABBA-4E1DF83054E7,English,2013-07-18,,,,http://creativecommons.org/licenses/by/4.0,Missouri Botanical Garden,Missouri Botanical Garden
wfo-0000493389,lianas,habit,8B152D63-21B4-4E82-BB89-05811E90F9E6,English,2013-07-18,,,,http://creativecommons.org/licenses/by/4.0,Missouri Botanical Garden,Missouri Botanical Garden
wfo-0000493447,lianas,habit,8EF67E11-720A-48B1-9E5A-CEE215307B9E,English,2013-07-18,,,,http://creativecommons.org/licenses/by/4.0,Missouri Botanical Garden,Missouri Botanical Garden
wfo-0001134914,lianas,habit,0D4637A3-B373-4C4B-8926-AE8D8FC3502E,English,2013-07-18,,,,http://creativecommons.org/licenses/by/4.0,Missouri Botanical Garden,Missouri Botanical Garden
wfo-0001134915,lianas,habit,81640631-1A1C-4137-8560-AC2E6B27E740,English,2013-07-18,,,,http://creativecommons.org/licenses/by/4.0,Missouri Botanical Garden,Missouri Botanical Garden
wfo-0000493428,lianas,habit,C07E81D0-C2C5-45CB-AB81-751ACDE19627,English,2013-07-18,,,,http://creativecommons.org/licenses/by/4.0,Missouri Botanical Garden,Missouri Botanical Garden
wfo-0000493384,Lianas,habit,16D843FB-A9F6-4540-B1A7-F3521B21124C,English,2013-07-18,,,,http://creativecommons.org/licenses/by/4.0,Missouri Botanical Garden,Missouri Botanical Garden
wfo-0001134916,lianas,habit,E7C84007-1C0E-4E7F-926D-3C8F8EB8AA62,English,2013-07-18,,,,http://creativecommons.org/licenses/by/4.0,Missouri Botanical Garden,Missouri Botanical Garden
wfo-0000454969,Shrubs or slender trees,habit,55C77B56-D9E7-4A45-8DDA-72330842C809,English,2013-07-18,,,,http://creativecommons.org/licenses/by/4.0,Missouri Botanical Garden,Missouri Botanical Garden
wfo-0001134917,Shrubs,habit,E86DB461-16F4-4FE3-B658-B3F733CCCF3B,English,2013-07-18,,,,http://creativecommons.org/licenses/by/4.0,Missouri Botanical Garden,Missouri Botanical Garden
wfo-0000458992,shrubs or small trees,habit,BA84391C-C2AD-42EC-A762-65C1A6E1F67A,English,2013-07-18,,,,http://creativecommons.org/licenses/by/4.0,Missouri Botanical Garden,Missouri Botanical Garden
wfo-0001134918,trees,habit,B63E8B66-F9D2-44CB-85AF-F71D337A7303,English,2013-07-18,,,,http://creativecommons.org/licenses/by/4.0,Missouri Botanical Garden,Missouri Botanical Garden
wfo-0000458851,Lianas,habit,B670D483-00FF-4755-A26A-C42CEC9A6B9E,English,2013-07-18,,,,http://creativecommons.org/licenses/by/4.0,Missouri Botanical Garden,Missouri Botanical Garden
wfo-0000653170,shrubs or trees,habit,385FA526-B372-4F42-96C5-3E595F189280,English,2013-07-16,,,,http://creativecommons.org/licenses/by/4.0,Missouri Botanical Garden,Missouri Botanical Garden
wfo-0001135307,Tree,habit,34137D5F-940D-4CD4-8B1D-1746477BF5F0,English,2013-04-02,,,,http://creativecommons.org/licenses/by/4.0,Missouri Botanical Garden,Missouri Botanical Garden
wfo-0000235825,Tree,habit,C07C00EF-6342-4201-B488-046BB60DB11E,English,2013-04-02,,,,http://creativecommons.org/licenses/by/4.0,Missouri Botanical Garden,Missouri Botanical Garden
wfo-0000235995,Tree,habit,"FB37971B-DC4D-4CEB-9184-250C1E48C693,4F033EFE-D853-409D-A185-DD201011804C",English,2013-04-02,,,,http://creativecommons.org/licenses/by/4.0,Missouri Botanical Garden,Missouri Botanical Garden
wfo-0000281610,Tree,habit,0F9152BE-95D4-45C9-97E2-6D38AB7995C0,English,2013-04-02,,,,http://creativecommons.org/licenses/by/4.0,Missouri Botanical Garden,Missouri Botanical Garden
wfo-0000282077,Tree,habit,611CAE93-064F-4591-86CC-39DCCF389147,English,2013-04-02,,,,http://creativecommons.org/licenses/by/4.0,Missouri Botanical Garden,Missouri Botanical Garden
wfo-4000028225,Shrubs to quite large trees,habit,031B15A4-7296-4B9B-80A9-F9D37B61ECAC,English,2013-05-21,,,,http://creativecommons.org/licenses/by/4.0,Missouri Botanical Garden,Missouri Botanical Garden
wfo-0000943758,Tree,habit,7183B303-4BF9-49C7-B593-40EF997C7D34,English,2013-04-02,,,,http://creativecommons.org/licenses/by/4.0,Missouri Botanical Garden,Missouri Botanical Garden
wfo-0000235843,Tree,habit,80614E8E-99F4-4F12-96D0-A559C4ECE26D,English,2013-04-02,,,,http://creativecommons.org/licenses/by/4.0,Missouri Botanical Garden,Missouri Botanical Garden
wfo-0000235922,Tree,habit,C0F4F4F8-FD0F-4E38-AFBF-88F0A5CC57ED,English,2013-04-02,,,,http://creativecommons.org/licenses/by/4.0,Missouri Botanical Garden,Missouri Botanical Garden
wfo-0000237869,Tree,habit,1999A3A1-A42A-417D-B663-54A642C28691,English,2013-04-02,,,,http://creativecommons.org/licenses/by/4.0,Missouri Botanical Garden,Missouri Botanical Garden
wfo-0000281599,Tree,habit,795FD626-B223-423A-88B2-470DBF453E89,English,2013-04-02,,,,http://creativecommons.org/licenses/by/4.0,Missouri Botanical Garden,Missouri Botanical Garden
wfo-4000007204,Trees,habit,4644E832-85D7-455E-BC41-5F284E15D890,English,2013-03-06,,,,http://creativecommons.org/licenses/by/4.0,Missouri Botanical Garden,Missouri Botanical Garden
wfo-0000281604,Tree,habit,011677C7-C4CD-426F-9569-5099D9A2CC18,English,2013-04-02,,,,http://creativecommons.org/licenses/by/4.0,Missouri Botanical Garden,Missouri Botanical Garden
wfo-0000281633,Tree,habit,6CE84994-B7F8-450D-BA4B-F0F94E2B1487,English,2013-04-02,,,,http://creativecommons.org/licenses/by/4.0,Missouri Botanical Garden,Missouri Botanical Garden
wfo-0000496036,herb or subshrub,habit,4C213543-17C8-4C8A-9615-B4575849F70B,English,2013-08-16,,,,http://creativecommons.org/licenses/by/4.0,Missouri Botanical Garden,Missouri Botanical Garden
wfo-0000281653,Tree,habit,9F7EBCA9-0F04-4D7B-B1BE-EF0E190612D1,English,2013-04-02,,,,http://creativecommons.org/licenses/by/4.0,Missouri Botanical Garden,Missouri Botanical Garden
wfo-0000281739,Tree,habit,98DEA919-60FA-47D0-897F-46981BC59CF3,English,2013-04-02,,,,http://creativecommons.org/licenses/by/4.0,Missouri Botanical Garden,Missouri Botanical Garden
wfo-4000007500,vines,habit,"0903C284-ED82-4404-BFA1-6A2B9FAD1DFB,38F3EE18-9ACF-4C11-BA81-45EE83BAA7D3",English,2013-09-25,,,,http://creativecommons.org/licenses/by/4.0,Missouri Botanical Garden,Missouri Botanical Garden
wfo-0000281755,Tree,habit,244DDDEE-F906-4508-83D7-5624705D7FB3,English,2013-04-02,,,,http://creativecommons.org/licenses/by/4.0,Missouri Botanical Garden,Missouri Botanical Garden
wfo-0000281872,Tree,habit,3503C703-0C40-4BE5-AC19-9285B20AB627,English,2013-04-02,,,,http://creativecommons.org/licenses/by/4.0,Missouri Botanical Garden,Missouri Botanical Garden
wfo-0000726243,climbers shrubs,habit,DD0E5634-CCF8-44AB-A65E-EDA34A95E1A3,English,2012-11-13,,,,http://creativecommons.org/licenses/by/4.0,Missouri Botanical Garden,Missouri Botanical Garden
wfo-0000282083,Tree,habit,DA148636-3A81-4A64-9DA6-77E6D86046C2,English,2013-04-02,,,,http://creativecommons.org/licenses/by/4.0,Missouri Botanical Garden,Missouri Botanical Garden
wfo-0000282123,Tree,habit,252E9ACD-C4A4-4919-A940-24DEB2722E96,English,2013-04-02,,,,http://creativecommons.org/licenses/by/4.0,Missouri Botanical Garden,Missouri Botanical Garden
wfo-0000282126,Tree,habit,6F23C33C-C94A-4ED7-A2F2-EB84F9FD2D2B,English,2013-04-02,,,,http://creativecommons.org/licenses/by/4.0,Missouri Botanical Garden,Missouri Botanical Garden
wfo-4000007910,Trees,habit,"9F6945A3-9EE2-41F5-9309-473B95B06CD7,D3ED676E-ACD4-483F-8E00-D2EE2D0F6DFB",English,2013-07-08,,,,http://creativecommons.org/licenses/by/4.0,Missouri Botanical Garden,Missouri Botanical Garden
wfo-0000282131,Tree,habit,1EFDAC37-B4B0-4817-B3EA-681FA86AB928,English,2013-04-02,,,,http://creativecommons.org/licenses/by/4.0,Missouri Botanical Garden,Missouri Botanical Garden
wfo-0000856880,Tree,habit,BE3B7C37-03D4-4E66-B24F-536192B0B482,English,2013-04-02,,,,http://creativecommons.org/licenses/by/4.0,Missouri Botanical Garden,Missouri Botanical Garden
wfo-0000854556,Tree,habit,EBF5544B-5637-4D6B-8DD3-46986D2AD00E,English,2013-04-02,,,,http://creativecommons.org/licenses/by/4.0,Missouri Botanical Garden,Missouri Botanical Garden
wfo-0001135435,climbers shrubs,habit,B51784BE-4581-404D-9C96-737DB923486E,English,2012-11-13,,,,http://creativecommons.org/licenses/by/4.0,Missouri Botanical Garden,Missouri Botanical Garden
wfo-0000726241,climbers shrubs,habit,461A2157-19EE-47B7-B053-A96C5470986D,English,2012-11-13,,,,http://creativecommons.org/licenses/by/4.0,Missouri Botanical Garden,Missouri Botanical Garden
wfo-0000396064,tree,habit,ABA12746-E2E8-4AA2-9FC7-33D3C0074C64,English,2012-11-13,,,,http://creativecommons.org/licenses/by/4.0,Missouri Botanical Garden,Missouri Botanical Garden
wfo-0000680325,tree,habit,2C728B08-C1F3-4D50-B690-0721F017B93D,English,2012-11-13,,,,http://creativecommons.org/licenses/by/4.0,Missouri Botanical Garden,Missouri Botanical Garden
wfo-0000647394,herbs,habit,18322D86-0D0D-44F4-868A-173777FC0654,English,2013-08-15,,,,http://creativecommons.org/licenses/by/4.0,Missouri Botanical Garden,Missouri Botanical Garden
wfo-0000464211,herbs,habit,6E934F70-6DBA-4021-A18D-294B6EF4C44F,English,2013-08-15,,,,http://creativecommons.org/licenses/by/4.0,Missouri Botanical Garden,Missouri Botanical Garden
wfo-0000464225,herbs,habit,74D9987D-CD81-405D-97C9-ADB5F6634229,English,2013-08-16,,,,http://creativecommons.org/licenses/by/4.0,Missouri Botanical Garden,Missouri Botanical Garden
wfo-0000495138,herbs or weak shrubs,habit,3B634E97-EAA5-4698-9EC4-95924A9A46D5,English,2013-08-16,,,,http://creativecommons.org/licenses/by/4.0,Missouri Botanical Garden,Missouri Botanical Garden
wfo-0000419753,herbs,habit,195C2DF8-8AEA-4164-B77B-6B71616E61FA,English,2013-08-16,,,,http://creativecommons.org/licenses/by/4.0,Missouri Botanical Garden,Missouri Botanical Garden
wfo-0000579709,herb,habit,284D5D18-F17B-4695-A2F3-BE900C571A5A,English,2013-08-15,,,,http://creativecommons.org/licenses/by/4.0,Missouri Botanical Garden,Missouri Botanical Garden
wfo-0000458503,herb,habit,208564EF-F57C-4BB7-86C6-7DAE8F0E4DFF,English,2013-08-16,,,,http://creativecommons.org/licenses/by/4.0,Missouri Botanical Garden,Missouri Botanical Garden
wfo-0000558324,herbs,habit,18EDBFAD-5541-4F84-A9EF-C6725A803378,English,2013-08-14,,,,http://creativecommons.org/licenses/by/4.0,Missouri Botanical Garden,Missouri Botanical Garden
wfo-0001136650,herbs,habit,12DE7578-37E0-41A3-BF6F-C9869DBC6A87,English,2013-08-15,,,,http://creativecommons.org/licenses/by/4.0,Missouri Botanical Garden,Missouri Botanical Garden
wfo-0000573756,herb,habit,D6889C6B-C060-44C9-AA33-2D981CC74BDC,English,2013-08-15,,,,http://creativecommons.org/licenses/by/4.0,Missouri Botanical Garden,Missouri Botanical Garden
wfo-0000585310,shrub,habit,638C69D5-09D0-492D-B25D-2F133180694F,English,2013-08-15,,,,http://creativecommons.org/licenses/by/4.0,Missouri Botanical Garden,Missouri Botanical Garden
wfo-0000450898,herbs,habit,3ED378C2-872A-4DC3-88E6-FF0D7400C47D,English,2013-08-15,,,,http://creativecommons.org/licenses/by/4.0,Missouri Botanical Garden,Missouri Botanical Garden
wfo-0000495560,herbs,habit,BFDF2DF4-70B6-4090-81F0-902D3FC7A8CA,English,2013-08-16,,,,http://creativecommons.org/licenses/by/4.0,Missouri Botanical Garden,Missouri Botanical Garden
wfo-0000495217,herbs,habit,1B068CE5-F805-4D51-B8D2-AB16DDA28496,English,2013-08-16,,,,http://creativecommons.org/licenses/by/4.0,Missouri Botanical Garden,Missouri Botanical Garden
wfo-0000446428,herbs,habit,758D4002-E743-4C12-A835-12B1589B1403,English,2013-08-15,,,,http://creativecommons.org/licenses/by/4.0,Missouri Botanical Garden,Missouri Botanical Garden
wfo-0000446460,herbs,habit,3681174B-59C0-414B-A3BA-8CD8DF320A82,English,2013-08-15,,,,http://creativecommons.org/licenses/by/4.0,Missouri Botanical Garden,Missouri Botanical Garden
wfo-0000446473,herbs,habit,463DF867-B868-4E82-8426-A63ABA088850,English,2013-08-15,,,,http://creativecommons.org/licenses/by/4.0,Missouri Botanical Garden,Missouri Botanical Garden
wfo-0000446478,herbs,habit,FF5F1C54-9274-4A1F-905E-07C2B09F8A95,English,2013-08-15,,,,http://creativecommons.org/licenses/by/4.0,Missouri Botanical Garden,Missouri Botanical Garden
wfo-0000558320,herbs,habit,064351AF-CAAC-4BC1-B1B5-0FF9EFBBBAB7,English,2013-08-14,,,,http://creativecommons.org/licenses/by/4.0,Missouri Botanical Garden,Missouri Botanical Garden
wfo-0000590070,herb,habit,F3B1EF6A-4856-456A-B6C7-3442EC4980A1,English,2013-08-15,,,,http://creativecommons.org/licenses/by/4.0,Missouri Botanical Garden,Missouri Botanical Garden
wfo-0000680739,herbs,habit,2E181A02-B7B0-4E37-B1CB-CC29924345F6,English,2013-08-15,,,,http://creativecommons.org/licenses/by/4.0,Missouri Botanical Garden,Missouri Botanical Garden
wfo-0000522779,herbs,habit,A222FF57-5AC2-41FD-AB9B-9DCC501357FC,English,2013-08-14,,,,http://creativecommons.org/licenses/by/4.0,Missouri Botanical Garden,Missouri Botanical Garden
wfo-0000525371,herbs,habit,40BB6176-32CF-44B2-8570-888526A7673D,English,2013-08-14,,,,http://creativecommons.org/licenses/by/4.0,Missouri Botanical Garden,Missouri Botanical Garden
wfo-4000001142,herbs,habit,"E0E95782-0301-495F-B5BD-F2D2B733A8D6,CC4BED2A-B431-419A-ADD7-F7FBB87CA50A",English,2013-08-14,,,,http://creativecommons.org/licenses/by/4.0,Missouri Botanical Garden,Missouri Botanical Garden
wfo-0000558212,herbs,habit,07E7B3E7-6228-45B7-98FA-1BEDC25A5051,English,2013-08-14,,,,http://creativecommons.org/licenses/by/4.0,Missouri Botanical Garden,Missouri Botanical Garden
wfo-0000558288,herbs,habit,D28A4CD8-F0CF-4D8E-820D-E57A08766065,English,2013-08-14,,,,http://creativecommons.org/licenses/by/4.0,Missouri Botanical Garden,Missouri Botanical Garden
wfo-0000558332,herbs,habit,6CD3BA26-8347-474C-8A49-86CE93E06792,English,2013-08-14,,,,http://creativecommons.org/licenses/by/4.0,Missouri Botanical Garden,Missouri Botanical Garden
wfo-0000562565,herbs,habit,3C5B7497-538D-4184-95D5-9BE398FD0BF3,English,2013-08-14,,,,http://creativecommons.org/licenses/by/4.0,Missouri Botanical Garden,Missouri Botanical Garden
wfo-0001019708,herb,habit,CAF00052-44D2-4ABB-93D7-0E4BDBFFD555,English,2013-05-15,,,,http://creativecommons.org/licenses/by/4.0,Missouri Botanical Garden,Missouri Botanical Garden
wfo-0000573805,herb,habit,A73735BF-9751-4741-9554-0DDD8819C191,English,2013-08-15,,,,http://creativecommons.org/licenses/by/4.0,Missouri Botanical Garden,Missouri Botanical Garden
wfo-4000008752,trees,habit,7B9A4D1E-0296-409E-9A09-CE99AF303158,English,2013-03-14,,,,http://creativecommons.org/licenses/by/4.0,Missouri Botanical Garden,Missouri Botanical Garden
wfo-0000579622,herb,habit,6B04902B-9163-4AB2-8049-6C94B1069D6B,English,2013-08-15,,,,http://creativecommons.org/licenses/by/4.0,Missouri Botanical Garden,Missouri Botanical Garden
wfo-0000579824,herb,habit,1F94B2B5-DEBF-4EDE-901C-29C0400498F4,English,2013-08-15,,,,http://creativecommons.org/licenses/by/4.0,Missouri Botanical Garden,Missouri Botanical Garden
wfo-0000585346,Shrub,habit,27B1DFCA-333B-48DD-A7AE-165E1DBFA270,English,2013-08-15,,,,http://creativecommons.org/licenses/by/4.0,Missouri Botanical Garden,Missouri Botanical Garden
wfo-0000590500,herb or shrub,habit,8968657E-FD56-46CE-BC12-80867215DA92,English,2013-08-15,,,,http://creativecommons.org/licenses/by/4.0,Missouri Botanical Garden,Missouri Botanical Garden
wfo-0000445578,herbs or shrubs,habit,86E595F9-772D-401C-ADE3-4D039BC79CBC,English,2013-08-15,,,,http://creativecommons.org/licenses/by/4.0,Missouri Botanical Garden,Missouri Botanical Garden
wfo-0000451355,herbs,habit,9E318FC9-723C-4315-9A2C-7B2C4013E0E4,English,2013-08-15,,,,http://creativecommons.org/licenses/by/4.0,Missouri Botanical Garden,Missouri Botanical Garden
wfo-0000445638,herbs or shrubs,habit,532484D0-A4C8-4CB9-81BD-E540D73A438D,English,2013-08-15,,,,http://creativecommons.org/licenses/by/4.0,Missouri Botanical Garden,Missouri Botanical Garden
wfo-0000445541,herbs or shrubs,habit,E5503FF7-EFA8-46C5-90F7-031A5CF05CA6,English,2013-08-15,,,,http://creativecommons.org/licenses/by/4.0,Missouri Botanical Garden,Missouri Botanical Garden
wfo-0001137219,herbs,habit,F6B94A26-B2DE-430D-AD8E-18A1B8CB7E8E,English,2013-08-16,,,,http://creativecommons.org/licenses/by/4.0,Missouri Botanical Garden,Missouri Botanical Garden
wfo-0000496041,herbs,habit,8F6CA8BD-7934-40DA-9F43-A1A6B6D1043C,English,2013-08-16,,,,http://creativecommons.org/licenses/by/4.0,Missouri Botanical Garden,Missouri Botanical Garden
wfo-0001137220,herbs,habit,3E4D626D-89F2-454F-A4CD-F71FC987831B,English,2013-08-16,,,,http://creativecommons.org/licenses/by/4.0,Missouri Botanical Garden,Missouri Botanical Garden
wfo-0000458587,herb,habit,2217E1F4-D620-4B07-A356-591DE51BD571,English,2013-08-16,,,,http://creativecommons.org/licenses/by/4.0,Missouri Botanical Garden,Missouri Botanical Garden
wfo-0000580038,herb,habit,EEF09C3F-1D83-469E-8CAB-8DAE2969E4FA,English,2013-08-15,,,,http://creativecommons.org/licenses/by/4.0,Missouri Botanical Garden,Missouri Botanical Garden
wfo-0000425848,herbs,habit,410F1E14-894E-4544-A920-4CB6AC1EFB1D,English,2013-08-16,,,,http://creativecommons.org/licenses/by/4.0,Missouri Botanical Garden,Missouri Botanical Garden
wfo-0000558282,herbs,habit,3A465DF3-9B14-4AB2-BDD9-3231981063DE,English,2013-08-14,,,,http://creativecommons.org/licenses/by/4.0,Missouri Botanical Garden,Missouri Botanical Garden
wfo-4000015241,herbs or vines,habit,"21F239D1-FE4B-429A-9193-20B37A416E30,A35DD404-572C-41EE-9A41-70F7F7B50484",English,2013-09-04,,,,http://creativecommons.org/licenses/by/4.0,Missouri Botanical Garden,Missouri Botanical Garden
wfo-0001140326,Small trees,habit,9D7B9D0B-ADAC-4F04-B22A-9178E77C75CB,English,2013-05-09,,,,http://creativecommons.org/licenses/by/4.0,Missouri Botanical Garden,Missouri Botanical Garden
wfo-0000474800,shrubs or small trees,habit,FCA19264-F089-4AE4-BE8B-DDD5E9C6D240,English,2013-05-09,,,,http://creativecommons.org/licenses/by/4.0,Missouri Botanical Garden,Missouri Botanical Garden
wfo-0000492139,Trees,habit,5CD1EE9C-0B39-419F-B6CD-ED6775768465,English,2013-05-09,,,,http://creativecommons.org/licenses/by/4.0,Missouri Botanical Garden,Missouri Botanical Garden
wfo-0000474794,Shrubs or small trees,habit,A477F245-5FB4-4D88-B1C8-68E7F82B4195,English,2013-05-09,,,,http://creativecommons.org/licenses/by/4.0,Missouri Botanical Garden,Missouri Botanical Garden
wfo-0000474779,Small trees,habit,245257AF-032F-4B1A-9BB0-892C8D387A40,English,2013-05-09,,,,http://creativecommons.org/licenses/by/4.0,Missouri Botanical Garden,Missouri Botanical Garden
wfo-0001140368,Shrubs or small trees,habit,2D300097-1896-4EBA-8D12-A6AEC6E4F79D,English,2013-05-09,,,,http://creativecommons.org/licenses/by/4.0,Missouri Botanical Garden,Missouri Botanical Garden
wfo-4000030585,Trees or shrubs,habit,FFB9E2F0-BCC8-4E08-AA14-7887A4D83907,English,2013-09-12,,,,http://creativecommons.org/licenses/by/4.0,Missouri Botanical Garden,Missouri Botanical Garden
wfo-0001140369,Shrubs or small trees,habit,2152050F-AE83-4AE9-A3B5-20D43415083F,English,2013-05-09,,,,http://creativecommons.org/licenses/by/4.0,Missouri Botanical Garden,Missouri Botanical Garden
wfo-0000492107,Shrubs or trees,habit,3BEC60E5-5CD4-4E2C-8520-A590D3E79CE9,English,2013-05-09,,,,http://creativecommons.org/licenses/by/4.0,Missouri Botanical Garden,Missouri Botanical Garden
wfo-0000733354,shrubs or small trees,habit,084D3478-E5B9-4E87-A863-67A9B0BCE8C7,English,2013-05-09,,,,http://creativecommons.org/licenses/by/4.0,Missouri Botanical Garden,Missouri Botanical Garden
wfo-0001021339,shrub,habit,332FDC7F-EC8D-4951-B046-A3C8C8D849D9,English,2013-05-15,,,,http://creativecommons.org/licenses/by/4.0,Missouri Botanical Garden,Missouri Botanical Garden
wfo-0001021374,herb,habit,8F44F444-F196-4F3B-97DC-0FAFE321BDED,English,2013-05-15,,,,http://creativecommons.org/licenses/by/4.0,Missouri Botanical Garden,Missouri Botanical Garden
wfo-0001025878,herb,habit,869CFF7A-E05F-4861-B2ED-9F0895CC5D58,English,2013-05-16,,,,http://creativecommons.org/licenses/by/4.0,Missouri Botanical Garden,Missouri Botanical Garden
wfo-0001028425,Shrub or small tree,habit,EA8B2FE4-97DD-4CE0-8136-4F0B18ECFDC0,English,2013-05-16,,,,http://creativecommons.org/licenses/by/4.0,Missouri Botanical Garden,Missouri Botanical Garden
wfo-0001029340,Herb or shrub,habit,C50D50D6-CA5F-48FD-8A16-1FF869951908,English,2013-05-16,,,,http://creativecommons.org/licenses/by/4.0,Missouri Botanical Garden,Missouri Botanical Garden
wfo-4000001824,herbs,habit,"90406A1E-FF24-45F3-8596-0DA72838D57F,FBA57BE8-D26E-44A1-9549-844C0FA05227",English,2013-04-08,,,,http://creativecommons.org/licenses/by/4.0,Missouri Botanical Garden,Missouri Botanical Garden
wfo-0001029464,herb,habit,839F21BD-3ECF-42B5-A523-E5CFA630A1AE,English,2013-05-16,,,,http://creativecommons.org/licenses/by/4.0,Missouri Botanical Garden,Missouri Botanical Garden
wfo-4000001952,shrubs,habit,641BF876-00F8-4AAC-BAA5-27E656054CD0,English,2012-11-20,,,,http://creativecommons.org/licenses/by/4.0,Missouri Botanical Garden,Missouri Botanical Garden
wfo-0001031795,Shrub or tree,habit,55A23F35-BE61-4176-B904-73096CA42696,English,2013-05-16,,,,http://creativecommons.org/licenses/by/4.0,Missouri Botanical Garden,Missouri Botanical Garden
wfo-0001019827,tree,habit,ED3C152B-A9B6-4023-969A-3772A144E8C3,English,2013-05-15,,,,http://creativecommons.org/licenses/by/4.0,Missouri Botanical Garden,Missouri Botanical Garden
wfo-0001028424,Shrub or small tree,habit,0406FE87-9C68-4831-87FC-7C9E0C6B2664,English,2013-05-15,,,,http://creativecommons.org/licenses/by/4.0,Missouri Botanical Garden,Missouri Botanical Garden
wfo-4000002157,vines,habit,08C023FE-8D68-4D17-BFCF-B7F7E868A68F,English,2013-05-31,,,,http://creativecommons.org/licenses/by/4.0,Missouri Botanical Garden,Missouri Botanical Garden
wfo-0001030278,Herb or shrub,habit,DBB279BE-070D-42AC-87C2-AE2CBE833EA8,English,2013-05-16,,,,http://creativecommons.org/licenses/by/4.0,Missouri Botanical Garden,Missouri Botanical Garden
wfo-0001030583,shrub,habit,29E56F4E-2EA1-4F00-9324-D88A86BA99BA,English,2013-05-16,,,,http://creativecommons.org/licenses/by/4.0,Missouri Botanical Garden,Missouri Botanical Garden
wfo-0001030751,herb or small shrub,habit,10657934-55DB-44A5-8B9B-40AC69016F7F,English,2013-05-16,,,,http://creativecommons.org/licenses/by/4.0,Missouri Botanical Garden,Missouri Botanical Garden
wfo-0001031144,liana,habit,853D7679-DB3C-4DC5-A635-AE567913CFA6,English,2013-05-17,,,,http://creativecommons.org/licenses/by/4.0,Missouri Botanical Garden,Missouri Botanical Garden
wfo-0001020288,Shrub or tree,habit,B5DF8BE9-E698-4589-9D95-68A3F7B49165,English,2013-05-15,,,,http://creativecommons.org/licenses/by/4.0,Missouri Botanical Garden,Missouri Botanical Garden
wfo-4000031192,Herb,habit,E9108775-15A8-452C-81F8-B2E39E047AC0,English,2013-05-10,,,,http://creativecommons.org/licenses/by/4.0,Missouri Botanical Garden,Missouri Botanical Garden
wfo-0001020627,Shrub or tree,habit,1BFA3BB6-19A8-4281-A0DF-CF8DCF6DF1DD,English,2013-05-15,,,,http://creativecommons.org/licenses/by/4.0,Missouri Botanical Garden,Missouri Botanical Garden
wfo-4000016086,Lianas shrubs,habit,5A7A8357-3FB0-4826-B263-BFD8E9A97D1A,English,2013-05-08,,,,http://creativecommons.org/licenses/by/4.0,Missouri Botanical Garden,Missouri Botanical Garden
wfo-0001020688,Shrub or tree,habit,233B4572-D66B-4007-B02E-53A40142D9B9,English,2013-05-15,,,,http://creativecommons.org/licenses/by/4.0,Missouri Botanical Garden,Missouri Botanical Garden
wfo-0001020833,Shrub or tree,habit,BD4E4FA4-3B63-4B3C-9798-9B1A55C129A1,English,2013-05-15,,,,http://creativecommons.org/licenses/by/4.0,Missouri Botanical Garden,Missouri Botanical Garden
wfo-0001020842,Shrub or woody vine,habit,444CDEE9-CD2E-4280-B412-34FC530EB941,English,2013-05-15,,,,http://creativecommons.org/licenses/by/4.0,Missouri Botanical Garden,Missouri Botanical Garden
wfo-4000009788,"Trees, shrubs, or herbs",habit,"10BB3F8D-EA91-4119-9736-A90E916B198C,2EE5DB03-222F-4440-820F-688D21CEE5FA",English,2013-03-18,,,,http://creativecommons.org/licenses/by/4.0,Missouri Botanical Garden,Missouri Botanical Garden
wfo-0001020871,shrub,habit,7E3A9608-9478-4033-9BD9-03145DFC0CDA,English,2013-05-15,,,,http://creativecommons.org/licenses/by/4.0,Missouri Botanical Garden,Missouri Botanical Garden
wfo-0001026310,Shrub,habit,8239A09A-994C-4B8F-B250-87121FBFCEB6,English,2013-05-16,,,,http://creativecommons.org/licenses/by/4.0,Missouri Botanical Garden,Missouri Botanical Garden
wfo-0001020903,Shrub or small tree,habit,C36314C5-6FE1-4246-AB35-DAC5F90FF560,English,2013-05-15,,,,http://creativecommons.org/licenses/by/4.0,Missouri Botanical Garden,Missouri Botanical Garden
wfo-0001022075,Vine or shrub,habit,741F1232-6AEA-47E5-AD0E-D4ABD54E8DB2,English,2013-05-15,,,,http://creativecommons.org/licenses/by/4.0,Missouri Botanical Garden,Missouri Botanical Garden
wfo-0001022209,woody vine,habit,7E7441EC-A5F2-4949-836E-847AEB957B0F,English,2013-05-15,,,,http://creativecommons.org/licenses/by/4.0,Missouri Botanical Garden,Missouri Botanical Garden
wfo-0001022550,Shrub or tree,habit,A051C391-EA0E-46E3-A1A5-F9F45F126216,English,2013-05-15,,,,http://creativecommons.org/licenses/by/4.0,Missouri Botanical Garden,Missouri Botanical Garden
wfo-0001025685,Shrub or small tree,habit,D5F73B6A-39DB-4F11-9333-3B2D93898754,English,2013-05-15,,,,http://creativecommons.org/licenses/by/4.0,Missouri Botanical Garden,Missouri Botanical Garden
wfo-0001025689,Herb,habit,A20D3500-940E-46B9-8BDA-AAEB4B6704DF,English,2013-05-16,,,,http://creativecommons.org/licenses/by/4.0,Missouri Botanical Garden,Missouri Botanical Garden
wfo-0001025907,Herb,habit,CFC7BD14-55D1-4535-A63B-6E73FA9E9E02,English,2013-05-16,,,,http://creativecommons.org/licenses/by/4.0,Missouri Botanical Garden,Missouri Botanical Garden
wfo-0001026875,Herb or vine,habit,0F5307A0-D336-46B2-9829-90B0AC2D41ED,English,2013-05-17,,,,http://creativecommons.org/licenses/by/4.0,Missouri Botanical Garden,Missouri Botanical Garden
wfo-0001027850,Shrub,habit,074C5499-0D28-4154-A13A-54CFAEF790CC,English,2013-05-15,,,,http://creativecommons.org/licenses/by/4.0,Missouri Botanical Garden,Missouri Botanical Garden
wfo-0001027891,shrub,habit,3C38F712-1FD3-4383-82C4-C0A21D914582,English,2013-05-16,,,,http://creativecommons.org/licenses/by/4.0,Missouri Botanical Garden,Missouri Botanical Garden
wfo-4000002634,Shrubs or suffrutescent herbs,habit,"42B81681-3500-4559-9416-D7EE256CC8E6,B2526DE4-59DD-4886-B936-F180DD5DFE12",English,2013-07-25,,,,http://creativecommons.org/licenses/by/4.0,Missouri Botanical Garden,Missouri Botanical Garden
wfo-4000016309,Trees or shrubs,habit,0A7AB3CC-D4BE-4C94-BE68-ADFEA6551D1F,English,2013-03-07,,,,http://creativecommons.org/licenses/by/4.0,Missouri Botanical Garden,Missouri Botanical Garden
wfo-0001027968,Herb or small shrub,habit,E540584D-D12C-4878-84F4-5F4CFFC4664A,English,2013-05-15,,,,http://creativecommons.org/licenses/by/4.0,Missouri Botanical Garden,Missouri Botanical Garden
wfo-0001028688,Shrub,habit,16261A33-C1E9-4747-BC45-8243E4AB140C,English,2013-05-17,,,,http://creativecommons.org/licenses/by/4.0,Missouri Botanical Garden,Missouri Botanical Garden
wfo-0001029804,herb,habit,4BBC7915-91DD-4B3A-B3BF-2C088A52CF9D,English,2013-05-16,,,,http://creativecommons.org/licenses/by/4.0,Missouri Botanical Garden,Missouri Botanical Garden
wfo-0001028703,Liana,habit,D0CD4F1D-81C5-44B7-8039-E74FAC974F61,English,2013-05-16,,,,http://creativecommons.org/licenses/by/4.0,Missouri Botanical Garden,Missouri Botanical Garden
wfo-0001029980,Shrub or tree,habit,B98F61B9-6988-49AF-B8CC-49B794780DF8,English,2013-05-17,,,,http://creativecommons.org/licenses/by/4.0,Missouri Botanical Garden,Missouri Botanical Garden
wfo-0001031114,Shrub or tree,habit,AAC54B85-75C5-484D-AC4E-2360A56FCCC5,English,2013-05-16,,,,http://creativecommons.org/licenses/by/4.0,Missouri Botanical Garden,Missouri Botanical Garden
wfo-0001031492,Shrub or tree,habit,6E3CE429-8152-47CC-ADE4-9493483345FF,English,2013-05-16,,,,http://creativecommons.org/licenses/by/4.0,Missouri Botanical Garden,Missouri Botanical Garden
wfo-4000039133,herbs,habit,C94F4D65-91A8-4254-902F-130EEF2CDDFE,English,2013-10-01,,,,http://creativecommons.org/licenses/by/4.0,Missouri Botanical Garden,Missouri Botanical Garden
wfo-0001032876,Shrub or tree,habit,F6EB03CE-FF1D-4106-90A4-83A5784120D0,English,2013-05-17,,,,http://creativecommons.org/licenses/by/4.0,Missouri Botanical Garden,Missouri Botanical Garden
wfo-0001032882,"Herbs, shrubs or trees",habit,F9D71C7B-1527-4D37-9545-D8AC584DFDB9,English,2013-05-17,,,,http://creativecommons.org/licenses/by/4.0,Missouri Botanical Garden,Missouri Botanical Garden
wfo-0001032888,Shrub or tree,habit,638D1BB3-B3F6-4296-88B5-BC06521317AC,English,2013-05-17,,,,http://creativecommons.org/licenses/by/4.0,Missouri Botanical Garden,Missouri Botanical Garden
wfo-0001020394,shrub,habit,526925ED-68BD-4267-81D4-CB5B0AA54E3C,English,2013-05-15,,,,http://creativecommons.org/licenses/by/4.0,Missouri Botanical Garden,Missouri Botanical Garden
wfo-0001020614,Tree,habit,6695D88D-0B5E-4B2B-98B3-EE787D475CF4,English,2013-05-15,,,,http://creativecommons.org/licenses/by/4.0,Missouri Botanical Garden,Missouri Botanical Garden
wfo-0001020900,Shrub or tree,habit,EFEE91D1-B1F2-44B8-BBEB-DBC2671CB2C3,English,2013-05-15,,,,http://creativecommons.org/licenses/by/4.0,Missouri Botanical Garden,Missouri Botanical Garden
wfo-0001020808,shrub or tree,habit,CB4CE91F-48B7-4A44-B55D-0376F125242B,English,2013-05-15,,,,http://creativecommons.org/licenses/by/4.0,Missouri Botanical Garden,Missouri Botanical Garden
wfo-0001020728,Shrub or tree,habit,32D4C989-75E1-4AF2-B141-9CDA6E97C2BB,English,2013-05-15,,,,http://creativecommons.org/licenses/by/4.0,Missouri Botanical Garden,Missouri Botanical Garden
wfo-0001020858,Shrub,habit,C80724BE-F555-42AA-831A-98DF0401300B,English,2013-05-15,,,,http://creativecommons.org/licenses/by/4.0,Missouri Botanical Garden,Missouri Botanical Garden
wfo-0001025606,hemi-epiphyte shrub,habit,A546306E-0E47-42F1-86DD-85CEFF7DF54B,English,2013-05-15,,,,http://creativecommons.org/licenses/by/4.0,Missouri Botanical Garden,Missouri Botanical Garden
wfo-0001023548,Shrub,habit,F2B3D70C-D5DE-4448-9861-25BBED38CE13,English,2013-05-15,,,,http://creativecommons.org/licenses/by/4.0,Missouri Botanical Garden,Missouri Botanical Garden
wfo-0001025619,hemi-epiphyte,habit,696F4112-78BE-4DFD-8BC1-ED24F059461F,English,2013-05-15,,,,http://creativecommons.org/licenses/by/4.0,Missouri Botanical Garden,Missouri Botanical Garden
wfo-0001020090,Small shrub,habit,83EEA156-6861-4388-85A1-0F5F68F73503,English,2013-05-15,,,,http://creativecommons.org/licenses/by/4.0,Missouri Botanical Garden,Missouri Botanical Garden
wfo-0001023306,herbs,habit,F5D2B7F4-3EA5-4037-9588-B5DE8A6CD715,English,2013-05-15,,,,http://creativecommons.org/licenses/by/4.0,Missouri Botanical Garden,Missouri Botanical Garden
wfo-0001024504,Herb or low shrub,habit,56617B9B-E708-416A-AA60-77B30AEF5F5E,English,2013-05-15,,,,http://creativecommons.org/licenses/by/4.0,Missouri Botanical Garden,Missouri Botanical Garden
wfo-0001024643,herb,habit,FE493D58-7562-4105-93DD-AD53BC2912A3,English,2013-05-15,,,,http://creativecommons.org/licenses/by/4.0,Missouri Botanical Garden,Missouri Botanical Garden
wfo-0001026254,Shrub or tree,habit,7CAABFEB-EEE2-4AA1-8280-6C0F1602E261,English,2013-05-16,,,,http://creativecommons.org/licenses/by/4.0,Missouri Botanical Garden,Missouri Botanical Garden
wfo-0001028736,shrub,habit,EBD67A77-8E85-40B4-9068-A2AC11C3778D,English,2013-05-15,,,,http://creativecommons.org/licenses/by/4.0,Missouri Botanical Garden,Missouri Botanical Garden
wfo-0001030941,Shrub or tree,habit,E4CDDF73-B101-4820-9753-62B13389EE3E,English,2013-05-16,,,,http://creativecommons.org/licenses/by/4.0,Missouri Botanical Garden,Missouri Botanical Garden
wfo-0001020046,shrub,habit,E612823B-C16B-4B54-8F76-8554C37E7083,English,2013-05-15,,,,http://creativecommons.org/licenses/by/4.0,Missouri Botanical Garden,Missouri Botanical Garden
wfo-0001022039,Herb,habit,E852C7E0-70DD-46F3-AA53-66AC160E2447,English,2013-05-15,,,,http://creativecommons.org/licenses/by/4.0,Missouri Botanical Garden,Missouri Botanical Garden
wfo-0001020624,Shrub,habit,B92F7FBF-5773-48F5-8C2E-CF7E046F97F6,English,2013-05-15,,,,http://creativecommons.org/licenses/by/4.0,Missouri Botanical Garden,Missouri Botanical Garden
wfo-0001020653,shrub or small tree,habit,3F04CE20-320C-454C-B297-E901927A8595,English,2013-05-15,,,,http://creativecommons.org/licenses/by/4.0,Missouri Botanical Garden,Missouri Botanical Garden
wfo-0001032849,herb,habit,DF8B96EA-0EAD-4E9D-A0E4-F8AE0664844F,English,2013-05-17,,,,http://creativecommons.org/licenses/by/4.0,Missouri Botanical Garden,Missouri Botanical Garden
wfo-0001032817,Herb or shrub,habit,3CD0A27F-6805-46F4-9472-BFF646FFEA95,English,2013-05-17,,,,http://creativecommons.org/licenses/by/4.0,Missouri Botanical Garden,Missouri Botanical Garden
wfo-0001140704,Tree,habit,"D0BA3522-972C-4A5C-ADB0-C2F24BC9D514,3B365B73-345C-48B0-83BE-742962061503",English,2013-01-29,,,,http://creativecommons.org/licenses/by/4.0,Missouri Botanical Garden,Missouri Botanical Garden
wfo-0001032810,Herb or shrub,habit,E8F3296F-4933-43E1-A227-DCBD7A5A4B7D,English,2013-05-17,,,,http://creativecommons.org/licenses/by/4.0,Missouri Botanical Garden,Missouri Botanical Garden
wfo-0001022342,Shrub,habit,46CE0E30-C6AB-418D-9AC7-B30BA7739BC3,English,2013-05-15,,,,http://creativecommons.org/licenses/by/4.0,Missouri Botanical Garden,Missouri Botanical Garden
wfo-0001021411,shrub or herb,habit,559D399D-9055-4B71-9D48-3AE99774ABBA,English,2013-05-15,,,,http://creativecommons.org/licenses/by/4.0,Missouri Botanical Garden,Missouri Botanical Garden
wfo-0001032800,herb or shrub,habit,96B8444C-E158-43AC-B2F9-28CE0D8C2EC7,English,2013-05-17,,,,http://creativecommons.org/licenses/by/4.0,Missouri Botanical Garden,Missouri Botanical Garden
wfo-0001032804,Shrub,habit,0EA60E97-2EBD-4147-AAFF-CB5CDBCEF8CE,English,2013-05-17,,,,http://creativecommons.org/licenses/by/4.0,Missouri Botanical Garden,Missouri Botanical Garden
wfo-0001032814,Herb,habit,5525302E-7C0A-4654-AE0E-45B07BDE79CD,English,2013-05-17,,,,http://creativecommons.org/licenses/by/4.0,Missouri Botanical Garden,Missouri Botanical Garden
wfo-0001032840,Herb or subshrub,habit,A709FFAD-436D-48E9-8551-A1CC429F5E11,English,2013-05-17,,,,http://creativecommons.org/licenses/by/4.0,Missouri Botanical Garden,Missouri Botanical Garden
wfo-0001019757,Shrub or tree,habit,8CEF1BCB-1EB2-4EFB-8F1D-77A67CFD164F,English,2013-05-15,,,,http://creativecommons.org/licenses/by/4.0,Missouri Botanical Garden,Missouri Botanical Garden
wfo-0001019911,shrub or tree,habit,C6B331B7-B0FF-40C0-865E-CF2BE2F545D2,English,2013-05-15,,,,http://creativecommons.org/licenses/by/4.0,Missouri Botanical Garden,Missouri Botanical Garden
wfo-0001019990,Herb shrub,habit,5BCE80C6-B211-40C0-9772-906091BFBA1D,English,2013-05-15,,,,http://creativecommons.org/licenses/by/4.0,Missouri Botanical Garden,Missouri Botanical Garden
wfo-0001019991,Herb or small shrub,habit,84DB30FD-93C4-459B-A6F9-B0CDF9BC76A1,English,2013-05-15,,,,http://creativecommons.org/licenses/by/4.0,Missouri Botanical Garden,Missouri Botanical Garden
wfo-0001022236,Tree,habit,69F9E533-FC25-495B-BB94-F309607585BC,English,2013-05-15,,,,http://creativecommons.org/licenses/by/4.0,Missouri Botanical Garden,Missouri Botanical Garden
wfo-0001021117,herb,habit,29DA793C-1EF0-464C-A999-F0A1EB99C0D1,English,2013-05-15,,,,http://creativecommons.org/licenses/by/4.0,Missouri Botanical Garden,Missouri Botanical Garden
wfo-0001021182,shrub or small tree,habit,6E0CABFF-1706-4FA8-90F2-18EB40A05157,English,2013-05-15,,,,http://creativecommons.org/licenses/by/4.0,Missouri Botanical Garden,Missouri Botanical Garden
wfo-0001022216,Herb or woody subshrub,habit,0E73629F-4334-4723-BE6C-2D64D8357804,English,2013-05-15,,,,http://creativecommons.org/licenses/by/4.0,Missouri Botanical Garden,Missouri Botanical Garden
wfo-0001022314,"Herb, shrub or tree",habit,B442DC0C-4E0F-4DAD-8715-1211AF6223DA,English,2013-05-15,,,,http://creativecommons.org/licenses/by/4.0,Missouri Botanical Garden,Missouri Botanical Garden
wfo-0001022357,shrub or vine,habit,D626AD32-2AAC-49A4-AA99-E36D4DE858EB,English,2013-05-15,,,,http://creativecommons.org/licenses/by/4.0,Missouri Botanical Garden,Missouri Botanical Garden
wfo-0001022359,Vine,habit,92C1DC26-4D8B-4287-866F-35A829893DA3,English,2013-05-15,,,,http://creativecommons.org/licenses/by/4.0,Missouri Botanical Garden,Missouri Botanical Garden
wfo-0001022438,Herb or shrub,habit,860019D8-6D77-42AA-B8AE-783FFFBDBE14,English,2013-05-15,,,,http://creativecommons.org/licenses/by/4.0,Missouri Botanical Garden,Missouri Botanical Garden
wfo-0001022485,Shrub or vine,habit,028E8F45-0A04-46C7-95D5-D6E6B0D764C3,English,2013-05-15,,,,http://creativecommons.org/licenses/by/4.0,Missouri Botanical Garden,Missouri Botanical Garden
wfo-0001023549,Shrub,habit,FF433D71-6568-4EAA-9CEE-35B8DDFB9314,English,2013-05-15,,,,http://creativecommons.org/licenses/by/4.0,Missouri Botanical Garden,Missouri Botanical Garden
wfo-0001023566,Shrub,habit,59490C02-0F2D-4DAC-ABA2-AACF57C4FFDA,English,2013-05-15,,,,http://creativecommons.org/licenses/by/4.0,Missouri Botanical Garden,Missouri Botanical Garden
wfo-0001024709,herb,habit,E6C0DA12-7E29-4666-B2A5-6C0AD6993B32,English,2013-05-15,,,,http://creativecommons.org/licenses/by/4.0,Missouri Botanical Garden,Missouri Botanical Garden
wfo-0001024740,Herb,habit,20124A51-BFB0-4CAE-86B3-F24DFEA47B4A,English,2013-05-15,,,,http://creativecommons.org/licenses/by/4.0,Missouri Botanical Garden,Missouri Botanical Garden
wfo-0001024845,herb,habit,4CFCDB3D-EC54-4C40-AC38-528BFC4F0227,English,2013-05-15,,,,http://creativecommons.org/licenses/by/4.0,Missouri Botanical Garden,Missouri Botanical Garden
wfo-0001024750,herb,habit,71B434E7-376D-44D8-A854-1406391A4A20,English,2013-05-15,,,,http://creativecommons.org/licenses/by/4.0,Missouri Botanical Garden,Missouri Botanical Garden
wfo-0000804356,"Shrub, or tree",habit,3505DA87-46AE-4074-B2F6-82207F15CAA1,English,2013-05-13,,,,http://creativecommons.org/licenses/by/4.0,Missouri Botanical Garden,Missouri Botanical Garden
wfo-0001024766,herb,habit,4535CEF2-0F19-4527-8C81-6CF30BD278BF,English,2013-05-15,,,,http://creativecommons.org/licenses/by/4.0,Missouri Botanical Garden,Missouri Botanical Garden
wfo-0001024903,herb,habit,745B647B-880A-45F6-9F1F-10A989159A15,English,2013-05-15,,,,http://creativecommons.org/licenses/by/4.0,Missouri Botanical Garden,Missouri Botanical Garden
wfo-0001024938,herb,habit,D92905CC-6C82-49B1-B9F5-51F62FB84701,English,2013-05-15,,,,http://creativecommons.org/licenses/by/4.0,Missouri Botanical Garden,Missouri Botanical Garden
wfo-4000024926,shrubs or small trees,habit,28041A8A-E8AA-40CE-A983-BC37845952EC,English,2013-04-02,,,,http://creativecommons.org/licenses/by/4.0,Missouri Botanical Garden,Missouri Botanical Garden
wfo-0001025162,Shrub,habit,B8355338-A357-43F3-9C17-E4A065185531,English,2013-05-15,,,,http://creativecommons.org/licenses/by/4.0,Missouri Botanical Garden,Missouri Botanical Garden
wfo-0000814999,Shrubs or small tree,habit,AFB3A606-67C4-42D7-8BE4-B20A851EC976,English,2013-05-13,,,,http://creativecommons.org/licenses/by/4.0,Missouri Botanical Garden,Missouri Botanical Garden
wfo-0001025432,herb,habit,348EE36B-1E6A-4A9B-B6C8-1DB03DBED18D,English,2013-05-15,,,,http://creativecommons.org/licenses/by/4.0,Missouri Botanical Garden,Missouri Botanical Garden
wfo-0001026821,herb or vine,habit,09D5E369-3EC4-43A5-B601-9A3B8FD817DD,English,2013-05-17,,,,http://creativecommons.org/licenses/by/4.0,Missouri Botanical Garden,Missouri Botanical Garden
wfo-0001027238,Shrub or tree,habit,33F3301B-59DC-4510-AB78-7ADC8651988E,English,2013-05-16,,,,http://creativecommons.org/licenses/by/4.0,Missouri Botanical Garden,Missouri Botanical Garden
wfo-0001030342,herb,habit,787FC67B-DEA8-4FED-9FFB-1F959906D0A2,English,2013-05-16,,,,http://creativecommons.org/licenses/by/4.0,Missouri Botanical Garden,Missouri Botanical Garden
wfo-0001027880,shrub or vine,habit,CC3C2CF6-5590-40ED-988D-A82D7ACE3DAB,English,2013-05-17,,,,http://creativecommons.org/licenses/by/4.0,Missouri Botanical Garden,Missouri Botanical Garden
wfo-0001028225,vine,habit,86A0EC6F-A8C4-4A0B-81A4-0F4D9F88C238,English,2013-05-17,,,,http://creativecommons.org/licenses/by/4.0,Missouri Botanical Garden,Missouri Botanical Garden
wfo-0001028328,Shrub or tree,habit,BA1EFC4F-8C28-4835-B281-FE467DAD5C99,English,2013-05-16,,,,http://creativecommons.org/licenses/by/4.0,Missouri Botanical Garden,Missouri Botanical Garden
wfo-0001028329,Shrub or tree,habit,9893E72F-2F7B-4599-AE64-0845D1B541A7,English,2013-05-16,,,,http://creativecommons.org/licenses/by/4.0,Missouri Botanical Garden,Missouri Botanical Garden
wfo-0001028587,Shrub or small tree,habit,1400DE59-6587-4BA9-9633-A296C9D8F19F,English,2013-05-17,,,,http://creativecommons.org/licenses/by/4.0,Missouri Botanical Garden,Missouri Botanical Garden
wfo-0001028934,Vine,habit,B00530AE-D881-44CE-AA60-69E031BC68D0,English,2013-05-15,,,,http://creativecommons.org/licenses/by/4.0,Missouri Botanical Garden,Missouri Botanical Garden
wfo-0001029554,Shrub or tree,habit,74872DBD-E901-4925-ABBD-D29A5E9DF52F,English,2013-05-16,,,,http://creativecommons.org/licenses/by/4.0,Missouri Botanical Garden,Missouri Botanical Garden
wfo-0001030147,herb,habit,4A61DE87-6493-4EB4-BB29-6A93B0C450C0,English,2013-05-17,,,,http://creativecommons.org/licenses/by/4.0,Missouri Botanical Garden,Missouri Botanical Garden
wfo-0001030319,shrub,habit,1C14304F-3318-404B-A331-B882E5EDEF24,English,2013-05-16,,,,http://creativecommons.org/licenses/by/4.0,Missouri Botanical Garden,Missouri Botanical Garden
wfo-0001030914,Shrub or small tree,habit,289EF64D-3106-47CB-B194-A02F40BEE249,English,2013-05-17,,,,http://creativecommons.org/licenses/by/4.0,Missouri Botanical Garden,Missouri Botanical Garden
wfo-0001030029,Shrub or tree,habit,BD294E04-5361-4221-A719-C645590CA00C,English,2013-05-16,,,,http://creativecommons.org/licenses/by/4.0,Missouri Botanical Garden,Missouri Botanical Garden
wfo-0001031266,"Vine, shrub or ?tree",habit,58371384-98FC-417F-B322-60F5638C2758,English,2013-05-15,,,,http://creativecommons.org/licenses/by/4.0,Missouri Botanical Garden,Missouri Botanical Garden
wfo-0001031548,Shrub or small tree,habit,68937D9C-5735-40BD-8979-DD5D79D415D2,English,2013-05-16,,,,http://creativecommons.org/licenses/by/4.0,Missouri Botanical Garden,Missouri Botanical Garden
wfo-0001026298,Shrub or tree,habit,04C76B9B-F14D-4AB8-ADAD-0037680E3EC4,English,2013-05-16,,,,http://creativecommons.org/licenses/by/4.0,Missouri Botanical Garden,Missouri Botanical Garden
wfo-0001032190,Shrubs or trees,habit,44661BC2-1772-44C1-AB4B-67C6B19235D4,English,2013-05-16,,,,http://creativecommons.org/licenses/by/4.0,Missouri Botanical Garden,Missouri Botanical Garden
wfo-0001032507,vine,habit,EF2DF65D-FBC7-4B20-97F7-D1A32B3206FB,English,2013-05-15,,,,http://creativecommons.org/licenses/by/4.0,Missouri Botanical Garden,Missouri Botanical Garden
wfo-0001032532,herb,habit,E6277911-C2FA-4A02-BA3C-C891882150C3,English,2013-05-17,,,,http://creativecommons.org/licenses/by/4.0,Missouri Botanical Garden,Missouri Botanical Garden
wfo-0001021163,Small tree,habit,F9C3390C-5FA7-4EA4-8CA1-7889A691EEB1,English,2013-05-15,,,,http://creativecommons.org/licenses/by/4.0,Missouri Botanical Garden,Missouri Botanical Garden
wfo-0001027143,shrub,habit,D0D0A1D7-DCA6-4150-99AA-4B10F720FB9D,English,2013-05-16,,,,http://creativecommons.org/licenses/by/4.0,Missouri Botanical Garden,Missouri Botanical Garden
wfo-0001027861,Shrub,habit,1C9C935C-619A-476F-80B1-0B8EBE2407EB,English,2013-05-16,,,,http://creativecommons.org/licenses/by/4.0,Missouri Botanical Garden,Missouri Botanical Garden
wfo-0001028300,Shrub or tree,habit,BAD4730F-C59F-4AF6-B10A-A59C766469E5,English,2013-05-16,,,,http://creativecommons.org/licenses/by/4.0,Missouri Botanical Garden,Missouri Botanical Garden
wfo-0000458440,Tree,habit,"68360A93-D5C7-4662-8C92-548B2FD18714,60DAEAE1-E2AD-4583-98F7-E0A908543EB0",English,2013-01-29,,,,http://creativecommons.org/licenses/by/4.0,Missouri Botanical Garden,Missouri Botanical Garden
wfo-0000459223,Trees,habit,5AAF1C79-D450-4B84-A865-9544742E17A7,English,2013-07-01,,,,http://creativecommons.org/licenses/by/4.0,Missouri Botanical Garden,Missouri Botanical Garden
wfo-0000718108,Shrub tree,habit,0059991C-526C-4E1E-B88E-FEEBD838237E,English,2013-01-29,,,,http://creativecommons.org/licenses/by/4.0,Missouri Botanical Garden,Missouri Botanical Garden
wfo-0000452175,Herb undershrub,habit,"505BA85C-D2B9-496E-9462-64D71D6F08A9,0152CBD7-56E3-40EC-A8E8-A1D427336E58",English,2013-01-29,,,,http://creativecommons.org/licenses/by/4.0,Missouri Botanical Garden,Missouri Botanical Garden
wfo-0000427365,Herb shrub,habit,6042B882-4410-44A4-8B41-BC7466EC1CEB,English,2013-01-29,,,,http://creativecommons.org/licenses/by/4.0,Missouri Botanical Garden,Missouri Botanical Garden
wfo-0000711645,Tree,habit,"921EB583-0398-458F-A11F-81342A8952E5,DE40459C-5BD4-461F-8263-5D7FE6450C14",English,2013-01-29,,,,http://creativecommons.org/licenses/by/4.0,Missouri Botanical Garden,Missouri Botanical Garden
wfo-0000427338,Shrub,habit,10CC8C08-DD74-4D6F-BB7E-52EC5D2F50E8,English,2013-01-29,,,,http://creativecommons.org/licenses/by/4.0,Missouri Botanical Garden,Missouri Botanical Garden
wfo-0000452152,Shrub herb,habit,6A48BDE6-7965-43A1-9D36-74C46E5AA63A,English,2013-01-29,,,,http://creativecommons.org/licenses/by/4.0,Missouri Botanical Garden,Missouri Botanical Garden
wfo-0000451939,Herb undershrub,habit,6F4ECDC2-D5A6-4287-8CF9-2575E12A069E,English,2013-01-29,,,,http://creativecommons.org/licenses/by/4.0,Missouri Botanical Garden,Missouri Botanical Garden
wfo-0000577107,shrub liana,habit,8BFF7303-40B7-4BA6-93AE-D7B015530C6B,English,2013-01-29,,,,http://creativecommons.org/licenses/by/4.0,Missouri Botanical Garden,Missouri Botanical Garden
wfo-0000718081,Shrub tree,habit,DE2150CE-C8DA-43A3-89E8-DFB10B8A129C,English,2013-01-29,,,,http://creativecommons.org/licenses/by/4.0,Missouri Botanical Garden,Missouri Botanical Garden
wfo-0001140700,Shrub tree,habit,2B492143-5E1A-438C-8015-89A1D0DC2AC9,English,2013-01-29,,,,http://creativecommons.org/licenses/by/4.0,Missouri Botanical Garden,Missouri Botanical Garden
wfo-0000451968,Herb shrub,habit,"00B56456-927B-4C7D-8E10-06B177C9C304,BEB79BD9-DC5F-4B30-915D-67CEA53516C4",English,2013-01-29,,,,http://creativecommons.org/licenses/by/4.0,Missouri Botanical Garden,Missouri Botanical Garden
wfo-0000451965,Herb undershrub,habit,201F7469-4326-4ADD-88FE-62A58FEB85C7,English,2013-01-29,,,,http://creativecommons.org/licenses/by/4.0,Missouri Botanical Garden,Missouri Botanical Garden
wfo-0000452159,Herb,habit,"E33AAE0F-9734-4356-8831-BDD546EFC322,3845839E-5895-4DD4-BE74-A47D8E8B462E",English,2013-01-29,,,,http://creativecommons.org/licenses/by/4.0,Missouri Botanical Garden,Missouri Botanical Garden
wfo-0000491736,Tree,habit,"2CF2E6BD-B787-4E6A-B5CD-40713EC16939,09EA2E49-DE8B-440E-8017-7DC484C5A643",English,2013-01-29,,,,http://creativecommons.org/licenses/by/4.0,Missouri Botanical Garden,Missouri Botanical Garden
wfo-0001140701,Tree,habit,8ECD311E-96E4-4524-95E2-F28DD7762023,English,2013-01-29,,,,http://creativecommons.org/licenses/by/4.0,Missouri Botanical Garden,Missouri Botanical Garden
wfo-0000458441,Tree,habit,"2A28A2B7-E250-4F69-9639-8E3DF4140D0E,2E1210FB-C41A-47FF-8E87-841FDDD39387",English,2013-01-29,,,,http://creativecommons.org/licenses/by/4.0,Missouri Botanical Garden,Missouri Botanical Garden
wfo-0001140708,Tree,habit,0FBAF03A-FFEB-425B-ACCD-78A2CF3FC388,English,2013-01-29,,,,http://creativecommons.org/licenses/by/4.0,Missouri Botanical Garden,Missouri Botanical Garden
wfo-0000492771,tree,habit,4B5CF9B4-3435-4B91-8F0F-C0A8FA65D618,English,2013-08-13,,,,http://creativecommons.org/licenses/by/4.0,Missouri Botanical Garden,Missouri Botanical Garden
wfo-0000492244,Tree,habit,9EB4EB11-5FB5-4C33-AD45-10C85B84F4A3,English,2013-08-13,,,,http://creativecommons.org/licenses/by/4.0,Missouri Botanical Garden,Missouri Botanical Garden
wfo-0000267922,Woody vine or subshrub,habit,B9FF4EB4-E60F-46B6-A98A-BF89C76E89D1,English,2013-05-10,,,,http://creativecommons.org/licenses/by/4.0,Missouri Botanical Garden,Missouri Botanical Garden
wfo-0000491337,Trees,habit,BDF7C02B-7DE4-498D-A875-A73ECF5407CB,English,2013-07-03,,,,http://creativecommons.org/licenses/by/4.0,Missouri Botanical Garden,Missouri Botanical Garden
wfo-0000473246,herb,habit,ADDC890C-4DD1-484C-B1CB-18AF5306EE8D,English,2013-01-22,,,,http://creativecommons.org/licenses/by/4.0,Missouri Botanical Garden,Missouri Botanical Garden
wfo-0001141516,Shrubs or trees,habit,617C6055-E88B-4CB2-8267-18CBEED863A6,English,2013-07-03,,,,http://creativecommons.org/licenses/by/4.0,Missouri Botanical Garden,Missouri Botanical Garden
wfo-0000491081,Trees,habit,9512FFF3-44D4-4446-B5E4-BF08DC6D2ECF,English,2013-07-03,,,,http://creativecommons.org/licenses/by/4.0,Missouri Botanical Garden,Missouri Botanical Garden
wfo-0000692364,Tree,habit,E85BE1D3-3B4B-49B3-A033-DEE9BE8F1129,English,2013-03-14,,,,http://creativecommons.org/licenses/by/4.0,Missouri Botanical Garden,Missouri Botanical Garden
wfo-0000445000,Tree,habit,22E63286-ED5E-451F-84DF-D892BD1CB477,English,2013-03-14,,,,http://creativecommons.org/licenses/by/4.0,Missouri Botanical Garden,Missouri Botanical Garden
wfo-0000444996,Tree,habit,E2AA6BC1-324D-48E5-9135-2A3FF5E73813,English,2013-03-14,,,,http://creativecommons.org/licenses/by/4.0,Missouri Botanical Garden,Missouri Botanical Garden
wfo-0001142167,Tree shrub,habit,E9420907-A7F7-4371-9188-DB6BE4972EF3,English,2013-03-14,,,,http://creativecommons.org/licenses/by/4.0,Missouri Botanical Garden,Missouri Botanical Garden
wfo-0000567794,Shrub tree,habit,77F83395-0C10-42C5-A2EA-4890D9879A6A,English,2013-01-22,,,,http://creativecommons.org/licenses/by/4.0,Missouri Botanical Garden,Missouri Botanical Garden
wfo-0000500857,Trees,habit,0D1295B1-D1B2-4A8E-A658-ED12ED019345,English,2013-03-14,,,,http://creativecommons.org/licenses/by/4.0,Missouri Botanical Garden,Missouri Botanical Garden
wfo-4000032816,Lianas,habit,"18506A3F-AC69-4CE4-B685-43B43F6DF295,6DAA1454-1925-4C5E-8A91-2C7129169018",English,2013-04-10,,,,http://creativecommons.org/licenses/by/4.0,Missouri Botanical Garden,Missouri Botanical Garden
wfo-0000459507,Trees shrubs,habit,DA4952A6-6C2E-4287-9B30-EFB7BA4E3A6F,English,2013-03-14,,,,http://creativecommons.org/licenses/by/4.0,Missouri Botanical Garden,Missouri Botanical Garden
wfo-0000608756,shrub,habit,E0D5A18F-5671-4AA4-8B2F-EE096D2CF4D4,English,2013-09-19,,,,http://creativecommons.org/licenses/by/4.0,Missouri Botanical Garden,Missouri Botanical Garden
wfo-0000608790,shrub,habit,D7102095-5DCE-4D67-8CC0-004BD3209FEC,English,2013-09-19,,,,http://creativecommons.org/licenses/by/4.0,Missouri Botanical Garden,Missouri Botanical Garden
wfo-0000608826,shrub or small tree,habit,EC02ED01-1F32-4FCA-A80E-06C838C388D3,English,2013-09-19,,,,http://creativecommons.org/licenses/by/4.0,Missouri Botanical Garden,Missouri Botanical Garden
wfo-4000040514,Herbs or shrubs,habit,"12072030-348C-4083-8726-BACD363B1C25,69B8E8F0-61E7-4B93-A676-1A9678809915",English,2013-01-29,,,,http://creativecommons.org/licenses/by/4.0,Missouri Botanical Garden,Missouri Botanical Garden
wfo-0000355184,Shrub or small tree,habit,CE44DDEB-FD12-4E27-B6C5-B4B0E253D74A,English,2013-09-19,,,,http://creativecommons.org/licenses/by/4.0,Missouri Botanical Garden,Missouri Botanical Garden
wfo-0000500889,trees,habit,18AFD33E-84E4-49C3-89A5-369855C84D53,English,2012-12-18,,,,http://creativecommons.org/licenses/by/4.0,Missouri Botanical Garden,Missouri Botanical Garden
wfo-0000567390,herb,habit,A474B09D-5A96-47DB-9F17-997967D008A2,English,2013-01-22,,,,http://creativecommons.org/licenses/by/4.0,Missouri Botanical Garden,Missouri Botanical Garden
wfo-0000638121,trees,habit,00841E34-9144-41A4-BA1D-B8E4814D8D08,English,2012-12-18,,,,http://creativecommons.org/licenses/by/4.0,Missouri Botanical Garden,Missouri Botanical Garden
wfo-0000620072,Herb,habit,59F7D06F-D8DE-4FE2-B847-3E9DCD98C490,English,2013-01-30,,,,http://creativecommons.org/licenses/by/4.0,Missouri Botanical Garden,Missouri Botanical Garden
wfo-0000539836,Tree,habit,FD3C5B44-D9C3-441B-9C8D-34FFF4352369,English,2013-01-30,,,,http://creativecommons.org/licenses/by/4.0,Missouri Botanical Garden,Missouri Botanical Garden
wfo-0000620129,Herb,habit,BAB34182-5D89-4CC3-8439-BB737BDFC1A0,English,2013-01-30,,,,http://creativecommons.org/licenses/by/4.0,Missouri Botanical Garden,Missouri Botanical Garden
wfo-0000718217,Tree,habit,"40659FD9-2004-438A-9B2C-B5CDC60F7040,B48CC15E-D887-4DC0-9B30-79ABB94867D9",English,2013-01-30,,,,http://creativecommons.org/licenses/by/4.0,Missouri Botanical Garden,Missouri Botanical Garden
wfo-0000457374,Shrub tree,habit,"5F5C6075-2742-46AD-8A72-6163915F89FE,16561C1F-5343-428F-B7E0-E244CC4A34C7",English,2013-01-30,,,,http://creativecommons.org/licenses/by/4.0,Missouri Botanical Garden,Missouri Botanical Garden
wfo-0000459270,Shrub tree,habit,"B1223540-6235-4C81-8671-696AA3994511,0841A4E5-8BD5-4AB7-B716-097DE71B9F94",English,2013-01-30,,,,http://creativecommons.org/licenses/by/4.0,Missouri Botanical Garden,Missouri Botanical Garden
wfo-0000457177,Shrub,habit,"C6A4CF43-FB33-4CA0-8EF3-AAB7C0C9CA40,77A535FB-3E40-42BE-98E2-AFA95E1EB6D0",English,2013-01-30,,,,http://creativecommons.org/licenses/by/4.0,Missouri Botanical Garden,Missouri Botanical Garden
wfo-0000620178,Shrub,habit,"0A2A10FF-6AF1-445E-996E-E582CF72508E,D653E3DB-B0A3-4A77-9892-A4D2D9637A99",English,2013-01-30,,,,http://creativecommons.org/licenses/by/4.0,Missouri Botanical Garden,Missouri Botanical Garden
wfo-0000539840,Tree,habit,"767C1379-08BE-4CD4-A5BF-A094D46CEAC3,8BA0277F-0E10-41E0-A870-E3E0C5869DA8",English,2013-01-30,,,,http://creativecommons.org/licenses/by/4.0,Missouri Botanical Garden,Missouri Botanical Garden
wfo-0000705216,Tree,habit,"5E06ACDF-AB98-40B7-ABE7-779ABC6E6663,093F1AAB-3E09-4851-82E0-D285B216F1B9",English,2013-01-30,,,,http://creativecommons.org/licenses/by/4.0,Missouri Botanical Garden,Missouri Botanical Garden
wfo-0000445212,Tree,habit,"DEA469FF-6CE4-4547-A84C-E2A6B458DEAC,0B9041C8-E228-48CF-872C-9C8C0BE4C1B5",English,2013-01-30,,,,http://creativecommons.org/licenses/by/4.0,Missouri Botanical Garden,Missouri Botanical Garden
wfo-0000445114,Tree,habit,"D5A391BB-2EE7-4568-A5F8-8CD6AF8B1AC1,20B96EBE-B6D2-4396-B2D3-1CD959022589",English,2013-01-30,,,,http://creativecommons.org/licenses/by/4.0,Missouri Botanical Garden,Missouri Botanical Garden
wfo-0000445127,Tree,habit,4287F58F-1361-4101-BA0E-2E90A5F71EF5,English,2013-01-30,,,,http://creativecommons.org/licenses/by/4.0,Missouri Botanical Garden,Missouri Botanical Garden
wfo-0001142612,Shrub,habit,47F4E7AA-614B-4514-9A40-51BC416F2701,English,2013-01-30,,,,http://creativecommons.org/licenses/by/4.0,Missouri Botanical Garden,Missouri Botanical Garden
wfo-0001142613,Shrub tree,habit,"AFCD4323-EA81-49C8-80BF-791565256594,DC32B0E4-D135-49C6-869A-0FEB2E93793A",English,2013-01-30,,,,http://creativecommons.org/licenses/by/4.0,Missouri Botanical Garden,Missouri Botanical Garden
wfo-0000458137,Shrub,habit,"B0092D0F-9D5C-418D-9CEB-53B010A1E370,4F65FC2C-250D-4887-BA2B-130C58CD1162",English,2013-01-30,,,,http://creativecommons.org/licenses/by/4.0,Missouri Botanical Garden,Missouri Botanical Garden
wfo-0000457318,Tree,habit,420CC161-A1A2-4A21-88F4-3AB81EA37556,English,2013-01-30,,,,http://creativecommons.org/licenses/by/4.0,Missouri Botanical Garden,Missouri Botanical Garden
wfo-0000406860,herbs or shrubs,habit,C26D1962-34D6-4C70-B283-28BB3214569F,English,2013-08-12,,,,http://creativecommons.org/licenses/by/4.0,Missouri Botanical Garden,Missouri Botanical Garden
wfo-0000458058,Shrubs,habit,EDD7EF24-53EC-479D-9B3F-84570807F76F,English,2013-03-15,,,,http://creativecommons.org/licenses/by/4.0,Missouri Botanical Garden,Missouri Botanical Garden
wfo-0000459753,climber,habit,4009C9B8-7388-451C-944F-C7D3B1C3086F,English,2013-05-24,,,,http://creativecommons.org/licenses/by/4.0,Missouri Botanical Garden,Missouri Botanical Garden
wfo-0001142911,vine,habit,AF1F74EB-6007-4E7A-9F0B-EEEE84A3FB57,English,2013-05-24,,,,http://creativecommons.org/licenses/by/4.0,Missouri Botanical Garden,Missouri Botanical Garden
wfo-0000413607,climber,habit,621733A6-F4EA-40E8-B531-34675A398F72,English,2013-05-24,,,,http://creativecommons.org/licenses/by/4.0,Missouri Botanical Garden,Missouri Botanical Garden
wfo-0000416540,Shrub tree,habit,AA6EC965-228E-4BA2-8B29-65BFCB19EDF5,English,2013-01-22,,,,http://creativecommons.org/licenses/by/4.0,Missouri Botanical Garden,Missouri Botanical Garden
wfo-0000457708,Herb shrub,habit,6152FD4F-C639-4C88-B2FB-C7888755857E,English,2013-03-15,,,,http://creativecommons.org/licenses/by/4.0,Missouri Botanical Garden,Missouri Botanical Garden
wfo-0000670694,Tree,habit,D19165EA-9220-4CE3-91BD-CD3664E97917,English,2013-03-15,,,,http://creativecommons.org/licenses/by/4.0,Missouri Botanical Garden,Missouri Botanical Garden
wfo-0001143024,Shrub,habit,72862E07-FE7D-4F21-BA6E-992888335C6B,English,2013-03-15,,,,http://creativecommons.org/licenses/by/4.0,Missouri Botanical Garden,Missouri Botanical Garden
wfo-0000475648,Herb,habit,28ECE405-86CD-466B-B4E7-5DEB2BBA3EA0,English,2013-03-15,,,,http://creativecommons.org/licenses/by/4.0,Missouri Botanical Garden,Missouri Botanical Garden
wfo-0000458275,Shrubs,habit,4FF69A70-7B9C-45E7-99A1-59E5C743F0C6,English,2013-03-15,,,,http://creativecommons.org/licenses/by/4.0,Missouri Botanical Garden,Missouri Botanical Garden
wfo-0000457786,tree,habit,30B9E81F-9F4A-4859-9D6E-52E0A529571D,English,2013-01-17,,,,http://creativecommons.org/licenses/by/4.0,Missouri Botanical Garden,Missouri Botanical Garden
wfo-0000593565,shrub tree,habit,DE5C25F9-A250-4834-A1C2-0EFC2D21A675,English,2013-01-17,,,,http://creativecommons.org/licenses/by/4.0,Missouri Botanical Garden,Missouri Botanical Garden
wfo-0000444993,Tree,habit,AC5A663A-E6FC-464F-BC1C-104CC519F3F6,English,2013-01-17,,,,http://creativecommons.org/licenses/by/4.0,Missouri Botanical Garden,Missouri Botanical Garden
wfo-0000416676,Tree,habit,C14995FA-6C57-4A87-A6E4-0A700D100CF2,English,2013-01-17,,,,http://creativecommons.org/licenses/by/4.0,Missouri Botanical Garden,Missouri Botanical Garden
wfo-0000567665,Shrub tree,habit,B5395DA5-FB80-4D12-9125-F3BC81A766BC,English,2013-01-22,,,,http://creativecommons.org/licenses/by/4.0,Missouri Botanical Garden,Missouri Botanical Garden
wfo-0000473355,herb,habit,2C7EAB99-4379-4492-AC2F-514840DCB443,English,2013-01-22,,,,http://creativecommons.org/licenses/by/4.0,Missouri Botanical Garden,Missouri Botanical Garden
wfo-0000472370,Shrub tree,habit,D2029B6B-C5B1-4DEB-8B39-ACA3BC1B5125,English,2013-01-22,,,,http://creativecommons.org/licenses/by/4.0,Missouri Botanical Garden,Missouri Botanical Garden
wfo-0000567455,herb,habit,9DB87C3D-C35D-46CE-94C4-C1F10077160F,English,2013-01-22,,,,http://creativecommons.org/licenses/by/4.0,Missouri Botanical Garden,Missouri Botanical Garden
wfo-0000473496,herb,habit,E0A586D5-66D7-4159-B88C-D5DCD254EF04,English,2013-01-22,,,,http://creativecommons.org/licenses/by/4.0,Missouri Botanical Garden,Missouri Botanical Garden
wfo-0001143471,Shrub herb,habit,6082A959-850C-4100-AA33-D3585089CE87,English,2013-01-22,,,,http://creativecommons.org/licenses/by/4.0,Missouri Botanical Garden,Missouri Botanical Garden
wfo-0000473047,Shrub,habit,43E9B755-8EA5-47BE-9605-E64D3E653262,English,2013-01-22,,,,http://creativecommons.org/licenses/by/4.0,Missouri Botanical Garden,Missouri Botanical Garden
wfo-0000416565,"tree shrub,",habit,32815004-7207-4BA1-9BA0-F3F91439ABBF,English,2013-01-22,,,,http://creativecommons.org/licenses/by/4.0,Missouri Botanical Garden,Missouri Botanical Garden
wfo-0000416565,herb,habit,5F045A15-7A10-4928-9BB2-14472B45BD13,English,2013-01-22,,,,http://creativecommons.org/licenses/by/4.0,Missouri Botanical Garden,Missouri Botanical Garden
wfo-0000472383,Shrub tree,habit,E65144DD-7CF3-4E9A-BB4D-4709E7AA76C7,English,2013-01-22,,,,http://creativecommons.org/licenses/by/4.0,Missouri Botanical Garden,Missouri Botanical Garden
wfo-0000473439,herb,habit,CA142D5D-A95D-4234-8FC6-C5121BD3B601,English,2013-01-22,,,,http://creativecommons.org/licenses/by/4.0,Missouri Botanical Garden,Missouri Botanical Garden
wfo-0000473426,herb,habit,0169AE00-974A-4887-A47D-B7F5AD9F9CCD,English,2013-01-22,,,,http://creativecommons.org/licenses/by/4.0,Missouri Botanical Garden,Missouri Botanical Garden
wfo-0000473305,herb,habit,91D3DC7C-4320-4CD1-BDC3-60CE9718DB4E,English,2013-01-22,,,,http://creativecommons.org/licenses/by/4.0,Missouri Botanical Garden,Missouri Botanical Garden
wfo-0000472249,shrub,habit,95418153-924D-47B4-AF1D-6582F31A7D9B,English,2013-01-22,,,,http://creativecommons.org/licenses/by/4.0,Missouri Botanical Garden,Missouri Botanical Garden
wfo-0000567453,shrub herb,habit,693A256B-1B58-4FB8-9908-3DFE5357547E,English,2013-01-22,,,,http://creativecommons.org/licenses/by/4.0,Missouri Botanical Garden,Missouri Botanical Garden
wfo-0001143760,herbs,habit,0F87E149-CE4D-425A-91E3-6139B1396AF3,English,2013-07-10,,,,http://creativecommons.org/licenses/by/4.0,Missouri Botanical Garden,Missouri Botanical Garden
wfo-0000737442,herbs,habit,4988AC67-7C67-4868-B30C-080BE99A7CA4,English,2013-07-10,,,,http://creativecommons.org/licenses/by/4.0,Missouri Botanical Garden,Missouri Botanical Garden
wfo-0000426996,herbs,habit,6E9EBB0D-1EB3-4526-B711-B2E95BC812E4,English,2013-07-10,,,,http://creativecommons.org/licenses/by/4.0,Missouri Botanical Garden,Missouri Botanical Garden
wfo-0000418059,herbs,habit,03189B12-385D-4677-B782-BDAF35FD5C32,English,2013-07-10,,,,http://creativecommons.org/licenses/by/4.0,Missouri Botanical Garden,Missouri Botanical Garden
wfo-0001143948,herbs,habit,AD9F16C8-EC7F-4ED0-93A4-740E5A079BC9,English,2013-07-10,,,,http://creativecommons.org/licenses/by/4.0,Missouri Botanical Garden,Missouri Botanical Garden
wfo-0001143921,herbs,habit,E9C70D75-0FB3-4D3D-939A-418FEE6659E0,English,2013-07-10,,,,http://creativecommons.org/licenses/by/4.0,Missouri Botanical Garden,Missouri Botanical Garden
wfo-0000270345,herbs,habit,6F279CD6-BAB4-4608-93B6-1919B72F5E9B,English,2013-05-10,,,,http://creativecommons.org/licenses/by/4.0,Missouri Botanical Garden,Missouri Botanical Garden
wfo-0000805508,"shrub, tree, or vine",habit,A8E58F5A-3020-488B-8AC6-34129ED998F1,English,2013-05-13,,,,http://creativecommons.org/licenses/by/4.0,Missouri Botanical Garden,Missouri Botanical Garden
wfo-0000810070,Shrub or low tree,habit,3A284B93-0221-4F80-9222-98D6E71E3698,English,2013-05-13,,,,http://creativecommons.org/licenses/by/4.0,Missouri Botanical Garden,Missouri Botanical Garden
wfo-0000767615,Shrub or tree,habit,A4F9E8EF-EFC2-41D6-9B5D-8BD759D91F04,English,2013-05-13,,,,http://creativecommons.org/licenses/by/4.0,Missouri Botanical Garden,Missouri Botanical Garden
wfo-0000924899,Shrub or tree,habit,B5B50B32-36B3-431D-8EF2-44D047EFFBD9,English,2013-05-13,,,,http://creativecommons.org/licenses/by/4.0,Missouri Botanical Garden,Missouri Botanical Garden
wfo-0000866832,Tree or shrub,habit,EBE492A4-A267-4A49-96CD-C9D19187A5B9,English,2013-05-13,,,,http://creativecommons.org/licenses/by/4.0,Missouri Botanical Garden,Missouri Botanical Garden
wfo-0000223080,Shrubs,habit,80A735AC-B57E-42F3-96E0-39ABE735EC9E,English,2013-05-10,,,,http://creativecommons.org/licenses/by/4.0,Missouri Botanical Garden,Missouri Botanical Garden
wfo-0000223169,shrubs,habit,B18CC5C0-126A-46EE-9C2C-9A448D514148,English,2013-05-10,,,,http://creativecommons.org/licenses/by/4.0,Missouri Botanical Garden,Missouri Botanical Garden
wfo-0000223289,shrubs,habit,EC14CBAB-7E7F-4077-A696-927EA3172220,English,2013-05-10,,,,http://creativecommons.org/licenses/by/4.0,Missouri Botanical Garden,Missouri Botanical Garden
wfo-0000333089,Shrub or tree,habit,B2154EDD-C9CE-4F9B-9B30-4ACF3E8D4D96,English,2013-05-13,,,,http://creativecommons.org/licenses/by/4.0,Missouri Botanical Garden,Missouri Botanical Garden
wfo-0000223429,herbs,habit,9C54E8FC-55F4-4214-8713-667294793676,English,2013-05-10,,,,http://creativecommons.org/licenses/by/4.0,Missouri Botanical Garden,Missouri Botanical Garden
wfo-0000314894,Herbs,habit,247CDA59-FF28-493B-83FC-A223FCFEBF47,English,2013-05-10,,,,http://creativecommons.org/licenses/by/4.0,Missouri Botanical Garden,Missouri Botanical Garden
wfo-0000946869,shrub or small tree,habit,A3DB2513-5175-4185-81AB-49A7AED946EC,English,2013-05-13,,,,http://creativecommons.org/licenses/by/4.0,Missouri Botanical Garden,Missouri Botanical Garden
wfo-0000813068,Shrub or slender tree,habit,4008A378-8F96-48EC-947C-C95AF12ABB33,English,2013-05-13,,,,http://creativecommons.org/licenses/by/4.0,Missouri Botanical Garden,Missouri Botanical Garden
wfo-0000321229,Tree,habit,ABB839B9-1D66-4088-8CB9-2BA2B06B6CD0,English,2013-05-13,,,,http://creativecommons.org/licenses/by/4.0,Missouri Botanical Garden,Missouri Botanical Garden
wfo-0000223465,shrubs,habit,A1A979D9-CF7C-4752-A7E1-23C3B5556A51,English,2013-05-10,,,,http://creativecommons.org/licenses/by/4.0,Missouri Botanical Garden,Missouri Botanical Garden
wfo-0000228665,herbs,habit,0D639CDF-8071-410E-AEB5-0FCBC2548758,English,2013-05-10,,,,http://creativecommons.org/licenses/by/4.0,Missouri Botanical Garden,Missouri Botanical Garden
wfo-0000270338,herbs,habit,9F89983B-AA4C-4A6B-A827-86A04CE767E6,English,2013-05-10,,,,http://creativecommons.org/licenses/by/4.0,Missouri Botanical Garden,Missouri Botanical Garden
wfo-0000270360,shrub,habit,2BC45197-5645-43BA-8DAF-9DA1B87AB482,English,2013-05-10,,,,http://creativecommons.org/licenses/by/4.0,Missouri Botanical Garden,Missouri Botanical Garden
wfo-0000314812,Herbs or shrubs,habit,7D0E4352-05E5-436D-A137-957E1658E8E5,English,2013-05-10,,,,http://creativecommons.org/licenses/by/4.0,Missouri Botanical Garden,Missouri Botanical Garden
wfo-0000333342,tree,habit,6279717B-3C40-4855-A1D4-C36601E06C2D,English,2013-05-13,,,,http://creativecommons.org/licenses/by/4.0,Missouri Botanical Garden,Missouri Botanical Garden
wfo-0000803131,shrub or woody vine,habit,AEAB9395-A253-4D7C-BE1C-0326A27ACAE2,English,2013-05-13,,,,http://creativecommons.org/licenses/by/4.0,Missouri Botanical Garden,Missouri Botanical Garden
wfo-0000866637,shrub,habit,E320EBC0-EE27-410E-B4E9-75F2361D128C,English,2013-05-13,,,,http://creativecommons.org/licenses/by/4.0,Missouri Botanical Garden,Missouri Botanical Garden
wfo-0000228675,Herbs,habit,3E79A25A-5233-47EA-98CD-9EF784D101AF,English,2013-05-10,,,,http://creativecommons.org/licenses/by/4.0,Missouri Botanical Garden,Missouri Botanical Garden
wfo-0000270330,herbs,habit,706967F5-22E6-4646-8A93-888DAD0F68CD,English,2013-05-10,,,,http://creativecommons.org/licenses/by/4.0,Missouri Botanical Garden,Missouri Botanical Garden
wfo-0000924921,Shrub or small tree,habit,0D6A2961-125F-479D-BA73-3A02BE121A30,English,2013-05-13,,,,http://creativecommons.org/licenses/by/4.0,Missouri Botanical Garden,Missouri Botanical Garden
wfo-0000333040,Tree,habit,15C64D03-3E94-427B-82D0-BD7AD311AB5D,English,2013-05-13,,,,http://creativecommons.org/licenses/by/4.0,Missouri Botanical Garden,Missouri Botanical Garden
wfo-0000809574,Shrub or slender tree,habit,D520658A-56A4-4FD9-81D7-EABB76D7834D,English,2013-05-13,,,,http://creativecommons.org/licenses/by/4.0,Missouri Botanical Garden,Missouri Botanical Garden
wfo-0000799730,Vine,habit,1BC045D5-53EA-42A8-9BED-011B6BC49DB7,English,2013-05-13,,,,http://creativecommons.org/licenses/by/4.0,Missouri Botanical Garden,Missouri Botanical Garden
wfo-0000802609,shrub or small tree,habit,E6FE2212-B98C-4161-BC68-2EC32F120F87,English,2013-05-13,,,,http://creativecommons.org/licenses/by/4.0,Missouri Botanical Garden,Missouri Botanical Garden
wfo-0000808160,Shrub or coarse vine,habit,E7123035-3CC7-49EA-8EF9-10BDDC02C7E4,English,2013-05-13,,,,http://creativecommons.org/licenses/by/4.0,Missouri Botanical Garden,Missouri Botanical Garden
wfo-0000803738,Shrub tree,habit,AE0CE3F7-0FC4-404C-AE7E-AD0E36B6D104,English,2013-05-13,,,,http://creativecommons.org/licenses/by/4.0,Missouri Botanical Garden,Missouri Botanical Garden
wfo-0000808762,shrub or vine,habit,51CB1EA7-0561-4429-A13C-510ACBFCB87B,English,2013-05-13,,,,http://creativecommons.org/licenses/by/4.0,Missouri Botanical Garden,Missouri Botanical Garden
wfo-0000812661,Shrub or woody vine,habit,3F6784B9-97E2-43D7-8C58-D8C860D25B26,English,2013-05-13,,,,http://creativecommons.org/licenses/by/4.0,Missouri Botanical Garden,Missouri Botanical Garden
wfo-0000818397,Shrub or small tree,habit,AC4BFAF4-3C74-4576-AE9D-2F4DB51BBE9F,English,2013-05-13,,,,http://creativecommons.org/licenses/by/4.0,Missouri Botanical Garden,Missouri Botanical Garden
wfo-0000819143,shrub,habit,C484223B-0E29-46C3-B1BD-D16DA6A42EBE,English,2013-05-13,,,,http://creativecommons.org/licenses/by/4.0,Missouri Botanical Garden,Missouri Botanical Garden
wfo-0000302838,Shrubs or trees,habit,7971852F-E5AC-491F-83E4-61B98A034775,English,2013-05-14,,,,http://creativecommons.org/licenses/by/4.0,Missouri Botanical Garden,Missouri Botanical Garden
wfo-0000867445,Shrub or tree,habit,B0AECF0A-F884-443E-8BDA-AFFEF9D51229,English,2013-05-13,,,,http://creativecommons.org/licenses/by/4.0,Missouri Botanical Garden,Missouri Botanical Garden
wfo-0000303405,Trees,habit,174BA2CC-D5F4-4B00-8860-C7A774053F4B,English,2013-05-14,,,,http://creativecommons.org/licenses/by/4.0,Missouri Botanical Garden,Missouri Botanical Garden
wfo-0000866728,Shrub or small tree,habit,865ED2D4-A1FF-4CD6-BDFF-0C81780D38AB,English,2013-05-13,,,,http://creativecommons.org/licenses/by/4.0,Missouri Botanical Garden,Missouri Botanical Garden
wfo-0000867574,Tree,habit,50DD7C2F-2346-4686-A813-B7D2BE60B2E1,English,2013-05-13,,,,http://creativecommons.org/licenses/by/4.0,Missouri Botanical Garden,Missouri Botanical Garden
wfo-0000867618,Tree,habit,CAD60846-C4ED-49B5-9BA1-C0156A4B5E85,English,2013-05-13,,,,http://creativecommons.org/licenses/by/4.0,Missouri Botanical Garden,Missouri Botanical Garden
wfo-0000302902,shrubs or slender trees,habit,F8D3D92A-9B2A-48CE-B1F0-7966BCC8E236,English,2013-05-14,,,,http://creativecommons.org/licenses/by/4.0,Missouri Botanical Garden,Missouri Botanical Garden
wfo-0000868169,Shrub or tree,habit,E906575B-54D8-4072-B9CD-B9FF6720600D,English,2013-05-13,,,,http://creativecommons.org/licenses/by/4.0,Missouri Botanical Garden,Missouri Botanical Garden
wfo-0000868843,Shrub or tree,habit,75D01B3E-B9F8-4E91-ADC3-D5BE8DF6A4F1,English,2013-05-13,,,,http://creativecommons.org/licenses/by/4.0,Missouri Botanical Garden,Missouri Botanical Garden
wfo-0000883502,Shrub or low tree,habit,4848C043-2A72-4BD3-9169-48FF894EAF8B,English,2013-05-14,,,,http://creativecommons.org/licenses/by/4.0,Missouri Botanical Garden,Missouri Botanical Garden
wfo-0000946822,Shrub or tree,habit,B22B2BD3-CBC9-4481-A67D-AD7EF595A436,English,2013-05-13,,,,http://creativecommons.org/licenses/by/4.0,Missouri Botanical Garden,Missouri Botanical Garden
wfo-0000885138,herb shrub,habit,8F79945E-93B8-45C9-99B9-A1269D48C9EE,English,2013-05-13,,,,http://creativecommons.org/licenses/by/4.0,Missouri Botanical Garden,Missouri Botanical Garden
wfo-0000885495,Shrub,habit,7B846176-2159-45E2-83D0-5F09C0D57C0A,English,2013-05-14,,,,http://creativecommons.org/licenses/by/4.0,Missouri Botanical Garden,Missouri Botanical Garden
wfo-0000223167,shrubs,habit,7A38E45B-AE96-48DC-8E3F-0EEFEBFDDD3E,English,2013-05-10,,,,http://creativecommons.org/licenses/by/4.0,Missouri Botanical Garden,Missouri Botanical Garden
wfo-0000228752,shrubs or trees,habit,CD818DC0-5820-4DDF-B137-CC1D0579D18C,English,2013-05-10,,,,http://creativecommons.org/licenses/by/4.0,Missouri Botanical Garden,Missouri Botanical Garden
wfo-0000228782,Trees,habit,5D9075A3-F2D6-4242-BB12-101AAD1D997C,English,2013-05-10,,,,http://creativecommons.org/licenses/by/4.0,Missouri Botanical Garden,Missouri Botanical Garden
wfo-0000229046,Shrubs or small trees,habit,551A0F9B-6F01-4D6F-99F1-2036AE5B20A9,English,2013-05-10,,,,http://creativecommons.org/licenses/by/4.0,Missouri Botanical Garden,Missouri Botanical Garden
wfo-0000229191,trees,habit,949E0299-5E1A-479E-88BA-0C7824B5AE64,English,2013-05-10,,,,http://creativecommons.org/licenses/by/4.0,Missouri Botanical Garden,Missouri Botanical Garden
wfo-0001144295,Shrubs,habit,8ABE952F-ED23-4FFD-8DD1-D178DFA71284,English,2013-05-10,,,,http://creativecommons.org/licenses/by/4.0,Missouri Botanical Garden,Missouri Botanical Garden
wfo-0001144296,herb,habit,28E133A4-619A-4EF8-8387-F527E5AD2361,English,2013-05-10,,,,http://creativecommons.org/licenses/by/4.0,Missouri Botanical Garden,Missouri Botanical Garden
wfo-0001144297,herbs,habit,9B71D155-8D6C-4304-BFD0-8FCDF42D838A,English,2013-05-10,,,,http://creativecommons.org/licenses/by/4.0,Missouri Botanical Garden,Missouri Botanical Garden
wfo-0000314872,Herbs or small shrubs,habit,74F3A7BF-1235-4DAD-8F8D-92B29779C507,English,2013-05-10,,,,http://creativecommons.org/licenses/by/4.0,Missouri Botanical Garden,Missouri Botanical Garden
wfo-0000333028,Tree,habit,BF581AD2-F331-4B8C-B361-02EFE51634CF,English,2013-05-13,,,,http://creativecommons.org/licenses/by/4.0,Missouri Botanical Garden,Missouri Botanical Garden
wfo-0000333092,Tree,habit,EF82C4DC-9505-46FB-99CC-360381C0C8A0,English,2013-05-13,,,,http://creativecommons.org/licenses/by/4.0,Missouri Botanical Garden,Missouri Botanical Garden
wfo-0001144417,herbs,habit,B8FF06C5-0F8B-432C-9CC3-0D013824AB40,English,2013-05-10,,,,http://creativecommons.org/licenses/by/4.0,Missouri Botanical Garden,Missouri Botanical Garden
wfo-0000333260,Tree,habit,32A06C19-27BC-4E62-B9C0-810BB460075F,English,2013-05-13,,,,http://creativecommons.org/licenses/by/4.0,Missouri Botanical Garden,Missouri Botanical Garden
wfo-0000885310,Subshrub,habit,29EFFFBB-D4F3-4FA0-BF41-E23E2C9FA708,English,2013-05-14,,,,http://creativecommons.org/licenses/by/4.0,Missouri Botanical Garden,Missouri Botanical Garden
wfo-0000423364,Herb,habit,0879A9DE-2B43-461F-BCB7-C8F164CCEB29,English,2013-03-15,,,,http://creativecommons.org/licenses/by/4.0,Missouri Botanical Garden,Missouri Botanical Garden
wfo-0000725983,Herb,habit,4F45688B-5BE3-413E-9D94-CE392FFC4442,English,2013-03-15,,,,http://creativecommons.org/licenses/by/4.0,Missouri Botanical Garden,Missouri Botanical Garden
wfo-0000623174,Vine,habit,C43C75B5-1272-43A7-B337-D9BDF61F8D67,English,2013-03-15,,,,http://creativecommons.org/licenses/by/4.0,Missouri Botanical Garden,Missouri Botanical Garden
wfo-0000531851,Shrub tree,habit,68BB2860-49DC-4841-8A69-00CC7CB46301,English,2013-03-15,,,,http://creativecommons.org/licenses/by/4.0,Missouri Botanical Garden,Missouri Botanical Garden
wfo-0000703962,Tree,habit,B1409E08-88B5-49F2-9425-2557F094B80D,English,2013-03-15,,,,http://creativecommons.org/licenses/by/4.0,Missouri Botanical Garden,Missouri Botanical Garden
wfo-0000703972,Tree,habit,8FE65C1B-AEFC-4FB4-AF84-E61F58522A7C,English,2013-03-15,,,,http://creativecommons.org/licenses/by/4.0,Missouri Botanical Garden,Missouri Botanical Garden
wfo-0000726083,Shrub tree,habit,32614BC5-56D2-43D7-8866-839B62CFAE06,English,2013-03-15,,,,http://creativecommons.org/licenses/by/4.0,Missouri Botanical Garden,Missouri Botanical Garden
wfo-0001144732,Herb,habit,4593527D-531D-47AB-BD24-D7E3B303E737,English,2013-03-15,,,,http://creativecommons.org/licenses/by/4.0,Missouri Botanical Garden,Missouri Botanical Garden
wfo-0001144733,Shrub,habit,40BF1563-4A99-4BD9-8346-031C924E60F3,English,2013-03-15,,,,http://creativecommons.org/licenses/by/4.0,Missouri Botanical Garden,Missouri Botanical Garden
wfo-0001144734,Shrub,habit,E75EA1C9-B2F8-4ADF-AD17-BDE961E7C1DF,English,2013-03-15,,,,http://creativecommons.org/licenses/by/4.0,Missouri Botanical Garden,Missouri Botanical Garden
wfo-0001144738,Tree,habit,707ACF49-BA33-4C01-96DF-8CC4A75B4BC7,English,2013-03-15,,,,http://creativecommons.org/licenses/by/4.0,Missouri Botanical Garden,Missouri Botanical Garden
wfo-0001144739,Shrub tree,habit,5E172F70-887E-4ABB-A778-3CBF2EFBAA1F,English,2013-03-15,,,,http://creativecommons.org/licenses/by/4.0,Missouri Botanical Garden,Missouri Botanical Garden
wfo-0001144740,Shrub tree,habit,79ADC313-7F35-4BE0-8FCE-EE9B8437001B,English,2013-03-15,,,,http://creativecommons.org/licenses/by/4.0,Missouri Botanical Garden,Missouri Botanical Garden
wfo-0000423950,Herb,habit,28961922-0134-4F9E-BD17-4C70459FDD31,English,2013-03-15,,,,http://creativecommons.org/licenses/by/4.0,Missouri Botanical Garden,Missouri Botanical Garden
wfo-0000423704,Herb,habit,DE4EFB6F-A34D-4A50-B58D-F2EA790BB61A,English,2013-03-15,,,,http://creativecommons.org/licenses/by/4.0,Missouri Botanical Garden,Missouri Botanical Garden
wfo-0000606261,Vine,habit,B2436F2C-C82F-4D6D-AAFD-177A39EDCB03,English,2013-03-27,,,,http://creativecommons.org/licenses/by/4.0,Missouri Botanical Garden,Missouri Botanical Garden
wfo-0000606766,Vine,habit,E1FD821A-20F5-4E0B-A624-A1AFA612F633,English,2013-03-27,,,,http://creativecommons.org/licenses/by/4.0,Missouri Botanical Garden,Missouri Botanical Garden
wfo-0000421771,Vine,habit,A6683415-7FFA-45EB-8CCA-591547C0391F,English,2013-03-27,,,,http://creativecommons.org/licenses/by/4.0,Missouri Botanical Garden,Missouri Botanical Garden
wfo-0000606850,Vine,habit,CD40B3FB-6C8F-40CC-8E0D-5DCDDBB00290,English,2013-03-27,,,,http://creativecommons.org/licenses/by/4.0,Missouri Botanical Garden,Missouri Botanical Garden
wfo-0000606068,Vine,habit,D4C15DDA-BA0C-4D6C-8E01-2F82CA45A33E,English,2013-03-27,,,,http://creativecommons.org/licenses/by/4.0,Missouri Botanical Garden,Missouri Botanical Garden
wfo-0000606515,"Woody vine or small prostrate shrub,",habit,32C44090-1406-449C-9AC5-22422FC1B149,English,2013-03-27,,,,http://creativecommons.org/licenses/by/4.0,Missouri Botanical Garden,Missouri Botanical Garden
wfo-0000606535,Vine,habit,A77A4615-D12E-4527-B133-1DEE8945C8CD,English,2013-03-27,,,,http://creativecommons.org/licenses/by/4.0,Missouri Botanical Garden,Missouri Botanical Garden
wfo-0000424618,Tree,habit,"95642F73-79E3-4F2C-BDE1-C101EEEB60F6,EC2EF529-2B50-4AE2-A2B7-5FED4F6ED081",English,2013-03-13,,,,http://creativecommons.org/licenses/by/4.0,Missouri Botanical Garden,Missouri Botanical Garden
wfo-4000033679,Trees or shrubs,habit,"28AB8F80-57A2-4405-A561-85FF9AE00BC6,9D6BD08F-503C-4B74-AA98-E224A832FAFB",English,2013-03-28,,,,http://creativecommons.org/licenses/by/4.0,Missouri Botanical Garden,Missouri Botanical Garden
wfo-0000656687,Shrub or small tree,habit,E74FBAFE-50E7-42CC-A636-6701ADAAD0D4,English,2013-02-07,,,,http://creativecommons.org/licenses/by/4.0,Missouri Botanical Garden,Missouri Botanical Garden
wfo-0000357151,herb,habit,6C752482-12F0-4623-B716-A790C3FB06EB,English,2013-04-02,,,,http://creativecommons.org/licenses/by/4.0,Missouri Botanical Garden,Missouri Botanical Garden
wfo-4000027785,Shrubs or small trees,habit,"FF435841-F564-4091-8FD8-FCEA2FA48A11,74D3662C-E8FA-4DDB-ABD0-B94F585B1731",English,2013-09-11,,,,http://creativecommons.org/licenses/by/4.0,Missouri Botanical Garden,Missouri Botanical Garden
wfo-0000457857,herb,habit,BD3D774E-0DC3-46AD-8DEA-3AFA31F3B0C1,English,2013-04-02,,,,http://creativecommons.org/licenses/by/4.0,Missouri Botanical Garden,Missouri Botanical Garden
wfo-0000507501,herb,habit,969AA3F3-07E4-4C75-A8F7-20B36416F93F,English,2013-04-02,,,,http://creativecommons.org/licenses/by/4.0,Missouri Botanical Garden,Missouri Botanical Garden
wfo-4000020188,Herbs,habit,F31EEC7E-00FA-4DB3-88CE-6FDC30C5D747,English,2013-03-08,,,,http://creativecommons.org/licenses/by/4.0,Missouri Botanical Garden,Missouri Botanical Garden
wfo-4000012771,shrubs,habit,3E708650-1B4B-44B4-AC81-5219C46F6C77,English,2013-05-10,,,,http://creativecommons.org/licenses/by/4.0,Missouri Botanical Garden,Missouri Botanical Garden
wfo-4000012778,trees or shrubs,habit,29E55DA6-8BAA-43DB-9CD6-08770B972DC9,English,2013-09-04,,,,http://creativecommons.org/licenses/by/4.0,Missouri Botanical Garden,Missouri Botanical Garden
wfo-4000006413,Trees,habit,23C4B94D-C025-47E5-8805-1C71A0874716,English,2013-03-22,,,,http://creativecommons.org/licenses/by/4.0,Missouri Botanical Garden,Missouri Botanical Garden
wfo-4000035389,Trees or shrubs,habit,"5BC56E81-B4A6-4D8A-B249-7B509C272A9F,C7745EE6-14BE-4105-B015-A820346B1400",English,2013-05-09,,,,http://creativecommons.org/licenses/by/4.0,Missouri Botanical Garden,Missouri Botanical Garden
wfo-4000012785,Trees,habit,"7C257B90-AF3C-402F-B813-73C044B37C65,2C1CDF12-C0F4-4269-8F4C-2874647288B3",English,2013-09-27,,,,http://creativecommons.org/licenses/by/4.0,Missouri Botanical Garden,Missouri Botanical Garden
wfo-4000035388,Trees or shrubs,habit,"06D02B1C-9F7A-44B2-AF46-F5D03FC8398C,9DCAD566-894A-429D-B6C7-A7489B82FC60",English,2013-05-09,,,,http://creativecommons.org/licenses/by/4.0,Missouri Botanical Garden,Missouri Botanical Garden
wfo-4000006691,vines,habit,48460036-6B1A-486A-A2CC-FBD2FCCC8977,English,2013-07-15,,,,http://creativecommons.org/licenses/by/4.0,Missouri Botanical Garden,Missouri Botanical Garden
wfo-4000012822,Herbs to suffrutescent shrubs,habit,F7C9BDE3-63CD-44F7-BA2E-F038E60937B8,English,2013-07-25,,,,http://creativecommons.org/licenses/by/4.0,Missouri Botanical Garden,Missouri Botanical Garden
wfo-4000035679,shrubs,habit,"D4C51DDD-B4B8-4B75-8E75-71F0907C8F23,8F2BE27B-5536-4125-9713-41703BCE5A08",English,2013-05-15,,,,http://creativecommons.org/licenses/by/4.0,Missouri Botanical Garden,Missouri Botanical Garden
wfo-4000035400,Trees or shrubs,habit,"D219814E-1746-4280-A7BB-9D693F11D172,2B2B601A-1257-4753-8308-CD0C5ABE1AB6",English,2013-09-18,,,,http://creativecommons.org/licenses/by/4.0,Missouri Botanical Garden,Missouri Botanical Garden
wfo-4000027891,Tree,habit,14EE94FD-DA4F-4D46-B21A-8687B392ECA5,English,2013-01-22,,,,http://creativecommons.org/licenses/by/4.0,Missouri Botanical Garden,Missouri Botanical Garden
wfo-4000012845,trees,habit,E2EAA121-E436-47B1-BF11-52A86B8813A3,English,2013-10-17,,,,http://creativecommons.org/licenses/by/4.0,Missouri Botanical Garden,Missouri Botanical Garden
wfo-4000035437,herbs or shrubs,habit,"D53C4ABA-70AA-4C85-B584-407A30F1CCD4,9A63FC6D-AF29-428A-BF4A-126E3794C792",English,2013-08-08,,,,http://creativecommons.org/licenses/by/4.0,Missouri Botanical Garden,Missouri Botanical Garden
wfo-4000020328,Herbs,habit,AD2F6487-3ADA-4320-A922-61459499A50A,English,2013-09-30,,,,http://creativecommons.org/licenses/by/4.0,Missouri Botanical Garden,Missouri Botanical Garden
wfo-4000035491,shrubs trees,habit,2E5E668C-54E7-4432-A8BD-BE8115B89DF3,English,2013-02-07,,,,http://creativecommons.org/licenses/by/4.0,Missouri Botanical Garden,Missouri Botanical Garden
wfo-4000035498,herbs or shrubs,habit,5BBEA387-1F8D-43CC-9062-0D6BA520497E,English,2013-07-12,,,,http://creativecommons.org/licenses/by/4.0,Missouri Botanical Garden,Missouri Botanical Garden
wfo-4000006582,Herbs,habit,752A9A78-69F6-43A1-BABB-7CD9683F2855,English,2013-03-18,,,,http://creativecommons.org/licenses/by/4.0,Missouri Botanical Garden,Missouri Botanical Garden
wfo-4000020383,Shrubs trees,habit,561143F1-B3FA-4152-90A1-2F99DF05CD96,English,2013-01-17,,,,http://creativecommons.org/licenses/by/4.0,Missouri Botanical Garden,Missouri Botanical Garden
wfo-4000020386,Trees or shrubs,habit,9AB70308-7941-4086-B416-343785D0C9F9,English,2013-04-09,,,,http://creativecommons.org/licenses/by/4.0,Missouri Botanical Garden,Missouri Botanical Garden
wfo-4000020397,trees or shrubs,habit,E7890E1B-8868-4944-A64D-832EF660FCF9,English,2013-09-19,,,,http://creativecommons.org/licenses/by/4.0,Missouri Botanical Garden,Missouri Botanical Garden
wfo-4000006606,Shrubs trees,habit,"D7B66DF9-7BB8-4AF1-A536-DC4F6C8587C9,8DDE9D76-F396-4D93-8E7F-63C1CCF4F1C6",English,2012-11-12,,,,http://creativecommons.org/licenses/by/4.0,Missouri Botanical Garden,Missouri Botanical Garden
wfo-4000006615,shrubs or herbs,habit,"443BCCD7-CEA5-409D-9F1C-C8F0824CE196,9F97A594-3874-4E9C-BD09-0BB838980524",English,2013-08-15,,,,http://creativecommons.org/licenses/by/4.0,Missouri Botanical Garden,Missouri Botanical Garden
wfo-4000020414,Shrubs or trees,habit,06404DC7-9276-4E11-B3C1-458B8DB31ECB,English,2013-03-28,,,,http://creativecommons.org/licenses/by/4.0,Missouri Botanical Garden,Missouri Botanical Garden
wfo-4000006624,herbs,habit,"D1F4E6C1-BC9F-4EA5-919F-B8C22931DDDB,76F6D172-DEE5-4D87-9817-E8D058CC9178",English,2013-05-15,,,,http://creativecommons.org/licenses/by/4.0,Missouri Botanical Garden,Missouri Botanical Garden
wfo-4000035553,herbs,habit,D4CC248A-53CC-4C63-A7DD-4BEB19BC7224,English,2012-10-28,,,,http://creativecommons.org/licenses/by/4.0,Missouri Botanical Garden,Missouri Botanical Garden
wfo-4000020416,trees,habit,168FB6A5-8C56-49DE-8ADD-7D32C69854CA,English,2012-12-18,,,,http://creativecommons.org/licenses/by/4.0,Missouri Botanical Garden,Missouri Botanical Garden
wfo-4000028015,herbs or subshrubs,habit,"0A3FD613-97C0-45C0-B3FF-53051303DE6E,431FD5CE-52A5-476C-822A-02246A20CF4E",English,2013-08-08,,,,http://creativecommons.org/licenses/by/4.0,Missouri Botanical Garden,Missouri Botanical Garden
wfo-4000012973,Lianas,habit,"75C499E1-562E-4560-9939-630F797C9F73,EF793DB1-1D01-4C08-B228-EB277AA8CDA5",English,2013-04-10,,,,http://creativecommons.org/licenses/by/4.0,Missouri Botanical Garden,Missouri Botanical Garden
wfo-4000020428,Shrubs or sometimes climbing herbs,habit,"834432B6-4BB0-4D48-BFBC-40DF00DBEA01,905E37C7-CE0B-46C9-9D43-51E26B54DE55",English,2013-05-29,,,,http://creativecommons.org/licenses/by/4.0,Missouri Botanical Garden,Missouri Botanical Garden
wfo-4000020430,vines,habit,FEF0E77C-3822-4AD8-A4BB-5339386E4099,English,2013-07-31,,,,http://creativecommons.org/licenses/by/4.0,Missouri Botanical Garden,Missouri Botanical Garden
wfo-4000006656,herbs,habit,"8F95D446-B1F2-4E46-BB0F-BECC5ACA31A4,2C917E35-21C8-4530-B792-9B14D3AA8E34",English,2012-11-12,,,,http://creativecommons.org/licenses/by/4.0,Missouri Botanical Garden,Missouri Botanical Garden
wfo-4000035606,Trees,habit,7EAFD748-4729-4CA1-9213-C5C29848213A,English,2013-03-08,,,,http://creativecommons.org/licenses/by/4.0,Missouri Botanical Garden,Missouri Botanical Garden
wfo-4000028073,Trees,habit,C3F8D526-F310-4EC1-B613-421B5310DE07,English,2013-03-06,,,,http://creativecommons.org/licenses/by/4.0,Missouri Botanical Garden,Missouri Botanical Garden
wfo-4000020464,trees shrubs,habit,0A1DB509-30DE-4059-A664-83545563F750,English,2012-12-18,,,,http://creativecommons.org/licenses/by/4.0,Missouri Botanical Garden,Missouri Botanical Garden
wfo-4000020499,herbs or slender shrubs,habit,"58177BCB-7EB3-41CD-A721-C1B559132EA9,4A53B7BC-30C6-425E-9FA5-072B686433C1",English,2013-08-15,,,,http://creativecommons.org/licenses/by/4.0,Missouri Botanical Garden,Missouri Botanical Garden
wfo-4000035688,"Herbs, shrubs, trees, lianas",habit,"6E259FD7-BAB1-4682-8953-1425733D2B8E,4D3B407D-D7E4-4C19-A83D-187FEF52A1D9",English,2013-05-15,,,,http://creativecommons.org/licenses/by/4.0,Missouri Botanical Garden,Missouri Botanical Garden
wfo-4000028221,tree shrub,habit,20F9E901-051E-4C6E-8762-676162209909,English,2012-11-27,,,,http://creativecommons.org/licenses/by/4.0,Missouri Botanical Garden,Missouri Botanical Garden
wfo-4000013103,Lianas trees,habit,F068DD74-EB8D-49C1-B791-B27029C5E829,English,2013-03-07,,,,http://creativecommons.org/licenses/by/4.0,Missouri Botanical Garden,Missouri Botanical Garden
wfo-4000013104,Trees or shrubs,habit,"223FAA76-2C54-4FB2-982C-B146CE326F22,E7717726-AC58-4AD4-882D-10F098ACA632",English,2013-09-04,,,,http://creativecommons.org/licenses/by/4.0,Missouri Botanical Garden,Missouri Botanical Garden
wfo-0001246671,shrub,habit,00683323-5733-4A7A-86AE-598DDBFECEDA,English,2013-03-08,,,,http://creativecommons.org/licenses/by/4.0,Missouri Botanical Garden,Missouri Botanical Garden
wfo-4000013139,vines,habit,"DD76251D-01CB-4797-B41F-F4638952FE15,4669B782-1D04-404D-9277-CC9A2079C79E",English,2013-07-31,,,,http://creativecommons.org/licenses/by/4.0,Missouri Botanical Garden,Missouri Botanical Garden
wfo-4000033985,Trees or shrubs,habit,BB8921B5-6B5D-4360-A9EA-B10ABDF9749D,English,2013-03-20,,,,http://creativecommons.org/licenses/by/4.0,Missouri Botanical Garden,Missouri Botanical Garden
wfo-4000035716,"herbs, shrubs or weak trees",habit,AA9C5800-6527-4C79-B8D4-27E35D4BB803,English,2013-08-08,,,,http://creativecommons.org/licenses/by/4.0,Missouri Botanical Garden,Missouri Botanical Garden
wfo-4000020568,herbs or shrubs,habit,5AD0B13D-BA61-4A70-B608-41B9BB3EDD73,English,2013-05-10,,,,http://creativecommons.org/licenses/by/4.0,Missouri Botanical Garden,Missouri Botanical Garden
wfo-4000006810,Shrubs or trees,habit,9B495132-AF3E-45A4-8AB4-5B203886DA1F,English,2013-03-28,,,,http://creativecommons.org/licenses/by/4.0,Missouri Botanical Garden,Missouri Botanical Garden
wfo-4000014751,trees,habit,B51B8526-4709-4506-9CB5-53D24AC75D6F,English,2013-07-16,,,,http://creativecommons.org/licenses/by/4.0,Missouri Botanical Garden,Missouri Botanical Garden
wfo-4000020588,Trees shrubs,habit,"01C26F39-69F5-48B7-B712-7AAF46FA4914,F049DFF8-AC71-48AB-B415-322F5F4876DE",English,2013-03-14,,,,http://creativecommons.org/licenses/by/4.0,Missouri Botanical Garden,Missouri Botanical Garden
wfo-4000035752,Shrubs or trees,habit,7BB8839C-D7FE-4EE0-BB44-3784024B1D73,English,2013-09-18,,,,http://creativecommons.org/licenses/by/4.0,Missouri Botanical Garden,Missouri Botanical Garden
wfo-4000035778,"Trees, shrubs, or rarely perennial herbs.",habit,"943F2D1D-957D-44C0-902E-7B6241E4ECFD,EBA2B55F-C269-4EA1-B46C-4B596BCC4677",English,2013-09-30,,,,http://creativecommons.org/licenses/by/4.0,Missouri Botanical Garden,Missouri Botanical Garden
wfo-4000035809,trees,habit,22E5992B-32C9-4BD4-9CBF-BB72495DA248,English,2013-01-17,,,,http://creativecommons.org/licenses/by/4.0,Missouri Botanical Garden,Missouri Botanical Garden
wfo-4000028296,Herb lianas,habit,"E97F96DD-7FDB-4CD9-A85D-8E7B2271619B,E15BB116-6384-4447-B298-6E19921D5A8A",English,2012-11-28,,,,http://creativecommons.org/licenses/by/4.0,Missouri Botanical Garden,Missouri Botanical Garden
wfo-4000035826,Lianas or sprawling shrubs,habit,A679554C-1F82-478E-BF3C-2FF7630934E2,English,2013-04-05,,,,http://creativecommons.org/licenses/by/4.0,Missouri Botanical Garden,Missouri Botanical Garden
wfo-4000006902,Trees shrubs,habit,9495AB09-57F4-4E7B-9CE7-CFCCA9727951,English,2012-11-27,,,,http://creativecommons.org/licenses/by/4.0,Missouri Botanical Garden,Missouri Botanical Garden
wfo-4000006902,herbs vine,habit,D1E1DDBC-389E-406C-BD90-7764D17F3DB9,English,2012-11-27,,,,http://creativecommons.org/licenses/by/4.0,Missouri Botanical Garden,Missouri Botanical Garden
wfo-4000035835,Trees or shrubs,habit,28B3528A-9697-4F46-8865-3167684D58C3,English,2013-10-15,,,,http://creativecommons.org/licenses/by/4.0,Missouri Botanical Garden,Missouri Botanical Garden
wfo-4000006916,Trees shrubs,habit,B089D2F5-DC4D-468F-8A87-FB0B2A1827FB,English,2012-12-18,,,,http://creativecommons.org/licenses/by/4.0,Missouri Botanical Garden,Missouri Botanical Garden
wfo-4000035844,herb,habit,BDE0C5DC-9A1A-497A-9F66-F28B2475413E,English,2013-01-11,,,,http://creativecommons.org/licenses/by/4.0,Missouri Botanical Garden,Missouri Botanical Garden
wfo-4000020715,shrubs,habit,3C261186-E6DD-4904-9557-F3F67A946E24,English,2013-07-23,,,,http://creativecommons.org/licenses/by/4.0,Missouri Botanical Garden,Missouri Botanical Garden
wfo-4000028341,shrubs or lianas,habit,9BA49290-3189-4036-866D-FBD94209EBF6,English,2013-07-16,,,,http://creativecommons.org/licenses/by/4.0,Missouri Botanical Garden,Missouri Botanical Garden
wfo-4000006943,trees,habit,"D0BBE558-1D71-40E3-BA09-C0BD414F6DE5,CDA8CF71-6FB2-4757-8CF9-792DB5795AEA",English,2013-01-22,,,,http://creativecommons.org/licenses/by/4.0,Missouri Botanical Garden,Missouri Botanical Garden
wfo-4000006945,herb,habit,"3D5D88C7-7ADF-472F-B2D3-FC979AC63F4C,C7382458-2457-4866-A028-609CCFD1022F",English,2013-08-15,,,,http://creativecommons.org/licenses/by/4.0,Missouri Botanical Garden,Missouri Botanical Garden
wfo-4000013278,Herbs,habit,A06A0251-FCBF-4E53-9CA0-74F8927C0E7C,English,2013-07-25,,,,http://creativecommons.org/licenses/by/4.0,Missouri Botanical Garden,Missouri Botanical Garden
wfo-4000028510,trees,habit,B1F34B4E-F360-4EA6-9137-86288CE55EAE,English,2012-11-27,,,,http://creativecommons.org/licenses/by/4.0,Missouri Botanical Garden,Missouri Botanical Garden
wfo-4000028361,Herbs shrubs,habit,"4DAF5165-B41E-486E-9160-AEC91FC8C743,7418F5D3-3214-4B4D-B7B6-71758DC6DD1F",English,2013-03-08,,,,http://creativecommons.org/licenses/by/4.0,Missouri Botanical Garden,Missouri Botanical Garden
wfo-4000013488,vines shrubs,habit,0572E2A0-FDDB-4498-A0C1-7470E1AFD694,English,2012-11-16,,,,http://creativecommons.org/licenses/by/4.0,Missouri Botanical Garden,Missouri Botanical Garden
wfo-4000035897,Trees,habit,B53C3F77-2C80-4CFC-B4F2-CBDA9DD4DF2B,English,2013-05-22,,,,http://creativecommons.org/licenses/by/4.0,Missouri Botanical Garden,Missouri Botanical Garden
wfo-4000035936,Herbs,habit,"9C1EB8A4-A377-41ED-9B83-3B7E115E8F4A,2B9D90E8-A7DC-4480-8BB0-07EDC9C42A2F",English,2013-09-18,,,,http://creativecommons.org/licenses/by/4.0,Missouri Botanical Garden,Missouri Botanical Garden
wfo-4000000031,Herbs undershrubs,habit,29207099-299D-47C9-9FA7-04E80CC7BFD9,English,2013-03-08,,,,http://creativecommons.org/licenses/by/4.0,Missouri Botanical Garden,Missouri Botanical Garden
wfo-4000028415,Shrubs,habit,B84BD9D2-7B1E-419C-99BC-3A726C4F88AE,English,2013-03-20,,,,http://creativecommons.org/licenses/by/4.0,Missouri Botanical Garden,Missouri Botanical Garden
wfo-4000013488,trees,habit,D9412744-D513-4BBC-85D8-72AC6BC70A91,English,2012-11-16,,,,http://creativecommons.org/licenses/by/4.0,Missouri Botanical Garden,Missouri Botanical Garden
wfo-4000000060,vines,habit,"6270773C-C4AA-49A6-B924-656E21E3535C,662983AE-B7B2-4CAD-A40C-657F57A8FBE5",English,2013-09-24,,,,http://creativecommons.org/licenses/by/4.0,Missouri Botanical Garden,Missouri Botanical Garden
wfo-4000000069,Herbs,habit,"34F43206-B23F-41AD-8A1E-19C9070BDD6A,CB42C452-91F3-4C11-9B35-E7FFF89806B6",English,2013-03-12,,,,http://creativecommons.org/licenses/by/4.0,Missouri Botanical Garden,Missouri Botanical Garden
wfo-4000020856,trees,habit,1A3F58F4-3689-4DB0-A44E-214121A7BB68,English,2012-12-18,,,,http://creativecommons.org/licenses/by/4.0,Missouri Botanical Garden,Missouri Botanical Garden
wfo-4000007090,vines,habit,"94AB2785-3B14-40AA-942A-176CC33D0071,688D6779-2330-48E8-8EB5-62835628BDEA",English,2013-07-31,,,,http://creativecommons.org/licenses/by/4.0,Missouri Botanical Garden,Missouri Botanical Garden
wfo-4000007110,Trees,habit,70BD27D7-7F6F-471D-92C8-C31CB7FA2676,English,2013-03-07,,,,http://creativecommons.org/licenses/by/4.0,Missouri Botanical Garden,Missouri Botanical Garden
wfo-4000007082,Trees,habit,3B2BC9DF-023C-437C-881A-B2A6870D4983,English,2013-01-29,,,,http://creativecommons.org/licenses/by/4.0,Missouri Botanical Garden,Missouri Botanical Garden
wfo-4000013389,trees shrubs,habit,EEB43E1A-6C81-458F-93FA-495665B292AC,English,2012-11-12,,,,http://creativecommons.org/licenses/by/4.0,Missouri Botanical Garden,Missouri Botanical Garden
wfo-4000036074,shrubs,habit,"27E60B04-11C9-4281-B974-901AA2C62712,276A81CE-F8F6-4275-BAEC-29310E386E1C",English,2013-07-24,,,,http://creativecommons.org/licenses/by/4.0,Missouri Botanical Garden,Missouri Botanical Garden
wfo-4000007085,shrubs,habit,"6564CF6A-043D-4D3C-AB16-B705E3F3DD18,093607F6-557A-42EC-A3A1-E916F4A97713",English,2013-07-22,,,,http://creativecommons.org/licenses/by/4.0,Missouri Botanical Garden,Missouri Botanical Garden
wfo-4000028480,Trees,habit,"DE49A7A4-F686-478A-B8A7-9EFC57216E6E,BAD5BE9D-82EA-4239-865B-4650D112B912",English,2013-03-14,,,,http://creativecommons.org/licenses/by/4.0,Missouri Botanical Garden,Missouri Botanical Garden
wfo-4000000104,shrub,habit,"C224B3EA-E959-4369-BCC5-9970901168B3,B3F8E1CD-6FBB-4159-8F31-6754E136D4F1",English,2012-11-29,,,,http://creativecommons.org/licenses/by/4.0,Missouri Botanical Garden,Missouri Botanical Garden
wfo-4000007095,Shrubs trees,habit,"233EC6A9-EFCC-4F9C-8BF6-ED8601E150F3,575B58D6-7604-4260-8529-4D068A002CA3",English,2013-05-08,,,,http://creativecommons.org/licenses/by/4.0,Missouri Botanical Garden,Missouri Botanical Garden
wfo-4000007108,tree,habit,75535997-2427-4054-88B0-B7EE7501DBAA,English,2013-01-22,,,,http://creativecommons.org/licenses/by/4.0,Missouri Botanical Garden,Missouri Botanical Garden
wfo-4000028497,Lianas,habit,9F056FD1-C15E-4A25-A5DB-62EB4185065C,English,2013-04-10,,,,http://creativecommons.org/licenses/by/4.0,Missouri Botanical Garden,Missouri Botanical Garden
wfo-4000036401,herbs,habit,1B50B949-E2D3-4122-B968-C24475F40E0D,English,2013-01-28,,,,http://creativecommons.org/licenses/by/4.0,Missouri Botanical Garden,Missouri Botanical Garden
wfo-4000007120,Trees,habit,4038DA5C-8E03-450C-9E0A-2A872281239D,English,2013-01-29,,,,http://creativecommons.org/licenses/by/4.0,Missouri Botanical Garden,Missouri Botanical Garden
wfo-4000007124,shrubs,habit,87D73221-A877-44D6-9BA9-27415BB882AC,English,2013-05-24,,,,http://creativecommons.org/licenses/by/4.0,Missouri Botanical Garden,Missouri Botanical Garden
wfo-4000028515,tree,habit,C90337C7-C481-41B6-9C99-DC5628931BEA,English,2012-11-27,,,,http://creativecommons.org/licenses/by/4.0,Missouri Botanical Garden,Missouri Botanical Garden
wfo-4000036038,herbs,habit,"AF2A35DE-8DF9-4436-95CA-33D118D8E41B,80E60D6A-27A2-4A56-BEEB-D14DB9AED62E",English,2013-07-12,,,,http://creativecommons.org/licenses/by/4.0,Missouri Botanical Garden,Missouri Botanical Garden
wfo-4000007143,shrub tree,habit,6818D10A-A4BE-478B-86BA-BA7995ABE539,English,2013-01-17,,,,http://creativecommons.org/licenses/by/4.0,Missouri Botanical Garden,Missouri Botanical Garden
wfo-4000013462,Herbs,habit,"0F6FFC3E-9DB6-4879-BED4-333C727DF2E0,50548E3B-18E0-478F-A02C-BB5EBAC1C98C",English,2013-05-29,,,,http://creativecommons.org/licenses/by/4.0,Missouri Botanical Garden,Missouri Botanical Garden
wfo-4000036084,Herbs,habit,"2D3CBC16-F728-4420-B692-BD6E5F36C318,408D2263-33F1-465D-879A-1290BF892D6E",English,2013-03-21,,,,http://creativecommons.org/licenses/by/4.0,Missouri Botanical Garden,Missouri Botanical Garden
wfo-4000028562,Trees,habit,FF5F972D-3304-422D-9568-027702C6B1F7,English,2012-11-16,,,,http://creativecommons.org/licenses/by/4.0,Missouri Botanical Garden,Missouri Botanical Garden
wfo-4000013494,trees,habit,D83BD97C-ECAB-4478-B235-54977B66BD94,English,2012-11-15,,,,http://creativecommons.org/licenses/by/4.0,Missouri Botanical Garden,Missouri Botanical Garden
wfo-4000007213,Herbs or shrubs,habit,"2B94F25C-F1D7-48D2-A635-5DAFE5E469B3,BC125429-024D-4054-9B40-8C4C8D7CCF0F",English,2013-07-12,,,,http://creativecommons.org/licenses/by/4.0,Missouri Botanical Garden,Missouri Botanical Garden
wfo-4000007214,vines,habit,"C7F1896D-0218-422D-B130-DAFA619929BA,6C968C1B-83A1-4E6B-8C18-269BACD959B8",English,2013-09-24,,,,http://creativecommons.org/licenses/by/4.0,Missouri Botanical Garden,Missouri Botanical Garden
wfo-4000021004,Trees or shrubs,habit,5ECB4CC2-63D4-43C3-9AAA-163981E0F00B,English,2013-09-30,,,,http://creativecommons.org/licenses/by/4.0,Missouri Botanical Garden,Missouri Botanical Garden
wfo-4000036162,Shrubs to large trees,habit,"F5A0657E-0DE6-40EB-93BA-E004BF9E046A,EEE7B644-55D9-4CA1-B2F7-F8C7D981375D",English,2013-03-22,,,,http://creativecommons.org/licenses/by/4.0,Missouri Botanical Garden,Missouri Botanical Garden
wfo-4000021052,Herbs,habit,"C2A9259B-E15E-43B5-BA58-75F8E9E5C4A6,BBA58440-D99C-4681-970A-A8063428F95A",English,2013-04-04,,,,http://creativecommons.org/licenses/by/4.0,Missouri Botanical Garden,Missouri Botanical Garden
wfo-4000007288,trees,habit,D4EEF56A-681E-4555-B7F2-0027569C1E92,English,2013-01-28,,,,http://creativecommons.org/licenses/by/4.0,Missouri Botanical Garden,Missouri Botanical Garden
wfo-4000036225,trees,habit,FBDBD1EB-3835-456F-9912-E17F19794CA8,English,2013-09-18,,,,http://creativecommons.org/licenses/by/4.0,Missouri Botanical Garden,Missouri Botanical Garden
wfo-4000036243,Herbs,habit,"3F421D93-239E-4468-B841-5E9ABECC169E,001AB07D-FE72-4370-BC63-DB2D57D8782B",English,2013-04-04,,,,http://creativecommons.org/licenses/by/4.0,Missouri Botanical Garden,Missouri Botanical Garden
wfo-4000036246,herbs shrubs,habit,A01131B9-97F0-4616-A3EB-6DED01461490,English,2013-05-10,,,,http://creativecommons.org/licenses/by/4.0,Missouri Botanical Garden,Missouri Botanical Garden
wfo-4000028693,Trees,habit,B174C913-5F7E-4337-A6D3-078E97627520,English,2013-03-20,,,,http://creativecommons.org/licenses/by/4.0,Missouri Botanical Garden,Missouri Botanical Garden
wfo-4000007327,herbs,habit,507C886A-753D-4494-8D7A-8436FCA12C81,English,2013-01-28,,,,http://creativecommons.org/licenses/by/4.0,Missouri Botanical Garden,Missouri Botanical Garden
wfo-4000028711,trees,habit,1C6DF63E-26F7-45B3-BA9E-18478D5A94EB,English,2013-01-22,,,,http://creativecommons.org/licenses/by/4.0,Missouri Botanical Garden,Missouri Botanical Garden
wfo-4000021510,herbs,habit,33FA9E78-4875-4899-82D5-366C7D0FFB25,English,2013-08-15,,,,http://creativecommons.org/licenses/by/4.0,Missouri Botanical Garden,Missouri Botanical Garden
wfo-4000013638,herbs,habit,"37AC199B-629A-43DE-ABB3-450AB5EBDF2F,9FE80E12-A5D1-46F6-BC0D-C17E6A058B12",English,2013-08-07,,,,http://creativecommons.org/licenses/by/4.0,Missouri Botanical Garden,Missouri Botanical Garden
wfo-4000007373,herbs,habit,5E436404-673D-493D-98DC-BB3B8D23E70B,English,2013-09-19,,,,http://creativecommons.org/licenses/by/4.0,Missouri Botanical Garden,Missouri Botanical Garden
wfo-4000013679,Shrubs trees,habit,CFFE621E-686E-4833-AA57-AE62124BEC8E,English,2013-03-15,,,,http://creativecommons.org/licenses/by/4.0,Missouri Botanical Garden,Missouri Botanical Garden
wfo-4000036319,Herbs or shrubs,habit,AAE39E52-22D9-4D42-A8AE-EB202521F13D,English,2013-07-30,,,,http://creativecommons.org/licenses/by/4.0,Missouri Botanical Garden,Missouri Botanical Garden
wfo-4000028815,shrubs,habit,"E1DB9530-2EF6-4E81-B133-3B9A1F84B18B,1AD3EB70-CF27-413D-8139-8BBED252D9E3",English,2013-07-24,,,,http://creativecommons.org/licenses/by/4.0,Missouri Botanical Garden,Missouri Botanical Garden
wfo-4000007452,shrubs or trees,habit,"D9B19419-CB00-49A6-9E46-CA96D9BC2C94,2DC4E880-5194-4A4C-BEDD-038BD73F8AFB",English,2013-05-15,,,,http://creativecommons.org/licenses/by/4.0,Missouri Botanical Garden,Missouri Botanical Garden
wfo-4000007538,Herbs,habit,638AB0ED-9D8C-4D52-9527-8648791286F2,English,2013-07-25,,,,http://creativecommons.org/licenses/by/4.0,Missouri Botanical Garden,Missouri Botanical Garden
wfo-4000007505,Herbs,habit,0CFB553B-CFE5-4A39-8106-87B7D45CBC88,English,2013-07-25,,,,http://creativecommons.org/licenses/by/4.0,Missouri Botanical Garden,Missouri Botanical Garden
wfo-4000036459,trees,habit,"9EDE41A2-A227-4AF0-94F5-F40562B1ACCA,38410B2E-182D-41AC-8162-961BF3AAF0B4",English,2013-02-07,,,,http://creativecommons.org/licenses/by/4.0,Missouri Botanical Garden,Missouri Botanical Garden
wfo-4000013871,herbs or subshrubs,habit,"7B296E14-E5EB-4F04-95DA-BCFE30729290,49194462-D42A-4026-BA5E-2FF609FEC77C",English,2013-09-27,,,,http://creativecommons.org/licenses/by/4.0,Missouri Botanical Garden,Missouri Botanical Garden
wfo-4000021409,"Lianas, shrubs or small trees",habit,"0A8EE033-4396-4C0C-9B36-03B0D59BEC54,F3525226-B940-4038-9EDD-C6A7613296B7",English,2013-07-02,,,,http://creativecommons.org/licenses/by/4.0,Missouri Botanical Garden,Missouri Botanical Garden
wfo-4000021482,shrubs trees,habit,7C09CF38-A18C-42B3-8B71-97DBAC3D7D94,English,2012-11-16,,,,http://creativecommons.org/licenses/by/4.0,Missouri Botanical Garden,Missouri Botanical Garden
wfo-4000028997,herbs or shrubs,habit,"B99A7298-8C41-4B7F-A3AC-75E4E85FB5C4,0D52545C-CCDA-426E-9078-6B696B129226",English,2013-05-15,,,,http://creativecommons.org/licenses/by/4.0,Missouri Botanical Garden,Missouri Botanical Garden
wfo-4000036600,vines,habit,1EFC637A-21E7-4959-BF4D-BEC18955B865,English,2013-05-30,,,,http://creativecommons.org/licenses/by/4.0,Missouri Botanical Garden,Missouri Botanical Garden
wfo-4000036608,Trees shrubs,habit,"D5E0433D-58D4-45BD-9F04-FCD018C23B82,4053FA44-927C-425F-8469-62123C2A3FE3",English,2013-01-29,,,,http://creativecommons.org/licenses/by/4.0,Missouri Botanical Garden,Missouri Botanical Garden
wfo-4000007642,Herbs or subshrubs,habit,"A06BCC9B-6BFB-44AF-B1D8-77A84AEE73EA,9F5FBFA0-91EB-4B7B-8BAF-E38A83ABAAA4",English,2013-03-20,,,,http://creativecommons.org/licenses/by/4.0,Missouri Botanical Garden,Missouri Botanical Garden
wfo-4000013970,Trees or shrubs,habit,"114991F8-FD77-4F77-8C93-C87816E76D0E,672362E5-90B8-4275-B3B0-49DB0E344CF5",English,2013-09-27,,,,http://creativecommons.org/licenses/by/4.0,Missouri Botanical Garden,Missouri Botanical Garden
wfo-4000013979,Shrubs or small trees,habit,9D6C1660-3113-430F-A8CC-6DA2D0C35D86,English,2013-08-12,,,,http://creativecommons.org/licenses/by/4.0,Missouri Botanical Garden,Missouri Botanical Garden
wfo-4000014016,trees or shrubs,habit,F5CA85E8-757B-496F-8491-23D0870B0AD1,English,2013-05-24,,,,http://creativecommons.org/licenses/by/4.0,Missouri Botanical Garden,Missouri Botanical Garden
wfo-4000014019,trees shrubs,habit,02C4CEFC-2D5B-4EFC-A770-09192C6E2777,English,2012-11-13,,,,http://creativecommons.org/licenses/by/4.0,Missouri Botanical Garden,Missouri Botanical Garden
wfo-4000036687,Vines,habit,"0E453E81-3575-483A-94C2-9BC8884DD5E6,BDA6BB63-B131-43DA-8D21-62F12E30BCF4",English,2013-05-31,,,,http://creativecommons.org/licenses/by/4.0,Missouri Botanical Garden,Missouri Botanical Garden
wfo-4000014030,herbs,habit,"371424CE-040A-4BA3-A391-E0BE948241B2,598C873D-779C-4BCA-A38A-3428636AA9F1",English,2013-08-15,,,,http://creativecommons.org/licenses/by/4.0,Missouri Botanical Garden,Missouri Botanical Garden
wfo-4000014025,trees,habit,B8687055-B3FB-413A-981B-AD205F3A91C4,English,2012-12-18,,,,http://creativecommons.org/licenses/by/4.0,Missouri Botanical Garden,Missouri Botanical Garden
wfo-4000036695,"Lianas, vines or rarely shrubs",habit,90A9596E-EBC2-4548-8FDD-6C573F5EDA75,English,2013-10-15,,,,http://creativecommons.org/licenses/by/4.0,Missouri Botanical Garden,Missouri Botanical Garden
wfo-4000014038,trees or shrubs,habit,B75C394A-D321-4C01-B005-71B2321C0D18,English,2013-08-12,,,,http://creativecommons.org/licenses/by/4.0,Missouri Botanical Garden,Missouri Botanical Garden
wfo-4000036716,"herbs, shrubs or small trees",habit,"3C83D0DD-16D0-46C0-B6DE-EA36E14FABDE,DD18B11F-9A66-46F5-95FF-463F711499BF",English,2013-03-20,,,,http://creativecommons.org/licenses/by/4.0,Missouri Botanical Garden,Missouri Botanical Garden
wfo-4000029154,"Vines, herbs or subshrubs",habit,4E5841EE-A2FF-4FEE-833F-C1AB990267D8,English,2013-09-30,,,,http://creativecommons.org/licenses/by/4.0,Missouri Botanical Garden,Missouri Botanical Garden
wfo-4000036882,Shrubs or trees,habit,"E64D14AD-7C95-4C0A-819D-7F4C0577BD7E,9947815B-E45E-49F2-8741-185D9F29DDE1",English,2013-08-13,,,,http://creativecommons.org/licenses/by/4.0,Missouri Botanical Garden,Missouri Botanical Garden
wfo-4000007753,Lianas shrubs,habit,7EFF72BC-A7B2-482D-B11A-892F020FF490,English,2013-03-07,,,,http://creativecommons.org/licenses/by/4.0,Missouri Botanical Garden,Missouri Botanical Garden
wfo-4000007753,trees,habit,BE16C061-D6D1-4F1C-8FD3-3DFC545D377B,English,2013-03-07,,,,http://creativecommons.org/licenses/by/4.0,Missouri Botanical Garden,Missouri Botanical Garden
wfo-4000021674,Trees,habit,"DEC4B6A5-7845-4DF5-BFC9-C389F922C74C,63997CEF-D7CD-4B65-8D13-FA7C1CF3559C",English,2012-11-13,,,,http://creativecommons.org/licenses/by/4.0,Missouri Botanical Garden,Missouri Botanical Garden
wfo-4000021675,trees shrubs,habit,BDA9008F-D4F1-4C75-885A-2EA77F81F18D,English,2012-11-12,,,,http://creativecommons.org/licenses/by/4.0,Missouri Botanical Garden,Missouri Botanical Garden
wfo-4000036752,vines,habit,"3D0236E2-A480-4856-AFF4-CA721D231621,8F1FB950-4979-44FE-A6B0-1E966017534A",English,2013-09-30,,,,http://creativecommons.org/licenses/by/4.0,Missouri Botanical Garden,Missouri Botanical Garden
wfo-4000036754,Lianas,habit,4F31D78B-F03F-470B-AEDB-D11A4C5CF563,English,2013-05-22,,,,http://creativecommons.org/licenses/by/4.0,Missouri Botanical Garden,Missouri Botanical Garden
wfo-4000021729,Shrubs or small trees,habit,6F45FBE3-B2C2-4F0C-9565-40ED14608643,English,2013-07-08,,,,http://creativecommons.org/licenses/by/4.0,Missouri Botanical Garden,Missouri Botanical Garden
wfo-4000029188,shrub herb,habit,0FF48804-B77B-4AB5-A70B-037A7ED9ED29,English,2013-01-22,,,,http://creativecommons.org/licenses/by/4.0,Missouri Botanical Garden,Missouri Botanical Garden
wfo-4000036943,Shrub,habit,"263F2B0D-94D0-4B3C-ACA2-F2936628FE0C,3B9ADF28-4FC5-46EC-86FE-F7F5702D8AC8",English,2013-01-14,,,,http://creativecommons.org/licenses/by/4.0,Missouri Botanical Garden,Missouri Botanical Garden
wfo-4000029203,shrubs,habit,869F042A-70FD-4758-AFC7-7857C6E51FB9,English,2012-11-13,,,,http://creativecommons.org/licenses/by/4.0,Missouri Botanical Garden,Missouri Botanical Garden
wfo-4000007798,Herbs,habit,14B152EF-D9DD-403B-8065-7C19AFDC311A,English,2013-05-29,,,,http://creativecommons.org/licenses/by/4.0,Missouri Botanical Garden,Missouri Botanical Garden
wfo-4000029252,herbs,habit,E3029141-52BE-43F3-A656-9D54D03FCAE0,English,2013-08-08,,,,http://creativecommons.org/licenses/by/4.0,Missouri Botanical Garden,Missouri Botanical Garden
wfo-4000014151,Shrubs or trees,habit,DEB3D7FE-B24B-4FA4-9FF7-86EF0EFE974E,English,2012-12-19,,,,http://creativecommons.org/licenses/by/4.0,Missouri Botanical Garden,Missouri Botanical Garden
wfo-4000021795,Herbs,habit,"06D97237-EAA2-4D3E-9A05-523DFCC3E536,B67851F4-56FC-40A2-90C9-64B4B9CDEE0A",English,2013-09-10,,,,http://creativecommons.org/licenses/by/4.0,Missouri Botanical Garden,Missouri Botanical Garden
wfo-4000007905,"Shrubs, vines, or trees",habit,416FB5A5-0D15-4D89-918C-96CF8BB2F9BC,English,2013-08-21,,,,http://creativecommons.org/licenses/by/4.0,Missouri Botanical Garden,Missouri Botanical Garden
wfo-4000021824,Shrubs or trees,habit,F4F34EC0-D665-48ED-8FAA-A64688E241F6,English,2013-03-28,,,,http://creativecommons.org/licenses/by/4.0,Missouri Botanical Garden,Missouri Botanical Garden
wfo-4000014224,"Herbs, shrubs or trees",habit,"07E86B35-E32C-4386-A511-7F402BBE92E1,F3758F1E-5D65-4750-A94D-3658125C8983",English,2013-03-20,,,,http://creativecommons.org/licenses/by/4.0,Missouri Botanical Garden,Missouri Botanical Garden
wfo-4000007912,Trees or shrubs,habit,6C2D0C13-5802-43DE-87CC-079809462372,English,2013-08-21,,,,http://creativecommons.org/licenses/by/4.0,Missouri Botanical Garden,Missouri Botanical Garden
wfo-4000021833,Shrubs,habit,"51D047BC-55A5-4619-8296-79372ECD7F7F,DF4F0B97-ECC3-4483-BAEF-4A2BC63536CA",English,2013-09-10,,,,http://creativecommons.org/licenses/by/4.0,Missouri Botanical Garden,Missouri Botanical Garden
wfo-4000029313,shrub,habit,"F4A25F59-011F-436B-9DCA-1CC5047780DD,8361EA32-E555-4E9B-8044-C6AFF6DE2EC5",English,2013-01-14,,,,http://creativecommons.org/licenses/by/4.0,Missouri Botanical Garden,Missouri Botanical Garden
wfo-4000029343,Shrubs tree,habit,0B511DA2-9746-4B38-9A80-CA80082ED983,English,2013-01-14,,,,http://creativecommons.org/licenses/by/4.0,Missouri Botanical Garden,Missouri Botanical Garden
wfo-4000029355,shrub,habit,"BA40F6CA-E3C3-4B1F-9322-72917628A065,5B14522F-11DF-4151-884F-BB2DB948C22E",English,2013-01-14,,,,http://creativecommons.org/licenses/by/4.0,Missouri Botanical Garden,Missouri Botanical Garden
wfo-4000036956,Lianas shrubs,habit,"1DD3297B-AA1F-4457-806E-7B8E07EFB4C3,E0341C4F-A05C-4A56-A225-572D8204EFA1,F1B1061C-471D-4193-8108-9CB92D9038F5",English,2013-03-21,,,,http://creativecommons.org/licenses/by/4.0,Missouri Botanical Garden,Missouri Botanical Garden
wfo-4000029368,herbs,habit,54345FE0-3D3A-4661-AFFF-D843780478B2,English,2013-05-10,,,,http://creativecommons.org/licenses/by/4.0,Missouri Botanical Garden,Missouri Botanical Garden
wfo-4000029389,"Trees, shrubs or herbs",habit,"CD329BBF-543D-4038-ADF1-5D72859073A5,B4191C2C-0253-4D41-B773-639F4F510A98,0AA04A23-F73A-45B8-B3C8-523CF118C336",English,2013-03-18,,,,http://creativecommons.org/licenses/by/4.0,Missouri Botanical Garden,Missouri Botanical Garden
wfo-4000008014,trees,habit,17807174-281F-46DE-8027-365B64654655,English,2013-01-17,,,,http://creativecommons.org/licenses/by/4.0,Missouri Botanical Garden,Missouri Botanical Garden
wfo-4000008055,shrubs,habit,"4E4D6844-7903-4723-91D5-2BC70C9F73C6,CDB84C13-2604-4775-A0BB-E052FCBA7183",English,2013-02-07,,,,http://creativecommons.org/licenses/by/4.0,Missouri Botanical Garden,Missouri Botanical Garden
wfo-4000029808,Shrubs trees,habit,C6EE469D-FFF6-421A-A278-6126554F15CC,English,2012-11-19,,,,http://creativecommons.org/licenses/by/4.0,Missouri Botanical Garden,Missouri Botanical Garden
wfo-4000014346,tree,habit,F32FB689-2DEB-4C89-AF0E-43C7B818B61A,English,2012-10-24,,,,http://creativecommons.org/licenses/by/4.0,Missouri Botanical Garden,Missouri Botanical Garden
wfo-4000029416,trees,habit,72C1DE71-56A6-4205-A9D0-E5B1C47D18A4,English,2012-11-26,,,,http://creativecommons.org/licenses/by/4.0,Missouri Botanical Garden,Missouri Botanical Garden
wfo-4000014711,vines or lianas,habit,"5D5094E2-092C-4F5C-A328-9F8318D2D6D0,134B2607-193F-4259-B6C2-96A036962C6D",English,2013-07-31,,,,http://creativecommons.org/licenses/by/4.0,Missouri Botanical Garden,Missouri Botanical Garden
wfo-4000037014,herbs or rarely subshrubs,habit,"38A59920-D653-4AC3-8DB7-5742F68991B1,09B6F023-533E-428B-B8D2-05B79EBC5811",English,2013-10-01,,,,http://creativecommons.org/licenses/by/4.0,Missouri Botanical Garden,Missouri Botanical Garden
wfo-4000008041,Shrubs or trees,habit,"AEE52FE8-71DD-4D5B-8A59-F64AC87A6832,7EA49A3B-CCCF-4529-BE02-35FF1330B669",English,2013-08-21,,,,http://creativecommons.org/licenses/by/4.0,Missouri Botanical Garden,Missouri Botanical Garden
wfo-4000014407,Herbs or small suffrutescent shrubs,habit,"054865DE-9E20-4C8E-93C5-4D6348BBC6B3,A0059ED1-6A9D-4267-8379-C10A575409BA",English,2013-05-31,,,,http://creativecommons.org/licenses/by/4.0,Missouri Botanical Garden,Missouri Botanical Garden
wfo-4000029503,herbs or rarely shrubs,habit,"F25CAD5D-FBB5-4378-BE5A-F756B80EF2E0,791B4D89-1A9C-4BC8-982A-A8AFBAFB9F7F",English,2013-05-15,,,,http://creativecommons.org/licenses/by/4.0,Missouri Botanical Garden,Missouri Botanical Garden
wfo-4000022025,herbs,habit,A1EE28B0-A5BD-4495-9670-748A0C9629D3,English,2012-11-29,,,,http://creativecommons.org/licenses/by/4.0,Missouri Botanical Garden,Missouri Botanical Garden
wfo-4000022060,Herbs,habit,C9174A26-E065-4AEA-9F44-60F58E20B480,English,2013-04-09,,,,http://creativecommons.org/licenses/by/4.0,Missouri Botanical Garden,Missouri Botanical Garden
wfo-4000022035,herbs or shrubs,habit,"71367BA5-87B7-4749-800F-F1D1324D12AB,6FEB22F3-CFA6-45FC-8370-5DDCDF970971",English,2013-07-12,,,,http://creativecommons.org/licenses/by/4.0,Missouri Botanical Garden,Missouri Botanical Garden
wfo-4000014482,Shrubs or trees,habit,BA93ED57-1DDB-4BAA-945A-CE76C64A0FE3,English,2013-09-04,,,,http://creativecommons.org/licenses/by/4.0,Missouri Botanical Garden,Missouri Botanical Garden
wfo-4000022072,Shrubs herbs,habit,58600868-82D8-49EC-BF73-1ADF32A635ED,English,2013-05-08,,,,http://creativecommons.org/licenses/by/4.0,Missouri Botanical Garden,Missouri Botanical Garden
wfo-4000037175,"Herbs, shrubs or rarely small trees",habit,A81CD88D-82C6-4DCC-9A80-931AFE07130B,English,2013-05-29,,,,http://creativecommons.org/licenses/by/4.0,Missouri Botanical Garden,Missouri Botanical Garden
wfo-4000029587,herbs or shrubs,habit,AB9B881E-3DB4-485F-A4D3-29E9833FF4B6,English,2013-01-28,,,,http://creativecommons.org/licenses/by/4.0,Missouri Botanical Garden,Missouri Botanical Garden
wfo-4000037191,Trees or shrubs,habit,52AC903F-94D3-47D6-9E2D-D91DCAAD8EEE,English,2013-10-17,,,,http://creativecommons.org/licenses/by/4.0,Missouri Botanical Garden,Missouri Botanical Garden
wfo-4000022154,Trees or shrubs,habit,CDCA1076-0AB1-42DC-B582-971DD630D295,English,2013-03-06,,,,http://creativecommons.org/licenses/by/4.0,Missouri Botanical Garden,Missouri Botanical Garden
wfo-4000029617,Shrubs or trees,habit,81A82570-C610-42E4-96B2-E94CA6F11F99,English,2013-05-09,,,,http://creativecommons.org/licenses/by/4.0,Missouri Botanical Garden,Missouri Botanical Garden
wfo-4000037395,"Shrubs, or small trees",habit,6C48F5C3-6178-46D5-BC60-349C66CE19F3,English,2013-04-08,,,,http://creativecommons.org/licenses/by/4.0,Missouri Botanical Garden,Missouri Botanical Garden
wfo-4000022170,"Vines, shrubs, or small trees",habit,"2F003474-C98E-4FB5-AAFC-0D868EA7C0AE,EFE8F3F9-9511-4DAB-97D3-4C45C6682155",English,2013-05-14,,,,http://creativecommons.org/licenses/by/4.0,Missouri Botanical Garden,Missouri Botanical Garden
wfo-4000022179,Herb shrub,habit,E277FF2A-FCE7-4E2D-8CA3-FE6145419F3F,English,2013-01-11,,,,http://creativecommons.org/licenses/by/4.0,Missouri Botanical Garden,Missouri Botanical Garden
wfo-4000014589,Trees or shrubs,habit,088C8921-A12E-446B-A2DB-3208C75FCDBF,English,2013-09-04,,,,http://creativecommons.org/licenses/by/4.0,Missouri Botanical Garden,Missouri Botanical Garden
wfo-4000037236,Trees,habit,"A990F4B9-EF53-4B3D-846E-E1861CEC74AC,E79FEFBE-C548-434E-895A-62A8701ABC55",English,2013-03-14,,,,http://creativecommons.org/licenses/by/4.0,Missouri Botanical Garden,Missouri Botanical Garden
wfo-4000008232,Shrubs to trees,habit,"8B82DF9D-E499-471A-8D27-A8A5107A639A,E1B5C1D8-BC35-49F8-B15F-B5DF6255D351",English,2013-04-02,,,,http://creativecommons.org/licenses/by/4.0,Missouri Botanical Garden,Missouri Botanical Garden
wfo-4000037242,Shrubs or trees,habit,10FBDBBD-46FF-471C-9C15-ACF9529AD1BC,English,2013-07-03,,,,http://creativecommons.org/licenses/by/4.0,Missouri Botanical Garden,Missouri Botanical Garden
wfo-4000029665,herb,habit,7DF1DE6B-4E34-429D-86BC-79BFA391509E,English,2013-01-22,,,,http://creativecommons.org/licenses/by/4.0,Missouri Botanical Garden,Missouri Botanical Garden
wfo-4000029715,parasites,habit,FE56AA61-81F8-4787-88ED-1B351D44567D,English,2013-05-09,,,,http://creativecommons.org/licenses/by/4.0,Missouri Botanical Garden,Missouri Botanical Garden
wfo-4000014673,Trees or shrubs,habit,AF826E8B-BDF7-4E67-9A18-B19CB2F70FF3,English,2013-09-04,,,,http://creativecommons.org/licenses/by/4.0,Missouri Botanical Garden,Missouri Botanical Garden
wfo-4000008324,Trees or shrubs,habit,CEC1B19E-1D20-46E5-A128-C113FE6443F0,English,2013-08-28,,,,http://creativecommons.org/licenses/by/4.0,Missouri Botanical Garden,Missouri Botanical Garden
wfo-4000029780,herbs,habit,D3DE00D2-0804-4F8D-91E8-624D0B9A754D,English,2013-07-09,,,,http://creativecommons.org/licenses/by/4.0,Missouri Botanical Garden,Missouri Botanical Garden
wfo-4000008353,vines,habit,"81594F56-7EE0-40A3-8D58-19E520EF215B,A1F91F10-0B74-4A7E-BE39-B0025489FF86",English,2013-07-31,,,,http://creativecommons.org/licenses/by/4.0,Missouri Botanical Garden,Missouri Botanical Garden
wfo-4000022316,Shrubs,habit,C1BCFBC7-2486-4B71-B5F1-AB127C498D9C,English,2013-07-30,,,,http://creativecommons.org/licenses/by/4.0,Missouri Botanical Garden,Missouri Botanical Garden
wfo-4000008359,herbs,habit,"8F2274CB-B549-4DD6-87BC-4CCB0E6CE1B7,08D59EB9-3D69-4CB4-A764-02EA6DB555A8",English,2012-10-28,,,,http://creativecommons.org/licenses/by/4.0,Missouri Botanical Garden,Missouri Botanical Garden
wfo-4000001104,Trees shrubs,habit,1F1761C7-19C1-4547-804F-6EEB595ECD96,English,2012-11-15,,,,http://creativecommons.org/licenses/by/4.0,Missouri Botanical Garden,Missouri Botanical Garden
wfo-4000029816,Shrubs trees,habit,29597D21-2FD4-45C4-B3B8-DAC763713152,English,2012-11-16,,,,http://creativecommons.org/licenses/by/4.0,Missouri Botanical Garden,Missouri Botanical Garden
wfo-4000037357,herb,habit,"A6A77FB6-EB14-48BA-B98F-783D4FA8E091,349AB246-1AC9-4539-A7A2-84502A6E10B7",English,2013-05-24,,,,http://creativecommons.org/licenses/by/4.0,Missouri Botanical Garden,Missouri Botanical Garden
wfo-4000008376,shrubs,habit,B22DD9E6-04B1-43CB-8020-C80EC6D5FED5,English,2013-02-07,,,,http://creativecommons.org/licenses/by/4.0,Missouri Botanical Garden,Missouri Botanical Garden
wfo-4000008385,"vines, herbs or small shrubs",habit,B3663967-D6EC-4AB2-B797-A212D0C6EEA4,English,2013-03-27,,,,http://creativecommons.org/licenses/by/4.0,Missouri Botanical Garden,Missouri Botanical Garden
wfo-4000037392,Shrubs to giant trees,habit,"4246E096-5F61-4128-8CDB-524607AB51FD,9C166128-CF7B-453A-AF45-0BE5DA097537,DF29858C-1D0C-466D-A390-5BD62E9FCDFE",English,2013-05-22,,,,http://creativecommons.org/licenses/by/4.0,Missouri Botanical Garden,Missouri Botanical Garden
wfo-4000001120,Trees or shrubs,habit,"3C938EA8-670A-4C34-A439-3AFCEBA38C29,657BB61F-819E-486D-83E5-E3B4A38A99DF",English,2013-03-18,,,,http://creativecommons.org/licenses/by/4.0,Missouri Botanical Garden,Missouri Botanical Garden
wfo-4000022442,"herbs, rarely shrubs",habit,895AE137-00BD-457F-87C0-942472A497B0,English,2013-09-30,,,,http://creativecommons.org/licenses/by/4.0,Missouri Botanical Garden,Missouri Botanical Garden
wfo-4000037527,Lianas,habit,DBB00099-A94F-483B-9C82-93031DFB4EB8,English,2013-05-22,,,,http://creativecommons.org/licenses/by/4.0,Missouri Botanical Garden,Missouri Botanical Garden
wfo-4000001121,Trees,habit,"B9DD8E84-C795-45DD-8941-172F88812011,3521D3C6-6E5B-40BE-995B-222DC7C7E96A",English,2013-03-18,,,,http://creativecommons.org/licenses/by/4.0,Missouri Botanical Garden,Missouri Botanical Garden
wfo-4000008399,Trees or shrubs,habit,19CB151C-8157-4251-B7B5-15DB4FFA9696,English,2013-05-13,,,,http://creativecommons.org/licenses/by/4.0,Missouri Botanical Garden,Missouri Botanical Garden
wfo-4000022363,tree,habit,04909CEC-F38D-4A28-A9D8-845297AD1B7E,English,2013-01-17,,,,http://creativecommons.org/licenses/by/4.0,Missouri Botanical Garden,Missouri Botanical Garden
wfo-4000022364,Shrubs trees,habit,42B8D288-56DF-4FF8-95AD-8FF97F50283B,English,2013-01-17,,,,http://creativecommons.org/licenses/by/4.0,Missouri Botanical Garden,Missouri Botanical Garden
wfo-4000008410,vines,habit,"66CAF8BD-E3E5-4B72-B0A1-CFFD3BE32948,53E4764F-89B6-4A22-9A51-CF87FE738950",English,2013-07-31,,,,http://creativecommons.org/licenses/by/4.0,Missouri Botanical Garden,Missouri Botanical Garden
wfo-4000008411,shrubs or small trees,habit,"58ABFAA2-B0BC-450F-BC59-E94AF23C0E35,F9AC0398-81D1-4B0B-9E74-ED90893E342C",English,2013-08-12,,,,http://creativecommons.org/licenses/by/4.0,Missouri Botanical Garden,Missouri Botanical Garden
wfo-4000014802,Trees,habit,70C84CF6-2BBE-4768-96E7-1A5177E9729E,English,2013-03-06,,,,http://creativecommons.org/licenses/by/4.0,Missouri Botanical Garden,Missouri Botanical Garden
wfo-4000014796,vines,habit,39F22388-CE98-4898-ADB7-291FD85F5B0C,English,2013-05-30,,,,http://creativecommons.org/licenses/by/4.0,Missouri Botanical Garden,Missouri Botanical Garden
wfo-4000029879,Trees,habit,028D5909-4091-4C82-9CAE-748373A545B5,English,2013-03-06,,,,http://creativecommons.org/licenses/by/4.0,Missouri Botanical Garden,Missouri Botanical Garden
wfo-4000029881,Shrubs trees,habit,86CFDFEE-B129-4D3B-9513-3FF769A527D3,English,2013-01-28,,,,http://creativecommons.org/licenses/by/4.0,Missouri Botanical Garden,Missouri Botanical Garden
wfo-4000022399,Trees shrubs,habit,613264CA-A91A-4181-B51F-F90D1C34DECB,English,2013-01-30,,,,http://creativecommons.org/licenses/by/4.0,Missouri Botanical Garden,Missouri Botanical Garden
wfo-4000001170,Trees shrubs,habit,"E777BD15-7356-4141-92E8-DF9D0C661B70,7E6CB4CB-2B2F-46B1-A1E7-1FF46C53D996",English,2013-01-17,,,,http://creativecommons.org/licenses/by/4.0,Missouri Botanical Garden,Missouri Botanical Garden
wfo-4000037470,trees or shrubs,habit,250C7CC6-7F55-4FC4-ACC6-4D6DC639976F,English,2013-02-07,,,,http://creativecommons.org/licenses/by/4.0,Missouri Botanical Garden,Missouri Botanical Garden
wfo-4000029904,Trees shrubs,habit,90BB5440-2D99-4D60-8AEF-F1263DC13913,English,2012-11-14,,,,http://creativecommons.org/licenses/by/4.0,Missouri Botanical Garden,Missouri Botanical Garden
wfo-4000001184,Shrubs or trees,habit,95196B60-5730-4CBC-AADB-F340FA23D082,English,2013-08-19,,,,http://creativecommons.org/licenses/by/4.0,Missouri Botanical Garden,Missouri Botanical Garden
wfo-4000008515,Shrubs or trees,habit,A47C677D-CFE9-42A1-B7E7-7A97F9AB8B53,English,2013-09-19,,,,http://creativecommons.org/licenses/by/4.0,Missouri Botanical Garden,Missouri Botanical Garden
wfo-4000022426,Shrubs or trees,habit,967EB39F-0CE3-4C19-82EC-7FB778AA6474,English,2013-03-28,,,,http://creativecommons.org/licenses/by/4.0,Missouri Botanical Garden,Missouri Botanical Garden
wfo-4000037489,"Herbs, subshrubs or shrubs",habit,D7000C04-D075-41F2-98ED-37A89C8A2D56,English,2013-01-28,,,,http://creativecommons.org/licenses/by/4.0,Missouri Botanical Garden,Missouri Botanical Garden
wfo-4000037492,shrubs or trees,habit,DBCB095A-65C8-4C6D-B66E-7C937EC19FE9,English,2013-07-18,,,,http://creativecommons.org/licenses/by/4.0,Missouri Botanical Garden,Missouri Botanical Garden
wfo-4000014850,Shrub,habit,BED8BA07-B66D-40BB-B6FF-0763A3DF0D42,English,2013-09-30,,,,http://creativecommons.org/licenses/by/4.0,Missouri Botanical Garden,Missouri Botanical Garden
wfo-4000037503,trees,habit,83C83281-0218-42E4-B486-E372DD4EB335,English,2012-11-27,,,,http://creativecommons.org/licenses/by/4.0,Missouri Botanical Garden,Missouri Botanical Garden
wfo-4000022433,Lianas,habit,DDACE349-841F-4160-9673-A01B4BBB7A63,English,2013-05-21,,,,http://creativecommons.org/licenses/by/4.0,Missouri Botanical Garden,Missouri Botanical Garden
wfo-4000014854,herbs,habit,150ED966-898F-4003-AB4E-92E2925661A3,English,2013-01-22,,,,http://creativecommons.org/licenses/by/4.0,Missouri Botanical Garden,Missouri Botanical Garden
wfo-4000008532,Trees or shrubs,habit,A4C0395D-4766-40F6-BC98-1F2D2C563EEF,English,2013-03-18,,,,http://creativecommons.org/licenses/by/4.0,Missouri Botanical Garden,Missouri Botanical Garden
wfo-4000008565,vines,habit,AC9D7D73-F89E-43C0-BACD-25CA093D7742,English,2013-02-07,,,,http://creativecommons.org/licenses/by/4.0,Missouri Botanical Garden,Missouri Botanical Garden
wfo-4000022484,"Herbs, shrubs or vines",habit,"7F9C5CAF-C279-42C1-B0DF-DC6223DDAE91,B8326CEE-2136-4692-BA0B-EF6B4D6B3243",English,2013-05-15,,,,http://creativecommons.org/licenses/by/4.0,Missouri Botanical Garden,Missouri Botanical Garden
wfo-4000037568,Trees or shrubs,habit,0883ACD4-68BE-4B8B-A2D8-8DAC04567502,English,2013-03-22,,,,http://creativecommons.org/licenses/by/4.0,Missouri Botanical Garden,Missouri Botanical Garden
wfo-4000008580,Herbs,habit,77A3C8E1-D825-4743-878A-20A57CC1BEE9,English,2012-11-12,,,,http://creativecommons.org/licenses/by/4.0,Missouri Botanical Garden,Missouri Botanical Garden
wfo-4000022503,herbs,habit,"7B8CABC0-E096-4ED6-905B-2BD4484259F0,D822235B-98B6-4948-956E-0C1BB6609673",English,2013-05-15,,,,http://creativecommons.org/licenses/by/4.0,Missouri Botanical Garden,Missouri Botanical Garden
wfo-4000008593,trees or shrubs,habit,B2BAC60B-B723-4B84-A034-99E45154D547,English,2013-05-13,,,,http://creativecommons.org/licenses/by/4.0,Missouri Botanical Garden,Missouri Botanical Garden
wfo-4000030044,"herbs, rarely shrubs",habit,97CC2991-7729-4025-BE54-9ACC7FA05394,English,2013-05-08,,,,http://creativecommons.org/licenses/by/4.0,Missouri Botanical Garden,Missouri Botanical Garden
wfo-4000008601,Trees shrubs,habit,"2DC39B97-629E-4D47-888E-4C9F921C9F8F,7AA321DB-136A-4CA0-B546-404DBC2311DB",English,2013-03-14,,,,http://creativecommons.org/licenses/by/4.0,Missouri Botanical Garden,Missouri Botanical Garden
wfo-4000008721,Shrub tree,habit,"1EE0E21B-6ABA-4DD4-A100-22371FB2085C,B1EA9C5E-FD7C-4470-8899-BC9C8975F4EC",English,2013-01-14,,,,http://creativecommons.org/licenses/by/4.0,Missouri Botanical Garden,Missouri Botanical Garden
wfo-4000001286,Lianas,habit,CAADFAC0-B8C1-4BA5-8A3E-116776D01EAD,English,2013-04-09,,,,http://creativecommons.org/licenses/by/4.0,Missouri Botanical Garden,Missouri Botanical Garden
wfo-4000001295,Shrubs or coarse herbs,habit,"1B3BFC43-C5EE-4E48-8E97-7A8A08FE1FD0,EBEE8826-7C98-4DAD-B06F-BE2C75297698",English,2013-08-05,,,,http://creativecommons.org/licenses/by/4.0,Missouri Botanical Garden,Missouri Botanical Garden
wfo-4000014958,Lianas,habit,6C4F4538-79A4-4DA8-A1A0-A05D7EABE799,English,2013-04-10,,,,http://creativecommons.org/licenses/by/4.0,Missouri Botanical Garden,Missouri Botanical Garden
wfo-4000008644,"Trees, shrubs, lianas, herbaceous vines or suffruticose herbs",habit,"1D683F6E-7712-4450-951C-1041549797D3,22C176C1-F40C-4D62-8CBA-BF9018017ED7",English,2013-09-25,,,,http://creativecommons.org/licenses/by/4.0,Missouri Botanical Garden,Missouri Botanical Garden
wfo-4000037661,Shrubs or small trees,habit,685D6C8D-7CD1-4FDE-8CF7-6FA4DC0CB037,English,2013-05-22,,,,http://creativecommons.org/licenses/by/4.0,Missouri Botanical Garden,Missouri Botanical Garden
wfo-4000037674,trees,habit,13E66851-6D73-45F7-828F-46ABB8EED58F,English,2013-05-13,,,,http://creativecommons.org/licenses/by/4.0,Missouri Botanical Garden,Missouri Botanical Garden
wfo-4000008664,Trees or shrubs,habit,"AEA9F71F-1456-4D1B-8DF0-9E0C8E2DAB36,61E24AFD-70C1-4CD1-B363-0C7561C88FFF",English,2013-10-17,,,,http://creativecommons.org/licenses/by/4.0,Missouri Botanical Garden,Missouri Botanical Garden
wfo-4000008666,shrubs,habit,78779F33-9A57-4E21-8E32-DCFCACCB67C2,English,2013-10-17,,,,http://creativecommons.org/licenses/by/4.0,Missouri Botanical Garden,Missouri Botanical Garden
wfo-4000030130,Trees or shrubs,habit,61F653E9-AB4A-4B15-91B0-1AF8E1E197DC,English,2013-03-06,,,,http://creativecommons.org/licenses/by/4.0,Missouri Botanical Garden,Missouri Botanical Garden
wfo-4000008679,Lianas,habit,355D5443-5DDF-4261-B1EA-E79527078D31,English,2013-05-21,,,,http://creativecommons.org/licenses/by/4.0,Missouri Botanical Garden,Missouri Botanical Garden
wfo-4000001372,Trees or shrubs,habit,3E877BF7-400E-495C-A0B1-8150130187AE,English,2013-08-19,,,,http://creativecommons.org/licenses/by/4.0,Missouri Botanical Garden,Missouri Botanical Garden
wfo-4000008700,"Tree, shrubs, or herbs",habit,"5116AC14-1758-4927-9401-266EC3D12CF9,51FFE00A-48C0-4D46-AF6F-ECE283505F02",English,2013-03-18,,,,http://creativecommons.org/licenses/by/4.0,Missouri Botanical Garden,Missouri Botanical Garden
wfo-4000037717,Herbs,habit,5421DCB6-BBE6-4C63-9AE0-F808CE3EBC32,English,2013-07-30,,,,http://creativecommons.org/licenses/by/4.0,Missouri Botanical Garden,Missouri Botanical Garden
wfo-4000015020,vines,habit,"A32CDCB3-40B8-4FB7-B19D-9162C7769062,CF5E719D-E693-4F20-AC7E-B2A12D1A0762",English,2013-07-31,,,,http://creativecommons.org/licenses/by/4.0,Missouri Botanical Garden,Missouri Botanical Garden
wfo-4000008705,Lianas,habit,"C4D80470-FB06-4527-B7F9-1FC7F409FBE6,00BBFBB3-EFC6-412F-BDC0-C17EF16F2F5C",English,2013-05-08,,,,http://creativecommons.org/licenses/by/4.0,Missouri Botanical Garden,Missouri Botanical Garden
wfo-4000008717,Herbs,habit,"E2212C11-FCB5-4D44-919C-17FD77A065AB,1530809E-2469-41F0-8357-0BE7689A7518",English,2013-08-28,,,,http://creativecommons.org/licenses/by/4.0,Missouri Botanical Garden,Missouri Botanical Garden
wfo-4000022628,Shrubs or trees,habit,"5FA09BBF-D23B-4CB4-BA6C-2E1B9BDEA034,F569BB06-5C7B-4716-A8A0-1D7C6BE1EA1C",English,2013-09-10,,,,http://creativecommons.org/licenses/by/4.0,Missouri Botanical Garden,Missouri Botanical Garden
wfo-4000015054,Trees shrubs,habit,"A28ECFCA-99FA-42BE-B31B-A97A925743D7,1771F6A4-946E-4ECF-9627-DF18B85C542D",English,2013-03-14,,,,http://creativecommons.org/licenses/by/4.0,Missouri Botanical Garden,Missouri Botanical Garden
wfo-4000022640,shrubs,habit,"C455BE95-2038-4772-9369-A394E68E8169,EE293ED3-654F-4760-987B-D58AEEC7BEB8",English,2013-07-23,,,,http://creativecommons.org/licenses/by/4.0,Missouri Botanical Garden,Missouri Botanical Garden
wfo-4000001447,Trees or shrubs,habit,1CE302B9-7039-4687-8AD3-B1B4501307CE,English,2013-08-19,,,,http://creativecommons.org/licenses/by/4.0,Missouri Botanical Garden,Missouri Botanical Garden
wfo-4000001437,Herbs,habit,A98C94E6-571F-4199-A2CB-6B6E146B0BB9,English,2013-09-24,,,,http://creativecommons.org/licenses/by/4.0,Missouri Botanical Garden,Missouri Botanical Garden
wfo-4000008752,Suffrutices shrubs,habit,8426DBDA-D842-4821-83B9-5FC5A799889E,English,2013-03-14,,,,http://creativecommons.org/licenses/by/4.0,Missouri Botanical Garden,Missouri Botanical Garden
wfo-4000037774,herbs or shrubs,habit,"4AD51784-D3D2-4743-AA51-C6FE0EF1C3CA,9998C7F9-EC34-4B8B-A118-EFF61F34FFD4",English,2013-10-01,,,,http://creativecommons.org/licenses/by/4.0,Missouri Botanical Garden,Missouri Botanical Garden
wfo-4000037781,vines,habit,2A807D81-00F2-44CF-A9EF-E1D282E2CF59,English,2013-10-01,,,,http://creativecommons.org/licenses/by/4.0,Missouri Botanical Garden,Missouri Botanical Garden
wfo-4000001458,Trees or shrubs,habit,BE52FCEC-3210-4BDC-B821-2A6F583B53C0,English,2013-03-18,,,,http://creativecommons.org/licenses/by/4.0,Missouri Botanical Garden,Missouri Botanical Garden
wfo-4000022677,"Shrubs, subshrubs, rarely herb",habit,"43731076-6B82-4C71-859C-E78C27CD46D7,3C1EE225-B5BF-46EF-AD5C-4B611784A6BE",English,2013-05-29,,,,http://creativecommons.org/licenses/by/4.0,Missouri Botanical Garden,Missouri Botanical Garden
wfo-4000037813,Trees shrubs,habit,"84888E02-43EE-4D7F-A37E-67C886956D01,77CCA2E8-8A53-4164-BAB7-8A0E70FE6682",English,2013-03-14,,,,http://creativecommons.org/licenses/by/4.0,Missouri Botanical Garden,Missouri Botanical Garden
wfo-4000008779,shrubs or lianas or herbs,habit,"B849AEB0-32F3-4A74-825E-457222743EF8,ADFE1A0C-293E-46BA-A246-843D09257DA6",English,2013-08-06,,,,http://creativecommons.org/licenses/by/4.0,Missouri Botanical Garden,Missouri Botanical Garden
wfo-4000022698,Trees or shrubs,habit,1516A0D7-6141-46DA-8A7B-57064C45CAD9,English,2013-09-10,,,,http://creativecommons.org/licenses/by/4.0,Missouri Botanical Garden,Missouri Botanical Garden
wfo-4000030270,Lianas,habit,C333B986-52BD-46A0-AF0F-99CFE62F4C69,English,2013-05-22,,,,http://creativecommons.org/licenses/by/4.0,Missouri Botanical Garden,Missouri Botanical Garden
wfo-4000022724,trees,habit,9097E992-7BB8-43C1-9EE2-9C0D797E2647,English,2012-11-27,,,,http://creativecommons.org/licenses/by/4.0,Missouri Botanical Garden,Missouri Botanical Garden
wfo-4000037898,Trees or shrubs,habit,DFC45C2D-BF0A-4D1F-8BD6-0518174FCB56,English,2013-04-05,,,,http://creativecommons.org/licenses/by/4.0,Missouri Botanical Garden,Missouri Botanical Garden
wfo-4000037857,Lianas shrubs,habit,954EF193-5318-4464-9654-1359C19A31ED,English,2013-03-13,,,,http://creativecommons.org/licenses/by/4.0,Missouri Botanical Garden,Missouri Botanical Garden
wfo-4000015172,shrubs trees,habit,"D76D08A1-9732-46A5-9223-99241128793B,572636C2-8B13-4A2D-9AB9-4D751573EFAF",English,2013-01-14,,,,http://creativecommons.org/licenses/by/4.0,Missouri Botanical Garden,Missouri Botanical Garden
wfo-4000015180,Herbs,habit,BA64D376-0357-48CB-8BC8-80773C3AD63C,English,2013-09-30,,,,http://creativecommons.org/licenses/by/4.0,Missouri Botanical Garden,Missouri Botanical Garden
wfo-4000022762,Vines or sometimes erect or sprawling herbs,habit,31218D35-E496-4F7D-AF09-C02428057489,English,2013-09-30,,,,http://creativecommons.org/licenses/by/4.0,Missouri Botanical Garden,Missouri Botanical Garden
wfo-4000008851,Shrubs,habit,"9D96EC14-389C-4726-8C5D-4CD56837A21D,B5F9C16B-ADCC-4D0D-8BD1-46BB2382EF71",English,2013-08-28,,,,http://creativecommons.org/licenses/by/4.0,Missouri Botanical Garden,Missouri Botanical Garden
wfo-4000037931,Herbs,habit,66D76F64-5958-4692-B26C-A0AEEF5CAC09,English,2013-07-30,,,,http://creativecommons.org/licenses/by/4.0,Missouri Botanical Garden,Missouri Botanical Garden
wfo-4000001608,herbs,habit,594BB413-5041-447E-9F9E-3D22EC9F382D,English,2012-12-18,,,,http://creativecommons.org/licenses/by/4.0,Missouri Botanical Garden,Missouri Botanical Garden
wfo-4000022860,trees or shrubs,habit,22AB450D-9D2B-4557-8B3C-1CD0E5501E19,English,2013-02-07,,,,http://creativecommons.org/licenses/by/4.0,Missouri Botanical Garden,Missouri Botanical Garden
wfo-4000015238,Trees or shrubs,habit,"43F95C35-3FDF-4FE4-B818-E44BC21655AE,11996EFA-DC9D-41C7-97F5-EA7C4817DAA5",English,2013-08-12,,,,http://creativecommons.org/licenses/by/4.0,Missouri Botanical Garden,Missouri Botanical Garden
wfo-4000037939,herbs,habit,"65C363B6-3211-475A-A87F-45CC30E52C44,BBD17B7A-9E67-44A1-B455-21D9D041B6C3",English,2013-08-16,,,,http://creativecommons.org/licenses/by/4.0,Missouri Botanical Garden,Missouri Botanical Garden
wfo-4000008914,Herbs shrubs,habit,BBEEDB1B-57D8-4CA4-A7FF-45F48FEEE1BD,English,2013-04-04,,,,http://creativecommons.org/licenses/by/4.0,Missouri Botanical Garden,Missouri Botanical Garden
wfo-4000015254,"Subshrubs or shrubs, rarely trees.",habit,"BE2D4198-A127-4A1D-9645-830DB583E448,D46DF4C3-BB71-40E8-85BA-7855727CCDC1",English,2013-10-07,,,,http://creativecommons.org/licenses/by/4.0,Missouri Botanical Garden,Missouri Botanical Garden
wfo-4000030418,Lianas,habit,"21F6C0D3-2360-443D-A476-F077F009590B,C50D8414-75D1-4482-9936-EF2D2E09C7C8",English,2013-03-20,,,,http://creativecommons.org/licenses/by/4.0,Missouri Botanical Garden,Missouri Botanical Garden
wfo-4000037978,Lianas,habit,BA121331-FA8F-4FF7-9D8E-E55BBDB1C9E9,English,2013-10-15,,,,http://creativecommons.org/licenses/by/4.0,Missouri Botanical Garden,Missouri Botanical Garden
wfo-4000030425,Herbs or subshrubs,habit,FB104F88-3C19-4215-BFB6-227AF8FE87F4,English,2013-04-08,,,,http://creativecommons.org/licenses/by/4.0,Missouri Botanical Garden,Missouri Botanical Garden
wfo-4000030426,"Trees, small, or shrubs",habit,"F5086C53-39CC-4B30-8C83-2D093AAF45E2,E3F10029-C952-46CD-ACAF-8A7C3E1F9347",English,2013-04-08,,,,http://creativecommons.org/licenses/by/4.0,Missouri Botanical Garden,Missouri Botanical Garden
wfo-4000001665,tree,habit,26BC6B03-2B9A-4246-8D0C-0ED0790DD20E,English,2013-01-17,,,,http://creativecommons.org/licenses/by/4.0,Missouri Botanical Garden,Missouri Botanical Garden
wfo-4000008985,"Shrubs, or small trees",habit,"137A99B7-34D4-414F-BE4E-123A215FEF07,D56D8E0F-7C72-4147-8344-464F5A23897B",English,2013-05-08,,,,http://creativecommons.org/licenses/by/4.0,Missouri Botanical Garden,Missouri Botanical Garden
wfo-4000038010,Trees,habit,D088EF62-6897-44BC-8C3F-35EDD05F53D3,English,2013-03-28,,,,http://creativecommons.org/licenses/by/4.0,Missouri Botanical Garden,Missouri Botanical Garden
wfo-4000008965,herbs or vines,habit,"E06485CA-1376-4F86-BE5E-360559F4009F,7DEEFD52-D5BB-4A72-9342-F5FCCE66B8F3",English,2013-09-25,,,,http://creativecommons.org/licenses/by/4.0,Missouri Botanical Garden,Missouri Botanical Garden
wfo-4000015311,Shrubs or trees,habit,"5DFFF8EA-F7D2-423E-816F-E83FC1D1FE18,CADD3677-4540-4881-A29E-9F6A23C7E5EF",English,2013-03-18,,,,http://creativecommons.org/licenses/by/4.0,Missouri Botanical Garden,Missouri Botanical Garden
wfo-4000038026,Trees or shrubs,habit,"6B35317E-EDE5-47EE-87BD-8AD9E2017025,7A18BEED-0DA1-432E-970C-134BBB628B05",English,2013-03-20,,,,http://creativecommons.org/licenses/by/4.0,Missouri Botanical Garden,Missouri Botanical Garden
wfo-4000015318,shrubs or trees,habit,"A9526E51-4E06-43AA-A744-C1643AAFCF78,006D5A01-7121-4422-BCA2-9616B474CC51",English,2013-10-17,,,,http://creativecommons.org/licenses/by/4.0,Missouri Botanical Garden,Missouri Botanical Garden
wfo-4000038030,Herbs,habit,"D6767F51-8301-4E04-8C55-8F0FE2017B59,ACB8D19A-D304-49D8-A50B-A578C340ABC1",English,2013-04-04,,,,http://creativecommons.org/licenses/by/4.0,Missouri Botanical Garden,Missouri Botanical Garden
wfo-4000001704,Herbs or subshrubs,habit,"244F47E9-9CE6-40AE-B436-1F5658B4E1C4,12E08108-6277-4EA7-BB6F-5AC451481E17",English,2013-08-19,,,,http://creativecommons.org/licenses/by/4.0,Missouri Botanical Garden,Missouri Botanical Garden
wfo-4000038045,herbs,habit,7ADDFBD4-FFD7-481F-A1B6-2C8B1366B3C8,English,2013-05-09,,,,http://creativecommons.org/licenses/by/4.0,Missouri Botanical Garden,Missouri Botanical Garden
wfo-4000008993,herbs or small shrubs,habit,"AD182646-16D8-4559-967E-825BFA9A2D13,44884ED2-1175-43B8-84F5-71825F616693",English,2013-08-06,,,,http://creativecommons.org/licenses/by/4.0,Missouri Botanical Garden,Missouri Botanical Garden
wfo-4000038055,herb,habit,"CD2C8C46-F177-4366-9083-AA6FDC53F547,F94B853B-0F4A-4979-975D-46DD9BAF59F0",English,2013-02-07,,,,http://creativecommons.org/licenses/by/4.0,Missouri Botanical Garden,Missouri Botanical Garden
wfo-4000001720,Lianas,habit,E47EF823-3AB4-42BE-8F70-88D9AA633405,English,2013-05-20,,,,http://creativecommons.org/licenses/by/4.0,Missouri Botanical Garden,Missouri Botanical Garden
wfo-4000009162,Herbs,habit,BB2C711C-D688-47E5-A083-3C4EEBF8D933,English,2013-05-07,,,,http://creativecommons.org/licenses/by/4.0,Missouri Botanical Garden,Missouri Botanical Garden
wfo-4000015356,herbs or shrubs,habit,"24067DC8-21E7-45F6-883E-7704DD16D36E,9A4011AC-68A6-4022-A395-A331C3FEA3F5",English,2013-08-07,,,,http://creativecommons.org/licenses/by/4.0,Missouri Botanical Garden,Missouri Botanical Garden
wfo-4000009029,Trees shrubs,habit,F4A3C1DB-30B2-4A04-86C6-6E9765660AE8,English,2012-12-18,,,,http://creativecommons.org/licenses/by/4.0,Missouri Botanical Garden,Missouri Botanical Garden
wfo-4000009029,climbers herb,habit,5EECA42D-8986-450A-A910-B9ED44B17790,English,2012-12-18,,,,http://creativecommons.org/licenses/by/4.0,Missouri Botanical Garden,Missouri Botanical Garden
wfo-4000022965,Trees and shrubs,habit,"D460CEB2-1D45-4AB1-A8A3-56C3FE06D8F0,9464063D-7B1A-4FC2-9E7F-20C83B7651DD",English,2013-02-07,,,,http://creativecommons.org/licenses/by/4.0,Missouri Botanical Garden,Missouri Botanical Garden
wfo-4000030530,Vines or climbing shrubs,habit,D5E1ADA0-8BD6-4673-979F-38C652598D66,English,2013-05-22,,,,http://creativecommons.org/licenses/by/4.0,Missouri Botanical Garden,Missouri Botanical Garden
wfo-4000022974,"Shrubs, or small trees",habit,"253270A7-1ACA-46E2-976C-8290AA1119ED,8C5371E4-9BF3-41A7-A5D9-CFD7E6A37C36",English,2013-04-10,,,,http://creativecommons.org/licenses/by/4.0,Missouri Botanical Garden,Missouri Botanical Garden
wfo-4000022974,"Trees, or sometimes shrubs",habit,"253270A7-1ACA-46E2-976C-8290AA1119ED,C94D2C40-7864-40B2-A68A-F792FD873A60",English,2013-04-10,,,,http://creativecommons.org/licenses/by/4.0,Missouri Botanical Garden,Missouri Botanical Garden
wfo-4000022977,shrubs or small trees,habit,D50BB020-528F-400E-8075-EFD2EF965C46,English,2013-10-15,,,,http://creativecommons.org/licenses/by/4.0,Missouri Botanical Garden,Missouri Botanical Garden
wfo-4000023020,Herbs or vines,habit,"BA338D9C-CDE6-4E52-BE3A-B80F8A0F35AF,26403DFD-8FA2-4ADA-B6C9-3BA93CE8E00A",English,2013-09-10,,,,http://creativecommons.org/licenses/by/4.0,Missouri Botanical Garden,Missouri Botanical Garden
wfo-4000015402,shrubs,habit,E484A0D5-6261-47FD-B306-387D4D0B8271,English,2013-07-23,,,,http://creativecommons.org/licenses/by/4.0,Missouri Botanical Garden,Missouri Botanical Garden
wfo-4000022983,Herbs,habit,"C5A43D2A-327B-4E46-A884-66DDD74172C5,7E1629A2-AAEB-4B7B-A5C1-2174C4FA645C",English,2013-03-08,,,,http://creativecommons.org/licenses/by/4.0,Missouri Botanical Garden,Missouri Botanical Garden
wfo-4000022985,Herbs shrubs,habit,8034FDF5-C9B8-406C-95F6-98688AF801A2,English,2013-03-12,,,,http://creativecommons.org/licenses/by/4.0,Missouri Botanical Garden,Missouri Botanical Garden
wfo-4000022986,Shrubs trees,habit,"5F7AD9DB-5179-4F3C-BF68-8978CB33FB1A,E78FE743-7FB7-4E36-A35A-6774D8FDB27C",English,2013-03-08,,,,http://creativecommons.org/licenses/by/4.0,Missouri Botanical Garden,Missouri Botanical Garden
wfo-4000009079,shrubs or trees,habit,FBE45EE6-2C30-4E7D-BA7A-252991948E83,English,2013-02-07,,,,http://creativecommons.org/licenses/by/4.0,Missouri Botanical Garden,Missouri Botanical Garden
wfo-4000022994,tree,habit,"6E4C0978-7419-48F6-80DF-A7F443F46F4D,57CD56F9-F9FD-42AB-B693-F5DCAD1C2C8D",English,2013-10-17,,,,http://creativecommons.org/licenses/by/4.0,Missouri Botanical Garden,Missouri Botanical Garden
wfo-4000001802,Trees or shrubs,habit,"5B963FF0-AAF8-4A63-9EA9-7973FDB978C3,8A80DE2B-840B-490A-A71F-8EEE88B36030",English,2013-03-22,,,,http://creativecommons.org/licenses/by/4.0,Missouri Botanical Garden,Missouri Botanical Garden
wfo-4000038154,shrubs or shrublets,habit,4834E5E4-19E7-4747-B45B-4EB7400B4997,English,2013-07-24,,,,http://creativecommons.org/licenses/by/4.0,Missouri Botanical Garden,Missouri Botanical Garden
wfo-4000038197,"Trees, shrubs or rarely lianas",habit,A19F4F27-307C-45BB-A8D3-506A7444663E,English,2013-04-09,,,,http://creativecommons.org/licenses/by/4.0,Missouri Botanical Garden,Missouri Botanical Garden
wfo-4000038157,Trees,habit,"EC6ADABD-54C9-41B1-A290-EB9A67EC4F84,CB017B3D-CE43-4D44-8B3D-FF7F7269F170",English,2013-01-29,,,,http://creativecommons.org/licenses/by/4.0,Missouri Botanical Garden,Missouri Botanical Garden
wfo-4000009112,Shrubs or small trees,habit,7A226064-A191-41DF-A55B-1D581F982138,English,2013-08-28,,,,http://creativecommons.org/licenses/by/4.0,Missouri Botanical Garden,Missouri Botanical Garden
wfo-4000023026,Trees,habit,"8FBB7856-1736-4162-8F04-49FE88CB0CDB,41F4C820-3B28-4A43-89EB-68127AEB06C6,9FC5AF6D-1A03-4B76-89DE-6E914E07C151",English,2013-03-22,,,,http://creativecommons.org/licenses/by/4.0,Missouri Botanical Garden,Missouri Botanical Garden
wfo-4000038191,Shrubs trees,habit,"9D3D0CFA-1FA5-4E2F-B25A-AEB1367A2C5C,2C7A99C9-8405-4F1D-8283-930E5E2DDAAC",English,2013-03-08,,,,http://creativecommons.org/licenses/by/4.0,Missouri Botanical Garden,Missouri Botanical Garden
wfo-4000023040,"Trees, shrubs, or herbs",habit,"75D37BA8-FFC4-4342-93F2-0AAE4D898ABC,25172823-9255-4AE8-A276-1BDAF4285E78",English,2013-03-18,,,,http://creativecommons.org/licenses/by/4.0,Missouri Botanical Garden,Missouri Botanical Garden
wfo-4000023165,Shrubs or trees,habit,A7627BC2-A98F-4E3C-A594-9067B0440EFD,English,2013-10-17,,,,http://creativecommons.org/licenses/by/4.0,Missouri Botanical Garden,Missouri Botanical Garden
wfo-4000023042,Trees,habit,"8AC95AB9-EC2A-4A65-A5E7-F2BF6DA4516C,9C18213D-B639-481D-A4A1-12E09CA1CDBA",English,2013-04-02,,,,http://creativecommons.org/licenses/by/4.0,Missouri Botanical Garden,Missouri Botanical Garden
wfo-4000009149,trees shrubs,habit,"8C9693E4-4398-45E0-954F-8AF81CA807F2,B6A494B5-EB89-4D36-8E3B-84235467C427",English,2012-12-18,,,,http://creativecommons.org/licenses/by/4.0,Missouri Botanical Garden,Missouri Botanical Garden
wfo-4000038200,shrubs,habit,230699C6-FED2-4E20-800F-55194C0F4C09,English,2013-07-24,,,,http://creativecommons.org/licenses/by/4.0,Missouri Botanical Garden,Missouri Botanical Garden
wfo-4000015620,Shrubs,habit,"D7BC7E22-FE6C-47DB-B1E4-AEC649D6551E,AC9D3E78-B541-4C38-8B73-A48CD5C73685",English,2013-08-15,,,,http://creativecommons.org/licenses/by/4.0,Missouri Botanical Garden,Missouri Botanical Garden
wfo-4000009140,lianas shrubs,habit,"A9958C74-0147-4E01-8A6A-3D9F2B8B1887,5FBA7960-0723-46D5-8BEA-66115C4A646B",English,2012-11-14,,,,http://creativecommons.org/licenses/by/4.0,Missouri Botanical Garden,Missouri Botanical Garden
wfo-4000009140,trees,habit,"A9958C74-0147-4E01-8A6A-3D9F2B8B1887,8ED321E4-79D7-41D0-A369-8351757F174F",English,2012-11-14,,,,http://creativecommons.org/licenses/by/4.0,Missouri Botanical Garden,Missouri Botanical Garden
wfo-4000038214,lianas,habit,37713E48-729F-4B54-87A5-1E724A5A4553,English,2013-07-18,,,,http://creativecommons.org/licenses/by/4.0,Missouri Botanical Garden,Missouri Botanical Garden
wfo-4000023087,Trees and shrubs,habit,"90F71CCC-ADBA-4E62-B7E8-76C181F430AC,16C3A428-5E90-4F07-B4CA-F169DF61CBB6",English,2013-07-02,,,,http://creativecommons.org/licenses/by/4.0,Missouri Botanical Garden,Missouri Botanical Garden
wfo-4000001894,trees or shrubs,habit,"524DFDCC-D535-43FA-899A-00DA26CCF335,976A666D-D3B4-4D66-9ACD-E5900099BE22",English,2013-02-07,,,,http://creativecommons.org/licenses/by/4.0,Missouri Botanical Garden,Missouri Botanical Garden
wfo-4000015529,Trees,habit,95AF2977-08D0-4EA5-B597-014D8E07620E,English,2013-03-06,,,,http://creativecommons.org/licenses/by/4.0,Missouri Botanical Garden,Missouri Botanical Garden
wfo-4000015539,herbs,habit,"0D147EFB-CFA7-4A40-9B97-0A5F88BF5014,08E9CA33-5F8C-40B2-B3A6-B4C40DEBF60F",English,2013-09-04,,,,http://creativecommons.org/licenses/by/4.0,Missouri Botanical Garden,Missouri Botanical Garden
wfo-4000023118,shrubs or vines,habit,230A7332-E1EE-4412-9B13-503003ADA349,English,2013-04-05,,,,http://creativecommons.org/licenses/by/4.0,Missouri Botanical Garden,Missouri Botanical Garden
wfo-4000009218,trees,habit,0C21AAFC-DC82-40A1-A825-62F8786DC202,English,2012-11-27,,,,http://creativecommons.org/licenses/by/4.0,Missouri Botanical Garden,Missouri Botanical Garden
wfo-4000030704,herbs,habit,80A05559-5C34-492F-A86C-6B5158313F3E,English,2013-01-28,,,,http://creativecommons.org/licenses/by/4.0,Missouri Botanical Garden,Missouri Botanical Garden
wfo-4000023142,Shrubs or trees,habit,CB3C141F-B5D2-4A68-BA75-144719921EC6,English,2013-03-18,,,,http://creativecommons.org/licenses/by/4.0,Missouri Botanical Garden,Missouri Botanical Garden
wfo-4000030717,vines,habit,"9A314E12-55B7-4C56-9892-EE1CBE02A5F3,AB9C0224-BE37-46BF-8D05-D49EB865C07E",English,2013-08-01,,,,http://creativecommons.org/licenses/by/4.0,Missouri Botanical Garden,Missouri Botanical Garden
wfo-4000038303,vines or shrubs,habit,86057517-F5A0-4044-9602-4F30A76DD3BF,English,2013-07-30,,,,http://creativecommons.org/licenses/by/4.0,Missouri Botanical Garden,Missouri Botanical Garden
wfo-4000009257,"Herbs, undershrubs or shrubs",habit,"890C3413-74A8-476E-8B36-9B4DC687A952,2A4DB836-B344-4EFA-A7AB-13C55FE0DDF5",English,2013-01-30,,,,http://creativecommons.org/licenses/by/4.0,Missouri Botanical Garden,Missouri Botanical Garden
wfo-4000023170,Lianas,habit,"6243EFD2-2453-40C5-8986-704DCE750339,5C2BEE00-7EFB-4D18-B587-60A84C0DB9C6",English,2013-05-31,,,,http://creativecommons.org/licenses/by/4.0,Missouri Botanical Garden,Missouri Botanical Garden
wfo-4000030736,Shrubs,habit,FB2A3051-4BC3-414E-9F08-8F40A5F2C5D2,English,2013-04-02,,,,http://creativecommons.org/licenses/by/4.0,Missouri Botanical Garden,Missouri Botanical Garden
wfo-4000009266,Shrubs,habit,CB0ED180-3D13-4333-A76F-A4BBA0DC2A90,English,2013-04-02,,,,http://creativecommons.org/licenses/by/4.0,Missouri Botanical Garden,Missouri Botanical Garden
wfo-4000023177,shrubs or vines,habit,BBC201E7-5774-4C20-AD38-0F7BFFED8A2D,English,2013-05-15,,,,http://creativecommons.org/licenses/by/4.0,Missouri Botanical Garden,Missouri Botanical Garden
wfo-4000002031,Lianas,habit,9B4BD8A9-545D-4C4F-9A5C-441F89596048,English,2013-04-09,,,,http://creativecommons.org/licenses/by/4.0,Missouri Botanical Garden,Missouri Botanical Garden
wfo-4000023216,Herbs,habit,"D7B8A49C-B56E-4A1B-A143-50CA0AE0A1CC,CE207A0E-8281-4A75-8C03-0B59B38612E5",English,2013-04-04,,,,http://creativecommons.org/licenses/by/4.0,Missouri Botanical Garden,Missouri Botanical Garden
wfo-4000030996,herbs,habit,70274CE2-BF00-4284-9C64-F686FC29FFA5,English,2013-01-28,,,,http://creativecommons.org/licenses/by/4.0,Missouri Botanical Garden,Missouri Botanical Garden
wfo-4000023231,Lianas,habit,25933916-56A2-4A51-8F34-05FC0ECD6583,English,2013-05-21,,,,http://creativecommons.org/licenses/by/4.0,Missouri Botanical Garden,Missouri Botanical Garden
wfo-4000002060,Lianas,habit,BD6F96D7-2854-4F57-95F8-E3122DDB41BA,English,2013-05-20,,,,http://creativecommons.org/licenses/by/4.0,Missouri Botanical Garden,Missouri Botanical Garden
wfo-4000038396,Trees or shrubs,habit,ABACA74E-575B-49EB-869A-218FEE6ACC02,English,2013-08-12,,,,http://creativecommons.org/licenses/by/4.0,Missouri Botanical Garden,Missouri Botanical Garden
wfo-4000009342,Tree shrub,habit,652640F0-8F66-49D0-AEE5-24653112AC23,English,2013-01-11,,,,http://creativecommons.org/licenses/by/4.0,Missouri Botanical Garden,Missouri Botanical Garden
wfo-4000009346,trees and shrubs,habit,47EE89D6-6005-49AA-84CF-4D5860D0887B,English,2013-05-13,,,,http://creativecommons.org/licenses/by/4.0,Missouri Botanical Garden,Missouri Botanical Garden
wfo-4000023255,Lianas,habit,5CF285DA-E47A-4262-9120-272862B60738,English,2013-10-15,,,,http://creativecommons.org/licenses/by/4.0,Missouri Botanical Garden,Missouri Botanical Garden
wfo-4000002069,herb,habit,D0679F8E-9A85-4E2B-80A8-7F1E20E4EF45,English,2013-01-11,,,,http://creativecommons.org/licenses/by/4.0,Missouri Botanical Garden,Missouri Botanical Garden
wfo-4000002090,herbs or shrubs,habit,5C23BC16-99EE-4510-82A5-E682DA4B76BF,English,2013-08-14,,,,http://creativecommons.org/licenses/by/4.0,Missouri Botanical Garden,Missouri Botanical Garden
wfo-4000038422,herbs,habit,A081AAF4-B97C-451C-BA42-59408A7B84AD,English,2012-10-31,,,,http://creativecommons.org/licenses/by/4.0,Missouri Botanical Garden,Missouri Botanical Garden
wfo-4000002105,Trees or shrubs,habit,53AD5F57-177B-44D7-B0AF-791ADB26E6E2,English,2013-08-12,,,,http://creativecommons.org/licenses/by/4.0,Missouri Botanical Garden,Missouri Botanical Garden
wfo-4000023311,shrubs or trees,habit,8A19EF89-83A9-408A-8A77-D0DA3EA33D2E,English,2013-07-16,,,,http://creativecommons.org/licenses/by/4.0,Missouri Botanical Garden,Missouri Botanical Garden
wfo-4000038503,Herbs,habit,0096CEC6-E371-42D2-9806-C84EF7DEFA8B,English,2013-09-18,,,,http://creativecommons.org/licenses/by/4.0,Missouri Botanical Garden,Missouri Botanical Garden
wfo-4000023313,herbs,habit,8D3AF924-7783-44FB-A6D9-882AF0C3CD0F,English,2013-05-30,,,,http://creativecommons.org/licenses/by/4.0,Missouri Botanical Garden,Missouri Botanical Garden
wfo-4000015747,Shrubs or medium sized trees,habit,"824B885D-6F69-4ECB-A86C-EF54E1CDD479,0C39E143-07C3-48BB-A11E-517AB751C5CD",English,2013-09-30,,,,http://creativecommons.org/licenses/by/4.0,Missouri Botanical Garden,Missouri Botanical Garden
wfo-4000038653,trees or shrubs,habit,98EDBEEF-6D2E-43EF-AFBF-179212B5973F,English,2013-10-17,,,,http://creativecommons.org/licenses/by/4.0,Missouri Botanical Garden,Missouri Botanical Garden
wfo-4000030933,Trees,habit,"931C152C-10E9-4CB1-AAEF-E2A6214326AF,4A773AEA-A26B-4222-9805-40C848560E84",English,2013-02-07,,,,http://creativecommons.org/licenses/by/4.0,Missouri Botanical Garden,Missouri Botanical Garden
wfo-4000015776,Shrubs trees,habit,"ADA41620-99F6-4A70-B6F4-221A2943FC57,2D2B61EC-061E-45CB-8A5A-2204970F4F4E",English,2013-03-15,,,,http://creativecommons.org/licenses/by/4.0,Missouri Botanical Garden,Missouri Botanical Garden
wfo-4000009445,Shrubs,habit,D8E48B9F-9D51-470E-BCDF-E6504A2318BD,English,2013-08-28,,,,http://creativecommons.org/licenses/by/4.0,Missouri Botanical Garden,Missouri Botanical Garden
wfo-4000023394,Shrubs trees,habit,456A25B8-66F2-4C57-AC52-147828C89D4D,English,2013-03-28,,,,http://creativecommons.org/licenses/by/4.0,Missouri Botanical Garden,Missouri Botanical Garden
wfo-4000023399,Shrubs or small trees,habit,98EA53E0-F2EE-4695-B1DC-476F1A09D08A,English,2013-05-24,,,,http://creativecommons.org/licenses/by/4.0,Missouri Botanical Garden,Missouri Botanical Garden
wfo-4000038558,"Shrubs, or small trees",habit,8405F2EA-81BF-4D82-AE53-DA306D0D5052,English,2013-04-09,,,,http://creativecommons.org/licenses/by/4.0,Missouri Botanical Garden,Missouri Botanical Garden
wfo-4000023411,herbs,habit,958AD220-2211-4BD9-832C-A43699748108,English,2013-08-15,,,,http://creativecommons.org/licenses/by/4.0,Missouri Botanical Garden,Missouri Botanical Garden
wfo-4000015829,herbs,habit,"02B2EB20-7CEB-4E2F-9D1B-22DAB3952E43,FA0C6526-A6BD-46B8-88FF-8ADA3FB3854C",English,2013-08-07,,,,http://creativecommons.org/licenses/by/4.0,Missouri Botanical Garden,Missouri Botanical Garden
wfo-4000031006,Trees or shrubs,habit,"74960DFD-A626-419E-A110-3346CEA4A9A5,3D759683-AB7F-4DD0-B7EF-CA37A7A366EE",English,2013-09-12,,,,http://creativecommons.org/licenses/by/4.0,Missouri Botanical Garden,Missouri Botanical Garden
wfo-4000038567,Lianas shrubs,habit,D9D0B254-8A76-4C62-80E9-5B2DF940D965,English,2013-03-07,,,,http://creativecommons.org/licenses/by/4.0,Missouri Botanical Garden,Missouri Botanical Garden
wfo-4000038567,trees,habit,73D5F2F6-88AF-4061-BB86-BDB2EBC7760A,English,2013-03-07,,,,http://creativecommons.org/licenses/by/4.0,Missouri Botanical Garden,Missouri Botanical Garden
wfo-4000031012,Shrubs or small trees,habit,E67DE19B-F887-4ECC-A552-1807076F21EA,English,2013-03-21,,,,http://creativecommons.org/licenses/by/4.0,Missouri Botanical Garden,Missouri Botanical Garden
wfo-4000009495,Trees shrubs,habit,"CB285BB7-FF1D-4454-BC71-D5163CE37192,BC6477D1-A29A-40B5-BBE5-54ACEDD1D44B",English,2012-11-14,,,,http://creativecommons.org/licenses/by/4.0,Missouri Botanical Garden,Missouri Botanical Garden
wfo-4000016337,Trees or shrubs,habit,8C836357-B6E8-4451-9681-9A0899A3B628,English,2013-09-04,,,,http://creativecommons.org/licenses/by/4.0,Missouri Botanical Garden,Missouri Botanical Garden
wfo-4000038577,herbs,habit,966498F9-FAF1-4AAD-93CA-23AB473F3371,English,2013-08-16,,,,http://creativecommons.org/licenses/by/4.0,Missouri Botanical Garden,Missouri Botanical Garden
wfo-4000031059,tree,habit,64BDBDAC-ED19-4101-90FB-22A1D7D66952,English,2013-01-22,,,,http://creativecommons.org/licenses/by/4.0,Missouri Botanical Garden,Missouri Botanical Garden
wfo-4000002240,Shrubs or trees,habit,9974FD09-F28A-4165-93B9-46F3159BC2EC,English,2013-02-07,,,,http://creativecommons.org/licenses/by/4.0,Missouri Botanical Garden,Missouri Botanical Garden
wfo-4000002245,Herbs,habit,DF0A032E-3745-4EB0-BCB5-6B8018FB9935,English,2013-03-12,,,,http://creativecommons.org/licenses/by/4.0,Missouri Botanical Garden,Missouri Botanical Garden
wfo-4000009507,trees,habit,EB2F6C5E-DDF6-470A-B0AF-7EF85065E65F,English,2012-12-18,,,,http://creativecommons.org/licenses/by/4.0,Missouri Botanical Garden,Missouri Botanical Garden
wfo-4000009512,Trees,habit,871C90F9-8379-44B3-AE8F-06B1DF3B7A54,English,2012-12-18,,,,http://creativecommons.org/licenses/by/4.0,Missouri Botanical Garden,Missouri Botanical Garden
wfo-4000023812,Vines or lianas,habit,"7C4D37F7-908B-4E86-BA55-5C05D56056FC,E13B1E87-25DC-4C4E-8A43-15486B0FA6DF",English,2013-05-31,,,,http://creativecommons.org/licenses/by/4.0,Missouri Botanical Garden,Missouri Botanical Garden
wfo-4000031055,tree,habit,ADE4A3DD-0675-4A56-9D81-26C35346A7CB,English,2013-01-22,,,,http://creativecommons.org/licenses/by/4.0,Missouri Botanical Garden,Missouri Botanical Garden
wfo-4000009523,tree,habit,0DE28173-D93C-40CF-92A3-D9CE206BA4B1,English,2013-01-22,,,,http://creativecommons.org/licenses/by/4.0,Missouri Botanical Garden,Missouri Botanical Garden
wfo-4000009524,Trees or shrubs,habit,"69EB2311-D7F4-4296-8FC9-CD0F3500936C,E1FE5FCC-1E77-41FD-85FB-3444D91C4050",English,2013-08-28,,,,http://creativecommons.org/licenses/by/4.0,Missouri Botanical Garden,Missouri Botanical Garden
wfo-4000009526,Shrubs or small trees,habit,E4DA6551-EF17-4D79-B4D1-93099CBFD136,English,2013-09-04,,,,http://creativecommons.org/licenses/by/4.0,Missouri Botanical Garden,Missouri Botanical Garden
wfo-4000009529,Herbs,habit,906B27A1-82D9-4012-B2D2-F0C2E6852FEF,English,2013-05-29,,,,http://creativecommons.org/licenses/by/4.0,Missouri Botanical Garden,Missouri Botanical Garden
wfo-4000031064,Trees shrubs,habit,"0F82C94C-FAA8-484A-BAEF-F60291D234D4,1205DE5F-CBA7-4F80-A85D-661F0793186C",English,2013-04-02,,,,http://creativecommons.org/licenses/by/4.0,Missouri Botanical Garden,Missouri Botanical Garden
wfo-4000031065,shrub vine,habit,339F0E0C-810E-4876-A6ED-F9C1D39828D6,English,2013-01-22,,,,http://creativecommons.org/licenses/by/4.0,Missouri Botanical Garden,Missouri Botanical Garden
wfo-4000002311,climber,habit,5E94BF63-34DE-48AB-A4BA-4ECAD441E56D,English,2013-02-07,,,,http://creativecommons.org/licenses/by/4.0,Missouri Botanical Garden,Missouri Botanical Garden
wfo-4000015901,trees,habit,E629A7FB-2822-4132-BA20-2486747A2488,English,2013-05-21,,,,http://creativecommons.org/licenses/by/4.0,Missouri Botanical Garden,Missouri Botanical Garden
wfo-4000009539,herbs,habit,0D75E4C7-03F4-49EF-A8E9-2FA16E92BB36,English,2013-09-25,,,,http://creativecommons.org/licenses/by/4.0,Missouri Botanical Garden,Missouri Botanical Garden
wfo-4000038632,"Shrubs vines, or small trees",habit,2915167C-BA3B-4C68-BC2B-BBB79289420B,English,2013-04-02,,,,http://creativecommons.org/licenses/by/4.0,Missouri Botanical Garden,Missouri Botanical Garden
wfo-4000015913,Trees,habit,EDA35B02-698D-4AFF-A4B9-F54F514986E0,English,2013-01-30,,,,http://creativecommons.org/licenses/by/4.0,Missouri Botanical Garden,Missouri Botanical Garden
wfo-4000038640,Herbaceous vines,habit,6A117C76-9B91-4606-8259-9BEE92FAD746,English,2013-05-22,,,,http://creativecommons.org/licenses/by/4.0,Missouri Botanical Garden,Missouri Botanical Garden
wfo-4000038651,trees or shrubs,habit,8ADC9298-13B4-4896-A231-812F110C5035,English,2013-10-17,,,,http://creativecommons.org/licenses/by/4.0,Missouri Botanical Garden,Missouri Botanical Garden
wfo-4000002346,Vines,habit,96FBEE69-2086-44C1-A89C-6F91955BF231,English,2013-08-09,,,,http://creativecommons.org/licenses/by/4.0,Missouri Botanical Garden,Missouri Botanical Garden
wfo-4000038660,"Trees, shrubs or woody lianas",habit,E8D0C8D8-074D-40E2-A91C-74863C6BCFF6,English,2013-03-22,,,,http://creativecommons.org/licenses/by/4.0,Missouri Botanical Garden,Missouri Botanical Garden
wfo-4000031117,Lianas,habit,"542D79EE-826A-449B-854A-E02BC5D27628,206244B1-43EB-453E-A868-AFF2165DE688",English,2013-04-10,,,,http://creativecommons.org/licenses/by/4.0,Missouri Botanical Garden,Missouri Botanical Garden
wfo-4000031170,Lianas,habit,A7791015-8B0A-456E-B277-5AAED2AAF89F,English,2013-03-07,,,,http://creativecommons.org/licenses/by/4.0,Missouri Botanical Garden,Missouri Botanical Garden
wfo-4000031174,tree,habit,6800FD3E-AA56-47A1-9260-6351C0BFDC82,English,2012-11-27,,,,http://creativecommons.org/licenses/by/4.0,Missouri Botanical Garden,Missouri Botanical Garden
wfo-4000031182,Lianas shrubs,habit,3C1EAF6A-47AF-4672-AAA4-1C05E42C527C,English,2013-03-07,,,,http://creativecommons.org/licenses/by/4.0,Missouri Botanical Garden,Missouri Botanical Garden
wfo-4000031182,trees,habit,D3DAA2B2-D9CA-47E8-ADAE-AC1E70C8A358,English,2013-03-07,,,,http://creativecommons.org/licenses/by/4.0,Missouri Botanical Garden,Missouri Botanical Garden
wfo-4000038765,Vines,habit,"3226D128-6CA4-4123-87D3-062C0C1433A7,BF8D0CA5-1955-45F8-8423-63B922722764,A8CC4C80-2547-423D-8E4B-20F52A10D598",English,2013-03-20,,,,http://creativecommons.org/licenses/by/4.0,Missouri Botanical Garden,Missouri Botanical Garden
wfo-4000016029,vines,habit,4C3D959A-172F-4C7F-9AF3-0C5AC3F7CE50,English,2013-05-30,,,,http://creativecommons.org/licenses/by/4.0,Missouri Botanical Garden,Missouri Botanical Garden
wfo-4000009651,herbs,habit,"1B8D1918-99BE-4597-8567-F6FFCF2F1A90,38F1B99A-5C87-4A99-B4C2-476AFE6A55FB",English,2013-08-07,,,,http://creativecommons.org/licenses/by/4.0,Missouri Botanical Garden,Missouri Botanical Garden
wfo-4000023685,Herb shrub,habit,"00D61F9E-E710-416F-AC59-4E00D5E0BC5C,BE388DF3-F87D-4D50-A29E-1C399F1E86B6",English,2013-01-29,,,,http://creativecommons.org/licenses/by/4.0,Missouri Botanical Garden,Missouri Botanical Garden
wfo-4000031204,Shrubs or small trees,habit,A29AE1C3-BCAE-4099-89B8-970B0455922D,English,2013-03-28,,,,http://creativecommons.org/licenses/by/4.0,Missouri Botanical Garden,Missouri Botanical Garden
wfo-4000002443,Lianas,habit,A1B5E60B-C80F-47E6-9B46-7C13311C6C20,English,2013-03-07,,,,http://creativecommons.org/licenses/by/4.0,Missouri Botanical Garden,Missouri Botanical Garden
wfo-4000002452,shrubs,habit,125CEEE8-BA35-4F5C-A9FB-23E83BD95E3E,English,2013-07-22,,,,http://creativecommons.org/licenses/by/4.0,Missouri Botanical Garden,Missouri Botanical Garden
wfo-4000002453,Low shrubs or small trees,habit,9034C40C-AC36-4517-B07C-D89353E1D6CB,English,2013-07-22,,,,http://creativecommons.org/licenses/by/4.0,Missouri Botanical Garden,Missouri Botanical Garden
wfo-4000031235,Trees shrubs,habit,1C17FA8B-7D89-409F-9572-F8588DCA74A2,English,2012-11-16,,,,http://creativecommons.org/licenses/by/4.0,Missouri Botanical Garden,Missouri Botanical Garden
wfo-4000009684,trees,habit,B0FA9225-36DA-4556-AA5B-C81FC544F6AF,English,2013-05-21,,,,http://creativecommons.org/licenses/by/4.0,Missouri Botanical Garden,Missouri Botanical Garden
wfo-4000002478,shrubs,habit,9F48F34C-83E7-48EE-A83C-3C87B692785B,English,2013-01-14,,,,http://creativecommons.org/licenses/by/4.0,Missouri Botanical Garden,Missouri Botanical Garden
wfo-4000016047,Shrubs or small trees,habit,"0C98C6E1-DBB8-4E87-9EB9-B8B0E857EA7C,1E1FE2ED-6D56-4E24-931E-CA815EC112E3",English,2013-09-04,,,,http://creativecommons.org/licenses/by/4.0,Missouri Botanical Garden,Missouri Botanical Garden
wfo-4000038807,tree shrub,habit,89AAAD87-EA26-439A-A198-871372C00D24,English,2013-01-17,,,,http://creativecommons.org/licenses/by/4.0,Missouri Botanical Garden,Missouri Botanical Garden
wfo-4000023657,Trees and shrubs,habit,61AD79BD-5D09-4EFE-B431-D43A7D934691,English,2013-09-19,,,,http://creativecommons.org/licenses/by/4.0,Missouri Botanical Garden,Missouri Botanical Garden
wfo-4000031258,Trees or shrubs,habit,D93C1E4D-5213-419C-810B-153B62FF830F,English,2013-04-05,,,,http://creativecommons.org/licenses/by/4.0,Missouri Botanical Garden,Missouri Botanical Garden
wfo-4000016081,Herbs shrubs,habit,"449FDB93-E90D-4D19-BF86-9ED784AA6B83,55B82F1F-3094-4394-9759-0AE1095085B9",English,2013-03-08,,,,http://creativecommons.org/licenses/by/4.0,Missouri Botanical Garden,Missouri Botanical Garden
wfo-4000016081,trees,habit,"449FDB93-E90D-4D19-BF86-9ED784AA6B83,8987CAF2-57A9-4E1E-A1F3-BECD3AA717DB",English,2013-03-08,,,,http://creativecommons.org/licenses/by/4.0,Missouri Botanical Garden,Missouri Botanical Garden
wfo-4000002504,Trees or shrubs,habit,FAD42471-E060-432B-8FFF-68436142EA94,English,2013-08-19,,,,http://creativecommons.org/licenses/by/4.0,Missouri Botanical Garden,Missouri Botanical Garden
wfo-4000031284,Trees,habit,"D957EE3A-D92B-4DC9-9040-7CA8A4024219,2B164415-5A5C-4383-A0B7-C4CD6F9107C4",English,2012-11-13,,,,http://creativecommons.org/licenses/by/4.0,Missouri Botanical Garden,Missouri Botanical Garden
wfo-4000023698,vines,habit,D991934B-994D-4434-A9CD-D50AB6AAD044,English,2013-07-31,,,,http://creativecommons.org/licenses/by/4.0,Missouri Botanical Garden,Missouri Botanical Garden
wfo-4000031298,shrubs,habit,D6FBBD2C-E8D1-4BD9-8DDD-86BA68847917,English,2013-07-24,,,,http://creativecommons.org/licenses/by/4.0,Missouri Botanical Garden,Missouri Botanical Garden
wfo-4000009771,Shrubs or small trees,habit,28DC90E2-C369-4C8D-B6B1-5CD4F1B6A34E,English,2013-05-24,,,,http://creativecommons.org/licenses/by/4.0,Missouri Botanical Garden,Missouri Botanical Garden
wfo-4000023714,vines,habit,8C5F3F0D-E8A4-47B3-9529-EC3CE7F9E6A2,English,2013-07-30,,,,http://creativecommons.org/licenses/by/4.0,Missouri Botanical Garden,Missouri Botanical Garden
wfo-4000031325,Herbs shrubs,habit,738F6F01-095F-4804-A1B5-99AC83FF4BE9,English,2013-03-12,,,,http://creativecommons.org/licenses/by/4.0,Missouri Botanical Garden,Missouri Botanical Garden
wfo-4000016123,Shrubs,habit,093638C9-BF8D-406C-AC83-488A68465DE0,English,2013-05-08,,,,http://creativecommons.org/licenses/by/4.0,Missouri Botanical Garden,Missouri Botanical Garden
wfo-4000009787,Herbs or shrubs,habit,"6D2F1A18-BEF6-4CFD-823A-BCC693C3FD52,652575C6-257E-4EBB-860B-4B9DE4C65F92",English,2013-09-25,,,,http://creativecommons.org/licenses/by/4.0,Missouri Botanical Garden,Missouri Botanical Garden
wfo-4000038898,herbs,habit,"2E1FFD44-502C-426E-9A88-32A396D10487,0424A403-0AEB-423C-BBFE-6F4C1AE043E4",English,2013-04-02,,,,http://creativecommons.org/licenses/by/4.0,Missouri Botanical Garden,Missouri Botanical Garden
wfo-4000009825,Herbs,habit,"7B555E2E-666F-4318-9A4C-3ED4E0EA0B24,8805174E-5A23-42B9-AA93-8FC25AF4F7BF",English,2013-09-04,,,,http://creativecommons.org/licenses/by/4.0,Missouri Botanical Garden,Missouri Botanical Garden
wfo-4000023752,Herb,habit,"74E079D5-C3F3-4FFA-A242-29162DD857CA,0283A856-2558-4EA2-AF4D-7E88713A7E74",English,2012-11-29,,,,http://creativecommons.org/licenses/by/4.0,Missouri Botanical Garden,Missouri Botanical Garden
wfo-4000016163,Shrubs,habit,66113739-EE1E-40C1-A5F6-CEDABB99D03C,English,2013-07-25,,,,http://creativecommons.org/licenses/by/4.0,Missouri Botanical Garden,Missouri Botanical Garden
wfo-4000031372,Herbs or small shrubs,habit,7862386A-A2CC-44A8-ACF3-D19724816688,English,2013-07-30,,,,http://creativecommons.org/licenses/by/4.0,Missouri Botanical Garden,Missouri Botanical Garden
wfo-4000031380,shrubs or small trees,habit,A21BC4F9-C87D-453A-A02D-E2BC598B56C1,English,2013-07-18,,,,http://creativecommons.org/licenses/by/4.0,Missouri Botanical Garden,Missouri Botanical Garden
wfo-4000038928,Shrubs or trees,habit,8AD687C4-056D-4C7A-B1B9-7CA64122DFEA,English,2013-07-30,,,,http://creativecommons.org/licenses/by/4.0,Missouri Botanical Garden,Missouri Botanical Garden
wfo-4000031412,Trees shrubs,habit,CC764200-DC3F-4175-BA3F-83222DC6C2ED,English,2013-01-29,,,,http://creativecommons.org/licenses/by/4.0,Missouri Botanical Garden,Missouri Botanical Garden
wfo-4000016214,trees,habit,DDD97FA6-0989-49A0-A9A0-717CE4AED5AC,English,2012-12-18,,,,http://creativecommons.org/licenses/by/4.0,Missouri Botanical Garden,Missouri Botanical Garden
wfo-4000002668,herb,habit,1F29767E-C355-4E9B-819D-52FC99D76568,English,2013-01-11,,,,http://creativecommons.org/licenses/by/4.0,Missouri Botanical Garden,Missouri Botanical Garden
wfo-4000002709,parasites,habit,814D3D72-83D8-4732-8B6F-6E2085AF4DC6,English,2013-05-09,,,,http://creativecommons.org/licenses/by/4.0,Missouri Botanical Garden,Missouri Botanical Garden
wfo-4000009930,Glabrous vines or climbing shrubs,habit,672AC7A9-4EB5-46A9-8CFF-11131785690F,English,2013-05-30,,,,http://creativecommons.org/licenses/by/4.0,Missouri Botanical Garden,Missouri Botanical Garden
wfo-4000023838,Lianas,habit,"344F78A7-727C-4696-A078-9FD97CE9E88F,24238710-B742-493A-B0C6-BCF07092DDEC",English,2013-04-09,,,,http://creativecommons.org/licenses/by/4.0,Missouri Botanical Garden,Missouri Botanical Garden
wfo-4000016312,Shrubs or trees,habit,"071693D2-2B28-431A-8537-75B83728F539,330A14AA-640D-44C6-8A0C-965AB0AEAD78",English,2013-02-07,,,,http://creativecommons.org/licenses/by/4.0,Missouri Botanical Garden,Missouri Botanical Garden
wfo-4000010007,vines,habit,"42119BDC-73DA-48DE-9BCB-DFEBD1C208D6,7C13D70E-FAC4-4F74-8616-F57F8EF30D0D",English,2013-07-31,,,,http://creativecommons.org/licenses/by/4.0,Missouri Botanical Garden,Missouri Botanical Garden
wfo-4000010008,vines,habit,"732A2D7C-2936-48F1-ACB9-63639CE46F49,746D3B70-C505-42F5-B2DC-26BD185EAECD",English,2013-07-31,,,,http://creativecommons.org/licenses/by/4.0,Missouri Botanical Garden,Missouri Botanical Garden
wfo-4000031569,tree,habit,3CCCC086-0C8A-4AF7-A008-0097DE6021F5,English,2013-01-22,,,,http://creativecommons.org/licenses/by/4.0,Missouri Botanical Garden,Missouri Botanical Garden
wfo-4000010015,Lianas shrubs,habit,275D2FBA-2F03-4DF2-A1A0-8644BE82352A,English,2013-03-07,,,,http://creativecommons.org/licenses/by/4.0,Missouri Botanical Garden,Missouri Botanical Garden
wfo-4000010015,trees,habit,90EEFCE6-BE13-45E2-B3E7-3F91C2341ECE,English,2013-03-07,,,,http://creativecommons.org/licenses/by/4.0,Missouri Botanical Garden,Missouri Botanical Garden
wfo-4000002773,Shrubs or small trees,habit,"22844E84-64C8-4F4C-883E-05350E512702,13F1CCBD-1075-42CC-87C9-BC3E21388013",English,2013-08-19,,,,http://creativecommons.org/licenses/by/4.0,Missouri Botanical Garden,Missouri Botanical Garden
wfo-4000010057,shrubs or trees,habit,0C0EB27B-FF59-4EA1-88DB-CEFE58E3F8AD,English,2013-07-15,,,,http://creativecommons.org/licenses/by/4.0,Missouri Botanical Garden,Missouri Botanical Garden
wfo-4000023985,Shrubs or lianas,habit,FF8BDA70-FDA4-4C1D-B25A-496B222A6DA7,English,2013-10-15,,,,http://creativecommons.org/licenses/by/4.0,Missouri Botanical Garden,Missouri Botanical Garden
wfo-4000031762,Shrubs or trees,habit,F1139C4E-2D46-4829-BFBD-6C8EA4F7D601,English,2012-12-19,,,,http://creativecommons.org/licenses/by/4.0,Missouri Botanical Garden,Missouri Botanical Garden
wfo-4000010060,herbs shrubs,habit,C235A9FC-88CF-4DEA-989B-AF2DDFD806DC,English,2012-12-18,,,,http://creativecommons.org/licenses/by/4.0,Missouri Botanical Garden,Missouri Botanical Garden
wfo-4000039148,Shrubs,habit,730AD731-08A4-4B65-A228-852457773ECE,English,2013-03-15,,,,http://creativecommons.org/licenses/by/4.0,Missouri Botanical Garden,Missouri Botanical Garden
wfo-4000016378,herb,habit,31E67F14-66E2-4CA1-9811-931A2A481A17,English,2013-01-11,,,,http://creativecommons.org/licenses/by/4.0,Missouri Botanical Garden,Missouri Botanical Garden
wfo-4000016385,vines or lianas,habit,9049CFB9-AA92-4500-885B-87DE008CC95F,English,2013-07-31,,,,http://creativecommons.org/licenses/by/4.0,Missouri Botanical Garden,Missouri Botanical Garden
wfo-4000010083,Trees shrubs,habit,7A46AA61-9A78-4081-8D60-1AA88AEF12CD,English,2013-03-13,,,,http://creativecommons.org/licenses/by/4.0,Missouri Botanical Garden,Missouri Botanical Garden
wfo-4000016394,Trees,habit,007CC5EC-FACE-4C5B-AB29-2058EDAC5F28,English,2012-12-18,,,,http://creativecommons.org/licenses/by/4.0,Missouri Botanical Garden,Missouri Botanical Garden
wfo-4000010100,Herbs,habit,6399794C-EE43-4754-9DC0-7B1E2DF26BEB,English,2013-05-29,,,,http://creativecommons.org/licenses/by/4.0,Missouri Botanical Garden,Missouri Botanical Garden
wfo-4000016413,shrubs or trees,habit,A896F555-34E7-403C-ABD5-3753A52B349D,English,2013-05-24,,,,http://creativecommons.org/licenses/by/4.0,Missouri Botanical Garden,Missouri Botanical Garden
wfo-4000010113,Vines,habit,"03D433D2-06A6-4857-AD6B-85CEEEBB45ED,E15F58B1-4E03-4F86-A919-47043E63C1D0",English,2013-05-31,,,,http://creativecommons.org/licenses/by/4.0,Missouri Botanical Garden,Missouri Botanical Garden
wfo-4000010119,Lianas,habit,34E52C33-A766-4697-868F-BAC6A79D5AB3,English,2013-05-21,,,,http://creativecommons.org/licenses/by/4.0,Missouri Botanical Garden,Missouri Botanical Garden
wfo-4000031763,vines or lianas,habit,8170F849-CF1E-4BC8-81E4-95937B2A8259,English,2013-08-01,,,,http://creativecommons.org/licenses/by/4.0,Missouri Botanical Garden,Missouri Botanical Garden
wfo-4000002932,Shrubs or small trees,habit,B6784D43-BBC7-43A4-A711-CAFAB5AE2513,English,2013-07-22,,,,http://creativecommons.org/licenses/by/4.0,Missouri Botanical Garden,Missouri Botanical Garden
wfo-4000002949,Shrubs or trees,habit,4E2F6A3A-ED14-4FCC-9B07-856481FC7A35,English,2013-05-08,,,,http://creativecommons.org/licenses/by/4.0,Missouri Botanical Garden,Missouri Botanical Garden
wfo-4000002959,herbs,habit,83D134B1-345E-4800-9054-4E7EEA6F470C,English,2013-01-28,,,,http://creativecommons.org/licenses/by/4.0,Missouri Botanical Garden,Missouri Botanical Garden
wfo-4000002974,Herbs shrubs,habit,1A53453A-41F0-4339-8DB8-4B68E4CFA729,English,2012-11-12,,,,http://creativecommons.org/licenses/by/4.0,Missouri Botanical Garden,Missouri Botanical Garden
wfo-4000031811,shrub,habit,"B426C274-C69E-4E08-A113-0F43294F5F0A,345112A9-1DDC-4386-833D-2241FEB34141",English,2013-01-14,,,,http://creativecommons.org/licenses/by/4.0,Missouri Botanical Garden,Missouri Botanical Garden
wfo-4000003001,Lianas,habit,2DB48893-A0C2-4D19-AEB1-19A8AA990EB7,English,2013-05-31,,,,http://creativecommons.org/licenses/by/4.0,Missouri Botanical Garden,Missouri Botanical Garden
wfo-4000031840,"Subshrubs, shrubs or trees",habit,1346C057-C565-44CC-BCB3-DF448FAB8F34,English,2013-09-12,,,,http://creativecommons.org/licenses/by/4.0,Missouri Botanical Garden,Missouri Botanical Garden
wfo-4000003027,Shrubs or herbs,habit,3D6DFBF7-1142-4D2E-A461-7EE5D95446CA,English,2013-03-18,,,,http://creativecommons.org/licenses/by/4.0,Missouri Botanical Garden,Missouri Botanical Garden
wfo-4000031868,Shrubs or trees.,habit,249F35A5-08C1-41B4-B3B8-255EE4BD8880,English,2013-10-15,,,,http://creativecommons.org/licenses/by/4.0,Missouri Botanical Garden,Missouri Botanical Garden
wfo-4000016604,Trees,habit,B4C0EB1B-6912-4FBB-8A89-0C2378A81F82,English,2013-01-29,,,,http://creativecommons.org/licenses/by/4.0,Missouri Botanical Garden,Missouri Botanical Garden
wfo-4000039373,herbs,habit,0F1EFAE2-1C3F-4909-98BD-B9E01BC8B026,English,2012-11-13,,,,http://creativecommons.org/licenses/by/4.0,Missouri Botanical Garden,Missouri Botanical Garden
wfo-4000003062,Liana herb,habit,25DF735E-B7B2-4A6E-A76B-EF24EA7FEFBC,English,2013-01-14,,,,http://creativecommons.org/licenses/by/4.0,Missouri Botanical Garden,Missouri Botanical Garden
wfo-4000003062,shrub tree,habit,E7E897E0-3EC3-485F-982F-2A43EE9232D2,English,2013-01-14,,,,http://creativecommons.org/licenses/by/4.0,Missouri Botanical Garden,Missouri Botanical Garden
wfo-4000031932,Trees,habit,F99994F7-7E48-477A-BA5C-35BA8BB7E289,English,2013-03-06,,,,http://creativecommons.org/licenses/by/4.0,Missouri Botanical Garden,Missouri Botanical Garden
wfo-4000010306,Lianas,habit,4E0FB38E-BA3B-48C7-8AA9-1AE869D02886,English,2013-05-21,,,,http://creativecommons.org/licenses/by/4.0,Missouri Botanical Garden,Missouri Botanical Garden
wfo-4000016643,Herbs or shrubs.,habit,9AB5395A-D933-4050-817B-DFB7B0000C1D,English,2013-07-25,,,,http://creativecommons.org/licenses/by/4.0,Missouri Botanical Garden,Missouri Botanical Garden
wfo-4000039411,Shrubs or trees,habit,"B3B09102-62C4-4720-9145-093BEA4011A4,9C42B5D5-F4A2-46BA-9BCE-D7947B16D1BC",English,2013-01-30,,,,http://creativecommons.org/licenses/by/4.0,Missouri Botanical Garden,Missouri Botanical Garden
wfo-4000016656,Herbs,habit,"4924F738-F669-417A-BB90-605A61016B15,88A72B92-F247-4EB4-BC7A-7296AD30617F",English,2013-04-02,,,,http://creativecommons.org/licenses/by/4.0,Missouri Botanical Garden,Missouri Botanical Garden
wfo-4000010374,Trees or shrubs,habit,"BBCBE841-62E6-46B2-81C0-2942A9F96503,204F5DA3-706C-4F41-BB4E-83943FCE0510",English,2013-02-07,,,,http://creativecommons.org/licenses/by/4.0,Missouri Botanical Garden,Missouri Botanical Garden
wfo-4000010377,vines,habit,"838F29C7-C31E-4823-B6B2-A26C1D68CBE7,4CC7B1D8-44D4-4E9D-9D88-BB5F3D074A63",English,2013-09-25,,,,http://creativecommons.org/licenses/by/4.0,Missouri Botanical Garden,Missouri Botanical Garden
wfo-4000003117,"Lianas, rarely shrubs or small trees",habit,B553AE86-5CED-449B-8C46-B4E64429496D,English,2013-05-20,,,,http://creativecommons.org/licenses/by/4.0,Missouri Botanical Garden,Missouri Botanical Garden
wfo-4000003119,herb,habit,0A1544C7-4E07-402B-85CF-0457B9E70E2D,English,2013-01-11,,,,http://creativecommons.org/licenses/by/4.0,Missouri Botanical Garden,Missouri Botanical Garden
wfo-4000010422,trees,habit,B30DB806-7327-4381-BA97-2397A4A712F4,English,2012-11-27,,,,http://creativecommons.org/licenses/by/4.0,Missouri Botanical Garden,Missouri Botanical Garden
wfo-4000010394,herbs,habit,C44B0F91-4D99-4BE1-A8B2-3A0904734ACA,English,2013-05-30,,,,http://creativecommons.org/licenses/by/4.0,Missouri Botanical Garden,Missouri Botanical Garden
wfo-4000010406,Herbs suffrutices,habit,32FEB99C-61C0-42E3-80EC-367A5F1E7CDC,English,2013-03-21,,,,http://creativecommons.org/licenses/by/4.0,Missouri Botanical Garden,Missouri Botanical Garden
wfo-4000039469,trees shrubs,habit,"B90C0455-4F16-4715-B4BC-2322AF0FF54F,624BFE94-9ECE-4D46-AD3B-5C51960FA513",English,2013-01-17,,,,http://creativecommons.org/licenses/by/4.0,Missouri Botanical Garden,Missouri Botanical Garden
wfo-4000024328,herbs shrubs,habit,972A88E3-2FAA-49B6-91CC-BA9AE40CDD9F,English,2012-11-15,,,,http://creativecommons.org/licenses/by/4.0,Missouri Botanical Garden,Missouri Botanical Garden
wfo-4000010419,Herbs,habit,4E460126-8EC6-4CD0-BD99-B8981D7D2C5C,English,2013-04-02,,,,http://creativecommons.org/licenses/by/4.0,Missouri Botanical Garden,Missouri Botanical Garden
wfo-4000024347,tree,habit,C2C6E1C1-17EB-40EA-879E-FFB540792F5C,English,2013-01-14,,,,http://creativecommons.org/licenses/by/4.0,Missouri Botanical Garden,Missouri Botanical Garden
wfo-4000039608,Trees or shrubs,habit,6B5B7DF7-F9D4-4E29-B9BC-3131BCCF4CB3,English,2013-07-01,,,,http://creativecommons.org/licenses/by/4.0,Missouri Botanical Garden,Missouri Botanical Garden
wfo-4000016730,Herbs,habit,"11715433-4B7F-4DCF-B013-6ED816F86755,75F58EE0-F31A-4C60-93B0-F4BB7D2F706C",English,2013-05-29,,,,http://creativecommons.org/licenses/by/4.0,Missouri Botanical Garden,Missouri Botanical Garden
wfo-4000016767,herb,habit,"67CF159A-5D94-4268-AC8A-FDFA17EFA7C8,6DB7F798-E013-4E71-B814-2E66C97C14EE,AEDEEA69-E196-454E-89BF-F61852D42FAB,F6F15D82-022E-42FE-9624-D1341644340D",English,2013-05-24,,,,http://creativecommons.org/licenses/by/4.0,Missouri Botanical Garden,Missouri Botanical Garden
wfo-4000016772,herbs,habit,CADB3C79-2BAD-4D28-94E1-E08FD1C4FE72,English,2013-05-09,,,,http://creativecommons.org/licenses/by/4.0,Missouri Botanical Garden,Missouri Botanical Garden
wfo-4000010491,Shrubs trees,habit,30ED7728-7F7B-48F1-92B0-B025065E5EC0,English,2013-03-13,,,,http://creativecommons.org/licenses/by/4.0,Missouri Botanical Garden,Missouri Botanical Garden
wfo-4000003243,herbs,habit,C8C00EC7-AF72-453A-B311-EDB182062A6B,English,2013-05-30,,,,http://creativecommons.org/licenses/by/4.0,Missouri Botanical Garden,Missouri Botanical Garden
wfo-4000016798,Shrubs or small trees,habit,"E24B1098-B0A8-41CD-8AC8-573555AE8CE8,871427DD-BB3A-4D07-BEA8-FE43BD394D64",English,2013-09-05,,,,http://creativecommons.org/licenses/by/4.0,Missouri Botanical Garden,Missouri Botanical Garden
wfo-4000032154,vines,habit,"77A0D2B4-AAFE-4AC7-B342-42645D80A7DF,09A5819F-FA71-447E-93B7-E52DF87A4294",English,2013-09-30,,,,http://creativecommons.org/licenses/by/4.0,Missouri Botanical Garden,Missouri Botanical Garden
wfo-4000024424,Herbs,habit,56DFCBA1-E83D-4DCD-8BDE-AA51C2362D2B,English,2013-09-11,,,,http://creativecommons.org/licenses/by/4.0,Missouri Botanical Garden,Missouri Botanical Garden
wfo-4000016809,Shrubs trees,habit,F4C2624D-C896-42AA-BCE2-204FA8C7845C,English,2013-01-29,,,,http://creativecommons.org/licenses/by/4.0,Missouri Botanical Garden,Missouri Botanical Garden
wfo-4000039592,Lianas,habit,0AD17E7E-0740-4A9D-AA39-5FAD206EF5B2,English,2013-05-31,,,,http://creativecommons.org/licenses/by/4.0,Missouri Botanical Garden,Missouri Botanical Garden
wfo-4000016840,Herbs or shrubs,habit,A4E2A570-4886-46C5-BF36-4EBD80DA1AE6,English,2013-07-25,,,,http://creativecommons.org/licenses/by/4.0,Missouri Botanical Garden,Missouri Botanical Garden
wfo-4000039604,Herbs suffrutices,habit,"4DB97A82-D9A2-4CF7-A8AA-83EC21565E0E,48790C68-6AC6-4017-BF96-B95628E2B387",English,2013-03-15,,,,http://creativecommons.org/licenses/by/4.0,Missouri Botanical Garden,Missouri Botanical Garden
wfo-4000039604,shrubs trees,habit,"4DB97A82-D9A2-4CF7-A8AA-83EC21565E0E,0CD883F7-6F09-41BF-9828-418A28831B31",English,2013-03-15,,,,http://creativecommons.org/licenses/by/4.0,Missouri Botanical Garden,Missouri Botanical Garden
wfo-4000016883,Trees,habit,44F17770-4B54-4C96-A894-6F263AFDFEB9,English,2013-05-21,,,,http://creativecommons.org/licenses/by/4.0,Missouri Botanical Garden,Missouri Botanical Garden
wfo-4000003331,Trees or shrubs,habit,"939BD879-197D-4806-8749-B8977F68B6FF,9181F6B3-8BC9-4AB4-BE5C-5666CC27E36A",English,2013-04-08,,,,http://creativecommons.org/licenses/by/4.0,Missouri Botanical Garden,Missouri Botanical Garden
wfo-4000039670,Lianas,habit,4BFE7BBF-E369-4F23-85B9-F0B554D48EAE,English,2013-05-22,,,,http://creativecommons.org/licenses/by/4.0,Missouri Botanical Garden,Missouri Botanical Garden
wfo-4000024579,shrubs trees,habit,B7A25300-681D-4CD2-806D-EF6C769ABB37,English,2013-02-07,,,,http://creativecommons.org/licenses/by/4.0,Missouri Botanical Garden,Missouri Botanical Garden
wfo-4000039705,shrubs,habit,529CF26E-CAB4-4065-9CD6-25A36BD01D64,English,2012-12-19,,,,http://creativecommons.org/licenses/by/4.0,Missouri Botanical Garden,Missouri Botanical Garden
wfo-4000032310,Lianas,habit,EB9DC351-27EB-4013-AF0E-733484E9ADA8,English,2013-05-22,,,,http://creativecommons.org/licenses/by/4.0,Missouri Botanical Garden,Missouri Botanical Garden
wfo-4000039724,shrubs,habit,"D91ACE31-B8B2-4446-BB3A-DDB6C6DC00FE,FDBECC99-F2F4-4CBD-A15F-B7FAD6B7467B",English,2013-10-01,,,,http://creativecommons.org/licenses/by/4.0,Missouri Botanical Garden,Missouri Botanical Garden
wfo-4000024602,vines,habit,EE95F2E0-28AB-4DEC-97F2-CA3FF5443539,English,2013-08-01,,,,http://creativecommons.org/licenses/by/4.0,Missouri Botanical Garden,Missouri Botanical Garden
wfo-4000039733,shrub tree,habit,13C805B7-FF7D-457B-A12C-3AB2950A807B,English,2013-01-17,,,,http://creativecommons.org/licenses/by/4.0,Missouri Botanical Garden,Missouri Botanical Garden
wfo-4000010680,herbs or shrubs,habit,"E9BD83E4-5A63-4E0E-91AA-332CC3670955,D0AE66B8-B2C4-4765-9453-804B02F1A382",English,2013-09-25,,,,http://creativecommons.org/licenses/by/4.0,Missouri Botanical Garden,Missouri Botanical Garden
wfo-4000017006,Shrubs or trees,habit,E65A4566-4A89-4A12-B6BA-4E859AE3A6C7,English,2013-03-28,,,,http://creativecommons.org/licenses/by/4.0,Missouri Botanical Garden,Missouri Botanical Garden
wfo-4000032353,Trees shrubs,habit,"7A3C663A-D84D-430A-B26F-D4AEAF46973B,98A72BBB-26B2-4C92-9463-62142CB3CC85",English,2013-03-13,,,,http://creativecommons.org/licenses/by/4.0,Missouri Botanical Garden,Missouri Botanical Garden
wfo-4000039779,Shrubs trees,habit,4B5438EA-D2C0-4BD2-8A6A-365704C31F5F,English,2013-02-07,,,,http://creativecommons.org/licenses/by/4.0,Missouri Botanical Garden,Missouri Botanical Garden
wfo-4000032377,Trees shrubs,habit,D1E1CCF1-C548-49E4-A18B-8203290F5D35,English,2013-01-17,,,,http://creativecommons.org/licenses/by/4.0,Missouri Botanical Garden,Missouri Botanical Garden
wfo-4000032361,Trees or shrubs,habit,E11256F8-F69B-4097-82A8-05FA2FE99FA5,English,2013-01-29,,,,http://creativecommons.org/licenses/by/4.0,Missouri Botanical Garden,Missouri Botanical Garden
wfo-4000003466,herbs,habit,"D373EF82-6F9F-458B-A3D6-AB698561B14E,9C26B173-9C09-4BC6-A8E5-77FF6B5D2B73",English,2013-07-10,,,,http://creativecommons.org/licenses/by/4.0,Missouri Botanical Garden,Missouri Botanical Garden
wfo-4000032365,Shrubs or small trees,habit,B13F1007-4C28-4D64-9420-AB6D3AB876BA,English,2013-05-09,,,,http://creativecommons.org/licenses/by/4.0,Missouri Botanical Garden,Missouri Botanical Garden
wfo-4000017034,shrubs and trees,habit,2ADC22C5-93E1-4476-A940-F21287B190B2,English,2013-10-17,,,,http://creativecommons.org/licenses/by/4.0,Missouri Botanical Garden,Missouri Botanical Garden
wfo-4000024664,"Herbs, shrubs, or small trees",habit,195FB63F-D5B6-4A60-803F-F8E13125CEE0,English,2013-04-02,,,,http://creativecommons.org/licenses/by/4.0,Missouri Botanical Garden,Missouri Botanical Garden
wfo-4000003489,Trees,habit,8B333EA3-B27F-4F38-910F-B1226186833C,English,2013-03-22,,,,http://creativecommons.org/licenses/by/4.0,Missouri Botanical Garden,Missouri Botanical Garden
wfo-4000010770,Shrubs trees,habit,5EA78932-B038-4394-AF29-D22EFCAB2765,English,2012-12-18,,,,http://creativecommons.org/licenses/by/4.0,Missouri Botanical Garden,Missouri Botanical Garden
wfo-4000039823,Suffrutices,habit,"C77441B2-2649-4177-B802-859BE3371058,AA05DD30-1ABB-43D8-AE17-77F796527F8B",English,2013-03-08,,,,http://creativecommons.org/licenses/by/4.0,Missouri Botanical Garden,Missouri Botanical Garden
wfo-4000039826,Tree shrub,habit,DB499502-3BBF-4385-9ED0-6B69192EB261,English,2013-01-22,,,,http://creativecommons.org/licenses/by/4.0,Missouri Botanical Garden,Missouri Botanical Garden
wfo-4000003510,Herbs or shrubs,habit,1CDE1CD2-34CE-4EAE-9EDE-F13D027A7F0E,English,2013-07-25,,,,http://creativecommons.org/licenses/by/4.0,Missouri Botanical Garden,Missouri Botanical Garden
wfo-4000003530,trees or shrubs,habit,"823B6A8B-3B03-4028-86DE-83221D185086,EDB09D64-724F-4B1D-B10E-D5464D4E3E92",English,2013-09-24,,,,http://creativecommons.org/licenses/by/4.0,Missouri Botanical Garden,Missouri Botanical Garden
wfo-4000010849,herbs or shrubs,habit,"DFE45483-F542-4C17-8B6B-7C37C42DFACD,C1ECE956-639E-4E02-9F15-C1D62F52F9FA",English,2013-05-15,,,,http://creativecommons.org/licenses/by/4.0,Missouri Botanical Garden,Missouri Botanical Garden
wfo-4000024742,herbs,habit,"834769C7-E138-41DA-BB3B-2A9571C5DA4D,E0024E2C-93AF-49B7-A67F-74C5D9D1A262",English,2013-08-08,,,,http://creativecommons.org/licenses/by/4.0,Missouri Botanical Garden,Missouri Botanical Garden
wfo-4000039891,lianas,habit,9E7DEEDE-2EE7-4AE3-9569-125BD29E5B60,English,2013-07-18,,,,http://creativecommons.org/licenses/by/4.0,Missouri Botanical Garden,Missouri Botanical Garden
wfo-4000032486,Shrub,habit,78B2306D-7E1C-4510-9320-E28F082E68AD,English,2013-05-15,,,,http://creativecommons.org/licenses/by/4.0,Missouri Botanical Garden,Missouri Botanical Garden
wfo-4000017140,shrubs trees,habit,F868897B-032F-47E1-BA70-42462767A981,English,2013-01-17,,,,http://creativecommons.org/licenses/by/4.0,Missouri Botanical Garden,Missouri Botanical Garden
wfo-4000039907,Herbs,habit,"1B5EFF22-DD6F-4626-BBDF-3C2BD33B5254,AEFC7EE4-4926-40E5-9783-44547296451B",English,2013-07-09,,,,http://creativecommons.org/licenses/by/4.0,Missouri Botanical Garden,Missouri Botanical Garden
wfo-4000024773,herbs,habit,"8DC4DA0A-DFB9-4BB2-8D85-5A932BA073AE,D0C00CA7-8134-42F8-ACA8-0AD7D02C32C8",English,2013-07-24,,,,http://creativecommons.org/licenses/by/4.0,Missouri Botanical Garden,Missouri Botanical Garden
wfo-4000010886,Lianas trees,habit,51F8DC27-3480-422F-A524-B445AE1A932D,English,2013-03-13,,,,http://creativecommons.org/licenses/by/4.0,Missouri Botanical Garden,Missouri Botanical Garden
wfo-4000039926,Shrubs or rarely trees,habit,"A630250D-544F-47BD-ABBA-66171D0600F6,B035F85F-615F-4757-8F49-C19D3FEC828C",English,2013-07-24,,,,http://creativecommons.org/licenses/by/4.0,Missouri Botanical Garden,Missouri Botanical Garden
wfo-4000017169,shrub tree,habit,416AFE8F-AC0F-4677-88C2-29CE1CC93E8E,English,2013-01-14,,,,http://creativecommons.org/licenses/by/4.0,Missouri Botanical Garden,Missouri Botanical Garden
wfo-4000032531,Trees or shrubs,habit,"C2D94E8D-6383-46CC-8306-B91933646CA7,2DCD91F0-B2AB-474D-BFB9-28555BE490B9",English,2013-09-17,,,,http://creativecommons.org/licenses/by/4.0,Missouri Botanical Garden,Missouri Botanical Garden
wfo-4000039956,herbs,habit,"3BD91EF6-C439-4D0F-8D92-D665138FA71D,77ACFC87-9C0A-4CA7-B3B3-897EBCC834BD",English,2013-07-10,,,,http://creativecommons.org/licenses/by/4.0,Missouri Botanical Garden,Missouri Botanical Garden
wfo-4000032540,herb,habit,0E3ED5EC-8ED4-4672-B384-2A62D0A0AFEC,English,2013-02-07,,,,http://creativecommons.org/licenses/by/4.0,Missouri Botanical Garden,Missouri Botanical Garden
wfo-4000032547,Shrubs or trees,habit,1AE85168-C844-4714-A1D7-EF5FD28C89BC,English,2013-05-08,,,,http://creativecommons.org/licenses/by/4.0,Missouri Botanical Garden,Missouri Botanical Garden
wfo-4000024825,trees,habit,E659901E-00A2-4842-9D65-65292AD4EA05,English,2012-11-26,,,,http://creativecommons.org/licenses/by/4.0,Missouri Botanical Garden,Missouri Botanical Garden
wfo-4000017240,Undershrubs shrubs,habit,"024E3E68-4E93-4EC3-A5A9-44E2FAD6CEC9,38C0E6C0-91E3-48AB-B54F-24778DF19766",English,2013-01-29,,,,http://creativecommons.org/licenses/by/4.0,Missouri Botanical Garden,Missouri Botanical Garden
wfo-4000017240,trees,habit,"024E3E68-4E93-4EC3-A5A9-44E2FAD6CEC9,1DB17212-79F3-4220-82A4-670CD9F17FEE",English,2013-01-29,,,,http://creativecommons.org/licenses/by/4.0,Missouri Botanical Garden,Missouri Botanical Garden
wfo-4000024850,Shrubs or small trees,habit,"03EE3214-C467-478D-B6E1-67780106305A,3DD7A6F0-4AD1-4B4F-A363-B4AE0B861B81",English,2013-09-11,,,,http://creativecommons.org/licenses/by/4.0,Missouri Botanical Garden,Missouri Botanical Garden
wfo-4000032584,trees or shrubs.,habit,"6E7AD4AD-2BB9-4BBC-AAF3-8A311A1E8E28,3CF4F2FD-6E9E-4F6C-8905-2A2A89DC4321",English,2013-09-17,,,,http://creativecommons.org/licenses/by/4.0,Missouri Botanical Garden,Missouri Botanical Garden
wfo-4000013109,Shrubs or trees,habit,"E64118EC-5649-46DC-99EB-551C366C5524,F24253F8-FA06-4958-869A-C4FA74D62F4A",English,2013-01-30,,,,http://creativecommons.org/licenses/by/4.0,Missouri Botanical Garden,Missouri Botanical Garden
wfo-4000010956,Herbs or subshrubs,habit,"EA4D96A7-B6C5-441C-B4DF-47E3454980D4,C52525D9-8889-48B0-9776-87FE7140D942",English,2013-09-04,,,,http://creativecommons.org/licenses/by/4.0,Missouri Botanical Garden,Missouri Botanical Garden
wfo-4000017267,Herbs,habit,9CE1A463-7F4B-4D9E-A986-E237C77346B4,English,2013-04-02,,,,http://creativecommons.org/licenses/by/4.0,Missouri Botanical Garden,Missouri Botanical Garden
wfo-4000003680,Shrubs trees,habit,E8FAEB37-66B8-494E-9616-51F415A9ABD1,English,2012-12-19,,,,http://creativecommons.org/licenses/by/4.0,Missouri Botanical Garden,Missouri Botanical Garden
wfo-4000004220,shrubs,habit,B4022E7F-F693-42B5-9CC5-919B94EEE876,English,2013-06-26,,,,http://creativecommons.org/licenses/by/4.0,Missouri Botanical Garden,Missouri Botanical Garden
wfo-4000032608,"Shrubs or trees, rarely vine-like",habit,"479A2058-131A-43CC-92D7-38B95EB30011,05882939-C77F-45F1-9BCF-3B9C22494436",English,2013-04-09,,,,http://creativecommons.org/licenses/by/4.0,Missouri Botanical Garden,Missouri Botanical Garden
wfo-4000024877,Shrubs trees,habit,A4CDD69F-947C-497E-8B17-C3ECEE0E2805,English,2013-01-30,,,,http://creativecommons.org/licenses/by/4.0,Missouri Botanical Garden,Missouri Botanical Garden
wfo-4000032628,Shrub,habit,19B42A46-3EA6-4BBD-9938-05C019F3C6C3,English,2013-07-30,,,,http://creativecommons.org/licenses/by/4.0,Missouri Botanical Garden,Missouri Botanical Garden
wfo-4000024906,Trees,habit,99177563-BE03-40AF-AAB9-69981B232795,English,2013-03-22,,,,http://creativecommons.org/licenses/by/4.0,Missouri Botanical Garden,Missouri Botanical Garden
wfo-4000011012,tree,habit,405B81FC-C3EA-432F-B83D-108FB11CA8CF,English,2012-11-27,,,,http://creativecommons.org/licenses/by/4.0,Missouri Botanical Garden,Missouri Botanical Garden
wfo-4000003768,trees,habit,8C4FE6AA-A74D-4627-B2A9-628D4225C842,English,2013-09-19,,,,http://creativecommons.org/licenses/by/4.0,Missouri Botanical Garden,Missouri Botanical Garden
wfo-4000024924,"herbs, subshrubs or shrubs",habit,"64B31B49-A10B-4795-ADE2-C089F9D373D8,2DF4B846-9B61-4CBE-8725-7E116AB76488",English,2013-08-08,,,,http://creativecommons.org/licenses/by/4.0,Missouri Botanical Garden,Missouri Botanical Garden
wfo-4000024941,vines,habit,"9DF4EC0F-ED27-41E8-89DB-61A13C20A643,22F1D6DA-76EE-4EA4-8953-9DF544EC716F",English,2013-09-30,,,,http://creativecommons.org/licenses/by/4.0,Missouri Botanical Garden,Missouri Botanical Garden
wfo-4000024944,Trees or shrubs,habit,0E8BF68F-9009-4CBE-B3D1-E6C72DD1C6D0,English,2013-03-06,,,,http://creativecommons.org/licenses/by/4.0,Missouri Botanical Garden,Missouri Botanical Garden
wfo-4000011096,Shrub tree,habit,5AE85433-C1FB-4299-9516-9F7BC1BC63FF,English,2013-01-11,,,,http://creativecommons.org/licenses/by/4.0,Missouri Botanical Garden,Missouri Botanical Garden
wfo-4000032730,Herbs,habit,"672DFC61-E225-448E-B466-456389999497,A4A4CD3A-CF0E-4418-BDE9-F14D14945768",English,2013-09-17,,,,http://creativecommons.org/licenses/by/4.0,Missouri Botanical Garden,Missouri Botanical Garden
wfo-4000032732,herbs,habit,31DCB104-ACB9-43E7-802A-01D22684D7F8,English,2013-08-08,,,,http://creativecommons.org/licenses/by/4.0,Missouri Botanical Garden,Missouri Botanical Garden
wfo-4000040364,"Trees or shrubs, rarely woody vines",habit,F0F20FF4-19EF-4DCF-8E27-00768E76CF58,English,2013-05-13,,,,http://creativecommons.org/licenses/by/4.0,Missouri Botanical Garden,Missouri Botanical Garden
wfo-4000040140,Herbs,habit,6245A5D8-0230-4BEB-81CF-DC233912916F,English,2013-05-10,,,,http://creativecommons.org/licenses/by/4.0,Missouri Botanical Garden,Missouri Botanical Garden
wfo-4000003856,Herbs,habit,B15C4B57-3426-4C69-82C5-FBDE29EB1D38,English,2013-08-14,,,,http://creativecommons.org/licenses/by/4.0,Missouri Botanical Garden,Missouri Botanical Garden
wfo-4000040171,herbs,habit,DA005591-EEE9-4E71-BD71-75929FFD1BF5,English,2013-08-16,,,,http://creativecommons.org/licenses/by/4.0,Missouri Botanical Garden,Missouri Botanical Garden
wfo-4000040226,Shrub or tree,habit,"C6EFC00F-1518-459A-89BA-1AE66CAB9737,1EBF645D-9CA0-44F5-BC37-05DD1EE6501D",English,2013-05-14,,,,http://creativecommons.org/licenses/by/4.0,Missouri Botanical Garden,Missouri Botanical Garden
wfo-4000040226,Shrubs or trees,habit,"C6EFC00F-1518-459A-89BA-1AE66CAB9737,523789A4-1EEC-4396-B447-D9BD134CD9FB",English,2013-05-14,,,,http://creativecommons.org/licenses/by/4.0,Missouri Botanical Garden,Missouri Botanical Garden
wfo-4000040261,Vines or herbs,habit,2A643991-35B3-4BD5-87F0-DEFBBE5CC112,English,2013-10-01,,,,http://creativecommons.org/licenses/by/4.0,Missouri Botanical Garden,Missouri Botanical Garden
wfo-4000032857,Shrubs or trees,habit,AFBE48A7-AEEA-4138-A651-B9437C990E49,English,2013-05-08,,,,http://creativecommons.org/licenses/by/4.0,Missouri Botanical Garden,Missouri Botanical Garden
wfo-4000032872,"Trees or shrubs, rarely woody vines",habit,"27A43D03-9428-4396-B51D-273C2E620BC0,26EB94DD-E2D1-4A18-B511-DDD2003F768D",English,2013-05-08,,,,http://creativecommons.org/licenses/by/4.0,Missouri Botanical Garden,Missouri Botanical Garden
wfo-4000025124,shrubs trees,habit,34F572D4-8E71-436B-9BCA-0141D347C6F9,English,2013-01-17,,,,http://creativecommons.org/licenses/by/4.0,Missouri Botanical Garden,Missouri Botanical Garden
wfo-4000025108,Shrubs or trees.,habit,085309DB-5492-448C-AD3D-C7F9F20C811D,English,2012-12-19,,,,http://creativecommons.org/licenses/by/4.0,Missouri Botanical Garden,Missouri Botanical Garden
wfo-4000025133,trees or shrubs,habit,EEB696A8-9F84-43B5-9C3C-6F599C7256ED,English,2013-01-22,,,,http://creativecommons.org/licenses/by/4.0,Missouri Botanical Garden,Missouri Botanical Garden
wfo-4000040296,Herbs,habit,C3537D0C-CF7B-4688-8437-CBD377EFEEAE,English,2013-04-09,,,,http://creativecommons.org/licenses/by/4.0,Missouri Botanical Garden,Missouri Botanical Garden
wfo-4000017556,Trees,habit,"7A3F3C6D-215C-4397-AAEC-4442B8D4F685,4F3D14DC-AC9D-431F-B072-F68780BED956",English,2012-11-12,,,,http://creativecommons.org/licenses/by/4.0,Missouri Botanical Garden,Missouri Botanical Garden
wfo-4000040312,Herbs,habit,"5BFA09ED-309D-4E55-A4B5-7B2A5DB0FA3C,CE20C792-D133-42DB-AC59-B8D5D0175D2D",English,2013-03-15,,,,http://creativecommons.org/licenses/by/4.0,Missouri Botanical Garden,Missouri Botanical Garden
wfo-4000025155,trees,habit,3DA670EF-FAAD-4E1E-AE53-70CDE0EDE821,English,2013-02-07,,,,http://creativecommons.org/licenses/by/4.0,Missouri Botanical Garden,Missouri Botanical Garden
wfo-4000017569,Herbs or shrubs,habit,417D24FA-C642-43AD-91C0-407811CB6506,English,2013-07-29,,,,http://creativecommons.org/licenses/by/4.0,Missouri Botanical Garden,Missouri Botanical Garden
wfo-4000032923,trees,habit,"6A6E58C6-EB3D-4EDF-8EB3-ED79A58C60CC,E97FF251-92D0-479C-AE10-7CEE061A4309",English,2013-10-17,,,,http://creativecommons.org/licenses/by/4.0,Missouri Botanical Garden,Missouri Botanical Garden
wfo-4000004008,Trees or shrubs,habit,3BE9B4B6-BFCE-466E-BF5E-5D88111B177B,English,2013-03-28,,,,http://creativecommons.org/licenses/by/4.0,Missouri Botanical Garden,Missouri Botanical Garden
wfo-4000017582,Shrubs trees,habit,A2E503A3-B348-4FF6-9FBE-2845944AD5C5,English,2013-01-29,,,,http://creativecommons.org/licenses/by/4.0,Missouri Botanical Garden,Missouri Botanical Garden
wfo-4000040336,shrubs or trees,habit,5E7B6F1A-C08D-48D0-A8C1-BE337DED7720,English,2013-02-07,,,,http://creativecommons.org/licenses/by/4.0,Missouri Botanical Garden,Missouri Botanical Garden
wfo-4000004020,Lianas,habit,C8BB873E-BE11-4543-BD3A-4303BCD74F4C,English,2013-10-03,,,,http://creativecommons.org/licenses/by/4.0,Missouri Botanical Garden,Missouri Botanical Garden
wfo-4000025186,trees,habit,"0D190F95-99FA-440E-9F0F-0170E2947C5B,D7B3C9E4-986E-4F1B-A997-D6E77B2D9F4B",English,2013-09-30,,,,http://creativecommons.org/licenses/by/4.0,Missouri Botanical Garden,Missouri Botanical Garden
wfo-4000040349,Trees or shrubs,habit,"8D71C44A-F03F-4E3C-88CB-0D9594E034A8,B0A1C8DA-B09B-4BC7-859B-4F661BA5DF08",English,2013-07-19,,,,http://creativecommons.org/licenses/by/4.0,Missouri Botanical Garden,Missouri Botanical Garden
wfo-4000025188,tree shrub,habit,241B7A68-2E03-4AFF-98CA-684FACB84EDF,English,2013-01-11,,,,http://creativecommons.org/licenses/by/4.0,Missouri Botanical Garden,Missouri Botanical Garden
wfo-4000040377,vines,habit,5E3DF3A3-15B4-4275-B33C-FF7BEF0B62E5,English,2013-03-27,,,,http://creativecommons.org/licenses/by/4.0,Missouri Botanical Garden,Missouri Botanical Garden
wfo-4000040405,Trees shrubs,habit,"36E1979A-58DA-44E2-AD77-072E16BEB151,CC8340CF-8C4E-4AEF-839A-320591B0B6BC",English,2013-03-13,,,,http://creativecommons.org/licenses/by/4.0,Missouri Botanical Garden,Missouri Botanical Garden
wfo-4000040405,herbs,habit,"36E1979A-58DA-44E2-AD77-072E16BEB151,08587541-ED21-4FEB-AE4B-469587CD658C",English,2013-03-13,,,,http://creativecommons.org/licenses/by/4.0,Missouri Botanical Garden,Missouri Botanical Garden
wfo-4000033004,trees,habit,072BB155-1729-4E77-BF18-296B0F2A4892,English,2012-12-18,,,,http://creativecommons.org/licenses/by/4.0,Missouri Botanical Garden,Missouri Botanical Garden
wfo-4000004097,Shrubs or herbs,habit,6E86A4A1-126C-41F4-A95E-1815AC1F9F3D,English,2013-07-25,,,,http://creativecommons.org/licenses/by/4.0,Missouri Botanical Garden,Missouri Botanical Garden
wfo-4000040442,Herbs,habit,"DA9B8F69-6750-44C7-85F9-1E3D8D7A357A,0EFEF76E-2B71-4F9D-B228-FDA7147FA303",English,2013-05-29,,,,http://creativecommons.org/licenses/by/4.0,Missouri Botanical Garden,Missouri Botanical Garden
wfo-4000025319,herbs,habit,"1C244887-1243-44F6-BF86-E0D89EA65EA6,355EFCAE-745C-4B75-8733-846208FECB08",English,2013-08-08,,,,http://creativecommons.org/licenses/by/4.0,Missouri Botanical Garden,Missouri Botanical Garden
wfo-4000004215,Trees or shrubs,habit,A5732613-95E9-4C46-BE4A-40D540B6B57C,English,2013-08-19,,,,http://creativecommons.org/licenses/by/4.0,Missouri Botanical Garden,Missouri Botanical Garden
wfo-4000004221,trees,habit,468808B0-7FDE-4D2C-9CED-76AA8C5149D5,English,2013-01-22,,,,http://creativecommons.org/licenses/by/4.0,Missouri Botanical Garden,Missouri Botanical Garden
wfo-4000025393,herbs or low shrubs,habit,"6234CA79-6F68-4F35-A46E-595D2CE33F42,E39A5031-96E5-498B-A890-5F33B44D7FC6",English,2013-08-08,,,,http://creativecommons.org/licenses/by/4.0,Missouri Botanical Garden,Missouri Botanical Garden
wfo-4000040547,Trees or shrubs,habit,8E765524-4842-4A20-A9BE-9BBDAAFA1489,English,2013-09-18,,,,http://creativecommons.org/licenses/by/4.0,Missouri Botanical Garden,Missouri Botanical Garden
wfo-4000033230,herb,habit,"B8D10256-0756-4C9C-844A-48B037FE9110,85960F53-B8F9-44EA-AD8D-9D16D7D5A88C",English,2013-09-17,,,,http://creativecommons.org/licenses/by/4.0,Missouri Botanical Garden,Missouri Botanical Garden
wfo-4000040571,shrub,habit,"2B094F31-919A-4E77-B3D2-72F9B205F564,5184E6D8-CEA7-4807-81FF-DCED35DFF56E",English,2012-11-29,,,,http://creativecommons.org/licenses/by/4.0,Missouri Botanical Garden,Missouri Botanical Garden
wfo-4000040582,Shrubs or small trees,habit,E37ACB2C-CC80-4137-8D09-DDE414BBD266,English,2013-05-08,,,,http://creativecommons.org/licenses/by/4.0,Missouri Botanical Garden,Missouri Botanical Garden
wfo-4000040589,Trees shrubs,habit,"983AC76A-4722-49A8-9B9B-DE8E6A9603A0,BA54B052-B281-453A-BFB8-38C52A6CE98B",English,2012-11-13,,,,http://creativecommons.org/licenses/by/4.0,Missouri Botanical Garden,Missouri Botanical Garden
wfo-4000025465,trees shrubs,habit,8EA9288F-34D5-4FC0-B33C-B41A0032AD36,English,2012-11-12,,,,http://creativecommons.org/licenses/by/4.0,Missouri Botanical Garden,Missouri Botanical Garden
wfo-4000025477,trees and shrubs,habit,464E64C9-8F37-45BB-AA75-2398E96C2A15,English,2013-01-28,,,,http://creativecommons.org/licenses/by/4.0,Missouri Botanical Garden,Missouri Botanical Garden
wfo-4000017873,Herbs shrubs,habit,"A4B7E1F4-08CB-4F39-A27A-E1CCA8560BC0,3E43275B-A137-4CAC-9F65-E8B21F3C8511,F6BD0A90-C32F-4DC2-89D3-865A3586AC68",English,2013-03-08,,,,http://creativecommons.org/licenses/by/4.0,Missouri Botanical Garden,Missouri Botanical Garden
wfo-4000033254,Shrubs or trees,habit,"B7A45159-19AD-496A-A07A-E8E691BF1CB2,EBD1AAB3-094D-46A9-BA51-9CFEE082B09B",English,2013-03-20,,,,http://creativecommons.org/licenses/by/4.0,Missouri Botanical Garden,Missouri Botanical Garden
wfo-4000004308,herb,habit,"F7D6EFD6-9CB6-44CD-82CE-96D383AD9314,D0BF03B4-0C24-4591-B4CF-64A270EFD770",English,2012-11-29,,,,http://creativecommons.org/licenses/by/4.0,Missouri Botanical Garden,Missouri Botanical Garden
wfo-4000025520,Herbs,habit,88DD1FBF-7F2F-42D1-BA5A-045428FB7AE4,English,2013-07-30,,,,http://creativecommons.org/licenses/by/4.0,Missouri Botanical Garden,Missouri Botanical Garden
wfo-4000004320,Trees shrubs,habit,B4523A79-91B9-4338-8549-2D981372F769,English,2012-11-12,,,,http://creativecommons.org/licenses/by/4.0,Missouri Botanical Garden,Missouri Botanical Garden
wfo-4000040759,tree,habit,5E9000F5-274C-49E2-AE5A-CDCD150D495B,English,2013-05-24,,,,http://creativecommons.org/licenses/by/4.0,Missouri Botanical Garden,Missouri Botanical Garden
wfo-4000033298,Shrubs trees,habit,"3F6B8C45-6ABE-489B-9620-AE66ACCE244E,004E629D-D400-4A90-BA3F-8AF798BC6A5C",English,2013-03-15,,,,http://creativecommons.org/licenses/by/4.0,Missouri Botanical Garden,Missouri Botanical Garden
wfo-4000017916,Shrubs,habit,05C4DEB0-E039-4EF4-B52E-51CACF3AA1AF,English,2013-09-05,,,,http://creativecommons.org/licenses/by/4.0,Missouri Botanical Garden,Missouri Botanical Garden
wfo-4000033654,shrubs,habit,"CCF16986-2DB3-44ED-A0F2-96E11E8E9322,191A2FE3-71DC-4FC1-A0EE-1679AF2FA1DE",English,2013-08-15,,,,http://creativecommons.org/licenses/by/4.0,Missouri Botanical Garden,Missouri Botanical Garden
wfo-4000017934,Trees,habit,"A8691400-D364-4ECC-900E-C33651BCC7F1,18CD55CB-2833-44F3-A5D2-6CBCC4557381",English,2013-04-08,,,,http://creativecommons.org/licenses/by/4.0,Missouri Botanical Garden,Missouri Botanical Garden
wfo-4000040696,Herbs,habit,14DDD4E9-91B0-4D34-902E-15B239F0D841,English,2013-03-21,,,,http://creativecommons.org/licenses/by/4.0,Missouri Botanical Garden,Missouri Botanical Garden
wfo-4000017954,herbs,habit,"C6056BE1-82C7-43B6-9C1A-D968EBB002DF,C29BD7DC-5BAC-4D87-B214-D4BA84C353B1",English,2013-07-12,,,,http://creativecommons.org/licenses/by/4.0,Missouri Botanical Garden,Missouri Botanical Garden
wfo-4000004513,Shrubs or small trees,habit,"E7F184E3-4E27-4FFA-A348-60081BAE025F,F9A1F5A1-85AB-4FC8-99D2-C1B1CE020872",English,2013-08-19,,,,http://creativecommons.org/licenses/by/4.0,Missouri Botanical Garden,Missouri Botanical Garden
wfo-4000017959,Lianas,habit,"0F65D2AF-C25E-4924-A12F-476FD0A52D2D,643A949C-E3B8-4E7C-971E-78402F66A2BD",English,2013-03-07,,,,http://creativecommons.org/licenses/by/4.0,Missouri Botanical Garden,Missouri Botanical Garden
wfo-4000017974,Shrubs or trees,habit,DC242042-C309-4646-9D50-76A35C4089C4,English,2013-09-05,,,,http://creativecommons.org/licenses/by/4.0,Missouri Botanical Garden,Missouri Botanical Garden
wfo-4000040723,Shrubs or small trees.,habit,"2AC722CA-D0F0-4A99-9D09-960F2F40040A,4903E032-9C21-4638-9D6A-5B03DAC82BA6",English,2013-10-01,,,,http://creativecommons.org/licenses/by/4.0,Missouri Botanical Garden,Missouri Botanical Garden
wfo-4000017966,Trees or shrubs,habit,"CE96F9A5-4165-426E-9AC5-977199B1BF42,128A546D-D210-401B-A3B1-24F4B450CC4B",English,2013-03-20,,,,http://creativecommons.org/licenses/by/4.0,Missouri Botanical Garden,Missouri Botanical Garden
wfo-4000017979,"Lianas, rarely shrubs or climbing shrubs.",habit,691628F1-D40C-49B8-A7D0-E5CAB5ED008D,English,2013-10-07,,,,http://creativecommons.org/licenses/by/4.0,Missouri Botanical Garden,Missouri Botanical Garden
wfo-4000017988,Shrubs trees,habit,"52D1F75E-9074-4668-AED1-4438C1AAFBAD,75E379DD-FF6B-40F3-B393-8195FE3E4897",English,2012-11-14,,,,http://creativecommons.org/licenses/by/4.0,Missouri Botanical Garden,Missouri Botanical Garden
wfo-4000025628,Herbs shrubs,habit,E87D0B8F-B483-43B1-92EE-10D1B60E7738,English,2013-03-12,,,,http://creativecommons.org/licenses/by/4.0,Missouri Botanical Garden,Missouri Botanical Garden
wfo-4000004420,herbs,habit,"9CECE13A-0211-47B6-B52F-C79A2D2E1BBD,FF9440E7-8B4A-4EA1-818D-BB88889A6A46",English,2013-08-14,,,,http://creativecommons.org/licenses/by/4.0,Missouri Botanical Garden,Missouri Botanical Garden
wfo-4000040779,Herbs shrubs,habit,"0A2F3EA3-6E8E-415D-B216-F3889D62D268,319D1E46-8131-49D6-B6D6-A9021A93B352",English,2013-03-12,,,,http://creativecommons.org/licenses/by/4.0,Missouri Botanical Garden,Missouri Botanical Garden
wfo-4000040785,herbs or subshrubs,habit,"E48795A3-32A2-43D1-932C-219FCA649402,D0D2604F-A6AF-493A-9F73-0337E0FF904E",English,2013-05-17,,,,http://creativecommons.org/licenses/by/4.0,Missouri Botanical Garden,Missouri Botanical Garden
wfo-4000040788,shrub,habit,"3961E182-877A-4D27-8DB3-05F614DA43B0,9D8E0C8B-59C0-4AA5-99FC-940D263D5BBE",English,2012-11-29,,,,http://creativecommons.org/licenses/by/4.0,Missouri Botanical Garden,Missouri Botanical Garden
wfo-4000040790,Trees or shrubs,habit,"198CA93E-48A8-44CF-8ECB-64C47FD2229A,7907039E-158F-4A4A-80D1-EBA8BCA7C53F",English,2013-09-18,,,,http://creativecommons.org/licenses/by/4.0,Missouri Botanical Garden,Missouri Botanical Garden
wfo-4000004457,shrubs,habit,"27569BC6-248A-407A-914A-A2DE7FFEE7CB,E24342C5-C32C-4582-84EA-3EAD7E745DF2",English,2013-02-07,,,,http://creativecommons.org/licenses/by/4.0,Missouri Botanical Garden,Missouri Botanical Garden
wfo-4000033432,Trees and shrubs,habit,"106FAFF2-70CE-48B8-AC20-DC4937C98482,86CC9594-9757-4CD5-A798-49E30EB7E0FE",English,2013-02-07,,,,http://creativecommons.org/licenses/by/4.0,Missouri Botanical Garden,Missouri Botanical Garden
wfo-4000033439,herbs,habit,F752BE2B-9709-4EC6-9805-1B56C5E56116,English,2012-11-12,,,,http://creativecommons.org/licenses/by/4.0,Missouri Botanical Garden,Missouri Botanical Garden
wfo-4000033454,Shrubs or trees,habit,"8DE3F68C-95EC-4E4A-BF39-33A88059365A,C63028E8-3759-40C9-8F19-51F0349A0DEA",English,2013-09-17,,,,http://creativecommons.org/licenses/by/4.0,Missouri Botanical Garden,Missouri Botanical Garden
wfo-4000004492,Shrubs,habit,7C0BF3CC-4CE2-4B1E-BBC9-F89C845A80C8,English,2013-03-18,,,,http://creativecommons.org/licenses/by/4.0,Missouri Botanical Garden,Missouri Botanical Garden
wfo-4000025778,herbs,habit,"F24508A0-ED96-4843-86F6-F3BEB642AAF3,5A3AE38D-BEA4-499A-9333-213B7082813F",English,2013-08-08,,,,http://creativecommons.org/licenses/by/4.0,Missouri Botanical Garden,Missouri Botanical Garden
wfo-4000033541,Shrubs or trees,habit,1DFAAFAF-48CA-4759-B7EB-F48BF0C3EB00,English,2013-01-22,,,,http://creativecommons.org/licenses/by/4.0,Missouri Botanical Garden,Missouri Botanical Garden
wfo-4000033516,herbs,habit,B38E793F-334F-4BD2-A014-11BA06C92A3D,English,2012-12-18,,,,http://creativecommons.org/licenses/by/4.0,Missouri Botanical Garden,Missouri Botanical Garden
wfo-4000025849,trees,habit,DBC264B8-BF22-4530-8E4C-105404211C95,English,2013-03-28,,,,http://creativecommons.org/licenses/by/4.0,Missouri Botanical Garden,Missouri Botanical Garden
wfo-4000033545,lianas,habit,"340FBA1E-0E0D-4730-8BF1-CFD399A9CCC7,0B188609-B925-4186-9398-90D8B79CCB80",English,2012-11-14,,,,http://creativecommons.org/licenses/by/4.0,Missouri Botanical Garden,Missouri Botanical Garden
wfo-4000004635,Trees,habit,8AE8130F-D81E-4D45-BB13-095791C0C83D,English,2013-05-29,,,,http://creativecommons.org/licenses/by/4.0,Missouri Botanical Garden,Missouri Botanical Garden
wfo-4000033586,Shrubs,habit,"CD926681-79CE-4347-9FAB-BB5B248F42F7,4250E7E3-D59B-46F9-8EC1-94C820E4AF2A",English,2013-09-17,,,,http://creativecommons.org/licenses/by/4.0,Missouri Botanical Garden,Missouri Botanical Garden
wfo-4000033594,herbs or shrubs.,habit,4B1D3E69-04F8-4D24-B4AA-517CAC809313,English,2013-07-30,,,,http://creativecommons.org/licenses/by/4.0,Missouri Botanical Garden,Missouri Botanical Garden
wfo-4000025964,herbs,habit,972B3385-BFBB-4A1D-939D-1111E6352CEE,English,2013-09-11,,,,http://creativecommons.org/licenses/by/4.0,Missouri Botanical Garden,Missouri Botanical Garden
wfo-4000025953,Shrubs,habit,C2C8D229-CDBD-4C67-B990-44C5476BE303,English,2013-07-30,,,,http://creativecommons.org/licenses/by/4.0,Missouri Botanical Garden,Missouri Botanical Garden
wfo-4000033604,herbs or subshrubs,habit,"6D33DB7F-5362-41A0-A9B7-7637DAB44BBA,472B1F8C-94CD-4605-B4D8-FBCC27CC9914",English,2013-08-08,,,,http://creativecommons.org/licenses/by/4.0,Missouri Botanical Garden,Missouri Botanical Garden
wfo-4000004652,Herbs or subshrubs,habit,7284A847-AA8C-4943-8EC4-962E21BDF61B,English,2013-09-19,,,,http://creativecommons.org/licenses/by/4.0,Missouri Botanical Garden,Missouri Botanical Garden
wfo-4000025960,Shrubs or small trees,habit,A7E7CDF3-6101-4F5D-B7DD-5186BF848C77,English,2013-04-10,,,,http://creativecommons.org/licenses/by/4.0,Missouri Botanical Garden,Missouri Botanical Garden
wfo-4000041026,Lianas,habit,B63FD73A-590D-4627-B5DE-E9958B7950FE,English,2013-05-22,,,,http://creativecommons.org/licenses/by/4.0,Missouri Botanical Garden,Missouri Botanical Garden
wfo-4000033636,herb,habit,808D8523-18A2-494E-814C-EB1F9ED0C43C,English,2013-05-24,,,,http://creativecommons.org/licenses/by/4.0,Missouri Botanical Garden,Missouri Botanical Garden
wfo-4000041030,Shrubs or trees,habit,"4912B85D-6C77-4D32-8EB4-47B96E666EC0,FA3AD5BB-A9CC-41EE-BA3D-347692445BFD",English,2013-02-07,,,,http://creativecommons.org/licenses/by/4.0,Missouri Botanical Garden,Missouri Botanical Garden
wfo-4000041044,Shrubs or small trees,habit,05E3936B-944C-4D44-B714-BEFB9196DE3B,English,2013-03-28,,,,http://creativecommons.org/licenses/by/4.0,Missouri Botanical Garden,Missouri Botanical Garden
wfo-4000011161,Herbs or shrubs,habit,DD7EDC9C-6D01-443C-9DB4-9C387395E518,English,2013-05-15,,,,http://creativecommons.org/licenses/by/4.0,Missouri Botanical Garden,Missouri Botanical Garden
wfo-4000018309,Shrubs or medium sized trees,habit,898CA8DB-8AF8-43D0-B2EC-2EFF6F415C2E,English,2013-08-12,,,,http://creativecommons.org/licenses/by/4.0,Missouri Botanical Garden,Missouri Botanical Garden
wfo-4000004696,"shrub, tree<br>",habit,6097AC15-8168-484C-B000-C43E712E0ED5,English,2013-03-14,,,,http://creativecommons.org/licenses/by/4.0,Missouri Botanical Garden,Missouri Botanical Garden
wfo-4000033660,Trees or shrubs,habit,"EEC55FDD-62A9-4378-B023-59350845A819,DE4C2DFA-C05A-4473-A860-7695A79B2D49",English,2013-09-18,,,,http://creativecommons.org/licenses/by/4.0,Missouri Botanical Garden,Missouri Botanical Garden
wfo-4000033677,Shrubs,habit,E7BF18D3-EAED-497B-AF60-DBF34A165D16,English,2013-04-05,,,,http://creativecommons.org/licenses/by/4.0,Missouri Botanical Garden,Missouri Botanical Garden
wfo-4000018356,vines,habit,BAD806E2-99F0-41B5-AF57-47BC20670CFA,English,2013-05-30,,,,http://creativecommons.org/licenses/by/4.0,Missouri Botanical Garden,Missouri Botanical Garden
wfo-4000004748,herbs or shrubs,habit,EEE323FE-B95E-4427-9442-191A3829D8CE,English,2013-07-25,,,,http://creativecommons.org/licenses/by/4.0,Missouri Botanical Garden,Missouri Botanical Garden
wfo-4000033697,vines,habit,AF97D166-18BC-4498-A8BB-EF4FACE19322,English,2013-08-01,,,,http://creativecommons.org/licenses/by/4.0,Missouri Botanical Garden,Missouri Botanical Garden
wfo-4000033717,shrubs,habit,"00CE6DF1-66C4-44A6-BFDC-D754D55F44C8,493C21A7-1799-4BC4-8ACD-37BF76F3646B",English,2013-09-18,,,,http://creativecommons.org/licenses/by/4.0,Missouri Botanical Garden,Missouri Botanical Garden
wfo-4000041155,Shrubs or trees,habit,"F463FB2C-5134-4CDA-AD66-CFFA3FA97235,D41A7970-D716-4101-9D0A-5BCAFA9EE5E1",English,2013-08-12,,,,http://creativecommons.org/licenses/by/4.0,Missouri Botanical Garden,Missouri Botanical Garden
wfo-4000026097,herbs or shrubs,habit,"16AE576F-191A-455C-A6F3-716D2EA934C6,2D866E9B-9D8E-45F5-BB56-881F4DBD1BAA",English,2013-05-15,,,,http://creativecommons.org/licenses/by/4.0,Missouri Botanical Garden,Missouri Botanical Garden
wfo-4000004781,Vines,habit,5FF0B5B7-D56A-4E61-ACFD-F9619092F3D8,English,2013-05-30,,,,http://creativecommons.org/licenses/by/4.0,Missouri Botanical Garden,Missouri Botanical Garden
wfo-4000004801,trees,habit,500EEE44-16F9-4362-A765-90DD4CE70BB7,English,2013-07-15,,,,http://creativecommons.org/licenses/by/4.0,Missouri Botanical Garden,Missouri Botanical Garden
wfo-4000018424,Trees,habit,A221E709-22B8-4946-89E8-3958599C2FD4,English,2013-05-24,,,,http://creativecommons.org/licenses/by/4.0,Missouri Botanical Garden,Missouri Botanical Garden
wfo-4000011159,Shrubs,habit,54DB824A-3DF7-4F49-9A91-DE2A762FA738,English,2013-09-04,,,,http://creativecommons.org/licenses/by/4.0,Missouri Botanical Garden,Missouri Botanical Garden
wfo-4000033760,Trees,habit,4FA37959-286C-4E44-92E3-9EA2DCA448B0,English,2013-05-24,,,,http://creativecommons.org/licenses/by/4.0,Missouri Botanical Garden,Missouri Botanical Garden
wfo-4000033925,herbs or shrubs,habit,F989A5D7-CEC1-4B48-B04C-3A7D6BE6736B,English,2013-07-30,,,,http://creativecommons.org/licenses/by/4.0,Missouri Botanical Garden,Missouri Botanical Garden
wfo-4000018439,Trees,habit,"C1B6ACD1-3D1D-446A-84E2-A0F58B6C2F67,BFE30083-1C46-4A0F-822C-65C92A4DFEB9",English,2013-03-20,,,,http://creativecommons.org/licenses/by/4.0,Missouri Botanical Garden,Missouri Botanical Garden
wfo-4000011190,shrubs,habit,49294DC3-9D3F-466D-8CC1-ED8E38E277B5,English,2012-11-16,,,,http://creativecommons.org/licenses/by/4.0,Missouri Botanical Garden,Missouri Botanical Garden
wfo-4000041234,Shrubs or small trees,habit,EF210579-19BD-49E6-840C-59CB74FF8196,English,2013-05-24,,,,http://creativecommons.org/licenses/by/4.0,Missouri Botanical Garden,Missouri Botanical Garden
wfo-4000004863,"Trees, shrubs, or herbs",habit,"DE37DF96-F761-4F27-B4F0-50E525454894,39A1C503-A9BC-44C0-BF1F-845B13629EB5",English,2013-01-22,,,,http://creativecommons.org/licenses/by/4.0,Missouri Botanical Garden,Missouri Botanical Garden
wfo-4000011206,"Herbs, subshrubs, or shrubs",habit,"2AAF09B1-EE18-48B4-865E-4DC47062B697,49C2B184-E165-42AF-8AE5-44F4AE110EE2",English,2013-09-26,,,,http://creativecommons.org/licenses/by/4.0,Missouri Botanical Garden,Missouri Botanical Garden
wfo-4000041250,Shrubs or small trees,habit,FFA674F0-E420-4337-AE6A-5F0EA1914DC5,English,2013-05-08,,,,http://creativecommons.org/licenses/by/4.0,Missouri Botanical Garden,Missouri Botanical Garden
wfo-4000033821,Lianas shrubs,habit,581D972E-3F8F-4DCF-B2B6-CF397029DDC3,English,2013-03-07,,,,http://creativecommons.org/licenses/by/4.0,Missouri Botanical Garden,Missouri Botanical Garden
wfo-4000033821,trees,habit,27742F93-7937-45D3-AEF8-FE1608D8760B,English,2013-03-07,,,,http://creativecommons.org/licenses/by/4.0,Missouri Botanical Garden,Missouri Botanical Garden
wfo-4000011215,Shrubs trees,habit,"D1050C76-A0C6-49AA-BBFF-8F28A15AD756,8CB44685-BF31-4BC5-8F46-4B27CE4A9DC4",English,2013-02-07,,,,http://creativecommons.org/licenses/by/4.0,Missouri Botanical Garden,Missouri Botanical Garden
wfo-4000018492,Herbs suffrutices,habit,"FA36765B-BA2A-423D-9A05-3E017C49A45E,D4F560D0-760B-42DF-9B7E-FC86A83D1B39",English,2013-03-15,,,,http://creativecommons.org/licenses/by/4.0,Missouri Botanical Garden,Missouri Botanical Garden
wfo-4000018492,shrubs trees,habit,"FA36765B-BA2A-423D-9A05-3E017C49A45E,961D711B-C211-44D6-A986-B62894288B59",English,2013-03-15,,,,http://creativecommons.org/licenses/by/4.0,Missouri Botanical Garden,Missouri Botanical Garden
wfo-4000004873,herbs,habit,0A94C209-59D8-44C2-8049-F81BFBE356DD,English,2013-01-28,,,,http://creativecommons.org/licenses/by/4.0,Missouri Botanical Garden,Missouri Botanical Garden
wfo-4000026220,shrub,habit,"11F0EA43-E45B-45DC-83C1-06C7EEA31EB5,7D7706FF-7B45-4257-AE70-4DE886901A1A",English,2012-11-29,,,,http://creativecommons.org/licenses/by/4.0,Missouri Botanical Garden,Missouri Botanical Garden
wfo-4000041278,herbs or suffruticose perennials,habit,"0E028D9F-3F05-4764-9DD1-57A16A561B78,4CFE3CAA-6CDD-4D9B-8B2C-1AA2D3843EE9",English,2013-10-01,,,,http://creativecommons.org/licenses/by/4.0,Missouri Botanical Garden,Missouri Botanical Garden
wfo-4000033844,shrubs or trees,habit,6B3D671D-D6E4-4116-B90F-1748973BF70C,English,2013-07-19,,,,http://creativecommons.org/licenses/by/4.0,Missouri Botanical Garden,Missouri Botanical Garden
wfo-4000005144,Shrubs or herbs,habit,"37C83938-C452-48D0-85FF-7816E8DF1816,B63063E7-69DE-47B6-9344-155AE9DA6DCF",English,2013-08-20,,,,http://creativecommons.org/licenses/by/4.0,Missouri Botanical Garden,Missouri Botanical Garden
wfo-4000018510,climbers shrubs,habit,9EE06EDA-B5A4-4085-873A-79641522E875,English,2012-11-13,,,,http://creativecommons.org/licenses/by/4.0,Missouri Botanical Garden,Missouri Botanical Garden
wfo-4000018515,herbs,habit,F3C3A2D2-159E-4CD3-A6C2-10698AD2B2DB,English,2013-05-09,,,,http://creativecommons.org/licenses/by/4.0,Missouri Botanical Garden,Missouri Botanical Garden
wfo-4000026223,Shrubs or lianas,habit,7A7D1373-51AA-410F-8A26-6A58EE85939A,English,2013-04-05,,,,http://creativecommons.org/licenses/by/4.0,Missouri Botanical Garden,Missouri Botanical Garden
wfo-4000018527,herbs,habit,BB09D5F0-EDDA-4E11-8702-71A252464796,English,2013-01-11,,,,http://creativecommons.org/licenses/by/4.0,Missouri Botanical Garden,Missouri Botanical Garden
wfo-4000026235,Trees,habit,"E0D9F9DD-45C7-43C2-80CF-85EB2CB725B6,98F229E7-026C-4688-B02A-2591F2BF6E9D",English,2013-07-08,,,,http://creativecommons.org/licenses/by/4.0,Missouri Botanical Garden,Missouri Botanical Garden
wfo-4000041303,Trees or shrubs,habit,52E8A760-506A-45E6-8770-E80D3C8A2E7F,English,2013-03-28,,,,http://creativecommons.org/licenses/by/4.0,Missouri Botanical Garden,Missouri Botanical Garden
wfo-4000018542,Herbs,habit,82C4DBF0-57D2-4511-B387-E7F35E2E431A,English,2013-03-21,,,,http://creativecommons.org/licenses/by/4.0,Missouri Botanical Garden,Missouri Botanical Garden
wfo-4000033888,Herbs or shrubs,habit,73775827-2A75-492B-8F21-08FFFC86DCE0,English,2013-04-04,,,,http://creativecommons.org/licenses/by/4.0,Missouri Botanical Garden,Missouri Botanical Garden
wfo-4000011286,trees,habit,8E309E99-3015-4BCF-8993-DAAFF4DCC5FD,English,2012-11-27,,,,http://creativecommons.org/licenses/by/4.0,Missouri Botanical Garden,Missouri Botanical Garden
wfo-4000011290,trees,habit,4C45C3DE-8903-4314-AD81-C786F3A33E81,English,2013-02-07,,,,http://creativecommons.org/licenses/by/4.0,Missouri Botanical Garden,Missouri Botanical Garden
wfo-4000017896,Trees or shrubs,habit,"C232F480-44F5-44BA-BAC6-BFB30E14EE51,8C1AEE23-A6A4-46DA-9271-65D999D01B36",English,2013-03-18,,,,http://creativecommons.org/licenses/by/4.0,Missouri Botanical Garden,Missouri Botanical Garden
wfo-4000033909,"Herbs, shrubs, or trees",habit,"79E46175-4EBF-449C-AE4D-92D5DD2F0B82,5F98844E-20AB-4E1E-9674-8CA3473A6875",English,2013-05-14,,,,http://creativecommons.org/licenses/by/4.0,Missouri Botanical Garden,Missouri Botanical Garden
wfo-4000004950,Shrubs or trees,habit,EC6A78C7-3935-43C3-AEAE-34183915FBE5,English,2013-04-08,,,,http://creativecommons.org/licenses/by/4.0,Missouri Botanical Garden,Missouri Botanical Garden
wfo-4000004952,Lianas to small scrambling shrubs or herbaceous vines,habit,"FBC7B4CE-BEF5-4027-90DA-53D3CAD5A8D1,8B346AB2-306F-46F8-B3E1-2C20DE87D1B7",English,2013-05-31,,,,http://creativecommons.org/licenses/by/4.0,Missouri Botanical Garden,Missouri Botanical Garden
wfo-4000018602,Lianas trees,habit,763B645A-F809-4AD6-BF03-7C7590E5C661,English,2013-03-07,,,,http://creativecommons.org/licenses/by/4.0,Missouri Botanical Garden,Missouri Botanical Garden
wfo-4000018606,shrub,habit,"BF2994E6-84A2-46F6-B54B-66A4CAA370A8,16BE74D9-CE3C-43C2-986F-039CAC20641B",English,2012-11-29,,,,http://creativecommons.org/licenses/by/4.0,Missouri Botanical Garden,Missouri Botanical Garden
wfo-4000018629,trees,habit,C20B9127-65A7-4163-BD06-DBD89F96A525,English,2012-11-27,,,,http://creativecommons.org/licenses/by/4.0,Missouri Botanical Garden,Missouri Botanical Garden
wfo-4000011345,herbs,habit,"3DE6C3E3-B8C5-4C68-9ABD-4C55C5E46DD0,8D78905A-8D54-4EAD-BB54-AA5A5DBDC0F0",English,2013-07-12,,,,http://creativecommons.org/licenses/by/4.0,Missouri Botanical Garden,Missouri Botanical Garden
wfo-4000005042,Herbs,habit,"A96F7709-FCE7-402C-9DC0-AA228D52DE81,E03B7539-D6BC-4717-AE8B-BCE8BFA25378",English,2013-08-19,,,,http://creativecommons.org/licenses/by/4.0,Missouri Botanical Garden,Missouri Botanical Garden
wfo-4000011347,herbs,habit,"1F50B794-2C02-4BB8-A804-DB24921580BD,65F0C7F3-8066-43E6-9E66-B34C83F3557A",English,2013-08-07,,,,http://creativecommons.org/licenses/by/4.0,Missouri Botanical Garden,Missouri Botanical Garden
wfo-4000033983,shrubs or small trees,habit,C8369897-EC66-494D-A62B-9DB3CBA75578,English,2013-07-18,,,,http://creativecommons.org/licenses/by/4.0,Missouri Botanical Garden,Missouri Botanical Garden
wfo-4000005037,trees,habit,"6B30BFC7-0921-4C1E-8C7F-0201168FBB1C,600D6C56-BBF8-4559-A666-0F6AC4DDEDE0",English,2013-08-19,,,,http://creativecommons.org/licenses/by/4.0,Missouri Botanical Garden,Missouri Botanical Garden
wfo-4000011405,Trees shrubs,habit,"4F27A1AB-17A0-408F-853E-161B07595E3B,B9A3A323-6D3C-4A8A-845B-8EB16C40833D",English,2013-03-13,,,,http://creativecommons.org/licenses/by/4.0,Missouri Botanical Garden,Missouri Botanical Garden
wfo-4000011427,Herbs,habit,"BD244067-D14F-448F-8040-90D4AFBD59B8,62ED4314-9060-4D00-A75F-75D8C1282A0C",English,2013-05-31,,,,http://creativecommons.org/licenses/by/4.0,Missouri Botanical Garden,Missouri Botanical Garden
wfo-4000018747,shrubs trees,habit,FF44A1CD-22F6-4DE7-BC54-165289CD170A,English,2013-02-07,,,,http://creativecommons.org/licenses/by/4.0,Missouri Botanical Garden,Missouri Botanical Garden
wfo-4000018759,"Trees, shrubs or perennial to annual herbs",habit,"9931306B-D0A2-47D4-8A13-071C03B3E9AF,C2E83EFD-A796-43B8-9980-2EB2C9791665",English,2013-07-19,,,,http://creativecommons.org/licenses/by/4.0,Missouri Botanical Garden,Missouri Botanical Garden
wfo-4000034078,shrubs,habit,793EDBF3-D7ED-46AA-BBA1-739EB014288B,English,2012-11-20,,,,http://creativecommons.org/licenses/by/4.0,Missouri Botanical Garden,Missouri Botanical Garden
wfo-4000026493,Trees,habit,DB1FBAD0-12E9-471F-93BE-A634CFB386AE,English,2013-01-29,,,,http://creativecommons.org/licenses/by/4.0,Missouri Botanical Garden,Missouri Botanical Garden
wfo-4000034085,vines,habit,"1E517259-0E97-4FCF-A373-ABDD0A31CE10,BF6D618B-1DD2-4708-A2BD-4D7972D0B1C5",English,2013-05-30,,,,http://creativecommons.org/licenses/by/4.0,Missouri Botanical Garden,Missouri Botanical Garden
wfo-4000026511,Herbs,habit,3EDEA304-6A62-40B7-98DB-0459F60837ED,English,2013-04-04,,,,http://creativecommons.org/licenses/by/4.0,Missouri Botanical Garden,Missouri Botanical Garden
wfo-4000026514,trees shrubs,habit,E5510B14-E69C-4EA8-9452-539CAF6E4A1D,English,2012-11-12,,,,http://creativecommons.org/licenses/by/4.0,Missouri Botanical Garden,Missouri Botanical Garden
wfo-4000005135,Trees or shrubs,habit,B85C81D2-91D0-4523-8B1E-B3441AA08893,English,2013-04-02,,,,http://creativecommons.org/licenses/by/4.0,Missouri Botanical Garden,Missouri Botanical Garden
wfo-4000018897,Herbs,habit,"248C7396-DAEA-439E-A835-B7683C847763,CDF3BB51-BC11-4978-993B-214BEFA83871",English,2013-04-04,,,,http://creativecommons.org/licenses/by/4.0,Missouri Botanical Garden,Missouri Botanical Garden
wfo-4000011548,Shrubs trees,habit,F374D9CC-E40F-443A-938D-DC437E70520D,English,2013-01-30,,,,http://creativecommons.org/licenses/by/4.0,Missouri Botanical Garden,Missouri Botanical Garden
wfo-4000034155,shrubs,habit,41F82B2A-4E6D-4FEF-9DA6-0876C17C1A96,English,2013-07-24,,,,http://creativecommons.org/licenses/by/4.0,Missouri Botanical Garden,Missouri Botanical Garden
wfo-4000000219,herbs,habit,"72376E69-4C0F-4206-83FC-96150BA7C182,8F2C8840-F078-4642-BCD6-3B0ECDFB88A2",English,2013-08-05,,,,http://creativecommons.org/licenses/by/4.0,Missouri Botanical Garden,Missouri Botanical Garden
wfo-4000026584,shrubs,habit,7929BA99-46FF-4F6C-8FCD-EA65611AFE1C,English,2013-02-07,,,,http://creativecommons.org/licenses/by/4.0,Missouri Botanical Garden,Missouri Botanical Garden
wfo-4000026595,Herbs or shrubs.,habit,D34684F8-5F41-41BC-BE1A-8E77DE886071,English,2013-07-30,,,,http://creativecommons.org/licenses/by/4.0,Missouri Botanical Garden,Missouri Botanical Garden
wfo-4000034188,Herbs shrubs,habit,35D2073E-347A-430B-B91F-257726A448E6,English,2013-03-13,,,,http://creativecommons.org/licenses/by/4.0,Missouri Botanical Garden,Missouri Botanical Garden
wfo-4000011612,shrub,habit,0141AED7-DCD5-4A0B-B5FE-A48DF79D7769,English,2013-07-23,,,,http://creativecommons.org/licenses/by/4.0,Missouri Botanical Garden,Missouri Botanical Garden
wfo-4000011614,Herbs,habit,"5AE68857-8B0A-4E9D-A176-C75E75E95156,415DA7F7-A49C-4792-85EF-6BCD14ED5B95",English,2013-09-04,,,,http://creativecommons.org/licenses/by/4.0,Missouri Botanical Garden,Missouri Botanical Garden
wfo-4000018994,Trees shrubs,habit,"9DB8C534-DE54-47FD-AA89-E4399A400F92,8BCE613F-E600-4517-A843-BFB5BDBEEA36",English,2013-03-15,,,,http://creativecommons.org/licenses/by/4.0,Missouri Botanical Garden,Missouri Botanical Garden
wfo-4000011629,herbs,habit,"B7C05CA6-5EEE-4C49-8DAB-2B2D7F966BA6,6F4A5645-F182-4D86-9505-D3FE740695D0",English,2013-09-04,,,,http://creativecommons.org/licenses/by/4.0,Missouri Botanical Garden,Missouri Botanical Garden
wfo-4000011651,Shrub tree,habit,0433C066-028C-4B4A-8B4C-48EAADE7F26B,English,2013-01-11,,,,http://creativecommons.org/licenses/by/4.0,Missouri Botanical Garden,Missouri Botanical Garden
wfo-4000026663,herbs or subshrubs,habit,725D1C6F-EBAC-4D15-A1DE-955016717096,English,2013-08-08,,,,http://creativecommons.org/licenses/by/4.0,Missouri Botanical Garden,Missouri Botanical Garden
wfo-4000005513,Tree,habit,1456907D-DF63-4088-99DA-EE8FA8E0BF13,English,2012-11-27,,,,http://creativecommons.org/licenses/by/4.0,Missouri Botanical Garden,Missouri Botanical Garden
wfo-4000019058,Herbs or shrubs,habit,"EFE340CC-2120-4F51-954E-344E13A515D1,4307CEAA-B22D-4605-9780-02D50EA17B59",English,2013-09-30,,,,http://creativecommons.org/licenses/by/4.0,Missouri Botanical Garden,Missouri Botanical Garden
wfo-4000011699,herbs or rarely shrubs,habit,"6E4A9503-F1D1-47B3-93C4-EB5700B295A9,9C092229-AC96-4A87-AE53-FD20A6477BDF",English,2013-08-15,,,,http://creativecommons.org/licenses/by/4.0,Missouri Botanical Garden,Missouri Botanical Garden
wfo-4000026698,Herbs or rarely subshrubs,habit,796B079E-6416-4E70-A84B-0C6EA856BA58,English,2013-09-11,,,,http://creativecommons.org/licenses/by/4.0,Missouri Botanical Garden,Missouri Botanical Garden
wfo-4000000355,Trees or shrubs,habit,"86F2A27C-0509-4757-9637-3C1503943175,EEC22A9D-CBA4-4416-8F97-76EAD975DC2A",English,2013-09-24,,,,http://creativecommons.org/licenses/by/4.0,Missouri Botanical Garden,Missouri Botanical Garden
wfo-4000034296,Shrub tree,habit,0D321ACE-E3DD-41B1-91F0-E531E7CEE748,English,2013-01-11,,,,http://creativecommons.org/licenses/by/4.0,Missouri Botanical Garden,Missouri Botanical Garden
wfo-4000005345,herbs,habit,"6A2B83EA-3E0A-445E-B654-16D9B706321D,395B31D0-B8B5-4331-B8D2-58A0C9C2DBCF",English,2012-11-12,,,,http://creativecommons.org/licenses/by/4.0,Missouri Botanical Garden,Missouri Botanical Garden
wfo-4000005365,Shrubs or trees,habit,6B25189B-CB26-4944-B573-2ECBEB7A9FE7,English,2013-07-25,,,,http://creativecommons.org/licenses/by/4.0,Missouri Botanical Garden,Missouri Botanical Garden
wfo-4000019160,"Vines, shrubs or trees",habit,"B19B7EB7-6746-4158-8692-0B6E6647AFDB,6C7A0507-2285-48F4-A5E2-FA424621324E",English,2013-05-31,,,,http://creativecommons.org/licenses/by/4.0,Missouri Botanical Garden,Missouri Botanical Garden
wfo-4000026770,tree,habit,FAD45B5D-8C1C-4D2A-985E-14C19ACAFBC1,English,2013-01-22,,,,http://creativecommons.org/licenses/by/4.0,Missouri Botanical Garden,Missouri Botanical Garden
wfo-4000034341,Trees or shrubs,habit,"E3DCE164-3993-4C4A-A0A9-B6D54E9A833D,1681A720-2B6A-44B0-A634-EF83F347B434,F696A9B5-720E-44C1-A1A7-110CBA3DBCB2",English,2013-03-22,,,,http://creativecommons.org/licenses/by/4.0,Missouri Botanical Garden,Missouri Botanical Garden
wfo-4000026809,"Shrubs, lianas, or small trees",habit,D0A9F23D-307D-4C39-80D9-1075E0ED51D3,English,2013-03-20,,,,http://creativecommons.org/licenses/by/4.0,Missouri Botanical Garden,Missouri Botanical Garden
wfo-4000011818,herbs,habit,"D2F78E86-370F-4C0D-9D58-769127C45438,9BD9E6BB-DB4C-43D8-854F-795B0E31EDC1",English,2013-09-04,,,,http://creativecommons.org/licenses/by/4.0,Missouri Botanical Garden,Missouri Botanical Garden
wfo-4000019235,Vines,habit,6A004489-2E9C-43B9-9FFA-447D80BD1F87,English,2013-05-31,,,,http://creativecommons.org/licenses/by/4.0,Missouri Botanical Garden,Missouri Botanical Garden
wfo-4000019237,Trees or shrubs.,habit,026115B2-EFBA-46B4-A997-14E62585CD58,English,2013-09-05,,,,http://creativecommons.org/licenses/by/4.0,Missouri Botanical Garden,Missouri Botanical Garden
wfo-4000034429,tree,habit,B353871A-4D2A-4163-B8E9-C87614F55BCE,English,2012-11-27,,,,http://creativecommons.org/licenses/by/4.0,Missouri Botanical Garden,Missouri Botanical Garden
wfo-4000005488,trees,habit,7968603C-5548-45BA-A5D3-DFA12113A657,English,2013-01-17,,,,http://creativecommons.org/licenses/by/4.0,Missouri Botanical Garden,Missouri Botanical Garden
wfo-4000005510,herbs,habit,56B0D301-CB87-4837-92EF-270AEE302AF3,English,2013-05-15,,,,http://creativecommons.org/licenses/by/4.0,Missouri Botanical Garden,Missouri Botanical Garden
wfo-4000005512,Shrubs trees,habit,432C8A3A-650F-46E7-9A8D-6CE1B38F3389,English,2012-11-27,,,,http://creativecommons.org/licenses/by/4.0,Missouri Botanical Garden,Missouri Botanical Garden
wfo-4000026919,Lianas to small herbaceous vines,habit,"E553C435-C47E-4116-90D6-90443078937A,C5E5AB33-73CE-4D4B-AB7F-5751CDD41A20",English,2013-05-31,,,,http://creativecommons.org/licenses/by/4.0,Missouri Botanical Garden,Missouri Botanical Garden
wfo-4000000569,Trees or shrubs,habit,C67E38A7-ECA5-4422-90DB-36C2E2BD924F,English,2013-03-18,,,,http://creativecommons.org/licenses/by/4.0,Missouri Botanical Garden,Missouri Botanical Garden
wfo-4000034484,Vines or scandent shrubs,habit,"0D6B4AB1-A317-4A23-94F0-94F87DCDE60C,C54AFBA2-07CA-4517-B913-54D7D6F8D168",English,2013-05-22,,,,http://creativecommons.org/licenses/by/4.0,Missouri Botanical Garden,Missouri Botanical Garden
wfo-4000011909,Trees or shrubs,habit,3D7ABD8A-0115-4349-BD78-45CEE5031565,English,2013-09-27,,,,http://creativecommons.org/licenses/by/4.0,Missouri Botanical Garden,Missouri Botanical Garden
wfo-4000005529,trees or shrubs,habit,"7CEB25D7-0161-41C4-B04A-BB9F26CB4FEE,F0B14B6F-BAA9-4515-9DE7-44B907D320F4",English,2013-05-15,,,,http://creativecommons.org/licenses/by/4.0,Missouri Botanical Garden,Missouri Botanical Garden
wfo-4000000598,Shrubs trees,habit,1F6FCE1A-C8C1-4EB3-8D53-589C94EF1618,English,2012-12-18,,,,http://creativecommons.org/licenses/by/4.0,Missouri Botanical Garden,Missouri Botanical Garden
wfo-4000034529,Shrubs trees,habit,E61AE84F-DECD-4D94-AD2A-B7A6E54DEA41,English,2012-12-18,,,,http://creativecommons.org/licenses/by/4.0,Missouri Botanical Garden,Missouri Botanical Garden
wfo-4000005654,Trees shrubs,habit,C00A63C2-D5DE-41F3-B682-6E5C36D776DC,English,2012-12-18,,,,http://creativecommons.org/licenses/by/4.0,Missouri Botanical Garden,Missouri Botanical Garden
wfo-4000019411,Trees or shrubs,habit,C04B7514-AC6F-4D40-8D02-CD3A9B8CA759,English,2013-09-10,,,,http://creativecommons.org/licenses/by/4.0,Missouri Botanical Garden,Missouri Botanical Garden
wfo-4000005664,herbs,habit,"88181B13-8320-42CD-AE29-76296FB6C494,D032DCCC-6C2C-4AA2-BC5A-C846181946B1",English,2013-08-15,,,,http://creativecommons.org/licenses/by/4.0,Missouri Botanical Garden,Missouri Botanical Garden
wfo-4000019423,trees,habit,"3CEB5BE4-72B9-4588-907C-AD421782470F,618F5BB1-F0FB-46F0-B167-BB5216052202",English,2013-05-21,,,,http://creativecommons.org/licenses/by/4.0,Missouri Botanical Garden,Missouri Botanical Garden
wfo-4000019424,shrub tree,habit,D8E29EA7-8566-4988-A68D-30A0C95A5118,English,2012-11-28,,,,http://creativecommons.org/licenses/by/4.0,Missouri Botanical Garden,Missouri Botanical Garden
wfo-4000027003,shrub tree,habit,84FF8B11-7647-442B-B6B6-D0BCCAFB6D54,English,2012-11-29,,,,http://creativecommons.org/licenses/by/4.0,Missouri Botanical Garden,Missouri Botanical Garden
wfo-4000005673,Tree,habit,E5603184-F902-4656-8583-7A0446AD7F3A,English,2012-12-18,,,,http://creativecommons.org/licenses/by/4.0,Missouri Botanical Garden,Missouri Botanical Garden
wfo-4000019445,Herbs or suffrutescent procumbent shrubs,habit,"0611B468-BA32-4DB1-AF84-61DFE4F4D437,F818FD33-88D2-48CA-BF95-BCF95137CB93",English,2013-05-31,,,,http://creativecommons.org/licenses/by/4.0,Missouri Botanical Garden,Missouri Botanical Garden
wfo-4000005691,Trees or shrubs,habit,"25F0CB75-ECE6-4049-BD25-B33A691926CD,7D983C32-711B-4D0C-8927-344652939C94",English,2013-03-21,,,,http://creativecommons.org/licenses/by/4.0,Missouri Botanical Garden,Missouri Botanical Garden
wfo-4000034591,herbs subshrubs,habit,63D3BCBE-7FEE-47BC-BFA5-4618256D6453,English,2012-11-15,,,,http://creativecommons.org/licenses/by/4.0,Missouri Botanical Garden,Missouri Botanical Garden
wfo-4000019448,shrubs or small trees,habit,00D20E3A-936D-4FB4-92F1-A206CF33CC54,English,2013-09-19,,,,http://creativecommons.org/licenses/by/4.0,Missouri Botanical Garden,Missouri Botanical Garden
wfo-4000034614,Herbs,habit,235BC1BC-6F8D-41A2-A397-E3AD630407DD,English,2013-05-29,,,,http://creativecommons.org/licenses/by/4.0,Missouri Botanical Garden,Missouri Botanical Garden
wfo-4000005746,Shrubs or trees,habit,"A8547E97-03EB-4900-A8C3-45B8ED3D0C7D,529F2BC6-3564-4B7D-B765-52B0755FF40F",English,2013-04-02,,,,http://creativecommons.org/licenses/by/4.0,Missouri Botanical Garden,Missouri Botanical Garden
wfo-4000034646,herbs or subshrubs,habit,32D1B2A5-4925-45B1-9C0D-1357B3CD1CBA,English,2013-05-15,,,,http://creativecommons.org/licenses/by/4.0,Missouri Botanical Garden,Missouri Botanical Garden
wfo-4000000878,Herbs or shrubs,habit,"EFE543F2-970C-4C25-98BA-E1FF3D2F127C,9A9842EA-CC2C-4A18-B982-5363A27A2DD3",English,2013-08-14,,,,http://creativecommons.org/licenses/by/4.0,Missouri Botanical Garden,Missouri Botanical Garden
wfo-4000005749,Trees or shrubs,habit,C8749CC8-0367-4444-BCB4-DF7841C1F257,English,2013-10-03,,,,http://creativecommons.org/licenses/by/4.0,Missouri Botanical Garden,Missouri Botanical Garden
wfo-4000019529,Shrubs or woody vines,habit,"570B4128-1731-4EB8-938D-0A1781B3BF77,30BCBB7D-CF63-4255-AD11-0819399DDD4E",English,2013-07-08,,,,http://creativecommons.org/licenses/by/4.0,Missouri Botanical Garden,Missouri Botanical Garden
wfo-4000027097,Shrub tree,habit,D780E8B4-FED8-4DC0-A451-53CF132E0328,English,2013-01-11,,,,http://creativecommons.org/licenses/by/4.0,Missouri Botanical Garden,Missouri Botanical Garden
wfo-4000019533,Trees shrubs,habit,"A5FB5419-A627-4B46-B120-1B80FD1ABBC4,C028A91E-085A-4456-9CAE-0BF5030BF8DE,3D50009C-93C9-46A8-95F7-E6671DBB8E74",English,2013-03-18,,,,http://creativecommons.org/licenses/by/4.0,Missouri Botanical Garden,Missouri Botanical Garden
wfo-4000019533,herbs,habit,"A5FB5419-A627-4B46-B120-1B80FD1ABBC4,C028A91E-085A-4456-9CAE-0BF5030BF8DE,CB57C0B1-2BEE-4EFD-98E2-DEDCF18A96D1",English,2013-03-18,,,,http://creativecommons.org/licenses/by/4.0,Missouri Botanical Garden,Missouri Botanical Garden
wfo-4000000756,shrubs or trees,habit,46311106-807E-4AE6-AE9C-8ABFE2D8E7F0,English,2013-05-13,,,,http://creativecommons.org/licenses/by/4.0,Missouri Botanical Garden,Missouri Botanical Garden
wfo-4000005789,herbs or soft woody shrubs,habit,"632910F0-1ABD-416F-A861-EE7D32BB6325,2BA6FBB3-000E-4C1F-A924-4B58052CC695",English,2013-07-12,,,,http://creativecommons.org/licenses/by/4.0,Missouri Botanical Garden,Missouri Botanical Garden
wfo-4000005804,Trees or shrubs,habit,0C7BA705-00CB-41AD-AB59-E9E1AFF09E96,English,2013-04-05,,,,http://creativecommons.org/licenses/by/4.0,Missouri Botanical Garden,Missouri Botanical Garden
wfo-4000027172,Trees,habit,"AD20184B-646E-41C1-A2CA-288C3648A4DF,73E0F3FF-2CF9-45C0-AADC-2C69BB040355",English,2013-09-30,,,,http://creativecommons.org/licenses/by/4.0,Missouri Botanical Garden,Missouri Botanical Garden
wfo-4000012148,Trees or shrubs,habit,"A42FBE01-9DE6-48FE-B09A-75E81C309E4F,9701E09A-ABAB-4CD9-86C9-8662D249D1DA",English,2013-07-02,,,,http://creativecommons.org/licenses/by/4.0,Missouri Botanical Garden,Missouri Botanical Garden
wfo-4000005855,trees,habit,32F82659-CDEE-414C-A89A-D5037157AE4E,English,2013-10-03,,,,http://creativecommons.org/licenses/by/4.0,Missouri Botanical Garden,Missouri Botanical Garden
wfo-4000019613,Trees or shrubs,habit,3D7166C3-6A15-4D23-AB60-6BB6564544A3,English,2013-09-10,,,,http://creativecommons.org/licenses/by/4.0,Missouri Botanical Garden,Missouri Botanical Garden
wfo-4000019634,shrubs,habit,"589E8D67-CCDD-40EE-A4BE-62A281089C66,EDF00616-61A7-439E-AB45-5DEB4593280C",English,2013-05-15,,,,http://creativecommons.org/licenses/by/4.0,Missouri Botanical Garden,Missouri Botanical Garden
wfo-4000005846,shrubs or small trees,habit,3E448B06-CDDE-4C63-85F4-BF8DCB6828CA,English,2013-07-19,,,,http://creativecommons.org/licenses/by/4.0,Missouri Botanical Garden,Missouri Botanical Garden
wfo-4000019638,Lianas,habit,D057A9C0-D141-4D88-906A-53B77014FECB,English,2013-10-07,,,,http://creativecommons.org/licenses/by/4.0,Missouri Botanical Garden,Missouri Botanical Garden
wfo-4000005862,Undershrubs shrubs,habit,847334B7-BEDB-40A2-A781-4777DFA3549D,English,2013-01-29,,,,http://creativecommons.org/licenses/by/4.0,Missouri Botanical Garden,Missouri Botanical Garden
wfo-4000005869,herbs,habit,13C191D8-07A9-4692-98E6-FF6A995867BE,English,2013-02-07,,,,http://creativecommons.org/licenses/by/4.0,Missouri Botanical Garden,Missouri Botanical Garden
wfo-4000034799,Herbs or weak shrubs,habit,"236C207D-8438-4115-8D39-87660AB52A30,C686E6A2-B0C3-4BAA-AC60-9BA12024E5F7",English,2013-08-16,,,,http://creativecommons.org/licenses/by/4.0,Missouri Botanical Garden,Missouri Botanical Garden
wfo-4000012222,shrubs,habit,"CF909B78-7367-4539-AB3C-1C60F91CB274,EDB23D4E-52ED-48C9-AE92-57B51BE8601C",English,2013-07-23,,,,http://creativecommons.org/licenses/by/4.0,Missouri Botanical Garden,Missouri Botanical Garden
wfo-4000012241,"Lianas, rarely shrubs",habit,CED635D7-16C9-493D-B21D-81EC1368E938,English,2013-05-21,,,,http://creativecommons.org/licenses/by/4.0,Missouri Botanical Garden,Missouri Botanical Garden
wfo-4000027345,shrub,habit,E92B3CD5-E4DC-4501-B053-72ED90A11A18,English,2013-01-14,,,,http://creativecommons.org/licenses/by/4.0,Missouri Botanical Garden,Missouri Botanical Garden
wfo-4000019742,Herb shrub,habit,0F0657CD-F8D7-4FA1-B6C0-1C0224845E36,English,2013-01-11,,,,http://creativecommons.org/licenses/by/4.0,Missouri Botanical Garden,Missouri Botanical Garden
wfo-4000019742,tree,habit,B30726D2-5592-4B42-A9B1-1E2B15A780CE,English,2013-01-11,,,,http://creativecommons.org/licenses/by/4.0,Missouri Botanical Garden,Missouri Botanical Garden
wfo-4000019746,Herbs or shrubs,habit,B5F042A6-9D03-44EE-879D-61F69235B75A,English,2013-07-29,,,,http://creativecommons.org/licenses/by/4.0,Missouri Botanical Garden,Missouri Botanical Garden
wfo-4000005927,Shrub or subshrub,habit,9B569DA7-A9A0-4546-B161-4151C4E0851F,English,2013-09-24,,,,http://creativecommons.org/licenses/by/4.0,Missouri Botanical Garden,Missouri Botanical Garden
wfo-4000034856,Herbs,habit,"6D9B02FA-FEC7-405C-B30E-71C858CC5B74,254A7CED-F49E-4A6C-8B76-EBF402572237",English,2013-04-04,,,,http://creativecommons.org/licenses/by/4.0,Missouri Botanical Garden,Missouri Botanical Garden
wfo-4000006176,herbs,habit,2EC14DFE-A9E5-47B8-B710-75D0679D3927,English,2013-09-24,,,,http://creativecommons.org/licenses/by/4.0,Missouri Botanical Garden,Missouri Botanical Garden
wfo-4000005987,herbs or shrubs,habit,"E7E783FC-3B86-4C02-B676-61378CA9C5D2,5F32E515-5B6B-4196-AC80-9BC319C204FF",English,2013-08-15,,,,http://creativecommons.org/licenses/by/4.0,Missouri Botanical Garden,Missouri Botanical Garden
wfo-4000019788,Herbs or shrubs,habit,E5A7AD27-6E7A-4454-8F5F-3B12333A2165,English,2013-07-30,,,,http://creativecommons.org/licenses/by/4.0,Missouri Botanical Garden,Missouri Botanical Garden
wfo-4000019800,herbs,habit,828A4EC9-2939-47C1-BB30-C817D784321F,English,2013-04-02,,,,http://creativecommons.org/licenses/by/4.0,Missouri Botanical Garden,Missouri Botanical Garden
wfo-4000027579,herbs,habit,9FCCB5F4-9420-43FD-A492-5DA13FB0CBC8,English,2013-05-30,,,,http://creativecommons.org/licenses/by/4.0,Missouri Botanical Garden,Missouri Botanical Garden
wfo-4000012332,Shrubs or small trees,habit,6B964536-C9D7-4F9C-A169-AB8D56754B42,English,2013-07-16,,,,http://creativecommons.org/licenses/by/4.0,Missouri Botanical Garden,Missouri Botanical Garden
wfo-4000034904,Shrubs trees or herbs,habit,865DB339-D40D-40D9-B126-44F8ABA477E4,English,2013-03-20,,,,http://creativecommons.org/licenses/by/4.0,Missouri Botanical Garden,Missouri Botanical Garden
wfo-4000034919,vines,habit,D9FBB971-03C3-4372-B1F8-EC768763EA2B,English,2013-08-01,,,,http://creativecommons.org/licenses/by/4.0,Missouri Botanical Garden,Missouri Botanical Garden
wfo-4000034924,vines,habit,32C4C43D-476D-425C-9D37-AF61E72F8F24,English,2013-04-02,,,,http://creativecommons.org/licenses/by/4.0,Missouri Botanical Garden,Missouri Botanical Garden
wfo-4000012381,Lianas shrubs,habit,E1FF4FC1-8C35-40AA-9F97-13282121EDE5,English,2013-03-13,,,,http://creativecommons.org/licenses/by/4.0,Missouri Botanical Garden,Missouri Botanical Garden
wfo-4000006050,Trees or shrubs,habit,469C1F93-A7A9-4AEA-838D-FF93DED60A0E,English,2013-05-13,,,,http://creativecommons.org/licenses/by/4.0,Missouri Botanical Garden,Missouri Botanical Garden
wfo-4000001035,trees shrubs,habit,3E52BF29-BD5C-4BD1-B1C2-6F0CE67BF002,English,2012-11-12,,,,http://creativecommons.org/licenses/by/4.0,Missouri Botanical Garden,Missouri Botanical Garden
wfo-4000006054,Lianas,habit,7036382A-5586-4678-819D-FA47F472ACAD,English,2013-05-21,,,,http://creativecommons.org/licenses/by/4.0,Missouri Botanical Garden,Missouri Botanical Garden
wfo-4000027499,Trees shrubs,habit,DA44906B-D792-47A4-A81B-6F3437A2C6A0,English,2013-03-13,,,,http://creativecommons.org/licenses/by/4.0,Missouri Botanical Garden,Missouri Botanical Garden
wfo-4000035011,vines,habit,49844B85-C349-4768-861E-64BA9F6E608A,English,2013-08-01,,,,http://creativecommons.org/licenses/by/4.0,Missouri Botanical Garden,Missouri Botanical Garden
wfo-4000027521,Herbs or subshrubs,habit,E651FDDE-AD1A-46EA-AF21-824A3E5FB6D7,English,2013-09-19,,,,http://creativecommons.org/licenses/by/4.0,Missouri Botanical Garden,Missouri Botanical Garden
wfo-4000027523,Trees or shrubs,habit,"7D23D710-8D22-4BE7-82A3-BD57D4C39E2E,59A4799B-427C-4FE0-80F0-F8FA83034C69",English,2013-02-07,,,,http://creativecommons.org/licenses/by/4.0,Missouri Botanical Garden,Missouri Botanical Garden
wfo-4000019993,trees,habit,56834C83-74B9-42CF-A047-00F41300ED53,English,2013-05-21,,,,http://creativecommons.org/licenses/by/4.0,Missouri Botanical Garden,Missouri Botanical Garden
wfo-4000006171,"Trees, rarely shrubs",habit,"1D42388F-B8B4-48C7-99C5-2C05D9865D66,E9C22E57-7C31-453D-9597-078CE4AF7D08",English,2013-10-17,,,,http://creativecommons.org/licenses/by/4.0,Missouri Botanical Garden,Missouri Botanical Garden
wfo-4000006206,herbs,habit,9A1988F7-B3CA-403F-A542-03C92B02CE22,English,2013-05-30,,,,http://creativecommons.org/licenses/by/4.0,Missouri Botanical Garden,Missouri Botanical Garden
wfo-4000012585,Trees or shrubs,habit,34BD818B-6816-46D5-9736-A5CB508163DC,English,2013-02-07,,,,http://creativecommons.org/licenses/by/4.0,Missouri Botanical Garden,Missouri Botanical Garden
wfo-4000035151,lianas or scandent shrubs,habit,80901535-7795-4C35-A9B3-FFED32ABB94B,English,2013-07-18,,,,http://creativecommons.org/licenses/by/4.0,Missouri Botanical Garden,Missouri Botanical Garden
wfo-4000027634,Trees,habit,6F1D4916-E6C3-4691-AC87-88DEC337BD16,English,2013-01-29,,,,http://creativecommons.org/licenses/by/4.0,Missouri Botanical Garden,Missouri Botanical Garden
wfo-4000020060,Herb,habit,EDCEB38B-50A8-44AA-A779-D128CEC2291E,English,2012-11-29,,,,http://creativecommons.org/licenses/by/4.0,Missouri Botanical Garden,Missouri Botanical Garden
wfo-4000012595,herbs,habit,42718EAA-4628-42F5-96B1-D7237EF62DC9,English,2013-07-01,,,,http://creativecommons.org/licenses/by/4.0,Missouri Botanical Garden,Missouri Botanical Garden
wfo-4000006242,Trees or shrubs,habit,5F43EC0B-81D5-4E76-8F25-CD856728E249,English,2012-12-19,,,,http://creativecommons.org/licenses/by/4.0,Missouri Botanical Garden,Missouri Botanical Garden
wfo-4000035179,herbs,habit,58F36F06-DBE9-4B83-830D-E254BC0BB649,English,2013-09-19,,,,http://creativecommons.org/licenses/by/4.0,Missouri Botanical Garden,Missouri Botanical Garden
wfo-4000006247,Trees,habit,1B0953C0-1DDC-4DFA-B0F4-1CCD20319EA7,English,2013-08-20,,,,http://creativecommons.org/licenses/by/4.0,Missouri Botanical Garden,Missouri Botanical Garden
wfo-4000035181,"herbs, shrubs, or small trees",habit,"132E59FF-CCC0-4051-B66A-CF3D674FAD8A,99667853-521A-43F8-9A15-13E058F84C6E",English,2013-09-30,,,,http://creativecommons.org/licenses/by/4.0,Missouri Botanical Garden,Missouri Botanical Garden
wfo-4000012623,herbs,habit,E9E1605F-E59C-4EBC-B392-4016427144E8,English,2013-01-28,,,,http://creativecommons.org/licenses/by/4.0,Missouri Botanical Garden,Missouri Botanical Garden
wfo-4000035197,Herb,habit,E191C83B-181A-41F7-94F2-449FE5F41884,English,2013-01-28,,,,http://creativecommons.org/licenses/by/4.0,Missouri Botanical Garden,Missouri Botanical Garden
wfo-4000012633,shrubs or lianas,habit,"047E647C-8011-4C52-93B7-68F2C06403CB,507BCDA9-3E8F-4CD0-8834-5F1B7A5F334B",English,2013-08-07,,,,http://creativecommons.org/licenses/by/4.0,Missouri Botanical Garden,Missouri Botanical Garden
wfo-4000027691,Lianas,habit,DE16A20F-3371-49FC-BB73-F5A719B48312,English,2013-05-21,,,,http://creativecommons.org/licenses/by/4.0,Missouri Botanical Garden,Missouri Botanical Garden
wfo-4000027698,vines,habit,550BB48F-DE6C-4776-BE28-6A57B947D593,English,2013-09-30,,,,http://creativecommons.org/licenses/by/4.0,Missouri Botanical Garden,Missouri Botanical Garden
wfo-4000035291,vines,habit,230E8573-9652-4545-B1FB-FDD3E9404E4C,English,2013-08-01,,,,http://creativecommons.org/licenses/by/4.0,Missouri Botanical Garden,Missouri Botanical Garden
wfo-4000020121,herbs,habit,"A42C840F-0094-4646-8B24-89314B37AF55,4CCCD50E-F6BA-4395-AC53-65FE70F8274F",English,2013-08-08,,,,http://creativecommons.org/licenses/by/4.0,Missouri Botanical Garden,Missouri Botanical Garden
wfo-4000020133,"herbs, subshrubs, or shrubs",habit,"3E8AACCE-A412-4A9C-AF66-F314A3E10968,7CF1C1F9-6E62-43DC-AE85-64F1316DEE41",English,2013-08-08,,,,http://creativecommons.org/licenses/by/4.0,Missouri Botanical Garden,Missouri Botanical Garden
wfo-4000035283,vines,habit,162E4208-66DF-4269-A6C7-544A31B38E06,English,2013-08-01,,,,http://creativecommons.org/licenses/by/4.0,Missouri Botanical Garden,Missouri Botanical Garden
wfo-4000012718,Trees or shrubs,habit,"7E9C9E68-1661-4205-A7D4-B73BC83ABFD6,88CDB71E-5754-44E8-97F1-6BB431705D42",English,2013-02-07,,,,http://creativecommons.org/licenses/by/4.0,Missouri Botanical Garden,Missouri Botanical Garden
wfo-4000035299,vines,habit,1CC2202F-9466-446E-BEEB-7815B1B102FF,English,2013-08-01,,,,http://creativecommons.org/licenses/by/4.0,Missouri Botanical Garden,Missouri Botanical Garden
wfo-4000005909,Tree shrub,habit,4DE8244E-DE1F-4A38-AE97-2B1F7918EFB3,English,2012-11-27,,,,http://creativecommons.org/licenses/by/4.0,Missouri Botanical Garden,Missouri Botanical Garden
wfo-4000005909,vine,habit,4717E584-B7D0-4244-B054-99D606CADA4A,English,2012-11-27,,,,http://creativecommons.org/licenses/by/4.0,Missouri Botanical Garden,Missouri Botanical Garden
wfo-4000022393,herb,habit,908BF560-65FD-45AB-B594-652CF674740C,English,2013-01-11,,,,http://creativecommons.org/licenses/by/4.0,Missouri Botanical Garden,Missouri Botanical Garden
wfo-4000005536,shrubs or trees,habit,1F6E353B-90B3-4D3F-871F-896D8B27B284,English,2013-05-15,,,,http://creativecommons.org/licenses/by/4.0,Missouri Botanical Garden,Missouri Botanical Garden
wfo-4000034168,Trees shrubs,habit,D603AB88-9209-4641-9B05-56F9B19C3809,English,2013-03-13,,,,http://creativecommons.org/licenses/by/4.0,Missouri Botanical Garden,Missouri Botanical Garden
wfo-0000828388,"Shrubs, trees, or occasionally woody herbs",habit,515445E4-4032-46A8-9CF5-C37B110BB29A,English,2013-08-20,,,,http://creativecommons.org/licenses/by/4.0,Missouri Botanical Garden,Missouri Botanical Garden
wfo-0000230482,Herbs,habit,A3ED86CC-3A51-404D-9328-DE799AED0533,English,2013-04-09,,,,http://creativecommons.org/licenses/by/4.0,Missouri Botanical Garden,Missouri Botanical Garden
wfo-0000302711,Tree,habit,8463FB70-8C51-4028-AE8C-89E490E2DC30,English,2013-03-20,,,,http://creativecommons.org/licenses/by/4.0,Missouri Botanical Garden,Missouri Botanical Garden
wfo-0000584710,Shrubs trees,habit,87046E02-FFCC-409C-8C0E-A36E39E97E50,English,2012-11-12,,,,http://creativecommons.org/licenses/by/4.0,Missouri Botanical Garden,Missouri Botanical Garden
wfo-0000282071,Tree,habit,E36481FD-AF74-4D2A-8255-66B60B843F67,English,2013-04-02,,,,http://creativecommons.org/licenses/by/4.0,Missouri Botanical Garden,Missouri Botanical Garden
wfo-0001236621,Tree,habit,BE3E1D0C-5032-4CD7-A7C9-B9EE6E534F0C,English,2013-01-17,,,,http://creativecommons.org/licenses/by/4.0,Missouri Botanical Garden,Missouri Botanical Garden
wfo-0000416780,herb shrub,habit,FBB6EC5F-8908-46D1-878F-8C2895C4E21C,English,2013-01-22,,,,http://creativecommons.org/licenses/by/4.0,Missouri Botanical Garden,Missouri Botanical Garden
wfo-0000416780,tree,habit,CFECB411-BA12-4106-BFB7-FCD7CFFAFF56,English,2013-01-22,,,,http://creativecommons.org/licenses/by/4.0,Missouri Botanical Garden,Missouri Botanical Garden
wfo-4000026425,Herbs,habit,D9F9F6E9-E399-4A83-AB74-1341996B3A38,English,2013-04-02,,,,http://creativecommons.org/licenses/by/4.0,Missouri Botanical Garden,Missouri Botanical Garden
wfo-0001238743,tree,habit,C14D9347-2065-406A-8CA2-5007F64E3848,English,2012-11-27,,,,http://creativecommons.org/licenses/by/4.0,Missouri Botanical Garden,Missouri Botanical Garden
wfo-4000023202,vines,habit,"80911FF1-E840-4B9A-A81F-A9A10012EAC7,A532F602-B428-4B09-AA1B-A6F0C93FDCD6",English,2013-05-30,,,,http://creativecommons.org/licenses/by/4.0,Missouri Botanical Garden,Missouri Botanical Garden
wfo-0000287298,Shrubs,habit,40E53B67-2315-4316-B349-33D09D25BFC2,English,2013-09-16,,,,http://creativecommons.org/licenses/by/4.0,Missouri Botanical Garden,Missouri Botanical Garden
wfo-0001240530,shrub,habit,7AEB7210-9737-427F-9619-D97AC08DD7F0,English,2012-11-20,,,,http://creativecommons.org/licenses/by/4.0,Missouri Botanical Garden,Missouri Botanical Garden
wfo-0000180131,herb,habit,3A492BF3-7588-4147-8522-8B88E676A487,English,2012-11-27,,,,http://creativecommons.org/licenses/by/4.0,Missouri Botanical Garden,Missouri Botanical Garden
wfo-0000722576,herb,habit,0B5F608F-4471-40A6-922D-8C7E4633A82F,English,2013-03-08,,,,http://creativecommons.org/licenses/by/4.0,Missouri Botanical Garden,Missouri Botanical Garden
wfo-0000218787,Shrubs or trees,habit,F39D5133-93A3-4EF4-B7CE-34C9459C52CD,English,2013-09-10,,,,http://creativecommons.org/licenses/by/4.0,Missouri Botanical Garden,Missouri Botanical Garden
wfo-0001241594,shrub tree,habit,68D224A3-A333-4081-BA0F-7CB30565A4F7,English,2012-11-20,,,,http://creativecommons.org/licenses/by/4.0,Missouri Botanical Garden,Missouri Botanical Garden
wfo-0000040123,Shrub,habit,6997E30A-0650-4924-BDA2-9F94EAAD745F,English,2013-06-17,,,,http://creativecommons.org/licenses/by/4.0,Missouri Botanical Garden,Missouri Botanical Garden
wfo-0000359579,Twining vine or shrub,habit,7214DD15-46E6-45E1-A932-442C02107FFB,English,2013-05-14,,,,http://creativecommons.org/licenses/by/4.0,Missouri Botanical Garden,Missouri Botanical Garden
wfo-0001242548,Shrubs or trees,habit,6306A317-7906-4D28-B2FD-880542DB6ECD,English,2013-08-12,,,,http://creativecommons.org/licenses/by/4.0,Missouri Botanical Garden,Missouri Botanical Garden
wfo-0000353341,herbs,habit,CBA3F025-94AD-429D-B511-87268B352E66,English,2013-08-20,,,,http://creativecommons.org/licenses/by/4.0,Missouri Botanical Garden,Missouri Botanical Garden
wfo-0000396576,vines,habit,8D953237-10A5-41A9-887E-468BC722B334,English,2013-08-01,,,,http://creativecommons.org/licenses/by/4.0,Missouri Botanical Garden,Missouri Botanical Garden
wfo-0001244077,Trees shrubs,habit,5B875F3B-6E66-4B5E-B4B5-99D2E5A3DA79,English,2013-05-08,,,,http://creativecommons.org/licenses/by/4.0,Missouri Botanical Garden,Missouri Botanical Garden
wfo-0000313591,Trees,habit,16FD5E4C-AE22-4C50-A065-9E1F0D38DD41,English,2013-09-18,,,,http://creativecommons.org/licenses/by/4.0,Missouri Botanical Garden,Missouri Botanical Garden
wfo-0000867596,Tree,habit,FFF842FE-12E2-4E2D-A17B-9DDA406A4DDB,English,2013-05-13,,,,http://creativecommons.org/licenses/by/4.0,Missouri Botanical Garden,Missouri Botanical Garden
wfo-0000887105,herb woody vine,habit,58B38063-460F-442B-8EEF-2BB791D47075,English,2013-05-14,,,,http://creativecommons.org/licenses/by/4.0,Missouri Botanical Garden,Missouri Botanical Garden
wfo-0001246671,Herb suffrutex,habit,92754147-1F98-4B64-A8F3-30088F19F315,English,2013-03-08,,,,http://creativecommons.org/licenses/by/4.0,Missouri Botanical Garden,Missouri Botanical Garden
wfo-0001247402,Herb,habit,3A2248BF-261A-4D14-BD3A-BE1595D4949B,English,2013-03-20,,,,http://creativecommons.org/licenses/by/4.0,Missouri Botanical Garden,Missouri Botanical Garden
wfo-0001249323,Shrubs or trees,habit,4BEA0E06-3362-43EE-AD34-2012769F9573,English,2013-08-12,,,,http://creativecommons.org/licenses/by/4.0,Missouri Botanical Garden,Missouri Botanical Garden
wfo-4000000967,tree,habit,"153481F1-3F41-403F-9DC6-654FCD2B43A7,718DBD7A-8796-4A4F-8714-5E8DD6C578A5",English,2013-01-14,,,,http://creativecommons.org/licenses/by/4.0,Missouri Botanical Garden,Missouri Botanical Garden
wfo-4000000608,Lianas,habit,7F8B48C0-382D-4CF0-99ED-07965BADE876,English,2013-05-20,,,,http://creativecommons.org/licenses/by/4.0,Missouri Botanical Garden,Missouri Botanical Garden
wfo-0000782149,tree,habit,5B34BEB1-8A62-4100-8FF1-69A9950F66D5,English,2013-05-21,,,,http://creativecommons.org/licenses/by/4.0,Missouri Botanical Garden,Missouri Botanical Garden
wfo-0000334045,tree,habit,CA432880-0523-48E0-890A-450951B4CE62,English,2012-10-24,,,,http://creativecommons.org/licenses/by/4.0,Missouri Botanical Garden,Missouri Botanical Garden
wfo-0000382329,herbs,habit,288CEF37-C4A2-4186-845D-FF90AEB9A451,English,2013-02-07,,,,http://creativecommons.org/licenses/by/4.0,Missouri Botanical Garden,Missouri Botanical Garden
wfo-0000301958,Herbs,habit,0CAC6821-5998-4ADA-B6A6-4631ADA765DF,English,2013-04-04,,,,http://creativecommons.org/licenses/by/4.0,Missouri Botanical Garden,Missouri Botanical Garden
wfo-4000019086,trees shrubs,habit,0ACA8DEA-CAC9-463A-B878-F72BD3E67AA6,English,2012-11-14,,,,http://creativecommons.org/licenses/by/4.0,Missouri Botanical Garden,Missouri Botanical Garden
wfo-0000065520,herb,habit,BB523AF0-4D21-44DD-B6BF-8A1BEC1A08A1,English,2013-06-17,,,,http://creativecommons.org/licenses/by/4.0,Missouri Botanical Garden,Missouri Botanical Garden
wfo-4000006519,vines,habit,"139B6AD7-7E24-4D4D-8732-3DEB43A93D63,3C3F4150-73E6-4AB6-8391-7DD44006E2C5",English,2013-09-24,,,,http://creativecommons.org/licenses/by/4.0,Missouri Botanical Garden,Missouri Botanical Garden
wfo-0000900073,herbs,habit,D800FA98-069C-4010-9A2C-FD6F7BF48F2C,English,2013-08-28,,,,http://creativecommons.org/licenses/by/4.0,Missouri Botanical Garden,Missouri Botanical Garden
wfo-4000038940,Trees,habit,3411124A-4241-4BE2-9DFF-DC158D9AF022,English,2013-03-07,,,,http://creativecommons.org/licenses/by/4.0,Missouri Botanical Garden,Missouri Botanical Garden
wfo-4000016320,Shrubs or trees,habit,A107B14E-3430-414B-961B-2650165FB5AC,English,2013-01-29,,,,http://creativecommons.org/licenses/by/4.0,Missouri Botanical Garden,Missouri Botanical Garden
wfo-0000824939,Herb,habit,B31DCF82-8F2C-4110-BEBA-98B3AC59D0D7,English,2012-11-29,,,,http://creativecommons.org/licenses/by/4.0,Missouri Botanical Garden,Missouri Botanical Garden
wfo-0000415617,herbs,habit,80BB5575-460A-438A-B1EE-BE8223B07847,English,2013-07-09,,,,http://creativecommons.org/licenses/by/4.0,Missouri Botanical Garden,Missouri Botanical Garden
wfo-0000478477,herb,habit,FE458864-47C9-418D-9F54-5D226C47C7CA,English,2012-11-21,,,,http://creativecommons.org/licenses/by/4.0,Missouri Botanical Garden,Missouri Botanical Garden
wfo-0000501866,Herb suffrutex,habit,F1F6A173-CF29-45EE-AFDD-C6D071995345,English,2013-03-12,,,,http://creativecommons.org/licenses/by/4.0,Missouri Botanical Garden,Missouri Botanical Garden
wfo-0001286085,Shrub or small tree,habit,6CFFA063-2ACA-4DAA-88EC-88952E89512A,English,2013-10-03,,,,http://creativecommons.org/licenses/by/4.0,Missouri Botanical Garden,Missouri Botanical Garden
wfo-0000951534,Trees,habit,7A4535F2-9BED-49BC-9B24-F6D42E166507,English,2013-08-19,,,,http://creativecommons.org/licenses/by/4.0,Missouri Botanical Garden,Missouri Botanical Garden
wfo-0000502162,Vine,habit,04A79B29-765A-44E4-A170-35283074B3F4,English,2013-10-15,,,,http://creativecommons.org/licenses/by/4.0,Missouri Botanical Garden,Missouri Botanical Garden
wfo-0000833222,herb,habit,AF22CD29-9EC2-475D-AB7C-944DCAA57745,English,2013-01-11,,,,http://creativecommons.org/licenses/by/4.0,Missouri Botanical Garden,Missouri Botanical Garden
wfo-0000572451,Tree,habit,DDA31C00-DCC8-4572-9F78-2127846360B8,English,2013-01-22,,,,http://creativecommons.org/licenses/by/4.0,Missouri Botanical Garden,Missouri Botanical Garden
wfo-0000608845,Tree,habit,58880528-83E7-47EC-8854-DC825A969F82,English,2013-09-19,,,,http://creativecommons.org/licenses/by/4.0,Missouri Botanical Garden,Missouri Botanical Garden
wfo-0000594987,trees,habit,511DC2A4-2B1F-46DB-A406-008C99FEDE2C,English,2013-01-28,,,,http://creativecommons.org/licenses/by/4.0,Missouri Botanical Garden,Missouri Botanical Garden
wfo-0000620523,Shrubs,habit,943C35A0-09FD-442E-B362-2BD159D6B4F4,English,2013-04-03,,,,http://creativecommons.org/licenses/by/4.0,Missouri Botanical Garden,Missouri Botanical Garden
wfo-0000657503,"herbs, shrubs, or lianas",habit,9B3907D1-0A0F-4142-A08F-5B5CD8EDFD04,English,2013-08-07,,,,http://creativecommons.org/licenses/by/4.0,Missouri Botanical Garden,Missouri Botanical Garden
wfo-0000483167,Tree,habit,2053C4FA-EB30-45CB-A79B-59960575DB02,English,2013-01-22,,,,http://creativecommons.org/licenses/by/4.0,Missouri Botanical Garden,Missouri Botanical Garden
wfo-0001019783,Shrub or tree,habit,C200AD52-B459-4ECA-BE5F-71F522A333A9,English,2013-05-15,,,,http://creativecommons.org/licenses/by/4.0,Missouri Botanical Garden,Missouri Botanical Garden
wfo-0000157108,Vines,habit,6D234D3E-9ADD-4EC7-AECD-4ACA5F7B8834,English,2013-05-31,,,,http://creativecommons.org/licenses/by/4.0,Missouri Botanical Garden,Missouri Botanical Garden