WFOID,description,type,language,contributor,audience,rightsHolder,created,creator,source,Volume,Part,bibliographicCitation,license,rights,URI
wfo-0000157764,"Rhizome thick, bearing a few fronds; scales oblong-oval, acute to acuminate at apex, cordate at base, up to 1 cm or more long, 8 mm broad, membranous, brown, concolorous. Stipe stramineous, rather densely scaly at base, about 80 cm long. Lamina oblong-subdeltoid, acute at apex, up to 100 by 80 cm, 4 to 5 times pinnately divided; lateral pinnae several pairs, opposite, the lowest the largest, asymmetrically oblong-subtriangular, up to 50 by 35 cm, basal anterior pinnules larger; pinna-rachis at right angles to rachis, i.e. almost straight with the opposite ones, slightly bending upwards in distal portion, grooved on upper surface, grooves separated from those of the joining axes by scaly edges; larger pinnule like upper pinna, oblong, rounded to moderately acute at apex, broadly cuneate to subtruncate at subsessile or shortly stalked base, 3–4 by 1.5 cm; ultimate segments oblong, unequally cuneate at sessile base, lobed almost to axes, up to 9 by 4 mm; lobes oblong or spathulate, entire; herbaceous, light green, veins all free, hairy on upper side with coarse multicellular hairs. Sori round, subterminal at veinlets; indusia cup-shaped, attached on basal side, at first covered the sori entirely, later becoming under sori, persistent.",general,EN,"M. Tagawa, K. Iwatsuki",,Forest Herbarium,2021-07-31,Rachun Pooma,ref-THA-0000157764,3,3,"Acrophorus stipellatus. Flora of Thailand. Vol. 3. Part 3, 1988. Pg. 328–330. Accessed 2021-07-31",All rights reserved,Forest Herbarium,https://botany.dnp.go.th/eflora/floraspecies.html?tdcode=F0462
wfo-0001115202,"Rhizome creeping, about 5 mm diam., more or less fleshy, scaly throughout; scales linear-subtriangular, about 3 by 1 mm. Stipe stramineous with brownish base up to 35 cm long, scaly on lower portion, hairy. Frond imparipinnate, up to 35 by 25 cm; lateral pinnae 2–6 pairs, shortly stalked or sessile, oblong, cuspidate at apex, rounded to narrowly cuneate at base, up to 13 by 3 cm in soriferous pinnae and about 4.5 cm broad in non-soriferous ones, lobed about ⅕ way to costa; lobes oblique, rounded to obtuse at apex with sharp teeth; herbaceous, light green, glabrous or minutely hairy; terminal pinna oblong, acuminate at apex, cuneate, round or cordate at base, lobed at margin sometimes deeply in lower portion; veins pinnate, the veinlets uniting to the opposite ones of the next group, the excurrent veinlets continuous. Sori dorsal, medial, round, irregularly scattered; indusia small, thin, pale, round-reniform, lacerate.",general,EN,"M. Tagawa, K. Iwatsuki",,Forest Herbarium,2021-07-31,Rachun Pooma,ref-THA-0001115202,3,3,"Anisocampium cumingianum. Flora of Thailand. Vol. 3. Part 3, 1988. Pg. 444–445. Accessed 2021-07-31",All rights reserved,Forest Herbarium,https://botany.dnp.go.th/eflora/floraspecies.html?tdcode=F0615
wfo-0001116817,"Rhizome short, creeping or suberect; scales narrowly elliptic, gradually narrowing from base towards hair-pointed apex, up to 10 by 2.5 mm, concolorous brown, entire. Stipe stramineous, about 25 cm long, sparsely scaly. Frond bipinnate, oblong, acute at apex, roud at base, about 35 cm long and wide; rachis bearing linear scales, grooved above; pinnae several pairs, uaually the basal ones the largest, stalked with petioles about 5 mm long, narrowly elliptic, round at base, narrowing towards long-acuminate apex, about 17 by 4 cm, upper pinnae gradually becoming smaller upwards, more ascending; pinules rhomboid, acute, slightly auricled at subtruncate acroscopic base, narrowly cuneate at basiscopic base, crenate at margin, up to 3 by 1 cm, distal ones adnate at base, decurrent into narrow wings of scaly costa; coriaceous; veins visible on under surface, minutely scaly beneath with fimbriate scales. Sori terminal on veinlets, in one or two irregular rows at each side of midrib, round; indusia up to 0.7 mm diam., usually ferrugineous at maturity, glabrous.",general,EN,"M. Tagawa, K. Iwatsuki",,Forest Herbarium,2021-07-31,Rachun Pooma,ref-THA-0001116817,3,3,"Arachniodes assamica. Flora of Thailand. Vol. 3. Part 3, 1988. Pg. 344–345. Accessed 2021-07-31",All rights reserved,Forest Herbarium,https://botany.dnp.go.th/eflora/floraspecies.html?tdcode=F0484
wfo-0001116819,"Rhizome short, ascending, scaly; scales dark brown, small, entire. Stipe stramineous, up to 30 cm or more long, scaly in lower portion. Lamina subdeltoid, about 30 by 20 cm at base, bipinnate to tripinnatifid; rachis like the upper part of stipe, grooved above, glabrescent; basal pinna the largest, distinctly stalked with petioles of up to 2 cm in length, subtriangular with large bipinnatifid basal pinnules and acuminate apex. about 15 by 10 cm; basal basiscopic pinnule like the second basal pinna; larger pinnule of middle pinna or secondary pinnule of larger pinna parallelogram-shaped, subsessile or shotly stalked, acute at apex, cuneate at base crenate with blunt margin, never aristate-mucronate at apex of lobes; chartaceous, with distinctive odour. Sori large, dorsal on veinlets, usually in one row close to each side of midrib; indusia round-reniform, up to 1.5 mm or more diam., completely covering the sori when young, falling off at maturity, irregular at margin.",general,EN,"M. Tagawa, K. Iwatsuki",,Forest Herbarium,2021-07-31,Rachun Pooma,ref-THA-0001116819,3,3,"Arachniodes cavaleriei. Flora of Thailand. Vol. 3. Part 3, 1988. Pg. 340–342. Accessed 2021-07-31",All rights reserved,Forest Herbarium,https://botany.dnp.go.th/eflora/floraspecies.html?tdcode=F0479
wfo-0001125364,"Rhizome short-creeping, about 6 mm diam.; scales dense, dark brown, up to 8 by 2 mm or narrower. Stipe stramineous, up to 55 cm long, densely scaly throughout; scales on upper portion narrow, dark to black, entire. Lamina oblong with acuminate apex, up to 45 by 30 cm, bipinnate; rachis densely covered with fibrillose blackish scales, grooved on upper surface; lateral pinnae 7–10 pairs, basal pinnae the largest, with large acroscopic pinnules, middle pinnae narrowly subtraingular, straight or slightly falcate, widest at shortly stalked base, gradually narrowing towards caudate-acuminate apex, up to 20 by 5–6 cm; upper pinnae suddenly shortened to form caudate apical portion of frond; pinnules lobed to pinnatisect in larger ones, shortly stalked or sessile, subparallelogram-shaped, acute at apex, more or less auricled at anterior base, subdimidiate at posterior base, 20–30 by 0.7–1.5 mm; ultimate lobes with sharp awns at acuminate apex, entire; chartaceous, glabrous, deep green; midrib of pinnule raised on lower surface, veins pinnate. Sori terminal on veinlets, round; indusia round-reniform, naked.",general,EN,"M. Tagawa, K. Iwatsuki",,Forest Herbarium,2021-07-31,Rachun Pooma,ref-THA-0001125364,3,3,"Arachniodes chinensis. Flora of Thailand. Vol. 3. Part 3, 1988. Pg. 344. Accessed 2021-07-31",All rights reserved,Forest Herbarium,https://botany.dnp.go.th/eflora/floraspecies.html?tdcode=F0483
wfo-0001114736,"Rhizome short, suberect, scaly; scales subtriangular, gradually narrowing from base towards hair-pointed apex, about 12 by 2.3 mm, brown or darker, entire. Stipe about 30 cm long, stramineous or darker at scaly base, glabrescent upwards. Lamina oblong-subdeltoid, acuminate at apex, about 40 by 25 cm, tripinnate; rachis stramineous, grooved above, glabrescent; basal pinna largest, stalked, unequally subtriangular with larger basiscopic basal pinnules, about 12 by 6 cm; upper pinnae ascending, narrowly oblong with long-acuminate apex; costa stramineous, grooved above, very narrowly winged; larger pinnule shortly stalked, oblong to ovate, rounded at apex, cordate at base, or subdimidiate to narrowly cuneate at basiscopic base; secondary pinnule sessile, oblong, rounded at apex, round or cuneate at base, lobed with two to four lobes at each side; ultimate lobes obliquely subdeltoid, acute at apex; herbaceous, veins distinct below, glabrous. Sori round, terminal on veinlets, medial or closer to midribs, up to 1.2 mm diam., naked.",general,EN,"M. Tagawa, K. Iwatsuki",,Forest Herbarium,2021-07-31,Rachun Pooma,ref-THA-0001114736,3,3,"Arachniodes hasseltii. Flora of Thailand. Vol. 3. Part 3, 1988. Pg. 340. Accessed 2021-07-31",All rights reserved,Forest Herbarium,https://botany.dnp.go.th/eflora/floraspecies.html?tdcode=F0478
wfo-0001125361,"Rhizome creeping, up to 8 mm diam., scales dense, linear-subtriangular, up to 7 by 1.5 mm, brown. Stipe stramineous, scaly at base very sparsely, minutely scaly upwards, up to 50 cm long. Lamina oblong to pentagonal, with caudate-acuminate apex, 4–5 pinnate, up to 50 by 35 cm; rachis glabrescent, grooved; pinnae about 10 pairs, the lowest the largest, with large basal, acroscopic pinnule, middle ones oblong-subtriangular, widest at distinctly stalked base, gradually narrowing towards acuminate apex, up to 20 by 6 cm, upper pinnae rather suddenly reduced to form apical part of frond, pinnules oblong-subdeltoid, acute at apex, unequally cuneate at base, stalked, 4–10 by up to 4 cm; secondary pinnules oblong-subdeltoid, moderately acute at apex, unequally cuneate at base, pinnatisect ot pinnate, segments oblong, oblique, sessile, serrate at margin, lobed in larger ones; papyraceous, green, glabrous on both surfaces or sparsely hairy on veins underneath. Sori round, terminal or more rarely dorsal on veinlets, medial or close to margin, raised on upper surface; indusia round-reniform, glabrous.",general,EN,"M. Tagawa, K. Iwatsuki",,Forest Herbarium,2021-07-31,Rachun Pooma,ref-THA-0001125361,3,3,"Arachniodes henryi. Flora of Thailand. Vol. 3. Part 3, 1988. Pg. 342–343. Accessed 2021-07-31",All rights reserved,Forest Herbarium,https://botany.dnp.go.th/eflora/floraspecies.html?tdcode=F0480
wfo-0001118512,"Rhizome short, erect or ascending; scales dense, linear, up to 2 cm or more long, 1.5 mm broad at base, brown, entire, more or less crisped in linear apical portion. Stipe stramineous, densely scaly at base, more sparsely upwards, up to 1 m long; scales on upper part smaller and narrower, dark. Lamina oblong-subdeltoid, more than 80 by 50 cm, tripinnate; rachis scaly, grooved; pinnae gradually reducing in size upwards, the lowest the largest, middle pinnae falcate, oblong-subtriangular, gradually narrowing towards acuminate apex, distinctly stalked, up to 30 by 12 cm at base; pinna-rachis densely fibrillose scaly; pinnules oblong-subdeltoid, caudate-acuminate at apex, unequally cuneate at distinctly stalked base, 5–7 by 1.5–2 cm; segments oblong-lanceolate to subquadrangular, oblique or slightly falcate, acute to acuminate, crenate at margin, about 1.2 by 0.4 cm; chartaceous, deep green, fibrillose scaly, glabrous on lamina surfaces. Sori terminal on veinlets, closer to midrib than to margin of segments, round; indusia round-reniform, glabrous.",general,EN,"M. Tagawa, K. Iwatsuki",,Forest Herbarium,2021-07-31,Rachun Pooma,ref-THA-0001118512,3,3,"Arachniodes speciosa. Flora of Thailand. Vol. 3. Part 3, 1988. Pg. 343. Accessed 2021-07-31",All rights reserved,Forest Herbarium,https://botany.dnp.go.th/eflora/floraspecies.html?tdcode=F0481
wfo-0001125363,"Rhizome short, erect; scales dense, narrow, up to 12 by 1.3 mm, brown, entire. Stipe stramineous, up to 60 cm long, scaly on basal part, glabrescent upwards; scales up to 20 by 1.5 mm, dark-brown, entire. Lamina oblong-subtriangular, gradually narrowning towards acuminate apex, tripinnate, up to 50 by 35 cm; rachis glabrous, grooved on upper surface; lateral pinnae more than 10 pairs, the lowest the largest, with large basal acroscopic pinules, middle pinnae distinctly stalked, slightly falcate, linear-subtriangular, widest at base, gradually narrowing towards caudate-acute apex, about 20 by 5–6 cm, upper ones gradually becoming smaller; pinnules oblong-subdeltoid, acute at apex, unequally cuneate at stalked base, often dimidiate at posterior base; segments sessile, oblong, oblique, round to moderately acute, lobed at margin, up to 10 by 5 mm; lobes serrate at margin, ending with moderate awns; harsh, glabrous green on upper surface. Sori dorsal on veinlets, near midrib; indusia round, entirely covered and enveloping the sori when young, breaking down irregularly, about 1.5 mm diam.",general,EN,"M. Tagawa, K. Iwatsuki",,Forest Herbarium,2021-07-31,Rachun Pooma,ref-THA-0001125363,3,3,"Arachniodes spectabilis. Flora of Thailand. Vol. 3. Part 3, 1988. Pg. 343–344. Accessed 2021-07-31",All rights reserved,Forest Herbarium,https://botany.dnp.go.th/eflora/floraspecies.html?tdcode=F0482
wfo-0001117798,"Rhizome short, ascending, scaly; scales narrow and subulate, up to 8 by 1 mm, entire, tailed at apex, more or less bicoloured. Stipe up to 12 cm long, stramineous, dark and scaly at base. Frond narrowly oblong, acuminate to attenuate at apex, up to 20 by 6 cm, pinnate-bipinnatifid; pinnae stalked, patent or deflexed in lower ones, oblong to oblong-subdeltoid, rounded to acute at apex, auricled at acroscopic and cuneate to dimidiate at basiscopic bases, up to 35 by 1.2 mm, lobed nearly towards costa; lobes rounded, toothed; papyraceous, minutely scaly on rachis and costa. Sori medial, round, rather large; indusia round to oblong, opening outwards, more than 1 mm wide, crenate to lacerate at margin.",general,EN,"M. Tagawa, K. Iwatsuki",,Forest Herbarium,2021-07-31,Rachun Pooma,ref-THA-0001117798,3,3,"Athyrium anisopterum. Flora of Thailand. Vol. 3. Part 3, 1988. Pg. 448–449. Accessed 2021-07-31",All rights reserved,Forest Herbarium,https://botany.dnp.go.th/eflora/floraspecies.html?tdcode=F0620
wfo-0001117797,"Rhizome short-creeping, bearing close fronds; scales narrow, up to 10 by 1 mm, pale brown, entire. Stipe up to 30 cm long, stramineous, dark brown at broadened base, scaly in lower part. Frond narrow, widest at base, acuminate to attenuate at apex, up to 30 by 12 cm in soriferous and 15 cm wide in sterile fronds, bipinnatifid; pinnae more than 15 pairs, lower pinnae shortly stalked, linear-lanceolate, falcate, truncate at base, acuminate at apex, up to 6 by 1.5 cm in soriferous and up to 8 by 2.2 cm in sterile ones, deeply lobed nearly to costa, upper pinnae becoming smaller upwards; ultimate segments patent to oblique, oblong to subdeltoid, rounded to moderately acute at apex, toothed at margin; papyraceous to subcoriaceous, light green; veins pinnate, veinlets simple or forked, ending in sharp teeth at margin. Sori oblong or sometimes round, naked, sometimes uniting with the next ones at maturity.",general,EN,"M. Tagawa, K. Iwatsuki",,Forest Herbarium,2021-07-31,Rachun Pooma,ref-THA-0001117797,3,3,"Athyrium dissitifolium. Flora of Thailand. Vol. 3. Part 3, 1988. Pg. 446. Accessed 2021-07-31",All rights reserved,Forest Herbarium,https://botany.dnp.go.th/eflora/floraspecies.html?tdcode=F0617
wfo-0001118527,"Rhizome erect, with a few fronds, at apex, scaly; scales narrow with long-tailed apex, up to 6 by 0.8 mm, dark brown, entire. Stipe up to 20 cm long, stramineous, dark brown and scaly at base. Frond broadly oblong, acute at apex, up to 30 by 20 cm, bipinnate-tripinnatifid; pinnae about 10 pairs, lower pinnae stalked, ascending, oblong-lanceolate, up to 11 by 5 cm, the upper pinnae becoming smaller upwards; pinnules subsessile or shortly stalked, oblong, oblique, moderately acute to rounded at apex, truncate to auricled at anterior and cuneate at posterior bases, about 2.5 by 1 cm; ultimate segments oblong, rounded at apex, distinctly toothed; papyraceous to subcoriaceous; veins pinnate, veinlets simple or rarely forked, ending in teeth at margin of segments. Sori oblong, usually close to costules; indusia opening anteriorly, oblong, crenate at margin.",general,EN,"M. Tagawa, K. Iwatsuki",,Forest Herbarium,2021-07-31,Rachun Pooma,ref-THA-0001118527,3,3,"Athyrium mackinnoniorum. Flora of Thailand. Vol. 3. Part 3, 1988. Pg. 446–448. Accessed 2021-07-31",All rights reserved,Forest Herbarium,https://botany.dnp.go.th/eflora/floraspecies.html?tdcode=F0618
wfo-0001122800,"Rhizome short, erect, bearing a few fronds at apex, scaly; scales narrow, with tailed apex, up to 8 by 1 mm, brown, entire. Stipe up to 35 cm long, stramineous, dark and scaly at broadened base. Frond narrowly oblong, acuminate at apex, up to 30 by 15 cm, bipinnate-tripinnatifid; lower pinnae 3–5 cm apart, patent or slightly deflexed, narrowly oblong, acuminate at apex, auricled at acroscopic base, the upper pinnae smaller, ascending; pinnules oblong, oblique, round at apex, auricled or broadly cuneate at anterior and narrowly cuneate at posterior bases, subsessile or shortly stalked, about 1 by 0.5 cm, deeply lobed; lobes oblong, oblique, rounded to obtuse at apex, toothed; papyraceous, light green; veins pinnate, veinlets ending in teeth; a unicellular hair present at each junction between costa and costule and between veins and veinlets. Sori round to oblong, costular; indusia thin, all one-sided, crenate at margin.",general,EN,"M. Tagawa, K. Iwatsuki",,Forest Herbarium,2021-07-31,Rachun Pooma,ref-THA-0001122800,3,3,"Athyrium setiferum. Flora of Thailand. Vol. 3. Part 3, 1988. Pg. 448. Accessed 2021-07-31",All rights reserved,Forest Herbarium,https://botany.dnp.go.th/eflora/floraspecies.html?tdcode=F0619
wfo-0001121797,"Rhizome erect, up to a few decimetres tall, densely scaly; scales gradually narrowing toward acuminate apex, up to 5 by 0.7 mm, bright brown in central portion, brown and thin in margin. Stipe up to 30 cm long, stramineous, scaly at base, glabrous upwards, not bearing any auricles. Frond up to 50 by 18 cm, elliptic with acute apex; pinnae ascending, up to 30 pairs, subopposite, linear, truncate to cordate at sessile base, gradually narrowing towards acuminate but not pointed apex, minutely but sharply serrate at margin, up to 15 by 1.5 cm; soriferous pinnae usually narrower, about 7 mm wide; veins spreading nearly at right angles, about 1.5 mm apart near costa and usually twice forked, visible on both surfaces; subcoriaceous, glabrous thoughout. Sori linear, along costa, usually from near rachis to less than 1 cm from apex; indusia thin but firm, often hidden under sori at maturity.",general,EN,"M. Tagawa, K. Iwatsuki",,Forest Herbarium,2021-07-31,Rachun Pooma,ref-THA-0001121797,3,3,"Blechnum indicum. Flora of Thailand. Vol. 3. Part 3, 1988. Pg. 300. Accessed 2021-07-31",All rights reserved,Forest Herbarium,https://botany.dnp.go.th/eflora/floraspecies.html?tdcode=F0419
wfo-0001107240,"Rhizome thick, ascending or suberect, densely covered with scales; scales linear, gradually narrowing towards apex, 2 cm or more long, up to 2 mm broad, tailed at apex, dark brown with pale cartilaginous edges which sometimes becoming uneven. Stipe stout, stramineous, or sometimes purplish when young, up to 60 cm long, densely scaly at base, bearing small auricles (reduced pinnae) throughout. Lateral pinnae many in number, close, 2–3 cm apart from each other, ascending, linear, gradually narrowing towards long-tailed apex, round or subtruncate at sessile base, or decurrent at posterior base and adnate in the upper ones, entire, 30 by 1.2–2 cm; veins simple or forked usually near costa, distinct on both surfaces, very close, up to 0.5 mm apart; coriaceous, green, glabrous throughout. Sori narrow, long-continuous along costa; indusia narrow, usually broken before maturity.",general,EN,"M. Tagawa, K. Iwatsuki",,Forest Herbarium,2021-07-31,Rachun Pooma,ref-THA-0001107240,3,3,"Blechnum orientale. Flora of Thailand. Vol. 3. Part 3, 1988. Pg. 298. Accessed 2021-07-31",All rights reserved,Forest Herbarium,https://botany.dnp.go.th/eflora/floraspecies.html?tdcode=F0417
wfo-0001125337,"Rhizome up to 1 cm diam.; scales up to 6 by 1.3 mm, dark brown, entire. Sterile frond: stipe stramineous, densely scaly at base, rather densely above with small fugacious more or less irregularly shaped scales, about 40 cm long; lamina oblong-lanceolate, acute at apex, 60–80 by 30–40 cm; rachis scaly with membranous appressed scales usually irregular in shape; lateral pinnae up to 20 pairs, middle ones the largest, patent or slightly ascending, straight, sessile, linear-lanceolate, caudately acuminate, round at base, up to 23 by 2.3 cm, slightly lobed at margin, the lobes up to 1.5 mm long, a sharp tooth present at bottom of each sinus, terminal pinna distinct, narrow, up to 20 by 1.5 cm, lobed at base, often viviparous at middle portion; veins raised on upper surface, forming three rows of areoles between main veins, sparsely scaly beneath; softly coriaceous, green glabrous. Fertile frond: lamina 35–45 by 18–27 cm; lower lateral pinnae shorty stalked, up to 130 by 6 mm, terminal pinna distinct, 70 by 5 mm, with lobed broader base.",general,EN,"M. Tagawa, K. Iwatsuki",,Forest Herbarium,2021-07-31,Rachun Pooma,ref-THA-0001125337,3,3,"Bolbitis angustipinna. Flora of Thailand. Vol. 3. Part 3, 1988. Pg. 311. Accessed 2021-07-31",All rights reserved,Forest Herbarium,https://botany.dnp.go.th/eflora/floraspecies.html?tdcode=F0435
wfo-0001114885,"Rhizome creeping; scales light brown or grayish, linear, up to 4 by 0.7 mm. Sterile frond: stipe stramineous, sparsely scaly, 5–13 cm long; lamina lanceolate, acuminate at apex, 10–30 by 3.5–10 cm; rachis scaly beneath, winged at least on upper part, sometimes viviparous near apex; pinnae 15–25 pairs, basal ones slightly shorter than the next above, middle ones the largest, patent or ascending, stalked, oblong to longer or gradually narrowing from base to apex, rounded to acute at apex, more or less auricled at acroscopic and dimidiate at basiscopic bases, margin shallowly lobed, 1.5–5 by 0.5–1.2 cm, the apical pinna variable in shape and size, usually narrowly subtriangular; veins pinnate, all free; lobes shallow, round, with a distinct tooth at each sinus; papyraceous, deep green, dark when dried. Fertile frond taller: stipe up to 25 cm long; lamina linear-lanceolate, 15–25(–40) by 2–5 cm; rachis wingless, seldom viviparous; pinnae stalked or subsessile, linear or narrowly oblong or, often moniliform, patent, straight or a little falcate, 0.7–2.5(–4) cm by (2–)3–5 mm; veins simple, forked or pinnate; sporangia dispersed on the lower surface of pinna or lobes.",general,EN,"M. Tagawa, K. Iwatsuki",,Forest Herbarium,2021-07-31,Rachun Pooma,ref-THA-0001114885,3,3,"Bolbitis appendiculata. Flora of Thailand. Vol. 3. Part 3, 1988. Pg. 316–317. Accessed 2021-07-31",All rights reserved,Forest Herbarium,https://botany.dnp.go.th/eflora/floraspecies.html?tdcode=F0443
wfo-0000146743,"Rhizome creeping or ascending, densely scaly: scales dark brown, up to 6 by 1.2 mm, entire, Sterile frond: stipe stramineous, scaly at base, very minutely scaly upwards, 20–25 cm long; lamina oblong-lanceolate, gradually narrowing towards attenuate apex, up to 30–45 by 15–20 cm; pinnae up to 25 pairs, middle ones the largest, lanceolate, straight, slightly ascending, shortly stalked and jointed to rachis, gradually narrowing towards caudate-acuminate apex, subtruncate at anterior and cuneate at posterior bases, up to 10 by 1.7 cm, distinctly serrate in apical part, subentire or very slightly lobed in basal part, lower lateral pinnae shorter than the next above, apical pinna rarely distinct, small if any; rachis viviparous near the apex, costa glabrous, veins raised beneath, forming a row of costal areoles and costular ones in larger pinnae; subcoriaceous, light-green, reddish in dried condition. Fertile frond: lateral pinna distinctly stalked, linear with unequal base, up to 6 by 1.2 cm, shallowly lobed at margin; sporangia confined to margins and near veins, leaving broad sterile portion along costa.",general,EN,"M. Tagawa, K. Iwatsuki",,Forest Herbarium,2021-07-31,Rachun Pooma,ref-THA-0000146743,3,3,"Bolbitis copelandii. Flora of Thailand. Vol. 3. Part 3, 1988. Pg. 312. Accessed 2021-07-31",All rights reserved,Forest Herbarium,https://botany.dnp.go.th/eflora/floraspecies.html?tdcode=F0437
wfo-0001125338,"Rhizome thick, scaly. Sterile frond: stipe stramineous, about 60 cm long, densely scaly with light brown appressed membranous oblong-ovate scales; lamina oblong-lanceolate, about 65 by 28 cm; rachis minutely scaly; lateral pinnae 8 pairs, oblong-lanceolate, caudate at apex, round to cuneate at base, subentire, up to 20 by 4 cm, shortly stalked, ascending and straight or slightly falcate, little reduced towards both ends; terminal pinna longer, 23 by 3.8 cm, cuneate at base, viviparous near apex; costa sparsely scaly beneath; veins raised on lower surface, main veins 3–5 mm apart, more than one row of areoles between main veins, a few veinlets included; coriaceous, green but reddish when dried. Fertile frond: stipe about 60 cm long, scaly; lamina 30 by 12 cm; lateral pinnae 6 pairs, linear with round apex, shortly stalked, up to 80 by 8 mm; terminal pinna like the lateral ones, a little longer; sporangia dispersed on the whole under surface of pinnae.",general,EN,"M. Tagawa, K. Iwatsuki",,Forest Herbarium,2021-07-31,Rachun Pooma,ref-THA-0001125338,3,3,"Bolbitis costata. Flora of Thailand. Vol. 3. Part 3, 1988. Pg. 311–312. Accessed 2021-07-31",All rights reserved,Forest Herbarium,https://botany.dnp.go.th/eflora/floraspecies.html?tdcode=F0436
wfo-0001117296,"Rhizome long-creeping, scaly; scales nearly black with narrow brown ferrugineous margin, linear, up to 5 by 1 mm. Sterile frond: stipe 10–30 cm long, stramineous; lamina simple or imparipinnate with one or two pairs of lateral pinnae; lateral pinnae oblong, cuneate and shortly stalked at base, caudate at apex, 4–7 cm apart, 7–15 by 3–6 cm, almost entire or irregularly shallowly waved, terminal pinna oblong, or often very long-tailed with narrow linear tails 50–80 cm long, up to 15–20(–30) cm long excluding the tail, 5 cm broad; rachis narrowly winged, glabrescent; costa naked, sometimes viviparous; veins distinct on both surfaces, finely reticulated, without included free veinlets; herbaceous or softly papyraceous, glabrous, deep green, blackish when dry. Fertile frond not seen in Thailand, those of the Philippines plants: stipe nearly the same as or larger than those of sterile ones; lateral pinnae up to 4 pairs, oblong, about 5 by 2.7 cm, apical pinna a little larger than lateral ones, veins reticulate; sporangia spread over the whole undersurface of pinnae.",general,EN,"M. Tagawa, K. Iwatsuki",,Forest Herbarium,2021-07-31,Rachun Pooma,ref-THA-0001117296,3,3,"Bolbitis heteroclita. Flora of Thailand. Vol. 3. Part 3, 1988. Pg. 320–321. Accessed 2021-07-31",All rights reserved,Forest Herbarium,https://botany.dnp.go.th/eflora/floraspecies.html?tdcode=F0449
wfo-0001043580,"Rhizome short-creeping, up to 1 cm diam.; scales gradually narrowing from base towards long-acuminate apex, up to 5 by 0.5 mm, entire or with irregular projections at margin, concolorously brown, not clathrate. Stipe stramineous, grooved above, scaly throughout with narrow subclathrate scales, about 10 cm long in sterile fronds, twice as long as in fertile ones. Sterile lamina about 35 by 10 cm; middle lateral pinnae the largest, patent or ascending, very shortly stalked, elliptic with acute apex and truncate or very broadly cuneate at base, subentire or slightly crenate at margin, up to 4.7 by 1.5 cm, the lower ones shorter, patent or deflexed, apical pinna narrowly subtriangular, elongate at apex, up to 5 cm long, gemmiferous; rachis stramineous, minutely scaly throughout, winged in upper portion; costa raised on both surfaces, pale, glabrous, veins more or less visible, all free, basiscopic branches of vein groups running to sinus ending in distinct teeth about 0.7 mm in length. Fertile lamina about 18 by 3.5 cm; pinnae 1–1.5 cm apart, moniliform, shortly stalked, 17 by 1.7 mm, sporangia forming 5–8 groups but usually confluent at maturity.",general,EN,"M. Tagawa, K. Iwatsuki",,Forest Herbarium,2021-07-31,Rachun Pooma,ref-THA-0001043580,3,3,"Bolbitis hookeriana. Flora of Thailand. Vol. 3. Part 3, 1988. Pg. 317–318. Accessed 2021-07-31",All rights reserved,Forest Herbarium,https://botany.dnp.go.th/eflora/floraspecies.html?tdcode=F0444
wfo-0001257601,"Rhizome creeping; scales up to 6 by 1.5 mm, blackish. Sterile frond: stipe stramineous, up to 40 cm long, scaly; lamina 20–50 by 7–25 cm, oblong in outline; rachis like the upper part of stipe, minutely scaly; lateral pinnae 5–7 pairs, widest at about the middle portion, up to 15 by 4 cm, entire or serrate at margin, reddish when dry; veins reticulate to form a row of costal areoles and one or two additional rows of areoles at each side of costa, usually with one or more free included veinlets. Fertile frond: stipe up to 50 cm long; lamina up to 40 by 12 cm; pinnae up to 8 by 1.5 cm, entirely covered by sporangia except on costa.",general,EN,"M. Tagawa, K. Iwatsuki",,Forest Herbarium,2021-07-31,Rachun Pooma,ref-THA-0001257601,3,3,"Bolbitis scalpturata. Flora of Thailand. Vol. 3. Part 3, 1988. Pg. 312–313. Accessed 2021-07-31",All rights reserved,Forest Herbarium,https://botany.dnp.go.th/eflora/floraspecies.html?tdcode=F0438
wfo-0000146793,"Rhizome creeping, scales grayish-brown, narrowly subtriangular with long-acuminate apex, entire, up to 4 by 0.8 mm. Sterile frond: stipe 15–30 cm long, scaly at base with brown, appressed, membranous, small, broadly oblong scales; lamina narrowly subtriangular, the apex attenuately long-tailed, often viviparous at apex; rachis sparsely scaly, winged in upper part; lateral pinnae up to 5 pairs, basal pinnae the longest, stalked, middle pinnae patent, lanceolate, shortly stalked, upper ones ascending, oblong, moderately acute to rounded at apex, less lobed, adnate at base to from indistinct apical pinna; lobes oblique, rounded at apex, up to 7 mm broad, close to each other; main veins raised beneath, sparsely minutely scaly, veinlets simple or forked, all free; herbaceous to papyraceous, deep green, dark brown when dried. Fertile frond about the same height as or lower than the sterile one; stipe 25–40 cm long; lamina narrower, 15–25 by 5–7 cm; lower lateral pinnae oblong, gradually narrowing from base to apex, subtruncate or rounded at distinctly stalked base, rounded to moderately acute at apex, subentire or very slightly waved at margin, terminal pinna narrowly subtriangular with lobed base, about 4 cm long; veins pinnate, veinlets simple, all free, the apex ending inside the distinct cartilaginous margin; sporangia dispersed on the undersurface, naked.",general,EN,"M. Tagawa, K. Iwatsuki",,Forest Herbarium,2021-07-31,Rachun Pooma,ref-THA-0000146793,3,3,"Bolbitis sinensis. Flora of Thailand. Vol. 3. Part 3, 1988. Pg. 318–319. Accessed 2021-07-31",All rights reserved,Forest Herbarium,https://botany.dnp.go.th/eflora/floraspecies.html?tdcode=F0445
wfo-0000146794,"Rhizome creeping, ascending, scaly; scales grayish-brown, rather stiff, lanceolate, up to 4 by 1 mm. Sterile frond simple or tri- to quinque-foliate; stipe stramineous or darker, 3–9 cm long, sparsely scaly; simple laminae or terminal pinnae broadly oblanceolate, acuminate at apex, gradually narrowing towards base, 15–30 by 5–7.5 cm, subentire at margin; midrib scaly beneath; main veins distinct but other veins obscure on both surfaces, reticulate without included veinlets, areoles irregular, many; thickly papyraceous, glabrous. Fertile frond nearly the same height as sterile ones; stipe 15–25 cm long; lamina simple or imparipinnate with 2–3 lateral pinnae and a large terminal pinna; lateral pinnae lanceolate, gradually narrowing towards both ends, sessile, up to 6 by 0.7 cm, terminal or simple pinna lanceolate, about 12 by 2 cm, veins reticulate, obscure.",general,EN,"M. Tagawa, K. Iwatsuki",,Forest Herbarium,2021-07-31,Rachun Pooma,ref-THA-0000146794,3,3,"Bolbitis sinuata. Flora of Thailand. Vol. 3. Part 3, 1988. Pg. 321. Accessed 2021-07-31",All rights reserved,Forest Herbarium,https://botany.dnp.go.th/eflora/floraspecies.html?tdcode=F0450
wfo-0001127909,"Rhizome not known from Thailand; stipe and rachis densely scaly throughout; scales small, ovate-oblong, up to 3 mm long, appressed, dark brown, irregular at margin. Sterile frond: lamina 80 by 30 cm, narrowly elliptic with attenuate apex; lateral pinnae more than 30 pairs, sessile, oblong-lanceolate, rounded at base, caudately acuminate with unlobed apical projections of 3.5 by 0.4 cm, lobed to ⅔ way towards costa, up to 16 by 3 cm; costa raised on both surfaces, densely scaly beneath; lobes oblong-subdeltoid, oblique, rounded to moderately acute at apex, up to 13 by 6 mm, subentire with setae at margin; main veins distinct on both surfaces, veinlets simple or forked, basal posterior veinlets springing directly from costa, basal posterior veinlets running to sinus and ending in sharp narrowly triangular teeth 1.5 mm in length, the other veinlets reaching the margin of lobes and ending in setae up to 1 mm in length; softly papyraceous, glabrous, dark brown to blackish in dried specimens; rachis bearing gemmae. Fertile frond lower, with about twelve lateral pinnae; pinnae narrowly oblong, rounded to subtruncate at short stalked base, moderately acute at apex, entire, up to 3.5 by 6 mm, covered entirely by sporangia.",general,EN,"M. Tagawa, K. Iwatsuki",,Forest Herbarium,2021-07-31,Rachun Pooma,ref-THA-0001127909,3,3,"Bolbitis tonkinensis. Flora of Thailand. Vol. 3. Part 3, 1988. Pg. 319–320. Accessed 2021-07-31",All rights reserved,Forest Herbarium,https://botany.dnp.go.th/eflora/floraspecies.html?tdcode=F0448
wfo-0001115227,"Rhizome creeping, thick, densely scaly; scales thin but firm, dark brown, up to 8 by 1.5 mm. Sterile frond: stipe 30–40 cm long, densely scaly throughout, scales on upper portion light brown, ferrugineous, appressed, irregular in shape; lamina oblong-ovate to oblong, 35–60 by about 30 cm; lateral pinnae 5–7 pairs, stalked, straight, ascending or patent in lower ones, oblong to oblong-lanceolate, caudate at apex, narrowly cuneate or unequally rounded at base, up to 25 by 6 cm, toothed at margin, more or less waved; costa minutely scaly beneath, veins slightly raised on undersurface, reticulate with a few included veinlets in each areole; subcoriaceous, glabrous, green both in living and dried condition, terminal pinna like lateral ones or slightly larger, viviparous near apex. Fertile frond nearly as high as the sterile ones: stipe up to 55 cm long; lamina up to 40 by 20 cm; pinnae 4–6 pairs, linear, acuminate at apex, stalked, up to 20 by 2 cm; sporangia dispersed on the whole undersurface of pinnae.",general,EN,"M. Tagawa, K. Iwatsuki",,Forest Herbarium,2021-07-31,Rachun Pooma,ref-THA-0001115227,3,3,"Bolbitis virens. Flora of Thailand. Vol. 3. Part 3, 1988. Pg. 314–315. Accessed 2021-07-31",All rights reserved,Forest Herbarium,https://botany.dnp.go.th/eflora/floraspecies.html?tdcode=F0440
wfo-0001381624,"Different from the type variety in: fertile pinnae broader, 4–9 by 0.8–2 cm, about 3–7 times as long as wide.",general,EN,"M. Tagawa, K. Iwatsuki",,Forest Herbarium,2021-07-31,Rachun Pooma,ref-THA-0001381624,3,3,"Bolbitis virens compacta. Flora of Thailand. Vol. 3. Part 3, 1988. Pg. 316. Accessed 2021-07-31",All rights reserved,Forest Herbarium,https://botany.dnp.go.th/eflora/florainfra.html?tdcode=F0442
wfo-0001122823,"Rhizome erect, forming a trunk of more than 50 cm in height, the apex densely covered with scales; scales narrow with orbicular basal portion about 2 mm in diam., up to 30 by 0.5–0.8 mm, entire, glabrous, brown with dark brown central strand. Stipe 15–30 cm long, thick, stramineous, densely scaly at base. Lamina simply pinnate, with numerous pinnae, dimorphic; sterile lamina 40–70 by 30 cm, oblong-lanceolate with acute apex; lateral pinnae close, straight, slightly ascending, linear, gradually narrowing towards the finely acute apex, sessile, decurrent at base in uppermost ones, broadly cuneate to deeply cordate towards base, the margin sharply serrate, up to 15 by 1.2 cm; veins close; papyraceous, green to paler; fertile frond narrower; lateral pinnae up to 10 by 0.5 cm.",general,EN,"M. Tagawa, K. Iwatsuki",,Forest Herbarium,2021-07-31,Rachun Pooma,ref-THA-0001122823,3,3,"Brainea insignis. Flora of Thailand. Vol. 3. Part 3, 1988. Pg. 302. Accessed 2021-07-31",All rights reserved,Forest Herbarium,https://botany.dnp.go.th/eflora/floraspecies.html?tdcode=F0423
wfo-0001116747,"Rhizome (unknown in Thai plants) thick, ascending to suberect, bearing a few fronds near apex; scales narrow, up to 8 by 2 mm, entire, brown, membranous. Stipe up to 30 cm or more long, stramineous to brown, more or less broadened at scaly base. Frond bipinnate to tripinnatifid, oblong with acute apex and round base, about 50 by 25 cm; pinnae subopposite, ascending, subsessile or shortly stalked in larger ones; rachis grooved, the grooves decurrent to those of pinnae; pinnules of the larger pinnae narrowly oblong-subdeltoid, acute to acuminate at apex, truncate or broadly cuneate at sessile base, about 8 by 2.4 cm, lobed nearly to costule with subquadrangular lobes with obtuse apex and subentire or crenate margin of about 1 by 0.5 cm, pinnules of the upper pinnae like the lobes of larger pinnules; herbaceous to thin-papyraceous, usually blackish when dry; veins pinnate with simple or rarely forked veinlets reaching the very margin of lobes. Sori oblong, costular, naked.",general,EN,"M. Tagawa, K. Iwatsuki",,Forest Herbarium,2021-07-31,Rachun Pooma,ref-THA-0001116747,3,3,"Cornopteris opaca. Flora of Thailand. Vol. 3. Part 3, 1988. Pg. 441–442. Accessed 2021-07-31",All rights reserved,Forest Herbarium,https://botany.dnp.go.th/eflora/floraspecies.html?tdcode=F0611
wfo-0001117889,"Rhizome short, erect. Stipe densely scaly at base, about 40 cm long, dark brown; scales at base of stipe linear, up to 25 by 1 mm, brown or paler on basal part, entire, thin, those on the upper part linear-lanceolate, up to 10 by 0.6 mm, dark brown, clathrate, gradually becoming smaller upwards. Lamina narrowly oblong-subtriangular, gradually narrowing towards acuminate apex, about 60 by 35 cm, quadripinnatifid in basal part; pinnae about a dozen pairs below an indistinct apical pinna, the lower pinnae 8–12 cm apart; basal pinnae the largest, stalked, asymmetrically oblong-subdeltoid, acuminate at apex, cuneate at base, up to 20 by 12 cm; posterior pinnules of the basal pinna like the upper pinnae; pinnules of middle pinna sessile, oblong, rounded or moderately acute at apex, 2.5–5 by 0.8–1.5 cm; papyraceous or thicker, green, midrib of pinnules scaly beneath, densely hairy above with articulated hairs, main veins hair above, veinlets 3–6 pairs, simple or forked. Sori costular to medial, indusiate; indusia fringed in matured sori but persistent, thin, glabrous.",general,EN,"M. Tagawa, K. Iwatsuki",,Forest Herbarium,2021-07-31,Rachun Pooma,ref-THA-0001117889,3,3,"Ctenitis dumrongii. Flora of Thailand. Vol. 3. Part 3, 1988. Pg. 357. Accessed 2021-07-31",All rights reserved,Forest Herbarium,https://botany.dnp.go.th/eflora/floraspecies.html?tdcode=F0500
wfo-0001262457,"Rhizome creeping, fleshy, up to 4 mm diam., scaly. Stipe rather fleshy, pale to dark brown, glabrous, 10–20 cm long. Lamina tripinnate, broadly triangular, acute to acuminate at apex, up to 20 by 12–25 cm; rachis slender, winged, hairy; pinnae opposite, basal pinnae the largest, up to 15 by 7 cm, asymmetrically oblong-subdeltoid, shortly stalked, the basal basiscopic pinnules much longer; upper pinnae gradually becoming smaller, sessile, oblong-lanceolate, pinnate to bipinnatifid; basal basiscopic pinnule of basal pinna like upper lateral pinna, up to 7 by 2.5 cm; pinnules of upper pinnae oblong, oblique, rounded at apex, lobed at margin; ultimate lobes oblong, moderately acute at apex, entire; thinly herbaceous; veins free, one to each lobe, the apex not reaching the margin; densely hairy on every axis as well as on both surfaces of lamina, hairs articulate, coarse. Sori terminal on short acroscopic branches of veinlets; indusia small, reniform, pale-green, glabrous.",general,EN,"M. Tagawa, K. Iwatsuki",,Forest Herbarium,2021-07-31,Rachun Pooma,ref-THA-0001262457,3,3,"Ctenitis manilensis. Flora of Thailand. Vol. 3. Part 3, 1988. Pg. 358–360. Accessed 2021-07-31",All rights reserved,Forest Herbarium,https://botany.dnp.go.th/eflora/floraspecies.html?tdcode=F0503
wfo-0001117858,"Close to C. mannii, different from it in : lamina smaller, up to 25 by 10 cm; pinnules, and segments as well if any, oblique (costule forming angles of 45&#176;–60&#176; to costa), acute at apex; basal pinna asymmetrically ovate-subdeltoid, the basal basiscopic pinnules not much larger. Rhizome-scales much smaller than those of the other species, up to 10 by 0.5 mm, brown to dark brown.",general,EN,"M. Tagawa, K. Iwatsuki",,Forest Herbarium,2021-07-31,Rachun Pooma,ref-THA-0001117858,3,3,"Ctenitis vilis. Flora of Thailand. Vol. 3. Part 3, 1988. Pg. 358. Accessed 2021-07-31",All rights reserved,Forest Herbarium,https://botany.dnp.go.th/eflora/floraspecies.html?tdcode=F0502
wfo-0001125570,"Rhizome short, erect, densely scaly; scales thin, linear, up to 30 by 1.3 mm, dark brown, toothed at margin. Stipe about 25 cm long, densely scaly at base, scales sparse and narrower upwards, stramineous. Lamina oblong-lanceolate, about 60 by 25 cm, gradually narrowing both towards apex and base; rachis densely clad with linear hairs, grooved above; lateral pinnae numerous, more than 30 pairs, sessile, jointed to rachis, lanceolate with caudate apex, broadly cuneate to cordate at base, the basiscopic side above rachis and the acroscopic side below rachis, middle pinnae the largest, up to 13 by 1.8 cm, subentire or serrate at margin; apical pinna larger than the uppermost lateral ones, about 2 cm wide; chartaceous, glabrous; costa raised on both surfaces, hairy beneath, veins forked near base. Fertile pinnae usually narrower. Sori dorsal on terminal veinlets, usually in two or three nearly regular rows on each side of costa; indusia entire, peltate, fugacious.",general,EN,"M. Tagawa, K. Iwatsuki",,Forest Herbarium,2021-07-31,Rachun Pooma,ref-THA-0001125570,3,3,"Cyclopeltis crenata. Flora of Thailand. Vol. 3. Part 3, 1988. Pg. 392. Accessed 2021-07-31",All rights reserved,Forest Herbarium,https://botany.dnp.go.th/eflora/floraspecies.html?tdcode=F0547
wfo-0001109556,"Rhizome short, covered with scales; scales oblong-ovate to subtriangular, rounded at base, gradually narrowing towards tailed apex, up to 15 by 4 mm, brown, darker in central portion, minutely lacerate at margin. Stipe stramineous, scaly throughout, 10–15 cm long. Lamina imparipinnate; lateral pinnae 6–9 pairs, stalked, oblong, falcate, auricled at anterior and cuneate at posterior bases, gradually narrowing to caudate apex, minutely dentate at margin up to the very apex, 4.5–7 by 2–2.4 cm, terminal pinna commonly subtriangular, up to 3 cm broad; coriaceous, glabrous, green, paler beneath; veins anastomosing to form 4–5 rows of areoles with included veinlets. Sori dorsal on included veinlets, round, 2–4 rows at each side of costa; indusia round-reniform, peltate, up to 7 mm diam.",general,EN,"M. Tagawa, K. Iwatsuki",,Forest Herbarium,2021-07-31,Rachun Pooma,ref-THA-0001109556,3,3,"Cyrtomium fortunei. Flora of Thailand. Vol. 3. Part 3, 1988. Pg. 332. Accessed 2021-07-31",All rights reserved,Forest Herbarium,https://botany.dnp.go.th/eflora/floraspecies.html?tdcode=F0468
wfo-0001125712,"Rhizome thick, ascending to suberect, sometimes subarborescent, up to 25 cm high, covered with intricate roots, bearing fronds in a tuft at apex, scaly; scales narrowly lanceolate, gradually narrowing towards long-tailed apex, concolorous brown, entire, up to 13 by 1.5 mm. Stipe stramineous, up to 40 cm long, hairy as well as scaly. Frond tripinnate, up to 120 cm long and wide; pinnae up to 10 pairs, the largest ones stalked, oblong-lanceolate, up to 60 by 20 cm; pinnules of larger pinnae subsessile, narrowly triangular, widest at truncate to subcordate base, long-acuminate at apex, up to 10 by 3.5 cm; ultimate segments adnate at base forming broad wings of costules, oblong, round at apex, up to 15 by 7 mm, lobed to ⅓ way, with oblique entire lobes, papyraceous; stipe, costa, costule and veins beset with coarse articulated hairs of 0.5–1 mm long; veins pinnate, all free. Sori round, costular; indusia small, fugaceous.",general,EN,"M. Tagawa, K. Iwatsuki",,Forest Herbarium,2021-07-31,Rachun Pooma,ref-THA-0001125712,3,3,"Deparia boryana. Flora of Thailand. Vol. 3. Part 3, 1988. Pg. 440. Accessed 2021-07-31",All rights reserved,Forest Herbarium,https://botany.dnp.go.th/eflora/floraspecies.html?tdcode=F0608
wfo-0001116140,"Rhizome creeping, slender, 2–3 mm diam., scaly; scales gradually narrowing from base towards acute apex, concolorously brown, thin, entire at margin. Stipe up to 25 cm long, stramineous to darker, hairy above. Lamina pinnate with deeply lobed pinnae, oblong to oblong-subtriangular, acuminate at apex, broadest or rarely a little reduced at base, up to 25 by 15 cm; rachis sparsely hairy, grooved above; lateral pinnae up to 10 or more pairs, subsessile, lanceolate, caudate-acuminate at apex, subtruncate to cordate at base, deeply lobed more than half-way to costa, up to 12 by 1.2–3 cm, widest at middle or basal ⅓; lobes oblong to subquadrangular, oblique, round to obtuse at apex, serrate at margin, 5–15 by 3.5–7.5 mm; herbaceous, green to deep green, paler beneath; veins pinnate, 4–7 pairs in each lobe, veinlets simple or forked, reaching the very margin of lobes, bearing sparse multiseptate hairs. Sori along veinlets, about 2 mm long, rather costular; indusia crescentic, attached at posterior end.",general,EN,"M. Tagawa, K. Iwatsuki",,Forest Herbarium,2021-07-31,Rachun Pooma,ref-THA-0001116140,3,3,"Deparia japonica. Flora of Thailand. Vol. 3. Part 3, 1988. Pg. 440–441. Accessed 2021-07-31",All rights reserved,Forest Herbarium,https://botany.dnp.go.th/eflora/floraspecies.html?tdcode=F0609
wfo-0001125347,"Rhizome short, ascending, covered with scales; scales linear-subtriangular, up to 10 by 2 mm, entire, glabrous, brown. Stipe dark stramineous to brown, deep brown on abaxial surface, polished, up to 40 cm long, scaly throughout. Lamina oblong-subdeltoid, about as long as stipe, tripinnate to quadripinnate; rachis minutely scaly throughout; pinnae more than ten pairs, basal ones the largest, up to 20 by 12 cm, asymmetrically subtriangular, middle ones falcate, oblong-subtriangular, caudately acute at apex, broadly cuneate at base, about 15 by 7 cm; pinnules oblong-subdeltoid, acute at apex, unequally broadly caudate at subsessile base, 2–4 by 0.8–1.2 cm, posterior side of basal pinnae more than 10 cm in length; segments oblong to spathulate, oblique, sessile, subentire or pinnate in larger ones, rounded at apex, narrowly cuneate at base, about 7 by 3 mm in those of middle pinnae; pinnae papyraceous, green to deep green, sparsely hairy on veins, hairs articulated. Sori dorsal on veinlets, round; indusia green and glabrous when young, about 0.7 mm diam.",general,EN,"M. Tagawa, K. Iwatsuki",,Forest Herbarium,2021-07-31,Rachun Pooma,ref-THA-0001125347,3,3,"Diacalpe aspidioides. Flora of Thailand. Vol. 3. Part 3, 1988. Pg. 330–331. Accessed 2021-07-31",All rights reserved,Forest Herbarium,https://botany.dnp.go.th/eflora/floraspecies.html?tdcode=F0464
wfo-0001108279,"Rhizome massive, bearing a group of fronds like a small tree fern, sometimes more than 10 cm long, covered densely with scales; scales up to 20 by 5 mm, brown or sometimes black-brown in central portion, glabrous, entire, Stipe stramineous or dark very densely covered with scales and downy hairs, up to 70 cm long, grooved on adaxial surface. Lamina oblong or narrower, up to 100 by 40 cm, bipinnate; rachis densely covered with narrower scales and downy hairs; pinnae 20 or more pairs, joined to rachis, linear-lanceolate, acuminate at apex, subtruncate at base, up to 25 by 4 cm; pinna-rachis grooved, grooves not decurrent into those on rachis; leaflets jointed to rachis, uniform in size and form throughout, nearly oblong, about 1.7 by 0.8 mm, rounded at apex, entire or very slightly serrate at margin; thick, dark green but brown in dried specimens, glabrous, bearing distinct spines at base of leaflets. Sori terminal on anterior branch of veins, elongate, somewhat hollowed; indusia glabrous, about 2 mm long.",general,EN,"M. Tagawa, K. Iwatsuki",,Forest Herbarium,2021-07-31,Rachun Pooma,ref-THA-0001108279,3,3,"Didymochlaena truncatula. Flora of Thailand. Vol. 3. Part 3, 1988. Pg. 331–332. Accessed 2021-07-31",All rights reserved,Forest Herbarium,https://botany.dnp.go.th/eflora/floraspecies.html?tdcode=F0466
wfo-0001108167,"Rhizome massive, erect; scales linear, about 15 by 1 mm, brown with blackish-brown thickened marginal strand bearing sharp teeth. Stipe about 50 cm long, up to 1.5 cm diam. near scaly base, the scars of fallen-off scales sometimes spinose, stramineous. Frond pinnate, 5–15 pairs of lateral pinnae free, stalked in lower ones, sessile to decurrent in upper ones, basal pinnae the largest, oblong with acuminate apex, rather suddenly broadly cuneate to subtruncate at base, about 30 by 8 cm, undulate at margin; uppermost part of frond deltoid, deeply lobed in lower portion, up to 15 by 10 cm; papyraceous, glabrous or minutely scaly, scabrous underneath; rachis grooved on upper surface, gemmiferous; costa raised below, grooved with distinct ridges on upper surface; veins pinnate, veinlets uniting with those of the opposite group, forming continuously united veinlets (seemingly goniopteroid venation), the areoles like that of D. heterophlebium in outer part. Sori along veinlets, often forming areoles following the venation; indusia opening outwards.",general,EN,"M. Tagawa, K. Iwatsuki",,Forest Herbarium,2021-07-31,Rachun Pooma,ref-THA-0001108167,3,3,"Diplazium accedens. Flora of Thailand. Vol. 3. Part 3, 1988. Pg. 451. Accessed 2021-07-31",All rights reserved,Forest Herbarium,https://botany.dnp.go.th/eflora/floraspecies.html?tdcode=F0622
wfo-0001266206,"Rhizome short, erect or ascending, bearing a few frond at apex; scales narrow, 13 by 1.2 mm, concolorous, dark brown, minutely toothed at margin. Stipe up to 65 cm long, brownish, darker in lower portion, grooved on adaxial surface. Frond imparipinnate, oblong in outline, 40–60 by about 20 cm; rachis grooved on upper surface, minutely hairy, often gemmiferous at junction with costa; lateral pinnae 4 or 5 pairs, upper on smaller, ascending, shortly stalked, oblong, caudate at apex, round at base, subentire or serrate at posterior portion, up to 20 by 5.5 cm; chartaceous, surface glabrescent; costa raised below, grooved with minute hairs on upper surface; veins several times forked, all free. Sori elongate along veins, longest on basal acroscopic veinlets, usually on both sides of veins; indusia thin, brown.",general,EN,"M. Tagawa, K. Iwatsuki",,Forest Herbarium,2021-07-31,Rachun Pooma,ref-THA-0001266206,3,3,"Diplazium bantamense. Flora of Thailand. Vol. 3. Part 3, 1988. Pg. 455. Accessed 2021-07-31",All rights reserved,Forest Herbarium,https://botany.dnp.go.th/eflora/floraspecies.html?tdcode=F0629
wfo-0001116784,"Rhizome creeping; scales dark brown, up to 15 by 1 mm, toothed. Stipe about 50 cm long. Frond subdeltoid, about 50 by 50 cm, bipinnate; lower pinnae with stalks up to 5 cm long, gradually narrowing towards acute apex, up to 30 by 13 cm; larger pinnules oblong-subdeltoid, acute at apex, cordate at base, shortly stalked, lobed halfway to costule, up to 8.5 by 1.8 cm; lobes orbicular, serrate, up to 7 mm broad; softly papyraceous, dark green, paler beneath; veins pinnate with 5–8 pairs of simple veinlets. Sori oblong, usually along posterior half of veinlets, thus submarginal, up to 2 mm long; indusia thin but firm, persistent.",general,EN,"M. Tagawa, K. Iwatsuki",,Forest Herbarium,2021-07-31,Rachun Pooma,ref-THA-0001116784,3,3,"Diplazium conterminum. Flora of Thailand. Vol. 3. Part 3, 1988. Pg. 462. Accessed 2021-07-31",All rights reserved,Forest Herbarium,https://botany.dnp.go.th/eflora/floraspecies.html?tdcode=F0643
wfo-0001223859,"Rhizome short, erect, or ascending, scaly in younger part, about 5 mm diam.; scales narrow, up to 8 by 1 mm, concolorous, brown, entire. Stipe 30–60 cm long, stramineous or brownish in lower part, scaly or glabrescent upwards, grooved on adaxial surface. Lamina simple or imparipinnate; simple frond narrowly oblong-subdeltoid, cordate at broadest base, narrowing upwards towards acuminate apex, subentire to undulate at margin, about 30 by 13 cm; coriaceous, more or less fleshy; midrib distinctly raised beneath, glabrous; veins branching a few times, irregularly anastomosing in the marginal part; gemmae usually present at junction between stipe and midrib, viviparous; imparipinnate frond with a few pairs of lateral pinnae becoming smaller upwards, lateral pinnae sessile, bearing gemmae at junction between rachis and costa; veins forming angles of 45°–55° to costa. Sori elongate along veinlets, up to 4 cm or more long, on both sides of each veinlet or on acroscopic side; indusia thin but persistent.",general,EN,"M. Tagawa, K. Iwatsuki",,Forest Herbarium,2021-07-31,Rachun Pooma,ref-THA-0001223859,3,3,"Diplazium cordifolium. Flora of Thailand. Vol. 3. Part 3, 1988. Pg. 453–454. Accessed 2021-07-31",All rights reserved,Forest Herbarium,https://botany.dnp.go.th/eflora/floraspecies.html?tdcode=F0626
wfo-0001126643,"Rhizome short, erect; scales narrow, up to 8 by 1.3 mm, concolorous, dark brown, irregularly toothed at margin. Stipe up to 50 cm long, stramineous with dark scaly base, glabrous. Frond narrowly oblong-subtriangular, attenuate towards apex, widest at base, usually longer than stipe, up to 25 cm wide, pinnate without distinct terminal pinna; rachis grooved above, minutely hairy, usually viviparous at apical portion; lateral pinnae about 20 pairs, lower ones stalked, narrowly oblong, acuminate at apex, distinctly auricled at acroscopic and auricled or cuneate at basiscopic bases, up to 13 by 2.3 cm, lobed to ⅓ way to costa or nearly entire; softly chartaceous; veins pinnate with simple veinlets, glabrous. Sori practically on all veinlets, diplazioid usually only on basal anterior ones; indusia thin but firm, persistent.",general,EN,"M. Tagawa, K. Iwatsuki",,Forest Herbarium,2021-07-31,Rachun Pooma,ref-THA-0001126643,3,3,"Diplazium crenatoserratum. Flora of Thailand. Vol. 3. Part 3, 1988. Pg. 459. Accessed 2021-07-31",All rights reserved,Forest Herbarium,https://botany.dnp.go.th/eflora/floraspecies.html?tdcode=F0637
wfo-0001107290,"Rhizome massive, erect; scales about 20 by 2 mm, more commonly narrower, dark brown, black-margined, distinctly toothed. Stipe usually 50 cm or more high, densely scaly near base. Frond about 100 by 70 cm or variable in size, bipinnate to tripinnatifid; pinnae narrowly oblong, acuminate at apex, basal pinnules usually a little reduced, up to 50 by 25 cm; larger pinnule oblong-subtriangular, gradually narrowing towards attenuate apex, basal lobes a little reduced, cordate at stalked base, lobed halfway to costa, up to 13 by 2.5 cm; lobes subdeltoid to semiorbicular, round to moderately acute at apex, subentire or serrate, up to 7 mm in breadth; veins pinnate with 5–9 pairs of simple or forked veinlets. Sori along veinlets about 5 mm long.",general,EN,"M. Tagawa, K. Iwatsuki",,Forest Herbarium,2021-07-31,Rachun Pooma,ref-THA-0001107290,3,3,"Diplazium dilatatum. Flora of Thailand. Vol. 3. Part 3, 1988. Pg. 464. Accessed 2021-07-31",All rights reserved,Forest Herbarium,https://botany.dnp.go.th/eflora/floraspecies.html?tdcode=F0647
wfo-0001114652,"Similar to <i>D. bantamense</i>, different in: rhizome creeping, 3–4 mm diam., blackish, scaly on younger part; lateral pinnae 1–4 pairs, stalks distinct, more than 5 mm long, cuneate at base; coriaceous or fleshy; rachis never gemmiferous; sori usually elongate along the whole length of veinlets.",general,EN,"M. Tagawa, K. Iwatsuki",,Forest Herbarium,2021-07-31,Rachun Pooma,ref-THA-0001114652,3,3,"Diplazium donianum. Flora of Thailand. Vol. 3. Part 3, 1988. Pg. 455. Accessed 2021-07-31",All rights reserved,Forest Herbarium,https://botany.dnp.go.th/eflora/floraspecies.html?tdcode=F0630
wfo-0001109577,"Rhizome erect, sometimes more than 1 m in height; scales up to 10 by 1.2 mm, dark brown, black-margined, toothed. Stipe about 70 cm long. Frond variable in size, often more than 1 m long, bipinnate; lower 1 or 2 pinnae often reduced, larger pinnae up to 40 by 25 cm, rather suddenly narrowing towards acute apex; larger pinnules subsessile or shortly stalked, subcordate or auricled at base, narrowing towards acuminate apex, up to 13 by 2.5 cm, lobed to ¼ way to costule; lobes rounded at apex, serrate, papyraceous; veins pinnate, veinlets up to 10 pairs, uniting with the opposite ones forming excurrent veinlets (seemingly goniopteroid venation). Sori on nearly the whole length of veinlets, often uniting with opposite ones.",general,EN,"M. Tagawa, K. Iwatsuki",,Forest Herbarium,2021-07-31,Rachun Pooma,ref-THA-0001109577,3,3,"Diplazium esculentum. Flora of Thailand. Vol. 3. Part 3, 1988. Pg. 466. Accessed 2021-07-31",All rights reserved,Forest Herbarium,https://botany.dnp.go.th/eflora/floraspecies.html?tdcode=F0650
wfo-0001118137,"Rhizome short, ascending, bearing fleshy green roots; scales ovate with tailed apex, up to 7 by 2 mm, pale brown, membranous, entire. Stipe about 20 cm long, stramineous to darker, narrowly scaly. Frond oblong, pinnate or pinnatifid above, up to 30 by 20 cm; lower 1–3 lateral pinnae free, sessile, oblong, caudate at apex, subtruncate to cordate at base, up to 10 by 3.5 cm, subentire or undulate at margin; upper part of frond lobed less deeply upwards, the lower lobes like the free pinnae; herbaceous, minutely hairy on surfaces; rachis minutely scaly as well as hairy, dark; veins pinnately branching, forming areoles without include veinlets (venation of the type of Diplaziopsis). Sori elongate along veinlets, sometimes on both sides of veinlets; indusia completely covering the sori, not so thin, brown at maturity.",general,EN,"M. Tagawa, K. Iwatsuki",,Forest Herbarium,2021-07-31,Rachun Pooma,ref-THA-0001118137,3,3,"Diplazium heterophlebium. Flora of Thailand. Vol. 3. Part 3, 1988. Pg. 451–452. Accessed 2021-07-31",All rights reserved,Forest Herbarium,https://botany.dnp.go.th/eflora/floraspecies.html?tdcode=F0623
wfo-0000154548,"Rhizome short-creeping; scales nearly black, up to 13 by 1.5 mm, entire. Stipe about 50 cm long. Frond subdeltoid, about 60 cm long and wide, tripinnatifid; lower pinnae oblong with acute apex and long petiole, up to 30 by 1.8 cm; larger pinnules stalked, oblong-subdeltoid with acuminate apex and round to subcordate base, up to 10 by 3 cm; ultimate segments adnate at base, oblong to subquadrangular, rounded at apex, serrate at margin; herbaceous, light green, paler below; veins pinnate, veinlets usually forked. Sori elongate along veinlets, about 6 mm long, those along basal veinlets diplazioid.",general,EN,"M. Tagawa, K. Iwatsuki",,Forest Herbarium,2021-07-31,Rachun Pooma,ref-THA-0000154548,3,3,"Diplazium leptophyllum. Flora of Thailand. Vol. 3. Part 3, 1988. Pg. 463. Accessed 2021-07-31",All rights reserved,Forest Herbarium,https://botany.dnp.go.th/eflora/floraspecies.html?tdcode=F0645
wfo-0001244883,"Rhizome short, erect, bearing wiry roots; scales narrow, up to 12 by 1.5 mm, concolorous, dark brown with blackish margin. Stipe stramineous with brown scaly base, about 25 cm long, grooved on adaxial surface. Frond about 50 by 25 cm, pinnate, oblong with acuminate apex; pinnae patent or ascending, shortly stalked, cuneate at base, attenuate at apex, up to 14 by 2.3 cm, lobed to ⅔ way to costa; rachis and costa minutely scaly or glabrous; lobes oblong to ovoid, rounded to obtuse at apex, entire, up to 7 mm broad; papyraceous or firmer, green; veins pinnate, veinlets simple. Sori on all veinlets, diplazioid on basal acroscopic veinlets; indusia drying brown, persistent.",general,EN,"M. Tagawa, K. Iwatsuki",,Forest Herbarium,2021-07-31,Rachun Pooma,ref-THA-0001244883,3,3,"Diplazium malaccense. Flora of Thailand. Vol. 3. Part 3, 1988. Pg. 458–459. Accessed 2021-07-31",All rights reserved,Forest Herbarium,https://botany.dnp.go.th/eflora/floraspecies.html?tdcode=F0636
wfo-0001122923,"Similar to <i>D. accedens</i> in general habit, trichomes, and pinnation, but differs in: lateral pinnae rounded to subtruncate or rarely subcordate at base; rachis not gemmiferous; veins free or very rarely irregularly anastomosing, all except the basal pairs of veinlets running to the margin of lobes.",general,EN,"M. Tagawa, K. Iwatsuki",,Forest Herbarium,2021-07-31,Rachun Pooma,ref-THA-0001122923,3,3,"Diplazium megaphyllum. Flora of Thailand. Vol. 3. Part 3, 1988. Pg. 456. Accessed 2021-07-31",All rights reserved,Forest Herbarium,https://botany.dnp.go.th/eflora/floraspecies.html?tdcode=F0631
wfo-0001116768,"Rhizome creeping, about 4 mm diam.; scales dark brown to black, narrow, up to 6 by 1 mm, toothed at margin. Stipe up to 50 cm long, green to stramineous with dark basal portion, glabrous. Frond pinnate, oblong with acute apex, about 40 by 25 cm; lower pinnae distinctly stalked, up to 14 by 2.3 cm, attenuately acuminate at apex, round to auricled at acroscopic and round to cuneate at basiscopic bases, lobed to ⅓ way to costa; lobes oblique, rounded to obtuse at apex, subentire to serrate, upper pinnae rather suddenly becoming smaller, adnate and gradually decurrent at base; thinly chartaceous, deep green when living, brown when dry, paler beneath veins pinnate, veinlets all simple. Sori on all veinlets, not so long except on basal acroscopic ones, sometimes diplazioid; indusia firm, persistent.",general,EN,"M. Tagawa, K. Iwatsuki",,Forest Herbarium,2021-07-31,Rachun Pooma,ref-THA-0001116768,3,3,"Diplazium mettenianum. Flora of Thailand. Vol. 3. Part 3, 1988. Pg. 460–461. Accessed 2021-07-31",All rights reserved,Forest Herbarium,https://botany.dnp.go.th/eflora/floraspecies.html?tdcode=F0640
wfo-0001118615,"Rhizome short, creeping, about 1 cm diam., scaly only on apical part; scales dark brown, up to 18 by 2 mm, entire. Stipe about 50 cm long, stramineous with dark scaly base. Frond subdeltoid, 60–80 by 50–70 cm, tripinnate to quadripinnatifid; lower pinnae stalked, gradually narrowing towards acute apex, up to 35 by 25 cm; pinnules shortly stalked, oblong with acuminate apex and subtruncate base, pinnate to pinnatisect; ultimate lobes oblong, oblique, round at apex, serrate; veins pinnate with 5–8 pairs of forked veinlets. Sori oblong, usually close to midrib, allantoid, rarely placed back to back, less than 2.5 mm long; indusia thin, fragile.",general,EN,"M. Tagawa, K. Iwatsuki",,Forest Herbarium,2021-07-31,Rachun Pooma,ref-THA-0001118615,3,3,"Diplazium muricatum. Flora of Thailand. Vol. 3. Part 3, 1988. Pg. 461–462. Accessed 2021-07-31",All rights reserved,Forest Herbarium,https://botany.dnp.go.th/eflora/floraspecies.html?tdcode=F0642
wfo-0001126309,"Rhizome-scales narrow, 13 by 1 mm, concolorous, brown, densely toothed with black setae. Stipe about 50 cm long, stramineous to brownish. Frond broadly oblong, about 60 by 45 cm, widest at lower ⅓ bipinnate; lower second or third pinnae largest, shortly stalked, narrowly oblong, gradually narrowing towards acuminate apex, falcate, up to 25 by 9 cm; the basal pinnae smaller with smaller basal pinnules, upper pinnae gradually becoming smaller upwards; larger pinnules sessile or adnate at base, oblong with acuminate apex and broadly cuneate to subtruncate base, falcate, serrate at margin, up to 5 by 1.5 cm; papyraceous, green; costules hardly raised below, veins pinnate with simple veinlets. Sori elongate, about 8 mm long, often diplazioid.",general,EN,"M. Tagawa, K. Iwatsuki",,Forest Herbarium,2021-07-31,Rachun Pooma,ref-THA-0001126309,3,3,"Diplazium petelotii. Flora of Thailand. Vol. 3. Part 3, 1988. Pg. 463–464. Accessed 2021-07-31",All rights reserved,Forest Herbarium,https://botany.dnp.go.th/eflora/floraspecies.html?tdcode=F0646
wfo-0001116771,"Rhizome short-creeping; scales dark brown, up to 20 by 1.2 mm, toothed. Stipe about 40 cm long, green to stramineous with dark basal portion. Frond subtriangular, about 45 cm long and wide, bipinnatifid to bipinnate; pinnae stalked, basal pinnae the largest, oblong with acuminate apex, more than 20 cm long, 10 cm wide, with stalks of about 3 cm long, upper pinnae gradually becoming smaller upwards; pinnules narrowing towards acuminate apex, falcate, cordate to decurrent at base, lobed to ⅓ way towards costules, the posterior pinnules usually decurrent to the next ones; chartaceous, deep green; veins pinnate with 2–4 pairs of simple veinlets. Sori usually on basal veinlets, crescentic or diplazioid.",general,EN,"M. Tagawa, K. Iwatsuki",,Forest Herbarium,2021-07-31,Rachun Pooma,ref-THA-0001116771,3,3,"Diplazium petri. Flora of Thailand. Vol. 3. Part 3, 1988. Pg. 461. Accessed 2021-07-31",All rights reserved,Forest Herbarium,https://botany.dnp.go.th/eflora/floraspecies.html?tdcode=F0641
wfo-0001115254,"Rhizome massive, erect; scales narrow, about 30 by 1.8 mm, medium brown, black-margined, toothed. Stipe stout, about 1.5 cm diam. near base, up to 1 m long, densely scaly near base, surface prickly due to scars of fallen scales. Frond usually more than 1 m long, 70 cm wide, bipinnate-tripinnatifid; lower pinnae about 50 by 20 cm, acute at apex; larger pinnules oblong with acuminate apex and subtruncate base, sessile or shortly stalked, up to 10 by 2 cm, lobed nearly to costule; lobes oblong to subquadrangular, oblique, rounded to obtuse at apex, sharply serrate, about 4 mm broad, up to 1 cm long; papyraceous, deep green, paler blow; veins pinnate, veinlets 5–9 pairs, mostly forked. Sori usually close to costules, less than 2 mm long; indusia thin.",general,EN,"M. Tagawa, K. Iwatsuki",,Forest Herbarium,2021-07-31,Rachun Pooma,ref-THA-0001115254,3,3,"Diplazium polypodioides. Flora of Thailand. Vol. 3. Part 3, 1988. Pg. 465–466. Accessed 2021-07-31",All rights reserved,Forest Herbarium,https://botany.dnp.go.th/eflora/floraspecies.html?tdcode=F0649
wfo-0000154643,"Rhizome short, erect, bearing thick black roots; scales dark brown, about 15 by 1 mm, entire. Stipe about 80 cm long, stramineous with dark brownish base, glabrous. Frond oblong, about 50 by 20 cm, pinnate; lateral pinnae stalked, ascending, falcate, caudate-attenuate at apex, rounded to moderately auricled at acroscopic and cuneate at basiscopic bases, up to 15 by 1.7 cm, shallowly crenate, terminal pinna not distinct with deeply lobed base, the lower ones like the upper lateral pinnae; thin chartaceous, dark green with paler lower surface, glabrous; costa raised below, veins twice or thrice froked, all free, glabrous. Sori elongate along basal anterior veinlets or rarely along basal posterior ones; indusia thin but firm, persistent.",general,EN,"M. Tagawa, K. Iwatsuki",,Forest Herbarium,2021-07-31,Rachun Pooma,ref-THA-0000154643,3,3,"Diplazium prescottianum. Flora of Thailand. Vol. 3. Part 3, 1988. Pg. 457–458. Accessed 2021-07-31",All rights reserved,Forest Herbarium,https://botany.dnp.go.th/eflora/floraspecies.html?tdcode=F0634
wfo-0000154671,"Rhizome short, ascending to suberect; scales narrowing towards long-tailed apex, up to 15 by 1.3 mm, dark brown to nearly black, margined with caducous brownish membrane, entire. Stipe stramineous, scaly at base, 40–70 cm long, Lamina imparipinnate with less than four pairs of lateral pinnae, about 35 cm long and wide; rachis grooved on upper surface, minutely hairy, without buds; lateral pinnae oblong, subentire or serrate at margin, broadest at middle or upper ⅓ portion, rounded at apex, gradually narrowing towards narrowly cuneate, sessile or adnate base, 12–25 by up to 5.5 cm; chartaceous, deep green above, paler below, glabrous; costa grooved above, raised below; veins widely placed on costa with angles of more than 60&#176;, 2–3 times branched, free, visible on both surfaces. Sori along veins, from basal veinlets to minor branches, often on every veinlet, about 2 cm long; indusia thin but firm, pale brown when dried, attached by posterior side.",general,EN,"M. Tagawa, K. Iwatsuki",,Forest Herbarium,2021-07-31,Rachun Pooma,ref-THA-0000154671,3,3,"Diplazium riparium. Flora of Thailand. Vol. 3. Part 3, 1988. Pg. 454. Accessed 2021-07-31",All rights reserved,Forest Herbarium,https://botany.dnp.go.th/eflora/floraspecies.html?tdcode=F0628
wfo-0001254218,"Rhizome erect; scales concolorous, brown, about 15 by 0.8 mm, irregularly minutely toothed. Stipe about 50 cm long, stramineous with dark scaly basal portion. Frond oblong with acute apex, up to 70 by 30 cm, pinnate; lateral pinnae about 7 pairs below indistinct terminal portion of frond, with distinct stalks more than 1 cm long, gradually narrowing towards long acuminate apex, rounded to cuneate at base, up to 20 cm long, 3.5 cm wide in middle, lobed half-way to costa; terminal portion of frond lobed near base, gradually narrowing towards attenuate apex, up to 20 cm long; rachis and costa often minutely scaly, veins pinnate with 6–9 pairs of simple veinlets, the basal anterior ones ending below the sinus between lobes; lobes oblong, oblique, rounded to obtuse at apex, serrate; thinly chartaceous, green to deep green, paler below. Sori along veinlets, those on basal anterior veinlets not exceptionally elongate, rarely diplazioid; indusia thin but firm, persistent.",general,EN,"M. Tagawa, K. Iwatsuki",,Forest Herbarium,2021-07-31,Rachun Pooma,ref-THA-0001254218,3,3,"Diplazium siamense. Flora of Thailand. Vol. 3. Part 3, 1988. Pg. 460. Accessed 2021-07-31",All rights reserved,Forest Herbarium,https://botany.dnp.go.th/eflora/floraspecies.html?tdcode=F0639
wfo-0001111648,"Similar to <i>D. crenatoserratum</i> but differs in : rhizome-scales distinctly toothed; pinnae wider, up to 4.5 cm wide, thinner, less auricled at base.",general,EN,"M. Tagawa, K. Iwatsuki",,Forest Herbarium,2021-07-31,Rachun Pooma,ref-THA-0001111648,3,3,"Diplazium silvaticum. Flora of Thailand. Vol. 3. Part 3, 1988. Pg. 459–460. Accessed 2021-07-31",All rights reserved,Forest Herbarium,https://botany.dnp.go.th/eflora/floraspecies.html?tdcode=F0638
wfo-0001108157,"Rhizome massive, erect, bearing a tuft of gigantic fronds; scales about 20 by 2 mm, brown, black-margined, toothed. Stipe up to 1 m long, about 2 cm diam. near base. Frond about 1.4 by 1 m, bipinnate; lower pinnae about 60 by 25 cm, narrowly oblong with acute apex; larger pinnules shortly stalked or subsessile, narrowly oblong-subtriangular, gradually narrowing towards a long acuminate apex, broadly cuneate to subtruncate or subcordate at base, usually shallowly lobed, up to 12 by 2.5 cm; lobes subquadrangular, obtuse at apex, subentire, 5–8 mm in breadth; softly papyraceous, green; veins pinnate with 4–6 pairs of simple veinlets; veinlets hardly reaching the margin of lobes, basal anterior ones stopping far below the sinus. Sori about 8 mm long.",general,EN,"M. Tagawa, K. Iwatsuki",,Forest Herbarium,2021-07-31,Rachun Pooma,ref-THA-0001108157,3,3,"Diplazium simplicivenium. Flora of Thailand. Vol. 3. Part 3, 1988. Pg. 464–465. Accessed 2021-07-31",All rights reserved,Forest Herbarium,https://botany.dnp.go.th/eflora/floraspecies.html?tdcode=F0648
wfo-0001126299,"Rhizome erect, about 20 cm tall; scales subtriangular, 0.8–1.3 by up to 1.2 mm, concolorous, brown, black-margined. Stipe about 40 cm long, dark stramineous, often nearly black near base, scaly throughout. Lamina pinnate, oblong-lanceolate with acute apex, 60–90 by up to 40 cm; rachis shallowly grooved above; pinnae about 20 pairs, basal one or two pairs more or less reflexed, upper ones adnate at base or decurrent to form indistinct apical portion, middle pinnae shortly stalked, patent to ascending, narrowly lanceolate, acuminate at apex, subtruncate to cordate at base, deeply lobed to ⅘ way to costa, up to 18 by 4 cm at middle; costa grooved with distinct ridges and indistinct spines minutely scaly below, hairy or glabrescent; lobes narrowly oblong, oblique, obtuse to rounded at apex, dentate at margin, 10–17 by 5–6.5 mm; papyraceous to chartaceous, deep green, paler beneath; veins pinnate, dark and distinct below, veinlets 8–10 pairs, mostly simple. Sori elongate along veinlets, somewhat marginal, often not extending to main veins with 1–2 mm of naked veinlets, but nearly to the margin of lobes; indusia crescentic, attached by posterior side, pale but brown when dry.",general,EN,"M. Tagawa, K. Iwatsuki",,Forest Herbarium,2021-07-31,Rachun Pooma,ref-THA-0001126299,3,3,"Diplazium sorzogonense. Flora of Thailand. Vol. 3. Part 3, 1988. Pg. 456. Accessed 2021-07-31",All rights reserved,Forest Herbarium,https://botany.dnp.go.th/eflora/floraspecies.html?tdcode=F0632
wfo-0000154711,"Rhizome short, erect, bearing fronds in a tuft; scales dark brown, about 8 by 1.5 mm, entire. Stipe up to 50 cm long, stramineous, dark near base. Frond oblong, about the same length as stipe, ⅔ as broad as long, imparipinnate; lateral pinnae about 10 pairs, lower ones stalked, narrowly lanceolate, caudate-attenuate at apex, rounded at base, very shallowly crenate with toothed margin, up to 20 by 2.5 cm; terminal pinna up to 20 by 3 cm at broadest lobed basal portion or rarely larger, cuneate at base; softly chartaceous, glabrous; costa raised below, glabrous; veins pinnate, all free. Sori usually on basal anterior veinlets, often also on basal posterior ones, usually diplazioid; indusia pale brown, thin but firm, persistent.",general,EN,"M. Tagawa, K. Iwatsuki",,Forest Herbarium,2021-07-31,Rachun Pooma,ref-THA-0000154711,3,3,"Diplazium subintegrum. Flora of Thailand. Vol. 3. Part 3, 1988. Pg. 458. Accessed 2021-07-31",All rights reserved,Forest Herbarium,https://botany.dnp.go.th/eflora/floraspecies.html?tdcode=F0635
wfo-0001107293,"Rhizome long-creeping, 1–1.5 mm diam., scaly throughout; scales narrowly subtriangular with long tails, 2.5–3 by up to 0.8 mm, concolorous, brown to darker, entire. Stipe up to 12 cm long, stramineous to darker, scaly at base, glabrous upwards. Lamina simple, narrowly lanceolate, attenuate towards both apex and base, subentire to crenate at margin, up to 20 by 1.8 cm; coriaceous, glabrous; midrib raised beneath, slightly grooved on upper surface, glabrous; veins 2–5 in each group, forming angles of 70&#176;–80&#176; to midrib, reaching to margin. Sori elongate along veins, on acroscopic or on both sides of veinlets, usually elongate from near midrib to near the margin; indusia not so thin, pale green or brown when dry.",general,EN,"M. Tagawa, K. Iwatsuki",,Forest Herbarium,2021-07-31,Rachun Pooma,ref-THA-0001107293,3,3,"Diplazium subsinuatum. Flora of Thailand. Vol. 3. Part 3, 1988. Pg. 453. Accessed 2021-07-31",All rights reserved,Forest Herbarium,https://botany.dnp.go.th/eflora/floraspecies.html?tdcode=F0625
wfo-0001116778,"Rhizome erect; scales dark brown, up to 15 by 1.2 mm, toothed. Stipe about 50 cm long, scaly below. Frond subdeltoid, about 60 by 55 cm, bipinnate; lower pinnae oblong with acuminate apex, up to 30 by 15 cm; larger pinnules distinctly stalked, subtriangular, broadly cuneate at base, gradually narrowing towards acute apex, lobed ⅓ way to costule, up to 8 by 1.8 cm; lobes subquadrangular, moderately rounded to obtuse at apex, indistinctly serrate; softly papyraceous; dark green, paler beneath; veins pinnate, veinlets all simple. Sori oblong, usually along middle or posterior portion of veinlets, medial or submariginal.",general,EN,"M. Tagawa, K. Iwatsuki",,Forest Herbarium,2021-07-31,Rachun Pooma,ref-THA-0001116778,3,3,"Diplazium taiwanense. Flora of Thailand. Vol. 3. Part 3, 1988. Pg. 462–463. Accessed 2021-07-31",All rights reserved,Forest Herbarium,https://botany.dnp.go.th/eflora/floraspecies.html?tdcode=F0644
wfo-0001255199,"Rhizome short, erect or ascending, bearing wiry roots; scales narrow, up to 4 by 0.6 mm, concolorous, dark brown, subentire or irregularly waved at margin. Stipe stramineous with dark castaneous lower portion, up to 35 cm long on soriferous fronds and 15 cm on sterile ones. Frond pinnate-bipinnatifid, oblong-subdeltoid, attenuate at apex, with deflexed basal pinnae, up to 30 by 12 cm; rachis densely covered with short coarse multicellular hairs with brown septa; lowest pinnae deflexed, lanceolate, shortly stalked, auricled at acroscopic base, up to 7 by 2 cm; lower and middle pinnae shortly stalked, patent, acute to acuminate at apex, auricled at acroscopic and rounded to cuneate at basiscopic bases, lobed ⅕–⅔ way to costa, upper pinnae sessile to adnate at base; lobes oblique, oblong, moderately acute at apex, toothed, up to 10 by 4 mm; chartaceous, deep green, dark when dry, veins pinnate, veinlets simple or forked. Sori on practically all veinlets of tall soriferous frond, usually only on basal acroscopic veinlets; indusia firm, persistent.",general,EN,"M. Tagawa, K. Iwatsuki",,Forest Herbarium,2021-07-31,Rachun Pooma,ref-THA-0001255199,3,3,"Diplazium tomentosum. Flora of Thailand. Vol. 3. Part 3, 1988. Pg. 457. Accessed 2021-07-31",All rights reserved,Forest Herbarium,https://botany.dnp.go.th/eflora/floraspecies.html?tdcode=F0633
wfo-0000154759,"Similar to imparipinnate form of <i>D. cordifolium</i> differing in: frond larger, with 5–9 pairs of lateral pinnae; lateral pinnae narrowly cuneate at base, sessile or very shortly stalked, the margin crenate in posterior portion, the apex caudate; veins sparse, occasionally anastomosing but never copiously; gemmae on rachis rare.",general,EN,"M. Tagawa, K. Iwatsuki",,Forest Herbarium,2021-07-31,Rachun Pooma,ref-THA-0000154759,3,3,"Diplazium xiphophyllum. Flora of Thailand. Vol. 3. Part 3, 1988. Pg. 454. Accessed 2021-07-31",All rights reserved,Forest Herbarium,https://botany.dnp.go.th/eflora/floraspecies.html?tdcode=F0627
wfo-0001115265,"Rhizome short-creeping; scales light brown, linear, entire, about 10 by 1 mm. Stipe stramineous, up to 30 cm in sterile and 50 cm in fertile fronds, densely scaly at base, sparsely clad with linear scales. Frond bipinnate, distinctly dimorphic; sterile lamina oblong-subdeltoid, acuminate at apex, up to 45 by 30 cm; rachis glabrescent or minutely scaly, grooved above; lateral pinnae up to 10 pairs, basal pinnae the largest or slightly smaller than the next above, slightly falcate, oblong-lanceolate, caudately acuminate at apex, narrowing toward stalked base, pinnate, up to 25 by 7 cm; pinna-rachis grooved above, winged throughout; pinnules oblong, falcate, acute to moderately acute at apex, up to 4 by 1.3 cm, shallowly lobed at margin; lobes oblique, slightly toothed; herbaceous to softly papyraceous, light green, glabrous, veins bipinnate; fertile lamina oblong or narrowly subdeltoid, up to 50 by 15 cm; pinna ascending, linear, up to 10 by 1.5 cm; pinnules oblong, round at apex, truncate and shortly stalked or adnate at base, up to 10 by 5 mm; veins pinnate, veinlets simple or forked. Sori in one row between midrib and margin; indusia large, up to 2 mm diam., very close to each other or slightly imbricate, glabrous.",general,EN,"M. Tagawa, K. Iwatsuki",,Forest Herbarium,2021-07-31,Rachun Pooma,ref-THA-0001115265,3,3,"Dryopteris cochleata. Flora of Thailand. Vol. 3. Part 3, 1988. Pg. 347–348. Accessed 2021-07-31",All rights reserved,Forest Herbarium,https://botany.dnp.go.th/eflora/floraspecies.html?tdcode=F0488
wfo-0001116951,"Rhizome short-creeping, about 2 mm diam., densely scaly in younger portion; scales narrowly elliptic, gradually narrowing towards hair-pointed apex, up to 6 by 1.2 mm, concolorous brown, entire. Stipe stramineous, scaly at base, glabrescent upwards, distinctly grooved above, up to 40 cm long, much longer than lamina. Lamina pentagonal in outline, tripinnate-quadripinnatifid, 13–23 cm long and wide; basal pinna much the largest, unequally oblong-subtriangular, up to 13 by 9 cm, stalks 2.5 cm long; upper pinnae gradually becoming smaller upwards, oblong-subtriangular; basal posterior pinnule of lowest pinna large, about 6 by 2 cm; pinnules oblong, moderately acute at apex, rounded to broadly cuneate at base; costules winged, grooved above, bearing linear scales usually with one row of cells; secondary pinnules or pinnules of smaller pinnae oblong, rounded at apex, ultimate lobes oblique, oblong, rounded or moderately acute at apex; thinly papyraceous, orange-yellow glandular hairs on midrib and on veins, often also on laminar surface beneath. Sori dorsal on veinlets, usually near midrib, indusia thin, fugacious, up to 0.7 mm diam.",general,EN,"M. Tagawa, K. Iwatsuki",,Forest Herbarium,2021-07-31,Rachun Pooma,ref-THA-0001116951,3,3,"Dryopteris gymnophylla. Flora of Thailand. Vol. 3. Part 3, 1988. Pg. 353. Accessed 2021-07-31",All rights reserved,Forest Herbarium,https://botany.dnp.go.th/eflora/floraspecies.html?tdcode=F0493
wfo-0001122468,"Rhizome massive, erect. Stipe shining red-brown, muricate, about 80 cm long, grooved above, densely scaly throughout; scales linear, about 1 cm long, up to 0.8 mm wide, shining red-brown. Lamina oblong-subdeltoid to widely subdeltoid, moderately acute at apex, about 90 by 70 cm, tri-to quadri-pinnate; pinnae several pairs, basal pinnae the largest, asymmetrically oblong-subtriangular, acuminate at apex, 65 by 25 cm; pinna-rachis minutely scaly, grooves decurrent; pinnules of large pinna like upper pinnae, subtriangular-lanceolate, broadly cuneate at base, gradually narrowing upwards to acuminate apex, stalked at base, up to 15 by 6 cm; secondary pinnules of larger pinnule broadly cuneate at sessile base, round to moderately acute at apex, oblong-subdeltoid, falcate, up to 2.5 by 1 cm, deeply lobed nearly to costa; ultimate segments narrowly oblong, oblique, round at slightly toothed apex; papyraceous to chartaceous, deep green on upper surface, bearing coarse multicellular hairs on higher axes above. Sori dorsal on veinlets, costular; indusia round-reniform, covering the sori when young, seated underneath sori at maturity.",general,EN,"M. Tagawa, K. Iwatsuki",,Forest Herbarium,2021-07-31,Rachun Pooma,ref-THA-0001122468,3,3,"Dryopteris hendersonii. Flora of Thailand. Vol. 3. Part 3, 1988. Pg. 350. Accessed 2021-07-31",All rights reserved,Forest Herbarium,https://botany.dnp.go.th/eflora/floraspecies.html?tdcode=F0490
wfo-0001116277,"Rhizome short, erect; oblong-lanceolate with long tail, up to 25 by 5 mm, brown to dark, membranous, entire. Stipe stramineous, densely scaly at base, more sparsely upwards, up to 60 cm long. Lamina pinnate, lanceolate, caudate-acute at apex, slightly narrowing at base, up to 85 by 45 cm; rachis grooved on upper surface, densely scaly throughout with narrow, brown to nearly black scales up to 8 mm long; pinnae more than 20 pairs, lower pinnae falcate, linear-lanceolate, caudate-attenuate, truncate or subcordate at base, subsessile or very shortly stalked, up to 20 by 2 cm, lobed to quarter way towards costa, upper pinnae gradually becoming smaller upwards, decurrent at base; costa nearly at right angle to rachis, distinctly raised on lower surface, grooved above; lobes subdeltoid, oblique, round to acute at apex, entire, up to 5 by 6 mm; chartaceous, deep green, glabrous. Sori in two or three indistinct rows near costa, leaving marginal half of lamina sterile, indusiate; indusia round-reniform, small, fugacious, glabrous.",general,EN,"M. Tagawa, K. Iwatsuki",,Forest Herbarium,2021-07-31,Rachun Pooma,ref-THA-0001116277,3,3,"Dryopteris hirtipes. Flora of Thailand. Vol. 3. Part 3, 1988. Pg. 347. Accessed 2021-07-31",All rights reserved,Forest Herbarium,https://botany.dnp.go.th/eflora/floraspecies.html?tdcode=F0487
wfo-0001115065,"Rhizome short, erect, scaly. Stipe dark stramineous, densely scaly; scales nearly black, linear, about 20 by 1.2 mm. Lamina oblong with acuminate apex, bipinnate or tripinnatifid in lower part, about 35 by 25 cm; lower 5–6 pairs of lateral pinnae similar to each other in size, oblong-lanceolate with caudate-acuminate apex and broadly cuneate base, 10–13 by 5 cm, with stalks 3–10 mm long; upper pinnae rather suddenly becoming smaller, sessile to adnate at base, pinnatifid to subentire; pinna-rachis densely covered with bullate scales brown with dark brown tails; pinnules patent or slightly ascending, oblong-subdeltoid, round to moderately acute at apex, cordate and shortly stalked or broadly cuneate and sessile or adnate in smaller ones, slightly auricled on both bases, pinnatisect at basal part of larger ones, up to 3 by 1 cm, lobes gradually shallower upwards; papyraceous, green. Sori dorsal on veinlets, medial or a little nearer margin, scattered from basal middle portion of frond; indusia round-reniform, about 0.7 mm diam., glabrous.",general,EN,"M. Tagawa, K. Iwatsuki",,Forest Herbarium,2021-07-31,Rachun Pooma,ref-THA-0001115065,3,3,"Dryopteris integriloba. Flora of Thailand. Vol. 3. Part 3, 1988. Pg. 354. Accessed 2021-07-31",All rights reserved,Forest Herbarium,https://botany.dnp.go.th/eflora/floraspecies.html?tdcode=F0495
wfo-0001123005,"Rhizome short, erect, densely scaly at apex; scales dark brown, linear, entire, up to 10 by 1 mm. Stipe dark stramineous or pale brown, densely scaly at base, sparsely minutely scaly upwards, about 40 cm long. Lamina oblong with acuminate apex, bipinnate, 35–50 by 25–30 cm; lateral pinnae 4–6 pairs, 3–8 cm apart, subopposite, patent or ascending, very shortly stalked or subsessile, lanceolate, gradually narrowing towards caudate-acuminate apex, subtruncate or rounded at base, up to 18 by 4 cm, basal pinnules slightly shorter; upper pinnae suddenly shortened to form indistinct apical pinna, subtriangular in outline, acuminate at apex; pinna-rachis with dark brown bullate scales; pinnules subquadrangular, oblique of falcate, obtuse at apex, subtruncate at base in larger ones, decurrent into smaller ones, serrate at margin, up to 2 by 0.8 cm; midrib of pinnules underneath and sometimes veins also sparsely hairy with shining brown, short, unicellular hairs, glabrous on laminar surface. Sori dorsal on veinlets, medial or costular; indusia up to 1 mm diam., glabrous.",general,EN,"M. Tagawa, K. Iwatsuki",,Forest Herbarium,2021-07-31,Rachun Pooma,ref-THA-0001123005,3,3,"Dryopteris neoassamensis. Flora of Thailand. Vol. 3. Part 3, 1988. Pg. 355. Accessed 2021-07-31",All rights reserved,Forest Herbarium,https://botany.dnp.go.th/eflora/floraspecies.html?tdcode=F0496
wfo-0001123006,"Rhizome short, ascending; scales dense, membranous, light brown, more than 1 cm long, up to 1.2 mm broad. Stipes few at apex of rhizome, stramineous, about 8 cm long, scaly throughout; scales not very dense, lanceolate, up to 8 by 0.8 mm, gradually becoming smaller upwards. Lamina bipinnatifid, oblong-lanceolate, gradually narrowing towards both ends, 20–25 by 8–12 cm at widest middle portion; pinnae about a dozen pairs, lower pinnae slightly reduced, more or less reflexed, middle ones sessile, slightly falcate, acuminate at apex, broadly cuneate to subtruncate at base, narrowly oblong, up to 4 by 1.2 cm, deeply lobed nearly to costa; lobes oblong, slightly oblique, round to obtuse at apex and slightly toothed at apical margin, about 5 by 4 mm; papyraceous, glabrous; veins pinnate, veinlets simple or forked. Sori in a single row very close to costa; indusia large, about 2 mm diam., perfectly covering and embracing the sori, breaking down irregularly at maturity.",general,EN,"M. Tagawa, K. Iwatsuki",,Forest Herbarium,2021-07-31,Rachun Pooma,ref-THA-0001123006,3,3,"Dryopteris neochrysocoma. Flora of Thailand. Vol. 3. Part 3, 1988. Pg. 348–350. Accessed 2021-07-31",All rights reserved,Forest Herbarium,https://botany.dnp.go.th/eflora/floraspecies.html?tdcode=F0489
wfo-0001117000,"Rhizome short, ascending or suberect, scales light brown, entire, up to 18 by 2 mm. Stipe stramineous, scaly at base with the scales similar to those on rhizome, more sparsely scaly upwards with smaller ones, up to 50 cm long. Lamina oblong with acuminate apex, bipinnate, up to 35 by 28 cm; 5 or 6 lower lateral pinnae nearly equal in size or slightly smaller upwards, with stalks of 1–2.5 cm long, narrowly subtriangular with acuminate apex, unequally broadly cuneate at base, 10–12 by 5.5 cm; upper pinnae rather suddenly shortened, very shortly stalked, sessile or adnate at base, oblong-subdeltoid with acute apex, shallowly lobed at margin; pinnules oblong-subdeltoid, rounded at apex, round or cuneate at base or acroscopically auricled in larger ones, up to 3 by 1.2 cm, serrate at margin; papyraceous, not very thick or harsh, deep green. Sori dorsal on veinlets, medial or just beyond midway from midrib to margin of pinnule, in one row, exindusiate.",general,EN,"M. Tagawa, K. Iwatsuki",,Forest Herbarium,2021-07-31,Rachun Pooma,ref-THA-0001117000,3,3,"Dryopteris polita. Flora of Thailand. Vol. 3. Part 3, 1988. Pg. 353–354. Accessed 2021-07-31",All rights reserved,Forest Herbarium,https://botany.dnp.go.th/eflora/floraspecies.html?tdcode=F0494
wfo-0001115269,"Rhizome short, massive. Stipe stramineous, up to 1 cm at base, about 50 cm long, densely scaly at base, sparsely clad with small scales or glabrescent upwards, grooved above; scales thin but firm, about 25 by 5 mm, brown, entire. Lamina oblong-subdeltoid, acute at apex, 60 by 50 cm, tripinnate; rachis very sparsely and minutely scaly, grooved above; pinnae about 10 pairs, patent or ascending, basal pinna the largest, oblong-subtriangular, up to 40 by 15 cm; pinna-rachis narrowly winged in slender portion, grooves decurrent into those of rachis; segments oblong, oblique, 15 by 5 mm, rounded and serrate, cuneate and sessile or adnate at base, lobed to halfway, lobes round-subtriangular, acuminate or acute at apex, up to 3 mm long and wide; chartaceous, light green on upper surface, midrib and veins impressed above, distinct beneath, veins ending in large globose hydathodes within the margin of lobes; paler beneath, lower midrib surface with numerous large stomata, margin cartilaginous. Sori dorsal on veinlets, large, costular or medial; indusia large, round-reniform, about 1.7 mm diam, persistent.",general,EN,"M. Tagawa, K. Iwatsuki",,Forest Herbarium,2021-07-31,Rachun Pooma,ref-THA-0001115269,3,3,"Dryopteris porosa. Flora of Thailand. Vol. 3. Part 3, 1988. Pg. 350–352. Accessed 2021-07-31",All rights reserved,Forest Herbarium,https://botany.dnp.go.th/eflora/floraspecies.html?tdcode=F0491
wfo-0001123023,"Rhizome short, ascending or suberect; scales castaneous, thin but coarse, up to 12 by 1.5 mm. Stipe castanous and densely scaly at base, stramineous and sparsely scaly upwards, about 30 cm long. Lamina subtriangular, acuminate at apex, tripinnatifid at base, about 30 by 20 cm; rachis bearing dense, linear, small, dark brown scales; lateral pinnae about 5 pairs, similar to each other in shape and size, narrowly subtriangular, gradually narrowing towards acuminate apex, broadly truncate at distinctly stalked base, up to 15 by 7 cm; upper pinnae rather suddenly becoming smaller forming indistinct apical part of frond; pinna-rachis with small linear scales and brown partially bullate ones, grooved above; basal pinnules larger, narrowly subtriangular, up to 6 by 2 cm, pinnate, posterior pinnules oblong-subdeltoid, serrate or lobed at margin; segments of larger pinnules like smaller pinnules; chartaceous, deep green. Sori dorsal on veinlets, subcostular or medial; indusia fugacious, persistent, brown, up to 1 mm diam.",general,EN,"M. Tagawa, K. Iwatsuki",,Forest Herbarium,2021-07-31,Rachun Pooma,ref-THA-0001123023,3,3,"Dryopteris pseudosparsa. Flora of Thailand. Vol. 3. Part 3, 1988. Pg. 356. Accessed 2021-07-31",All rights reserved,Forest Herbarium,https://botany.dnp.go.th/eflora/floraspecies.html?tdcode=F0498
wfo-0001107309,"Rhizome short, erect; scales dense, linear-subtriangular with cordate base and long-tailed apex, up to 15 by 2 mm, dark brown to nearly black, entire. Stipe stramineous, densely scaly at base, more sparsely upwards, up to 30 cm long. Lamina pinnate, oblong-lanceolate, widest at base or just above it, about 45 cm long; rachis grooved above, scaly throughout with narrow, nearly black scales about 5 by 0.2 mm; lateral pinnae usually about 10 pairs, lower pinnae lanceolate, about 12 by 2.7 cm, acuminate at apex, broadly cuneate at sessile base, lobed to ⅕ way towards costa, upper ones becoming smaller, fused to each other to form indistinct apical portion of frond; costa distinct on lower surface, grooved above, glabrous or minutely scaly beneath; lobes subdeltoid, rounded at apex, with a few teeth at margin, up to 4 by 6 mm; chartaceous, green, glabrous; veins pinnate, veinlets simple. Sori in a few indistinct rows near costa, leaving marginal ⅓ of pinna sterile, naked.",general,EN,"M. Tagawa, K. Iwatsuki",,Forest Herbarium,2021-07-31,Rachun Pooma,ref-THA-0001107309,3,3,"Dryopteris scottii. Flora of Thailand. Vol. 3. Part 3, 1988. Pg. 346–347. Accessed 2021-07-31",All rights reserved,Forest Herbarium,https://botany.dnp.go.th/eflora/floraspecies.html?tdcode=F0486
wfo-0001115069,"Rhizome short, erect; scales membranous, light brown or the centre dark brown, oblong-ovate, about 10 by 8 mm. Stipe castaneous at least towards base, stramineous above, densely scaly at base, sparsely so above, up to 35 cm long. Lamina oblong-subdeltoid, acuminate at apex, bipinnate or tripinnate at widest base, up to 50 by 25 cm; basal pinnae the largest, asymmetrically subtriangular, acuminate at apex, up to 20 by 12 cm; middle pinnae falcate, stalked, subtriangular-lanceolate; pinnules oblong, slightly falcate, rounded or moderately acute at apex, unequally cuneate at sessile base or decurrent at base in upper ones, up to 30 by 8 mm, lobed ⅓ way to midrib; basal acroscopic pinnule of lower pinnae large, about twice as large as the next one, pinnate; lobes oblong, oblique, rounded or moderately acute at apex, serrate at margin; papyraceous to chartaceous, deep green above, pale beneath; veins pinnate, veinlets simple, ending within margin of lobes. Sori costular or medial; indusia large, about 1.5 mm diam., glabrous.",general,EN,"M. Tagawa, K. Iwatsuki",,Forest Herbarium,2021-07-31,Rachun Pooma,ref-THA-0001115069,3,3,"Dryopteris sparsa. Flora of Thailand. Vol. 3. Part 3, 1988. Pg. 352–353. Accessed 2021-07-31",All rights reserved,Forest Herbarium,https://botany.dnp.go.th/eflora/floraspecies.html?tdcode=F0492
wfo-0001116406,"Rhizome short, erect, densely scaly at apex; scales linear, entire, 7–10 by 0.7 mm, nearly black. Stipe dark stramineous to pale brown, densely scaly at base, sparsely upwards, upper scales smaller, 20–30 cm long. Lamina oblong-ovate with acuminate apex, 20–30 by about 20 cm, bipinnate to tripinnatifid at base; rachis like the upper part of stipe, with linear scales, grooved above; pinnae subopposite, 4–5 pairs below and indistinct apical pinna, shortly stalked, narrowly subtriangular, caudate-acuminate at apex, subtruncate to broadly cuneate at base, up to 12 by 4 cm; pinna-rachis bullate-scaly, slightly ascending; pinnules oblong to oblong-subdelotid, rounded to obtuse at apex, broadly cuneate and auricled on both sides at base, up ot 2.5 by 1 cm, lobed almost to the base in larger ones, light green in living condition, drying brown; softly papyraceous, rather thin but coarse. Sori dorsal on veinlets, medial; indusia about 0.7 mm diam., fugacious.",general,EN,"M. Tagawa, K. Iwatsuki",,Forest Herbarium,2021-07-31,Rachun Pooma,ref-THA-0001116406,3,3,"Dryopteris subtriangularis. Flora of Thailand. Vol. 3. Part 3, 1988. Pg. 355–356. Accessed 2021-07-31",All rights reserved,Forest Herbarium,https://botany.dnp.go.th/eflora/floraspecies.html?tdcode=F0497
wfo-0001119694,"Rhizome long-creeping, bearing fronds remotely, up to 3 mm diam., dark, scaly throughout; scales light-brown, membranous, ovate-oblong or more or less irregular in shape, up to 4 by 3 mm, concolorous and entire. Sterile frond: stipe 10–15 cm long, stramineous with dark base, very narrowly winged on upper part, densely scaly at base, scales more sparse upwards, like those on rhizome; lamina oblong lanceolate, acute to acuminate at apex, gradually narrowing towards base, 12–20 cm long, 2–3.5 cm wide; midrib distinctly raised on both surfaces, naked or seldom scaly; veins simple or forked, parallel, more or less distinct on both surfaces, the apex ending inside the narrow cartilaginous strands at margin; coriaceous, deep-green, glabrous or very rarely minutely scaly on under surface of fronds. Fertile frond (not seen for Thai plants), lamina oblong, gradually narrowing upwards to acute apex, narrowly round at base.",general,EN,"M. Tagawa, K. Iwatsuki",,Forest Herbarium,2021-07-31,Rachun Pooma,ref-THA-0001119694,3,3,"Elaphoglossum angulatum. Flora of Thailand. Vol. 3. Part 3, 1988. Pg. 305–306. Accessed 2021-07-31",All rights reserved,Forest Herbarium,https://botany.dnp.go.th/eflora/floraspecies.html?tdcode=F0428
wfo-0000146928,"Rhizome creeping, about 4 mm diam., densely covered with scales; scales ovate to ovate-oblong, membranous, usually appressed, brown, 4–6 by 1.5–2.2 mm, with irregular projections at margin. Sterile frond: stipe stramineous to pale castaneous, winged on upper part, 3–10 cm long, scales at the base dense like those on rhizome, becoming more sparse upwards and smaller not appressed; lamina linear-lanceolate, narrowing towards acute to acuminate apex, very gradually narrowing and long attenuate at base, 7–16 by 0.5–1 cm, often involute at margin; midrib raised on both surfaces, very sparsely scaly below; veins obscure on both surfaces, the apex ending inside the very narrow and usually involute cartilaginous margin; coriaceous, pale green in living plants, brown in dried specimens, naked on upper surface, minutely scaly underneath with irregular dark brown appressed scales. Fertile frond: sitpe 6–11 cm long; lamina similar to sterile ones both in shape and size.",general,EN,"M. Tagawa, K. Iwatsuki",,Forest Herbarium,2021-07-31,Rachun Pooma,ref-THA-0000146928,3,3,"Elaphoglossum dumrongii. Flora of Thailand. Vol. 3. Part 3, 1988. Pg. 309. Accessed 2021-07-31",All rights reserved,Forest Herbarium,https://botany.dnp.go.th/eflora/floraspecies.html?tdcode=F0433
wfo-0001257370,"Rhizome short, densely covered with scales; scales brown, membranous, oblong-lanceolate, up to 1.7 by 0.4 cm, entire or with irregular projections at margin. Sterile frond; stipe 8–12 cm long, stramineous with dark base, slightly winged on upper part, scales at base dense like those on rhizome becoming more sparse upwards; lamina oblong-lanceolate to linear-lanceolate, gradually narrowing towards both end, 20–40 by 2.5–5.5 cm, entire, narrowly marginate with cartilaginous membrane; midrib raised on both surfaces, very sparsely minutely scaly or glabrescent; coriaceous, veins visible on both surfaces, green, usually brownish in dried specimens. Fertile frond: stipe 12–17 cm long; lamina elliptic, gradually narrowing towards both ends, 12–17 cm long, about 2.5 cm broad.",general,EN,"M. Tagawa, K. Iwatsuki",,Forest Herbarium,2021-07-31,Rachun Pooma,ref-THA-0001257370,3,3,"Elaphoglossum malayense. Flora of Thailand. Vol. 3. Part 3, 1988. Pg. 308–309. Accessed 2021-07-31",All rights reserved,Forest Herbarium,https://botany.dnp.go.th/eflora/floraspecies.html?tdcode=F0432
wfo-0001125335,"Rhizome very short, bearing very close fronds; scales brown or darker, linear, up to 7 by 2 mm, with irregular projections at margin. Sterile frond: stipe up to 8 cm long, stramineous, narrowly winged, densely scaly at base with scales like those on rhizome, sparsely clad with narrower scales above; lamina oblong-lanceolate, up to 30 by 3.7 cm, gradually narrowing toward acute apex, the base narrowly round or attenuate, decurrent to wings of stipe, marginal cartilaginous membrane up to 1 mm wide, usually involute; midrib raised on both surfaces, sparsely scaly underneath, veins forked, parallel, hardly visible; coriaceous, green, minutely scaly on both surfaces. Fertile frond: stipe up to 20 cm long, thicker than sterile ones of the same plant; lamina about 25 by 2.5 cm.",general,EN,"M. Tagawa, K. Iwatsuki",,Forest Herbarium,2021-07-31,Rachun Pooma,ref-THA-0001125335,3,3,"Elaphoglossum marginatum. Flora of Thailand. Vol. 3. Part 3, 1988. Pg. 308. Accessed 2021-07-31",All rights reserved,Forest Herbarium,https://botany.dnp.go.th/eflora/floraspecies.html?tdcode=F0431
wfo-0001257340,"Rhizome short-creeping, about 5 mm diam., bearing close fronds, densely scaly near apex; scales dark brown, narrow, thin, narrowing towards tapered apex, up to 7 by 1.2 mm, bearing aciculated teeth irregularly at margin. Sterile frond: stipe very short, confined to the portion below the joint; lamina up to 40 by 6.5 cm, widest at ⅓ below apex, gradually narrowing towards base, shortly tapered towards broadly blunt-pointed apex; coriaceous, cartilaginous membrane at edge narrow, veins more or less visible on both surfaces, caducous scaly beneath, scales reduced consisting of only two rows of cells. Fertile frond: stipe up to 15 cm long, scaly, narrowly winged on upper portion; lamina up to 30 by 3.5 cm.",general,EN,"M. Tagawa, K. Iwatsuki",,Forest Herbarium,2021-07-31,Rachun Pooma,ref-THA-0001257340,3,3,"Elaphoglossum melanostictum. Flora of Thailand. Vol. 3. Part 3, 1988. Pg. 306. Accessed 2021-07-31",All rights reserved,Forest Herbarium,https://botany.dnp.go.th/eflora/floraspecies.html?tdcode=F0429
wfo-0001125331,"Rhizome short-creeping, densely scaly throughout; scales light brown, up to 7 by 0.7 mm, persistent, subentire or with irregular teeth at margin. Sterile frond: stipe stramineous, 5–10(–20) cm in length densely scaly throughout; scales various, more or less falcate, gradually narrowing toward both ends, 20–50 by 1.5–3 cm; midrib raised on both surfaces, densely covered with scales; veins simple or a few times forked, parallel, the apex ending at margin of frond, hardly visible on both surfaces or distinct on lower surface in dried specimens; papyraceous, deep green, densely covered on both surfaces with brown long-armed stellate scales, upper surface of lamina often glabrescent. Fertile frond lower than the sterile one; stipe like those of the sterile fronds, longer; lamina linear, acute at apex, 20–35 by 1–1.5 cm, densely covered with stellate scales on upper surface.",general,EN,"M. Tagawa, K. Iwatsuki",,Forest Herbarium,2021-07-31,Rachun Pooma,ref-THA-0001125331,3,3,"Elaphoglossum stelligerum. Flora of Thailand. Vol. 3. Part 3, 1988. Pg. 304. Accessed 2021-07-31",All rights reserved,Forest Herbarium,https://botany.dnp.go.th/eflora/floraspecies.html?tdcode=F0426
wfo-0001125334,"Rhizome short, densely scaly throughout; scales brown or light brown, shining, linear, up to 10 by 1 mm, with irregular teeth or projections at margin. Sterile frond of two sizes: larger ones a few on a plant; stipe about 10 cm long, stramineous or darker, densely scaly at base, sparsely so on the remainder with narrow dark scales; lamina elliptic, gradually narrowing towards both ends, acute at apex, the base decurrent to very narrow wings on the upper part of stipe, about 25 by 5.5–7 cm; midrib distinctly raised on lower surface, veins forked, distinct on both surfaces, the apex ending inside the narrow cartilaginous margin; coriaceous, pure green, very sparsely scaly on lower surface; smaller sterile frond many on a plant; stipe 3–6 cm long, winged on upper part; lamina oblong, acute at apex, round at base, 6–15 by 2.5–4 cm. Fertile frond: lower than the larger sterile fronds but higher than the smaller sterile ones; stipe about 10 cm long, winged at uppermost part; lamina broadest at middle, gradually narrowing towards both ends, up to 12 by 2.5 cm.",general,EN,"M. Tagawa, K. Iwatsuki",,Forest Herbarium,2021-07-31,Rachun Pooma,ref-THA-0001125334,3,3,"Elaphoglossum subellipticum. Flora of Thailand. Vol. 3. Part 3, 1988. Pg. 306–308. Accessed 2021-07-31",All rights reserved,Forest Herbarium,https://botany.dnp.go.th/eflora/floraspecies.html?tdcode=F0430
wfo-0001117292,"Rhizome creeping, with fronds close together, densely scaly; scales light brown, membranous, appressed, ovate or somewhat irregular in outline, up to 10 by 6 mm. Sterile frond: stipe 7–9 cm long, narrowly winged throughout except for the basal portion, stramineous with dark base, densely scaly throughout, scales light brown, membranous, oblong-ovate with acute apex, up to 10 by 7 mm; lamina oblong-lanceolate, 20–26 by 3.5–5 cm, moderately acute at apex, gradually narrowing towards base and narrowly decurrent into the wings of stipe, subentire, narrowly cartilaginous at margin; midribs raised on upper surface, scaly; veins simple or forked, more or less distinct on both surfaces, the apex ending inside the margin; coriaceous, green in colour, the lower surface scaly. Fertile frond lower than the sterile ones; stipe longer, up to 12 cm long; lamina oblong. Moderately acute at apex, rather suddenly narrowing at base, about 11 by 2.6 cm.",general,EN,"M. Tagawa, K. Iwatsuki",,Forest Herbarium,2021-07-31,Rachun Pooma,ref-THA-0001117292,3,3,"Elaphoglossum yoshinagae. Flora of Thailand. Vol. 3. Part 3, 1988. Pg. 305. Accessed 2021-07-31",All rights reserved,Forest Herbarium,https://botany.dnp.go.th/eflora/floraspecies.html?tdcode=F0427
wfo-0001267042,"Rhizome short, suberect, scales lanceolate, up to 8 by 1 mm, stiff, entire, dark-brown. Fronds distinctly dimorphic. Sterile frond: stipe 10–30 cm long, densely scaly at base, pubescent throughut, deeply castaneous to purplish; lamina oblong-subdeltoid, bipinnatifid, 15–25 cm long and wide; rachis like the upper part of stipe, very densely pubescent, gemmiferous at base of the uppermost or second upper pinna; lateral pinnae about 5 below pinnatifid indistinct apical portion; basal pinnae the largest, oblong-lanceolate, caudate at apex, unequally cuneate at base, up to 12 by 4 cm, middle pinnae sessile or adnate, caudate-acuminate at apex, subtruncate to broadly cuneate at base, lobed to half way towards costa; segments oblong to oblong-lanceolate, oblique to falcate, rounded to moderately acute at apex, entire; papyraceous, deep green, glabrous; costa densely pubescent, veins pinnate, veinlets simple or rarely forked, basal veinlets forming costal areoles, other veinlets free. Fertile frond: stipe longer, 20–45 cm long; lamina bipinnatifid, pinnae and segments much contracted. Sori round or extending along veins; indusia fairly large, glabrous.",general,EN,"M. Tagawa, K. Iwatsuki",,Forest Herbarium,2021-07-31,Rachun Pooma,ref-THA-0001267042,3,3,"Heterogonium alderwereltii. Flora of Thailand. Vol. 3. Part 3, 1988. Pg. 363. Accessed 2021-07-31",All rights reserved,Forest Herbarium,https://botany.dnp.go.th/eflora/floraspecies.html?tdcode=F0508
wfo-0001267031,"Rhizome short, ascending or suberect; scales oblong, gradually narrowing towards tailed apex, dark brown, stiff, paler and somewhat ferrugineous at margin, hairy, up to 3 by 1 mm. Stipe deep purple, polished, 20–40 cm long, minutely pubescent throughout. Lamina bipinnatifid, oblong-lanceolate, acuminate at apex, up to 40 by 35 cm, lateral pinnae about 10 pairs, sessile, lanceolate, caudate at apex, truncate at base, deeply lobed nearly to costa; basal pinna 7–5 by up to 5 cm; middle pinnae up to 12 by 3.5 cm, upper ones gradually becoming smaller, adnate at base, forming indistinct apical portion; pinnules oblong to oblong-subdeltoid, rounded to acute at apex, entire or crenulate in larger ones, herbaceous, deep green, hairy on both surfaces, costules and veins hairy, veinlets forked; hairs on upper surface of sterile pinna dense, of two kinds, the larger ones about 1.5 mm long, 4–9 celled, more or less articulated, the shorter one slender, 0.2–0.4 mm long, unicellular to 3-celled. Sori dorsal on veinlets, medial, round indusiate; indusia small, fugacious, densely hairy.",general,EN,"M. Tagawa, K. Iwatsuki",,Forest Herbarium,2021-07-31,Rachun Pooma,ref-THA-0001267031,3,3,"Heterogonium gurupahense. Flora of Thailand. Vol. 3. Part 3, 1988. Pg. 361–362. Accessed 2021-07-31",All rights reserved,Forest Herbarium,https://botany.dnp.go.th/eflora/floraspecies.html?tdcode=F0505
wfo-0000143584,"Frond subdimorphic. Sterile frond: stipe about 35 cm long, dark brown to castaneous, scaly near base; scales oblong, gradually narrowing towards tailed apex, dark brown to nearly black, hairy, more than 1 cm by up to 2 mm. Lamina oblong-lanceolate, pinnate with deeply lobed pinnae, up to 35 cm wide near base; lateral pinnae sessile or very shortly stalked in basal ones, mostly straight and ascending, broadest in middle, gradually narrowing towards attenuate apex, up to 20 by 3.2 cm, ultimate segments broadly oblong, oblique, a little falcate, rounded at apex, subentire or minutely waved at margin, up to 12 by 7 mm; papyraceous, dark green; veins in segments simple or forked. Fertile frond: stipe up to 30 cm long; lamina oblong-lanceolate, pinnate with deeply lobed pinnae, up to 60 by 25 cm; segments oblong, oblique to subquadrangular, rounded to obtuse at apex, subentire to dentate; sori dorsal on veinlets, medial, round, indusiate; indusia round-reniform, thin, fugacious.",general,EN,"M. Tagawa, K. Iwatsuki",,Forest Herbarium,2021-07-31,Rachun Pooma,ref-THA-0000143584,3,3,"Heterogonium hennipmanii. Flora of Thailand. Vol. 3. Part 3, 1988. Pg. 362–363. Accessed 2021-07-31",All rights reserved,Forest Herbarium,https://botany.dnp.go.th/eflora/floraspecies.html?tdcode=F0507
wfo-0001267076,Similar to <i>H. alderwereltii</i> but decidedly different from it in having acrostichoid fertile fronds wholly wanting indusia.,general,EN,"M. Tagawa, K. Iwatsuki",,Forest Herbarium,2021-07-31,Rachun Pooma,ref-THA-0001267076,3,3,"Heterogonium pinnatum. Flora of Thailand. Vol. 3. Part 3, 1988. Pg. 362–364. Accessed 2021-07-31",All rights reserved,Forest Herbarium,https://botany.dnp.go.th/eflora/floraspecies.html?tdcode=F0509
wfo-0001125548,"Similar to the preceding, but different in: plants smaller, usually bearing less than ten pairs of lateral pinnae; hairs on upper surface of lamina of one kind, multiseptate, 5–8-celled, 0.8–1.5 mm in length.",general,EN,"M. Tagawa, K. Iwatsuki",,Forest Herbarium,2021-07-31,Rachun Pooma,ref-THA-0001125548,3,3,"Heterogonium sagenioides. Flora of Thailand. Vol. 3. Part 3, 1988. Pg. 362. Accessed 2021-07-31",All rights reserved,Forest Herbarium,https://botany.dnp.go.th/eflora/floraspecies.html?tdcode=F0506
wfo-0001108318,"Rhizome short-creeping, bearing close frond, densely scaly; scales oblong-lanceolate, about 25 by 2.5 mm, concolorous, brown, entire. Stipe up to 50 cm long, green to stramineous, densely setose-hairy. Frond oblong-subdeltoid, widest at base, up to 55 by 45 cm, quadripinnatifid at basal pinnae; rachis deeply grooved, the grooves open at junction of costa; pinnae subtriangular, the upper ones gradually becoming smaller; ultimate segments oblong, adnate at base, moderately acute to subtruncate at apex, lobed with oblong, oblique lobes; softly papyraceous; veins pinnate, reaching the margin of lobes, all free; hairs dense on every part of frond, setose, about 5 mm long. Sori dorsal on veinlets, rather close to costules; indusia round-reniform or horse-shoe-shaped, about 1 mm broad, white to slightly grayish, densely setose-hairy.",general,EN,"M. Tagawa, K. Iwatsuki",,Forest Herbarium,2021-07-31,Rachun Pooma,ref-THA-0001108318,3,3,"Hypodematium crenatum. Flora of Thailand. Vol. 3. Part 3, 1988. Pg. 437–438. Accessed 2021-07-31",All rights reserved,Forest Herbarium,https://botany.dnp.go.th/eflora/floraspecies.html?tdcode=F0605
wfo-0001117101,"Different from the preceding species in : rhizome-scales smaller, 1–1.5 cm long; frond smaller, stipe up to 20 cm long, frond up to 25 by 20 cm; ultimate segments oblique, acute to moderately acute at apex; hairs of two kinds, setose-hairs about 0.3 mm long, glandular hairs sparse.",general,EN,"M. Tagawa, K. Iwatsuki",,Forest Herbarium,2021-07-31,Rachun Pooma,ref-THA-0001117101,3,3,"Hypodematium glandulosopilosum. Flora of Thailand. Vol. 3. Part 3, 1988. Pg. 438. Accessed 2021-07-31",All rights reserved,Forest Herbarium,https://botany.dnp.go.th/eflora/floraspecies.html?tdcode=F0606
wfo-0001125717,"Rhizome short, creeping to ascending; scales linear-lanceolate, gradually narrowing towards the tailed apex, up to 12 by 1.2 mm, entire. Stipe purplish when young, stramineous to pale brown, up to 60 cm long, broadened near scaly base. Frond imparipinnate, oblong in outline, about 60 by 35 cm; pinnae linear, acuminate at apex, truncate to auricled at acroscopic and cuneate at basiscopic bases, shallowly lobed at margin, up to 20 by 1.3–1.7 cm, the soriferous pinnae usually narrower; lobes triangular, with sharp teeth at apex; papyraceous, green paler beneath; rachis and costa glabrous or with linear scales; veins pinnate, the veinlets simple, all except the basal pairs reaching the margin of lobes. Sori dorsal on veinlets, costular, with small round-reniform indusia lacerate at margin.",general,EN,"M. Tagawa, K. Iwatsuki",,Forest Herbarium,2021-07-31,Rachun Pooma,ref-THA-0001125717,3,3,"Kuniwatsukia cuspidata. Flora of Thailand. Vol. 3. Part 3, 1988. Pg. 442–444. Accessed 2021-07-31",All rights reserved,Forest Herbarium,https://botany.dnp.go.th/eflora/floraspecies.html?tdcode=F0613
wfo-0001275627,"Rhizome long-creeping or climbing, naked but scaly at apex; scales lanceolate, brown. rather small. Bathyphyll: stipe 7–8 cm long, stramineous, blackis and sparsely scaly at base; lamina 35–40 cm long, up to 10 cm wide, oblong-lanceolate with acute apex; pinnae 24–25 pairs, sessile, ascending, the base unequally cuneate, subentire, up to 10 cm long; membranous. Acrophyll: stipe 30 cm long; pinnae sessile, asymmetrically cuneate at base, serrate at margin, up to 18 by 1.5–2 cm; herbaceous; venation with 3 rows of areoles, without free included veinlets. Fertile frond pinnate; pinnae linear; sporangia covering the whole lower surface of pinna except midrib.",general,EN,"M. Tagawa, K. Iwatsuki",,Forest Herbarium,2021-07-31,Rachun Pooma,ref-THA-0001275627,3,3,"Lomagramma grosseserrata. Flora of Thailand. Vol. 3. Part 3, 1988. Pg. 325–326. Accessed 2021-07-31",All rights reserved,Forest Herbarium,https://botany.dnp.go.th/eflora/floraspecies.html?tdcode=F0457
wfo-0001257028,"Rhizome creeping, climbing, scaly; scales oblong-lanceolate, brown, up to 10 by 3 mm, entire. Stipe about 20 cm long, densely scaly at base. Lamina oblong-lanceolate, simply pinnate, up to 60 by 30 cm; pinnae 15–20 pairs, jointed to rachis except for the terminal one, lower ones stalked, lanceolate, up to 20 by 2–4 cm; veins distinct on both surfaces. Fertile pinnae linear, 8–15 cm long, up to 6 mm broad, stalked. Sporangia dispersed on the lower surface except on midrib.",general,EN,"M. Tagawa, K. Iwatsuki",,Forest Herbarium,2021-07-31,Rachun Pooma,ref-THA-0001257028,3,3,"Lomariopsis lineata. Flora of Thailand. Vol. 3. Part 3, 1988. Pg. 325. Accessed 2021-07-31",All rights reserved,Forest Herbarium,https://botany.dnp.go.th/eflora/floraspecies.html?tdcode=F0455
wfo-0001125703,"Rhizome creeping, about 4 mm diam.; scales ovate-subtriangular, brown, hairy. Stipe up to 50 cm long, less than 5 cm long in young but fully soriferous frond, hairy, scaly at base. Lamina oblong-lanceolate; rachis proliferous, bearing a tuft of fronds and rooting at several places, with simple or bifurcate hairs; lateral pinnae about 12 pairs, shortly stalked, linear-lanceolate, moderately acute to acute at apex, truncate at base, very shallowly incised, 4–8 by 1–1.5 cm; lobes rectangular, oblique, truncate at apex; herbaceous, dark olive-green when dry; veins pinnate, veinlets about 10 pairs, 5–7 pairs, uniting to form a goniopteroid venation. Sori oblong or elongate along united veinlets, naked; sporangia glabrous.",general,EN,"M. Tagawa, K. Iwatsuki",,Forest Herbarium,2021-07-31,Rachun Pooma,ref-THA-0001125703,3,3,"Meniscium proliferum. Flora of Thailand. Vol. 3. Part 3, 1988. Pg. 435. Accessed 2021-07-31",All rights reserved,Forest Herbarium,https://botany.dnp.go.th/eflora/floraspecies.html?tdcode=F0602
wfo-0001262334,"Rhizome thick, erect, scaly; scales up to 50 by 3 mm, brown, herbaceous, toothed at margin in upper part. Stipe up to 50 cm long, densely scaly at base, pubescent upwards, stramineous, scales narrower. Lamina about 1 m long, tripinnatifid; pinnae lanceolate, about 70 by 20 cm, stalked; rachis and pinna-rachis grooved on upper surface, densely pubescent; pinnules lanceolate, caudate at abex, shortly stalked or sessile, the base hardly or slightly narrowing, about 10 by 2 cm in larger ones, lobed almost to costa or sometimes pinnate; segments oblong, rounded or moderately acute at apex, subentire or serrate at margin, 7–13 by up to 4 mm; papyraceous, deep green, brownish in dried specimens, sparsely hairy beneath; costa and midrib raised on upper surface, more or less hairy, veins anastomosing to form costal and costular areoles, or sometimes with one more row or areoles formed outside the costular ones, the other veins free, pubescent or glandular beneath. Sori dorsal on veins, a single row at each side of midrib, medial, naked.",general,EN,"M. Tagawa, K. Iwatsuki",,Forest Herbarium,2021-07-31,Rachun Pooma,ref-THA-0001262334,3,3,"Pleocnemia hemiteliiformis. Flora of Thailand. Vol. 3. Part 3, 1988. Pg. 386. Accessed 2021-07-31",All rights reserved,Forest Herbarium,https://botany.dnp.go.th/eflora/floraspecies.html?tdcode=F0539
wfo-0001261869,"Rhizome thick, suberect, short, densely scaly; scales linear, up to 30 by 2 mm, dark brown, thin and more or less crisped, entire or irregularly toothed at margin. Stipe up to 80 cm long, dark and scaly at base, stramineous upwards. Lamina bipinnate at base, oblong-subdeltoid, usually more than 1 m long, 70 cm wide at base; basal pinnae the largest, asymmetrically subdeltoid with large basiscopic pinnules, middle pinnae oblong-lanceolate, acute to acuminate at apex, shortly stalked, with several free pinnules, apical portion large, pinnatifid; rachis and pinna-rachis glabrescent; pinnules sessile or more or less adnate, oblong-subdeltoid, falcate, caudate at apex, cuneate at base, waved at margin, usually about 10 by 1.7 cm; chartaceous, green to yellow green, brownish in dried specimens, glandular hairy at margin and on lower surface; veins forming copious anastomoses, a distinct broad tooth at each sinus between pinnules and between crenae of pinnules. Sori small, dorsal on anastomosing veins, scattered irregularly; exindusiate.",general,EN,"M. Tagawa, K. Iwatsuki",,Forest Herbarium,2021-07-31,Rachun Pooma,ref-THA-0001261869,3,3,"Pleocnemia irregularis. Flora of Thailand. Vol. 3. Part 3, 1988. Pg. 387–388. Accessed 2021-07-31",All rights reserved,Forest Herbarium,https://botany.dnp.go.th/eflora/floraspecies.html?tdcode=F0541
wfo-0001125566,"Rhizome thick, short, erect, scaly near apex; scales about 20 by 1 mm, dark brown, more or less crisped, entire or irregularly toothed at margin. Stipe castaneous and densely scaly at base, stramineous, pubescent or glabrescent upwards. Lamina more than 1 m long, tripinnatifid; pinnae asymmetrically oblong-subdeltoid to oblong-lanceolate, acuminate at apex; rachis and pinna-rachis pubescent on upper surface; basal basiscopic pinnules of lower pinnae sometimes enlarged, pinnate with deeply lobed secondary pinnules; the other pinnules subtriangular, widest at base, gradually narrowing towards caudate apex, commonly about 10 by 3.5 cm, stalked, lobed to ⅘ way towards costule, the lower segments sometimes free; segments oblong-subdeltoid, moderately acute at apex, more or less serrate at margin; chartaceous, green, brownish in dried specimens; veins anastomosing forming costal and costular areoles, or with one more row of areoles outside the costular ones, sparsely hairy beneath. Sori dorsal on veins, in one to two rather irregular rows at each side of midrib, naked; sporangia with glands.",general,EN,"M. Tagawa, K. Iwatsuki",,Forest Herbarium,2021-07-31,Rachun Pooma,ref-THA-0001125566,3,3,"Pleocnemia submembranacea. Flora of Thailand. Vol. 3. Part 3, 1988. Pg. 386–387. Accessed 2021-07-31",All rights reserved,Forest Herbarium,https://botany.dnp.go.th/eflora/floraspecies.html?tdcode=F0540
wfo-0001260083,"Rhizome short, scaly at apex; scales oblong with acuminate apex, rounded at base, up to 10 by 7 mm, rigid, bicoloured with nearly black central portion and light brown margin, marginal portion caducous, often leaving concolorous black scales on order portion of rhizome. Stipe 15–25 cm long. Lamina narrowly subtriangular, commonly widest at base, 30–40 by 20 cm; rachis scaly with brown linear scales less than 0.7 mm broad, gemmiferous on upper part; lateral pinnae 30 pairs or more, oblong or slightly narrowing from base to apex, falcate, auricled at acroscopic base, dimidiate at basiscopic base, upper ones pinnatifid, a few lowest pinnae very shortly stalked, patent, slightly falcate, lanceolate, up to 10 cm long, more than 2 cm wide; basal acroscopic pinnules about 1.5 times larger than the next; pinna-rachis minutely linear scaly, narrowly winged; pinnules of lower pinnae oblong or more usually narrowing from base to acute apex, auricled at acroscopic and dimidiate at basiscopic bases, apex of lobes ending in awns; veins minutely scaly beneath, not raised on both surfaces; subcoriaceous, glabrous on laminar surface, green. Sori close to midrib of pinnule; indusia small, glabrous, caducous.",general,EN,"M. Tagawa, K. Iwatsuki",,Forest Herbarium,2021-07-31,Rachun Pooma,ref-THA-0001260083,3,3,"Polystichum attenuatum. Flora of Thailand. Vol. 3. Part 3, 1988. Pg. 335–336. Accessed 2021-07-31",All rights reserved,Forest Herbarium,https://botany.dnp.go.th/eflora/floraspecies.html?tdcode=F0471
wfo-0001125350,"Rhizome short, suberect; scales narrowly subtriangular, attenuate at apex, entire at margin, up to 25 by 4 mm, bicoloured, central portion shining black and tough, the margin brown to dark brown with ferrugineous margin. Stipe 30–40 cm long; scales at base of two kinds, one like those on rhizome, the other narrower, linear, up to 1 cm long, brown, toothed at margin, those on upper part linear, black with brown broader base. Lamina oblong-lanceolate, widest at middle, slightly narrowing towards base, acuminate at apex, 40–50 by 25–30 cm; rachis densely scaly throughout with linear black scales with brown broader base; pinnae more than 15 pairs, lower pinnae patent or slightly ascending, very shortly stalked, lanceolate, gradually acuminate at apex, broadly cuneate or subtruncate at base, up to 15 by 3 cm; basal acroscopic pinnules larger; pinnules rather close, oblong or gradually narrowing towards apex, falcate, acute and ending in sharp awns at apex, sessile, 15–20 by 5–8 mm, shallowly lobed at margin; veinlets a little raised on lower surface, minutely scaly; coriaceous, green. Sori arranged in one row at submarginal or medial part of pinnules; indusia pale brown, about 1 mm diam.",general,EN,"M. Tagawa, K. Iwatsuki",,Forest Herbarium,2021-07-31,Rachun Pooma,ref-THA-0001125350,3,3,"Polystichum biaristatum. Flora of Thailand. Vol. 3. Part 3, 1988. Pg. 337. Accessed 2021-07-31",All rights reserved,Forest Herbarium,https://botany.dnp.go.th/eflora/floraspecies.html?tdcode=F0474
wfo-0000144383,"Rhizome short, erect, scaly at apex; scales oblong-lanceolate with long-tailed apex, light brown, fimbriate at margin, up to 7 by 1.2–3 mm. Stipe pale stramineous, up to 1.2 mm diam, 8–12 cm long, scaly throughout. Lamina pinnate, linear, 25–30 by 3–3.5 cm, slightly narrowing downwards, gradually narrowing towards caudately long-acuminate apex; rachis-scales small, linear, sometimes like hairs with broad base; pinnae more than 35 pairs, sessile, almost at right angle to rachis of slightly ascending, oblong or more usually narrowing from base to apex, slightly falcate, distinctly auricled at acroscopic base, dimidiate at basiscopic base, acute at apex, margin shallowly undulate, 1.7–2 by 0.7 cm, auricles acuminate at apex, ending in awns; veins pinnate, veinlets simple of forked, very minutely scaly underneath, slightly raised on lower surface; papyraceous, green on upper surface, pale beneath. Sori terminal at anterior branch of veinlets, arranging in one row near the margin of pinnae; indusia rigid, about 0.8 mm diam., deciduous.",general,EN,"M. Tagawa, K. Iwatsuki",,Forest Herbarium,2021-07-31,Rachun Pooma,ref-THA-0000144383,3,3,"Polystichum lindseaefolium. Flora of Thailand. Vol. 3. Part 3, 1988. Pg. 333–335. Accessed 2021-07-31",All rights reserved,Forest Herbarium,https://botany.dnp.go.th/eflora/floraspecies.html?tdcode=F0470
wfo-0000144450,"Similar to <i>P. eximium</i>, differing in : scales on rachis and costa brown, never nigrescent, dense; lamina chartaceous to fleshy; sori evenly dispersed on the lobes underneath, not marginal in appearance.",general,EN,"M. Tagawa, K. Iwatsuki",,Forest Herbarium,2021-07-31,Rachun Pooma,ref-THA-0000144450,3,3,"Polystichum prolificans. Flora of Thailand. Vol. 3. Part 3, 1988. Pg. 336–337. Accessed 2021-07-31",All rights reserved,Forest Herbarium,https://botany.dnp.go.th/eflora/floraspecies.html?tdcode=F0473
wfo-0001116289,"Rhizome massive, erect; scales oblong-subtriangular, up to 25 by 8 mm, bicoloured, central portion shining castaneous brown to nearly black, the edges light brown, ferrugineous. Stipe 40–60 cm long; scales at base of two kinds, one like those on rhizome, the other smaller, linear, up to 8 mm long, toothed at margin, those on upper part narrower, linear, 1 cm or more long, dark brown, toothed at margin, ferrugineous. Lamina oblong, acuminate at apex, truncate at base, 50–70 by 25–30 cm; rachis densely covered with downy linear scales; pinnae about 20 pairs, the lowest pinnae hardly reduced, patent, opposite, up to 15 by 2.5 cm, the middle ones patent or slightly ascending, alternate, narrowly lanceolate, broadly cuneate at base, gradually long-acuminate at apex, up to 18 by 2.5 cm in sterile and 1.5 cm in fertile ones; pinna-rachis densely scaly, grooved above; pinnules falcate, acute at apex, distinctly auricled at acroscopic and dimidiate at basiscopic bases, sessile, up to 17 by 7 mm in sterile and 12 by 5 mm in fertile ones, with shallowly crenate lobes ending in distinct awns; coriaceous, green, glabrous on laminar surface. Sori scattered on basal pinnae, from near rachis towards posterior portion, in one row, medial to costular, fertile pinnules smaller than sterile ones; indusia fugacious at maturity, dark in central portion, up to 1 mm.",general,EN,"M. Tagawa, K. Iwatsuki",,Forest Herbarium,2021-07-31,Rachun Pooma,ref-THA-0001116289,3,3,"Polystichum semifertile. Flora of Thailand. Vol. 3. Part 3, 1988. Pg. 338. Accessed 2021-07-31",All rights reserved,Forest Herbarium,https://botany.dnp.go.th/eflora/floraspecies.html?tdcode=F0475
wfo-0000144512,"Rhizome massive, erect; scales oblong-ovate, up to 2.5 by 1.2 cm, bicoloured, central portion dark castaneous to nearly black, thin but stiff, margins brown, ferrugineous. Stipe about 50 cm long, brown, grooved above, densely scaly throughout, scales of two kinds, larger ones oblong-ovate, narrow ones up to 1.2 mm in breadth, ferrugineous. Lamina oblong-lanceolate, hardly narrowing at base, gradually narrowing towards acute apex, 65–75 by 25–30 cm; rachis densely scaly, larger scales concolorously brown, up to 10 by 5 mm, linear ones ferrugineous, in upper part like downy hairs; pinnae up to 30 or more pairs, the lowest ones subopposite, a little deflexed, middle ones patent, slightly falcate, linear-lanceolate, subtruncate and sessile, attenuate at apex, up to 12 by 2 cm; pinnules patent, up to 30 pairs, oblong, moderately acute at apex, slightly auricled at acroscopic and dimidiate at basiscopic bases, up to 12 by 5 mm, lobed to half-way; lobes subdeltoid, acuminate at apex, about 1 mm long, up to 1.5 mm broad, apex ending in awns; veins pinnate, softly coriaceous, light green. Sori arranging in one row close to midrib of pinnules, confluent at maturily; indusia peltate, pale to deep brown, thin, fugaceous, glabrous.",general,EN,"M. Tagawa, K. Iwatsuki",,Forest Herbarium,2021-07-31,Rachun Pooma,ref-THA-0000144512,3,3,"Polystichum tenggerense. Flora of Thailand. Vol. 3. Part 3, 1988. Pg. 338–339. Accessed 2021-07-31",All rights reserved,Forest Herbarium,https://botany.dnp.go.th/eflora/floraspecies.html?tdcode=F0476
wfo-0001123518,"Rhizome short-creeping, rather thick, scaly near apex; scales lanceolate, tailed at apex, up to 12 by 1.3 mm, dark-brown, stiff. Stipe stramineous or darker, scaly at base, glabrescent above, 30-50 cm long. Lamina oblong, hardly or a little narrowing at base, pinnate with very deeply lobed pinnae; up to 75 by 40 cm; rachis like the upper part of stipe, hairy throughout; pinnae 20 or more pairs, lanceolate, caudate at apex, broadly cuneate to subtruncate at base, sessile or very shortly stalked, deeply lobed to ¾ way towards costa, up to 25 by 4 cm; costa and costule raised on both surfaces, hairy beneath; segments oblong to oblong-lanceolate, oblique to falcate, moderately acute at apex, serrate at margin; veins once or twice forked, the basal ones springing from the base of costule; the basal acroscopic branches soriferous, stopped at various positions between costule and margin, glabrous. Sori round, a row in medial position at each side of costule; indusia reniform, hairy.",general,EN,"M. Tagawa, K. Iwatsuki",,Forest Herbarium,2021-07-31,Rachun Pooma,ref-THA-0001123518,3,3,"Pteridrys australis. Flora of Thailand. Vol. 3. Part 3, 1988. Pg. 390. Accessed 2021-07-31",All rights reserved,Forest Herbarium,https://botany.dnp.go.th/eflora/floraspecies.html?tdcode=F0545
wfo-0001125568,"Rhizome short-creeping, thick, scaly near apex; scales brown, linear-lanceolate, up to 20 by 1.3 mm, entire. Stipe up to 80 cm long, stramineous, glabrescent above. Lamina more than 1 m long, up to 70 cm wide, pinnate with deeply lobed pinnae; rachis pale, sparsely appressed-hairy; pinnae more than 20 pairs, long-stalked at base, lanceolate, caudately acuminate, the extreme basal basiscopic pinnules lacking, up to 45 by 10 cm, deeply lobed to 9/10 way towards costa; terminal pinna narrowly oblong-subtriangular, acuminate and tailed at apex, moderately rounded at base, up to 20 by 5 cm; costa raised on both surfaces, sparsely hairy or glabrescent; larger segments lanceolate or narrowly subtriangular, caudately acuminate at apex, serrate at margin, up to 5.5 by 1 cm; papyraceous, deep green, hairy on upper surface; basal veins springing directly from costa, bifurcate or trifurcate, the anterior ones running to the sharp teeth at sinus. Sori round, one or two rows on each side of costule, small, up to 0.7 mm diam.; indusia pale, glabrous.",general,EN,"M. Tagawa, K. Iwatsuki",,Forest Herbarium,2021-07-31,Rachun Pooma,ref-THA-0001125568,3,3,"Pteridrys cnemidaria. Flora of Thailand. Vol. 3. Part 3, 1988. Pg. 389–390. Accessed 2021-07-31",All rights reserved,Forest Herbarium,https://botany.dnp.go.th/eflora/floraspecies.html?tdcode=F0544
wfo-0001254817,"Rhizome short, creeping or ascending; scales lanceolate, rounded or cordate at base, tailed at apex, up to 8 by 1.2 mm, dark brown, rather thick hairy at margin. Stipe up to 50 cm long, stramineous to pale castaneous, scaly at base, glabrescent above. Lamina oblong to oblong-lanceolate, pinnate with deeply lobed pinnae, 30–50 by 15–30 cm; rachis glabrescent, pale stramineous to deep brown; lateral pinnae 5–12 pairs, ascending, petioles of basal pinnae 1–1.5 cm long, lanceolate, subtruncate to broadly cuneate at base, up to 20 by 4 cm, deeply lobed to ⅘ way towards costule; lobes oblong, oblique, rounded at apex, serrate at margin, up to 17 by 7 mm; papyraceous, deep green, glabrous; costules pale, glabrous, raised on both surfaces; veins pinnate, the basal basiscopic veinlets springing directly from costa, veinlets forked, acroscopic branches stopped at midway, basiscopic branches running into the projections at margin, and a branch into sinus-teeth. Sori apical or subapical at acroscopic branches of veinlets, thus medial, round; indusia reniform, glabrous.",general,EN,"M. Tagawa, K. Iwatsuki",,Forest Herbarium,2021-07-31,Rachun Pooma,ref-THA-0001254817,3,3,"Pteridrys syrmatica. Flora of Thailand. Vol. 3. Part 3, 1988. Pg. 388–389. Accessed 2021-07-31",All rights reserved,Forest Herbarium,https://botany.dnp.go.th/eflora/floraspecies.html?tdcode=F0543
wfo-0001115649,"Rhizome short, creeping or ascending, bearing a few sterile fronds in rosette and usually an erect fertile frond; scales up to 5 by 0.2 mm, the base dilated to 1 mm wide, membranous, dark brown, toothed at margin. Frond dimorphic. Sterile frond usually in rosette, not erect; stipe 4—8 cm long, stramineous, densely scaly at base, densely hairy throughout with long, paler or yellowish, warty hairs; lamina pinnatifid to trifoliate, up to 10 by 5 cm; lateral pinnae asymmetrically oblong-subdeltoid to nearly circular, rounded at apex, broadly cuneate to cordate at base, sessile, up to 3 by 2 cm, subentire or slightly undulate at margin, sometimes bearing auricles at basiscopic base, up to 7 mm long and wide; terminal pinnae oblong, rounded at apex cuneate to broadly so at base, lobed at margin to ⅓ way towards costa, up to 7 by 4.5 cm, the lobes rounded-subdeltoid, 0.7 by 1.5 cm, entire; herbaceous, green, hairy on undersurface and at margin; veins anastomosing forming copious areoles, hairy beneath. Fertile frond erect; stipe up to 25 cm long, slender, very sparsely scaly or glabrescent; lamina trifoliate, lateral pinnae sometimes with short basiscopic lobes, up to 5 cm long; pinnae up to 2.5 mm broad; sporangia covering the whole under surface of pinnae except for edges.",general,EN,"M. Tagawa, K. Iwatsuki",,Forest Herbarium,2021-07-31,Rachun Pooma,ref-THA-0001115649,3,3,"Quercifilix zeylanica. Flora of Thailand. Vol. 3. Part 3, 1988. Pg. 383–384. Accessed 2021-07-31",All rights reserved,Forest Herbarium,https://botany.dnp.go.th/eflora/floraspecies.html?tdcode=F0537
wfo-0001266677,"Rhizome short, ascending, scaly. Stipe brown to faintly castaneous, pubescent throughout, about 40 cm long; scales linear-subtriangular, about 8 by up to 1.8 mm, concolourous, dark brown, entire or with irregular protrusions at margin. Frond ovate-subtriangular, about 25 cm long and wide, bipinnate at base; rachis densely pubescent, shallowly grooved above; basal pinna trifoliate with stalks 2 cm long; basiscopic pinnules larger, oblong with long-acuminate apex, falcate, subentire, unequally cuneate at base, 11 by 2.5 cm; acroscopic pinnules smaller, rounded with acute apex and rounded subadnate base, 2.5 by 1.3 cm; terminal pinnule elliptic with caudate apex, cuneate at base, subentire to undulate at margin with a few indistinct lobes in lower part, 13 by 3 cm; terminal pinna hastate, long-acuminate at apex, broadly cuneate at base, about 15 cm long, hairy at margin; midrib stramineous, pale castaneous above, densely pubescent; veins more or less visible, copiously anastomosing to form areoles with included veinlets. Sori round, on reticulate veins, in two nearly regular rows between adjacent main veins, up to 1.2 mm diam.; indusia thin, pale.",general,EN,"M. Tagawa, K. Iwatsuki",,Forest Herbarium,2021-07-31,Rachun Pooma,ref-THA-0001266677,3,3,"Tectaria amplifolia. Flora of Thailand. Vol. 3. Part 3, 1988. Pg. 376–377. Accessed 2021-07-31",All rights reserved,Forest Herbarium,https://botany.dnp.go.th/eflora/floraspecies.html?tdcode=F0525
wfo-0001266833,"Rhizome short, creeping or ascending; scales linear-subtriangular, up to 20 by 1.8 mm, stiff, dark brown, entire. Stipe castaneous, or nearly black, more or less polished, densely scaly at lower part, glabrescent upwards, up to 50 cm long. Lamina pinnate, oblong-ovate to oblong, up to 50 by 40 cm; rachis pubescent on upper surface, glabrous beneath, castaneous; lateral pinnae 2–6 pairs, ascending, oblong, caudate at apex, rounded at base, entire, shortly stalked or sessile, up to 20 by 9 cm; basal pinnae bearing a single basiscopic lobe; terminal pinna larger, oblong-subdeltoid, caudately acuminate at apex, up to 23 by 12 cm; softly papyraceous, green, brown in dried condition, glabrous on both laminar surface; costa castaneous to paler, pubescent on upper surface, hirsute or glabrescent beneath, main veins raised beneath, glabrous; veins distinct on lower surface, reticulate to form fine anastomoses with main areoles and smaller ones, included free veinlets numerous, glabrous. Sori on included free veins, round, small, up to 1 mm diam., irregularly scattered on lower surface; indusia small, caducous.",general,EN,"M. Tagawa, K. Iwatsuki",,Forest Herbarium,2021-07-31,Rachun Pooma,ref-THA-0001266833,3,3,"Tectaria angulata. Flora of Thailand. Vol. 3. Part 3, 1988. Pg. 373–374. Accessed 2021-07-31",All rights reserved,Forest Herbarium,https://botany.dnp.go.th/eflora/floraspecies.html?tdcode=F0521
wfo-0001266611,"Rhizome short, erect, about 1 cm diam., densely scaly; scales stiff, linear-subtriangular, up to 15 by 1.5 mm, ferrugineous at margin but subentire in age, brown. Stipe dark stramineous to castaneous, pubescent throughout, up to 50 cm long. Lamina about 40 by 30 cm, pinnate; rachis bearing short articulated hairs; lateral pinnae 4–7 pairs; basal pinna asymmetrically subtriangular, shortly stalked, lobed about ⅓ way to costa at upper edge, bearing a long basal lobe 13 by 2.5 cm and some additional smaller lobes about 20 cm long; middle pinnae narrowly elliptic, shortly stalked or upper ones sessile and adnate, rounded to cuneate at base, shortly caudate-acuminate at apex, subentire to lobed about ⅓ way to costa, 12–17 by 3.5 cm; apical pinna deltoid, deeply lobed, about 18 cm long and wide; firmly herbaceous, glabrous; costa and lateral main veins raised below, veins forming anastomoses with many included veinlets (venation sagenioides), dark and distinct on both surfaces. Sori round or elongate, usually terminal on free veinlets but often on anastomosing veins also, irregularly scattered on the lower surface of frond; indusia not seen on Thai plants, small and caducous in Malesian plant.",general,EN,"M. Tagawa, K. Iwatsuki",,Forest Herbarium,2021-07-31,Rachun Pooma,ref-THA-0001266611,3,3,"Tectaria barberi. Flora of Thailand. Vol. 3. Part 3, 1988. Pg. 371–372. Accessed 2021-07-31",All rights reserved,Forest Herbarium,https://botany.dnp.go.th/eflora/floraspecies.html?tdcode=F0518
wfo-0001118692,"Rhizome short-creeping, thick; scales stiff, gradually narrowing towards long-tailed apex, up to 15 by 1 mm, entire, dark brown. Stipe 35–45 cm long, stramineous to pale castaneous, glabrescent above. Lamina deltoid, 60–100 by 60 cm, tripinnate to quadripinnatifid; basal pinnae asymmetrically oblong-subdeltoid, long-stalked, up to 55 by 40 cm; middle pinnae 5–7 pairs below deeply lobed apical pinnae, oblong to oblong-lanceolate, acute at apex; pinnules of middle pinnae stalked, oblong-subtriangular, acuminate at apex, deeply lobed to ⅘ way towards costa, up to 15 by 10 cm; secondary pinnules oblong to oblong-ovate, round at apex, crenate; thin, herbaceous, light green; veins copiously anastomosing, with included free veinlets; rachis, pinna-rachis, midrib of pinnules and segments more or less densely hairy, upper surface of lamina and margin hairy; hairs articulated, coarse. Sori at apex of included veinlets, in one row at each side of midrib of ultimate lobes, medial, indusiate; indusia rather large, up to 1.2 mm diam., glabrous.",general,EN,"M. Tagawa, K. Iwatsuki",,Forest Herbarium,2021-07-31,Rachun Pooma,ref-THA-0001118692,3,3,"Tectaria coadunata. Flora of Thailand. Vol. 3. Part 3, 1988. Pg. 367. Accessed 2021-07-31",All rights reserved,Forest Herbarium,https://botany.dnp.go.th/eflora/floraspecies.html?tdcode=F0513
wfo-0001127395,"Rhizome short, erect, densely covered with scales at apex; scales up to 13 by 1.5 mm, linear-subtriangular, dark brown, stiff, entire at margin. Stipe about 60 cm long, stramineous, densely scaly at base, glabrescent upwards. Lamina pinnate, broadly oblong, about 70 by 45 cm; rachis very sparsely minutely scaly, winged at upper part; lateral pinnae 8–9 pairs, basal pinnae the largest, oblong-lanceolate, each with a large basal lobe, about 25 by 4.5 cm, lobes caudate at apex, subentire or undulate, up to 16 by 3.5 cm, middle pinnae oblong-lanceolate, caudate at apex, gradually narrowing towards base, sessile and very slightly decurrent at base, irregularly crenulate at margin, about 23 by 4 cm, herbaceous, green on upper surface, paler beneath, glabrous; costa raised beneath, glabrous, main veins distinct, 7–9 mm apart, veinlets reticulate to form irregular anastomoses with included free veinlets. Sori terminal on included free veinlets, one for each areole, in two rows between adjacent main veins; receptacle a little elongate; indusia naked, persistent.",general,EN,"M. Tagawa, K. Iwatsuki",,Forest Herbarium,2021-07-31,Rachun Pooma,ref-THA-0001127395,3,3,"Tectaria crenata. Flora of Thailand. Vol. 3. Part 3, 1988. Pg. 372. Accessed 2021-07-31",All rights reserved,Forest Herbarium,https://botany.dnp.go.th/eflora/floraspecies.html?tdcode=F0519
wfo-0001117085,"Rhizome short, erect, densely scaly; scales brown, stiff, with paler ferrugineous margins, up to 13 by 2 mm. Stipe up to 60 cm long, scaly on lower part, glabrescent above, winged nearly to the base. Lamina pinnate, oblong in outline, up to 50 by 30 cm; rachis winged throughout; lateral pinnae 3–6 pairs, the basal ones ascending, lanceolate, caudate at apex, subentire or crenulate, gradually narrowing towards base, each bearing a large basal acroscopic lobe, lanceolate, subentire, caudate at apex, up to 15 by 3 cm; upper pinnae lanceolate, caudate at apex, gradually narrowing towards base and decurrent to the wings of rachis, up to 25 by 3 cm in fertile and 5 cm broad in sterile ones, subentire or shallowly crenulate, apical pinna broader; papyraceous, deep green, glabrous on both surfaces; costa and main veins raised beneath, veinlets forming areoles, cross-veins not so distinct. Sori rather close to main veins, two rows between adjacent main veins; indusia up to 1.2 mm diam., persistent, glabrous.",general,EN,"M. Tagawa, K. Iwatsuki",,Forest Herbarium,2021-07-31,Rachun Pooma,ref-THA-0001117085,3,3,"Tectaria decurrens. Flora of Thailand. Vol. 3. Part 3, 1988. Pg. 372–373. Accessed 2021-07-31",All rights reserved,Forest Herbarium,https://botany.dnp.go.th/eflora/floraspecies.html?tdcode=F0520
wfo-0001107432,"Rhizome short, erect to ascending, densely scaly near apex; scales rather stiff, about 13 by 1.5 mm, dark brown, entire, Stipe castaneous or paler, scaly at base, densely pubescent throughout, up to 25 cm long. Lamina subdeltoid, tripinnatifid at base, up to 30 by 20 cm; rachis winged at upper part; lateral pinnae about 10 pairs; basal pinnae the largest, asymmetrically oblong-subdeltoid, falcate, acuminate at apex, unequally broadly cuneate at base, up to 15 by 12 cm, stalked, with larger basiscopic pinnules; middle pinnae ascending, shortly stalked, oblong-lanceolate with caudate apex and broadly cuneate base; upper pinnae sessile to adnate at base; basal pinnules of larger pinnae free, shortly stalked, oblong-subdeltoid to lanceolate, basiscopic one up to 8 by 2.5 cm, acroscopic ones 3.5 by 2 cm, deeply lobed almost to costules, smaller pinnules sessile or adnate, oblong-subtriangular; ultimate segments rounded, oblique, entire or serrate; herbaceous, green to yellow-green, pubescent on both surfaces; costa and costules castaneous or paler, densely pubescent; veins anastomosing to from the costal and costular areoles. Sori terminal on free veinlets, medial or submarginal, about 0.8 mm diam.; indusia small, fugacious.",general,EN,"M. Tagawa, K. Iwatsuki",,Forest Herbarium,2021-07-31,Rachun Pooma,ref-THA-0001107432,3,3,"Tectaria devexa. Flora of Thailand. Vol. 3. Part 3, 1988. Pg. 366–367. Accessed 2021-07-31",All rights reserved,Forest Herbarium,https://botany.dnp.go.th/eflora/floraspecies.html?tdcode=F0512
wfo-0001107433,"Rhizome short, ascending, densely scaly; scales linear-subtriangular, dark brown, stiff, up to 18 by 2 mm, entire. Stipe 30–60 cm long, winged in upper half or very narrowly nearly to the base, stramineous to brown, densely scaly at base, glabrescent upwards. Lamina simple to pinnatisect, up to 45 by 30 cm; rachis winged throughout but often separated at just above the lateral lobes, the wings 3–10 cm at each side, bearing gemmae at base of pinna; basal pinnae oblong with caudate apex and basal basiscopic lobe, up to 20 by 7 cm, subentire, the lobes falcate, oblong-subtriangular, caudate at apex, up to 12 cm long, upper pinnae oblanceolate or broadly lanceolate, caudate at apex, entire; the terminal pinna oblong-lanceolate, entire, gradually narrowing towards both apex and base of forming trifoliate pinna decurrent into apical pinna, up to 20 by 7 cm; herbaceous, green to deep green, glabrous; costa raised and hairy on lower surface, main veins raised beneath, cross-veins distinct, veins anastomosing to form main and smaller areoles with included free veinlets. Sori terminal on included free veinlets or on anastomosing veins, two irregular rows between cross-veins, round or elongate; indusia small, up to 0.8 mm diam., glabrous.",general,EN,"M. Tagawa, K. Iwatsuki",,Forest Herbarium,2021-07-31,Rachun Pooma,ref-THA-0001107433,3,3,"Tectaria fauriei. Flora of Thailand. Vol. 3. Part 3, 1988. Pg. 381–382. Accessed 2021-07-31",All rights reserved,Forest Herbarium,https://botany.dnp.go.th/eflora/floraspecies.html?tdcode=F0533
wfo-0001123564,"Rhizome short, suberect to ascending; scales stiff, nearly black, about 10 by 1.8 mm, entire. Fronds dimorphic. Sterile frond: stipe 10–20 cm long, scaly on lower part, pubescent throughout, stramineous to darker; lamina bipinnatifid, oblong to oblong-lanceolate, acuminate at apex, broadest at base, up to 50 by 25 cm; basal pinnae asymmetrically oblong-subdeltoid, ca 15 by 10 cm, caudate-acuminate at apex, lobed to ⅘ way towards costa, bearing large basal basiscopic pinnules; middle lateral pinnae lanceolate, broadest at base, up to 13 by 4 cm; upper pinnae adnate at base and decurrent to the next to form indistinct apical portion; lobes oblong-subdeltoid oblique, round at apex, entire, 7–9 mm broad; herbaceous, deep green, hairy on upper surface; costa pubescent, a row of costal areoles present. Fertile frond taller: stipe up to 35 cm long; lamina narrower, middle pinnae up to 3 cm wide, lobed to ⅘ way towards costa; veins all free. Sori dorsal on veinlets, round, rather irregularly dispersed on lower surface of pinna, about 1 mm diam.; indusia small, persistent.",general,EN,"M. Tagawa, K. Iwatsuki",,Forest Herbarium,2021-07-31,Rachun Pooma,ref-THA-0001123564,3,3,"Tectaria fuscipes. Flora of Thailand. Vol. 3. Part 3, 1988. Pg. 365–366. Accessed 2021-07-31",All rights reserved,Forest Herbarium,https://botany.dnp.go.th/eflora/floraspecies.html?tdcode=F0511
wfo-0001119346,"Rhizome short, erect, scaly; scales linear-subtriangular, up to 20 by 3 mm, entire, dark brown. Stipe dark brown to castaneous, up to 70 cm long, scaly throughout but scales gradually sparse upwards, hairy at least on adaxial surface. Lamina oblong-subdeltoid or pentagonal, up to 70 by 40 cm; lateral pinnae 1–4 pairs, basal pinna the largest, with long stalk asymmetrically subdeltoid, acute at apex, up to 30 by 25 cm, 1 or 2 basal basiscopic pinnules much larger, free with short stalks, oblong-lanceolate, caudate-acuminate, deeply lobed, up to 20 by 6 cm, 1 or 2 basal acroscopic pinnules free; middle pinnae smaller, with 1 or 2 free pinnules; apical pinna oblong-subdeltoid, acute at apex, broadly cuneate and a little decurrent at base, deeply lobed to pinnatifid; herbaceous, dark green, glabrous on both surfaces; rachis and pinna-rachis hairy above, sparsely scaly beneath; veins anastomosing to form copious areoles. Sori round, terminal on short free included veinlets, indusiate, in single row at each side of midrib, medial or a little costular, more or less immersed and raised on upper surface; indusia large, up to 2 mm diam., glabrous, persistent.",general,EN,"M. Tagawa, K. Iwatsuki",,Forest Herbarium,2021-07-31,Rachun Pooma,ref-THA-0001119346,3,3,"Tectaria griffithii. Flora of Thailand. Vol. 3. Part 3, 1988. Pg. 370. Accessed 2021-07-31",All rights reserved,Forest Herbarium,https://botany.dnp.go.th/eflora/floraspecies.html?tdcode=F0516
wfo-0001232140,"	Rhizome short, ascending, scaly near apex; scales brown with paler ferrugineous margin, up to 12 by 1.5 mm. Stipe about 50 cm long, castaneous to fuscous, scaly near base, pubescent on upper surface, very narrowly winged in upper part. Lamina up to 45 cm long, with one or two pairs of lateral pinnae each with a large basiscopic lobe, the other lateral pinnae, if any, simple, oblanceolate, caudate at apex, subentire, more or less falcate, the basiscopic lobe of the basal pinna similar in shape to the lateral pinnae but smaller; terminal pinnae with three lobes, the central much the largest, all similar in shape to the lateral pinnae but different in size, the size of lateral pinnae about 13–18 by 2.5–4 cm, that of basiscopic lobes of basal pinnae up to 20 by 2.5 cm, that of apical lobe of terminal pinnae up to 25 by 5 cm, that of lateral lobe of terminal pinnae up to 18 by 4 cm; thinly papyraceous, glabrous; main veins in zig-zag curve, raised beneath, venation drynarioid (anastomosing with included areolae having free veinlets inside). Sori on anastomosing veins, exindusiate.",general,EN,"M. Tagawa, K. Iwatsuki",,Forest Herbarium,2021-07-31,Rachun Pooma,ref-THA-0001232140,3,3,"Tectaria gymnosora. Flora of Thailand. Vol. 3. Part 3, 1988. Pg. 382–383. Accessed 2021-07-31",All rights reserved,Forest Herbarium,https://botany.dnp.go.th/eflora/floraspecies.html?tdcode=F0535
wfo-0001266926,Similar to the preceding except in having long-creeping rhizome with remotely placed fronds and pinnae broadly rounded at base.,general,EN,"M. Tagawa, K. Iwatsuki",,Forest Herbarium,2021-07-31,Rachun Pooma,ref-THA-0001266926,3,3,"Tectaria herpetocaulos. Flora of Thailand. Vol. 3. Part 3, 1988. Pg. 379. Accessed 2021-07-31",All rights reserved,Forest Herbarium,https://botany.dnp.go.th/eflora/floraspecies.html?tdcode=F0529
wfo-0001269931,"Similar to <i>T. simonsii</i> and <i>T. amplifolia</i> in appearance, different from both of them in : stipe and rachis deep purplish, polished; dissection of fronds similar to that of T. subtriphylla; sori usually confined to near the very margin of leaflets, at apex of short lobes and terminal on the main veins.",general,EN,"M. Tagawa, K. Iwatsuki",,Forest Herbarium,2021-07-31,Rachun Pooma,ref-THA-0001269931,3,3,"Tectaria laotica. Flora of Thailand. Vol. 3. Part 3, 1988. Pg. 376. Accessed 2021-07-31",All rights reserved,Forest Herbarium,https://botany.dnp.go.th/eflora/floraspecies.html?tdcode=F0524
wfo-0001266705,"Rhizome short, erect, scaly; scales gradually narrowing from base towards apex, stiff, with ferrugineous paler edges, dark brown, bearing long coarse hairs, up to 10 by 1.7 mm. Stipe 15–60 cm long, dark stramineous to brown, densely scaly at base, glabrescent upwards. Lamina simple to imparipinnate with 1–3 pairs of free pinnae, up to 45 by 35 cm, the fertile lamina narrower; rachis like the upper part of stipe, glabrous; lateral pinnae oblong-ovate, gradually narrowing towards caudate apex, cuneate at sessile base, entire, up to 30 by 9 cm, rarely bearing basal basiscopic lobes, those of fertile ones smaller, usually up to 12 by 3.5 cm, the terminal pinna oblong, up to 30 by 12 cm; softly papyraceous, green, glabrous; costa and main veins raised beneath, cross-veins less distinct, veins anastomosing to form main areoles and smaller ones with included veinlets. Sori exindusiate, round or more or less elongate along reticulate veins, confluent, sometimes covering the whole undersurface of pinnae.",general,EN,"M. Tagawa, K. Iwatsuki",,Forest Herbarium,2021-07-31,Rachun Pooma,ref-THA-0001266705,3,3,"Tectaria maingayi. Flora of Thailand. Vol. 3. Part 3, 1988. Pg. 382. Accessed 2021-07-31",All rights reserved,Forest Herbarium,https://botany.dnp.go.th/eflora/floraspecies.html?tdcode=F0534
wfo-0000144682,"Rhizome short, ascending, bearing close fronds, scaly at apex; scales stiff, gradually narrowing from base towards hair-pointed apex, more or less wavy in upper portion, deep purplish-brown with paler margin, up to 8 by 1 mm. Stipe about 50 cm long, dark purplish to nearly black, polished, densely pubescent. Lamina about 50 cm long and wide, deeply bipinnatisect; lateral pinnae subopposite, 3–5 pairs, upper ones stalked or subsessile, apical portion with lobed adnate pinnae, base rather suddenly cuneate, not decurrent to form wings of rachis; lobes oblique, oblong-subtriangular, acuminate at apex, up to 7 by 2 cm, wavy at margin; herbaceous to softly papyraceous, rachis and costa dark purplish, densely pubescent above; veins raised or distinct below, copiously anastomosing. Sori at apex of short included free veinlets, round, small, up to 0.7 mm diam., scattered irregularly on whole undersurface; indusia small, fugacious.",general,EN,"M. Tagawa, K. Iwatsuki",,Forest Herbarium,2021-07-31,Rachun Pooma,ref-THA-0000144682,3,3,"Tectaria melanocaulis. Flora of Thailand. Vol. 3. Part 3, 1988. Pg. 367–368. Accessed 2021-07-31",All rights reserved,Forest Herbarium,https://botany.dnp.go.th/eflora/floraspecies.html?tdcode=F0514
wfo-0001117088,"Rhizome short, creeping to ascending, densely scaly; scales linear-subtriangular, up to 7 by 1 mm, dark brown with very narrow paler margin, stiff. Stipe about 6.5 cm long, castaneous, more or less bright, glabrescent upwards. Lamina bipinnate at base, oblong-ovate, about 45 by 30 cm; rachis castaneous, densely pubescent on upper surface, sparsely beneath; lateral pinnae about 4 pairs, basal pinna trifoliate or with a few pairs of pinnules, terminal pinnule falcate, shallowly lobed, caudately acuminate at apex, cuneate at base, lateral pinnule broadly lanceolate, shortly stalked at cuneate base, crenate at margin, lobes ovate-subdeltoid, round to moderately acute at apex, up to 0.7 by 1 cm, middle pinnae stalked, lanceolate, shallowly lobed at margin, terminal pinna cuneate at base, lobed at basal part, caudate at apex; papyraceous, green, glabrous; costa and costules raised on both surfaces, castaneous, pubescent on both sides; main veins paler, pubescent beneath; veinlets forming irregular anastomosis with included free veinlets, pubescent beneath. Sori in two irregular rows between adjacent main veins, terminal on included free veinlets, round, about 1.5 mm diam.; indusia small, pubescent.",general,EN,"M. Tagawa, K. Iwatsuki",,Forest Herbarium,2021-07-31,Rachun Pooma,ref-THA-0001117088,3,3,"Tectaria phaeocaulis. Flora of Thailand. Vol. 3. Part 3, 1988. Pg. 371. Accessed 2021-07-31",All rights reserved,Forest Herbarium,https://botany.dnp.go.th/eflora/floraspecies.html?tdcode=F0517
wfo-0001123568,"Rhizome short, ascending to suberect; scales linear-subtriangular, about 10 by 2 mm, brown, stiff, margined with pale thinner edges about 0.3 mm broad. Stipe stramineous to brown, densely pubescent on adaxial surface, glabrescent beneath, 30–80 cm long. Lamina imparipinnate, ovate-oblong, 30–60 by 30–50 cm; rachis densely pubescent on upper surface, glabrescent beneath; lateral pinnae oblong-lanceolate, caudate at apex, cuneate to rounded at base, shortly stalked or sessile, broadest at ⅓ way from apex; usually about 20 by 5 cm, or up to 30 by 10 cm, subentire, or rarely coarsely dentate, or each basal pinna sometimes with single large basiscopic lobe, terminal pinna a little larger, broadest at ⅔ way from apex, up to 20 by 6–10 cm, papyraceous, green, glabrous; costa and main veins distinctly raised beneath, shortly pubescent, veins copiously anastomosing, main areoles distinct including two rows of smaller areoles with free included veinlets, all veinlets raised beneath, glabrous. Sori on cross veins or sometimes on included free veins, irregularly scattered on lower surface of pinnae, round, about 1 mm diam.; indusia small, fugacious, pubescent.",general,EN,"M. Tagawa, K. Iwatsuki",,Forest Herbarium,2021-07-31,Rachun Pooma,ref-THA-0001123568,3,3,"Tectaria polymorpha. Flora of Thailand. Vol. 3. Part 3, 1988. Pg. 378–379. Accessed 2021-07-31",All rights reserved,Forest Herbarium,https://botany.dnp.go.th/eflora/floraspecies.html?tdcode=F0528
wfo-0001269941,"Rhizome short, ascending, densely scaly; scales stiff, dark brown to nearly black, entire, linear-subtriangular, up to 17 by 1.5 mm. Stipe up to 80 cm long, castaneous to brown, scaly near base, minutely puberulous throughout. Lamina broadly deltoid, about 50 cm long and wide, bipinnate at base; rachis densely puberulous; lateral pinnae 3–5 pairs, basal pinnae much the largest, up to 40 by 30 cm, asymmetrically subdeltoid, deeply lobed or pinnate near base; terminal pinna subtriangular, acuminate at apex, cuneate at base, lobed; pinna-rachis and costa densely puberulous on upper surface, hairy beneath, basiscopic pinnule of basal pinna larger, shortly stalked or sessile, crenate to lobed, up to 23 by 6 cm; lobes of other pinnae rounded to acute at apex, entire; herbaceous or thicker, deep green, paler beneath; veins sparsely hairy, raised beneath, forming irregular areoles with numerous included free veinlets. Sori dispersed on lower surface or sometimes confined to lobes, on reticulate veins, round, about 1.5 mm diam.; indusia more or less persistent, minutely hairy or glabrescent.",general,EN,"M. Tagawa, K. Iwatsuki",,Forest Herbarium,2021-07-31,Rachun Pooma,ref-THA-0001269941,3,3,"Tectaria rockii. Flora of Thailand. Vol. 3. Part 3, 1988. Pg. 374. Accessed 2021-07-31",All rights reserved,Forest Herbarium,https://botany.dnp.go.th/eflora/floraspecies.html?tdcode=F0522
wfo-0001266864,Different from T. Polymorpha only in narrowly cuneate base of lateral pinnae.,general,EN,"M. Tagawa, K. Iwatsuki",,Forest Herbarium,2021-07-31,Rachun Pooma,ref-THA-0001266864,3,3,"Tectaria rumicifolia. Flora of Thailand. Vol. 3. Part 3, 1988. Pg. 380. Accessed 2021-07-31",All rights reserved,Forest Herbarium,https://botany.dnp.go.th/eflora/floraspecies.html?tdcode=F0530
wfo-0001117090,"Rhizome short, ascending, scaly at apex; scales linear-subtriangular, up to 15 by 1.3 mm, dark brown to nearly black, stiff, entire. Stipe 40–60 cm long, dark purple to nearly black, more or less polished, minutely pubescent throughout. Lamina subpentagonal, bipinnate to tripinnatifid, 30–40 by 25–40 cm; lateral pinnae 2–4 pairs, basal pinnae up to 25 cm long and wide, stalked, with a few free pinnules like the upper pinnae, which are stalked or sessile, oblanceolate, caudate at apex, rounded at base, up to 23 by 5 cm, with one or two lateral lobes, subentire or irregularly crenulate, apical pinna subdeltoid-lanceolate, broadest at base, lobed in lower part; thin, deep-green; costa of lower pinnae nearly black, pubescent, of upper pinnae like main veins paler, distinctly raised beneath, other veins slightly raised on both surfaces, glabrescent, forming copious anastomoses with many included free veinlets. Sori at apex or at junction of veinlets, irregularly arranged in 2–5 rows between main veins, round or often elongate and united to the next one, usually up to 0.8 mm diam.; indusia small, caducous.",general,EN,"M. Tagawa, K. Iwatsuki",,Forest Herbarium,2021-07-31,Rachun Pooma,ref-THA-0001117090,3,3,"Tectaria simonsii. Flora of Thailand. Vol. 3. Part 3, 1988. Pg. 373–374. Accessed 2021-07-31",All rights reserved,Forest Herbarium,https://botany.dnp.go.th/eflora/floraspecies.html?tdcode=F0523
wfo-0000144721,"Rhizome short-creeping, fleshy, 2–5 mm diam., scaly; scales small, up to 1.2 mm long, brown, not very stiff. Stipe 20–30 cm long, stramineous, rather sparsely hairy upwards. Lamina pentagonal, bi- or tripinnatifid at base, up to 20 cm long and wide; rachis densely pubescent throughout, slender; free lateral pinnae 1 to 3 pairs; basal pinnae the largest, asymmetrically oblong-subdeltoid, falcate, rounded at stalked base, caudate, acuminate at apex, deeply lobed, up to 12 by 7 cm; upper free pinnae like the free pinnules of basal pinnae, sessile or decurrent, falcate, acute to acuminate at apex, rounded to broadly cuneate at base, apical pinna larger, oblong-subdeltoid, deeply lobed, caudate at apex; lobes oblong-subdeltoid, round to acute at apex, entire or crenulate; soft-herbaceous, light green, minutely hairy on both surfaces; costa and costules densely and minutely hairy, veins anastomosing with few free veinlets, hairy. Sori round to oblong, at junction usually along costal or costular areoles, up to 2 mm diam., without indusia.",general,EN,"M. Tagawa, K. Iwatsuki",,Forest Herbarium,2021-07-31,Rachun Pooma,ref-THA-0000144721,3,3,"Tectaria tenerifrons. Flora of Thailand. Vol. 3. Part 3, 1988. Pg. 377–378. Accessed 2021-07-31",All rights reserved,Forest Herbarium,https://botany.dnp.go.th/eflora/floraspecies.html?tdcode=F0526
wfo-0001266829,"Rhizome short, ascending, scaly; scales narrow, linear-subtriangular, about 5 by 0.8 mm, entire or fimbriate when young, brown or darker. Stipe up to 30 cm long, stramineous or pale castaeous, pubescent throughout. Lamina trifoliate or quinquefoliate, the fertile soriferous ones more or less contracted; lateral leaflets very shortly stalked with gemmae at junction to rachis, ovate-oblong with rounded base and caudate-acuminate apex, about 12 by 5 cm, subentire or irregularly lobed; terminal leaflets simple or trilobed, cuneate to very broadly cuneate at base, subentire to shallowly lobed, up to 14 by 6 cm; rachis and raised underside of costa with short articulated hairs; lateral main veins raised below, hairy, veins forming copious areoles (venatio drynariae), with simple or branched included veinlets, visible on both surfaces, glabrous; texture softly papyraceous to herbaceous, glabrous on surfaces. Sori round to elongate, large, up to 1.5 mm diam., dorsal on anastomosing veins, two rows between adjacent main veins, sometimes confluent at maturity; indusia not seen.",general,EN,"M. Tagawa, K. Iwatsuki",,Forest Herbarium,2021-07-31,Rachun Pooma,ref-THA-0001266829,3,3,"Tectaria ternifolia. Flora of Thailand. Vol. 3. Part 3, 1988. Pg. 378. Accessed 2021-07-31",All rights reserved,Forest Herbarium,https://botany.dnp.go.th/eflora/floraspecies.html?tdcode=F0527
wfo-0001125556,"Rhizome short, creeping, ascending or erect, 3–5 mm diam.; scales linear, hairy at margin, rather stiff, bicoloured by nearly black central portion with brown ferrugineous edges or concolorous brown, up to 7 by 0.8 mm. Stipe pale brown to castaneous, 15–35 cm in sterile and up to 60 cm in fertile fronds, densely pubescent on adaxial surface, glabrous beneath. Lamina ovate-subdeltoid or pentagonal, up to 40 by 30 cm, tripinnatifid at base; lateral pinnae 2–4 pairs, the basal pinna much the largest, stalked, asymmetrically subtriangular, acute at apex, with one or two basal basiscopic pinnules; upper pinnae shortly stalked, deeply lobed or with a free sessile basal basiscopic pinnule; apical pinna subdeltoid, cuneate and a little decurrent at base, deeply lobed to pinnatifid; herbaceous, green, glabrous on laminar surface; rachis and pinna-rachis with dense articulated hairs above, glabrous beneath; veins forming copious anastomoses with included veinlets. Sori terminal on free included veinlets, round, usually in single row at each side of midrib, more or less raised on upper surface; indusia up to 1 mm diam., persistent, glabrous.",general,EN,"M. Tagawa, K. Iwatsuki",,Forest Herbarium,2021-07-31,Rachun Pooma,ref-THA-0001125556,3,3,"Tectaria variolosa. Flora of Thailand. Vol. 3. Part 3, 1988. Pg. 368–370. Accessed 2021-07-31",All rights reserved,Forest Herbarium,https://botany.dnp.go.th/eflora/floraspecies.html?tdcode=F0515
wfo-0001118153,"Rhizome short, suberect, densely covered with scales at apex; scales gradually narrowing from base towards apex, dark brown, stiff, entire, up to 16 by 1.7 mm. Stipe about 20 cm below the basal lobe, broadly winged throughout, wings up to 1 cm broad on both sides, densely scaly at base, glabrescent upwards. Lamina up to 35 by 20 cm, simple or pinnatifid with lateral lobes; lateral lobes oblong with caudate apex, about 12 by 4 cm; simple lamina or terminal lobe oblanceolate to oblong, acute to acuminate at apex, narrowing towards base, up to 35 by 12 cm, almost entire at margin; rachis raised beneath, pubescent; main veins raised on both surfaces, cross-veins distinct, venation reticulate to from main areoles and smaller ones with simple or branched included veinlets. Sori on included veinlets or on anastomosing veins, in two rows between main veins; indusia glabrous, about 1 mm diam.",general,EN,"M. Tagawa, K. Iwatsuki",,Forest Herbarium,2021-07-31,Rachun Pooma,ref-THA-0001118153,3,3,"Tectaria vasta. Flora of Thailand. Vol. 3. Part 3, 1988. Pg. 380–381. Accessed 2021-07-31",All rights reserved,Forest Herbarium,https://botany.dnp.go.th/eflora/floraspecies.html?tdcode=F0532
wfo-0001257046,"Rhizome very slender, creeping or climbing. Bathyphylls leafy on lower portion of rachis, gradually more pinnate upwards, up to 8 by 2 cm, oblong with acute apex; pinnae up to 1.5 cm broad, entire or rarely forked. Sterile acrophyll up to 60 by 20 cm, oblong-lanceolate; pinnae about 15 pairs and a single terminal one, lanceolate, acuminate at apex, rounded to truncate at base, shortly stalked or sessile, up to 12 by 2.5 cm; papyraceous. Fertile frond pinnate; pinnae linear, more than 20 cm long, up to 2 mm broad; sporangia dispersed on lower surface of pinna except on midrib.",general,EN,"M. Tagawa, K. Iwatsuki",,Forest Herbarium,2021-07-31,Rachun Pooma,ref-THA-0001257046,3,3,"Teratophyllum aculeatum. Flora of Thailand. Vol. 3. Part 3, 1988. Pg. 322–324. Accessed 2021-07-31",All rights reserved,Forest Herbarium,https://botany.dnp.go.th/eflora/floraspecies.html?tdcode=F0452
wfo-0001257127,"Rhizome long-creeping, about 5 mm diam., sparsely prickly, scaly at apex; scales small, about 1 mm long, with irregular projections at margin. Stipe swollen at base, glabrescent, 5–20 cm long. Bathyphylls 2.5–7.5 cm long; pinnae smaller towards base, 0.5–3 cm long, ovate, cuneate at base, blunt at apex, subentire or crenate at margin at upper portion. Acrophylls: lamina up to 45 by 25 cm; pinnae about 10 pairs, 13–15 by 2–4.5 cm, narrowly elliptic, cuneate at base, acuminate at apex; subcoriaceous, margin not thickened, involute in dried specimens; fertile pinnae up to 20 cm by 3 mm, stalked.",general,EN,"M. Tagawa, K. Iwatsuki",,Forest Herbarium,2021-07-31,Rachun Pooma,ref-THA-0001257127,3,3,"Teratophyllum ludens. Flora of Thailand. Vol. 3. Part 3, 1988. Pg. 324. Accessed 2021-07-31",All rights reserved,Forest Herbarium,https://botany.dnp.go.th/eflora/floraspecies.html?tdcode=F0453
wfo-0001125696,"Rhizome long-creeping, about 3 mm diam.: scales pale brown, membranous, caducous, up to 5 by 1.5 mm. Stipe about 50 cm long, scaly as well as hairy near base, bearing reduced pinnae on upper part. Lamina oblong-lanceolate, gradually narrowing downwards, acute at apex; rachis densely hairy throughout; lower pinnae gradually narrowing downwards to mere auricles, middle pinnae larger, sessile, patent, linear-lanceolate, gradually narrowing towards long-acuminate apex, more or less auricled at base, up to 12 by 1.3 cm, lobed ⅓ way to costa; segments oblong-subdeltoid, acute to aciculate at apex, entire; chartaceous to coriaceous, pubescent on lower surface; veins pinnate, about 3 lower pairs uniting with those of the opposite groups, hairy as well as yellow-glandular. Sori medial; indusia small, thin, hairy, usually immersed among sporangia at maturity.",general,EN,"M. Tagawa, K. Iwatsuki",,Forest Herbarium,2021-07-31,Rachun Pooma,ref-THA-0001125696,3,3,"Thelypteris arida. Flora of Thailand. Vol. 3. Part 3, 1988. Pg. 431–432. Accessed 2021-07-31",All rights reserved,Forest Herbarium,https://botany.dnp.go.th/eflora/floraspecies.html?tdcode=F0597
wfo-0000153155,"Rhizome short, massive; scales hairy. Stipe about 50 cm long, hairy. Lamina indistinctly dimorphic; lamina oblong-lanceolate, up to 80 by 30 cm; sterile pinnae oblong-lanceolate, gradually narrowing towards long-acuminate apex, narrowly cuneate at basiscopic and subtruncate at acroscopic bases, shallowly lobed, up to 25 by 4 cm; soriferous pinnae narrower, cuneate or broadly cuneate at base, very shortly stalked or sessile, up to 20 by 2.5 cm, shallowly lobed; lobes semiorbicular, or obtuse at apex; papyraceous to softly chartaceous, glabrous, glandular; veins meniscioid with a few pairs of free veinlets near margin. Sori medial, round to oblong; indusia large, thin but firm, persistent, hairy.",general,EN,"M. Tagawa, K. Iwatsuki",,Forest Herbarium,2021-07-31,Rachun Pooma,ref-THA-0000153155,3,3,"Thelypteris articulata. Flora of Thailand. Vol. 3. Part 3, 1988. Pg. 406–408. Accessed 2021-07-31",All rights reserved,Forest Herbarium,https://botany.dnp.go.th/eflora/floraspecies.html?tdcode=F0561
wfo-0001125586,"Rhizome creeping; scales oblong-subtriangular, about 7 by 1.2 mm, pale brown, hairy at margin. Stipe about 50 cm long, dark and scaly at base. Lamina oblong, about 50 by 30 cm; lateral pinnae about 4–6 pairs, lowest pair sometimes reduced, upper ones larger, sessile, narrowly oblong, caudate at apex, gradually narrowing towards narrowly cuneate base, about 20 by 4.5 cm, subentire or irregularly undulate, cartilagineous at margin; venation meniscioid; texture papyraceous, firm, pale green to green, verrucose, sparsely pubescent or glabrescent. Sori in two rows, medial one close to excurrent veinlets; indusia small, persistent but usually immersed among sporangia at maturity, hairy; sporangia with a few setose hairs.",general,EN,"M. Tagawa, K. Iwatsuki",,Forest Herbarium,2021-07-31,Rachun Pooma,ref-THA-0001125586,3,3,"Thelypteris aspera. Flora of Thailand. Vol. 3. Part 3, 1988. Pg. 411. Accessed 2021-07-31",All rights reserved,Forest Herbarium,https://botany.dnp.go.th/eflora/floraspecies.html?tdcode=F0566
wfo-0001117713,"Rhizome short, erect; scales up to 3 by 1.5 mm, membranous, appressed, brown, hairy. Stipe stramineous to greyish, hairy throughout, about 30 cm long. Soriferous fronds usually taller and larger than sterile ones, oblong-lanceolate, acute at apex, 15–35 by 6–13 cm; lowest pinnae shortened, deflexed, pinnae of lower ⅓ largest, patent, subsessile, linear-lanceolate, caudately acuminate at apex, broadly cuneate at base, often auricled; rachis and costa densely hirsute; segments falcate, oblique, rounded at apex, subentire, hairy at margin; chartaceous or thicker, deep green; veins pinnate, veinlets simple, basal anterior ones running to sinus, hairy. Sori subcostular, often confluent at maturity; indusia firm, persistent, hairy.",general,EN,"M. Tagawa, K. Iwatsuki",,Forest Herbarium,2021-07-31,Rachun Pooma,ref-THA-0001117713,3,3,"Thelypteris ciliata. Flora of Thailand. Vol. 3. Part 3, 1988. Pg. 401–403. Accessed 2021-07-31",All rights reserved,Forest Herbarium,https://botany.dnp.go.th/eflora/floraspecies.html?tdcode=F0556
wfo-0001110850,"Rhizome long-creeping, with distant fronds; scales oblong with long tails, sparsely hairy at margin, 2 by 0.8 mm, pale brown. Stipe stramineous with dark base, about 20 cm long. Lamina oblong-lanceolate, acute at apex, up to 25 by 8 cm wide, pinnate; lateral pinnae lanceolate, acute at apex, shortly stalked, pinnatisect, up to 7 by 1.2 cm; segments oblong, oblique, moderately acute at apex; rachis and costa scaly underneath with broad pale brown membranous scales; veins pinnate, veinlets forked or simple, reaching the margin of lobes. Sori dorsal on veinlets, round, sometimes adhering to the next at maturity; indusia round-reniform, hairy at margin.",general,EN,"M. Tagawa, K. Iwatsuki",,Forest Herbarium,2021-07-31,Rachun Pooma,ref-THA-0001110850,3,3,"Thelypteris confluens. Flora of Thailand. Vol. 3. Part 3, 1988. Pg. 401. Accessed 2021-07-31",All rights reserved,Forest Herbarium,https://botany.dnp.go.th/eflora/floraspecies.html?tdcode=F0555
wfo-0001269840,"Rhizome short-creeping, up to 1 cm diam.; scales linear-lanceolate, up to 8 by 1.5 mm, brown, hairy. Stipe stramineous with dark base, about 50 cm in soriferous fronds, 30 cm in sterile ones. Lamina oblong, attenuate at apex, up to 40 by 25 cm, narrower in soriferous fronds; lowest pinnae usually deflexed, lower pinnae distinctly stalked, narrowly oblong with acuminate apex and broadly cuneate base, up to 15 by 4 cm in sterile ones, up to 2.5 cm wide in soriferous ones, lobed to ⅔ way towards costa; upper pinnae sessile, smaller, ascending; segments oblong, oblique to falcate, round at apex, entire, up to 13 by 7 mm; chartaceous to coriaceous, deep green, verrucose on lower surface; veins pinnate, veinlets simple, basal posterior ones springing directly from costa, running to sinus between segments. Sori medial, 7 mm diam.; indusia persistent, hairy.",general,EN,"M. Tagawa, K. Iwatsuki",,Forest Herbarium,2021-07-31,Rachun Pooma,ref-THA-0001269840,3,3,"Thelypteris crassifolia. Flora of Thailand. Vol. 3. Part 3, 1988. Pg. 403. Accessed 2021-07-31",All rights reserved,Forest Herbarium,https://botany.dnp.go.th/eflora/floraspecies.html?tdcode=F0557
wfo-0001125693,"Rhizome short, erect or ascending; scales linear-lanceolate with long-tailed apex, up to 20 by 1.2 mm, brown, glabrous. Stipe 20–60 cm long, with reduced pinnae on upper part, densely scaly throughout. Lamina oblong-lanceolate with acute apex, up to 100 by 40 cm; rachis scaly throughout; several lower pinnae distinctly reduced and immersed among scales, lower normal pinnae straight, ascending, linear, gradually narrowing towards long-acuminate apex, up to 25 by 1.5 cm, lobed half-way to costa; segments oblong, oblique, acute at apex; chartaceous, green to deep green, pubescent on undersurface; costa pubescent; veins pinnate, basal pairs of veinlets uniting with those of the adjacent group to form connivent veinlets, the others running to the margin of segments, hairy. Sori medial or nearer to margin, round; indusia round-reniform, densely hairy.",general,EN,"M. Tagawa, K. Iwatsuki",,Forest Herbarium,2021-07-31,Rachun Pooma,ref-THA-0001125693,3,3,"Thelypteris crinipes. Flora of Thailand. Vol. 3. Part 3, 1988. Pg. 430–431. Accessed 2021-07-31",All rights reserved,Forest Herbarium,https://botany.dnp.go.th/eflora/floraspecies.html?tdcode=F0596
wfo-0001125623,"Rhizome creeping, about 5 mm diam.; scales narrow, up to 7 by 1 mm, brown, hairy. Stipe about 50 cm long, hairy throughout, scaly and dark at base. Lamina oblong-lanceolate, acute at apex, up to 40 by 25 cm; basal 1 or 2 pairs of pinnae deflexed, not shortened, middle pinnae patent or ascending, more or less falcate, caudate-acuminate at apex, truncate at sessile base, deeply lobed nearly to costa, up to 12 by 2 cm; rachis and costa rather densely hairy throughout; segments oblong, oblique, moderately acute to rounded at apex, entire, up to 7 by 3 mm, venation pinnate, veinlets simple, about 12 pairs, the lowest pairs uniting to form excurrent veinlets towards callous-sinus, hairy as well as glandular; texture thinly papyraceous, pale green, densely hairy with setose unicellular hairs, glandular on lower surface; glands orange to red, round to clavate, sessile, rather dense. Sori medial; indusia small, persistent, shortly hairy.",general,EN,"M. Tagawa, K. Iwatsuki",,Forest Herbarium,2021-07-31,Rachun Pooma,ref-THA-0001125623,3,3,"Thelypteris cylindrothrix. Flora of Thailand. Vol. 3. Part 3, 1988. Pg. 423–424. Accessed 2021-07-31",All rights reserved,Forest Herbarium,https://botany.dnp.go.th/eflora/floraspecies.html?tdcode=F0585
wfo-0001109405,"Rhizome short, erect, ascending, or shortly creeping, with a tuft of fronds; scales narrow, about 8 by 1.5 mm, pale brown, hairy. Stipe about 30 cm long, bearing reduced pinnae on upper portion, scaly at base, hairy throughout. Lamina narrowly oblong, acute at apex, gradually narrowing downwards, up to 75 by 25 cm; lateral pinnae about 20 pairs, patent to ascending, sessile, linear-lanceolate, more or less auricled at base, gradually narrowing towards long-acuminate apex, up to 14 by 2 cm, lobed ⅓ to ⅔ way to costa; lower pinnae gradually becoming smaller downwards but rarely reduced to mere auricles; segments oblong-subdeltoid, oblique, rounded at apex, entire; herbaceous to softly papyraceous, yellow-green to green, densely pubescent on both surfaces; basal veinlets and basal second anterior ones uniting below callous-membrane. Sori medial, round; indusia large, densely hairy.",general,EN,"M. Tagawa, K. Iwatsuki",,Forest Herbarium,2021-07-31,Rachun Pooma,ref-THA-0001109405,3,3,"Thelypteris dentata. Flora of Thailand. Vol. 3. Part 3, 1988. Pg. 427. Accessed 2021-07-31",All rights reserved,Forest Herbarium,https://botany.dnp.go.th/eflora/floraspecies.html?tdcode=F0589
wfo-0001252901,Similar to the preceding species but different in glabrous verrucose undersurface of fronds and short erect rhizome.,general,EN,"M. Tagawa, K. Iwatsuki",,Forest Herbarium,2021-07-31,Rachun Pooma,ref-THA-0001252901,3,3,"Thelypteris evoluta. Flora of Thailand. Vol. 3. Part 3, 1988. Pg. 430. Accessed 2021-07-31",All rights reserved,Forest Herbarium,https://botany.dnp.go.th/eflora/floraspecies.html?tdcode=F0595
wfo-0000153287,"Rhizome short, ascending; scales small, brown, hairy. Frond dimorphic, fertile frond taller. Stipe hairy throughout, up to 15 cm long in fertile and 7 cm in sterile ones. Lamina oblong to oblong-lanceolate, acute at apex, up to 15 by 4 cm in fertile, and 12 by 5 cm in sterile ones, without distinct terminal pinnae; sterile pinnae about 7 pairs, gradually narrowing towards acute apex, distinctly auricled at acroscopic and broadly cuneate at basiscopic bases, shortly stalked or sessile, nearly entire, up to 30 by 6 mm; chartaceous, deep green, verrucose below, venation meniscioid, areoles 2 or 3 row; fertile pinnae narrower, up to 25 by 6 mm, with auricles at acroscopic base, shortly stalked. Sori round when young, indusiate, becoming confluent at maturity; indusia small, dark green, setose.",general,EN,"M. Tagawa, K. Iwatsuki",,Forest Herbarium,2021-07-31,Rachun Pooma,ref-THA-0000153287,3,3,"Thelypteris exsculpta. Flora of Thailand. Vol. 3. Part 3, 1988. Pg. 410. Accessed 2021-07-31",All rights reserved,Forest Herbarium,https://botany.dnp.go.th/eflora/floraspecies.html?tdcode=F0564
wfo-0001125621,"Rhizome short, erect; scales up to 4 by 2 mm, pale brown, thin and appressed, hairy at margin. Stipe up to 25 cm long, with reduced pinnae nearly to base. Lamina oblong-lanceolate, acute at apex, up to 30 by 13 cm; lower pinnae reduced to mere auricles, middle pinnae linear-lanceolate, gradually narrowing towards long-acuminate apex, cuneate at sessil base, up to 12 by 1.2 cm, deeply lobed nearly towards costa; segments falcate, oblique, forming angle of 35°–45° between costa and costule, acute at apex, entire and often involute; softly chartaceous, green, pubescent on under surface; veins pinnate, veinlets simple, hairy, basal anterior ones running to callous-membrane in sinus between segments. Sori round, medial; indusia persistent, glandular.",general,EN,"M. Tagawa, K. Iwatsuki",,Forest Herbarium,2021-07-31,Rachun Pooma,ref-THA-0001125621,3,3,"Thelypteris falciloba. Flora of Thailand. Vol. 3. Part 3, 1988. Pg. 422–423. Accessed 2021-07-31",All rights reserved,Forest Herbarium,https://botany.dnp.go.th/eflora/floraspecies.html?tdcode=F0583
wfo-0000153292,"Rhizome erect; scales narrow, about 3.5 by 2 mm, hairy, brown. Frond gigantic; rachis glabrous or sparsely scaly with linear hairy scales; middle lateral pinnae linear, up to 50 by 3 cm, gradually narrowing towards long-acuminate apex, narrowing a little towards truncate base, lobed to ¼ way towards costa; segments oblong-subdeltoid, moderately acute at apex, entire; papyraceous to thinly chartaceous, firm, glabrous; veins pinnate, the lowest meeting with concurrent veinlets, lower several pairs uniting at long callous membrane below sinus. Sori strictly costular, round, usually confluent along costules at maturity; indusia brown, thin, small but persistent, hairy, glandular at margin.",general,EN,"M. Tagawa, K. Iwatsuki",,Forest Herbarium,2021-07-31,Rachun Pooma,ref-THA-0000153292,3,3,"Thelypteris ferox. Flora of Thailand. Vol. 3. Part 3, 1988. Pg. 403–404. Accessed 2021-07-31",All rights reserved,Forest Herbarium,https://botany.dnp.go.th/eflora/floraspecies.html?tdcode=F0558
wfo-0001125573,"Rhizome short, erect; scales narrow, thin and usually crisped, up to 5 by 0.8 mm, brown, hairy on dorsal surface and at margin. Stipe up to 20 cm long, stramineous to pale castaneous, scaly on basal portion, hairy throughout. Lamina oblong-lanceolate, pinnate-bipinnatifid, up to 40 by 15 cm; pinnae about 5 cm apart, falcate, basal one or two smaller, all sessile, middle larger ones lanceolate, acuminate at apex, up to 8 by 2 cm; costa hairy throughout, winged; pinnules patent, narrowly oblong, rounded at apex, decurrent at base towards the wings of costa, deeply lobed to ⅔ way towards costule, up to 10 by 5 mm; lobes oblong to subdeltoid, moderately acute at apex, serrate; papyraceous, green; veins pinnate, veinlets usually forked, not reaching the very margin of lobes; hairs all unicellular, simple, patent or sometimes hooked on laminar surface. Sori dorsal on veinlets, medial; indusia caducous, small, pale brown, hairy.",general,EN,"M. Tagawa, K. Iwatsuki",,Forest Herbarium,2021-07-31,Rachun Pooma,ref-THA-0001125573,3,3,"Thelypteris flaccida. Flora of Thailand. Vol. 3. Part 3, 1988. Pg. 399. Accessed 2021-07-31",All rights reserved,Forest Herbarium,https://botany.dnp.go.th/eflora/floraspecies.html?tdcode=F0552
wfo-0001123579,"Rhizome short-creeping, with close fronds; scales sparse, small, up to 1.5 by 0.4 mm, bright brown, hairy. Stipe stramineous to castaneous, dark and densely hairy at base; hairs pale, patent, up to 2 mm long, multicellular. Lamina oblong, acute at apex, up to 40 by 15 cm; lower one or two pinnae reflexed, middle pinnae sessile, patent, acute to acuminate at apex, up to 9 by 1.8 cm, deeply lobed nearly to costa; segments oblong, rounded to obtuse at apex, softly papyraceous, green with round orange-red glands on undersurface; rachis and costa green to stramineous, hairy; veins pinnate, veinlets simple, all reaching the margin of segments, hairy as well as glandular. Sori medial or subcostular, large, up to 1 mm diam.; indusia round-reniform, persistent, hairy.",general,EN,"M. Tagawa, K. Iwatsuki",,Forest Herbarium,2021-07-31,Rachun Pooma,ref-THA-0001123579,3,3,"Thelypteris hirsutipes. Flora of Thailand. Vol. 3. Part 3, 1988. Pg. 406. Accessed 2021-07-31",All rights reserved,Forest Herbarium,https://botany.dnp.go.th/eflora/floraspecies.html?tdcode=F0560
wfo-0001125610,"Rhizome long-creeping, about 6 mm diam.; scales up to 10 by 1.5 mm, brown, hairy. Stipe 20–50 cm long, scaly at base, hirsute throughout. Lamina oblong or subrectangular with a long terminal pinna, up to 80 by 45 cm; lower pinnae hardly reduced, or lower one or two pairs slightly reduced and deflexed, larger pinnae patent to slightly ascending, about 12 pairs, nearly straight, shortly stalked, linear, gradually narrowing to long-acuminate apex, round to broadly cuneate at base, up to 25 by 2.5 cm, lobed more than ⅓ way towards costa; segments subdeltoid, oblique, acute at apex; softly papyraceous, hirsute on surface, more than 2 pairs of lower veinlets truly anastomosing below callous-sinus. Sori medial, round; indusia rather small, hairy, persistent but usually under sporangia in matured sori; sporangia setose.",general,EN,"M. Tagawa, K. Iwatsuki",,Forest Herbarium,2021-07-31,Rachun Pooma,ref-THA-0001125610,3,3,"Thelypteris hirtisora. Flora of Thailand. Vol. 3. Part 3, 1988. Pg. 418. Accessed 2021-07-31",All rights reserved,Forest Herbarium,https://botany.dnp.go.th/eflora/floraspecies.html?tdcode=F0577
wfo-0001125702,"Rhizome short, erect, thick; scales linear, brown, up to 20 by 1.5 mm, hairy on dorsal surface as well as at margin. Stipe stramineous to pale castaneous, about 70 cm long, scaly near base, pubescent. Lamina oblong-lanceolate, pinnate, about 100 by 50 cm; lateral pinnae more than 30 pairs, lower ones opposite, basal pair much reduced, lower ones linear-lanceolate, acuminate at apex, narrowing towards sessile base, about 30 by 3 cm, deeply lobed to costa leaving about 1 mm below the sinus; lobes patent or a little falcate, narrowly oblong, moderately acute at apex, entire, about 15 by 3 mm; thin, papyraceous, pale green; veins pinnate, veinlets simple, more than 15 pairs, covered densely with yellow glands; costa; costules and veins hairy, hairs pale, setose, 1 mm or longer. Sori medial; indusia up to 0.7 mm diam., glabrous, persistent.",general,EN,"M. Tagawa, K. Iwatsuki",,Forest Herbarium,2021-07-31,Rachun Pooma,ref-THA-0001125702,3,3,"Thelypteris immersa. Flora of Thailand. Vol. 3. Part 3, 1988. Pg. 433–435. Accessed 2021-07-31",All rights reserved,Forest Herbarium,https://botany.dnp.go.th/eflora/floraspecies.html?tdcode=F0600
wfo-0001109418,"Rhizome long-creeping, up to 4 mm diam., usually dark and naked; scales caducous, subdeltoid, pale brown, thin, up to 25 by 1.5 mm, glabrous. Stipe up to 70 cm long, stramineous with dark base, glabrous. Lamina oblong-lanceolate, acute at apex, basal pinnae hardly reduced, up to 60 by 20 cm; middle larger pinnae sessile, linear-lanceolate, gradually narrowing towards acute apex, rounded at base, up to 12 by 1.3 cm, lobed to ¼ way towards costa; costa hairy, bearing scales sparsely; segments oblong-subdeltoid with aciculate apex; papyraceous to thinly chartaceous, pubescent on under surface; veins pinnate, usually 1.5 pairs of basal veinlets uniting with those of the adjacent groups, hairy as well as glandular. Sori confined to segments, usually confluent at maturity; indusia hairy, caducous.",general,EN,"M. Tagawa, K. Iwatsuki",,Forest Herbarium,2021-07-31,Rachun Pooma,ref-THA-0001109418,3,3,"Thelypteris interrupta. Flora of Thailand. Vol. 3. Part 3, 1988. Pg. 400. Accessed 2021-07-31",All rights reserved,Forest Herbarium,https://botany.dnp.go.th/eflora/floraspecies.html?tdcode=F0554
wfo-0001125594,"Rhizome creeping, 6–8 mm diam., blackish; scales oblong-ovate with tails, up to 5 by 1.3 mm, brown, hairy. Stipe up to 100 cm long, stramineous with dark scaly base. Lamina oblong, nearly as long as stipes, up to 50 cm wide; lateral pinnae 6–9 pairs, subsessile, ascending, narrowly oblong, cuspidate at apex, rounded to broadly cuneate at base, subentire or irregularly undulate, up to 30 by 5.5 cm, basal pinnae reduced or not; thin, papyraceous to herbaceous, green to dark green, tinted red in dried specimens, glabrous; venation meniscioid, or excurrent veins interrupted. Sori in two rows usually close to excurrent veinlets, round to oblong, often confluent at maturity, naked; sporangia not setose.",general,EN,"M. Tagawa, K. Iwatsuki",,Forest Herbarium,2021-07-31,Rachun Pooma,ref-THA-0001125594,3,3,"Thelypteris lakhimpurensis. Flora of Thailand. Vol. 3. Part 3, 1988. Pg. 412–413. Accessed 2021-07-31",All rights reserved,Forest Herbarium,https://botany.dnp.go.th/eflora/floraspecies.html?tdcode=F0568
wfo-0000153373,"Rhizome short; scales narrow, hairy. Stipe hairy throughout, scaly near base, bearing reduced pinnae. Lamina oblong-lanceolate, with a distinct terminal pinna; middle lateral pinnae narrowly lanceolate, gradually narrowing towards long-acuminate apex, subtruncate to broadly cuneate at sessile base, up to 25 by 3.5 cm, lobed to ¼ way towards costa; segments oblique, round to obtuse at apex, papyraceous, pubescent on both surfaces; rachis and costa hairy, hairs setose, multicellular; veins pinnate, veinlets 10–12 pairs, several basal pairs uniting to form a long excurrent vein, hairy, glandular on under surface. Sori medial, oblong, hardly confluent at maturity; indusia oblong, persistent, up to 1.7 by 0.7 mm, bearing round, red, sessile glands and setose hairs.",general,EN,"M. Tagawa, K. Iwatsuki",,Forest Herbarium,2021-07-31,Rachun Pooma,ref-THA-0000153373,3,3,"Thelypteris larutensis. Flora of Thailand. Vol. 3. Part 3, 1988. Pg. 417. Accessed 2021-07-31",All rights reserved,Forest Herbarium,https://botany.dnp.go.th/eflora/floraspecies.html?tdcode=F0575
wfo-0001125672,"Similar to <i>T. dentata</i>, different from it in : frond smaller, up to 50 cm long including stipe; rhizome erect or ascending; lateral pinnae up to 12 pairs, less deeply lobed; basal 1.5–2.5 pairs anastomosing to form goniopteroid venation; lower surface subglabrous to pubescent; indusia subglabrous to hirsute.",general,EN,"M. Tagawa, K. Iwatsuki",,Forest Herbarium,2021-07-31,Rachun Pooma,ref-THA-0001125672,3,3,"Thelypteris latipinna. Flora of Thailand. Vol. 3. Part 3, 1988. Pg. 427–428. Accessed 2021-07-31",All rights reserved,Forest Herbarium,https://botany.dnp.go.th/eflora/floraspecies.html?tdcode=F0590
wfo-0000153378,"Rhizome long-creeping, about 2 mm diam.; scales up to 2 by 0.3 mm, brown. Stipe 12–17 cm long, stramineous, dark at base, densely hairy on adaxial surface. Lamina narrowly elliptic, acute at apex, a little narrowing downwards, about 40 by 10 cm, pinnate; rachis densely hairy above, glabrescent below, hairs setose, transparent, unicellular or with occasional septa(e), up to 0.7 mm long; pinnae 10–15 pairs, middle ones larger, narrowly lanceolate, acuminate at apex, broadly cuneate to subtruncate at sessile base, up to 5 by 1.2 cm, basal acroscopic segments often larger, deeply lobed to more than half-way towards costa, lower pinnae about 4.5 cm apart, a little smaller downwards, distinctly auricled at both bases (i.e. the basal lobes more than twice as large as the next above), the terminal pinna up to 6 by 2 cm, narrowly subtriangular with attenuate apex, basal veinlets joined with the opposite ones, excurrent veins running towards the callous-membrane, second basal veinlets usually running to the margin of lobes above base of sinus; costa, veins and veinlets setose hairy on both surfaces. Sori round, medial, with naked sporangia; indusia small, fugacious, densely setiferous.",general,EN,"M. Tagawa, K. Iwatsuki",,Forest Herbarium,2021-07-31,Rachun Pooma,ref-THA-0000153378,3,3,"Thelypteris lebeufii. Flora of Thailand. Vol. 3. Part 3, 1988. Pg. 423. Accessed 2021-07-31",All rights reserved,Forest Herbarium,https://botany.dnp.go.th/eflora/floraspecies.html?tdcode=F0584
wfo-0000153418,"Rhizome short, massive; scales linear-lanceolate with long tails, about 15 by 2 mm, dark brown, hairy at margin as well as on dorsal surface. Stipe stramineous, hairy throughout, bearing small reduced pinnae on upper portion, about 50 cm long. Lamina up to 100 by 50 cm; rachis densely setose hairy; lower pinnae suddenly reduced to form butterfly-shaped auricles, middle pinnae larger, ascending, linear-lanceolate, widest at middle portion, rather suddenly narrowing towards acute apex, narrowing towards base, cuneate to subtruncate at basiscopic and truncate to auricled at acroscopic bases, sessile, up to 30 by 3.2 cm, lobed to ¼ way towards costa; segments oblong-subdeltoid, oblique, round to moderately acute at apex, entire; papyraceous to chartaceous, green, covered with round yellow glands on both surfaces; veins pinnate, veinlets simple, several lower pairs anastomosing, pubescent. Sori medial; indusia round reniform to horse-shoe-shaped, sometimes confluent, pubescent.",general,EN,"M. Tagawa, K. Iwatsuki",,Forest Herbarium,2021-07-31,Rachun Pooma,ref-THA-0000153418,3,3,"Thelypteris megaphylla. Flora of Thailand. Vol. 3. Part 3, 1988. Pg. 417–418. Accessed 2021-07-31",All rights reserved,Forest Herbarium,https://botany.dnp.go.th/eflora/floraspecies.html?tdcode=F0576
wfo-0001252685,"Similar to <i>T. cylindrothrix</i>, different in : base of pinna auricled at least at acroscopic side; pinnae broader; under side of veins and laminar surface densely hairy with long, patent, pale hairs, not glandular; indusia densely long-hairy.",general,EN,"M. Tagawa, K. Iwatsuki",,Forest Herbarium,2021-07-31,Rachun Pooma,ref-THA-0001252685,3,3,"Thelypteris molliuscula. Flora of Thailand. Vol. 3. Part 3, 1988. Pg. 424. Accessed 2021-07-31",All rights reserved,Forest Herbarium,https://botany.dnp.go.th/eflora/floraspecies.html?tdcode=F0586
wfo-0001125587,"Rhizome creeping, about 5 mm diam.; scales caducous, dark brown, hairy. Stipe about 50 cm long, scaly at base. Lamina oblong, up to 100 by 50 cm; lateral pinnae lanceolate, sessile, ascending, gradually narrowing towards long-acuminate apex, rounded to narrowly cuneate at base, subentire or crenate, up to 40 by 4 cm; terminal pinna like lateral ones, rounded to subtruncate at base; marginal lobes acute at apex, with cartilaginous margin; chartaceous, green, verrucose on lower surface; venation meniscioid. Sori rather close to excurrent veinlets or medial in two rows between costules; indusia setose.",general,EN,"M. Tagawa, K. Iwatsuki",,Forest Herbarium,2021-07-31,Rachun Pooma,ref-THA-0001125587,3,3,"Thelypteris nudata. Flora of Thailand. Vol. 3. Part 3, 1988. Pg. 411–412. Accessed 2021-07-31",All rights reserved,Forest Herbarium,https://botany.dnp.go.th/eflora/floraspecies.html?tdcode=F0567
wfo-0001109427,"Similar to the preceding species, differing in : rhizome short, ascending to erect; lateral pinnae fewer in number, broader, thinner in texture, more deeply lobed, ⅔ to ¾ towards costa; only one pair of basal veinlets or less uniting below the sinus forming more acute curve, often all veinlets free; sori not strictly confined to segments.",general,EN,"M. Tagawa, K. Iwatsuki",,Forest Herbarium,2021-07-31,Rachun Pooma,ref-THA-0001109427,3,3,"Thelypteris opulenta. Flora of Thailand. Vol. 3. Part 3, 1988. Pg. 432–433. Accessed 2021-07-31",All rights reserved,Forest Herbarium,https://botany.dnp.go.th/eflora/floraspecies.html?tdcode=F0599
wfo-0001125572,"Rhizome short, erect or ascending; scales linear-lanceolate, concolorous, brown, about 20 by 2 mm, densely hairy both on dorsal surface and at margin. Stipe thick, about 100 cm long, up to 2 cm thick at base, scaly, spinose. Frond oblong-subtriangular, tripinnate-quadripinnatifid, commonly 100 by 80 cm or even larger; pinnae oblong-lanceolate, gradually narrowing towards acuminate apex, up to 55 by 25 cm, basal one or two pinnules often reduced in size, close to rachis; larger pinnules oblong-lanceolate with acuminate apex, up to 15 by 2.2 cm; ultimate segments narrowly oblong, rounded at apex, adnate at base, deeply lobed nearly to midrib, up to 15 by 5 mm; lobes oblong-subdeltoid, oblique, rounded at apex, entire, about 1.5 by 1 mm, often revolute in dried specimens; papyraceous, green, hairy on under surface; rachis scaly, spinose, pinna-rachis scaly as well as hairy, costules winged throughout, densely covered with multicellular hairs; veins pinnate, veinlets simple or forked, not reaching the margin of lobes. Sori dorsal on veinlets, one for each lobe, exindusiate.",general,EN,"M. Tagawa, K. Iwatsuki",,Forest Herbarium,2021-07-31,Rachun Pooma,ref-THA-0001125572,3,3,"Thelypteris ornata. Flora of Thailand. Vol. 3. Part 3, 1988. Pg. 396–398. Accessed 2021-07-31",All rights reserved,Forest Herbarium,https://botany.dnp.go.th/eflora/floraspecies.html?tdcode=F0550
wfo-0001125677,"Similar to <i>T. dentata</i>, different from it in: rhizome erect; scales broad, membranous, usually appressed; lower reduced pinnae butterfly-shaped, usually opposite in pairs; indusia rather sparsely hirsute.",general,EN,"M. Tagawa, K. Iwatsuki",,Forest Herbarium,2021-07-31,Rachun Pooma,ref-THA-0001125677,3,3,"Thelypteris papilio. Flora of Thailand. Vol. 3. Part 3, 1988. Pg. 428. Accessed 2021-07-31",All rights reserved,Forest Herbarium,https://botany.dnp.go.th/eflora/floraspecies.html?tdcode=F0591
wfo-0001125583,"Rhizome creeping; scales oblong to oblong-lanceolate with acute apex, up to 7 by 2.5 mm, brown, glabrous, or with marginal hairs. Stipe stramineous with dark base, up to 60 cm long, sparsely scaly at base, glabrescent upwards. Lamina oblong-lanceolate, up to 60 by 25 cm, imparipinnate with 15–20 pairs of lateral pinnae, basal pinna more or less reduced; lateral pinnae straight, ascending, shortly petiolate, narrowly lanceolate, caudately acuminate at apex, cuneate at base, up to 15 by 2 cm, submucronate, serrate at margin; lobes indistinct in appearance but separated by prominent callous membrane at sinus often forming sinus-teeth by callous membrane, costa and costules raised beneath, veins 7–9 pairs, distinct, glabrous or very sparsely minutely hairy. Sori medial, exindusiate; sporangia not setose.",general,EN,"M. Tagawa, K. Iwatsuki",,Forest Herbarium,2021-07-31,Rachun Pooma,ref-THA-0001125583,3,3,"Thelypteris penangiana. Flora of Thailand. Vol. 3. Part 3, 1988. Pg. 408. Accessed 2021-07-31",All rights reserved,Forest Herbarium,https://botany.dnp.go.th/eflora/floraspecies.html?tdcode=F0562
wfo-0000153528,"Rhizome massive, erect; scales narrow, up to 20 by 1.2 mm, hairy at margin as well as on dorsal surface, concolorous brown. Stipe about 100 cm long, 2 cm diam., hairy, bearing reduced pinnae nearly to base. Lamina about 100 by 50 cm, oblong-lanceolate; lower pinnae suddenly reduced to butterfly-like projections and to mere auricles, middle pinnae nearly straight, ascending or patent, linear, up to 30 by 2 cm, lobed to a half-way towards costa; segments oblong, oblique, rounded at apex, entire; chartaceous, green; rachis and costa pubescent; veins pinnate, veinlets more than 15 pairs, simple, lower 2.5 pairs usually uniting below sinus, hirsute on both surfaces, ending in hydathodes just inside the margin. Sori medial, elongate along veinlets, up to 1.5 by 0.2 mm, confluent at maturity; indusia oblong, dark, hairy.",general,EN,"M. Tagawa, K. Iwatsuki",,Forest Herbarium,2021-07-31,Rachun Pooma,ref-THA-0000153528,3,3,"Thelypteris polycarpos. Flora of Thailand. Vol. 3. Part 3, 1988. Pg. 416. Accessed 2021-07-31",All rights reserved,Forest Herbarium,https://botany.dnp.go.th/eflora/floraspecies.html?tdcode=F0573
wfo-0000153558,"Rhizome creeping, about 1 cm diam.; scales narrow, up to 15 by 1.2 mm, dark brown to blackish, hairy at margin as well as on dorsal surface. Stipe up to 80 cm long, brownish with dark scaly base. Lamina oblong to obovate, 40–70 by about 50 cm; lateral pinnae about 5 pairs, basal pinnae sometimes reduced, lower ones shortly stalked, oblong-lanceolate, cuspidate at apex, cuneate at base, up to 30 by 5.5 cm, irregularly undulate at margin; terminal pinna longer, broader; papyraceous, firm, yellowish-green to green, verrucose; venation meniscioid. Sori in two medial to subcostular rows, exindusiate; sporangia with several setose hairs.",general,EN,"M. Tagawa, K. Iwatsuki",,Forest Herbarium,2021-07-31,Rachun Pooma,ref-THA-0000153558,3,3,"Thelypteris repanda. Flora of Thailand. Vol. 3. Part 3, 1988. Pg. 413–414. Accessed 2021-07-31",All rights reserved,Forest Herbarium,https://botany.dnp.go.th/eflora/floraspecies.html?tdcode=F0569
wfo-0001125619,"Rhizome short-creeping, about 3 mm diam.; scales about 4 mm long, pale brown, membranous, appressed, hairy. Stipe stramineous, with reduced pinnae, or auricled, nearly to base. Lamina oblong-lanceolate, acute at apex, narrowing towards base, up to 1 m tall but commonly about 50 by 10 cm; middle pinnae sessile, patent, linear-lanceolate, acute at apex, truncate and more or less auricled at base, deeply lobed, basal pinnae rather remote, reduced; segments oblong, oblique, round to moderately acute at apex, entire and somewhat involute at margin; softly chartaceous, green; costa and rachis hairy; veins pinnate, veinlets simple, hairy. Sori medial, round; indusia persistent, hairy.",general,EN,"M. Tagawa, K. Iwatsuki",,Forest Herbarium,2021-07-31,Rachun Pooma,ref-THA-0001125619,3,3,"Thelypteris repens. Flora of Thailand. Vol. 3. Part 3, 1988. Pg. 422. Accessed 2021-07-31",All rights reserved,Forest Herbarium,https://botany.dnp.go.th/eflora/floraspecies.html?tdcode=F0582
wfo-0000153601,"Rhizome erect; scales linear-lanceolate with long tails, ca 10 by 1.2 mm, sparsely hairy at margin. Stipe densely scaly at base, hirsute throughout, up to 50 cm long. Lamina oblong-lanceolate, acute at apex, up to 40 by 20 cm; a few lower pinnae slightly reduced, deflexed, auricled at acroscopic base, middle larger ones falcate, sessile, linear-lanceolate, long-acuminate at apex, broadly cuneate to truncate at base, up to 10 by 1.8 cm, lobed to ⅔ way to costa; segments oblong, oblique, rounded to moderately acute at apex, entire; papyraceous, hairy on surface; basal veinlets uniting to form goniopteroid venation. Sori medial to supramedial; indusia round-reniform, persistent, densely hirsute.",general,EN,"M. Tagawa, K. Iwatsuki",,Forest Herbarium,2021-07-31,Rachun Pooma,ref-THA-0000153601,3,3,"Thelypteris siamensis. Flora of Thailand. Vol. 3. Part 3, 1988. Pg. 426. Accessed 2021-07-31",All rights reserved,Forest Herbarium,https://botany.dnp.go.th/eflora/floraspecies.html?tdcode=F0588
wfo-0001328339,"Rhizome short, erect; scales very sparse, linear, up to 8 by 0.2 mm, dark brown. Stipe stramineous, up to 60 cm long, scaly and hairy at base when young, glabrescent upwards. Lamina about 60 by 35 cm, pinnate-bipinnatifid; pinnae sessile, linear-lanceolate, caudate-acuminate at apex, up to 20 by 3 cm; rachis and costa densely hairy on upper surface, glabrous below; pinnules narrowly oblong, patent to falcate, up to 15 by 4.5 mm, entire, rounded to moderately acute at apex; softly papyraceous to papyraceous, green; veins pinnate, veinlets simple, forked, or triforked, glabrous. Sori dorsal on veinlets, in a medial row between costules and margin of pinnules; indusia thin, glabrous.",general,EN,"M. Tagawa, K. Iwatsuki",,Forest Herbarium,2021-07-31,Rachun Pooma,ref-THA-0001328339,3,3,"Thelypteris singalanensis. Flora of Thailand. Vol. 3. Part 3, 1988. Pg. 399–400. Accessed 2021-07-31",All rights reserved,Forest Herbarium,https://botany.dnp.go.th/eflora/floraspecies.html?tdcode=F0553
wfo-0001125689,"Rhizome creeping, about 6 mm diam.; scales narrow, up to 5 by 1 mm, dark brown hirsute. Stipe about 50 cm long, hairy throughout, bearing reduced lower pinnae on upper portion. Lamina oblong, acuminate at apex with long terminal pinna, up to 80 by 45 cm; lower lateral pinnae shortened to mere auricles, middle pinnae shortly stalked or subsessile, linear-lanceolate, gradually narrowing towards acuminate apex, round to broadly cuneate at base, about 25 by 3.5 cm, lobed more than ⅓ way to costa; segments oblong to subrectangular, oblique, rounded at apex; papyraceous, dark to greyish-green, pale below, subglabrous to sparsely pubescent, often verrucose; 2 or 3 pairs of lower veinlets truly anastomosing below callous-sinus. Sori medial; indusia round, persistent, shortly hairy or densely long-hairy.",general,EN,"M. Tagawa, K. Iwatsuki",,Forest Herbarium,2021-07-31,Rachun Pooma,ref-THA-0001125689,3,3,"Thelypteris subelata. Flora of Thailand. Vol. 3. Part 3, 1988. Pg. 429–430. Accessed 2021-07-31",All rights reserved,Forest Herbarium,https://botany.dnp.go.th/eflora/floraspecies.html?tdcode=F0594
wfo-0001125684,"Similar to <i>T.dentata</i>, different from it in : rhizome long-creeping with remote stipes; lower pinnae reduced to mere auricles; stipe usually subquadrangular in cross section; lower surface of frond subglabrous or rather sparsely hairy; indusia glabrous or sparsely hirsute.",general,EN,"M. Tagawa, K. Iwatsuki",,Forest Herbarium,2021-07-31,Rachun Pooma,ref-THA-0001125684,3,3,"Thelypteris subpubescens. Flora of Thailand. Vol. 3. Part 3, 1988. Pg. 428–429. Accessed 2021-07-31",All rights reserved,Forest Herbarium,https://botany.dnp.go.th/eflora/floraspecies.html?tdcode=F0592
wfo-0001231226,"Rhizome short, creeping, up to 1 cm diam., bearing close stipes; scales dark brown, up to 5 by 0.8 mm, hairy. Stipe about 30 cm long, hairy throughout, bearing reduced pinnae on upper part. Lamina oblong-lanceolate, acute at apex, up to 70 by 3.5 cm; lower lateral pinnae reduced, lower ones remote, butterfly-shaped or mere auricles, middle larger pinnae shortly stalked or subsessile, ascending, linear-lanceolate, gradually narrowing towards long-acuminate apex, broadly cuneate to subtruncate at base, up to 20 by 2.3 cm, shallowly lobed about ¼ way to costa; segments oblique, round at apex, papyraceous, glabrous or pubescent on lower surface; venation goniopteroid, basal 2 to 3 pairs anastomosing. Sori medial; indusia rather large, persistent, glabrous or sparsely hairy.",general,EN,"M. Tagawa, K. Iwatsuki",,Forest Herbarium,2021-07-31,Rachun Pooma,ref-THA-0001231226,3,3,"Thelypteris sumatrana. Flora of Thailand. Vol. 3. Part 3, 1988. Pg. 429. Accessed 2021-07-31",All rights reserved,Forest Herbarium,https://botany.dnp.go.th/eflora/floraspecies.html?tdcode=F0593
wfo-0001125700,"Rhizome long-creeping, about 1 cm diam.; scales narrow, brown, up to 10 by 0.8 mm, hairy. Stipe 40–60 cm long, stramineous with dark scaly base, pubescent. Lamina oblong-lanceolate, acute at apex, 50–80 by about 40 cm; lateral pinnae more than 30 pairs, basal pinnae not or little reduced, patent to ascending, lower ones linear, straight, gradually narrowing towards long-acuminate apex, cuneate and shortly stalked at base, up to 25 by 1.2–2 cm, lobed to half-way to costa; segments oblong, oblique, round to moderately acute at apex, entire; papyraceous, green; veins pinnate, veinlets simple, hairy, basal 1–1.5 pairs uniting with those of the next group below sinus. Sori confined to upper part of segments, often hollowed; indusia persistent, hairy.",general,EN,"M. Tagawa, K. Iwatsuki",,Forest Herbarium,2021-07-31,Rachun Pooma,ref-THA-0001125700,3,3,"Thelypteris terminans. Flora of Thailand. Vol. 3. Part 3, 1988. Pg. 432. Accessed 2021-07-31",All rights reserved,Forest Herbarium,https://botany.dnp.go.th/eflora/floraspecies.html?tdcode=F0598
wfo-0001110695,"Rhizome short, suberect; scales narrow, brown, up to 2 by 1.2 cm, hairy on dorsal surface as well as margin, the base often a few cells thick. Stipe up to 100 cm long, about 1 cm diam. near base, sometimes spinose in lower part. Lamina oblong to oblong-ovate, tripinate, up to 90 by 75 cm; pinnae oblong, acuminate at apex, up to 40 by 20 cm; larger pinnules sessile, oblong-subdeltoid, acuminate at apex, up to 10 by 4 cm; ultimate segments oblong, oblique, rounded to moderately acute at apex, lobed to ¾ way towards midrib; lobes oblong to subdeltoid, entire, sometimes involute; rachis terete, glabrous; pinna-rachis hairy on upper surface, costules winged throughout, hairy; veins and surfaces hairy with unicellular or multicellular hairs; texture herbaceous to softly papyraceous, green but often brownish when dried. Sori round, usually close to midrib of ultimate segments; indusia small, often covered by mature sporangia, round-reniform, hairy.",general,EN,"M. Tagawa, K. Iwatsuki",,Forest Herbarium,2021-07-31,Rachun Pooma,ref-THA-0001110695,3,3,"Thelypteris torresiana. Flora of Thailand. Vol. 3. Part 3, 1988. Pg. 398–399. Accessed 2021-07-31",All rights reserved,Forest Herbarium,https://botany.dnp.go.th/eflora/floraspecies.html?tdcode=F0551
wfo-0001125600,"Rhizome long-creeping, about 3 mm diam.; scales narrow, up to 5 by 0.6 mm, brown, hairy. Stipe remote, about 50 cm long, stramineous with dark scaly base, hairy. Lamina trilobed; terminal pinna larger, oblong-lanceolate, caudate-acuminate at apex, rounded to cuneate at base, up to 25 by 5 cm, subentire or irregularly undulate; lateral pinnae in one opposite pair, more or less falcate, caudate at apex, cuneate to round at base, 4–15 by 1.2–2.5 cm; venation meniscioid, hairy; texture herbaceous to thinly papyraceous, deep green, often tinted red in dried specimens. Sori elongate along united veinlets, crescent-shaped, naked; sporangia setiferous.",general,EN,"M. Tagawa, K. Iwatsuki",,Forest Herbarium,2021-07-31,Rachun Pooma,ref-THA-0001125600,3,3,"Thelypteris triphylla. Flora of Thailand. Vol. 3. Part 3, 1988. Pg. 414–415. Accessed 2021-07-31",All rights reserved,Forest Herbarium,https://botany.dnp.go.th/eflora/floraspecies.html?tdcode=F0570
wfo-0001125601,Different from the type variety in having more than two pairs of lateral pinnae.,general,EN,"M. Tagawa, K. Iwatsuki",,Forest Herbarium,2021-07-31,Rachun Pooma,ref-THA-0001125601,3,3,"Thelypteris triphylla parishii. Flora of Thailand. Vol. 3. Part 3, 1988. Pg. 415. Accessed 2021-07-31",All rights reserved,Forest Herbarium,https://botany.dnp.go.th/eflora/florainfra.html?tdcode=F0571
wfo-0001109447,"Rhizome short, erect; scales brown, up to 1.5 by 4 mm, consisting of large cells, hairy. Stipe usually more than 50 cm long, pale, dark and scaly at base, pubescent, bearing reduced pinnae in upper part. Lamina oblong-lanceolate, up to 100 cm or more long, 50 cm wide; lower pinnae suddenly reduced to mere auricles, middle pinnae larger, straight, ascending, up to 20 by 2.5 cm, lobed to ⅓ way towards costa, gradually narrowing towards long-acuminate apex, broadly cuneate at sessile base, nearly parallel at margin; segments obtuse at apex, minutely dentate; papyraceous, green, verrucose on lower surface, glabrous; veins pinnate, a few pairs of basal veinlets anastomosing, free ones ending in teeth at margin of segments. Sori medial; indusia pale, glabrous, persistent.",general,EN,"M. Tagawa, K. Iwatsuki",,Forest Herbarium,2021-07-31,Rachun Pooma,ref-THA-0001109447,3,3,"Thelypteris truncata. Flora of Thailand. Vol. 3. Part 3, 1988. Pg. 420–421. Accessed 2021-07-31",All rights reserved,Forest Herbarium,https://botany.dnp.go.th/eflora/floraspecies.html?tdcode=F0579
wfo-0001125613,"Similar to <i>T. xylodes</i>, differing in larger size of plants : stipe up to 70 cm or more long; lamina more than 100 by 50 cm; larger pinnae about 30 by 2.5 cm.",general,EN,"M. Tagawa, K. Iwatsuki",,Forest Herbarium,2021-07-31,Rachun Pooma,ref-THA-0001125613,3,3,"Thelypteris tuberculifera. Flora of Thailand. Vol. 3. Part 3, 1988. Pg. 421. Accessed 2021-07-31",All rights reserved,Forest Herbarium,https://botany.dnp.go.th/eflora/floraspecies.html?tdcode=F0580
wfo-0001117714,"Rhizome short, ascending to suberect; scales small, caduceus, up to 3 by 0.8 mm, brown, hairy. Stipe up to 80 cm long, variable in size, bearing auricles of reduced pinnae nearly to the base. Lamina oblong-lanceolate, acute to acuminate at apex, 15–70 by 5–40 cm, variable in size; lower pinnae suddenly reduced to auricles, lowest normal pinna often reduced and deflexed, middle pinnae linear-lanceolate, gradually narrowing towards long-acuminate apex, broadly cuneate at sessile base, deeply lobed to ¾ way to costa; segments narrowly oblong, oblique, acute at apex, entire or crenate; chartaceous, deep green; veins pinnate, veinlets simple, basal ones running to callous-membrane in sinus between segments. Sori round, medial to costular; indusia persistent, glabrous.",general,EN,"M. Tagawa, K. Iwatsuki",,Forest Herbarium,2021-07-31,Rachun Pooma,ref-THA-0001117714,3,3,"Thelypteris tylodes. Flora of Thailand. Vol. 3. Part 3, 1988. Pg. 421–422. Accessed 2021-07-31",All rights reserved,Forest Herbarium,https://botany.dnp.go.th/eflora/floraspecies.html?tdcode=F0581
wfo-0001284893,"Rhizome long-creeping, about 3 mm diam.; scales brown to paler, membranous, up to 5 by 1.5 mm. Stipe 20–50 cm long, scaly and hairy near base, bearing extremely reduced pinnae on upper portion. Lamina oblong-lanceolate, gradually narrowing downwards, acute at apex; rhachis densely hairy throughout; lower pinnae reduced to auricles, middle pinnae sessile, patent, linear-lanceolate gradually narrowing towards long-acuminate apex, up to 10 by 1 cm, lobed ⅕–¼ way towards costa; segments subdeltoid, acute to aciculate at apex, entire, coriaceous, pubescent on lower surface, costa underneath densely hairy with short and appressed hairs; veins pinnate, not glandular. Sori medial; indusia hairy, persistent.",general,EN,"M. Tagawa, K. Iwatsuki",,Forest Herbarium,2021-07-31,Rachun Pooma,ref-THA-0001284893,3,3,"Thelypteris unita. Flora of Thailand. Vol. 3. Part 3, 1988. Pg. 415. Accessed 2021-07-31",All rights reserved,Forest Herbarium,https://botany.dnp.go.th/eflora/floraspecies.html?tdcode=F0572
wfo-0000153666,"Similar to the preceding species but different in : lateral pinnae more numerous, narrower, lower pinnae gradually narrowing downwards to mere auricles.",general,EN,"M. Tagawa, K. Iwatsuki",,Forest Herbarium,2021-07-31,Rachun Pooma,ref-THA-0000153666,3,3,"Thelypteris valida. Flora of Thailand. Vol. 3. Part 3, 1988. Pg. 420. Accessed 2021-07-31",All rights reserved,Forest Herbarium,https://botany.dnp.go.th/eflora/floraspecies.html?tdcode=F0578
wfo-0001253884,"Rhizome erect, often more than 10 cm tall above ground; scales linear-lanceolate, up to 8 by 1.2 mm, brown with irregularly toothed paler margin. Stipe drak brown to castaneous, pubescent, scaly on lower portion, up to 20 cm long. Lamina narrowly oblong, acute at apex, up to 40 by 15 cm; lower pinnae deflexed, middle pinnae or ascending, nearly straight, sessile, lanceolate, acute at apex, truncate at base, up to 1.8 cm, deeply lobed nearly to costa; costa brown, hairy throughout; segments oblong, patent to oblique or falcate, rounded at apex, crenate at margin, up to 10 by 4 mm; papyraceous, deep green in living plants, brownish when dry; veins pinnate, veinlets simple, hairy. Sori medial; indusia round-reniform or horse-shoe-shaped, or sometimes elongate to form athyrioid sori, glandular.",general,EN,"M. Tagawa, K. Iwatsuki",,Forest Herbarium,2021-07-31,Rachun Pooma,ref-THA-0001253884,3,3,"Thelypteris viscosa. Flora of Thailand. Vol. 3. Part 3, 1988. Pg. 404. Accessed 2021-07-31",All rights reserved,Forest Herbarium,https://botany.dnp.go.th/eflora/floraspecies.html?tdcode=F0559
wfo-0001125328,"Rhizome thick, densely covered with large brown scales. Stipe erect, 30–50 cm long, stramineous or faintly pinkish, densely scaly at base; scales softly herbaceous, lanceolate with round base, entire at margin, brown or paler, up to 30 by 4 mm. Lamina oblong-lanceolate, truncate or broadly cuneate at base, acute at apex, pinnate with deeply lobed pinnae and distinct apical pinna, 60–90 by 30 cm; rachis scaly on upper surface; lateral pinnae 13–25 pairs, straight, linear-lanceolate, gradually narrowing towards acute apex, subtruncate at sessile or very shortly stalked base, deeply lobed ¾ way towards costa, up to 25 cm long, 2.5–6 cm wide; apical pinna with more than a dozen serrate segments, wider than the lateral ones, ultimate segment oblong-subdeltoid, moderately acute at apex, slightly dentate at margin, 0.8–2.5 by 0.8 cm, glabrous on both surfaces; row of costal and costular areoles distinct; papyraceous, pale-green, glabrous. Sori 4–10 on a segment, 2 rows along costules, 2–4 mm long, covered completely by indusia; indusia membranous, pale brown with thin white margin, toothed.",general,EN,"M. Tagawa, K. Iwatsuki",,Forest Herbarium,2021-07-31,Rachun Pooma,ref-THA-0001125328,3,3,"Woodwardia cochinchinensis. Flora of Thailand. Vol. 3. Part 3, 1988. Pg. 301. Accessed 2021-07-31",All rights reserved,Forest Herbarium,https://botany.dnp.go.th/eflora/floraspecies.html?tdcode=F0421
