WFOID,description,type,language,contributor,audience,rightsHolder,created,creator,source,Volume,Part,bibliographicCitation,license,rights,URI
wfo-4000000136,"Terrestrial herbs with pseudobulbous stems, evergreen, glabrous, mostly 30–60 cm tall. Pseudobulbs conical to cylindric, covered by the bases of the foliage leaves, close together. Foliage leaves 3–4, on the apex of the pseudobulb, plicate, lanceolate-ovate, cuneate at the base, petiolate, present during flowering. Inflorescences racemose, suberect and much shorter than the foliage leaves, arising from the basal portion of the new developing shoot; peduncles partly hidden by sheathing sterile bracts; rachis few-flowered; floral bracts persistent. Flowers large, resupinate; in Thai species usually white, cream-coloured, pink or yellowish with darker markings. Sepals united in their lower part into an urceolate body, adnate to the column foot and thereby forming a distinct spur-like or globose mentum. Petals free, smaller than the sepals. Labellum 3-lobed, spurless, mobile on the apex of the column foot, clawed at the base, with erect side lobes and a triangular or oblong mid-lobe; ornamented by one to few longitudinal keels. Column with a long, U-shaped column foot, glabrous; anther incumbent, versatile, with 8 clavate waxy pollinia. Capsule erect, held on an elongate pedicel.</br></br>A genus of 11 species distributed in a broad band ranging from Sri Lanka, southern India and the Himalayas through the whole of SE Asia eastwards to New Guinea, New Caledonia and the islands of the south-western Pacific Ocean, and also ranging northwards to southern and central China and southern Japan; 3 species in Thailand.",general,EN,H.Æ. Pedersen et al.,,Forest Herbarium,2022-04-21,Rachun Pooma & Sawita Yooprasert,ref-THA-4000000136,12,2,"Acanthephippium  . Flora of Thailand. Vol. 12. Part 2, 2014. Pg. 309. Accessed 2022-04-21",All rights reserved,Forest Herbarium,https://www.dnp.go.th/botany/eflora/floragenus.html?tdcode=05706
wfo-0000260807,"Flowering shoots to 50 cm tall. Pseudobulbs ovoid-cylindric, usually with 4 nodes, c. 7 by 1–1.5 cm. Foliage leaves (1–)2–3, elliptic to oblong-elliptic, acute, 19–32 by 7–8 cm; petioles 2–16 cm long. Inflorescences: peduncles c. 10 cm long; rachis short, 3- to 6-flowered; floral bracts ovate-lanceolate, to 30 by 18 mm. Flowers white, cream-coloured or yellow with red-brown veins, labellum white and its side lobes with purple markings and a yellow mid-lobe. Sepals obtuse; dorsal sepal oblong, 18–22 by 7–11 mm; lateral sepals obliquely oblong, 24–28 by 13–17 mm, recurved at the apices, basally adnate to the column foot to form a globose mentum. Petals oblong to oblong-lanceolate, obtuse, 18–22 by 6–10 mm. Labellum 3-lobed above the claw; mid-lobe triangular, reflexed at the middle, 4–5 by 2–5 mm; side lobes hatchet-shaped, suberect, 5–8 by 5–9 mm; disk ornamented by 3 rounded and smooth keels, laterals pronounced and median one insignificant. Column 10–12 mm long, column foot 22–26 mm long. Ovary (including pedicel) 20–32 mm long. Capsule not seen.",general,EN,H.Æ. Pedersen et al.,,Forest Herbarium,2022-04-21,Rachun Pooma & Sawita Yooprasert,ref-THA-0000260807,12,2,"Acanthephippium gougahense . Flora of Thailand. Vol. 12. Part 2, 2014. Pg. 310. Accessed 2022-04-21",All rights reserved,Forest Herbarium,https://www.dnp.go.th/botany/eflora/floraspecies.html?tdcode=05707
wfo-0000262136,"Flowering shoots 35–60 cm tall. Pseudobulbs conical to cylindric, with several nodes, 8–15(–19) by 0.7–2 cm. Foliage leaves 1–2(–3), ovate-elliptic, acute, 20–30(–59) by (4–)6–11 cm; petioles 6–15 cm long, forming a pseudostem to 12 cm long. Inflorescences 1–2, semi-dense; peduncles 7–10 cm long; sterile bracts elliptic, 1.3–3.5 cm long; rachis 5–6.5 cm long, 5- to 10-flowered; floral bracts elliptic-lanceolate, acute or acuminate, 20–35 by 10–19 mm. Flowers white, pinkish, yellowish or cream-coloured with red veins, labellum with yellow mid-lobe, column white. Sepals elliptic-lanceolate, subacute or obtuse, lower two thirds fused; dorsal sepal 18–25(–28) by 7–12 mm; lateral sepals similar but wider, basally adnate to the column foot to form a narrow spur-like mentum to 22 mm long. Petals obovate or oblong, subacute or obtuse, 17–25 by 6–10 mm. Labellum 3-lobed, 20–30 by 15–22 mm, claw about 10 by 4–5 mm; mid-lobe triangular-flabellate, 4–7 by 5–8 mm; side lobes suberect, falcate, 7–10 by 7–9 mm; disk ornamented by a single obtuse keel, sometimes 2 very inconspicuous lateral keels also present. Column 8–14 mm long, rostellum semi-circular or shortly oblong, column foot to 40 mm long. Ovary (including pedicel) cream-coloured with violet lines, 28–42 mm long. Capsule ellipsoid, c. 45 by 17 mm, erect.",general,EN,H.Æ. Pedersen et al.,,Forest Herbarium,2022-04-21,Rachun Pooma & Sawita Yooprasert,ref-THA-0000262136,12,2,"Acanthephippium striatum . Flora of Thailand. Vol. 12. Part 2, 2014. Pg. 310. Accessed 2022-04-21",All rights reserved,Forest Herbarium,https://www.dnp.go.th/botany/eflora/floraspecies.html?tdcode=05708
wfo-0000262239,"Flowering shoots 27–50 cm tall. Pseudobulbs conical to cylindric, to 15 by 2 cm. Foliage leaves 2 or 3, ovate-elliptic, acute, 25–40(–80) by 3.4–10.3 cm; petioles 5–11(–34) cm long. Inflorescences to 15 cm long, semi-dense; peduncles 3–9 cm long; rachis 1–3 cm long, 5- to 8-flowered; floral bracts elliptic-lanceolate, acute, sometimes dull purple, 24–30 by 12–21 mm. Flowers white or yellowish-white, sepals and petals with red dots distally, labellum mid-lobe yellow; flowers fragrant. Sepals elliptic-ovate, subacute, lower two thirds fused; dorsal sepal 23–28 by (10–)12–17 mm; lateral sepals 30–40 by 14–20 mm, basally adnate to the column foot  to form a globose mentum 14–15(–19) mm long. Petals obovate, subacute or obtuse, 24–29 by 10–16 mm. Labellum 3-lobed, 34–40 by 10–15 mm; mid-lobe oblong, recurved, 6–8 by 3.8–4 mm long; side lobes falcate, obtuse, suberect, 5–7 by 5–8 mm; disk ornamented by 3 or 5 erose or coarsely dentate keels. Column stout, 13–15 mm long. Ovary (including pedicel) 22–50 mm long. Capsule ellipsoid, to 60 mm long, erect.",general,EN,H.Æ. Pedersen et al.,,Forest Herbarium,2022-04-21,Rachun Pooma & Sawita Yooprasert,ref-THA-0000262239,12,2,"Acanthephippium sylhetense . Flora of Thailand. Vol. 12. Part 2, 2014. Pg. 312. Accessed 2022-04-21",All rights reserved,Forest Herbarium,https://www.dnp.go.th/botany/eflora/floraspecies.html?tdcode=05709
wfo-4000000376,"Epiphytic, sympodial herbs with very short rhizomes; in addition to normal roots also sometimes producing erect, debris-catching roots (“catch-roots”). Pseudobulbs usually densely clustered, ovoid, relatively short and thick, each consisting of more than one internode and bearing 2–4 leaves. Foliage leaves narrow, much longer than the pseudobulbs, sheathing at base, duplicate, glabrous, deciduous. Inflorescences erect, racemous or paniculate, arising from the base of pseudobulbs, usually with many small flowers, relatively lax. Flowers opening widely. Sepals: dorsal sepal free, lateral sepals connate for their entire length to form a synsepal behind the labellum. Petals free, spreading. Labellum adnate to the basal half of the column, forming a short, narrow tube; labellum lamina bent at right angle to the column. Column straight, hooded at the apex, with 2 slender stelids that are translucent distally; column foot absent; pollinarium composed of 4 elongate solid pollinia arranged in 2 equal pairs and attached to a linear-spathulate stipe (tegule) and a tiny viscidium; rostellum beak-like. Ovary glabrous. Fruit a capsule.</br></br>A genus of c. 6 species distributed in NE India, Myanmar, Yunnan, Indo-China, Malaysia, Indonesia, Philippines, Papua New Guinea, Australia and the SW Pacific islands; 3 species in Thailand.",general,EN,H.Æ. Pedersen et al.,,Forest Herbarium,2022-04-21,Rachun Pooma & Sawita Yooprasert,ref-THA-4000000376,12,2,"Acriopsis  . Flora of Thailand. Vol. 12. Part 2, 2014. Pg. 313. Accessed 2022-04-21",All rights reserved,Forest Herbarium,https://www.dnp.go.th/botany/eflora/floragenus.html?tdcode=05710
wfo-0000406722,"Pseudobulbs ovoid or conical, covered with sheaths, 1.5–2.2 by 0.8–1.2 cm, with some erect white catch-roots in between. Foliage leaves 2(–4?) per pseudobulb, linear to elliptic-oblong, acute, thin-textured, glabrous, 7–10 by 0.4–0.8 cm. Inflorescences paniculate, lax, many-flowered, glabrous; peduncle (4.5–)8–10 cm long; main rachis 8–14 cm long; lateral branches 7–14 cm long; bracts triangular, minute, 1–2 mm long, glabrous. Flowers opening a few at a time; pedicel (including ovary) 6.5–9 mm long. Sepals glabrous, yellowish-green with small purplish dots, oblong, rounded, margin slightly involute; dorsal sepal boat-shaped, 4.3–5 by 1.2–1.5 mm; synsepal boat-shaped, 4.2–5 by 1.2–1.5 mm. Petals spreading, glabrous, yellowish-green with a few small purplish dots, obovate to shortly spathulate, slightly oblique, rounded, 4–4.1 by 1.9–2.5 mm. Labellum oblong to broadly ovate or somewhat fiddle-shaped, obtuse to rounded, margin often wavy, whitish or greenish with a few small purplish dots, 3.8–4.5 by 1.7–2 mm; 2 distinct parallel diskoid calli at the centre of the labellum. Column glabrous, 3.3–4 mm long, greenish, often becoming purplish towards the apex, hood pale purplish to whitish; stelids blunt, greenish or purplish, c. 1 mm long. Capsule not seen.",general,EN,H.Æ. Pedersen et al.,,Forest Herbarium,2022-04-21,Rachun Pooma & Sawita Yooprasert,ref-THA-0000406722,12,2,"Acriopsis indica . Flora of Thailand. Vol. 12. Part 2, 2014. Pg. 314. Accessed 2022-04-21",All rights reserved,Forest Herbarium,https://www.dnp.go.th/botany/eflora/floraspecies.html?tdcode=05711
wfo-0000410535,"Pseudobulbs obclavate to obovoid, longitudinally furrrowed, 1.5–4 by 0.8–2 cm with erect white catch-roots in between. Foliage leaves 2(–3) per pseudobulb, linear-oblong, acute, gradually narrowed towards base, thin-textured, glabrous, 5.4–23.5 by 0.4–1 cm. Inflorescences racemose (less often paniculate), lax, many-flowered, glabrous; peduncle 18–25.5 cm long; (main) rachis 8.5–17 cm long; lateral branches (if present) 13–21 cm long; bracts triangular, minute, c. 1 mm long, glabrous. Flowers: pedicel (including ovary) 3–7 mm long. Sepals glabrous, greenish yellow with purplish mid-line, (linear-)oblong to oblong-ovate, rounded to subacute, margin slightly involute; dorsal sepal boat-shaped, 4.3–7.1 by 1.6–2.2 mm; synsepal boat-shaped, 4–7.2 by 2.1–3 mm. Petals spreading, glabrous, whitish to greenish-yellow with purplish mid-line, oblong, more or less oblique, rounded, 4–6.1 by 1.8–2.3 mm. Labellum 3-lobed, lateral lobes much broader than mid-lobe, whitish with purple patches on the centre of lateral lobes and mid lobe; side lobes semi-circular to obliquely ovate-triangular, rounded to subtruncate, margins  slightly wavy, 1.2–2.1 by 1.9–2.2 mm; mid-lobe oblong to oblanceolate, rounded to obtuse or retuse, 1.9–2.6 by 1–1.2 mm, margins straight to irregulary wavy; 2 prominent parallel discoid calli at the base of mid-lobe. Column glabrous, 3–5.3 mm long, purple, hood whitish to pale purplish; stelids blunt, whitish or greenish yellow, translucent at apex, 1–1.6 mm long. Capsule ellipsoid to subspherical, 8–11.2 mm long, 6–9 mm in diameter.",general,EN,H.Æ. Pedersen et al.,,Forest Herbarium,2022-04-21,Rachun Pooma & Sawita Yooprasert,ref-THA-0000410535,12,2,"Acriopsis liliifolia . Flora of Thailand. Vol. 12. Part 2, 2014. Pg. 315. Accessed 2022-04-21",All rights reserved,Forest Herbarium,https://www.dnp.go.th/botany/eflora/floraspecies.html?tdcode=05712
wfo-0000414856,"Pseudobulbs ellipsoid to fusiform, slightly furrowed, covered with sheaths, 1.5–3.5 by 0.6–1.1 cm; without erect catch-roots. Foliage leaves 1–2 per pseudobulb, linear, acute to obtuse, thin-textured, glabrous, 4.5–15 by 0.3–0.6 cm. Inflorescences racemose, lax, 12- to many-flowered, glabrous; peduncle 10.4–22 cm long; rachis 8–19.5 cm long; bracts triangular, minute, c. 1 mm long, glabrous. Flowers: pedicel (including ovary) 5–10 mm long. Sepals glabrous, pale yellowish-green with purple markings, oblong, acute to rounded, margin slightly involute; dorsal sepal boat-shaped, 6.7–8 by 2.2–2.4 mm; synsepal boat-shaped, 6.8–8 by 2.2–2.6 mm. Petals spreading, glabrous, pale yellow with purple markings, obovate, slightly oblique, rounded, 4.8–6.6 by 3.1–3.2 mm. Labellum 3-lobed, white with pink calli; side lobes obliquely oblong, rounded to subtruncate, 1.4–1.6 by 1–1.5 mm, margins slightly wavy, spreading; mid-lobe broadly spathulate, 2.5–2.9 by 2.5–2.6 mm, rounded, sometimes retuse, margins irregularly wavy; proximal part of labellum with a median keel that splits to form 2 parallel diskoid calli on claw of mid-lobe. Column glabrous, dark purple proximally, white distally, 3.5–4.5 mm long, hooded; stelids blunt, dark purple with translucently greenish-yellow apices, swollen at apex, 1.8–2 mm long. Capsule not seen.",general,EN,H.Æ. Pedersen et al.,,Forest Herbarium,2022-04-21,Rachun Pooma & Sawita Yooprasert,ref-THA-0000414856,12,2,"Acriopsis ridleyi . Flora of Thailand. Vol. 12. Part 2, 2014. Pg. 317. Accessed 2022-04-21",All rights reserved,Forest Herbarium,https://www.dnp.go.th/botany/eflora/floraspecies.html?tdcode=05713
wfo-4000002444,"Terrestrial or sometimes lithophytic herbs with corms borne shallowly underground, glabrous. Foliage leaves mostly 2 or 3, plicate, narrowly lanceolate, deciduous. Inflorescences erect, racemose, lax, unbranched or less commonly branched, arising from the base of the leafy shoot; peduncles with several sheathing sterile bracts; rachis few-flowered; floral bracts persistent. Flowers medium-sized, non-resupinate, base gibbous; perianth lobes forming a slightly downwards deflexed tube. Sepals connate in the lower two thirds, apices free and spreading to somewhat recurved. Petals connate at their very base and free above, elongate, spathulate. Labellum basally united with the column, spurless, narrow in the lower part, apical part expanded and 3-lobed, without prominent ornaments. Column elongate, apex dilated and geniculately incurved through 90 degrees, without column foot, apically obscurely winged; anther incumbent, versatile, with 4 rather soft pollinia; stipe absent.</br></br>A monotypic genus distributed from the eastern Himalayas and north-eastern India to Myanmar, Thailand, Indo-China and China.",general,EN,H.Æ. Pedersen et al.,,Forest Herbarium,2022-04-21,Rachun Pooma & Sawita Yooprasert,ref-THA-4000002444,12,2,"Anthogonium  . Flora of Thailand. Vol. 12. Part 2, 2014. Pg. 318. Accessed 2022-04-21",All rights reserved,Forest Herbarium,https://www.dnp.go.th/botany/eflora/floragenus.html?tdcode=05714
wfo-0000219340,"Flowering shoots 14–40(–50) cm tall. Underground corms globose, 0.7–1.5(–2.2) by 0.7–1.5(–2.3) cm. Foliage leaves 2–3(–5), present or absent during flowering, linear-lanceolate, acute, 14–35(–48) by 0.3–1.3(–3.5) cm; petioles (5–)7–13(–16) cm long, forming a pseudostem 5–11(–18) cm long. Inflorescences lax; peduncles brown or purple, 11–25(–35) cm long; sterile  bracts 3–6, tubular, lanceolate-oblong, acute or acuminate, usually 0.4–2.5 cm long; rachis 3–15  cm long, (2–)5‒20-flowered; floral bracts ovate-lanceolate, acuminate, green or pale maroon, (2–)3.5–5.5 by 0.8–2 mm. Flowers violet, pink or white, column light purple, white or cream-coloured, anther yellow. Sepals elliptic-ovate, subacute, fused into a tube 5–9 by 0.9–1.8(–2) mm; dorsal sepal 13–18 by 2–3(–4) mm; lateral sepals 12–15 by 3.8–5.6 mm. Petals spathulate, obtuse or acute, 11–17 by 1.5–3 mm. Labellum 3-lobed, (9–)10–16 by 8–12 mm; mid-lobe obtusely triangular or flabellate, 1.2–4 by 1.5–3.8(–4) mm; side lobes oblong or flabellate,  obtuse, suberect, 1.2–2.5 by (1.5–)2–4 mm. Column 11–15 mm long. Ovary (including pedicel) green or dull purple, 10–26 mm long. Capsule c. 18 by 4 mm.",general,EN,H.Æ. Pedersen et al.,,Forest Herbarium,2022-04-21,Rachun Pooma & Sawita Yooprasert,ref-THA-0000219340,12,2,"Anthogonium gracile . Flora of Thailand. Vol. 12. Part 2, 2014. Pg. 318. Accessed 2022-04-21",All rights reserved,Forest Herbarium,https://www.dnp.go.th/botany/eflora/floraspecies.html?tdcode=05715
wfo-4000002653,"Terrestrial, mycoheterotrophic herbs with underground, sparsely to densely rooted, often flexuous rhizomes and erect flowering shoots. Stem slender to robust, (purplish-)brown to pale yellowish. Leaves alternate, reduced to brownish scales that are sheathing (below) to non-sheathing (above). Rhizome condensed, producing fibrous roots. Inflorescence terminal, racemose, bearing 3 to many resupinate flowers. Sepals and petals free, subsimilar or sepals distinctly larger than petals. Labellum differentiated into hypochile and epichile; hypochile firmly attached to column, flat to concave (but never saccate or spurred), with or without distinct side lobes; epichile elastically attached, devoid of longitudinal keels, often more or less papillose on the ventral surface. Column slender, (sub)clavate, more or less incurved, glabrous, without stelids and foot; pollinia 2, soft and mealy, devoid of caudicles; rostellum slightly protruding, stipe absent, viscidium absent or obscure; receptive part of stigma concave. Ovary distinctly pedicelled; pedicel not elongating during fruit ripening. Fruit a pedicelled capsule dehiscing by longitudinal slits.</br></br>A genus of c. 25 species distributed throughout Indo-Malesia to Japan and northern Queensland; 4 species in Thailand.",general,EN,H.Æ. Pedersen et al.,,Forest Herbarium,2022-04-21,Rachun Pooma & Sawita Yooprasert,ref-THA-4000002653,12,2,"Aphyllorchis  . Flora of Thailand. Vol. 12. Part 2, 2014. Pg. 320. Accessed 2022-04-21",All rights reserved,Forest Herbarium,https://www.dnp.go.th/botany/eflora/floragenus.html?tdcode=05716
wfo-0000243466,"Flowering shoots (62–)103–170 cm tall; stem, (2–)3–9 mm in diameter just below rachis, bearing 10–21 scale-like leaves. Rachis (8–)25–83 cm long, (10-flowered to) many-flowered, (sub)glabrous; floral bracts linear-lanceolate to narrowly linear-triangular, acuminate, 23–55 by 1.5–7 mm. Flowers opening widely, mainly pale yellow (sepals with purple veins; labellum orange, often suffused with brown or purple). Sepals sparsely scurfy-pubescent on the dorsal side; dorsal sepal narrowly lanceolate, caudate, 27.3–40 by 4.9–8 mm; lateral sepals obliquely linear-lanceolate, caudate, 34.2–48 by 3.7–7.2 mm. Petals obliquely to falcately linear-(ob)lanceolate, caudate, 19.2–28 by 3–5.5 mm. Labellum 15.1–19.3 mm long; hypochile with well developed, erect, obliquely oblong, rounded to truncate side lobes, 2.4–3.6 by 7.2–13 mm when flattened; epichile 4.6–7.3 mm wide when flattened, porrect (continuing the line of the hypochile), often recurved in its proximal part, more or less fiddle-shaped with erect to inrolled margins, subacuminate, densely papillose on the ventral surface (except for the erect margins proximally). Column somewhat incurved, 14–15.3 mm long (to apex of anther); anther broadly obovate in upper view, 2.4–2.5 mm long, apex rounded to obtuse; rostellum semicircular; receptive part of stigma triangular-trapezoid. Ovary (including pedicel) 2–4.9 cm long, sparsely scurfy-pubescent to subglabrous. Capsule pendent, (ellipsoid-)oblongoid, 3.5–5 cm long (excluding perianth remnants and pedicel), 0.8–1.7 cm in diameter, dehiscing by longitudinal slits; fruit pedicel 10–16 mm long.",general,EN,H.Æ. Pedersen et al.,,Forest Herbarium,2022-04-21,Rachun Pooma & Sawita Yooprasert,ref-THA-0000243466,12,2,"Aphyllorchis caudata . Flora of Thailand. Vol. 12. Part 2, 2014. Pg. 320. Accessed 2022-04-21",All rights reserved,Forest Herbarium,https://www.dnp.go.th/botany/eflora/floraspecies.html?tdcode=05717
wfo-0000243488,"Flowering shoots 60–110 cm tall; stem 3–6.5 mm in diameter just below rachis, bearing c. 10 scale-like leaves. Rachis 26–52 cm long, many-flowered, glabrous; floral bracts linear lanceolate to narrowly linear-triangular, acuminate, 20–41 by 2–5.1 mm. Flowers opening widely, mainly whitish (sepals and petals with purple veins; column pale yellowish-green). Sepals sparsely scurfy-pubescent on the dorsal side; dorsal sepal lanceolate, caudate, 29.5–33.2 by 6.3–6.4 mm; lateral sepals obliquely lanceolate, caudate, 30.6–35.3 by 6.1–6.5 mm. Petals linear-lanceolate, slightly oblique, caudate, 21.9–24 by 4.4–4.5 mm. Labellum 19.8–20.7 mm long; hypochile with raised (but low) margins, 5–5.1 by c. 2.9 mm when flattened; epichile 11.3–12.1 mm wide when flattened, suberect (describing an obtuse angle to the hypochile), slightly recurved, from a broadly flabellate, concave, glabrous base abruptly prolonged in an  approximately half as wide, linear-triangular, acute to acuminate, somewhat fleshy distal part that is densely papillose on the ventral surface. Column strongly incurved, 10.5–11 mm long (to apex of anther); anther ovoid-triangular in upper view, 3.8–3.9 mm long, apex drawn out in a horn-like projection; rostellum transversely rectangular to broadly trapezoid; receptive part of stigma semicircular. Ovary (including pedicel) 1.2–1.9 cm long, scarcely scurfy-pubescent to subglabrous. Capsule not seen.",general,EN,H.Æ. Pedersen et al.,,Forest Herbarium,2022-04-21,Rachun Pooma & Sawita Yooprasert,ref-THA-0000243488,12,2,"Aphyllorchis evrardii . Flora of Thailand. Vol. 12. Part 2, 2014. Pg. 321. Accessed 2022-04-21",All rights reserved,Forest Herbarium,https://www.dnp.go.th/botany/eflora/floraspecies.html?tdcode=05718
wfo-0000243561,"Flowering shoots 24–115 cm tall; stem 1–4 mm in diameter just below rachis, bearing 4–24 scale-like leaves. Rachis 9–45 cm long, 7- to many-flowered, subglabrous to sparsely papillose-pubescent; floral bracts (linear-)lanceolate, obtuse to acute, 5–17 by 1–3 mm. Flowers opening widely, mainly pale yellow (sepals and petals often with purple veins; labellum often with maroon markings). Sepals sparsely scurfy-pubescent on the dorsal side; dorsal sepal strongly boat-shaped, elliptic, rounded to obtuse, 11.4–11.8 by 4.9–5.1 mm; lateral sepals boat-shaped, obliquely (elliptic-)oblong, obtuse, 10.4–11.2 by 4.2–4.5 mm. Petals falcately linear-oblong with recurved margins, rounded to obtuse, 9.9–10.2 by 3.2–3.5 mm. Labellum 9.2–9.5 mm long; hypochile with well-developed, erect, obliquely triangular, obtuse to acute side lobes, 2–2.4 by 4.8–5.3 mm when flattened; epichile 5.3–5.6 mm wide when flattened, porrect (continuing the line of the hypochile), ovate to shallowly 3-lobed at the middle, rounded, proximal part with erect sides, distal part flat with incurved margins, entire ventral surface glabrous and smooth. Column somewhat incurved, 10.1–10.6 mm long (to apex of anther); anther ovate in upper view, 2.2–2.3 mm long, apex abruptly obtuse; rostellum semicircular; receptive part of stigma trapezoid. Ovary (including pedicel) 1.5–2.9(–4) cm long, (sub)glabrous. Capsule pendent (to spreading), ellipsoid to fusiform, 1.7–3.6 cm long (excluding perianth remnants and pedicel), 0.4–0.9 cm in diameter; fruit pedicel 3–6 mm long.",general,EN,H.Æ. Pedersen et al.,,Forest Herbarium,2022-04-21,Rachun Pooma & Sawita Yooprasert,ref-THA-0000243561,12,2,"Aphyllorchis montana . Flora of Thailand. Vol. 12. Part 2, 2014. Pg. 324. Accessed 2022-04-21",All rights reserved,Forest Herbarium,https://www.dnp.go.th/botany/eflora/floraspecies.html?tdcode=05719
wfo-0000243581,"Flowering shoots 14–30 cm tall; stem 0.5–1 mm in diameter just below rachis, bearing 3–10 scale-like leaves. Rachis 1.4–9 cm long, 3- to many-flowered, sparsely glandular-pubescent; floral bracts ovate-lanceolate to elliptic, obtuse to acuminate, mucronate, 2.9–5.4 by 1.6–2.3 mm. Flowers not opening widely, mainly (brownish-)white to cream (sepals often with purple markings; labellum usually white, sometimes with purple margins). Sepals subglabrous; dorsal sepal boat-shaped, lanceolate-oblong, obtuse, 4.2–4.7 by 1.8–2 mm; lateral sepals weakly boat-shaped, obliquely lanceolate-oblong, obtuse to rounded, keeled at apex, 3.5–4.3 by 1.7–1.8 mm. Petals slightly spreading, falcately lanceolate-oblong, subacuminate, 3.2–4.4 by 1.2–1.7 mm. Labellum 2.8–3.2 mm long; hypochile with well-developed, erect, obliquely linear-triangular, rounded to obtuse side lobes, 0.8–1.1 by 2.6–2.8 mm when flattened; epichile 2.6–2.9 mm wide when flattened, porrect (continuing the line of the hypochile), cordate with raised sides and rounded, often slightly hooded apex, entire ventral surface glabrous and smooth. Column slightly incurved, 2.3–2.4 mm long (to apex of anther); anther cordate in upper view, 0.8–1 mm long, apex rounded; rostellum broadly triangular; receptive part of stigma crescent-shaped. Ovary (including pedicel) 5.8–8 mm long, somewhat scurfy-pubescent. Capsule nodding to pendent, fusiform-terete, 0.9–1.1 cm long (excluding perianth remnants and pedicel), c. 0.2 cm in diameter; fruit pedicel 2–3 mm long.",general,EN,H.Æ. Pedersen et al.,,Forest Herbarium,2022-04-21,Rachun Pooma & Sawita Yooprasert,ref-THA-0000243581,12,2,"Aphyllorchis pallida . Flora of Thailand. Vol. 12. Part 2, 2014. Pg. 326. Accessed 2022-04-21",All rights reserved,Forest Herbarium,https://www.dnp.go.th/botany/eflora/floraspecies.html?tdcode=05720
wfo-4000003202,"Terrestrial, sometimes rheophytic herbs. Rhizome stout, producing many, densely aggregated flowering shoots. Stem erect, wiry to reed-like, covered by leaf sheaths, often swollen at base. Foliage leaves 6 to many, (sub)distichous, decreasing in size towards the proximal and distal part of the shoot, persistent, green, conduplicate, narrowly linear to linear lanceolate, herbaceous. Inflorescence terminal, racemose or paniculate, elongating gradually during flowering; floral bracts persistent, amplexicaul, much shorter than ovaries. Flowers opening in succession, resupinate, usually pinkish-white with the labellum being violet to magenta (especially towards apex) with a yellow blotch in its central part (but pale as well as very strongly coloured forms occur). Sepals free; lateral sepals more or less connivent behind labellum. Petals spreading, wider than sepals. Labellum trumpet-shaped, 3-lobed, not spurred or saccate; side lobes semi-obovate, rounded, enfolding column; mid-lobe emarginate to deeply cleft; disk ornamented by a few papillose-pubescent longitudinal keels. Column slender, erect, straight to somewhat incurved, dilated and narrowly winged towards apex, devoid of stelids and foot; anther terminal, incumbent; pollinia 8 in 2 groups, more or less waxy, with short caudicles and a common viscidium. Ovary (including pedicel) terete, slender. Fruit a distinctly pedicelled capsule dehiscing by longitudinal slits.</br></br>A probably monospecific genus; distribution as for A. graminifolia subsp. graminifolia (see below).",general,EN,H.Æ. Pedersen et al.,,Forest Herbarium,2022-04-21,Rachun Pooma & Sawita Yooprasert,ref-THA-4000003202,12,2,"Arundina  . Flora of Thailand. Vol. 12. Part 2, 2014. Pg. 327. Accessed 2022-04-21",All rights reserved,Forest Herbarium,https://www.dnp.go.th/botany/eflora/floragenus.html?tdcode=05721
wfo-0001362846,"Flowering shoots slender, (10–)35–50 cm tall; stem grass-like, unbranched, (2–)3–4 mm in diameter in its central part. Leaves 6 to many, narrowly linear, acute to acuminate, usually with revolute margins; largest leaf lamina 8–15.8(–23.2) by 0.4–0.5(–0.6) cm. Inflorescence racemose (rarely paniculate), 2- to many-flowered (rarely 1-flowered); peduncle bearing a single sheathing bract-like leaf; (main) rachis 1.4–9 cm long; floral bracts acute to acuminate, mucronate, 4–8 mm long. Flowers opening 1 at a time. Sepals: dorsal sepal oblanceolate, acute, (18–)20–24(–28) by 4–7 mm; lateral sepals falcately lanceolate, (sub)acuminate, 17–27 by 4–8 mm. Petals elliptic, acute to acuminate, 19–30 by (6–)7–9(–10) mm. Labellum 19–28 mm long; mid-lobe somewhat recurved, subquadrate, more or less emarginate, margins slightly irregular. Column more or less incurved, 12–16 mm long; receptive part of stigma transversely oblong. Ovary (including pedicel) c. 14 mm long. Capsule erect, cylindric-fusiform, 1.9–2.8 cm long (excluding perianth remnants and pedicel), 0.3–0.9 cm in diameter.",general,EN,H.Æ. Pedersen et al.,,Forest Herbarium,2022-04-21,Rachun Pooma & Sawita Yooprasert,ref-THA-0001362846,12,2,"Arundina graminifolia caespitosa. Flora of Thailand. Vol. 12. Part 2, 2014. Pg. 330. Accessed 2022-04-21",All rights reserved,Forest Herbarium,https://www.dnp.go.th/botany/eflora/florainfra.html?tdcode=05724
wfo-0001426684,"Flowering shoots robust, (19–)43–150 cm tall; stem reed-like, unbranched or occasionally branched when older, (3–)5–7(–10) mm in diameter in its central part. Leaves 9 to many, (narrowly) linear-lanceolate, acuminate, usually flat; largest leaf lamina (11.8–)13–25 by (0.6–) 1.4–2 cm. Inflorescence racemose or paniculate, 2- to many-flowered; peduncle intermittently sheathed; (main) rachis 1.7–23(–54) cm long; floral bracts obtuse to acuminate, mucronate, 3–9 mm long. Flowers opening 1–2 at a time. Sepals: dorsal sepal (linear-)lanceolate to linear-oblong, acute (to obtuse or acuminate), (23–)29–36(–45) by 4–11 mm; lateral sepals obliquely (linear-)lanceolate, acute to acuminate, 22–39(–47) by 4–12 mm. Petals (rhombic-)elliptic to obovate, obtuse to acute, sometimes apiculate, 21–42(–50) by (8–)12–17(–27) mm. Labellum 25–49 mm long; mid-lobe porrect to downcurved, subquadrate to transversely subrectangular, emarginate to deeply cleft, margins undulate-crenulate. Column straight to slightly incurved, 14–21 mm long; receptive part of stigma subcircular. Ovary (including pedicel) 11–33 mm long. Capsule pendent, fusiform to oblongoid, 3–5 cm long (excluding perianth remnants and pedicel), 0.6–1.3 cm in diameter.",general,EN,H.Æ. Pedersen et al.,,Forest Herbarium,2022-04-21,Rachun Pooma & Sawita Yooprasert,ref-THA-0001426684,12,2,"Arundina graminifolia graminifolia. Flora of Thailand. Vol. 12. Part 2, 2014. Pg. 328. Accessed 2022-04-21",All rights reserved,Forest Herbarium,https://www.dnp.go.th/botany/eflora/florainfra.html?tdcode=05723
wfo-4000004800,"Terrestrial, rhizomatous herbs; rhizome irregularly shaped, rooting at nodes with many long fibrous roots. Flowering shoots terminal, erect. Foliage leaves 2–5, often erect, glabrous, plicate, narrowly oblong to narrowly lanceolate, sheathing at the base. Inflorescence racemose, terminal, erect; peduncle terete, with a few sterile bracts; rachis short, terete, simple or occasionally branched; floral bracts lanceolate, caducous. Flowers 2–3, resupinate, often showy, white, pink, purple, or yellow, glabrous; pedicel and ovary slender. Sepals free. Petals free, similar to sepals but slightly larger. Labellum firmly attached, not fused with column, often 3-lobed, porrect, without spur, often ornamented by longitudinal keels, lateral lobes erect and clasping the column. Column arcuate, clavate, winged, glabrous, without column foot; anther incumbent, 2-locular; pollinia 8 in 2 groups of 4, granular, oblong and laterally compressed, caudicles inconspicuous; stigma suborbicular to transversely elliptic; rostellum truncate, projecting forward over the stigma, not producing a viscidium. Ovary terete, glabrous. Fruit a capsule, oblong-fusiform, erect.</br></br>A genus of c. 5 species distributed from northern Myanmar, Indo-China and China to Japan; 1 species in Thailand.",general,EN,H.Æ. Pedersen et al.,,Forest Herbarium,2022-04-21,Rachun Pooma & Sawita Yooprasert,ref-THA-4000004800,12,2,"Bletilla  . Flora of Thailand. Vol. 12. Part 2, 2014. Pg. 330. Accessed 2022-04-21",All rights reserved,Forest Herbarium,https://www.dnp.go.th/botany/eflora/floragenus.html?tdcode=05725
wfo-0000346509,"Flowering shoots 10–20 cm tall; rhizome ovoid to globose, 1–1.8 cm in diameter. Foliage leaves 2–4, elliptic-lanceolate, 5–10 by 0.8–3 cm, apex acute to acuminate. Inflorescence glabrous; peduncle 5–12 cm long, slender; rachis simple, flexuous, 1–2 cm long; floral bracts oblong-lanceolate, 5–6 mm long, apex acute, often caducous. Flowers 1–3, suberect, pale purple; pedicel and ovary twisted, 0.7–1 cm long. Sepals white, tinged with purple especially at the apices, oblong-lanceolate, 10–12 by 2.5–3 mm, apex acute. Petals white, tinged with purple especially at the apices, lanceolate, 10–12 by 2.5–3.5 mm, apex acute. Labellum white with small purplish spots and purple apex, narrowly obovate, 10–13 by 5–6 mm, apex almost unlobed or obscurely 3-lobed, margin irregularly serrulate; disk with 3 longitudinal fimbriate keels. Column c. 1 cm long, dilated towards apex; rostellum large. Capsule oblong, erect.",general,EN,H.Æ. Pedersen et al.,,Forest Herbarium,2022-04-21,Rachun Pooma & Sawita Yooprasert,ref-THA-0000346509,12,2,"Bletilla foliosa . Flora of Thailand. Vol. 12. Part 2, 2014. Pg. 331. Accessed 2022-04-21",All rights reserved,Forest Herbarium,https://www.dnp.go.th/botany/eflora/floraspecies.html?tdcode=05726
wfo-4000005476,"Terrestrial, ephiphytic or lithophytic, more or less woody plants. Rhizome creeping, short to somewhat elongated. Stems simple, flexible to stiff, terete to laterally compressed, not swollen. Foliage leaves distichous, articulate, glabrous, herbaceous to hard-coriaceous, duplicate or bilaterally flattened. Inflorescence terminal, racemose, accrescent, usually simple, few- to many-flowered; rachis pubescent or mealy-hairy; bracts persistent, imbricate or very nearly so. Flowers resupinate, opening in succession or very few open at the same time, very short-lived. Sepals free, elliptic or oblong to linear-lanceolate, glabrous; lateral sepals slightly falcate. Petals free, elliptic or oblong to lanceolate, usually thinner than the sepals, glabrous. Labellum concave, 3-lobed; disk glabrous or with scattered hairs; side lobes often densely hairy or papillose; mid-lobe suborbicular to lingulate, more or less recurved, usually ornamented by a papillose or hairy elongate callus. Column long and slender, slightly incurved, with narrow lateral wings, but without foot; anther bilocular; pollinia 2, solid, more or less waxy, porate,  triangular-ovoid to ovate; viscidium large, semi-dome-shaped; stigma cup-shaped, with a pair of  triangular to suborbicular lateral flaps. Ovary slender. Fruit a cylindrical capsule, dehiscing by 6 longitudinal slits.</br></br>A genus of c. 27 species, distributed in Sri Lanka, Myanmar, Indo-China, Thailand,  Peninsular Malaysia, Borneo, Sumatra, Java, the Philippines, Maluku, New Guinea and Queensland; 5 species in Thailand.",general,EN,H.Æ. Pedersen et al.,,Forest Herbarium,2022-04-21,Rachun Pooma & Sawita Yooprasert,ref-THA-4000005476,12,2,"Bromheadia  . Flora of Thailand. Vol. 12. Part 2, 2014. Pg. 333. Accessed 2022-04-21",All rights reserved,Forest Herbarium,https://www.dnp.go.th/botany/eflora/floragenus.html?tdcode=05727
wfo-0000431412,"Epiphytic or lithophytic, to 50 cm tall, often forming a large clump. Rhizome short, creeping, 3–5 mm in diameter. Stems flattened, internodes 1–4 cm long, basal part with 3–5 sheathing cataphylls. Foliage leaves 5–10, dorsoventrally flattened, sheathing at base; sheaths slightly longer than internodes; lamina narrowly oblong, 8–14 by 0.8–1.3 cm, coriaceous, apex deeply emarginate or unequally bilobed. Inflorescences to 12 cm long, rarely branched; floral bracts laterally compressed, regularly overlapping and clasping the rachis, boat-shaped, 5–10 mm long, glabrous. Flowers (creamy) white or yellowish, 1–2 open at the same time. Sepals oblong or oblong-oblanceolate, slightly concave, apex acute; dorsal sepal c. 20 by 6 mm; lateral sepals slightly falcate, c. 20 by 8 mm. Petals oblanceolate, slightly falcate, c. 20 by 5 mm, apex acute. Labellum obovate in overall outline when flattened, c. 18 by 10 mm, white or creamy; disk with a yellowish-green median papillose band extending to the base; side lobes large, front edges ciliate; mid-lobe suborbicular to ovate, 4–6 by 3.5–5 mm, central callus thick, margin ciliate, apex mucronate. Column 13‒15 mm long, glabrous, winged at the top; anther obcordate, c. 1 by 2‒2.5 mm; pollinia triangular-ovoid, c. 1.5 mm long; viscidium broad, winged, c. 1 by 2 mm. Ovary (including pedicel) 1.2–1.8 cm long, glabrous. Fruit c. 4.5 by 0.9 cm.",general,EN,H.Æ. Pedersen et al.,,Forest Herbarium,2022-04-21,Rachun Pooma & Sawita Yooprasert,ref-THA-0000431412,12,2,"Bromheadia alticola . Flora of Thailand. Vol. 12. Part 2, 2014. Pg. 333. Accessed 2022-04-21",All rights reserved,Forest Herbarium,https://www.dnp.go.th/botany/eflora/floraspecies.html?tdcode=05728
wfo-0000431499,"Epiphytic, to 15 cm high. Rhizome short, creeping, 1.5‒3.5 mm in diameter. Stems tufted; internodes 0.3‒1.2 cm long; basal part with 2–4 sheathing cataphylls. Foliage leaves 3‒7, bilaterally flattened, at acute angles to the stem; sheaths slightly longer than internodes; laminas hard-coriaceous, linear-lanceolate to linear, slightly recurved or sometimes strongly curved, 2.5‒7 by 0.4‒0.6 cm, apex acute. Inflorescences very short, c. 1.5 cm long, usually unbranched; floral bracts closely overlapping and clasping the rachis, boat-shaped, ovate when flattened, 4‒6 mm long, glabrous. Flowers creamy or white, 1–2 open at the same time. Sepals oblong to lanceolate, slightly concave, apex acute-acuminate; dorsal sepal 17‒18 by 4‒4.5 mm; lateral sepals slightly falcate, 16‒20 by 4.5‒5.5 mm. Petals elliptic to oblong-lanceolate, 16‒18 by 4.5‒6.5 mm, apex acute-acuminate. Labellum ovate to elliptic in overall outline when flattened, 15‒18 by 10‒12 mm; disk with scattered hairs and a median band extending to the base; side lobes distinct; mid-lobe obovate to orbicular, 6‒7 by 5‒6 mm, central part ornamented by a warty yellow callus, papillose, apex obtuse to apiculate, slightly recurved, margin crenulate-undulate. Column 12‒14 mm long; winged and broadening distally; anther more or less obcordate, 1.2‒1.5 by 1.5‒2 mm; pollinia 1.1‒1.5 by c. 0.7 mm; viscidium usually wider than tall, c. 1.5 by 2 mm. Ovary (including pedicel) 12‒16 mm long, glabrous. Fruit narrowly cylindrical-oblong, 2‒2.5 by c. 0.4 cm.",general,EN,H.Æ. Pedersen et al.,,Forest Herbarium,2022-04-21,Rachun Pooma & Sawita Yooprasert,ref-THA-0000431499,12,2,"Bromheadia aporoides . Flora of Thailand. Vol. 12. Part 2, 2014. Pg. 335. Accessed 2022-04-21",All rights reserved,Forest Herbarium,https://www.dnp.go.th/botany/eflora/floraspecies.html?tdcode=05729
wfo-0000431706,"Epiphytic, to 20 cm high. Rhizome short, creeping, 2‒3.5 mm in diameter. Stems stiff; internodes 3‒5 mm long, terminal internode not much longer, basal part with 2–4 sheathing cataphylls. Foliage leaves bilaterally flattened; sheaths slightly longer than internodes; laminas obliquely triangular to linear-lanceolate, straight, 0.8‒1.5 by 0.3‒0.5 cm, hard-coriaceous, apex acute. Inflorescences to 1 cm long, usually unbranched; floral bracts closely overlapping and clasping the rachis, boat-shaped, 3‒4 mm long, often disintegrated into fibres. Flowers yellowish-green, 1–2 flowers open at the same time. Sepals oblong to lanceolate, slightly concave, apex acute; dorsal sepal 11‒14 by 4‒4.5 mm; lateral sepals slightly falcate, 11‒13.5 by 4‒4.5 mm. Petals oblong to lanceolate, 11‒13.5 by 3.5‒4 mm, apex acute. Labellum obovate in overall outline when flattened, 11‒13 by 8‒10 mm; disk with scattered hairs, median band extending to the base; side lobes small, triangular; mid-lobe lingulate, 4‒6 by 3.5‒5 mm, slightly recurved, central part with longitudinal callus, apex emarginate, margin papillose. Column 9‒10 mm long; winged and broadening distally; anther more or less obcordate, 0.8‒1 by 1‒1.2 mm; pollinia 0.7‒0.9 by c. 0.5 mm; viscidium as tall as wide, 1‒1.2 by 1‒1.2 mm. Ovary (including pedicel) 4‒6 mm long, glabrous. Fruit c. 2 by 0.4 cm.",general,EN,H.Æ. Pedersen et al.,,Forest Herbarium,2022-04-21,Rachun Pooma & Sawita Yooprasert,ref-THA-0000431706,12,2,"Bromheadia brevifolia . Flora of Thailand. Vol. 12. Part 2, 2014. Pg. 336. Accessed 2022-04-21",All rights reserved,Forest Herbarium,https://www.dnp.go.th/botany/eflora/floraspecies.html?tdcode=05730
wfo-0000432056,"Terrestrial or occasionally lithophytic, to 2 m high. Rhizome subterranean, 5–10 mm in diameter. Stems terete, 5‒9 mm in diameter, erect; internodes 1.5‒9 cm long, basal part with 3–5 sheathing cataphylls. Foliage leaves 4‒15 (and distally 3‒8 reduced to sheaths), dorsoventrally flattened, sheathing at base; sheaths usually shorter than internodes; laminas oblong or lanceolate-oblong, 3‒17 by 1‒4 cm, coriaceous, apex emarginate or unequally bilobed. Inflorescences usually erect, often branched, to 50 cm long; bracts laterally compressed, regularly overlapping and clasping the rachis, boat-shaped, 3–7 mm long, glabrous. Flowers (creamy) white, tinged with purple, 1–2 open at the same time. Sepals oblong-lanceolate, slightly hooded, apex acute to acuminate; dorsal sepal 35‒40 by 9‒10 mm; lateral sepals slightly falcate, 33‒38 by 9‒10 mm. Petals elliptic or ovate, slightly falcate, 30–35 by 12–14 mm, apex acute. Labellum obovate to triangular in overall outline when flattened, 25‒27 by 15‒18 mm, white or creamy; disk with a yellowish median papillose band extending to the base; side lobes large, triangular, c. 5 mm high, with purple nerves, front edges papillose; mid-lobe orbicular to (oblong-)obovate, 9‒10 by 7‒10 mm, central callus warty, yellow, papillose, apex usually apiculate; margin slightly undulate, ciliate. Column 18‒20 mm long, winged at the apex; anther obcordate, c. 2 by 2.5‒3 mm; pollinia ellipsoid, 1.5‒2 by 0.8–1 mm; viscidium triangular, 2‒2.5 by 2.5‒3 mm. Ovary (including pedicel) 15‒20 mm long, glabrous. Fruit 5‒7 by 1‒1.4 cm.",general,EN,H.Æ. Pedersen et al.,,Forest Herbarium,2022-04-21,Rachun Pooma & Sawita Yooprasert,ref-THA-0000432056,12,2,"Bromheadia finlaysoniana . Flora of Thailand. Vol. 12. Part 2, 2014. Pg. 338. Accessed 2022-04-21",All rights reserved,Forest Herbarium,https://www.dnp.go.th/botany/eflora/floraspecies.html?tdcode=05731
wfo-0000433229,"Epiphytic, to 20 cm high. Rhizome short, creeping, 1.5‒3.5 mm in diameter. Stems tufted; internodes 0.2‒1.5 cm long. Foliage leaves 5‒10, bilaterally flattened, at acute angles to the stem, sheathing at base; sheaths slightly longer than internodes; laminas hard-coriaceous, linear, slightly recurved or sometimes strongly curved and twisted, 2.5‒11 by 0.3‒0.6 cm, apex acute. Inflorescences very short, occasionally branched; floral bracts closely overlapping and clasping the rachis, boat-shaped, ovate when flattened, 4‒6 mm long, glabrous. Flowers creamy white to yellowish-green, 1–2 open at the same time. Sepals oblong, slightly concave, apex acute-acuminate; dorsal sepal 17‒18 by 4‒4.5 mm; lateral sepals slightly falcate, 17‒18 by 4‒4.5 mm. Petals elliptic-oblong, 16‒17 by 3.5‒4 mm, apex acute. Labellum obovate to elliptic in overall outline when flattened, 14‒16 by 10‒12 mm; disk pale green or yellowish, with a purple-yellow median papillose band extending to the base; side lobes small, front edges truncate; epichile lingulate-oblong, 6‒7 by 5‒6 mm, white with purple edges, slightly recurved, central part ornamented by a longitudinal callus, papillose, apex truncate with a short apiculum or emarginate, margin crenulate-undulate. Column 10‒12 mm long; winged and broadening distally; anther more or less obcordate, c. 0.8 by 1.3‒1.5 mm; pollinia ovate, 0.6‒0.7 by c. 0.5 mm; viscidium usually longer than wide, c. 1.5 by 2.2 mm. Ovary (including pedicel) 5‒6 mm  long, glabrous. Fruit 1.2‒1.6 by c. 0.4 cm.",general,EN,H.Æ. Pedersen et al.,,Forest Herbarium,2022-04-21,Rachun Pooma & Sawita Yooprasert,ref-THA-0000433229,12,2,"Bromheadia truncata . Flora of Thailand. Vol. 12. Part 2, 2014. Pg. 340. Accessed 2022-04-21",All rights reserved,Forest Herbarium,https://www.dnp.go.th/botany/eflora/floraspecies.html?tdcode=05732
wfo-4000005961,"Terrestrial, lithophytic or rarely epiphytic herbs with pseudobulbous stems, deciduous or evergreen. Flowering shoots 12‒80(‒150) cm tall. Pseudobulbs ovoid, conical or cylindric, either insignificant and hidden by the bases of the foliage leaves or large and swollen, close together or rarely spaced on a creeping rhizome. Foliage leaves few, plicate, present or rarely absent during flowering, almost always uniformly green, petiolate, glabrous or hairy; lamina lanceolate, cuneate at base. Inflorescences unbranched, arising from a basal leaf axil, glabrous or pubescent, few- to many-flowered; floral bracts glabrous or hairy, persistent or caducous. Flowers medium-sized or large, resupinate; mostly with white, pink and yellow colours, often turning dark blue through damage or with age. Sepals free, often hairy (particularly on the outside). Petals similar but almost always glabrous. Labellum entire, 2- or 3-lobed, mid-lobe often bilobulate, labellum base most commonly extensively fused with the sides of the column, disk variously ornamented, sometimes clawed, almost always with saccate or elongate, glabrous or pubescent spur. Column glabrous or rarely hairy; anther versatile and incumbent, with 8 waxy clavate pollinia; rostellum beaked or bifid, with one viscidium; stigma in a cavity below the rostellum. Ovary often hairy, mostly indistinguishable from the pedicel.</br></br>Calanthe is a large genus of 207 species which are mainly found in Asia, northern  Australia and the Pacific Ocean Islands, with several occurring in Africa and Madagascar and  one in central America; 23 species in Thailand.",general,EN,H.Æ. Pedersen et al.,,Forest Herbarium,2022-04-21,Rachun Pooma & Sawita Yooprasert,ref-THA-4000005961,12,2,"Calanthe  . Flora of Thailand. Vol. 12. Part 2, 2014. Pg. 341. Accessed 2022-04-21",All rights reserved,Forest Herbarium,https://www.dnp.go.th/botany/eflora/floragenus.html?tdcode=05733
wfo-0000761437,"Flowering shoots glabrous, to 75 cm tall. Pseudobulbs insignificant, hidden by the bases of the foliage leaves. Foliage leaves 3‒4, lanceolate, acute, perennial, to 90 by 4‒9 cm; petioles to 18 cm long. Inflorescences semi-dense or lax; peduncles to 20 cm long; sterile bracts few, lanceolate-oblong, acute; rachis 13‒20 cm long, several- to many-flowered; floral bracts caducous, not seen. Flowers white or creamy white, labellum partly yellow. Sepals ovate-elliptic, shortly aristate-acuminate, 5-veined, to 15 by 4‒5 mm. Petals elliptic-ovate, acute, to 12 by 4‒5.5 mm. Labellum 3-lobed, spurred, free portion to 11 mm long, base extensively fused with the sides of the column; mid-lobe elliptic-reniform, apically retuse or slightly cleft, 5–7 mm wide; side lobes oval or rounded-square, to 2 by 3 mm; ornaments of broadly laminate semi-ovate ridges; spur clavate, straight or slightly curved, shorter than the pedicel plus the ovary, 9–10 mm long. Column 4–5 mm long; rostellum with a slender beak. Ovary 4‒7 mm long, weakly differentiated from the 7–11 mm long pedicel. Capsule not seen. [Description largely based on Peninsular Malaysian material].",general,EN,H.Æ. Pedersen et al.,,Forest Herbarium,2022-04-21,Rachun Pooma & Sawita Yooprasert,ref-THA-0000761437,12,2,"Calanthe albolutea . Flora of Thailand. Vol. 12. Part 2, 2014. Pg. 344. Accessed 2022-04-21",All rights reserved,Forest Herbarium,https://www.dnp.go.th/botany/eflora/floraspecies.html?tdcode=05734
wfo-0000761561,"Flowering shoots glabrous, spaced on a creeping rhizome, to 30 cm tall. Pseudobulbs insignificant, hidden by the bases of the foliage leaves. Foliage leaves 3–6, linear-lanceolate, acute or acuminate, perennial, 18–50 by 1–3.75 cm; petioles to 14 cm long. Inflorescences semi dense or lax; peduncle 15–23 cm long; sterile bracts 3–6, lanceolate-oblong, acute, to 2.5 cm long; rachis 5–7.5 cm long, to 25-flowered; floral bracts caducous, c. 40 mm long. Flowers white, labellum partly or entirely yellow, ornaments yellow. Sepals ovate-elliptic, acute or acuminate, 10–13 by 5–7 mm. Petals similar but shorter and broader, acute, 9.5–11 by 5.5–8 mm. Labellum 3-lobed, base extensively fused with the sides of the column, to 12.5 by 7–8 mm; mid-lobe obovate, apically cleft, 5–5.5 by 6.7–8 mm; side lobes oval or square, erect, 1.9–2.2 by 1.5–2.3 mm; ornaments in the form of 2 short keels at the base of the free labellum portion; spur 8–10 mm long, clavate. Column 4–6.5 mm long, rostellum without a prominent beak. Ovary 6–8 mm long, rather distinct from the 6–7 mm long pedicel. Capsule not seen. [Description partly based on Peninsular Malaysian material].",general,EN,H.Æ. Pedersen et al.,,Forest Herbarium,2022-04-21,Rachun Pooma & Sawita Yooprasert,ref-THA-0000761561,12,2,"Calanthe angustifolia . Flora of Thailand. Vol. 12. Part 2, 2014. Pg. 344. Accessed 2022-04-21",All rights reserved,Forest Herbarium,https://www.dnp.go.th/botany/eflora/floraspecies.html?tdcode=05735
wfo-0000761933,"Flowering shoots 40–70 cm tall. Pseudobulbs insignificant, hidden by the bases of the foliage leaves, cylindric, 4–12 cm long. Foliage leaves 3–4, elliptic, acute or acuminate, perennial, glabrous, 12–40 by 4.6–10.3 cm; petioles to 15 cm long. Inflorescences lax, shortly pubescent; peduncle 20–35(–48) cm long; sterile bracts 3–4, lanceolate, acuminate, to 3.5 cm long; rachis 11–22 cm long, few- to many-flowered; floral bracts lanceolate, acuminate, persistent, to 20 by 1–3 mm. Flowers 20–35 mm in diameter; red to brown with yellow or violet spots, labellum pale violet, spur pink. Sepals oblong-elliptic, acuminate, pubescent on the outside, glabrous or sometimes puberulous on the inside, 15–18 by 5–9 mm. Petals oblong-lanceolate, clawed, acuminate, 15–16 by 3–6 mm. Labellum ovate to reniform, apically emarginate and therefore somewhat bilobed, base fused with the column foot, clawed, 19–25 by 20–26 mm; ornaments of 2 prominent or obscure keels in the centre of the labellum blade; spur conical, 2–4 mm long. Column 5–7 mm long, glabrous, with a prominent foot. Ovary (including pedicel) pubescent, 20–25 mm long. Capsule ellipsoid, c. 30 by 15 mm.",general,EN,H.Æ. Pedersen et al.,,Forest Herbarium,2022-04-21,Rachun Pooma & Sawita Yooprasert,ref-THA-0000761933,12,2,"Calanthe biloba . Flora of Thailand. Vol. 12. Part 2, 2014. Pg. 346. Accessed 2022-04-21",All rights reserved,Forest Herbarium,https://www.dnp.go.th/botany/eflora/floraspecies.html?tdcode=05736
wfo-0000762132,"Flowering shoots (19–)30–68 cm tall. Pseudobulbs prominent, ovoid, 2.5–8.5 by 1.5–3 cm. Foliage leaves (1–)2–4, lanceolate-oblong, acute or acuminate, annual, glabrous, (15–)22–47 by 4–7 cm; petioles 3–6(–9) cm long. Inflorescences lax or semi-dense, softly pubescent, nodding; peduncles (10–)21–53 cm long; sterile bracts 2–9, lanceolate-oblong, 1.2–5 cm long; rachis (2–)5–15(–22) cm long, (2–)5- to 20-flowered; floral bracts ovate-lanceolate, acute or acuminate, persistent, 9–20(–22) by 5–8(–10) mm. Flowers 14–18 mm in diameter, pink to lilac or white with red dots, labellum with red markings, flowers turning orange with age. Sepals ovate-lanceolate, acuminate, (8–)9–14 by 3–8 mm, softly pubescent on the outside. Petals ovate-elliptic, obtuse, 9.3–14 by 2.9–4.5 mm, glabrous. Labellum 3-lobed, base fused with the column foot, 9–15 by 13–22 mm; mid-lobe flabellate, apex rounded, truncate or emarginate, 3–7(–8) by (6.5–)7–8 mm; side lobes oblong, obtuse, broadening towards the apex, 3–10 by 4–8(–10)  mm; base of the free labellum portion ornamented by 3 fleshy keels, middle one extending as a  rounded keel or strong vein onto the mid-lobe; spur cylindric, 15–25(–28) mm long, pubescent. Column subglabrous or pubescent, 3–5 mm long, column foot to 3(–4) mm long; rostellum bilobed. Ovary (including pedicel) green or sometimes dark purple, pubescent, 23–50 mm long. Capsule ellipsoid, c. 20 by 8 mm.",general,EN,H.Æ. Pedersen et al.,,Forest Herbarium,2022-04-21,Rachun Pooma & Sawita Yooprasert,ref-THA-0000762132,12,2,"Calanthe cardioglossa . Flora of Thailand. Vol. 12. Part 2, 2014. Pg. 348. Accessed 2022-04-21",All rights reserved,Forest Herbarium,https://www.dnp.go.th/botany/eflora/floraspecies.html?tdcode=05737
wfo-0000762308,"Flowering shoots glabrous, 28–80 cm tall. Pseudobulbs insignificant, hidden by the bases of the foliage leaves, spaced on an elongate rhizome. Foliage leaves 2–3, lanceolate-oblong, acute, perennial, 23–90 by 3.4–9.5 cm; petioles 13–20 cm long. Inflorescences arising directly from the rhizome next to the leafy shoot, raceme dense or semi-dense, cylindric; peduncles 21–30 cm long; sterile bracts 4–8, lanceolate-oblong, acute, tubular and inflated, 2.8–6 cm long; rachis 10.5–14 cm long, many-flowered; floral bracts lanceolate, acuminate, caducous, 30–50 by 3–8 mm. Flowers to 20 mm in diameter; yellow. Sepals ovate-elliptic, acuminate; dorsal sepal 9–14 by 4–6.7 mm; lateral sepals 10–15 by 4–6 mm. Petals obovate-elliptic, slightly spathulate, acute, 9–14 by 4–6.5 mm. Labellum 3-lobed, base fused with lower half or two thirds of the column, 8–13.5 mm long; mid-lobe rectangular, emarginate, 3–5 by 3.5–5 mm; side lobes semi circular, 2–3 by 2–3 mm; ornaments of 2 short lamellate keels between the side lobes; spur clavate, apically slightly bifid or entire, 8–10 mm long. Column 6–7 mm long, with a short rostellum beak which hardly or not at all projects. Ovary 7–9 mm long, distinct from the 8–12 mm long pedicel. Capsule ellipsoid, 10–13 by 5–6 mm.",general,EN,H.Æ. Pedersen et al.,,Forest Herbarium,2022-04-21,Rachun Pooma & Sawita Yooprasert,ref-THA-0000762308,12,2,"Calanthe clavata . Flora of Thailand. Vol. 12. Part 2, 2014. Pg. 351. Accessed 2022-04-21",All rights reserved,Forest Herbarium,https://www.dnp.go.th/botany/eflora/floraspecies.html?tdcode=05739
wfo-0000762585,"Flowering shoots glabrous, 40–60 cm tall. Pseudobulbs insignificant, hidden by the bases of the foliage leaves, spaced on an elongate rhizome. Foliage leaves 2–4(–5), elliptic, acuminate, perennial, (18–)30–40 by 2–6 cm; petioles to 22 cm long. Inflorescences arising directly from the rhizome next to the leafy shoot, densely globose to subcylindric; peduncles 9–18 cm long; sterile bracts (1–)2–5, ovate-lanceolate, acute, tubular, inflated, 1.8–3.7 cm long; rachis 1–3(–5) cm long, 12- to 25-flowered; floral bracts elliptic-lanceolate, acuminate, caducous, white, 10–20(–40) by 7–8(–20) mm. Flowers 10–26 mm in diameter; yellow, labellum side lobes sometimes red-tinged. Sepals elliptic-lanceolate, acute or acuminate; dorsal sepal 14–16(–18) by 4–6.5(–8) mm; lateral sepals similar but narrower. Petals spathulate-oblanceolate, acute, (11–)12–15(–18) by  (2–)4.5–5(–6) mm. Labellum 3-lobed, fused with the column for 3–4.5 mm, 10–13 by 8.6–13.8 mm; mid-lobe subquadrate, apex truncate or emarginate, 4.5–5(–6) by (4–)5–6(–7) mm; side  lobes ovate or triangular, erect, 4–9 by 3–3.5 mm; ornaments of 2 fleshy lamellae between the side lobes; spur cylindric or weakly clavate, straight, 8.5–15(–20) mm long. Column (8.5–)12–13 mm long, with a short rostellum beak which hardly or not at all projects. Ovary (including pedicel) (10–)14–18(–25) mm long. Capsule ellipsoid, 10–11 by 5–6 mm.",general,EN,H.Æ. Pedersen et al.,,Forest Herbarium,2022-04-21,Rachun Pooma & Sawita Yooprasert,ref-THA-0000762585,12,2,"Calanthe densiflora . Flora of Thailand. Vol. 12. Part 2, 2014. Pg. 352. Accessed 2022-04-21",All rights reserved,Forest Herbarium,https://www.dnp.go.th/botany/eflora/floraspecies.html?tdcode=05740
wfo-0000763411,"Flowering shoots to 100 cm tall. Pseudobulbs insignificant, hidden by the bases of the foliage leaves. Foliage leaves to 6, elliptic, acuminate, perennial, glabrous above and either glabrous or sparsely pubescent below, 55–69 by 7.3–12.2 cm; petioles 18–34 cm long. Inflorescences lax, pubescent, 56–100 cm tall; peduncles to 77 cm long; sterile bracts 2–6, lanceolate-oblong, acute or subacute, 2.8–5.5 cm long; rachis 23–27 cm long, 11- to 20-flowered; floral bracts lanceolate, acute, persistent, 23–27 by 6.2–11 mm. Flowers 26–30 mm in diameter; sepals and petals green, labellum white, ornaments white or yellow. Sepals elliptic-lanceolate, acute, pubescent on the outside; dorsal sepal 16–18 by 6–8.2 mm; lateral sepals 17–17.5 by 6.4–8.6 mm. Petals elliptic-obovate, subspathulate, subacute or obtuse, 16–16.4 by c. 3.6 mm. Labellum 3-lobed, base extensively fused with the sides of the column, hairy at the base and glabrous above, 18–23 mm long; mid-lobe bilobulate, 10.5–14 mm long, lobules pointing forwards, 7–7.5 by 5.3–5.5 mm; side lobes oblong, forwards-pointing, obtuse, 7–9 by 4.2–4.7 mm; ornaments as  wart-like papillae; spur cylindric, pubescent, 25–30 mm long. Column sparsely pubescent, c. 8 mm long; rostellum 2-lobed. Ovary (including pedicel) pubescent, 38–42 mm long. Capsule not seen. [Description mainly after the collection made in Chiang Mai Province].",general,EN,H.Æ. Pedersen et al.,,Forest Herbarium,2022-04-21,Rachun Pooma & Sawita Yooprasert,ref-THA-0000763411,12,2,"Calanthe herbacea . Flora of Thailand. Vol. 12. Part 2, 2014. Pg. 354. Accessed 2022-04-21",All rights reserved,Forest Herbarium,https://www.dnp.go.th/botany/eflora/floraspecies.html?tdcode=05741
wfo-0000763422,"Flowering shoots (38–)67–83 cm tall. Pseudobulbs prominent, ovoid, c. 5 by 3 cm. Foliage leaves annual, not seen. Inflorescences lax or semi-dense, softly long-pubescent, nodding; peduncles 35–55(–61) cm long; sterile bracts 5–9, lanceolate-oblong, acuminate, 1–5 cm long; rachis (7–)15–22 cm long, 4- to many-flowered; floral bracts lanceolate, acuminate, persistent, (28–)30–40 by 3–10 mm. Flowers to 30 mm in diameter; pink, labellum with darker dots; sepals and petals with strongly recurved apices. Sepals ovate-lanceolate, acuminate, softly pubescent on the outside, inside (sub)glabrous, (14–)16–21 by (5.5–)6–7 mm. Petals ovate-elliptic, obtuse and acuminate, 13.5–18 by 5–7.7 mm. Labellum 3-lobed, base fused with the column foot, 15–20 by 16–20 mm; mid-lobe obovate, emarginate, 4–13 by 3.5–6(–12) mm; side lobes flabellate, obtuse, strongly broadening towards the apex, 2.5–10 by 5–7(–12) mm; labellum ornamented by an obscure keel at the base of the free labellum portion; spur cylindric, pubescent, (25–)27–35 mm long. Column 4–6 mm long, column foot to 3 mm long. Ovary (including pedicel) pubescent, 26–40 mm long. Capsule not seen.",general,EN,H.Æ. Pedersen et al.,,Forest Herbarium,2022-04-21,Rachun Pooma & Sawita Yooprasert,ref-THA-0000763422,12,2,"Calanthe hirsuta . Flora of Thailand. Vol. 12. Part 2, 2014. Pg. 355. Accessed 2022-04-21",All rights reserved,Forest Herbarium,https://www.dnp.go.th/botany/eflora/floraspecies.html?tdcode=05742
wfo-0000763688,"Flowering shoots 25–30 cm tall. Pseudobulbs prominent, ovoid, 2–8 by 1.5–4 cm. Foliage leaves 1–3, lanceolate-oblong, acute or acuminate, deciduous, present at anthesis, glabrous, 25–44 by 8.9–10.4 cm; petioles 10–12 cm long. Inflorescences lax, softly long-pubescent, nodding; sterile bracts 4–7, lanceolate-oblong, acute or acuminate, 1–3 cm long; rachis 3- to 10-flowered; floral bracts ovate-lanceolate, acuminate, persistent, 10–20 by 7–14.2 mm. Flowers 20–25 mm in diameter; sepals, petals and labellum epichile violet or whitish pink, basal part of labellum white, labellum occasionally reported as having pink dots, spur pale pink, column pink or orange, pollinia white; flowers fading yellow. Sepals ovate-lanceolate, acuminate, softly pubescent on the outside, 10–14 by 4–5.8(–6.8) mm. Petals ovate-elliptic, subacute, 11–15 by 4.5–5.5 mm. Labellum unlobed, flabellate or triangular, base fused with the column foot [but see Note], 11–15 by (12–)13–19 mm; base of free labellum portion ornamented by 3 fleshy keels the median of which sometimes forms a thin lamella on the mid-lobe; spur cylindric, pubescent, 22–29 mm long. Column glandular-hairy or glabrous, 4–6.5 mm long, column foot 3–3.5 mm long. Ovary (including pedicel) pubescent, 22–30(–40) mm long. Capsule not seen.",general,EN,H.Æ. Pedersen et al.,,Forest Herbarium,2022-04-21,Rachun Pooma & Sawita Yooprasert,ref-THA-0000763688,12,2,"Calanthe labrosa . Flora of Thailand. Vol. 12. Part 2, 2014. Pg. 356. Accessed 2022-04-21",All rights reserved,Forest Herbarium,https://www.dnp.go.th/botany/eflora/floraspecies.html?tdcode=05743
wfo-0001332694,"Flowering shoots c. 55 cm tall. Pseudobulbs insignificant, hidden by the bases of the foliage leaves. Foliage leaves 3–4, lanceolate-elliptic, acute, acuminate, perennial, both sides slightly puberulent, 34‒40 by 8.4‒11 cm, green with 5 or 6 pale-green bands, leaves well developed at anthesis; petioles 3–6 cm long. Inflorescences semi-dense, puberulent; sterile bracts 8, narrowly lanceolate, 16 cm long in the middle of the inflorescence and 3‒6 cm long in its upper and lower part; rachis 9 cm long, many-flowered; floral bracts lanceolate-elliptic, acute, long-acuminate, persistent, 21‒24 by 9‒10 mm. Flowers white, labellum with golden-yellow wart like ornaments. Sepals reflexed, 5-veined, elliptic-lanceolate, acuminate, puberulent abaxially; dorsal sepal elliptic, 15–16 by 6–6.6 mm; lateral sepals 16‒19 by c. 6.5 mm. Petals spreading, elliptic-obovate, 3-veined, acute, 13‒14.8 by 4.8‒5 mm. Labellum 3-lobed, base extensively fused with the sides of the column; mid-lobe bilobed, each lobule narrowly triangular with a long tapering subacute tip, c. 15 by 3.4‒3.7 mm, sinus with a small tooth; side lobes narrowly triangular with a long tapering acute tip, 13.5‒16 by c. 3.2 mm; labellum ornamented by 3 short  warty keels at the base of the free labellum portion; spur cylindric, puberulous, 11 mm long. Column 4.9‒5 mm long. Ovary (including pedicel) puberulent, 33–35 mm long. Capsule not seen. [Description after the single Thai specimen].",general,EN,H.Æ. Pedersen et al.,,Forest Herbarium,2022-04-21,Rachun Pooma & Sawita Yooprasert,ref-THA-0001332694,12,2,"Calanthe leonidii . Flora of Thailand. Vol. 12. Part 2, 2014. Pg. 358. Accessed 2022-04-21",All rights reserved,Forest Herbarium,https://www.dnp.go.th/botany/eflora/floraspecies.html?tdcode=05744
wfo-0000763930,"Flowering shoots glabrous, 43–39 cm tall. Pseudobulbs insignificant, hidden by the bases of the foliage leaves, 2–3 cm long. Foliage leaves 3–6(–7), lanceolate-oblong, acuminate, perennial, 35–89(–101) by (3.6–)6–8 cm; petioles mostly 9–28 cm long. Inflorescences semi dense or dense; peduncles 24–46 cm long; sterile bracts 2–4(–6), lanceolate-oblong, acute or subacute, 3–7.5 cm long; rachis (5–)8–19 cm long, many-flowered; floral bracts ovate-lanceolate, acute to acuminate, caducous, 21–35 by 3.5–8 mm. Flowers to 10 mm in diameter, sometimes hardly or not at all opening; yellow or pale yellow; odourless. Sepals elliptic-lanceolate, acute or acuminate; dorsal sepal 6–9(–10) by 2–5 mm; lateral sepals 7.8–9(–10) by 2.7–7 mm. Petals ovate-elliptic, acute or acuminate, 6.5–9(–9.5) by 2.8–5.5 mm. Labellum 3-lobed, base extensively fused with the sides of the column, 7–10 by 8.3 mm; mid-lobe broadly reniform, emarginate, 3–4.5(–5) by 5.5–7(–8.5) mm; side lobes auriculate, usually under 0.5 mm long; ornaments of 2 small keels near the base of the free labellum portion; spur clavate, occasionally slightly bifid, 4–6(–7) mm long. Column 3–5 mm long; rostellum and anther without prominent beak; stigma comparatively wide. Ovary 6–8(–14) mm long, with a very pronounced distinction from the 3.5–6 mm long pedicel. Capsule ellipsoid, c. 10 by 5 mm.",general,EN,H.Æ. Pedersen et al.,,Forest Herbarium,2022-04-21,Rachun Pooma & Sawita Yooprasert,ref-THA-0000763930,12,2,"Calanthe lyroglossa lyroglossa. Flora of Thailand. Vol. 12. Part 2, 2014. Pg. 359. Accessed 2022-04-21",All rights reserved,Forest Herbarium,https://www.dnp.go.th/botany/eflora/florainfra.html?tdcode=05746
wfo-0000763985,"Flowering shoots 30–65 cm tall. Pseudobulbs insignificant, hidden by the bases of the foliage leaves, conical, 1.5–5 cm long. Foliage leaves 2–4, lanceolate-elliptic, acute, perennial, glabrous or pubescent above and pubescent below, 22–40 by 5.5–12 cm; petioles 5–11(–13) cm long. Inflorescences lax, pubescent; peduncles to 50 cm long; sterile bracts 2–4, lanceolate-oblong, subacute or acute, 1–2.5 cm long; rachis 5.2–17 cm long, 7- to 15-flowered; floral bracts ovate-lanceolate, acute or subacute, persistent, 10–16(–21) by 3–8 mm. Flowers 20–45 mm in diameter; pink to mauve, occasionally white with pink labellum. Sepals ovate-elliptic, acuminate, glabrous or pubescent on the outside; dorsal sepal 20–26(–30) by 8.2–11(–13) mm; lateral sepals 21–25(–28) by 6–10(–12) mm. Petals obovate-elliptic, obtuse or subacute, 19–25 by 7–15 mm. Labellum 3-lobed, base extensively fused with the sides of the column, glabrous, 17–26 mm long; mid-lobe flabellate to reniform, often emarginate (very rarely distinctly 2-lobed), clawed, 10–16 by 12–15(–21) mm; side lobes auriculate, obtuse, 3.5–5(–9.5) by 1.5–3.5(–4) mm; ornaments of 3 warty ridges at the base of the mid-lobe; spur cylindric, apically bifid or not, 21–50 mm long. Column 5–6 mm long. Ovary (including pedicel) pubescent, 17–35 mm long. Capsule ellipsoid, 20–30 by 5–10 mm.",general,EN,H.Æ. Pedersen et al.,,Forest Herbarium,2022-04-21,Rachun Pooma & Sawita Yooprasert,ref-THA-0000763985,12,2,"Calanthe masuca . Flora of Thailand. Vol. 12. Part 2, 2014. Pg. 360. Accessed 2022-04-21",All rights reserved,Forest Herbarium,https://www.dnp.go.th/botany/eflora/floraspecies.html?tdcode=05747
wfo-0000764357,"Flowering shoots 12–50(–62) cm tall. Pseudobulbs insignificant, hidden by the bases of the foliage leaves, up to 2.5 cm long. Foliage leaves 3–5, not well developed at anthesis, elliptic to elliptic-lanceolate, acute, perennial, glabrous above and hairy or subglabrous below, 13–25 by 1.5–4.2 cm; petioles to 5 cm long. Inflorescences arising from the previous year’s leafless pseudobulb, semi-dense or dense, pubescent; peduncles to 53 cm long; sterile bracts 3–6, ovate-lanceolate, obtuse, with pronounced veins, 0.9–2.8 cm long; rachis 2–9 cm long, 6- to many-flowered; floral bracts ovate, acute, persistent, with pronounced veins, 8–15 by 3–6 mm. Flowers 12–20 mm in diameter; white with yellow centre or white with the labellum yellow spotted; flowers sweetly scented. Sepals ovate-elliptic, subacute or obtuse, outside sometimes pubescent; dorsal sepal 7.5–12 by 5–7.7 mm; lateral sepals similar but narrower. Petals oblong, truncate or obtuse, basally sometimes puberulous, 7.5–11 by 3.1–5 mm. Labellum 3-lobed, base extensively fused with the sides of the column, basally sometimes puberulous, labellum (8–)11–15 mm long; mid-lobe bilobulate with lobules oblong, obtuse, 3.8–6 by 2.2–3.6 mm; side lobes oblong, obtuse, pointing sideways and slightly forwards, 3.8–6 by 1.6–3.5 mm; ornaments of warty lumps at the base of the free labellum portion; spur cylindric, subglabrous to slightly hairy, (8–)10–12 mm long. Column sparsely hairy, 3–4 mm long. Ovary (including pedicel) pubescent, 13–15(–21) mm long. Capsule not seen.",general,EN,H.Æ. Pedersen et al.,,Forest Herbarium,2022-04-21,Rachun Pooma & Sawita Yooprasert,ref-THA-0000764357,12,2,"Calanthe odora . Flora of Thailand. Vol. 12. Part 2, 2014. Pg. 362. Accessed 2022-04-21",All rights reserved,Forest Herbarium,https://www.dnp.go.th/botany/eflora/floraspecies.html?tdcode=05748
wfo-0000764718,"Flowering shoots 25–60 cm tall. Pseudobulbs insignificant, hidden by the bases of the foliage leaves, ovoid, 2–4 by c. 2 cm. Foliage leaves 5–7, elliptic-oblong, acuminate, perennial, 6–25 by 3–7 cm; petioles 7–10 cm long. Inflorescences lax, puberulous, greenish-purple; peduncles 19–48 cm long; sterile bracts lanceolate, acuminate, glabrous, 1.8–3.2 cm long; rachis 6–12 cm long, few- to many-flowered; floral bracts lanceolate, acuminate, persistent, 15–25 by 3–5 mm. Flowers c. 20 mm in diameter; lavender, lilac or mauve. Sepals ovate-lanceolate, acuminate, 9–16 by 4–6.2 mm, outside puberulous. Petals linear-oblong, acuminate, subacute, 9–13 by 1–1.9 mm. Labellum 3-lobed, base fused with the column, 10–15 by 6–11 mm, spurless; mid-lobe ovate, apiculate, erose on the front margins, 5–9.5 by 4.5–7.5 mm; side lobes ovate oblong, obtuse, forwards-pointing, 3–6 by 3.3–3.5 mm; disk ornamented by 2 calli at the base. Column stout, 4–6.5 by c. 3 mm. Ovary (including pedicel) puberulous, 15–30 mm long. Capsule ellipsoid, c. 30 by 14 mm.",general,EN,H.Æ. Pedersen et al.,,Forest Herbarium,2022-04-21,Rachun Pooma & Sawita Yooprasert,ref-THA-0000764718,12,2,"Calanthe puberula . Flora of Thailand. Vol. 12. Part 2, 2014. Pg. 363. Accessed 2022-04-21",All rights reserved,Forest Herbarium,https://www.dnp.go.th/botany/eflora/floraspecies.html?tdcode=05749
wfo-0000764776,"Flowering shoots glabrous, 40–60 cm tall. Pseudobulbs insignificant, hidden by the bases of the foliage leaves. Foliage leaves 2–6, lanceolate-elliptic, acute or acuminate, perennial, (43–) 64–75 by 6–10.8 cm; petioles 21–24 cm long. Inflorescences semi-dense or dense; peduncles 33–42 cm long; sterile bracts 3–6, lanceolate-oblong, subacute, 2–5 cm long; rachis 7–18 cm long, 30- to 60-flowered; floral bracts lanceolate, acute, caducous, 30–40 mm long. Flowers to 15 mm in diameter; yellow-orange, labellum often darker. Sepals elliptic-lanceolate, acuminate, often apiculate; dorsal sepal (13.5–)15–18 by 6–7 mm; lateral sepals (13–)14–16 by 4.5–6 mm. Petals obovate-lanceolate, acute, apiculate, (12.5–)13–15 by 5–7 mm. Labellum 3-lobed, base extensively fused with the sides of the column, 9–11 mm long; mid-lobe rectangular, obtuse, truncate or emarginate, to 6 by 3.5 mm; side lobes semi-circular or flabellate, to 2 by 3 mm; ornaments of 3 obscure keels; spur cylindric, apex strongly hook-like, c. 10 mm long. Column 4.5–7 mm long; rostellum long-beaked. Ovary (including pedicel) 10–15 mm long. Capsule not seen.",general,EN,H.Æ. Pedersen et al.,,Forest Herbarium,2022-04-21,Rachun Pooma & Sawita Yooprasert,ref-THA-0000764776,12,2,"Calanthe pulchra . Flora of Thailand. Vol. 12. Part 2, 2014. Pg. 365. Accessed 2022-04-21",All rights reserved,Forest Herbarium,https://www.dnp.go.th/botany/eflora/floraspecies.html?tdcode=05750
wfo-0000764996,"Flowering shoots 22–55(–66) cm tall. Pseudobulbs prominent, ovoid or oblong, 2.4–14 by 1–3.5 cm. Foliage leaves usually 4, elliptic-oblong, acute, annual, glabrous, 37–40 by 5.8–11 cm; petioles 3.5–6 cm long. Inflorescences lax or semi-dense, softly pubescent, upper part sometimes nodding; peduncles to 46 cm long; sterile bracts 4–8, lanceolate-oblong, acute or acuminate, 1–6 cm long; rachis 10–20 cm long, 5- to many-flowered; floral bracts ovate-lanceolate, acuminate, persistent, 12–25(–33) by 3–8 mm. Flowers pink, labellum often with white base and dark pink epichile. Sepals ovate-lanceolate, acute, softly pubescent on the outside; dorsal sepal (16–)19–30 by 6–8 mm; lateral sepals (17–)19–30 by 4.5–7 mm. Petals obovate-elliptic, acuminate, largely glabrous, (17–)20–30 by 5.3–8.5(–9) mm. Labellum unlobed, rounded-rectangular and apically emarginate, base not fused with the sides of the column but rolled around it, (18–)23.5–35 by (11–)12.5–16 mm; without prominent ornaments; spur cylindric, pubescent, 11–16 mm long. Column pubescent, 4–6 mm long. Ovary (including pedicel) pubescent, 20–29 mm long. Capsule not seen.",general,EN,H.Æ. Pedersen et al.,,Forest Herbarium,2022-04-21,Rachun Pooma & Sawita Yooprasert,ref-THA-0000764996,12,2,"Calanthe rosea . Flora of Thailand. Vol. 12. Part 2, 2014. Pg. 366. Accessed 2022-04-21",All rights reserved,Forest Herbarium,https://www.dnp.go.th/botany/eflora/floraspecies.html?tdcode=05751
wfo-0000765006,"Flowering shoots 25–75(–105) cm tall. Pseudobulbs prominent, ovoid, 2.5–12 by 2.5–3.5 cm. Foliage leaves 1–3, lanceolate-oblong, acute or acuminate, annual, glabrous, to 60 by 15 cm; petioles 5–6 cm long. Inflorescences lax, nodding, softly pubescent; peduncles (15–)36–50(–75) cm long; sterile bracts 5–12, lanceolate-oblong, acute or acuminate, (1.5–)2.7–6.5 cm long; rachis 10–30 cm long, 5- to many-flowered; floral bracts ovate-lanceolate, acuminate, persistent, 16–22 by 6–11 mm. Flowers 15–20(–23) mm in diameter, pink, often with a red centre, rarely flowers white, column pink or light violet. Sepals ovate-lanceolate, acute or acuminate, pubescent on the outside; dorsal sepal (12–)13–17 by 4–6(–8) mm; lateral sepals 13–16(–18) by 4–6(–7.7) mm. Petals obovate-elliptic, obtuse or subacute, 11–16 by 4–8(–10.5) mm. Labellum 3-lobed, base extensively fused with the sides of the column, lower part sometimes ornamented by 3 obscure keels, (12–)15–20(–28) by 20–26 mm; mid-lobe bilobed, 4–7 by 7–11(–12.5) mm; side lobes oblong, obtuse, 6–8 by 4–5(–9) mm; spur cylindric, strongly curved forwards, pubescent, 15–20(–21) mm long. Column glabrous, 5–7(–8) mm long; rostellum bilobed. Ovary (including  pedicel) pubescent, 25–35(–45) mm long. Capsule ellipsoid, 20–23 by 6–10 mm.",general,EN,H.Æ. Pedersen et al.,,Forest Herbarium,2022-04-21,Rachun Pooma & Sawita Yooprasert,ref-THA-0000765006,12,2,"Calanthe rubens . Flora of Thailand. Vol. 12. Part 2, 2014. Pg. 368. Accessed 2022-04-21",All rights reserved,Forest Herbarium,https://www.dnp.go.th/botany/eflora/floraspecies.html?tdcode=05752
wfo-0000765240,"Flowering shoots 40–55(–94) cm tall. Pseudobulbs insignificant, hidden by the bases of the foliage leaves, 4.5–8.5 by 1–1.5 cm. Foliage leaves 2–3, lanceolate-oblong, acute or acuminate, perennial, glabrous, 20–60 by 3.2–10.5 cm; petioles 7–15 cm long. Inflorescences lax, dull dark violet, hirsute; peduncles 30–36(–75) cm long; sterile bracts 4–6, lanceolate-oblong, acute, 1.9–4.1 cm long; rachis 10–19 cm long, 12- to 30-flowered; floral bracts ovate-lanceolate, acute or acuminate, persistent, 15–23 by 3.5–6 mm. Flowers yellow-green; hirsute on the outside of the perianth. Sepals ovate-lanceolate, shortly acuminate, 8–14 by 5–7.8 mm. Petals obovate-elliptic, spathulate, 8–12 by 3.5–5.3 mm. Labellum unlobed, broadly reniform, base extensively fused with the sides of the column, 10–15 by 8–16 mm, apically sometimes irregularly lobed and emarginate; ornaments of 3 basal keels; spur cylindric, sparsely hairy, 8–12.5 mm long. Column densely hirsute, 4–8 mm long. Ovary 6–9 mm long, distinct from the 5–9 mm long pedicel; both parts pubescent, light green and violet-tinged. Capsule not seen.",general,EN,H.Æ. Pedersen et al.,,Forest Herbarium,2022-04-21,Rachun Pooma & Sawita Yooprasert,ref-THA-0000765240,12,2,"Calanthe simplex . Flora of Thailand. Vol. 12. Part 2, 2014. Pg. 369. Accessed 2022-04-21",All rights reserved,Forest Herbarium,https://www.dnp.go.th/botany/eflora/floraspecies.html?tdcode=05753
wfo-0000765279,"Flowering shoots evergreen, 50–70(–120) cm tall. Pseudobulbs insignificant, hidden by the bases of the foliage leaves, to 5 by 3 cm, leafy shoots adjacent. Foliage leaves 4–9, perennial, lanceolate, acute, 40–120 by 4–15 cm; petioles to 25 cm long. Inflorescences dense, 30–80 cm tall; peduncles to 55 cm long; sterile bracts 5, lanceolate; rachis 10–25 cm long, usually many-flowered but in Thai specimens only 10- to 15-flowered; floral bracts lanceolate, whitish, caducous, 10–35 by 3–11 mm. Flowers orange-yellow or yellow; very variable in size. Sepals  ovate, acuminate, acute, 9–18 by 4–5 mm; lateral sepals a little wider. Petals similar, 9–16 by 4–7 mm. Labellum 3-lobed, base extensively fused with the sides of the column, to 20 mm long; mid-lobe rectangular, apiculate; side lobes triangular, obtuse or subacute; base of the free labellum portion ornamented by 2 fleshy calli; spur nearly straight, clavate, 8–10 mm long. Column 3.5–6.5 mm long, with a long rostellum beak which is usually as long as or longer than the anther. Ovary (including pedicel) 15–30 mm long. Capsule not seen. [Description mainly after Malaysian and Indonesian material].",general,EN,H.Æ. Pedersen et al.,,Forest Herbarium,2022-04-21,Rachun Pooma & Sawita Yooprasert,ref-THA-0000765279,12,2,"Calanthe speciosa . Flora of Thailand. Vol. 12. Part 2, 2014. Pg. 370. Accessed 2022-04-21",All rights reserved,Forest Herbarium,https://www.dnp.go.th/botany/eflora/floraspecies.html?tdcode=05754
wfo-0000765392,"Flowering shoots 30–47 cm tall. Pseudobulbs prominent, ovoid, 2.5–11.5 by 2–3 cm. Foliage leaves 4, lanceolate-oblong, acute, short-lived but usually still present during flowering, almost always glabrous, 16–49 by 3.8–11.8 cm; petioles 3–7 cm long. Inflorescences lax, softly pubescent; peduncles 18–35 cm long; sterile bracts 3–6, lanceolate-oblong, acuminate, 1.3–3.6  cm long; rachis 12–14 cm long, up to 11-flowered; floral bracts ovate-lanceolate, acuminate, persistent, (12–)15–19 by 3–6 mm. Flowers to 21 mm in diameter, pink, labellum with darker  markings, turning orange with age. Sepals ovate-lanceolate, acuminate, pubescent on the outside; dorsal sepal 9–13.8 by 4.5–5.6 mm; lateral sepals 10–14 by 4.5–6 mm. Petals obovate-elliptic, subacute or obtuse, 8–13 by 3.3–6 mm. Labellum 3-lobed, base fused with the column foot, 11–14 by 16–20 mm; mid-lobe flabellate, 4–8 by 4–9 mm; side lobes oblong, obtuse, much broadening towards the apex, 4–8.3 by 4–9.5 mm; ornaments of 3 fleshy keels near the base of  the free labellum portion with the median one continuing onto the epichile as a high thin lamella; spur pubescent, cylindric, 15–29 mm long. Column 3–4 mm long, column foot c. 3 mm long. Ovary (including pedicel) pubescent, 20–35 mm long. Capsule not seen.",general,EN,H.Æ. Pedersen et al.,,Forest Herbarium,2022-04-21,Rachun Pooma & Sawita Yooprasert,ref-THA-0000765392,12,2,"Calanthe succedanea . Flora of Thailand. Vol. 12. Part 2, 2014. Pg. 372. Accessed 2022-04-21",All rights reserved,Forest Herbarium,https://www.dnp.go.th/botany/eflora/floraspecies.html?tdcode=05755
wfo-0000918923,"Flowering shoots 50–90(–150) cm tall. Pseudobulbs insignificant, hidden by the bases of the foliage leaves, to 2 cm long. Foliage leaves (2–)3–6, elliptic-oblong, acuminate, perennial, glabrous or subglabrous above and glabrous or hairy below, (28–)36–66 by 4.4–15 cm, uniformly green; petioles (5–)8–26 cm long. Inflorescences semi-dense or dense, pubescent; peduncles 46–68(–130) cm long; sterile bracts 3–6, lanceolate-oblong, subacute or acute, 1.8–6.2 cm long; rachis 4–20 cm long, many-flowered; floral bracts ovate-lanceolate, acute or subacute, persistent, 7–33 by 6–10(–15) mm, apices often recurved. Flowers to 28 mm in diameter; white, often with pale green sepal apices, base of the free labellum portion with yellow, orange or red ornaments; flowers usually odourless. Sepals obovate-lanceolate, acuminate or mucronate, hairy on the outside, 10–15(–18) by 3–5(–8.8) mm. Petals obovate-elliptic, subspathulate, usually obtuse or truncate, sometimes with scattered hairs, 8.5–13(–15.5) by 4–6(–8) mm. Labellum 3-lobed, base extensively fused with the sides of the column, basally hairy, 14–22 mm long; mid-lobe bilobed, each lobule oblong and forwards-pointing, apex obtuse or truncate, rarely dentate, 5–8 by 2–4(–6) mm; side lobes oblong, obtuse, pointing sideways and forwards, 5–7(–10) by 2–4(–7) mm; ornaments of wart-like papillae at the base of the free labellum portion; spur cylindric, pubescent, (15–)18–27(–48) mm long. Column sparsely pubescent, 4–7(–9) mm long. Ovary (including pedicel) pubescent, 29–55(–60) mm long. Capsule ellipsoid, 28–35 by 13–15 mm.",general,EN,H.Æ. Pedersen et al.,,Forest Herbarium,2022-04-21,Rachun Pooma & Sawita Yooprasert,ref-THA-0000918923,12,2,"Calanthe triplicata triplicata. Flora of Thailand. Vol. 12. Part 2, 2014. Pg. 373. Accessed 2022-04-21",All rights reserved,Forest Herbarium,https://www.dnp.go.th/botany/eflora/florainfra.html?tdcode=05757
wfo-0000766043,"Flowering shoots 43–76(–125) cm tall. Pseudobulbs prominent, ovoid, 7–10 by 2–2.5 cm. Foliage leaves 1–4, lanceolate-elliptic, acuminate, annual, glabrous, 28–45 by (4–)7.6–12 cm; petioles 4–5 cm long. Inflorescences lax, nodding, softly pubescent; peduncles 27–52(– 85) cm long; sterile bracts 3–7, lanceolate-oblong, acuminate or acute, 2.1–4.7 cm long; rachis 16–30(–40) cm long, 5- to 15-flowered; floral bracts ovate-lanceolate, acuminate, persistent, 16–30 by 5–12 mm. Flowers to 55 mm in diameter, white or cream-coloured, base of the free labellum portion often with yellow or red blotch. Sepals ovate-elliptic, acuminate, pubescent on the outside; dorsal sepal 20–30 by 7–12 mm; lateral sepals 21–30 by 7–9.3 mm. Petals ovate-elliptic, obtuse, apiculate, 22–27 by 9–11 mm. Labellum 3-lobed, base extensively fused with the sides of the column, base pubescent, 24–32 by 19–36 mm; mid-lobe bilobulate, 10–14 by 17–24 mm; side lobes ovate-oblong, obtuse, spreading, 9–15 by 8–12 mm; ornaments of 3 longitudinal keels; spur cylindric, pubescent, strongly curved forwards, 20–30 mm long. Column glabrous or pubescent, 10–12 mm long; rostellum bilobed. Ovary (including pedicel) pubescent, 35–54 mm long. Capsule not seen.",general,EN,H.Æ. Pedersen et al.,,Forest Herbarium,2022-04-21,Rachun Pooma & Sawita Yooprasert,ref-THA-0000766043,12,2,"Calanthe vestita . Flora of Thailand. Vol. 12. Part 2, 2014. Pg. 375. Accessed 2022-04-21",All rights reserved,Forest Herbarium,https://www.dnp.go.th/botany/eflora/floraspecies.html?tdcode=05758
wfo-4000007233,"Terrestrial herbs with condensed underground rhizomes and fibrous roots; sometimes mycoheterotrophic (including all species found in tropical Asia south and south-east of the Himalayas and Himalayan foothills). Foliage leaves alternate, well-developed to vestigial. Inflorescence racemose, 1- to many-flowered. Flowers erect to spreading, resupinate, not always opening fully. Sepals and petals free. Labellum firmly attached, differentiated into hypochile and epichile, both usually ornamented by longitudinal ridges or keels; hypochile more or less  saccate; epichile more or less recurved. Column elongate, glabrous, without a column foot; anther dorsal, elongated, versatile; pollinia 2, soft and mealy, partly cleft, devoid of caudicles; rostellum well-developed to strongly reduced, neither producing stipe nor viscidia; receptive part of stigma concave with protruding margins. Ovary sessile, twisted through 180°. Fruit an erect capsule, dehiscing by 6 longitudinal slits.</br></br>A genus of c. 15 species distributed from Europe and Mediterranean North Africa to southern and eastern Asia, with a single species in western North America; 1 species in Thailand.",general,EN,H.Æ. Pedersen et al.,,Forest Herbarium,2022-04-21,Rachun Pooma & Sawita Yooprasert,ref-THA-4000007233,12,2,"Cephalanthera  . Flora of Thailand. Vol. 12. Part 2, 2014. Pg. 377. Accessed 2022-04-21",All rights reserved,Forest Herbarium,https://www.dnp.go.th/botany/eflora/floragenus.html?tdcode=05759
wfo-0000829082,"Plant mycohetrotrophic with a few, unbranched, slenderly fusiform roots. Flowering shoot 3–14 cm tall; vegetative parts white (sometimes with a faint greenish tinge in backlight). Foliage leaves 1–2, sheathing; lamina strongly reduced, boat-shaped, (ovate-)triangular, acute to obtuse, 0.3–0.9 by 0.2–0.6 cm. Inflorescence 0.9–4 cm long, 1- to 4-flowered (rarely 5-flowered), often somewhat secund; floral bracts narrowly lanceolate-oblong, acute, 12–13.9 by 3–4.2 mm. Flowers suberect (to spreading), white with pale brown markings on the labellum. Sepals somewhat spreading, glabrous and smooth; dorsal sepal lanceolate, subacuminate, 11–21 by 3.9–5.7 mm; lateral sepals lanceolate, slightly oblique, somewhat channelled towards the apex, acuminate, 12–20.1 by 4.1–6.1 mm. Petals porrect, glabrous and smooth, narrowly elliptic oblong, slightly recurved distally, obtuse, 9.3–15.5 by 3.1–5.2 mm. Labellum porrect; hypochile distinctly saccate with erect, falcately triangular, obtuse to subacute side lobes and a median ruminate ridge, glabrous and smooth (except for the slightly papillose apices of the side lobes), 2.9–4.6 mm long, 9.5–14 mm across side lobes when flattened; epichile cordate with erect sides  and recurved apex, obtuse, densely papillose and ornamented by 3–5 longitudinal keels on the ventral side, 4.3–8.3 by 4.9–9.9 mm. Column semiterete, straight to slightly incurved, 8–9.6 mm long (including anther); anther obliquely ellipsoid, obtuse to subacute; pollinia strongly elongate, 2.7–2.8 mm long; rostellum well-developed, protruding below the anther. Ovary terete,  striated, 11.6–12.6 mm long.",general,EN,H.Æ. Pedersen et al.,,Forest Herbarium,2022-04-21,Rachun Pooma & Sawita Yooprasert,ref-THA-0000829082,12,2,"Cephalanthera exigua . Flora of Thailand. Vol. 12. Part 2, 2014. Pg. 377. Accessed 2022-04-21",All rights reserved,Forest Herbarium,https://www.dnp.go.th/botany/eflora/floraspecies.html?tdcode=05760
wfo-4000007234,"Terrestrial or lithophytic herbs with several-noded cane-like stems, subglabrous or hirsute. Foliage leaves in the upper stem part, few, perennial, plicate, elliptic-lanceolate, acuminate, their petioles forming a pseudostem. Inflorescences lax, racemose, few- to many-flowered, arising laterally on the cane-like stem, hairy; peduncles with a few tubular sterile bracts; floral bracts caducous. Flowers medium-sized, resupinate, in Thai species usually yellow or orange-yellow, often turning dark blue when old or through damage. Sepals and petals similar, spreading, free, pubescent or not. Labellum 3-lobed, almost entirely free from the column and only fused with it at the very base, spurless, with erect side lobes that are partly wrapped around the column, ornaments (if present) as two basal ridges. Column more or less hairy, anther incumbent and versatile, pollinia 8, waxy, clavate. Ovary distinct from the pedicel or not.</br></br>Five species from NE India to Maluku and northwards as far as China, Taiwan, the Philippines and S Japan; 2 species in Thailand.</br></br>Notes: a more comprehensive version of this account was published before, and also several of its illustrations have been reproduced; see “A precursory study of the Calanthe group (Orchidaceae) in Thailand”; Adansonia, sér. 3, 32:  57–107. 2010, <a href=""http://dx.doi.org/10.5252/a2010n1a4""> http://dx.doi.org/10.5252/a2010n1a4</a>",general,EN,H.Æ. Pedersen et al.,,Forest Herbarium,2022-04-21,Rachun Pooma & Sawita Yooprasert,ref-THA-4000007234,12,2,"Cephalantheropsis  . Flora of Thailand. Vol. 12. Part 2, 2014. Pg. 378. Accessed 2022-04-21",All rights reserved,Forest Herbarium,https://www.dnp.go.th/botany/eflora/floragenus.html?tdcode=05761
wfo-0000829590,"Flowering shoots 30–50 cm tall. Stems many-noded, 0.4–0.8 cm in diameter. Foliage leaves 5‒8, elliptic-lanceolate, subacuminate, glabrous, 7.5–20 by 2‒5 cm. Inflorescences pseudoterminal or lateral, 10‒20 cm long, lax; rachis 10- to 15-flowered; floral bracts caducous, narrowly lanceolate, long-acuminate, 15‒17 by 5‒7 mm. Flowers to 15 mm in diameter, shortly and laxly pubescent on the outside; yellow or orange-yellow. Sepals ovate-lanceolate, acute to acuminate, 6‒10 by 2.5–3.8 mm. Petals ovate-lanceolate from a broadly clawed base, acute, 5‒9 by 2‒3.3 mm. Labellum 3-lobed, to 8.5 by 7.3 mm; mid-lobe orbicular-quadrate, margin undulate, 1.5‒2 by 2‒3 mm, with a claw with entire margins; side lobes flabellate, truncate, front and sides irregularly erose, 1.5‒3.5 by 1‒2.5 mm; ornaments of 2 smooth fleshy ridges in the basal half. Column hairy on the dorsal side, 3‒3.3 mm long. Ovary pubescent, rather distinct from the pedicel, together 18‒23 mm long. Capsule not seen.",general,EN,H.Æ. Pedersen et al.,,Forest Herbarium,2022-04-21,Rachun Pooma & Sawita Yooprasert,ref-THA-0000829590,12,2,"Cephalantheropsis longipes . Flora of Thailand. Vol. 12. Part 2, 2014. Pg. 378. Accessed 2022-04-21",All rights reserved,Forest Herbarium,https://www.dnp.go.th/botany/eflora/floraspecies.html?tdcode=05762
wfo-0000829601,"Flowering shoots 50–100 cm tall. Stems fusiform-cylindric, 37–55 by 0.5–1 cm. Foliage leaves 3–9, elliptic-lanceolate, acuminate, glabrous, mostly 22–47 by 3–5.7 cm, in the upper stem portion; petioles 3–11(–20) cm long; pseudostem 2–5 cm long. Inflorescences 1–2, lateral, 30–66 cm long, lax, hirsute; peduncles (15–)25–45 cm long; sterile bracts (3–)4–8, elliptic-lanceolate, acute, subglabrous or sparsely hairy, (0.6–)2.1–4.6 cm long; rachis 15- to many flowered, (5–)10–20 cm long; floral bracts caducous, lanceolate, acuminate, glabrous. Flowers 20–30 mm in diameter; yellow or orange-yellow, rarely brownish-yellow and labellum white with brown markings, once recorded as white and turning yellow with age. Sepals linear or oblong-elliptic, acute, outside hairy and inside glabrous or subglabrous, 10–19 by 3–6.8 mm. Petals obovate-lanceolate, acute, hairy or subglabrous, 10–18 by 2–4.5 mm. Labellum 3-lobed, hairy at the base, 8–15(–18) by 5–10(–14) mm; mid-lobe flabellate, deeply emarginate, margin crispate, 3.5–8 by 5–10 mm, with a claw with entire margins; side lobes falcate with forwards-pointing tips, 1.7–5 by 1–3 mm; ornaments of 2 fleshy longitudinal ridges on the disk. Column densely pubescent, 3–6 mm long. Ovary (including pedicel) densely hairy, (15–)18–26 mm long. Capsule not seen.",general,EN,H.Æ. Pedersen et al.,,Forest Herbarium,2022-04-21,Rachun Pooma & Sawita Yooprasert,ref-THA-0000829601,12,2,"Cephalantheropsis obcordata . Flora of Thailand. Vol. 12. Part 2, 2014. Pg. 379. Accessed 2022-04-21",All rights reserved,Forest Herbarium,https://www.dnp.go.th/botany/eflora/floraspecies.html?tdcode=05763
wfo-4000008210,"Terrestrial, rarely epiphytic herbs with a creeping rhizome; vegetative parts (except floral bracts) consistently glabrous. Pseudobulbs ascending, each bearing either a single leaf or an inflorescence. Foliage leaves convolute, plicate, petiolate, long-lived; petiole channelled. Inflorescence erect, racemose, (fairly) lax, both peduncle and rachis elongating during flowering; floral bracts persistent, entire. Flowers resupinate, bilaterally symmetrical, wide-open or nearly so. Sepals and petals free, subsimilar, obtuse to acute, entire, glabrous. Labellum elastically attached, clawed, 3-lobed, spurless; claw with distinctly undulate margins; side lobes and mid-lobe entire, obtuse to retuse. Column stout to fairly slender, strongly incurved to nearly straight, the ventral side basally ornamented by 2 fleshy keels that are extended onto a spurred column foot (spur with a narrow entrance); anther subterminal, incumbent, versatile; pollinia 2, solid, devoid of caudicles; rostellum slightly protruding, neither producing stipe nor viscidia; receptive part of stigma concave. Ovary (including pedicel) fusiform-terete, curved, twisted, glabrous. Fruit a distinctly pedicelled capsule dehiscing by longitudinal slits.</br></br>A genus of 4 species distributed in most of Indo-Malesia and the south-western Pacific islands (to Fiji); 1 species in Thailand.",general,EN,H.Æ. Pedersen et al.,,Forest Herbarium,2022-04-21,Rachun Pooma & Sawita Yooprasert,ref-THA-4000008210,12,2,"Chrysoglossum  . Flora of Thailand. Vol. 12. Part 2, 2014. Pg. 382. Accessed 2022-04-21",All rights reserved,Forest Herbarium,https://www.dnp.go.th/botany/eflora/floragenus.html?tdcode=05764
wfo-0000853621,"Pseudobulbs 4.8–5.8 cm long, 0.6–0.9 cm in diameter. Leaves: petiole 7–12.4 cm long; lamina (elliptic-)lanceolate, acuminate, 12.8–29.6 by 4.4–8.8 cm. Inflorescence 27–53(–75) cm tall, 12- to many-flowered; rachis 4.5–19 cm long; bracts (ovate-)lanceolate, acute to acuminate, 5.8–14.3 mm long, glabrous. Flowers yellowish-green with white to yellow labellum and column (sepals and petals often maroon-dotted, labellum often with purple markings). Sepals: dorsal sepal linear-lanceolate, 10.9–17.6 by 3.3–4.8 mm; lateral sepals falcately (linear-)lanceolate, 9.3–15.2 by 3–5 mm. Petals falcately (ovate-)lanceolate, 9.7–15.4 by 4.8–6 mm. Labellum abruptly recurved at the middle, glabrous, 8.5–11 mm long, 6.8–10.4 mm wide across side lobes when flattened, ornamented by a low median keel and 2 lateral (partly higher and undulate) keels, all entire and extending from (near) the labellum base onto the mid-lobe; side lobes erect, obliquely triangular to falcately oblong, 2.1–4.3 mm wide; mid-lobe boat-shaped, broadly oblong to transversely elliptic when flattened, 4–7.9 mm wide. Column 6–6.7 mm long, with the front margins forming lateral wings, each of which has an obliquely triangular to oblong or hook-like process; column foot 1.5–2.3 mm long, with a broadly conical, rounded, 0.5–1.6 mm long spur; anther ovate in upper view, acuminate in front; stigma with entire margins. Ovary (including pedicel) 6.5–12 mm long. Capsule pendent, fusiform-terete, furrowed, 21–26 mm long, 4–6 mm in diameter.",general,EN,H.Æ. Pedersen et al.,,Forest Herbarium,2022-04-21,Rachun Pooma & Sawita Yooprasert,ref-THA-0000853621,12,2,"Chrysoglossum ornatum . Flora of Thailand. Vol. 12. Part 2, 2014. Pg. 383. Accessed 2022-04-21",All rights reserved,Forest Herbarium,https://www.dnp.go.th/botany/eflora/floraspecies.html?tdcode=05765
wfo-4000008417,"Sympodial herbs, initially terrestrial, but becoming scandent or epiphytic. Rhizome up to several m long, sturdy, covered with pale brown papery sheaths, rooting from the nodes, producing leafy shoots at intervals. Foliage leaves long-lived, distichous, plicate, many-veined, proximally tapering into a petiole-like sheathing base. Inflorescence terminal on a leafy shoot, racemose or paniculate with few branches, pubescent; floral bracts stiff, persistent. Flowers opening 1 or 2 in succession, fleshy, pale green and whitish, often with more or less conspicuous dark green veins in all perianth parts. Sepals free, pubescent on the dorsal side. Petals free, narrower than sepals. Labellum firmly attached, 3-lobed (to subentire). Column incurved, pubescent proximally on the ventral surface (otherwise glabrous), without a column foot; anther subterminal, incumbent, versatile; pollinia 2, solid, deeply cleft, devoid of caudicles; rostellum with thickened margins, producing a reniform viscidium, but no stipe; receptive part of stigma concave. Ovary and pedicel pubescent. Fruit a capsule dehiscing by longitudinal slits.</br></br>A genus of 2 species distributed in most of Malesia (mainly excluding Java and the Lesser Sunda Islands); 1 species in Thailand.",general,EN,H.Æ. Pedersen et al.,,Forest Herbarium,2022-04-21,Rachun Pooma & Sawita Yooprasert,ref-THA-4000008417,12,2,"Claderia  . Flora of Thailand. Vol. 12. Part 2, 2014. Pg. 384. Accessed 2022-04-21",All rights reserved,Forest Herbarium,https://www.dnp.go.th/botany/eflora/floragenus.html?tdcode=05766
wfo-0000868907,"Rhizome climbing, up to 3 m long, producing leafy shoots 20 cm or more apart; flowering shoots 16–58 cm long. Foliage leaves 3–6, glabrous, (ob)lanceolate, acuminate, 12.5–39.5 by 1.9–6.3 cm. Inflorescence many-flowered; rachis of primary shoot 2.5–15 cm long; lateral branches (if present) 2.2–15 cm long; floral bracts broadly ovate-triangular to crescent-shaped, rounded to subacute, 2–2.5 mm long, pubescent on the dorsal side. Sepals more or less spreading; dorsal sepal oblong to oblanceolate, obtuse to subacuminate, 18–24 by 6–8 mm; lateral sepals obliquely to falcately (lanceolate-)oblong, subacute to short-acuminate, often mucronate, 16–20 by 7–9 mm. Petals incurved over the column, oblanceolate, rounded to acuminate, 17–21 by 4–6 mm, (sub)glabrous. Labellum recurved from a (sub)erect saccate base, 14–16 mm long, 10–21 mm wide across side lobes when flattened; side lobes erect, obtuse to rounded; mid-lobe transversely oblong to reniform, retuse to emarginate, up to 5.5 by 15 mm; disk ornamented by an oblongoid, pubescent, longitudinally grooved and proximally bifurcated callus; sac hemispherical to broadly cylindric, rounded, 2–3 mm long, 2–3 mm in diameter. Column semiterete, hooded at apex, 15–16 mm long; anther cordate in upper view, rounded in front, c. 2 mm long; rostellum saddle-shaped. Ovary (including pedicel) terete, finely longitudinally furrowed, 13–24 mm long. Capsule short-pedicelled, terete, c. 4.5 cm long, c. 0.7 cm in diameter.",general,EN,H.Æ. Pedersen et al.,,Forest Herbarium,2022-04-21,Rachun Pooma & Sawita Yooprasert,ref-THA-0000868907,12,2,"Claderia viridiflora . Flora of Thailand. Vol. 12. Part 2, 2014. Pg. 385. Accessed 2022-04-21",All rights reserved,Forest Herbarium,https://www.dnp.go.th/botany/eflora/floraspecies.html?tdcode=05767
wfo-4000008832,"Epiphytes or sometimes lithophytes or terrestrials. Pseudobulbs consisting of 1 internode, close together to wide apart on a creeping rhizome, much shorter than the leaves, 1- to 2-leaved, when young covered by scale leaves. Leaves 1 or 2, convolute, plicate or duplicate; petiole channelled; nerves 3–15, prominent below. Inflorescence a raceme, erect to pendulous; usually glabrous, in sect. Verrucosae with scattered minute scale-like hairs, in sect. Tomentosae subglabrous to densely tomentose; peduncle in some sections with persistent imbricate scale leaves at the base; rachis straight or zig-zag, in some sections with persistent imbricate scale leaves at its base and sometimes also at its top; floral bracts caducous or persistent. Flowers resupinate, (1–)3 to many, 0.6–13 cm across, open simultaneously or in succession. Sepals more or less concave, ovate-oblong to ovate-lanceolate, the lateral ones oblique. Petals linear to ovate lanceolate. Labellum 3-lobed; side lobes erect, usually projecting in front; epichile (mid-lobe) usually shorter than the hypochile; ornaments of longitudinal keels, median on the labellum, incised and/or undulate, broken up, papillous, warty or provided with hair-like structures; mid lobe often with additional keels. Column somewhat curved, often as long as the hypochile, footless, winged (but without stelids); wing widest in upper half. Anther subterminal, incumbent; pollinia 4, solid, each provided with a caudicle, median with a depression; rostellum prominent, not producing a stipe.</br></br>A genus of c. 200 species, distributed throughout SE Asia, Malesia and the western Pacific islands to Samoa; 35 species in Thailand.",general,EN,H.Æ. Pedersen et al.,,Forest Herbarium,2022-04-21,Rachun Pooma & Sawita Yooprasert,ref-THA-4000008832,12,2,"Coelogyne  . Flora of Thailand. Vol. 12. Part 2, 2014. Pg. 387. Accessed 2022-04-21",All rights reserved,Forest Herbarium,https://www.dnp.go.th/botany/eflora/floragenus.html?tdcode=05768
wfo-0000917213,"[Sect. Elatae Pfitzer]. Pseudobulbs 2–3 cm apart, ovoid, 5–7 by 2.5–3 cm. Leaves 2; petiole 3–5 cm; lamina lanceolate, 12–17 by 4–6 cm, acute; midrib below prominent. Inflorescence hysteranthous; peduncle to 10 cm; rachis zig-zag, 8–10 cm, its base enclosed by c. 18 persistent imbricate scale leaves, internodes 0.9–1 cm. Floral bracts caducous. Flowers 7–10, open simultaneously, 3–4 cm in diameter, fragrant, glabrous; sepals and petals creamy white; labellum white with yellow to orange markings; column yellowish cream. Dorsal sepal more or less parallel to the column, ovate-lanceolate, acute, c. 20 by 8 mm. Lateral sepals oblong, acute, c. 20 by 6 mm. Petals linear, acute, c. 19 by 1–2 mm. Labellum 3-lobed, c. 19 by 14 mm; side lobes semi-elliptic with rounded top; mid-lobe suborbicular, c. 9 by 11 mm, margins undulate, finely dentate, top broadly rounded, apex slightly retuse; ornaments of 2 keels, continuing to halfway along mid-lobe, margin straight, irregular. Column c. 12 mm, winged; apex rounded, not incised.",general,EN,H.Æ. Pedersen et al.,,Forest Herbarium,2022-04-21,Rachun Pooma & Sawita Yooprasert,ref-THA-0000917213,12,2,"Coelogyne alboaurantia . Flora of Thailand. Vol. 12. Part 2, 2014. Pg. 389. Accessed 2022-04-21",All rights reserved,Forest Herbarium,https://www.dnp.go.th/botany/eflora/floraspecies.html?tdcode=05769
wfo-0000906692,"[Sect. Longifoliae Pfitzer & Kraenzl.]. Pseudobulbs 2.5–5 cm apart, ellipsoid to fusiform, 5–12.5 by 1–1.5 cm. Leaves 2, leathery; petiole 1.5–2.5 cm; lamina elliptic, 6.5–12 cm by 2–4 cm, (sub)acute; nerves 7–9. Inflorescence hysteranthous; peduncle erect, terete, 10–17 cm; rachis erect, slightly zig-zag, 5–17.5 cm, its base with 1–4 sterile scale leaves, internodes 0.7–1.4 cm. Floral bracts caducous. Flowers 4–17, open in succession, 3–4 cm in diameter, glabrous; all parts white except the keels yellow-brown. Dorsal sepal parallel to the column, oblong-lanceolate, acute, 25–30 by 6–7 mm. Lateral sepals oblong, acute, 25–30 by 6–7 mm. Petals linear, obtuse, 25–30 by 3–4 mm. Labellum 3-lobed, 25–30 by 10 mm; side lobes descending to the back, in front with rounded top, sinus c. 3 mm; mid-lobe suborbicular, c. 10 by 10 mm, margins undulate, irregular; top shallowly retuse, apex acute; ornaments of 2 short keels, from top of disk to base of or halfway along mid-lobe, margin slightly irregular. Column 17–21 mm, winged; apex rounded.",general,EN,H.Æ. Pedersen et al.,,Forest Herbarium,2022-04-21,Rachun Pooma & Sawita Yooprasert,ref-THA-0000906692,12,2,"Coelogyne anceps . Flora of Thailand. Vol. 12. Part 2, 2014. Pg. 390. Accessed 2022-04-21",All rights reserved,Forest Herbarium,https://www.dnp.go.th/botany/eflora/floraspecies.html?tdcode=05770
wfo-0000906807,"[Sect. Fuscescentes Pfitzer]. Pseudobulbs close together, elongated fusiform, 6–7 by 1.5–2 cm. Leaves 2, herbaceous; petiole 1.5–3 cm; lamina elliptic-lanceolate, 16–25 by 3.5–6 cm, acuminate; nerves 3–5, midrib prominent. Inflorescence proteranthous; peduncle 10–15 cm, about halfway to almost entirely enclosed by scale leaves; rachis zig-zag, curved or pendulous, 10–15 cm, internodes 2–4.5 cm. Floral bracts caducous. Flowers 3–8, open simultaneously, fragrant, 5–7 cm in diameter, glabrous; sepals, petals and column white to pale greenish or pale ochrish; labellum white to pale ochrish, with bold brown markings, sometimes with orange on base of mid-lobe, keels often pinkish. Dorsal sepal parallel to the column, oblong-lanceolate, 32–40 by 9–17 mm, acute. Lateral sepals oblong-lanceolate, 28–35 by 6–12 mm, acute. Petals linear, 30–36 by 2–4 mm, acute. Labellum 3-lobed, 30–32 by 16–20 mm; side lobes semi-elliptic with triangular top, sinus 2–3 mm; mid-lobe transversely elliptic to almost quadrangular, 12–16 by 15–18 mm, claw 2–3 mm, margins entire, top truncate to retuse, apex triangular; ornaments of 3 keels, low and broad, producing big drops of nectar, median shorter, laterals continuing on base of mid-lobe. Column 20–25 mm; top winged, apex slightly lobed.",general,EN,H.Æ. Pedersen et al.,,Forest Herbarium,2022-04-21,Rachun Pooma & Sawita Yooprasert,ref-THA-0000906807,12,2,"Coelogyne assamica . Flora of Thailand. Vol. 12. Part 2, 2014. Pg. 390. Accessed 2022-04-21",All rights reserved,Forest Herbarium,https://www.dnp.go.th/botany/eflora/floraspecies.html?tdcode=05771
wfo-0000906964,"[Sect. Brachypterae D.A.Clayton]. Pseudobulbs 1–3 cm apart, cylindric, 6–16 by 1–2.5 cm, 4-angled, tapering. Leaves 2, herbaceous; petiole 1–1.5 cm; lamina elliptic-lanceolate, 12–25 by 2.5–6 cm; nerves 5–7. Inflorescence curved, hysteranthous; peduncle 4–8 cm, base halfway to entirely covered by 5–9 persistent imbricate scale leaves; rachis 3–15 cm, internodes 1.7–4 cm. Floral bracts persistent, lanceolate, 17–40 mm long, acute. Flowers 2–7, open simultaneously, 5–6 cm in diameter, fragrant, glabrous; sepals greenish-yellow to bright green; labellum whitish with red-brown or black markings, base orange; column green, base red-brown. Dorsal sepal patent, ovate-lanceolate, 30–38 by 5–11 mm, subacute. Lateral sepals oblong-lanceolate, 30–38 by 5–11 mm, acute. Petals linear, acute, 28–32 by 3–5 mm. Labellum 3-lobed, 21–25 by 10–15 mm; side lobes erect, semi-elliptic with rounded top, sinus 3–5 mm; mid-lobe 15–17 by 13–15 mm, claw 2–3 mm, blade ovate, semi-elliptic to semi-circular, margins undulate, top acute to broadly rounded, apex small, acute; ornaments of 3 keels, median one with 2–3 rows of  projections, lateral ones at base elevated, more or less dentate, between side lobes undulate, on  mid-lobe irregular. Column 14–16 mm long; top winged, apex truncate, finely crenate.",general,EN,H.Æ. Pedersen et al.,,Forest Herbarium,2022-04-21,Rachun Pooma & Sawita Yooprasert,ref-THA-0000906964,12,2,"Coelogyne brachyptera . Flora of Thailand. Vol. 12. Part 2, 2014. Pg. 392. Accessed 2022-04-21",All rights reserved,Forest Herbarium,https://www.dnp.go.th/botany/eflora/floraspecies.html?tdcode=05772
wfo-0000907010,"[Sect. Fuscescentes Pfitzer]. Pseudobulbs c. 1–2.5 cm apart, cylindric-oblong to fusiform, 4–11 by 1.5–2 cm. Leaves 2; petiole 0.5–4 cm; lamina broadly lanceolate to elliptic-oblong, 8–28 by 3.5–7 cm, acute; nerves 3–5, midrib prominent. Inflorescence proteranthous; peduncle 3,5–7 cm, to about halfway enclosed by scale leaves; rachis slightly zig-zag, curved to pendulous, c. 5–12 cm, internodes 1–2.5 cm. Floral bracts caducous. Flowers 4–8, open simultaneously, smelling of sawdust, c. 6 cm in diameter, glabrous; sepals, petals and column pale greenish or pale ochrish; labellum white to pale ochrish or pinkish, with bold light (orange-)brown markings, keels often pinkish. Dorsal sepal parallel to the column, oblong, 32–40 by 9–12 mm, acute. Lateral sepals oblong-lanceolate, 30–36 by 7–10 mm, acute. Petals linear, 27–35 by 1–2 mm, acute. Labellum 3-lobed, c. 30–35 by 12–17 mm; side lobes semi-elliptic with triangular top, sinus 3–5 mm; mid-lobe almost terete to spathulate, 12–15 by 15–20 mm, margins entire, claw almost absent to 4 mm, top rounded, truncate to retuse, apex triangular; ornaments of 3 low and  broad keels, producing big drops of nectar, almost equal in length, ending on disk or on the claw of the mid-lobe. Column c. 20 mm; top winged, apex entire.",general,EN,H.Æ. Pedersen et al.,,Forest Herbarium,2022-04-21,Rachun Pooma & Sawita Yooprasert,ref-THA-0000907010,12,2,"Coelogyne brunnea . Flora of Thailand. Vol. 12. Part 2, 2014. Pg. 393. Accessed 2022-04-21",All rights reserved,Forest Herbarium,https://www.dnp.go.th/botany/eflora/floraspecies.html?tdcode=05773
wfo-0000907480,"[Sect. Coelogyne]. Pseudobulbs 1–3 cm apart, ovoid, 2–7.5 by 1.5–4 cm, shiny, collar usually yellow. Leaves 2; petiole 1.5–6 cm; lamina lanceolate, 9–19 by 2–4 cm, acute; nerves  5. Inflorescence synanthous; peduncle 6–10 cm, the larger part enveloped by imbricate scale leaves; rachis 1.5–15 cm, internodes 1.3–2.2 cm. Floral bracts caducous. Flowers 2–5, open almost simultaneously, 6–7 cm in diameter, fragrant, glabrous; sepals and petals white; labellum and column white with yellow to orange markings. Dorsal sepal patent, elliptic-lanceolate, 33–40 by 8–15 mm. Lateral sepals oblong, acute, 33–40 by 10–11 mm. Petals linear, acute, 32–38 by 8–9 mm. Labellum 3-lobed, 28–35 by 20–25 mm; side lobes semi-elliptic with rounded top, sinus c. 3 mm; mid-lobe ovate, 15–17 by 12–17 mm, margins undulate, top broadly rounded, apex acute; ornaments of 3 keels on hypochile, continuing to 1/4 to halfway along mid-lobe, undulate, mostly with 2 short additional keels on mid-lobe. Column 18–21 mm; top winged, apex irregular.",general,EN,H.Æ. Pedersen et al.,,Forest Herbarium,2022-04-21,Rachun Pooma & Sawita Yooprasert,ref-THA-0000907480,12,2,"Coelogyne cumingii . Flora of Thailand. Vol. 12. Part 2, 2014. Pg. 396. Accessed 2022-04-21",All rights reserved,Forest Herbarium,https://www.dnp.go.th/botany/eflora/floraspecies.html?tdcode=05776
wfo-0000907802,"[Sect. Fuliginosae Lindl.]. Pseudobulbs c. 2–5 cm apart, ovoid to ellipsoid, 2–4 by 1–2 cm. Leaves 2; petiole 0.3–1 cm; lamina oblong-lanceolate, 5–12 by 1–3 cm, acute; nerves 5, midrib prominent. Inflorescence hysteranthous; peduncle c. 2.5 cm, largely covered by persistent imbricate sheaths; rachis zig-zag, c. 2.5 cm, internodes 1–1.4 cm. Floral bracts caducous. Flowers 1–3, open in succession, 2.5–3.5 cm in diameter, smell musky; sepals, petals, labellum and column whitish, yellowish or pale green, the labellum usually with bold brown markings, side lobes veined brown, keels darker brown. Dorsal sepal subparallel to the column, ovate-lanceolate, 16–23 by c. 4–7 mm, acute. Lateral sepals ovate-lanceolate, acute, 16–21 by 4–7 mm. Petals linear-lanceolate, acute, 16–20 by 0.7–1 mm. Labellum 3-lobed, 13–21 by 13–20 mm; side lobes semi-elliptic with triangular, fimbriate top and rounded tip; mid-lobe orbicular to rounded rectangular, 5–7 by 5–6 mm, fimbriate, top retuse, apex triangular; ornaments of 3 keels, median short, laterals ending halfway along the mid-lobe, undulate, sometimes 2 additional keels on mid-lobe. Column 10–15 mm; top winged, apex irregular.",general,EN,H.Æ. Pedersen et al.,,Forest Herbarium,2022-04-21,Rachun Pooma & Sawita Yooprasert,ref-THA-0000907802,12,2,"Coelogyne fimbriata . Flora of Thailand. Vol. 12. Part 2, 2014. Pg. 398. Accessed 2022-04-21",All rights reserved,Forest Herbarium,https://www.dnp.go.th/botany/eflora/floraspecies.html?tdcode=05777
wfo-0000907823,"[Sect. Flaccidae Lindl.]. Pseudobulbs close together, ovoid, cylindrical-oblong or fusiform, 5–15 by 2–4 cm. Leaves 2, leathery; petiole 2–8 cm; lamina lanceolate to oblong lanceolate, 11.5–30 by 2–5 cm, acuminate; nerves 1–3, below prominent. Inflorescence heteranthous; peduncle 4–8 cm; rachis slightly zig-zag, curved, 4–20 cm, internodes 1–2.5 cm. Floral bracts caducous. Flowers 3–12, open simultaneously, 3–4 cm in diameter, fragrant, glabrous; sepals, petals and column white to pink or ochrish; labellum white with yellow throat and brown veins. Dorsal sepal patent, elliptic-lanceolate, 20–30 by 7–9 mm. Lateral sepals oblong, acute, 20–30 by 7–9 mm. Petals linear, acute, 20–26 by 3–4 mm. Labellum 3-lobed, 17–23 by 15–17 mm; side lobes semi-elliptic with rounded top, sinus 1–2 mm; mid-lobe ovate, 8–10 by 6–8 mm, margins undulate, claw c. 1 mm, with usually denticulate margins, top acute, apex rounded; ornaments of 3 keels on hypochile, continuing on the claw and sometimes on base of mid-lobe, undulate. Column 16–18 mm; top winged, apex irregular.",general,EN,H.Æ. Pedersen et al.,,Forest Herbarium,2022-04-21,Rachun Pooma & Sawita Yooprasert,ref-THA-0000907823,12,2,"Coelogyne flaccida . Flora of Thailand. Vol. 12. Part 2, 2014. Pg. 399. Accessed 2022-04-21",All rights reserved,Forest Herbarium,https://www.dnp.go.th/botany/eflora/floraspecies.html?tdcode=05778
wfo-0000908226,"[Sect. Flaccidae Lindl.]. Pseudobulbs close together, ovoid, slightly compressed, 4–8 by 3–4 cm. Leaves 2, leathery; petiole (3–)8–12 cm; lamina lanceolate, (7–)25–35 by (1.7–)3.5–45 cm, acute to acuminate; nerves 7, below prominent. Inflorescence heteranthous; peduncle 5.5–10 cm; rachis 15–20 cm, internodes 1.6–2.3 cm. Floral bracts caducous. Flowers 4–12, open  simultaneously, 3–5 cm in diameter, fragrant, glabrous; sepals, petals and column white to pink or ochrish; labellum white with yellow throat and brown veins. Dorsal sepal patent, elliptic-lanceolate, 27–30 by 7–9 mm. Lateral sepals oblong, acute, 27–30 by 7–9 mm. Petals linear, acute, 23–26 by 3–4 mm. Labellum 3-lobed, 21–23 by 15–17 mm; side lobes semi-elliptic with rounded top; mid-lobe ovate, 8–10 by 6–8 mm, margins undulate, claw short with denticulate  margins, top acute, apex rounded; ornaments of 3 keels on disk, continuing on the claw of the mid-lobe, undulate. Column 16–18 mm; top winged, apex irregular.",general,EN,H.Æ. Pedersen et al.,,Forest Herbarium,2022-04-21,Rachun Pooma & Sawita Yooprasert,ref-THA-0000908226,12,2,"Coelogyne huettneriana . Flora of Thailand. Vol. 12. Part 2, 2014. Pg. 401. Accessed 2022-04-21",All rights reserved,Forest Herbarium,https://www.dnp.go.th/botany/eflora/floraspecies.html?tdcode=05779
wfo-0000908410,"[Sect. Lawrenceanae D.A.Clayton] Pseudobulbs 2–4.5 cm apart, ovoid-oblong to fusiform, slightly furrowed, 5–11.5 by 2–3.5 cm. Leaves 2, rather leathery; petiole 1–7 cm; lamina lanceolate to linear-oblanceolate, 12.8–40 by 2.1–5.5 cm, acuminate to acute; nerves 7, prominent. Inflorescence hysteranthous, erect or curved at the top; peduncle terete, 11.5–20  cm; rachis 3–18.2 cm, internodes 2–4.8 cm, at base with 1–3 persistent scale-leaves. Floral bracts caducous. Flowers 1–3, open in succession, fragrant, 9–13 cm in diameter; sepals and petals yellow-brown to pale salmon or light green, labellum mainly white to cream, disk yellow-orange, side lobes often with a brown marginal band and scattered brown markings, mid-lobe claw with brown markings, junction of claw with lamina with a brown band or an (yellow-)orange band bordered by brown (the keel laciniae there often darker brown), column greenish to cream. Dorsal sepal more or less parallel to the column, ovate-lanceolate, 55–71 by 13–25 mm, (sub)acute. Lateral sepals ovate-oblong to ovate-lanceolate, 55–68 by 13–23 mm, acute. Petals obliquely (lanceolate-)linear, 52–66 by 3–8 mm, acute. Labellum 3-lobed, 53–65 by 28–36 mm; side lobes triangular with rounded top, sinus 4–7 mm; mid-lobe spathulate, 30–38 by 20–36 mm, claw usually distinct, 3–6 by 8–19 mm, top retuse to rounded or truncate, apex  triangular; ornaments of 3–5 keels (and usually 2 additional short keels on mid-lobe claw), on disk moderately incised, on base of mid-lobe deeply incised to laciniate. Column 35–42 mm; apex rounded to notched or retuse.",general,EN,H.Æ. Pedersen et al.,,Forest Herbarium,2022-04-21,Rachun Pooma & Sawita Yooprasert,ref-THA-0000908410,12,2,"Coelogyne lawrenceana . Flora of Thailand. Vol. 12. Part 2, 2014. Pg. 402. Accessed 2022-04-21",All rights reserved,Forest Herbarium,https://www.dnp.go.th/botany/eflora/floraspecies.html?tdcode=05780
wfo-0000908411,"[Sect. Lentiginosae Pfitzer]. Pseudobulbs 1–2.5 cm apart, (narrowly) cylindrical to fusiform, 5–12 by 1.5–2 cm. Leaves 2, stiff herbaceous; petiole 1.5–3 cm; lamina lanceolate, 15–31 by 2–4.5 cm, acute; nerves 5–7, below somewhat prominent. Inflorescence proteranthous, erect; peduncle 4–7.5 cm, mostly or entirely covered by imbricate scale leaves; rachis zig-zag, 4–10 cm, internodes 1–2 cm. Floral bracts lanceolate, persistent, 15–25 by 6–9 mm. Flowers 3–5, open simultaneously, sweet fragrant, 3.5–4.5 cm in diameter, glabrous; sepals, petals and column white, pale greenish or pale ochrish; labellum white, side lobes with brown veins and brown margins, sometimes with orange or yellow on base of mid-lobe bordered by brown, keels white. Dorsal sepal more or less parallel to the column, oblong-lanceolate, 20–30 by 7–10 mm, acute. Lateral sepals oblong-lanceolate, 20–30 by 7–10 mm, acute. Petals lanceolate, 22–25 by 3–5 mm, acute. Labellum 3-lobed, 15–21 by 10–14 mm; side lobes semi-elliptic with rounded  top, sinus c. 1 mm; mid-lobe semi-orbicular, 9–11 by 12–14 mm, margins undulate, claw 2–3 mm, top broadly rounded, apex triangular; ornaments of 3 keels, median usually slightly shorter, laterals continuing almost halfway along the mid-lobe. Column 10–15 mm; top winged, apex  slightly lobed.",general,EN,H.Æ. Pedersen et al.,,Forest Herbarium,2022-04-21,Rachun Pooma & Sawita Yooprasert,ref-THA-0000908411,12,2,"Coelogyne lentiginosa . Flora of Thailand. Vol. 12. Part 2, 2014. Pg. 403. Accessed 2022-04-21",All rights reserved,Forest Herbarium,https://www.dnp.go.th/botany/eflora/floraspecies.html?tdcode=05781
wfo-0000908423,"[Sect. Proliferae Lindl.]. Pseudobulbs 2–8 cm apart, cylindric to (narrowly) fusiform, 2.5–10.5 by 0.6–2 cm. Leaves 2, stiff herbaceous; petiole 1–6 cm; lamina oblong-lanceolate to narrowly elliptic- oblong, 6–20 by 1.5–5 cm, acute to acuminate; 5- to 9-nerved, midrib prominent. Inflorescence hysteranthous; peduncle 3–15 cm; rachis at base and top covered by 8–18 persistent coriaceous scale leaves, 3.5–10 cm, next 1–3 seasons extending and flowering, internodes 0.5–1.2 cm. Floral bracts caducous. Flowers 2–7 per flowering period, opening in succession or several open simultaneously, 1.5–2 cm in diameter, glabrous; white or cream-colour, sometimes brown, side lobes of labellum with brownish margin and veins. Dorsal sepal patent, ovate-oblong, 12–18 by 4–6 mm, acuminate. Lateral sepals ovate-oblong, 12–18 by 4–5 mm, acuminate. Petals linear, 10–14 by c. 1 mm, acute. Labellum 3-lobed, flattened, 12–15 by 8–12 mm; side lobes in front with rounded top, sinus 1–2 mm; mid-lobe rounded subrectangular to subelliptic obcordate, 4–7 by 4–6 mm, margins erose, top rounded to retuse; ornaments of (2–)3 keels, median very short or absent, laterals from labellum base to 2/3 of mid-lobe, especially in basal half undulate. Column 9–13 mm, winged, widest below the stigma; apex irregular.",general,EN,H.Æ. Pedersen et al.,,Forest Herbarium,2022-04-21,Rachun Pooma & Sawita Yooprasert,ref-THA-0000908423,12,2,"Coelogyne longipes . Flora of Thailand. Vol. 12. Part 2, 2014. Pg. 405. Accessed 2022-04-21",All rights reserved,Forest Herbarium,https://www.dnp.go.th/botany/eflora/floraspecies.html?tdcode=05782
wfo-0000908643,"[Sect. Fuliginosae Lindl.]. Pseudobulbs c. 5–7 cm apart, (narrowly) ovoid-fusiform to fusiform, 5–10 by 1–2 cm. Leaves 2, herbaceous; petiole 0.7–2 cm; lamina elliptic-oblong to narrowly elliptic-lanceolate, 5–18 by 2–4 cm, acute to acuminate; nerves 5, mid-rib prominent. Inflorescence hysteranthous; peduncle 3.5–5 cm, largely to entirely covered by 3–5 imbricate scale leaves; rachis somewhat zig-zag, c. 7 cm, internodes 2–2.5 cm. Floral bracts caducous. Flowers 2–4, open in succession, 3.5–5.5 cm in diameter; sepals, petals, labellum and column whitish, yellowish or pale green, the labellum usually with bold brown markings, side lobes veined brown, keels darker brown. Dorsal sepal patent, lanceolate, 37–40 by 11–13 mm, acute. Lateral sepals lanceolate, 37–40 by 11–13 mm, acute. Petals linear, 35–38 by 2–3 mm, acute. Labellum 3-lobed, 35–38 by 20–23 mm; side lobes with high triangular, broadly rounded, fimbriate to dentate top, sinus c. 2–3 mm deep; claw c. 2 mm; mid-lobe almost orbicular to rounded rectangular, c. 19–23 by 18–23 mm, fimbriate, top obtuse, apex triangular; ornaments of 3 undulate keels, median short, laterals ending at 3/4 of mid-lobe, undulate, less so on mid-lobe. Column c. 20 mm; top winged, apex irregular.",general,EN,H.Æ. Pedersen et al.,,Forest Herbarium,2022-04-21,Rachun Pooma & Sawita Yooprasert,ref-THA-0000908643,12,2,"Coelogyne ovalis . Flora of Thailand. Vol. 12. Part 2, 2014. Pg. 406. Accessed 2022-04-21",All rights reserved,Forest Herbarium,https://www.dnp.go.th/botany/eflora/floraspecies.html?tdcode=05783
wfo-0000908689,"[Sect. Fuliginosae Lindl.]. Pseudobulbs c. 3.5–7 cm apart, narrow cylindrical-fusiform, 5.5–8 by 1–1.5 cm. Leaves 2, herbaceous; petiole 1.5–2.5 cm; lamina oblong-lanceolate, 8–25 by 1.5–4 cm, acute; nerves 5, midrib prominent. Inflorescence hysteranthous; peduncle 2.5–4.5 cm, for the larger part covered by c. 5 imbricate scale leaves; rachis somewhat zig-zag, 3.5–8 cm, internodes 1.3–1.7 cm. Floral bracts caducous. Flowers 2–4, open in succession, 3.5–5 cm in diameter; sepals, petals, labellum and column pale ochrish or pale greenish, labellum with bold brown markings, side lobes veined brown, front of keels darker brown. Dorsal sepal patent, lanceolate, 25–31 by 9–11 mm, acute. Lateral sepals lanceolate, acute, 25–31 by 7–9 mm. Petals linear, 22–25 by c. 1 mm, acute. Labellum 3-lobed, 22–30 by 17–20 mm; side lobes in front rather long triangular, fimbriate top and rounded tip, sinus 4–6 mm deep; mid-lobe elliptic to rounded rectangular, fimbriate, rarely dentate, c. 15 by 15 mm, claw c. 2 mm, top obtuse to acute, apex triangular; ornaments of 3 keels, median short, laterals ending 3/4 of mid-lobe, undulate, less so on mid-lobe. Column 15–18 mm; top winged, apex irregular.",general,EN,H.Æ. Pedersen et al.,,Forest Herbarium,2022-04-21,Rachun Pooma & Sawita Yooprasert,ref-THA-0000908689,12,2,"Coelogyne pallens . Flora of Thailand. Vol. 12. Part 2, 2014. Pg. 408. Accessed 2022-04-21",All rights reserved,Forest Herbarium,https://www.dnp.go.th/botany/eflora/floraspecies.html?tdcode=05784
wfo-0000908727,"[Sect. Brachypterae D.A.Clayton]. Pseudobulbs c. 1.5–2 cm apart, cylindric, 7.5–15 by 1–1.5 cm, 4-angled, tapering. Leaves 2, herbaceous; petiole c. 1 cm; lamina elliptic to lanceolate, 12–21 by 2.5–6 cm; nerves 5–7. Inflorescence hysteranthous, curved; peduncle 4.5–9 cm, base covered by 7–9 persistent imbricate scale leaves; rachis 2.5–6 cm, internodes c. 2 cm. Floral bracts persistent, lanceolate, 20–25 mm, acute. Flowers 2–6, open simultaneously, 5–7 cm in diameter, glabrous; sepals greenish-yellow to bright green; labellum whitish, red-brown to black markings, base orange; column green, base red-brown. Dorsal sepal patent, ovate-lanceolate, c. 28–36 by c. 10 mm. Lateral sepals oblong, acute, keeled, 28–34 by c. 10 mm. Petals linear, acute, 25–30 by 2.5–4 mm. Labellum 3-lobed, 24–29 by 12–17 mm; lateral lobes erect, in front projecting c. 5 mm, semi-elliptic with rounded top; mid-lobe 14–19 by 12–17 mm, claw to 2 mm, blade semi-elliptic, margins undulate, top broadly rounded, apex small, acute; ornaments of 3 keels, median one formed by 2–3 rows of wart-like projections, lateral ones at base dentate, between side lobes entire, on mid-lobe broken up in conical tooth-like projections, often with several additional rows of radiating tooth-like projections. Column 16–19 mm long; top winged, apex truncate, finely crenate.",general,EN,H.Æ. Pedersen et al.,,Forest Herbarium,2022-04-21,Rachun Pooma & Sawita Yooprasert,ref-THA-0000908727,12,2,"Coelogyne parishii . Flora of Thailand. Vol. 12. Part 2, 2014. Pg. 409. Accessed 2022-04-21",All rights reserved,Forest Herbarium,https://www.dnp.go.th/botany/eflora/floraspecies.html?tdcode=05785
wfo-0001334649,"[Sect. Elatae Pfitzer]. Pseudobulbs 2.5–5 cm apart, (elongated) ovoid, 4.7–10 by 1–2.6 cm. Leaves 2, thin leathery; petiole 1.5–4.5 cm; lamina elliptic-oblong to lanceolate, 11–22.5 by 2.3–6.3 cm, acute or acuminate; nerves 5. Inflorescence hysteranthous; peduncle erect, terete, 6.2–20.7 cm; rachis erect, slightly zig-zag, 4.5–14.3 cm, its base enclosed by 4–13 persistent imbricate scale leaves, internodes c. 2 cm. Floral bracts caducous. Flowers 3–5, open almost simultaneously, c. 5 cm in diameter, glabrous; white, base of tepals yellowish, many brown markings on inside labellum. Dorsal sepal somewhat patent, lanceolate, acute, 35–41 by 13–17 mm. Lateral sepals patent, lanceolate, acute to acuminate, 35–42 by 13–16 mm. Petals recurved, linear, acute, 33–38 by 4–6 mm. Labellum 3-lobed, 27–32 by 25–30 mm; side lobes in front with acute to rounded top, sinus c. 10–13 mm; mid-lobe subrectangular, narrower at base, 16–18 by 12–16 mm, margins plicate, irregular; top truncate, median retuse; ornaments of 3 keels, median at labellum base, short and swollen, laterals from base of disk to halfway along mid-lobe. Column 22–24 mm long, winged; apex rounded, irregular.",general,EN,H.Æ. Pedersen et al.,,Forest Herbarium,2022-04-21,Rachun Pooma & Sawita Yooprasert,ref-THA-0001334649,12,2,"Coelogyne phuhinrongklaensis . Flora of Thailand. Vol. 12. Part 2, 2014. Pg. 410. Accessed 2022-04-21",All rights reserved,Forest Herbarium,https://www.dnp.go.th/botany/eflora/floraspecies.html?tdcode=05786
wfo-0000908934,"[Sect. Proliferae Lindl.]. Pseudobulbs 1–2.5 cm apart, (elongated) ovoid to fusiform, 2–9 by 1.5–3 cm. Leaves 2; petiole 1–5 cm; lamina elliptic, oblanceolate to linear-lanceolate, 6.5–18 by 1.2–3 cm, acuminate; 5- to 9-nerved, midrib prominent. Inflorescence hysteranthous; peduncle 4.5–18.5 cm; rachis at base and top covered by c. 13 coriaceous scale leaves, 2.5–6 cm, next 1–3 flowering seasons extending and flowering, internodes c. 0.9 cm. Floral bracts caducous. Flowers 5–11 per flowering period, open simultaneously, 1–1.5 cm in diameter, glabrous; yellow-green to orange-yellow or ochrish with white labellum; side lobes sometimes with brownish margin. Dorsal sepal oblong-lanceolate, 6–9 by 2–3 mm, obtuse. Lateral sepals oblong-elliptic, 6–9 by 2–3 mm, obtuse. Petals linear, 6–9 by 1 mm, acute. Labellum 3-lobed, 6–8 by 5–6 mm; side lobes with rounded top; mid-lobe spathulate to suborbicular, c. 3 by 3 mm, margins undulate, top subtruncate to retuse, apex sometimes triangular; ornaments of 2 keels, from mid-lobe base to halfway to 3/4 on the mid-lobe. Column 4–6 mm, slightly winged; apex irregular.",general,EN,H.Æ. Pedersen et al.,,Forest Herbarium,2022-04-21,Rachun Pooma & Sawita Yooprasert,ref-THA-0000908934,12,2,"Coelogyne prolifera . Flora of Thailand. Vol. 12. Part 2, 2014. Pg. 410. Accessed 2022-04-21",All rights reserved,Forest Herbarium,https://www.dnp.go.th/botany/eflora/floraspecies.html?tdcode=05787
wfo-0000908961,"[Sect. Tomentosae Pfitzer]. Pseudobulbs close together, spindle-shaped to long ovoid, 7–25 by 2–3 cm. Leaves 2, stiff herbaceous; petiole 6–15 cm; lamina oblanceolate to long elliptic, 25–65 by 4.5–11 cm, acute; 7- to 9-nerved, midrib prominent. Inflorescence proteranthous to synanthous, hairy; peduncle short, largely enclosed by imbricate scale leaves; rachis 25–110 cm, internodes 1.5–4.5 cm. Floral bracts persistent, 19–36 by 14–28 mm. Flowers (10–)15–55, open simultaneously, 5–6.5 cm in diameter, glabrous, ovary hairy; sepals, and petals yellowish-brown to (greenish-)ochre, labellum outside mainly white (side lobes brown in front), inside mainly median white (side lobes dark brown with whitish veins and white margin, mid-lobe brown with white base and margin). Dorsal sepal patent, lanceolate, 23–36 by 5–10 mm, acute. Lateral sepals lanceolate, 23–33 by 5–9 mm, acute. Petals narrowly elliptic, 23–33 by 2–7 mm, acute or rounded. Labellum 3-lobed, 20–30 by 17–26 mm; side lobes semi-elliptic, in front with rounded, recurved top, sinus 1–2 mm; mid-lobe transversely elliptic to orbicular, 6–11 by 9–15 mm, margin recurved, erose, top deeply retuse to broadly acute, apex triangular; ornaments of 2 keels, more or less broad and swollen, base with clustered papillae, further with many transverse grooves, on mid-lobe with 4 or 6 additional keels, all in front ending in angular processions. Column 15–20 mm, winged; apex dentate, sometimes notched.",general,EN,H.Æ. Pedersen et al.,,Forest Herbarium,2022-04-21,Rachun Pooma & Sawita Yooprasert,ref-THA-0000908961,12,2,"Coelogyne pulverula . Flora of Thailand. Vol. 12. Part 2, 2014. Pg. 412. Accessed 2022-04-21",All rights reserved,Forest Herbarium,https://www.dnp.go.th/botany/eflora/floraspecies.html?tdcode=05788
wfo-0000909039,"[Sect. Lentiginosae Pfitzer]. Pseudobulbs close together, ovoid, slightly tetragonal, 4–7 by 1.5–2.5 cm. Leaves 2, herbaceous; petiole c. 2 cm; lamina ovate-lanceolate, 15–30 by 2–5 cm, acuminate; 3–5 nerves below prominent. Inflorescence proteranthous; peduncle thin, 3–4 cm; rachis 3–5 cm, internodes 1–1.2 cm. Floral bracts caducous. Flowers 3–5, open simultaneously, 2.5–3 cm in diameter, glabrous; sepals, petals and column transparent cream-colour or greenish; labellum white, brown margins on side lobes, sometimes with pale yellow mid-lobe. Dorsal sepal ovate-oblong, 20–22 by 7–8 mm. Lateral sepals ovate-oblong, acute, 20–22 by 7–8 mm. Petals linear, acuminate, c. 19 by 1 mm. Labellum 3-lobed, c. 17–18 by c. 13 mm; side lobes semi-elliptic with rounded top, sinus c. 1 mm; mid-lobe subrectangular, c. 8 by 5–7 mm, front margin undulate, claw indistinct, top broadly rounded to shallowly retuse; ornaments of 3 keels, continuing to about halfway along the mid-lobe, sometimes the median one shorter, slightly undulate, margin irregular, sometimes with 2 additional keels at labellum base. Column 10–12 mm; top winged, apex irregular.",general,EN,H.Æ. Pedersen et al.,,Forest Herbarium,2022-04-21,Rachun Pooma & Sawita Yooprasert,ref-THA-0000909039,12,2,"Coelogyne quadratiloba . Flora of Thailand. Vol. 12. Part 2, 2014. Pg. 413. Accessed 2022-04-21",All rights reserved,Forest Herbarium,https://www.dnp.go.th/botany/eflora/floraspecies.html?tdcode=05789
wfo-0000909051,"[Sect. Longifoliae Pfitzer & Kraenzl.]. Pseudobulbs 1–3 cm apart, elongated fusiform, 6.5–8 by c. 1 cm. Leaves 2, herbaceous; petiole 1–3 cm long; lamina 10–17 by 3–4 cm, acute, 5-nerved, midrib prominent. Inflorescence hysteranthous; peduncle flattened, 8–16 cm; rachis  zig-zag, to 28 cm, internodes 0.7–1.2 cm. Floral bracts caducous. Flowers 10–20, open in succession, sweet fragrant, 3–4 cm in diameter, glabrous; (pale) greenish or (pale) salmon; labellum whitish or salmon, side lobes with brown veins and claw of mid-lobe with brown marks. Dorsal sepal parallel to the column, oblong-lanceolate, 17–25 by c. 7 mm, acuminate. Lateral sepals oblong-lanceolate, 17–25 by c. 7 mm, acuminate. Petals lanceolate, 17–25 by 1–2 mm, narrower in top half, top rounded to acuminate. Labellum 3-lobed, 13–17 by 13–15 mm; side lobes in front with rounded top, sinus c. 2 mm; mid-lobe suborbicular to spathulate, 7–11 by 9–14 mm, margins slightly undulate, top broadly rounded to slightly retuse, apex triangular; ornaments of 3 keels, median slightly shorter, laterals continuing almost halfway along the mid lobe. Column 11–13 mm; top winged, apex subentire or slightly lobed.",general,EN,H.Æ. Pedersen et al.,,Forest Herbarium,2022-04-21,Rachun Pooma & Sawita Yooprasert,ref-THA-0000909051,12,2,"Coelogyne radicosa . Flora of Thailand. Vol. 12. Part 2, 2014. Pg. 415. Accessed 2022-04-21",All rights reserved,Forest Herbarium,https://www.dnp.go.th/botany/eflora/floraspecies.html?tdcode=05790
wfo-0000909151,"[Sect. Elatae Pfitzer]. Pseudobulbs 3–6 cm apart, cylindric-oblong, 6–12.5 by 1.3–4 cm. Leaves 2, herbaceous; petiole 2–6 cm; lamina elliptic-lanceolate, 13–30 by 2–5 cm, acute; nerves  5–9. Inflorescence hysteranthous; peduncle 10–18.5 cm; rachis pendulous, zig-zag, 8–13 cm, its base enclosed by 9–11 persistent imbricate scale leaves, internodes 1.2–2 cm. Floral bracts caducous, the topmost one sterile, persistent. Flowers 8–10, open simultaneously, 2–3 cm in diameter, fragrant, glabrous; sepals, petals and column greenish or brownish yellow; labellum whitish to greenish or brownish yellow with brownish markings. Dorsal sepal parallel to the column, oblong-lanceolate, acute, 8–11 by 4–6 mm. Lateral sepals oblong, acute, 9–11 by 4–5 mm. Petals linear, acute, 8–10 by 1 mm. Labellum 3-lobed, 8–11 by 7–10 mm; side lobes semi-elliptic with rounded top; mid-lobe subovate to transversely elliptic, 5–7 by 5 mm, margins undulate, finely dentate, top shallowly retuse, apex acute; ornaments of 3 keels, continuing on base of mid-lobe, margin very undulate. Column 5–7 mm, winged; apex notched.",general,EN,H.Æ. Pedersen et al.,,Forest Herbarium,2022-04-21,Rachun Pooma & Sawita Yooprasert,ref-THA-0000909151,12,2,"Coelogyne rigida . Flora of Thailand. Vol. 12. Part 2, 2014. Pg. 416. Accessed 2022-04-21",All rights reserved,Forest Herbarium,https://www.dnp.go.th/botany/eflora/floraspecies.html?tdcode=05791
wfo-0000909165,"[Sect. Tomentosae Pfitzer]. Pseudobulbs 2–6 cm apart, spindle-shaped, 5–20 by 2.5–3 cm. Leaves 2, herbaceous; petiole 1–9 cm; lamina broadly obovate to elliptic, 9–32 by 4–12.5 cm, shortly acuminate; (5- to) 7-nerved, midrib prominent. Inflorescence heteranthous, pendulous; peduncle 2–4 cm, hidden in persistent scale leaves; rachis 12–58 cm, internodes 1.2–3 cm. Floral bracts persistent, more or less ovate, 8–33 by 8–19 mm. Flowers 10–35, open simultaneously, 4–5 cm in diameter, glabrous except ovary somewhat hairy; sepals, petals and column cream-colour, pale to lemon yellow, ochrish or green, labellum white, inside brown but median and veins on side lobes and keels yellowish. Dorsal sepal patent, narrowly elliptic, 20–32 by 4–8 mm, acute. Lateral sepals ovate, 18–31 by 3–7 mm, acute. Petals narrowly elliptic to oblanceolate, 18–31 by 2–5 mm, acute. Labellum 3-lobed, 18–27 by 7–19 mm; side lobes semi elliptic, in front with rounded top, sinus 1–2 mm; mid-lobe more or less slender ovate, 8–14 by 5–9 mm, margins more or less irregular, top long-acute or long-acuminate; ornaments of 3 keels, the median shorter, not reaching the mid-lobe, all at base high, serrate, continuing low, more or less fimbriate, laterals on mid-lobe higher, plate-like, with 2–4 additional keels. Column 12–18 mm, winged; apex irregular.",general,EN,H.Æ. Pedersen et al.,,Forest Herbarium,2022-04-21,Rachun Pooma & Sawita Yooprasert,ref-THA-0000909165,12,2,"Coelogyne rochussenii . Flora of Thailand. Vol. 12. Part 2, 2014. Pg. 417. Accessed 2022-04-21",All rights reserved,Forest Herbarium,https://www.dnp.go.th/botany/eflora/floraspecies.html?tdcode=05792
wfo-0000909243,"[Sect. Lentiginosae Pfitzer]. Pseudobulbs close together, globose ovoid with drawn-out top, 1.3–2 by 1.2 cm. Leaves 2, soon dropped in autumn, slightly leathery; petiole indistinct; lamina elliptic-lanceolate, 5–10 cm by c. 0.9 cm, acute; midrib prominent. Inflorescence synanthous, erect; peduncle c. 3 cm, (almost) entirely covered by imbricate scale leaves; rachis 1.5 cm. Floral bracts persistent, ovate, 15–17 by 7–8 mm. Flower one, 4–5 cm in diameter, glabrous; sepals and petals pale green or yellowish-ochre; labellum white, side lobes with narrow brown veins and brown margins bordered with white, mid-lobe yellowish with brown markings at the base, a brown band bordering the basal centre, and radiating brown streaks, sometimes with a median light green wedge, its margin brown; column green. Dorsal sepal erect, oblong-lanceolate, 25–28 by 8–12 mm, acute. Lateral sepals oblong-lanceolate, c. 25–28 by 6–8 mm, acute. Petals, narrowly linear, c. 22 by 2 mm, acute. Labellum 3-lobed, 23–28 by 16–18 mm; hypochile when flattened 10–11 by 10–12 mm, side lobes erose, in front rounded, sinus 1–2 mm; mid-lobe about orbicular, 13–16 by 16–17 mm, margins undulate, erose, claw 2–3 mm, top deeply retuse, apex triangular; ornaments of 3 keels, median shorter, laterals continuing almost to base of mid-lobe. Column c. 16 mm; top and sides winged, apex slightly lobed.",general,EN,H.Æ. Pedersen et al.,,Forest Herbarium,2022-04-21,Rachun Pooma & Sawita Yooprasert,ref-THA-0000909243,12,2,"Coelogyne schilleriana . Flora of Thailand. Vol. 12. Part 2, 2014. Pg. 419. Accessed 2022-04-21",All rights reserved,Forest Herbarium,https://www.dnp.go.th/botany/eflora/floraspecies.html?tdcode=05793
wfo-0000909246,"[Sect. Proliferae Lindl.]. Pseudobulbs 1–4 cm apart, ovoid to ellipsoid, globose, 1.5–8 by 1–2.3 cm. Leaves 2, leathery; petiole 0.5–6 cm; lamina oblong to elliptic-lanceolate, 4.5–18.5 by 1–3 cm, acute to acuminate; 5- to 7-nerved, midrib prominent. Inflorescence hysteranthous; peduncle 3–25 cm; rachis at base and top covered by 8–12 persistent coriaceous imbricate scale leaves, 4–10 cm, next 1–3 seasons extending and flowering, internodes 0.8–1.6 cm. Floral bracts caducous. Flowers 4–9 per flowering period, several open simultaneously, 1.5–3 cm in diameter, glabrous; yellowish, brownish or white; side lobes of labellum with brownish margin and veins, yellow on mid-lobe. Dorsal sepal parallel to the column, oblong-lanceolate, 10–18 by 6–9 mm, acute to acuminate. Lateral sepals oblong-lanceolate, 10–18 by 6–9 mm, acute to acuminate. Petals linear, 10–18 by 0.6–2 mm, acute. Labellum 3-lobed, 10–18 by 6–14 mm; side lobes in front with acute to rounded top, sinus c. 2–4 mm; mid-lobe spathulate to suborbicular, 7–10 by 8–11 mm, margins undulate, top retuse, apex sometimes triangular; ornaments of 2 keels on basal half of mid-lobe. Column 7–12 mm, winged; apex entire to notched.",general,EN,H.Æ. Pedersen et al.,,Forest Herbarium,2022-04-21,Rachun Pooma & Sawita Yooprasert,ref-THA-0000909246,12,2,"Coelogyne schultesii . Flora of Thailand. Vol. 12. Part 2, 2014. Pg. 420. Accessed 2022-04-21",All rights reserved,Forest Herbarium,https://www.dnp.go.th/botany/eflora/floraspecies.html?tdcode=05794
wfo-0000909253,"[Sect. Speciosae Lindl.]. Pseudobulbs to 1 cm apart, ovoid-oblong, slightly tetragonal, 4.3–9 by 2–3 cm. Leaf 1, herbaceous; petiole 2.2–4.7 cm; lamina (obovate-)lanceolate to long-elliptic, 23–42 by 4–12.5 cm, acuminate; 5- to 7-nerved, midrib prominent. Inflorescence synanthous, pendulous; peduncle 8–39 cm; rachis 2–32 cm, internodes curved, 1.7–2.3 cm. Floral bracts caducous. Flowers up to 20, open in succession, 4–5 cm in diameter, finely papillose, smell musky; sepals and petals pale to light green, yellow or cream-colour, labellum side lobes inside light brown, disk lighter so with orange base, keel hairs to the front darker brown, claw of mid-lobe with an undulating transverse darker brown band on junction with the whitish blade. Dorsal sepal parallel to the column, ovate-oblong, 35–48 by 15–28 mm, acute. Lateral sepals ovate-oblong, 34–46 by 13–21 mm, acute. Petals linear, 32–44 by 2–3 mm, acute. Labellum 3-lobed, c. 34–43 by 36–44 mm; side lobes semi-elliptic, in front with rounded top, sinus 7–12 mm; mid-lobe spathulate to suborbicular, c. 12 by 17 mm, claw usually distinct, to 5 mm long, top retuse to rounded or truncate, apex triangular; ornaments of 5–7(–8) curved keels, the 2 keels flanking the median keel ending on the base of the blade of the mid-lobe, the others shorter, all on the disk with long hair-like projections, to the top changing into a row of plate-like projections. Column 27–35 mm; apex rounded.",general,EN,H.Æ. Pedersen et al.,,Forest Herbarium,2022-04-21,Rachun Pooma & Sawita Yooprasert,ref-THA-0000909253,12,2,"Coelogyne septemcostata . Flora of Thailand. Vol. 12. Part 2, 2014. Pg. 422. Accessed 2022-04-21",All rights reserved,Forest Herbarium,https://www.dnp.go.th/botany/eflora/floraspecies.html?tdcode=05795
wfo-0000909347,"[Sect. Lentiginosae Pfitzer]. Pseudobulbs 2–6 cm apart, ovoid, 5–10 by 2–4 cm, grooved. Leaves 2, herbaceous; petiole 3.5–6 cm; lamina obovate-lanceolate, 15–38 by 4–6.8 cm, acuminate; midrib prominent. Inflorescence synanthous; peduncle c. 4–10 cm; rachis zig-zag, 7–11 cm, internodes 0.5–1 cm. Floral bracts soon caducous. Flowers 6–15, open simultaneously, sweet fragrant, 2–2.5 cm in diameter, glabrous; flower white, labellum keels light yellow, sometimes a yellow patch on base of labellum mid-lobe. Dorsal sepal parallel to the column, oblong-lanceolate, 14–19 by 5–7 mm, acuminate. Lateral sepals oblong-lanceolate, 14–19 by 4–7 mm, acuminate. Petals lanceolate, 12–18 by 3–7 mm, acute. Labellum hardly 3-lobed, 12–13 by 6–10 mm; side lobes slightly developed, low, in front receding to rounded and slightly projecting, sinus if present to 0.5 mm; mid-lobe strongly reflexed, broadly ovate to orbicular, c. 7–8 by 6–7 mm, claw indistinct to 1 mm, margins subcrenate, top triangular; ornaments of 3 keels on hypochile, continuing far on the mid-lobe and there with 2 additional keels, all strongly undulate. Column c. 6–8 mm; top winged, apex irregular.",general,EN,H.Æ. Pedersen et al.,,Forest Herbarium,2022-04-21,Rachun Pooma & Sawita Yooprasert,ref-THA-0000909347,12,2,"Coelogyne suaveolens . Flora of Thailand. Vol. 12. Part 2, 2014. Pg. 423. Accessed 2022-04-21",All rights reserved,Forest Herbarium,https://www.dnp.go.th/botany/eflora/floraspecies.html?tdcode=05796
wfo-0000909388,"[Sect. Elatae Pfitzer]. Pseudobulbs 2–3.5 cm apart, ovoid, 3–6.5 by 1.5–2 cm, angular. Leaves 2, thin leathery; petiole 1–3 cm; lamina lanceolate, 7.5–30 cm by 1.6–5 cm, acute; nerves 5, median prominent. Inflorescence hysteranthous; peduncle 2–11.5 cm; rachis erect, zig-zag, 2–9 cm, its base enclosed by 5–18 persistent, imbricate, leathery scale leaves, internodes 0.8–1 cm. Floral bracts caducous. Flowers 4–6, open simultaneously, c. 2 cm in diameter, fragrant, glabrous; sepals, petals, labellum and column greenish- or ochrish-yellow, labellum with brownish  markings. Dorsal sepal patent, oblong-lanceolate, acute, 10–15 by 3–5 mm. Lateral sepals oblong, acute, 10–15 by 3–5 mm. Petals linear, acute, 10–15 by 0.7–1 mm. Labellum 3-lobed, 12–14 by 8–10 mm; side lobes with triangular top, sinus c. 1.5–2 mm; mid-lobe subobovate, 5–7 by 5–7 mm, margins undulate, subentire, claw indistinct, 0.1–0.2 mm, top rounded to shallowly retuse, apex acute; ornaments of 3 keels, median very short on labellum base, laterals continuing halfway to 3/4 of mid-lobe, margin undulate. Column 7–9 mm, winged; apex irregular.",general,EN,H.Æ. Pedersen et al.,,Forest Herbarium,2022-04-21,Rachun Pooma & Sawita Yooprasert,ref-THA-0000909388,12,2,"Coelogyne tenasserimensis . Flora of Thailand. Vol. 12. Part 2, 2014. Pg. 424. Accessed 2022-04-21",All rights reserved,Forest Herbarium,https://www.dnp.go.th/botany/eflora/floraspecies.html?tdcode=05797
wfo-0000909440,"[Sect. Tomentosae Pfitzer]. Pseudobulbs close together, (elongated) ovoid, 4–15 by 2–4 cm. Leaves 2, herbaceous; petiole 4–17 cm; lamina ovate to long-elliptic, 13.5–70 by 2.5–10 cm, acute or acuminate; 5- to 7-nerved, midrib prominent. Inflorescence heteranthous, hairy; peduncle short, hidden in persistent scale leaves; rachis 28–55 cm, moderately tomentose, internodes 1.5–3.5 cm. Floral bracts persistent, (transversely) elliptic, 14–40 by 12–22 mm, obtuse. Flowers 10–30, open simultaneously, 4–7 cm in diameter, glabrous except ovary mostly sparsely hairy; sepals, petals and column cream-colour, pale yellow or green, labellum inside dark brown, median yellowish, veins on side lobes and keels yellowish. Dorsal sepal patent, elliptic, 23–42 by 6–11 mm, acute. Lateral sepals elliptic, 23–40 by 7–11 mm, acute. Petals narrowly elliptic to oblanceolate, 24–39 by 3.5–8 mm, acute to acuminate. Labellum 3-lobed, 21–31 by 14–23 mm; side lobes semi-elliptic, in front with rounded top, sinus 1–2 mm; mid-lobe elliptic to transversely elliptic, rarely spathulate, 5–11 by 5–14 mm, margins more or less irregular, top rounded to retuse, apex triangular; ornaments of 3 keels, at base high, serrate, continuing low with blunt processions, on mid-lobe changing to a patch of blunt molar-like processions. Column 15–21 mm long, winged; apex notched.",general,EN,H.Æ. Pedersen et al.,,Forest Herbarium,2022-04-21,Rachun Pooma & Sawita Yooprasert,ref-THA-0000909440,12,2,"Coelogyne tomentosa . Flora of Thailand. Vol. 12. Part 2, 2014. Pg. 426. Accessed 2022-04-21",All rights reserved,Forest Herbarium,https://www.dnp.go.th/botany/eflora/floraspecies.html?tdcode=05798
wfo-0000909490,"[Sect. Flaccidae Lindl.]. Pseudobulbs c. 1–3 cm apart, ovoid, angular, 3–8 by 3–4.5 cm. Leaves 2, herbaceous; petiole 2–12 cm; lamina linear–lanceolate, 12–45 by 3–4.5 cm, acute; nerves 3, below prominent. Inflorescence proteranthous; peduncle 4–7 cm, largely to entirely covered by scale leaves; rachis zig-zag, curved, 4–8 cm, internodes 1–2.5 cm. Floral bracts caducous during anthesis, lanceolate, to 25 by 8 mm. Flowers 5–8, open simultaneously, sweet  fragrant, 3–4 cm in diameter, glabrous; sepals, petals and column white to pale pink or pale green; labellum white, usually with yellow margins on claw, brown side lobes and brown on mid-lobe. Dorsal sepal patent, elliptic-lanceolate, 20–25 by 6–8 mm. Lateral sepals oblong, acute, 20–25 by 5–7 mm. Petals linear-lanceolate, acute, 18–20 by 2–3 mm. Labellum 3-lobed, 20–22 by 14–16 mm; side lobes semi-elliptic, in front receding, without sinus; mid-lobe ovate to transversely elliptic, 6–7 by 6–8 mm, margins undulate, claw 2–3 mm long with irregular margins, top broadly acute, apex rounded; ornaments of 3 keels on disk, median shorter, laterals continuing to halfway or almost the top of the mid-lobe, undulate, addadditional keels on mid-lobe 0–4. Column 16–18 mm; top winged, apex notched, irregular.",general,EN,H.Æ. Pedersen et al.,,Forest Herbarium,2022-04-21,Rachun Pooma & Sawita Yooprasert,ref-THA-0000909490,12,2,"Coelogyne trinervis . Flora of Thailand. Vol. 12. Part 2, 2014. Pg. 427. Accessed 2022-04-21",All rights reserved,Forest Herbarium,https://www.dnp.go.th/botany/eflora/floraspecies.html?tdcode=05799
wfo-0000909503,"[Sect. Fuliginosae Lindl.]. Pseudobulbs c. 1.5–3.5 cm apart, (narrowly) ovoid-fusiform to fusiform, 2.8–6.3 by 1–2 cm. Leaves 2, herbaceous; petiole 0.5–0.8 cm; lamina elliptic oblong to narrowly elliptic-lanceolate, 6.5–11.5 by 2–4 cm, acute to acuminate; nerves 5–7, mid-rib prominent. Inflorescence hysteranthous; peduncle 3.3–4.5 cm, for c. 3/4 covered by 1–2 imbricate scale leaves; rachis somewhat zig-zag, to 7.5 cm long, internodes 2.5–3 cm. Floral bracts caducous. Flowers 1–2, open in succession, 4–5 cm in diameter; sepals, petals, labellum and column yellowish, ochrish, greenish-yellow or brownish-yellow, labellum usually with a large brown area on mid-lobe or mid-lobe (almost) entirely brown, side lobes veined brown, keels usually darker brown. Dorsal sepal patent, lanceolate, 35–43 by 13–14 mm, acute. Lateral sepals lanceolate, 35–41 by 11–13 mm, acute. Petals linear, 34–38 by 1–3 mm, acute. Labellum 3-lobed, 26–29 by 35–40 mm; side lobes in front spreading, with high triangular, broadly rounded top, with shortly fimbriate front margin, sinus c. 3 mm deep; claw short; mid-lobe somewhat spathulate, c. 13–19 by 11–18 mm, shortly sparsely fimbriate up to 0.3 mm, top obtuse, apex triangular; ornaments of 3 undulate keels, median short, laterals ending at 3/4 of mid-lobe, undulate, less so on mid-lobe. Column c. 20 mm; top winged, apex irregular.",general,EN,H.Æ. Pedersen et al.,,Forest Herbarium,2022-04-21,Rachun Pooma & Sawita Yooprasert,ref-THA-0000909503,12,2,"Coelogyne triplicatula . Flora of Thailand. Vol. 12. Part 2, 2014. Pg. 429. Accessed 2022-04-21",All rights reserved,Forest Herbarium,https://www.dnp.go.th/botany/eflora/floraspecies.html?tdcode=05800
wfo-0000909580,"[Sect. Proliferae Lindl.]. Pseudobulbs close together, ovoid to fusiform, 2.5–4 by c. 1.5 cm. Leaves 2, thin leathery; petiole 1–3 cm; lamina elliptic-lanceolate, 4–6 by 1.5–2 cm, acuminate; nerves 5. Inflorescence hysteranthous; peduncle 4–7 cm; rachis erect, more or less zig-zag, 3–5 cm, its base enclosed by several persistent, imbricate, leathery scale leaves, internodes 0.5–0.8 cm. Floral bracts caducous. Flowers 4–8, open simultaneously, 0.6–1 cm in diameter, glabrous, without scent; sepals and petals pale yellow-green to yellowish to light brown, labellum yellow, side lobes with dark brown margin, mid-lobe dark brown. Dorsal sepal patent, oblong-lanceolate, acute, 6–8 by 2–4 mm. Lateral sepals oblong, acute, 6–8 by 2–4 mm. Petals linear, acute, c. 5 by 0.5 mm. Labellum 3-lobed, c. 6 by 6 mm; side lobes with triangular top, sinus c. 0.5 mm; mid-lobe about semi-elliptic, c. 2 by 4 mm, margins irregular, claw indistinct, top shallowly retuse; ornaments of 2 short keels on base of mid-lobe, margin entire. Column c. 5 mm, winged; apex rounded.",general,EN,H.Æ. Pedersen et al.,,Forest Herbarium,2022-04-21,Rachun Pooma & Sawita Yooprasert,ref-THA-0000909580,12,2,"Coelogyne ustulata . Flora of Thailand. Vol. 12. Part 2, 2014. Pg. 429. Accessed 2022-04-21",All rights reserved,Forest Herbarium,https://www.dnp.go.th/botany/eflora/floraspecies.html?tdcode=05801
wfo-0000909610,"[Sect. Tomentosae Pfitzer]. Pseudobulbs close together, more or less ovoid, 4.5–10 by 2.3 cm. Leaves 2, herbaceous; petiole 3–13 cm; lamina obovate to (long) elliptic, 16–38 by 3.5–10.5 cm, acuminate; (5- to) 7-nerved, midrib prominent. Inflorescence heteranthous; peduncle short, hidden in persistent scale leaves; rachis 20–60 cm, densely hairy with velutinous hairs, internodes 1.5–3.5 cm. Floral bracts persistent, ovate to suborbicular, 15–28 by 13–27 mm, acute to rounded. Flowers 8–26, open simultaneously, 4.5–5 cm in diameter, glabrous except pedicel and ovary; sepals, petals and column pink or cream-colour, labellum pale pink or white, inside brown but median white, veins on side lobes broad and white or pinkish, keels white or yellowish, mid-lobe with a brown margin. Dorsal sepal more or less parallel to the column, narrowly elliptic, 25–33 by 6–11 mm, acute. Lateral sepals narrowly elliptic, 25–33 by 6–10 mm, acute. Petals narrowly elliptic, 25–32 by 3–8 mm, acute. Labellum 3-lobed, 22–26 by 16–20 mm; side lobes in front with rounded top, sinus 0.1–0.2 mm; mid-lobe ovate to almost orbicular, 6–9 by 6–10 mm, margins more or less entire, top broadly acute; ornaments of 3 keels, continuing to 3/4 of mid-lobe, at base high, serrate, continuing lower, shorter serrate, on mid-lobe higher, serrate, with 0, 2 or 4 additional keels. Column 16–21 mm long, winged; apex irregular.",general,EN,H.Æ. Pedersen et al.,,Forest Herbarium,2022-04-21,Rachun Pooma & Sawita Yooprasert,ref-THA-0000909610,12,2,"Coelogyne velutina . Flora of Thailand. Vol. 12. Part 2, 2014. Pg. 430. Accessed 2022-04-21",All rights reserved,Forest Herbarium,https://www.dnp.go.th/botany/eflora/floraspecies.html?tdcode=05802
wfo-0000909683,"[Sect. Flaccidae Lindl.]. Pseudobulbs c. 1–3 cm apart, ovoid-pear shape, 3–7 by 2–3 cm. Leaves 2, herbaceous; petiole 2–5 cm; lamina narrowly linear, 19–35 by 1–2 cm, acute; nerves 5–9, midrib prominent. Inflorescence proteranthous; peduncle 3.5–7.5 cm, largely covered by scale leaves; rachis curved, 3–5 cm, internodes 1–2 cm. Floral bracts caducous. Flowers 2–4, open simultaneously, fragrant, 5–6 cm in diameter, glabrous; sepals, petals and column white to pale pink; labellum white, base of mid-lobe and front of side lobes yellow, side lobes veined brown, keels on mid-lobe brown. Dorsal sepal patent, elliptic-lanceolate, 27–30 by 8–10 mm. Lateral sepals oblong, acute, 27–30 by 6–10 mm. Petals linear-lanceolate, acute, c. 25–30 by 4–5 mm. Labellum 3-lobed, 16–22 by 14–17 mm; side lobes semi-elliptic with triangular top, sinus c. 2 mm; mid-lobe ovate, 7–11 by 5–8 mm, margins entire, claw 2–3 mm, top acute to acuminate; ornaments of 3 keels, median equally long or shorter, laterals continuing on base of the mid-lobe, undulate. Column c. 15 mm; top winged, apex notched.",general,EN,H.Æ. Pedersen et al.,,Forest Herbarium,2022-04-21,Rachun Pooma & Sawita Yooprasert,ref-THA-0000909683,12,2,"Coelogyne viscosa . Flora of Thailand. Vol. 12. Part 2, 2014. Pg. 431. Accessed 2022-04-21",All rights reserved,Forest Herbarium,https://www.dnp.go.th/botany/eflora/floraspecies.html?tdcode=05803
wfo-0000909736,"[Sect. Speciosae Lindl.]. Pseudobulbs to 1.5 cm apart, (elongated) ovoid, more or less tetragonal, 4–8 by 2–4 cm. Leaf 1, herbaceous; petiole 3.5–9 cm; lamina obovate-lanceolate to long-elliptic, 20–37 by 4–10 cm, acuminate; 3- to 5-nerved, midrib prominent. Inflorescence synanthous, pendulous; peduncle 7–15 cm; rachis 2–6 cm, internodes 1.6–2.3 cm. Floral bracts caducous. Flowers 1–4, open in succession, 5–8 cm in diameter, glabrous; sepals and petals pale pink to salmon, labellum inside dull dark brown to very dark bluish-brown. Dorsal sepal parallel to the column, elliptic to oblong, 43–56 by 16–24 mm, acute. Lateral sepals ovate oblong, 40–60 by 13–23 mm, acute. Petals linear, 42–55 by 2–3.5 mm, acute. Labellum 3-lobed, 36–52 by 35–50 mm; side lobes semi-elliptic, in front with rounded top, sinus 3.5–5.5 mm; mid lobe spathulate to suborbicular, 13–21 by 18–21 mm, with scattered tiny warts, margins slightly erose, top retuse to rounded, apex triangular; ornaments of 2 keels, undulating, ending halfway along the mid-lobe. Column 25–39 mm; apex notched.",general,EN,H.Æ. Pedersen et al.,,Forest Herbarium,2022-04-21,Rachun Pooma & Sawita Yooprasert,ref-THA-0000909736,12,2,"Coelogyne xyrekes . Flora of Thailand. Vol. 12. Part 2, 2014. Pg. 433. Accessed 2022-04-21",All rights reserved,Forest Herbarium,https://www.dnp.go.th/botany/eflora/floraspecies.html?tdcode=05804
wfo-4000008922,"Terrestrial, rarely epiphytic herbs; rhizome creeping. Pseudobulbs alternating, 1–6 with a leaf and 1 with an inflorescence, articulate at junction with petiole or peduncle, scales 1 per pseudobulb, tubular, early caducous. Foliage leaves 1 per pseudobulb, convolute, plicate, petiolate. Inflorescence racemose, erect, unbranched, both peduncle and rachis elongating during anthesis; floral bracts persistent during anthesis. Flowers few to many, more or less resupinate, turned to all sides, yellow, green, white, pink, or purple, widely opening, often somewhat asymmetrical. Lateral sepals inserted on column foot. Petals free. Labellum not movable, narrowly attached to column foot, entire or 3-lobed; hypochile basal portion claw-like with straight parallel margins, front part with lateral lobes, ornamented by 2 lateral keels, from the base elevating into an entire lobe or into an oblique structure hollow in front, from there continuing to the front, median keel absent or present; epichile recurved. Column semiterete; with a seam in front laterally on either side; column foot with a spur; anther subterminal, incumbent, 2-locular; pollinia 2, hard, waxy, obliquely conical with an obtuse top and a hollow base. Ovary longitudinally grooved, glabrous. Fruit a capsule, fusiform.</br></br>A genus of c. 14 species distributed from NE India, S China, northern Indo-China, Taiwan, Japan and the Malesian region to the SW Pacific; 2 species in Thailand.",general,EN,H.Æ. Pedersen et al.,,Forest Herbarium,2022-04-21,Rachun Pooma & Sawita Yooprasert,ref-THA-4000008922,12,2,"Collabium  . Flora of Thailand. Vol. 12. Part 2, 2014. Pg. 434. Accessed 2022-04-21",All rights reserved,Forest Herbarium,https://www.dnp.go.th/botany/eflora/floragenus.html?tdcode=05805
wfo-0000916597,"Flowering shoots 15–25 cm tall; rhizome terete, slender, 3–4 cm in diameter. Pseudobulbs cylindric, 4–5 cm by 2–4 mm. Foliage leaves ovate to ovate-oblong, 10–15 by 5–7 cm, apex acute, base rounded or cordate, lamina green with purple patches; petiole 1–2 cm long, base covered with sheaths. Inflorescence glabrous, to 15 cm long; peduncle 12–18 cm long, with 2–4 membranous sheaths at base; rachis 4–5 cm long; floral bracts ovate-lanceolate, 1–1.5 cm long, apex acuminate. Flowers 4–6, suberect; pedicel and ovary subtwisted, 0.8–1.5 cm long. Sepals green, dorsal sepal oblong-lanceolate, 10–13 by 2.5–3 mm, apex acute, 4- to 5-nerved; lateral sepals falcate-oblong, more or less of the same size as dorsal sepal. Petals green, oblong lanceolate, 10–11 by 2–2.5 mm, apex acute to acuminate. Labellum 3-lobed, obcordate-obovate, 9–13 by 9–12 mm, epichile white, hypochile light yellow, with bright yellow median ornaments and reddish-purple stripes on each side; side lobes deltoid, obtuse to rounded, 2–4 mm long, much shorter than mid-lobe. Column light yellow, 5–8 mm long, slightly dilated towards apex, with triangular teeth on both sides near apex; column foot with a cylindric green spur.",general,EN,H.Æ. Pedersen et al.,,Forest Herbarium,2022-04-21,Rachun Pooma & Sawita Yooprasert,ref-THA-0000916597,12,2,"Collabium chinense . Flora of Thailand. Vol. 12. Part 2, 2014. Pg. 435. Accessed 2022-04-21",All rights reserved,Forest Herbarium,https://www.dnp.go.th/botany/eflora/floraspecies.html?tdcode=05806
wfo-0000916613,"Flowering shoots 30–50 cm tall; rhizome terete, slender, 2–3 cm in diameter. Pseudobulbs cylindric, 1.5–4 cm by 2–4 mm. Foliage leaves ovate-lanceolate or oblong-lanceolate, 6–20 by 3–7 cm, apex acute to acuminate, base rounded or cordate, lamina green with purple patches; petiole 1–4 cm long, base covered with tubular sheaths. Inflorescence glabrous, to 45 cm long; peduncle 20–35 cm long, with several sheaths at base; rachis to 40 cm long; floral bracts lanceolate, 4–5 mm long, apex acuminate. Flowers 10–16; pedicel and ovary subtwisted, 0.9–1.5 cm long. Sepals green, dorsal sepal narrowly oblong-lanceolate, 15–18 by 2–3 mm, apex acuminate, 3- to 4-nerved; lateral sepals falcate-oblanceolate, slightly wider and shorter than dorsal sepal, apex acuminate, 3- to 4-nerved. Petals green, oblong-oblanceolate, 15–17 by 2–2.2 mm, apex acute to acuminate, 3-nerved. Labellum light purple, 3-lobed, suborbicular, 10–15 by 10–17 mm; side lobes obliquely ovate, 6–8 mm long, with triangular acute apex, apical margin irregularly serrate; mid-lobe obovate, 5–6 mm long, margin irregularly serrate; ornaments of 2 lateral keels on hypochile, raising high at base of epichile, then continuing as a low broad cushion on proximal part of epichile. Column pink, c. 10 mm long, slightly dilated towards apex, with triangular curved teeth on both sides near apex; column foot with a conical green spur with darker apex.",general,EN,H.Æ. Pedersen et al.,,Forest Herbarium,2022-04-21,Rachun Pooma & Sawita Yooprasert,ref-THA-0000916613,12,2,"Collabium formosanum . Flora of Thailand. Vol. 12. Part 2, 2014. Pg. 437. Accessed 2022-04-21",All rights reserved,Forest Herbarium,https://www.dnp.go.th/botany/eflora/floraspecies.html?tdcode=05807
wfo-4000009394,"Plant terrestrial, often producing several reed-like stems from the same short rhizome. Roots fasciculate and wiry. Leaves several per stem, more or less distichous, (sub)sessile, plicate, sheathing at base, fairly tough, more or less furfuraceous. Inflorescences 1–4 per flowering shoot, lateral, paniculate, much shorter than the leaves; floral bracts boat-shaped, ovate to (triangular-)lanceolate, veins often prominent on the dorsal side. Flowers distichous on each panicle branch (but pedicels twisted to make the flowers appear secundly arranged). Sepals and and petals of subequal length; dorsal sepal very shortly adnate to petals and column; petals usually broader than sepals. Labellum spathulate; claw embracing the column. Column at least 3 times as long as anther, slender and straight, slightly shorter than the labellum, with a pair of subterminal auricles; anther dorsal, versatile, elongated; pollinia 2, sectile, slender; rostellum erect, bifid, producing a long, more or less semiterete hamule and an elliptic-oblong to ovate viscidium; stigma transverse, with 2 recurved triangular lobules in front. Capsule strongly 6-ribbed.</br></br>A genus of 6 species with a pantropical distribution that includes South and Central America, tropical Africa, Madagascar, the Mascarenes, Indo-Malesia, Queensland and the W Pacific islands (south-east to Samoa); 1 species in Thailand.",general,EN,H.Æ. Pedersen et al.,,Forest Herbarium,2022-04-21,Rachun Pooma & Sawita Yooprasert,ref-THA-4000009394,12,2,"Corymborkis  . Flora of Thailand. Vol. 12. Part 2, 2014. Pg. 438. Accessed 2022-04-21",All rights reserved,Forest Herbarium,https://www.dnp.go.th/botany/eflora/floragenus.html?tdcode=05808
wfo-0001391065,"Flowering shoots 50–300 cm tall. Leaves lanceolate to elliptic, acuminate (to acute), 15–49 by 4–14.2 cm, margins straight. Inflorescences with 2–8 straight primary branches (and occasionally with a few branches of second order); the entire inflorescence 4–19 cm long and  3–20 cm across, 7- to many-flowered; peduncle hidden in a leaf sheath, dorsiventrally flattened. Flowers (greenish-)white, fragrant in the evening. Sepals more or less spreading from connivent bases; dorsal sepal linear-spathulate to narrowly oblong-spathulate, acute to obtuse, sometimes mucronate, 28.1–49 by 4.3–7 mm; lateral sepals 28.8–49.8 by 4.4–6.8 mm, obliquely linear-spathulate to narrowly oblong-spathulate, acute, sometimes mucronate. Petals distally recurved to reflexed, obliquely linear-spathulate to obovate, 28.8–46.5 by 5.8–7.9 mm, acute (to acuminate), margins of distal part undulate. Labellum 28.4–44 by 11.2–17.3 mm; dilated distal part ovate to suborbicular, constituting 1/3 to 1/2 of the total labellum length, obtuse to acute or short acuminate, margins undulate; claw channelled, ornamented by 2 parallel keels that continue and diverge proximally on the distal labellum part. Column slenderly clavate, 23.8–38.5 mm long; anther slenderly oblongoid-ovoid, subacute, 5.2–6.1 mm long. Capsule oblongoid, 1.5–4.8 cm  long, 0.4–0.7 cm in diameter.",general,EN,H.Æ. Pedersen et al.,,Forest Herbarium,2022-04-21,Rachun Pooma & Sawita Yooprasert,ref-THA-0001391065,12,2,"Corymborkis veratrifolia veratrifolia. Flora of Thailand. Vol. 12. Part 2, 2014. Pg. 438. Accessed 2022-04-21",All rights reserved,Forest Herbarium,https://www.dnp.go.th/botany/eflora/florainfra.html?tdcode=05810
wfo-4000009635,"Terrestrial herbs with corms connected by a rhizome. Foliage leaves 1–2 per corm (leaves absent in one mycoheterotrophic species endemic to Japan), convolute, plicate, petiolate, deciduous, present at the time of flowering; lamina lanceolate to elliptic. Inflorescence arising laterally from the corm, racemose. Flowers nodding to pendent, resupinate, slenderly campanulate (i.e. with sepals, petals and labellum elongate, subequal in length and only slightly spreading). Sepals and petals free. Labellum firmly attached, spathulate with 3-lobed distal part, spurless (but concave to saccate at base). Column straight, elongate, nearly as long as labellum, without column foot; anther subterminal, incumbent, versatile; pollinia 4, closely appressed in 2 pairs, solid, without distinct caudicles; rostellum producing a hamule and a viscidium; receptive part of stigma concave. Fruit not seen.</br></br>A genus of c. 5 species distributed from the southern Himalayas to Sakhalin and the Kuril Islands; 1 species in Thailand.",general,EN,H.Æ. Pedersen et al.,,Forest Herbarium,2022-04-21,Rachun Pooma & Sawita Yooprasert,ref-THA-4000009635,12,2,"Cremastra  . Flora of Thailand. Vol. 12. Part 2, 2014. Pg. 440. Accessed 2022-04-21",All rights reserved,Forest Herbarium,https://www.dnp.go.th/botany/eflora/floragenus.html?tdcode=05811
wfo-0000926766,"Corms clustered, ovoid to terete, 1.5–3.7 cm long, 1–2.3 cm in diameter, producing fibrous roots. Leaves 1(–2) per corm, long-petiolate; petiole(s) covered by 2 cataphylls to form a pseudostem; lamina lanceolate, acute to acuminate, 11.7–15 by 2.5–5.4 cm, with 3–5 distinct (and many indistinct) veins. Inflorescence 26–42 cm tall, lax, 15- to 20-flowered; peduncle bearing 2–3 sheathing, scale-like leaves; rachis 11–18 cm long; floral bracts suberect, linear-triangular to lanceolate, acuminate, 6–11 by 1–2 mm. Flowers fragrant, pale purple to orange brown. Sepals glabrous; dorsal sepal linear-oblanceolate, obtuse to acuminate, 28–34 by 3–5 mm; lateral sepals obliquely linear-oblanceolate, acuminate, 25–33 by 2.5–4 mm. Petals obliquely linear-oblanceolate, (sub)acuminate, 27–33 by 2.5–3.5 mm, glabrous. Labellum deeply 3-lobed  at apex, 24–31 mm long, 3–7 mm wide across side lobes when flattened, glabrous; side lobes porrect, obliquely linear to linear-triangular, acute to acuminate, 3–4 mm long; mid-lobe porrect, lanceolate to elliptic, subacute, 5–10 mm long, ornamented by a small, oblongoid, smooth callus at base. Column 22–27 mm long, semiterete with the front margins extended to form 2 narrow subdistal wings on the ventral side; anther cordate in upper view, c. 1.5 mm long; rostellum producing a broadly ovate hamule and a sagittate viscidium; receptive part of stigma broadly elliptic. Ovary (including pedicel) slenderly terete, flaccid, 8–12 mm long, glabrous.",general,EN,H.Æ. Pedersen et al.,,Forest Herbarium,2022-04-21,Rachun Pooma & Sawita Yooprasert,ref-THA-0000926766,12,2,"Cremastra appendiculata variabilis. Flora of Thailand. Vol. 12. Part 2, 2014. Pg. 440. Accessed 2022-04-21",All rights reserved,Forest Herbarium,https://www.dnp.go.th/botany/eflora/florainfra.html?tdcode=05813
wfo-4000010363,"Epiphytic, lithophytic or terrestrial herbs, rarely mycoheterotrophic. Pseudobulbs ovoid to spindle-shaped, occasionally absent, often concealed within the leaf bases. Roots thick, velamen-covered. Cataphylls several, surrounding the young growth. Leaves up to 13, distichous, duplicate, linear-elliptic or narrowly ligulate to elliptic, acuminate to strongly bilobed, articulated. Inflorescences racemose, usually arising from within the cataphylls but occasionally from within the axils of the leaves. Flowers 1 to many, long-lasting (all open at the same time), often large, showy and sometimes fragrant, each subtended by a small bract. Sepals and petals free, subsimilar, spreading or with the petals porrect. Labellum 3-lobed (to subentire), free or proximally fused to the base of the column; side lobes erect and weakly clasping the column; mid-lobe often recurved; ornaments usually of 2 parallel ridges from near the base of the labellum to the base of the mid-lobe, rarely replaced by a shallow depression or a single ridge. Column arcuate, weakly or strongly winged, glabrous, foot short or absent; pollinia usually 2, partly cleft, or completely cleft to form 4 very tightly coupled pollinia, hard and bony, attached by short caudicles to a usually triangular viscidium (stipe absent). Capsule fusiform to ellipsoidal or oblong-ellipsoidal, narrowing at the base to a short pedicel and at the apex to a short beak formed by the persistent column.</br></br>Some 52 species distributed from the NW Himalayas to Japan, and south through Indo China and Malesia to the Philippines, New Guinea and Australia; 20 species in Thailand.",general,EN,H.Æ. Pedersen et al.,,Forest Herbarium,2022-04-21,Rachun Pooma & Sawita Yooprasert,ref-THA-4000010363,12,2,"Cymbidium  . Flora of Thailand. Vol. 12. Part 2, 2014. Pg. 442. Accessed 2022-04-21",All rights reserved,Forest Herbarium,https://www.dnp.go.th/botany/eflora/floragenus.html?tdcode=05814
wfo-0000934297,"Medium-sized, epiphytic herb. Pseudobulbs 6–9 by 3–4 cm, ovoid, bilaterally flattened. Leaves 4–5 per pseudobulb, 40–100 by 1.5–4.5 cm, ligulate, obtuse to emarginate and unequally bilobed at the apex, coriaceous, rigid, arching. Inflorescence 30–70 cm long, pendulous except at the base, with 20–45 flowers; rachis 24–76 cm long; bracts 2–5 mm long. Flowers 3.5–4.2 cm across; lightly scented; sepals and petals pale yellow to cream with a broad, central, maroon-brown stripe, often with darker streaks; labellum white or cream, side lobes and mid-lobe veined maroon, mid-lobe yellow at the base; ridges and disk yellow. Dorsal sepal 19–24 by 5–8.5 mm, narrowly oblong to narrowly ligulate-elliptic, obtuse, mucronate, erect; lateral sepals similar, oblique, spreading. Petals 18–20 by 5–8.5 mm, narrowly elliptic, obtuse to acute, sometimes mucronate, porrect and almost parallel above the column. Labellum 15–23 by 10–14 mm when flattened, saccate at the base, minutely papillose to minutely pubescent; side lobes acute to acuminate, exceeding the column and the anther; mid-lobe 8.4–12 by 6.5–9 mm, ovate, acute to obtuse, often mucronate, usually recurved, margin entire; ornaments usually of 2 sigmoid ridges often broken in the middle and inflated only towards the base and the apex. Column 10–12 mm long; pollinia 2. Capsule 4–7 by 2–3 cm, oblong-ellipsoidal.",general,EN,H.Æ. Pedersen et al.,,Forest Herbarium,2022-04-21,Rachun Pooma & Sawita Yooprasert,ref-THA-0000934297,12,2,"Cymbidium aloifolium . Flora of Thailand. Vol. 12. Part 2, 2014. Pg. 444. Accessed 2022-04-21",All rights reserved,Forest Herbarium,https://www.dnp.go.th/botany/eflora/floraspecies.html?tdcode=05815
wfo-0000934311,"Large, epiphytic or rarely lithophytic herb. Pseudobulbs up to 10 by 6 cm, ovoid, bilaterally flattened. Leaves usually 7–9 per pseudobulb, up to 50–90 by 1.5–4 cm, ligulate, obtuse and unequally bilobed at the apex, coriaceous, rigid, arching. Inflorescence 28–75 cm long, arching to pendulous, with 10–33 flowers; rachis 20–55 cm long; bracts 1–4 mm long. Flowers 3.5–4.5 cm across; usually coconut-scented; sepals deep maroon to dull yellow-green with strong maroon staining; labellum white, becoming yellow with age, side-lobes stained maroon-purple, mid-lobe yellow in front of the ridges and blotched with maroon; ridges bright yellow in front, stained maroon behind. Dorsal sepal 28–33 by 7–10 mm, narrowly ligulate elliptic, obtuse, suberect, margins revolute; lateral sepals similar, falcate and oblique, pendulous and porrect. Petals 25–30 by 7.5–11 mm, narrowly elliptic, subacute, weakly porrect, margins sometimes revolute. Labellum 21–25 by 13–15 mm when flattened, usually broadest across the mid-lobe, minutely papillose to minutely pubescent, the longest hairs on the side-lobe tips; side lobes erect, much shorter than the column, apices obtuse and appearing truncated; mid-lobe 11–13 by 13–14 mm, broadly ovate to rhomboid, obtuse to emarginate, weakly recurved, margin entire; ornaments of 2 sigmoid, raised ridges that are rounded and confluent at the apices and merge gradually with the base of the mid-lobe. Column 16–18 mm long; pollinia 2.",general,EN,H.Æ. Pedersen et al.,,Forest Herbarium,2022-04-21,Rachun Pooma & Sawita Yooprasert,ref-THA-0000934311,12,2,"Cymbidium atropurpureum . Flora of Thailand. Vol. 12. Part 2, 2014. Pg. 446. Accessed 2022-04-21",All rights reserved,Forest Herbarium,https://www.dnp.go.th/botany/eflora/floraspecies.html?tdcode=05816
wfo-0000934319,"Medium-sized, epiphytic herb. Pseudobulbs 5–7 by 1.6–2.9 cm, slenderly ovoid, slightly bilaterally flattened. Leaves 5–7 per pseudobulb, subsessile, 7.4–53.9 by 1.6–3.7 cm, oblong-lanceolate to narrowly linear-oblanceolate, acuminate, mucronate, coriaceous, arching. Inflorescence c. 70 cm long, arcuate, with c. 11 flowers; rachis c. 30 cm long; bracts 7–23 mm long. Flowers 8–9 cm across, weakly and rather unpleasantly scented; sepals and petals olive-green to olive-brown, petals with dark purple dots at base; labellum mainly cream with dark purple spots on mid-lobe and distal part of side lobes, disk white with dark purple markings at base and mainly white ornaments with dark purple mid-line and minutely purple-dotted keels. Dorsal sepal 53–55 by 12–14 mm, oblanceolate, acuminate, minutely mucronate, incurved; lateral sepals similar, oblique, acute, spreading. Petals 49–51 by 10–11 mm, obliquely oblanceolate, acuminate, spreading, slightly incurved. Labellum 34–37 by 30–32 mm when flattened, finely papillose on the ventral side, usually fused to column at the very base; side lobes very obliquely triangular-oblong, rounded, slightly exceeding the column and anther; mid-lobe 16–17 by 16–17 mm, broadly ovate, acuminate, with somewhat raised, undulate sides; ornaments of 2 well-defined, almost parallel ridges extending from the base of the labellum to the base of the mid-lobe. Column 32–34 mm long; pollinia 2.",general,EN,H.Æ. Pedersen et al.,,Forest Herbarium,2022-04-21,Rachun Pooma & Sawita Yooprasert,ref-THA-0000934319,12,2,"Cymbidium baoshanense . Flora of Thailand. Vol. 12. Part 2, 2014. Pg. 447. Accessed 2022-04-21",All rights reserved,Forest Herbarium,https://www.dnp.go.th/botany/eflora/floraspecies.html?tdcode=05817
wfo-0000934323,"Medium-sized, epiphytic herb. Pseudobulbs up to 5 by 2.5 cm, elongate-ovoid, bilaterally flattened. Leaves 5–7 per pseudobulb, sessile, up to 30–68 by 1.2–2.9 cm, narrowly ligulate, obtuse, unequally bilobed to oblique at the apex, cartilaginous, stiff, arching. Inflorescence 10–50 cm long, arching to pendulous, with 5–26 flowers; rachis 8–33 cm long; bracts 1.5–4.5 mm long. Flowers 2.5–4.5 cm across; lightly fruit-scented; sepals and petals pale yellow to cream, with a broad, weakly defined central stripe of maroon-brown; labellum cream, the side lobes finely mottled with maroon, the mid-lobe white to yellow at the base, variously spotted or blotched with maroon; ridges cream to yellow, often finely mottled behind with red-brown. Dorsal sepal 16.5–28 by 4–6.5 mm, narrowly oblong to narrowly obovate-ligulate, obtuse to subacute, often mucronate, erect; lateral sepals similar, oblique, spreading. Petals 15–21.5 by 4–6.2 mm, narrowly oblong to narrowly elliptic, obtuse to acute, weakly porrect and spreading. Labellum 12.5–18 by 9.5–15.5 mm when flattened, saccate at the base, minutely papillose to pubescent; side lobes shorter than or as long as the column but not exceeding the anther, obtuse (to subacute); mid-lobe 5.2–8.7 by 6–9.6 mm, broadly elliptic, rounded, usually recurved, minutely papillose to shortly glandular-pubescent, sometimes with an undulating margin; ornaments of 2 ridges that are entire and almost parallel to sigmoid, minutely papillose to minutely pubescent. Column 9–12 mm long, with a column foot; pollinia 2. Capsule 4–6 by 2–3 cm, oblong-ellipsoidal.",general,EN,H.Æ. Pedersen et al.,,Forest Herbarium,2022-04-21,Rachun Pooma & Sawita Yooprasert,ref-THA-0000934323,12,2,"Cymbidium bicolor obtusum. Flora of Thailand. Vol. 12. Part 2, 2014. Pg. 448. Accessed 2022-04-21",All rights reserved,Forest Herbarium,https://www.dnp.go.th/botany/eflora/florainfra.html?tdcode=05819
wfo-0001365759,"Terrestrial herb. Pseudobulbs subterranean, inconspicuous. Leaves usually 5–8 per pseudobulb, up 32–51 by 0.9–1.5 cm, linear-elliptic, acute, erect, margin entire, conduplicate at the base but not petiolate, the lowest leaves making a gradual transition between the cataphylls and the true leaves. Inflorescence 23–43 cm tall, erect, with 4–7 flowers produced in the apical third; bracts 3–22(–25) mm long, often exceeding the pedicel and ovary in length. Flowers about 4–5 cm across; lemon-scented; sepals and petals pale yellow with 5–7 longitudinal red-brown lines; labellum pale green or whitish, sometimes pale yellow, with red-purple streaks on the side lobes that become confluent at the margin, and red-purple spots and blotches on the mid-lobe. Dorsal sepal 25–35 by 5–8 mm, narrowly oblong-elliptic, acute, erect; lateral sepals similar, spreading. Petals 19–29 by 6–9 mm, ovate to elliptic, acute, usually equal to or narrower than the sepals, porrect, usually closely shading the column. Labellum 17–22 mm long when flattened; side lobes rounded, usually angled at the apex, sparsely pubescent or papillose (at least apically); mid-lobe 9–13 by 8–11 mm, oblong to broadly ovate, obtuse or subacute, often as broad as the side lobes when the labellum is flattened, recurved, with some small papillae that are occasionally sparse and almost confined to the apical region, margin entire; disk ornamented by ridges converging in the apical half to form a short tube at the base of the mid-lobe. Column 10–15 mm long; pollinia 4. Capsule 5–7 cm long, fusiform, erect.",general,EN,H.Æ. Pedersen et al.,,Forest Herbarium,2022-04-21,Rachun Pooma & Sawita Yooprasert,ref-THA-0001365759,12,2,"Cymbidium cyperifolium indochinense. Flora of Thailand. Vol. 12. Part 2, 2014. Pg. 450. Accessed 2022-04-21",All rights reserved,Forest Herbarium,https://www.dnp.go.th/botany/eflora/florainfra.html?tdcode=05821
wfo-0000934360,"Epiphytic herb. Pseudobulbs c. 4 by 2.5 cm, fusiform, slightly bilaterally compressed. Leaves 5–8, sessile, 40–95 by 0.7–1.6(–2.4) cm, linear-elliptic, slightly obliquely acute to acuminate, thickened and coriaceous, dark green, the mid-vein prominent below. Inflorescence 18–30 cm long, peduncle short, suberect to horizontal, with 5–15 flowers; bracts 2–10 mm long. Flowers 4–5 cm across; not usually scented; sepals and petals white or cream with a central maroon stripe that does not reach the apex, rarely suffused wine-red; labellum white, with an orange or yellow spot at the base; side lobes white, veined maroon, with a maroon margin; mid-lobe deep maroon with a basal, triangular, pale yellow stripe that does not reach the apex; ridges white or cream. Dorsal sepal 25–34 by 6–8 mm, narrowly elliptic to oblong-lanceolate, acute or shortly acuminate, margin slightly erose towards the base, erect; lateral sepals similar, oblique and pendulous. Petals 18–28 by 5–7.5 mm, narrowly oblong to elliptic, obtuse to acute, apiculate, porrect and tending to cover the column. Labellum 15–22 by 10–15 mm when flattened; side lobes as long as the column, with porrect, triangular tips subacute at the apex and minutely papillose; mid-lobe 8–12 by 7–9 mm, recurved, ovate, entire, subacute, mucronate to acuminate, minutely papillose, often with minute hairs towards the base and with 2 lines of longer, often glandular, hairs extending from the ridge apices to the centre of the mid-lobe; ornaments of 2 parallel ridges extending from the base of the labellum to the base of the mid-lobe, covered in glandular hairs. Column 11–14 mm long; pollinia 2. Capsule 4–6 by 1.5–2 cm, ellipsoid.",general,EN,H.Æ. Pedersen et al.,,Forest Herbarium,2022-04-21,Rachun Pooma & Sawita Yooprasert,ref-THA-0000934360,12,2,"Cymbidium dayanum . Flora of Thailand. Vol. 12. Part 2, 2014. Pg. 451. Accessed 2022-04-21",All rights reserved,Forest Herbarium,https://www.dnp.go.th/botany/eflora/floraspecies.html?tdcode=05822
wfo-0000934366,"Lithophytic or epiphytic herb. Pseudobulbs represented by a swelling of the base of the shoot, c. 3 by 2 cm; new growths bilaterally flattened, c. 2–3 cm broad, composed of folded, flattened and keeled, distichous, purple cataphylls, from which the 2–4 true leaves emerge. Leaves suberect, 20–49 cm long including the channelled petiole; lamina 17–30 by 3.5–6.2 cm, elliptic, coriaceous, smooth, with a prominent mid-vein, obtuse to subacute, oblique, mucronate, margin entire. Inflorescence 24–44 cm long, pendulous, with about 15–35 closely spaced flowers; bracts 2–5 mm long. Flowers 2.5–3.5 cm across, usually orientated towards one side; not scented; sepals and petals pale yellow to dull green, lightly to heavily mottled with purple brown; labellum purple, the side lobes and the disk cream with maroon mottling, the mid-lobe maroon with 2 deep purple spots at the base. Dorsal sepal 20–29 by 7–10 mm, elliptic, obtuse, erect, with recurved margins; lateral sepals similar, oblique, spreading, pendulous. Petals 16–22 by 6–10 mm, subrhombic, subacute to acute, oblique, spreading. Labellum broad, 14–16(–20) by 10–15 mm, rhombic, papillose, attached to the column foot; side lobes obscure; mid-lobe c. 8 by 8 mm, triangular-ovate, decurved to weakly recurved, obtuse to mucronate; ornaments reduced to 2 swellings at the base of the mid-lobe. Column 11–14 mm long, with a short foot; pollinia 2. Capsule 3.5 by 2 cm, oblong-ellipsoidal.",general,EN,H.Æ. Pedersen et al.,,Forest Herbarium,2022-04-21,Rachun Pooma & Sawita Yooprasert,ref-THA-0000934366,12,2,"Cymbidium devonianum . Flora of Thailand. Vol. 12. Part 2, 2014. Pg. 453. Accessed 2022-04-21",All rights reserved,Forest Herbarium,https://www.dnp.go.th/botany/eflora/floraspecies.html?tdcode=05823
wfo-0000934376,"Terrestrial herb. Pseudobulbs to 3 by 1.5 cm, ovoid, often inconspicuous, occasionally subterranean. Leaves 2–4 per pseudobulb, sessile, up to 29–94 by 0.8–2.5 cm, erect, distally arching, linear-elliptic, acute, the margin usually serrulate towards the apex. Inflorescence 15–67 cm long, with 3–8 flowers in the apical third; bracts 0.4–2.2 cm long. Flowers 3–3.5 cm across; often strongly scented; sepals and petals pale straw-yellow or light brown to green, usually with 5 longitudinal red veins, the petals often with a stronger central stripe and red-brown spots and blotches towards the base; labellum pale yellow or off-white, side lobes streaked red, with a red margin, mid-lobe with red blotches or transverse spots; the red-brown pigment occasionally absent from the flowers, which are then pale green and white in colour. Dorsal sepal 19–31 by 4.6–8.8 mm, narrowly elliptic, acute to oblong, obtuse or mucronate, erect; lateral sepals similar, spreading, almost horizontal. Petals 14–26 by 5.5–9 mm, ovate-elliptic, subacute, shorter and broader than the sepals, porrect but not closely covering the column. Labellum 14–22 mm long when flattened; side lobes rounded, papillose; mid-lobe 6–12 by 6–10 mm, ovate to triangular, acute, minutely papillose, margin undulate, entire; ornaments of 2 ridges, converging in the apical half to form a short tube at the base of the mid-lobe. Column 10–15 mm long; pollinia 4. Capsule c. 6 by 2 cm, fusiform, strongly ridged.",general,EN,H.Æ. Pedersen et al.,,Forest Herbarium,2022-04-21,Rachun Pooma & Sawita Yooprasert,ref-THA-0000934376,12,2,"Cymbidium ensifolium haematodes. Flora of Thailand. Vol. 12. Part 2, 2014. Pg. 455. Accessed 2022-04-21",All rights reserved,Forest Herbarium,https://www.dnp.go.th/botany/eflora/florainfra.html?tdcode=05825
wfo-0000934395,"Epiphytic or lithophytic herb. Pseudobulbs up to 8 by 5 cm, ovoid, bilaterally flattened. Leaves 4–7, sessile, up to 36–100 by 2.7–6 cm, ligulate, obtuse to emarginate and unequally bilobed at apex, coriaceous and rigid, almost erect. Inflorescence 20–140 cm long, sharply pendulous, with 12–26 well-spaced flowers; rachis c. 25–110 cm long, usually slender and zig-zag above; bracts 1–3 mm long. Flowers 4–5.7 cm across; usually fruit-scented; sepals and petals dull green to straw-yellow, usually suffused with red-brown towards the tips of the sepals and along the centre of the petals; labellum white, side lobes suffused and veined with purple red, mid-lobe yellow in front of the ridges and with a submarginal, U-shaped, purple-red apical blotch and often some other reddish spotting; ridges bright yellow in front, stained purple-red  behind. Dorsal sepal 25–33 by 7–11 mm, narrowly ligulate-elliptic, obtuse, erect, margins revolute; lateral sepals similar, oblique, spreading. Petals 24–30 by 7–11 mm; narrowly elliptic to ovate, obtuse to subacute, porrect, margins revolute. Labellum 24–28 by 14–18 mm when flattened, usually broadest across the side lobes, papillose or with some minute hairs; side lobes usually also exceeding the anther, tips triangular, acute to acuminate, porrect; mid-lobe 11–14 by 11–14 mm, broadly elliptic, obtuse to emarginate, mucronate, recurved, margin undulate; ornaments of 2 parallel, well-defined, raised ridges that terminate abruptly at the base of the mid lobe. Column 15–18 mm long; pollinia 2. Capsule 5–10 by 3–4 cm, oblong-ellipsoidal.",general,EN,H.Æ. Pedersen et al.,,Forest Herbarium,2022-04-21,Rachun Pooma & Sawita Yooprasert,ref-THA-0000934395,12,2,"Cymbidium finlaysonianum . Flora of Thailand. Vol. 12. Part 2, 2014. Pg. 457. Accessed 2022-04-21",All rights reserved,Forest Herbarium,https://www.dnp.go.th/botany/eflora/floraspecies.html?tdcode=05826
wfo-0000934455,"Epiphytic or lithophytic herb. Pseudobulbs 3–6 cm long, 1.5–3.5 cm in diameter, elongate-ovoid, bilaterally flattened. Leaves 4–8 per pseudobulb, sessile, up to 80 by 1.4–2.1 cm, linear-elliptic, acute. Inflorescence up to 70 cm long; rachis slender, arching to pendant, slightly flattened, bearing 6–15 flowers; bracts up to 4 mm long. Flowers up to 14 cm across, with a strong fresh scent; sepals and petals clear apple-green with some deep red spots towards the base, occasionally lightly shaded with red-brown; labellum cream-coloured, becoming greenish at the margin, flushing strong purplish-pink after pollination, side lobes spotted deep maroon, mid-lobe with a submarginal ring of red-brown blotches and spots, and a broken central line of confluent red blotches, base of labellum bright yellow with maroon spots; ridges cream with reddish spots. Dorsal sepal 56–60 by 17–19 mm, narrowly obovate, acute, porrect; lateral sepals similar, spreading. Petals 53–56 by 12–14 mm, ligulate or very narrowly obovate, slightly curved, spreading. Labellum fused to the column base for 4.5–5 mm; side lobes 11–16 mm broad, triangular, acute and porrect, margins ciliate (cilia over 1 mm long), papillose or shortly hairy especially towards the apex; mid-lobe 17–20 by 27–29 mm, broadly ovate-cordate, mucronate, recurved, papillose, sometimes with scattered hairs, never with the central lines of hairs present, margin erose and strongly undulate; ornaments of 2 ridges, tapering to the cavity at the base of the labellum, strongly hairy along the top. Column 33–40 mm long; pollinia 2. Capsule up to 13 by 4 cm, fusiform-ellipsoidal.",general,EN,H.Æ. Pedersen et al.,,Forest Herbarium,2022-04-21,Rachun Pooma & Sawita Yooprasert,ref-THA-0000934455,12,2,"Cymbidium hookerianum . Flora of Thailand. Vol. 12. Part 2, 2014. Pg. 458. Accessed 2022-04-21",All rights reserved,Forest Herbarium,https://www.dnp.go.th/botany/eflora/floraspecies.html?tdcode=05827
wfo-0000934506,"Epiphytic or lithophytic herb. Pseudobulbs up to 13 by 5 cm, bilaterally flattened. Leaves about 9, sessile, up to 90 by 3.5 cm, linear-elliptic, acute. Inflorescence up to 100 cm or more long, suberect to horizontal arching; rachis bearing 12–30(–40) flowers; bracts c. 3 mm long. Flowers up to 10 cm across; not scented; sepals and petals bright apple-green to yellowish or off white, sometimes lightly shaded with red-brown; labellum yellowish to white, side lobes not marked, the mid-lobe with a sharply delimited, deep red, broad, V-shaped, submarginal patch, and a central red line to the ridge apices; the base of the labellum bright yellow or orange, spotted with red-brown; ridges cream or white, occasionally with a few red spots. Dorsal sepal 48–57 by 16–18 mm, narrowly obovate, acute, concave, porrect; lateral sepals similar, spreading. Petals 48–53 by 11–13 mm, ligulate to narrowly obovate, acute, curved, spreading. Labellum fused to the column base for 3–4.5 mm; side lobes 14–16 mm broad, triangular, apex rounded, margin not distinctly fringed, velvety hairy at the front; mid-lobe 14–18 by 15–21 mm, cordate, mucronate, porrect to deflexed, with the indumentum in 2 zones comprising silky hairs in the centre and base and dense velvety hairs on the V-shaped, coloured region, margin of the mid-lobe erose, minutely undulating; ornaments of 2 ridges, not reaching the base of the labellum, spreading behind, dilated at the apex, finely hairy. Column 30–35 mm long; pollinia 2. Capsule c. 6–8 by 3–4 cm, fusiform-ellipsoid.",general,EN,H.Æ. Pedersen et al.,,Forest Herbarium,2022-04-21,Rachun Pooma & Sawita Yooprasert,ref-THA-0000934506,12,2,"Cymbidium lowianum . Flora of Thailand. Vol. 12. Part 2, 2014. Pg. 461. Accessed 2022-04-21",All rights reserved,Forest Herbarium,https://www.dnp.go.th/botany/eflora/floraspecies.html?tdcode=05830
wfo-0000934515,"Terrestrial holomycotroph, without leaves or pseudobulbs. Roots often absent, occasionally produced towards the apex of the rhizome. Rhizome 3–8 mm in diameter, soft, fleshy, tuberculate, with nodes 2–15 mm apart, usually branching, whitish, subterranean. Inflorescence 7–32 cm long, erect, with 3–6 flowers, usually produced terminally on the rhizome or on its side branches; peduncle covered with 4–8, mostly overlapping cataphylls, of which 1–4 are above ground; cataphylls 13–27 mm long, ovate, cymbiform, with a cylindrical sheathing base and a loosely sheathing, spreading, cymbiform apex; bracts 2–17 mm long. Flowers 3–4 cm across; sepals and petals cream to pale yellow or brownish pink with a diffuse, central, purple-red stripe to near the apex; labellum white with red spots on the mid-lobe and purple-red stripes on the side lobes, which become confluent at the margin; ridges white, sometimes stained pink. Dorsal sepal 19–26 by 4–6 mm, narrowly obovate to ligulate, acute, erect; lateral sepals similar, spreading. Petals 14–20 by 5–7 mm, narrowly elliptic, oblique, acute, usually porrect and covering the column. Labellum 12–17 by 9–11 mm when flattened, almost rhombic in outline, subentire to 3-lobed, papillose; side lobes erect, obtuse to subacute at the apex; mid-lobe 5–7 by 4–6 mm, triangular to ligulate, acute to obtuse, recurved, the margin usually undulating; ornaments of 2 ridges, convergent towards the apex, forming a short tube at the base of the mid-lobe. Column 9–13 mm long; pollinia 4. Capsule 3–5 by 0.9–1.2 cm, fusiform to ellipsoid, erect.",general,EN,H.Æ. Pedersen et al.,,Forest Herbarium,2022-04-21,Rachun Pooma & Sawita Yooprasert,ref-THA-0000934515,12,2,"Cymbidium macrorhizon . Flora of Thailand. Vol. 12. Part 2, 2014. Pg. 463. Accessed 2022-04-21",All rights reserved,Forest Herbarium,https://www.dnp.go.th/botany/eflora/floraspecies.html?tdcode=05831
wfo-0000934524,"Epiphytic or lithophytic herb. Pseudobulbs stem-like and inconspicuous within the numerous persistent leaf bases, growing indeterminately, with cauline roots, the older growth appearing flattened and elongated. Leaves 16–17, distichous, up to 64 by 1.8 cm, arching, narrowly ligulate, tapering to an acute, usually unequally bilobed apex with a mucro in the  sinus. Inflorescence c. 25–30 cm long; rachis 5–10 cm long, arcuate or pendulous, not strongly exerted from the sheaths, with 5–15 closely spaced flowers; bracts 2–7 mm long. Flowers c. 6 cm across, not opening widely; almond-scented; petals and sepals white or faintly pink; labellum white, usually with a yellow central patch at the base of the mid-lobe, and bright yellow ridges. Dorsal sepal 43–52 by 8–11 mm, narrowly oblong-elliptic to narrowly obovate, acute, concave, not spreading except towards the tips; lateral sepals similar, curved. Petals 39–49 by 5–7 mm, narrowly ligulate or narrowly obovate, slightly curved, porrect. Labellum 40–44 by 20–24 mm, fused to the base of the column for 3–5 mm; side lobes 10–12 mm broad, lightly clasping the column, minutely hairy, apex broadly rounded to subacute and porrect, margin minutely fringed at the front; mid-lobe 10–13 by 10–13 mm, ovate, rounded or mucronate, porrect, minutely hairy with a dense central and basal patch of short hairs, margin undulating; ornaments of 2 slightly raised, well-separated ridges behind, sometimes minutely auriculate and forming a small trough shaped depression at the base, inflated and converging towards the hairy apex at the base of the mid-lobe. Column 33–36(–40) mm long; pollinia 2. Capsule broadly ellipsoid, c. 3 by 2.5 cm.",general,EN,H.Æ. Pedersen et al.,,Forest Herbarium,2022-04-21,Rachun Pooma & Sawita Yooprasert,ref-THA-0000934524,12,2,"Cymbidium mastersii . Flora of Thailand. Vol. 12. Part 2, 2014. Pg. 464. Accessed 2022-04-21",All rights reserved,Forest Herbarium,https://www.dnp.go.th/botany/eflora/floraspecies.html?tdcode=05832
wfo-0000934583,"Medium-sized, epiphytic herb. Pseudobulbs c. 5 by 2 cm, elongate-ovoid, bilaterally flattened. Leaves 7–9 per pseudobulb, up to 60 by 0.8–1.4 cm, narrowly ligulate, unequally bilobed to oblique at the apex, V-shaped in section, coriaceous, rigid, arching. Inflorescence to c. 50 cm long, suberect to horizontal (often pendulous in fruit), with up to 17 flowers; rachis up to c. 40 cm long; bracts 2–3 mm long. Flowers 3.5–4 cm across; sepals and petals pale yellow  to cream with a broad, central, maroon stripe; labellum white to cream with a yellow central stripe, a single apical maroon spot and usually some sparse maroon markings at the base. Dorsal sepal 17–20 by 7–8 mm, narrowly oblong to elliptic, obtuse or weakly mucronate, erect; lateral sepals similar, oblique, spreading. Petals 17–18 by c. 6 mm, narrowly elliptic, acute, sometimes mucronate, porrect but not covering the column. Labellum c. 15 mm long; side lobes obtusely angled and appearing truncate at the apex, shorter than the column; mid-lobe 8–9 by 5–5.5 mm, ligulate, acute, recurved, minutely papillose margin undulate towards the base; ornaments of 2 entire sigmoid ridges, less inflated in the centre than at either the base or apex. Column c. 8 mm long; pollinia 2. Capsule not seen.",general,EN,H.Æ. Pedersen et al.,,Forest Herbarium,2022-04-21,Rachun Pooma & Sawita Yooprasert,ref-THA-0000934583,12,2,"Cymbidium rectum . Flora of Thailand. Vol. 12. Part 2, 2014. Pg. 466. Accessed 2022-04-21",All rights reserved,Forest Herbarium,https://www.dnp.go.th/botany/eflora/floraspecies.html?tdcode=05833
wfo-0001342623,"Terrestrial herb. Pseudobulbs up to 8 cm long, 5 cm in diameter, ovoid, lightly bilaterally flattened, with 6–10 leaves. Leaves sessile, up to 100 by 0.7–1.8 cm, narrowly linear-elliptic, tapering to an acute apex. Inflorescence 100–150 cm long; peduncle erect, up to 120 cm long, robust; rachis 17–40 cm long, arching, becoming slender towards the tip, with up to 27 closely spaced flowers; bracts 3–15 mm long. Flowers 7 cm across; not scented; sepals and petals white, sometimes with some red spots at the base and over the mid-vein; labellum white, side lobes usually strongly veined maroon-red, mid-lobe yellow at the base and in the centre, striped maroon-red, ridges bright yellow at the tips, paler behind. Dorsal sepal 27–29 by 20–23 mm, obovate, acute, concave, erect or porrect; lateral sepals similar, spreading, slightly drooping. Petals 27–29 by 20–23 mm, narrowly obovate, acute, spreading. Labellum fused to the base of the column for 2–4 mm; side lobes 12–22 mm broad, papillose or minutely hairy, broadly rounded, margin not fringed; mid-lobe 9–10 by 12–13 mm, shortly clawed, triangular to subcircular, acute, recurved, papillose, with a basal and central patch of short, dense hairs, margin entire and undulating; ornaments of 2 ridges, inflated at the apex, tapering to the base, densely hairy. Column 30–32 mm long; pollinia 2. Capsule 4–5 cm long, round to oblong-fusiform.",general,EN,H.Æ. Pedersen et al.,,Forest Herbarium,2022-04-21,Rachun Pooma & Sawita Yooprasert,ref-THA-0001342623,12,2,"Cymbidium seidenfadenii . Flora of Thailand. Vol. 12. Part 2, 2014. Pg. 467. Accessed 2022-04-21",All rights reserved,Forest Herbarium,https://www.dnp.go.th/botany/eflora/floraspecies.html?tdcode=05834
wfo-0000934616,"Terrestrial herb. Pseudobulbs up to 3 by 2 cm, ovoid. Leaves 2–4 per pseudobulb, sessile, 40–103 by 2–3.2 cm, linear-elliptic, arching, dark green, glossy. Inflorescence 40–80 cm tall, erect, robust, usually with 8–26 flowers produced in the apical half or third and held above the leaves; bracts 0.4–2.5 cm long. Flowers c. 5 cm across; scented; sepals usually purple-brown, sometimes dark, petals paler, often showing darker veins, occasionally sepals and petals straw-yellow with dark red veins; labellum cream or pale yellow, side lobes streaked red with a solid red margin, mid-lobe heavily spotted and blotched with dark red. Dorsal sepal 26–39 by 5.7–8.7 mm, elliptic, acute, erect to porrect, margins revolute; lateral sepals similar, spreading. Petals 23–34 by 7.1–11 mm, ovate, broader than the sepals, porrect, often forming a hood over the column. Labellum 21–29 mm long when flattened; side lobes erect, rounded, often reduced, papillose or pubescent; mid-lobe broad, 12–16 by 9–13 mm, oblong with an obtuse mucronate apex to ovate, with an acute apex, recurved, often as broad as the side lobes when the labellum is flattened, papillose or with papillose hairs, margin entire and undulating or kinked; ornaments of  2 ridges, converging in the apical half to form a small tube at the base of the mid-lobe. Column 12–16 mm long; pollinia 4. Capsule c. 6 cm long, fusiform, ridged, erect.",general,EN,H.Æ. Pedersen et al.,,Forest Herbarium,2022-04-21,Rachun Pooma & Sawita Yooprasert,ref-THA-0000934616,12,2,"Cymbidium sinense . Flora of Thailand. Vol. 12. Part 2, 2014. Pg. 469. Accessed 2022-04-21",All rights reserved,Forest Herbarium,https://www.dnp.go.th/botany/eflora/floraspecies.html?tdcode=05835
wfo-0000934657,"Lithophytic herb. Pseudobulb up to 3 by 3 cm, lens-shaped, with 2–6 distichous leaves and 4–5 cataphylls; the lower leaves and cataphylls deciduous; mature pseudobulbs wrinkled,  usually with 2–4 apical leaves, not covered by the leaf bases, with nodes towards the base and the apex only. Leaves up to 17–22 by 3–3.5 cm, narrowly elliptic, twisted. Inflorescence 12–23 cm long; peduncle (sub)erect; rachis usually longer than the peduncle, with 2–5 large, distant  flowers; bracts 4–9 mm long. Flowers 4–5 cm across; honey-scented; sepals and petals olive-green to mustard, shaded red-brown and spotted towards the base with purple-brown; labellum white, turning pink on pollination, with almost entirely purple-brown side-lobes, and spots and transverse dashes of red-purple on the mid-lobe; ridges white, spotted purple. Dorsal sepal 37–42 by 8–13 mm, narrowly obovate with recurved margins, obtuse or subacute, mucronate, suberect, curved over the column; lateral sepals similar, narrowly elliptic, decurved, not fully spreading. Petals 34–40 by 5–10 mm, narrowly elliptic, acute, often covering the column. Labellum fused to the base of the column for about 3 mm; side lobes 10–13 mm broad, rounded to subacute, tapering sharply towards the base, erect but not clasping the column, papillose, mid-lobe 12–15 by 11–15 mm, oblong, papillose, recurved, mucronate, margin undulate; ornaments of 2 well-defined, almost parallel, glabrous, inflated ridges extending from the base of the labellum to the base of the mid-lobe. Column 25–30 mm long; pollinia 2.",general,EN,H.Æ. Pedersen et al.,,Forest Herbarium,2022-04-21,Rachun Pooma & Sawita Yooprasert,ref-THA-0000934657,12,2,"Cymbidium tigrinum . Flora of Thailand. Vol. 12. Part 2, 2014. Pg. 470. Accessed 2022-04-21",All rights reserved,Forest Herbarium,https://www.dnp.go.th/botany/eflora/floraspecies.html?tdcode=05836
wfo-0000934661,"Epiphytic or lithophytic herb, often with erect aerial roots near the base. Pseudobulbs 5–15 by 2–6 cm, elongate-ovate, bilaterally flattened. Leaves 5–11, sessile, up to 95 by 4 cm, linear elliptic, acute, mid-green. Inflorescence up to 130 cm long, suberect, arching; rachis bearing 10–20 flowers; bracts c. 3 mm long. Flowers up to 15 cm across; scent strong, sweet; sepals and petals yellowish-green to olive-green, strongly stained with irregular, dull, red-brown veins and spots; labellum pale yellow to cream, side lobes veined dark red-brown, mid-lobe marked with scattered spots and vertical dashes of red-brown, with a central reddish stripe almost to the front of the ridges; ridges cream, spotted with red along the crests. Dorsal sepal concave, porrect, 55–80 by 14–19 mm, narrowly obovate, acute; lateral sepals similar, asymmetric and twisted. Petals spreading or reflexed, 54–72 by 8–14 mm, ligulate, usually falcate. Labellum fused to the column for the basal 4–5.5 mm; side lobes 11–16 mm broad, triangular, acute and porrect, margins hairy (hairs over 2 mm long), indumentum otherwise shorter with the hairs mainly pigmented red brown and confined to the veins; mid-lobe 18–21 by 18–30 mm, elliptic, mucronate, recurved, with scattered hairs on the upper surface, except in the centre where there are 3 rows of long hairs from the ridges to the centre of the mid-lobe, margin finely erose, undulate and partially reflexed; ornaments of 2 ridges, tapering towards the base and dilated towards the apex, densely covered in long hairs, with a third line of hairs between them. Column 34–44 mm long; pollinia 2. Capsule up to 15 by 6 cm, fusiform-ellipsoid, stalked, with a 2 cm apical beak.",general,EN,H.Æ. Pedersen et al.,,Forest Herbarium,2022-04-21,Rachun Pooma & Sawita Yooprasert,ref-THA-0000934661,12,2,"Cymbidium tracyanum . Flora of Thailand. Vol. 12. Part 2, 2014. Pg. 472. Accessed 2022-04-21",All rights reserved,Forest Herbarium,https://www.dnp.go.th/botany/eflora/floraspecies.html?tdcode=05837
wfo-0000923224,"Plant up to 53 cm tall. Stems cane-like, erect-spreading, indeterminate in growth, leafy, up to 42 cm long and 2.7 cm in diameter. Leaves 11–19, distichous, ligulate, unequally bilobed at apex, 6–23.5 by 1.9–2.7 cm; sheaths clasping, 3–5.3 cm long. Inflorescences erect, axillary from upper leaf sheaths, 1- or 2-flowered; peduncle covered by sheaths, cymbiform above; rachis up to 4.4 cm long. Flowers 8–8.5 cm across, sepals and petals pale rose-pink with darker margins; labellum white with an orange-yellow disk and purple spots around the margins; pedicel and ovary 28–38 mm long. Dorsal sepal oblong-oblanceolate, acute, mucronate, 71–72 by 24–27 mm; lateral sepals obliquely oblong, acute, mucronate, 64–65 by 21–23 mm, abaxially costate. Petals obliquely oblanceolate, acute, 66–67 by 21–24 mm. Labellum 3-lobed, fused to column for 4 mm, 66–67 by 21–24 mm; side lobes erect, subtriangular, obtuse, minutely hairy adaxially; mid-lobe porrect, ovate-triangular, acute, undulate, 18–19 by 21 mm; ornaments of 2 parallel ridges confluent and triangular in front, papillose. Column slightly curved, c. 46 mm long, papillose; pollinia 2, deeply cleft.",general,EN,H.Æ. Pedersen et al.,,Forest Herbarium,2022-04-21,Rachun Pooma & Sawita Yooprasert,ref-THA-0000923224,12,2,"Cymbidium wadae . Flora of Thailand. Vol. 12. Part 2, 2014. Pg. 472. Accessed 2022-04-21",All rights reserved,Forest Herbarium,https://www.dnp.go.th/botany/eflora/floraspecies.html?tdcode=05838
wfo-4000011069,"Very small to medium-sized epiphytic or lithophytic (rarely terrestrial) herbs with short to elongated rhizomes and 1-leaved, clustered to well-spaced pseudobulbs. Foliage leaves long lived, duplicate or (sub)terete, much longer than pseudobulbs. Inflorescences synanthous (to hysteranthous) or heteranthous, racemose, several- to many-flowered, usually arcuate with nodding to pendent rachis; floral bracts persistent, glumaceous, more or less scarious. Flowers usually distichous, less than 2 cm across, often fragrant, most flowers in an inflorescence open at the same time. Sepals and petals free (except for connate lateral sepals in one Philippine endemic). Labellum versatile or firmly attached, entire to fiddle-shaped or 3-lobed, not sigmoidly curved at base, neither spurred nor saccate (except in one Philippine endemic). Column straight to moderately incurved, with or without a pair of stelids (and often prolonged into an apical wing or hood), with or without a solid column foot; anther subterminal, incumbent, versatile; pollinia 4, superposed, entire, solid, with obscure to distinct caudicles; rostellum more or less protruding, producing neither a stipe nor a viscidium; receptive part of stigma concave with more or less elevated margins. Fruit a short-pedicelled, ellipsoid to spherical capsule dehiscing by longitudinal slits.</br></br>A genus of c. 280 species distributed throughout Malesia and reaching Myanmar in the north-west and Taiwan in the north-east; 4 species in Thailand.",general,EN,H.Æ. Pedersen et al.,,Forest Herbarium,2022-04-21,Rachun Pooma & Sawita Yooprasert,ref-THA-4000011069,12,2,"Dendrochilum  . Flora of Thailand. Vol. 12. Part 2, 2014. Pg. 474. Accessed 2022-04-21",All rights reserved,Forest Herbarium,https://www.dnp.go.th/botany/eflora/floragenus.html?tdcode=05839
wfo-0000941219,"Pseudobulbs clustered on a condensed rhizome, ovoid, 1.3–1.8 cm long, 1–1.3 cm in diameter. Leaves petiolate; petiole 1.2–1.8 cm long; lamina (linear-)lanceolate, (sub)acute, 6.3–9.1 by 1.3–1.4 cm. Inflorescence synanthous; peduncle 3.7–4.5 cm long; rachis 6–7.6 cm long, with 1 appressed non-floriferous bract at base; floral bracts elliptic, acute, mucronate, 4.8–5 mm long, 6- to 7-veined from the base. Flowers (yellowish-)green to greenish-brown with greenish-white column and partially brown labellum. Sepals 3-veined from the base; dorsal sepal lanceolate, acute to acuminate, 6.5–7.1 by 1.6–2 mm; lateral sepals obliquely lanceolate, acuminate, 6.6–7.1 by 1.9–2.3 mm. Petals obliquely lanceolate, acute to acuminate, 6.1–6.3 by 1.7–2.1 mm, subentire, 3-veined from the base. Labellum 3-lobed, 5.6–6.2 mm long, 3.2–3.3 mm wide across side lobes; side lobes falcately linear-triangular, acuminate, 1–1.2 mm long, with erose-dentate hind margins; mid-lobe straight to slightly recurved, broadly elliptic to obovate, rounded, apiculate, 3.4–3.7 mm long, finely rugose-papillose; disk ornamented by 2 fleshy keels united at base with elevated mid-vein to form an M-shape, terminating near the middle of the mid-lobe. Column 3–3.4 mm long, with a bifid apical wing; stelids appearing from the mid portion of column proper, obliquely linear, obliquely subtruncate, reaching the level of the anther or of the apical column wing; anther rounded in front.",general,EN,H.Æ. Pedersen et al.,,Forest Herbarium,2022-04-21,Rachun Pooma & Sawita Yooprasert,ref-THA-0000941219,12,2,"Dendrochilum gracile gracile. Flora of Thailand. Vol. 12. Part 2, 2014. Pg. 475. Accessed 2022-04-21",All rights reserved,Forest Herbarium,https://www.dnp.go.th/botany/eflora/florainfra.html?tdcode=05841
wfo-0000941288,"Pseudobulbs clustered on a condensed rhizome, fusiform (to subterete), 11–12.8 cm long, (0.6–)1.4–1.8 cm in diameter. Leaves petiolate; petiole 7–10 cm long; lamina narrowly and sometimes obliquely (ob)lanceolate, acute, 33.2–42.5 by 3.8–6.2 cm. Inflorescence synanthous; peduncle 20–31 cm long; rachis 15–22.5 cm long, with 1–2 appressed non-floriferous bracts at base; floral bracts broadly ellipsoid, rounded, sometimes mucronate, 3–5.7 mm long, 7- to 15-veined from the base. Flowers pale green to greenish-yellow with whitish-green column and partially brown labellum. Sepals 3-veined from the base; dorsal sepal linear-lanceolate, acuminate, 6.5–8.7 by 2–2.3 mm; lateral sepals obliquely (linear-)lanceolate, acuminate, 6.6–8.1 by 2.3–2.8 mm. Petals obliquely (linear-)lanceolate, subacute to subacuminate, 6.2–7.5 by 1.6–2.1 mm, (sub)entire, 3-veined from the base. Labellum 3-lobed, 5.9–7.5 mm long, 2–2.5 mm wide across side lobes; side lobes obliquely linear-triangular, acuminate, 0.8–0.9 mm long, entire; mid-lobe straight to slightly recurved, broadly elliptic to obovate, acute to abruptly acuminate, 3.7–4.8 mm long, finely rugose-papillose; disk ornamented by 2 low fleshy keels along outer nerves, extending from just above labellum base and terminating on lower portion of mid-lobe, median vein elevated and thickened for a short distance. Column 4.1–4.5 mm long, with a 4-dentate apical wing; stelids appearing from the mid-portion of column proper, obliquely triangular-oblong, very obliquely subacuminate, reaching the level of the anther; anther obtuse to subacuminate in front.",general,EN,H.Æ. Pedersen et al.,,Forest Herbarium,2022-04-21,Rachun Pooma & Sawita Yooprasert,ref-THA-0000941288,12,2,"Dendrochilum longifolium . Flora of Thailand. Vol. 12. Part 2, 2014. Pg. 476. Accessed 2022-04-21",All rights reserved,Forest Herbarium,https://www.dnp.go.th/botany/eflora/floraspecies.html?tdcode=05842
wfo-0000941355,"Pseudobulbs 0.6–5 cm apart on an elongated, often branched rhizome, fusiform to slenderly ovoid or ellipsoid, 1.3–3.3 cm long, 0.2–1.2 cm in diameter. Leaves subsessile to short-petiolate (petiole up to 1.5 cm long); lamina (linear-)lanceolate to oblanceolate (rarely elliptic), acute to obtuse, often mucronate, 4.2–10.8 by 0.8–2.9 cm. Inflorescence heteranthous; peduncle 1–1.9 cm long (almost completely hidden by scale-like cataphylls); rachis 4.8–13.5 cm long, without non-floriferous bracts at base; floral bracts triangular-ovate to semicircular, (sub) acuminate, 1.4–2.8 mm long, 1-veined from the base. Flowers pale yellowish-white to yellow or green. Sepals 2- to 3-veined from the base; dorsal sepal oblanceolate-oblong, obtuse to acute, 2.8–4.7 by 1–1.3 mm; lateral sepals (oblanceolate-)oblong, slightly oblique, obtuse to acute. Petals falcately oblanceolate, rounded to subacute, 2.2–3.5 by 0.7–0.9 mm, 1-veined from the base. Labellum oblong to slightly fiddle-shaped, widest below the middle, obtuse to acute, in its proximal half ornamented by a pair of high, finely rugose-papillose longitudinal keels, otherwise glabrous and smooth. Column 1.2–1.5 mm long, with an emarginate to bifid apical wing; stelids appearing from the mid-portion of column proper, falcately linear-lanceolate, subacuminate, reaching the level of the anther; anther rounded to obtuse in front.",general,EN,H.Æ. Pedersen et al.,,Forest Herbarium,2022-04-21,Rachun Pooma & Sawita Yooprasert,ref-THA-0000941355,12,2,"Dendrochilum pallidiflavens pallidiflavens. Flora of Thailand. Vol. 12. Part 2, 2014. Pg. 477. Accessed 2022-04-21",All rights reserved,Forest Herbarium,https://www.dnp.go.th/botany/eflora/florainfra.html?tdcode=05844
wfo-0000941419,"Pseudobulbs clustered on a condensed rhizome, oblongoid-fusiform to slenderly fusiform, 3.1–5.5 cm long, 0.4–1.6 cm in diameter. Leaves petiolate; petiole 4.5–7.5 cm long; lamina linear-lanceolate, acute to obtuse, 19.7–28.5 by 1.9–2.6 cm. Inflorescence synanthous; peduncle 24.5–26 cm long; rachis 12–15.8 cm long, with 1 non-floriferous bract at base; floral bracts ovate-oblong, acute to acuminate, sometimes mucronate, 3.2–4.8 mm long, 3- to 7-veined from the base. Flowers bright green to whitish. Sepals  3-veined from the base; dorsal sepal linear to linear-lanceolate, acuminate, sometimes mucronate, 6.8–7.7 by 1.4–1.6 mm; lateral sepals linear-lanceolate, slightly oblique, acute, apically keeled and mucronate, 6.3–7.4 by 1.5–1.8 mm. Petals linear, obtuse to acute, 5.9–7.1 by 1.3–1.5 mm, subentire, 3-veined from the base. Labellum linear to slightly fiddle-shaped with erose margins in its proximal half, rounded, the distal half coiled-up like a butterfly’s proboscis, 5.3–6.5 by 1.5–1.6 mm, minutely rugose papillose, ornamented by 2 keels extending from the base to about half-way to the apex of labellum (and sometimes with a shorter and lower median keel). Column 2.7–2.8 mm long, with a 3- to 4-dentate apical wing; stelids subbasal, obliquely linear, rounded to obtuse, reaching the level of the apical column wing; anther acute to acuminate in front.",general,EN,H.Æ. Pedersen et al.,,Forest Herbarium,2022-04-21,Rachun Pooma & Sawita Yooprasert,ref-THA-0000941419,12,2,"Dendrochilum simile . Flora of Thailand. Vol. 12. Part 2, 2014. Pg. 478. Accessed 2022-04-21",All rights reserved,Forest Herbarium,https://www.dnp.go.th/botany/eflora/floraspecies.html?tdcode=05845
wfo-4000011654,"Small terrestrial, mycoheterotrophic achlorophyllus herbs; rhizome tuberous, oblong to fusiform, fleshy, gradually narrowed to apex; roots filiform. Stems simple, erect, slender, leafless, glabrous. Inflorescence terminal, racemose, with 1 to few flowers; peduncle terete; rachis short, congested, sometimes thickened; floral bracts small. Flowers resupinate, small, erect or spreading. Sepals and petals adnate near their base, forming a 2-lobed short tube; upper lobe formed by dorsal sepal and petals, more or less porrect, adnate for around half their length; lower lobe formed by lateral sepals, porrect, weakly spreading or with distal portions deflexed, connate for slightly more than half their length along ventral margins. Labellum 3-lobed or entire and retuse, mostly broader than long, free from sepals and petals; disk with a 2-lobed callus, sometimes papillate distally. Column elongate, glabrous, with long decurved, falcate stelids  on either side of stigma; without column foot; anther incumbent, born on a distinct filament, blunt; pollinia 4 in 2 pairs, granular, without caudicles; stigma near column apex, funnel-shaped; rostellum small, erect, transverse, viscidium well developed. Fruit a capsule, fusiform to oblong; fruit pedicel erect, strongly elongating until seed dispersal.</br></br>A genus of c. 8 species distributed from Indo-China, southern Japan and Taiwan to Borneo and Sumatra; 3 species in Thailand.",general,EN,H.Æ. Pedersen et al.,,Forest Herbarium,2022-04-21,Rachun Pooma & Sawita Yooprasert,ref-THA-4000011654,12,2,"Didymoplexiella  . Flora of Thailand. Vol. 12. Part 2, 2014. Pg. 479. Accessed 2022-04-21",All rights reserved,Forest Herbarium,https://www.dnp.go.th/botany/eflora/floragenus.html?tdcode=05846
wfo-0000943229,"Flowering shoots 20–60 cm tall, erect, dark brown, 3–5 mm in diameter at base, unbranched, nodes with sheaths; sheaths glabrous, ovate, 2–3.5 mm long, acute, chartaceous, base amplexicaul but not very distinct; rhizome fusiform. Inflorescence glabrous; rachis 2–5 cm long, 5- to 10-flowered; bracts triangular-ovate, 1–1.5 mm long, glabrous, caducous. Flowers short- to long-pedicelled, 3–8 mm long; sepals and petals brown with red stripes, white at base of lobes inside. Sepals glabrous; dorsal sepal ovate, 6–7 by 2.5–4 mm, 3-veined, apex obtuse; lateral sepals ovate-oblong, 6–6.5 by 3.5–4.5 mm, 3-veined, apex obtuse. Petals glabrous, orbicular-ovate, more or less of the same size as dorsal sepal, 3-veined. Labellum 3-lobed, 4.5–5 by 6–6.5 mm, with 3 main veins; side lobes white, entire, apex rounded to subtruncate, much  longer than mid-lobe; mid-lobe oblong-lanceolate, apex upcurved, ornamented by a conspicuous yellow 2-lobed callus at base between side lobes. Column white, glabrous, 3–3.5 mm long, erect; with long linear, acute stelids which point downwards on either side of stigma. Capsule dark brown, oblong, 2.5–3.5 cm long, 5–8 mm in diameter.",general,EN,H.Æ. Pedersen et al.,,Forest Herbarium,2022-04-21,Rachun Pooma & Sawita Yooprasert,ref-THA-0000943229,12,2,"Didymoplexiella ornata . Flora of Thailand. Vol. 12. Part 2, 2014. Pg. 480. Accessed 2022-04-21",All rights reserved,Forest Herbarium,https://www.dnp.go.th/botany/eflora/floraspecies.html?tdcode=05847
wfo-0000943230,"Flowering shoots 10–28 cm tall, erect, dark brown, 2–4 mm in diameter at base, unbranched, nodes with 2–3 sheaths; sheaths brown, glabrous, very short; rhizome suboblong; roots often with small globose thickenings. Inflorescence glabrous; rachis 0.5–2.5 cm long, 3- to 12-flowered; bracts triangular, 1–2 mm long, glabrous, persistent. Flowers short- to long pedicelled, 0.2–1.2 cm long, brown; sepals and petals white with light brown apex outside, white inside. Sepals glabrous, minutely tuberculate outside; dorsal sepal ovate, 5–5.5 by 2.5–3 mm, 3-veined, apex obtuse or rounded; lateral sepals obovate-oblong, 5.5–6 by 2–2.5 mm, 3-veined, apex rounded. Petals glabrous, orbicular-ovate, slightly wider than dorsal sepal, 3-veined. Labellum unlobed or obscurely 3-lobed, narrowly wedge-shaped, 4.5–5 by 2–2.5 mm, apex truncate or emarginate, slightly inrolled over 2 large pear-shaped calli at apex, with 3 main veins, the middle part thickened and raised throughout the length, base ornamented by 2 small light purple calli near the base of column; side lobes usually obscure, if present deflexed and much shorter than mid-lobe. Column white, glabrous, 3–4 mm long, erect, with long linear, acute stelids which point downwards on either side of stigma. Capsule brown, oblong, 2–2.5 cm long, 2.5–3.5 mm in diameter.",general,EN,H.Æ. Pedersen et al.,,Forest Herbarium,2022-04-21,Rachun Pooma & Sawita Yooprasert,ref-THA-0000943230,12,2,"Didymoplexiella siamensis . Flora of Thailand. Vol. 12. Part 2, 2014. Pg. 481. Accessed 2022-04-21",All rights reserved,Forest Herbarium,https://www.dnp.go.th/botany/eflora/floraspecies.html?tdcode=05848
wfo-0000943231,"Flowering shoots 10–30 cm tall, erect, dark brown, 2–4 mm in diameter at base, unbranched, nodes with 2–4 sheaths; sheaths brown, glabrous, tubular, 1–2 mm long, chartaceous, base amplexicaul; rhizome fusiform. Inflorescence glabrous; rachis 0.5–1.5 cm long, 3- to 8-flowered; bracts triangular, 0.5–1.5 mm long, glabrous, persistent. Flowers short-to long-pedicelled, 0.2–1.2 cm long, brown; sepals and petals usually brown on both sides, rarely light brown outside and white inside. Sepals glabrous, minutely tuberculate outside; dorsal sepal ovate, 6–8.5 by 3–4 mm, 3-veined, apex acute or obtuse; lateral sepals broadly ovate, 6–7.5 by  3.5–5 mm, 3-veined, apex acute to rounded. Petals glabrous, obliquely orbicular-ovate, much wider than dorsal sepal, 3-veined. Labellum 3-lobed, 6–6.5 by 6.5–7 mm, with 3 main veins; side lobes obliquely quadrangular, 2.5–3 mm broad, white, apex irregularly denticulate, much longer than mid-lobe; mid-lobe suboblong, emarginate, ornamented by a conspicuous white to light purple 2-lobed callus below apex. Column white, glabrous, 3–4 mm long, erect; with long linear, acute stelids which point downwards on either side of stigma. Capsule brown, oblong, 2.5–3 cm  long, 2–3.5 mm in diameter.",general,EN,H.Æ. Pedersen et al.,,Forest Herbarium,2022-04-21,Rachun Pooma & Sawita Yooprasert,ref-THA-0000943231,12,2,"Didymoplexiella trichechus . Flora of Thailand. Vol. 12. Part 2, 2014. Pg. 482. Accessed 2022-04-21",All rights reserved,Forest Herbarium,https://www.dnp.go.th/botany/eflora/floraspecies.html?tdcode=05849
wfo-4000011655,"Small terrestrial, mycoheterotrophic achlorophyllus herbs; rhizome tuberous, horizontal, fusiform to oblong, fleshy; roots filiform, white. Stems simple, erect, slender, leafless, glabrous. Inflorescence terminal, racemose, with 2 to several flowers; peduncle terete; rachis short; floral bracts small, triangular. Flowers resupinate, small, spreading, open in succession, white to pale yellowish-brown. Sepals and petals similar, elliptic-ovate; dorsal sepal and petals united at the very base; lateral sepals united for up to 1/3 of their length and with the base of column foot. Labellum 3-lobed, broadly cuneate, fleshy, attached to the apex of column foot and articulate at joint, apex truncate or slightly emarginate; disk ornamented by irregular papillose calli at base and at apex. Column stout, glabrous, with a distinct column foot, dilated at apex and with 2 wings, wings attenuate into stelids which point downwards on either side of stigma; column foot elongate, with rows of tiny red blotches; anther terminal; pollinia 4, granular; rostellum small, erect, transverse; stigma broad, placed directly below rostellum. Fruit a capsule.</br></br>A genus of 1 species distributed from Hainan to Indo-China; 1 species in Thailand.",general,EN,H.Æ. Pedersen et al.,,Forest Herbarium,2022-04-21,Rachun Pooma & Sawita Yooprasert,ref-THA-4000011655,12,2,"Didymoplexiopsis  . Flora of Thailand. Vol. 12. Part 2, 2014. Pg. 483. Accessed 2022-04-21",All rights reserved,Forest Herbarium,https://www.dnp.go.th/botany/eflora/floragenus.html?tdcode=05850
wfo-0000943232,"Flowering shoots 10–25 cm tall, erect, green, 1–2 mm in diameter at base, unbranched, nodes with 3–5 sheaths; sheaths glabrous, ovate, 1–2 mm long, acute, chartaceous, base amplexicaul; rhizome irregularly fusiform, 3–7 by 0.5–1 cm. Inflorescence glabrous; rachis  0.5–1 cm long, 3- to 10-flowered; bracts triangular-ovate, 0.5–1.5 mm long, glabrous, persistent. Flowers spreading, short- to long-pedicelled, 0.5–1.2 cm long; sepals and petals white, 3-veined. Sepals glabrous; dorsal sepal ovate, 3–5 by 0.8–1.2 mm, apex obtuse; lateral sepals ovate-elliptic, 3.5–5 by 0.9–1.5 mm, apex obtuse to rounded. Petals glabrous, obliquely ovate-elliptic, 3.5–6 by 1–1.2 mm, apex acute to obtuse. Labellum 3-lobed, broadly cuneate, 10–12 by 5–7 mm, attached  to column foot and articulate at joint; side lobes suboblong, white, entire, upwards and inwards curved, apex rounded to subtruncate, much longer than mid-lobe, 4- to 5-veined; mid-lobe short, pale yellowish-brown, apex emarginate, margin undulate; disk ornamented by 2 large irregular papillose calli at base between side lobes and scattered minute calli at apex. Column white, stout, glabrous, 1.5–2 mm long; with long broad stelids which point downwards on either side of stigma; column foot deflexed, 4–5 mm long, with rows of tiny red blotches.",general,EN,H.Æ. Pedersen et al.,,Forest Herbarium,2022-04-21,Rachun Pooma & Sawita Yooprasert,ref-THA-0000943232,12,2,"Didymoplexiopsis khiriwongensis . Flora of Thailand. Vol. 12. Part 2, 2014. Pg. 483. Accessed 2022-04-21",All rights reserved,Forest Herbarium,https://www.dnp.go.th/botany/eflora/floraspecies.html?tdcode=05851
wfo-4000011656,"Terrestrial, achlorophyllous, mycoheterotrophic, rhizomatous, erect herbs; rhizome tuberous, fusiform or moniliform; roots arising from neck between rhizome and aerial stem; aerial stem slender, with a few scale-like sheaths near base, leafless, glabrous. Inflorescence terminal on the new shoot, racemose; floral bracts small. Flowers resupinate, spreading. Sepals and petals connate at base, forming a short tube; upper 3 lobes formed by dorsal sepal and petals, joined for approximately half their length, more or less porrect; lower 2 lobes formed by lateral sepals, joined for more than half their length, porrect, deflexed distally, adnate to column foot; perianth lobes more or less tuberculate. Labellum free from sepals and petals, (sub)entire, without spur, clawed; ornamented by 1 or more basal glands or appendages, sometimes papillate distally. Column elongate, glabrous, winged near top, with a pair of subapical teeth, stelids absent; column foot distinct or short; anther subterminal, born on a short filament, incumbent, blunt; pollinia 4 in 2 pairs, granular, each pair directly attached to a viscidium; stigma broad, funnel-shaped, placed directly below rostellum; rostellum short, erect, transverse, producing 2 viscidia. Fruit an erect capsule; pedicel elongating rapidly during fruit-ripening.</br></br>A genus of c. 12 species distributed from S Africa, tropical Africa, Madagascar and tropical mainland Asia through Malesia to Australia and the SW Pacific islands; 5 species in Thailand.",general,EN,H.Æ. Pedersen et al.,,Forest Herbarium,2022-04-21,Rachun Pooma & Sawita Yooprasert,ref-THA-4000011656,12,2,"Didymoplexis  . Flora of Thailand. Vol. 12. Part 2, 2014. Pg. 484. Accessed 2022-04-21",All rights reserved,Forest Herbarium,https://www.dnp.go.th/botany/eflora/floragenus.html?tdcode=05852
wfo-0000943238,"Flowering shoots 10–12 cm tall, erect; rhizome tuberous, cylindric to fusiform, 3–4 by 0.2–0.6 cm; roots few, filiform, arising from neck at the top of rhizome; aerial stem erect, leafless, slender, with 3–5 scale-like sheaths, glabrous; sheaths tubular, 1–2 mm long, acute. Inflorescence  laxly 5- to 10-flowered, glabrous; floral bracts ovate-triangular, 1.5–3 by 0.8–1.5 mm, acute, caducous. Flowers whitish-brown, campanulate, 1–1.3 cm long, opening in succession (only one at a time); pedicel and ovary 5–6 mm long. Dorsal sepal and petals connate, slightly hooded, free portion shallowly 3-lobed, ovate, obtuse. Lateral sepals connate, free portion deeply 2-lobed, orbicular, reflexed, rounded, base more or less gibbous. Labellum white, subquadrangular, c. 4 by 6 mm, slightly recurved, apical margin entire, subtruncate, lateral margins erect or incurved, slightly erose-crenate, base with short claw and small bilobed gland; without papillae. Column slender, c. 4 mm long, slightly curved, wingless at apex; anther cucullate, smooth; pollinia coarsely granulate; stigma rounded. Capsule not seen.",general,EN,H.Æ. Pedersen et al.,,Forest Herbarium,2022-04-21,Rachun Pooma & Sawita Yooprasert,ref-THA-0000943238,12,2,"Didymoplexis flexipes . Flora of Thailand. Vol. 12. Part 2, 2014. Pg. 485. Accessed 2022-04-21",All rights reserved,Forest Herbarium,https://www.dnp.go.th/botany/eflora/floraspecies.html?tdcode=05853
wfo-0000943244,"Flowering shoots 8–20 cm tall, erect; rhizome tuberous, fusiform or moniliform, usually horizontal, 2–7 by 0.4–0.8 cm; roots few, wiry, arising from neck at the top of rhizome; aerial stem erect, leafless, slender, with 3–6 scale-like sheaths, glabrous; sheaths 1–2.5 mm long, acute. Inflorescence laxly 3- to 15-flowered, glabrous; rachis elongating in fruit; floral bracts ovate, 1–1.5 by c. 1 mm, acute, caducous. Flowers white to pink, narrowly campanulate, 0.6–1 cm long, opening in succession, not opening widely; pedicel and ovary 4–12 mm long. Dorsal sepal and petals connate, forming a hood, free portion shallowly 3-lobed, ovate-oblong, rounded. Lateral sepals connate, free portion 2-lobed, broadly ovate, reflexed, rounded. Labellum white, obovate, 4–5.5 by 3.5–5 mm, apical margin irregularly denticulate, obtuse to rounded, lateral margins erect or incurved; ornamented by longitudinal yellowish-brown warty papillae along the middle part. Column clavate, 4.5–5 mm long, slightly curved, 2-winged at apex; column foot short, not distinct. Capsule cylindric, 1.7–2.5 by 0.4–0.6 cm.",general,EN,H.Æ. Pedersen et al.,,Forest Herbarium,2022-04-21,Rachun Pooma & Sawita Yooprasert,ref-THA-0000943244,12,2,"Didymoplexis micradenia . Flora of Thailand. Vol. 12. Part 2, 2014. Pg. 487. Accessed 2022-04-21",All rights reserved,Forest Herbarium,https://www.dnp.go.th/botany/eflora/floraspecies.html?tdcode=05854
wfo-0000943254,"Flowering shoots 8–25 cm tall, erect; rhizome tuberous, fusiform to moniliform, usually horizontal, 0.9–3 by 0.5–0.7 cm; roots few, wiry, arising from neck at the top of rhizome, often with small globose thickenings; aerial stem erect, leafless, slender, with 1–5 scale-like sheaths, glabrous; sheaths tubular, 2–4 mm long, acute. Inflorescence laxly 2- to 15-flowered, glabrous; rachis elongating in fruit; floral bracts ovate, 2–3 by 1–2 mm, acute or acuminate, caducous. Flowers white, campanulate, 0.5–1.5 cm long, opening in succession; pedicel and ovary 5–12 mm long. Dorsal sepal and petals connate, forming a hood, free portion shallowly 3-lobed, ovate-triangular, obtuse to rounded. Lateral sepals connate, free portion 2-lobed, ovate, reflexed, obtuse to rounded. Labellum white, broadly obovate, 5–5.5 by 6–8 mm, apical margin entire to erose-crenate, subtruncate, lateral margins erect or incurved; ornamented by numerous small yellow warty papillae along the middle part. Column clavate, 4–6 mm long, curved, 2-winged at apex. Capsule cylindric-fusiform, 2–3 cm long.",general,EN,H.Æ. Pedersen et al.,,Forest Herbarium,2022-04-21,Rachun Pooma & Sawita Yooprasert,ref-THA-0000943254,12,2,"Didymoplexis pallens . Flora of Thailand. Vol. 12. Part 2, 2014. Pg. 487. Accessed 2022-04-21",All rights reserved,Forest Herbarium,https://www.dnp.go.th/botany/eflora/floraspecies.html?tdcode=05855
wfo-0001342624,"Flowering shoots 5–15 cm tall, erect; rhizome tuberous, fusiform, usually horizontal, 1.5–2.5 by 0.3–0.5 cm; roots few, wiry, arising from neck at the top of rhizome, to 7 cm long; aerial stem erect, leafless, slender, with 2–5 scale-like sheaths, glabrous; sheaths 1–2.5 mm long, acute. Inflorescence laxly 3- to 5-flowered, glabrous; rachis elongating when more flowers open; floral bracts ovate, 1–2 by 1–1.5 mm, acute, caducous. Flowers white, narrowly campanulate, 1–1.2 cm long, opening in succession, not opening widely; pedicel and ovary 2–6 mm long. Dorsal sepal and petals connate, forming a hood, free portion shallowly 3-lobed, ovate-oblong, obtuse. Lateral sepals connate, free portion 2-lobed, obliquely ovate, reflexed, apex overlapping, acute to obtuse, base more or less gibbous. Labellum light yellow, obovate, 4–5.5 by 3.5–5  mm, apical margin finely erose, rounded, lateral margins erect or incurved; ornamented by a longitudinal yellow band along the middle part, without papillae, base with short claw and large gland, top margin truncate. Column clavate, 6–8 mm long, slightly curved, slightly winged at apex; column foot distinct, 1–2 mm long; anther cucullate, finely tuberculate. Capsule not seen.",general,EN,H.Æ. Pedersen et al.,,Forest Herbarium,2022-04-21,Rachun Pooma & Sawita Yooprasert,ref-THA-0001342624,12,2,"Didymoplexis sirichaii . Flora of Thailand. Vol. 12. Part 2, 2014. Pg. 489. Accessed 2022-04-21",All rights reserved,Forest Herbarium,https://www.dnp.go.th/botany/eflora/floraspecies.html?tdcode=05856
wfo-0000943259,"Flowering shoots 8–15 cm tall, erect; rhizome tuberous, moniliform, usually horizontal, 4–5 by 0.3–0.4 cm; roots few, wiry, arising from neck at the top of rhizome, to 5 cm long, often with small globose thickenings; aerial stem erect, leafless, slender, with 3–5 scale-like sheaths, glabrous; sheaths 1–1.5 mm long, acute. Inflorescence laxly 3- to 5-flowered, glabrous; rachis elongating when more flowers open; floral bracts ovate, 1–1.5 by 1–2 mm, acute, tuberculate outside, caducous. Flowers light brown, narrowly campanulate, 0.8–1 cm long, opening in succession, not opening widely; pedicel and ovary 5–12 cm long. Dorsal sepal and petals connate, forming a hood, free portion shallowly 3-lobed, ovate-oblong, acute. Lateral sepals connate, free portion 2-lobed, oblong-lanceolate, slightly falcate, recurved, apex overlapping, acute, base with a distinct mentum. Labellum light yellow, obovate, 8–9 by 4.5–5.5 mm, apical margin shallowly and coarsely erose, subtruncate, lateral margins erect or incurved; ornamented by a longitudinal yellow slightly rough band along the middle part, apex with 3 low keels, base with long claw and 1 large gland with top margin obtuse. Column clavate, 4–5 mm long, slightly curved, winged at apex; column foot distinct, c. 3 mm long; anther cucullate. Capsule not seen.",general,EN,H.Æ. Pedersen et al.,,Forest Herbarium,2022-04-21,Rachun Pooma & Sawita Yooprasert,ref-THA-0000943259,12,2,"Didymoplexis striata . Flora of Thailand. Vol. 12. Part 2, 2014. Pg. 489. Accessed 2022-04-21",All rights reserved,Forest Herbarium,https://www.dnp.go.th/botany/eflora/floraspecies.html?tdcode=05857
wfo-4000011741,"Terrestrial, rarely lithophytic or epiphytic herbs; rhizome short. Stems tall, clustered, stout, cylindrical, glabrous, leafy above, covered by sheaths below. Foliage leaves many, duplicate, distichous, suberect, elliptic or elliptic-lanceolate, coriaceous, stiff, articulated to a sheathing base. Inflorescence terminal, racemous or sparingly to much branched, many-flowered; peduncle terete, with several sterile bracts; rachis cylindrical; bracts longer than ovaries, spathaceous, conspicuous, papery, caducous. Flowers resupinate, medium-sized, showy but not opening widely; pedicel and ovary cylindrical. Dorsal sepal free, hooded over column. Lateral sepals free, similar to dorsal sepal but oblique. Petals free, linear-lanceolate, smaller than sepals. Labellum 3-lobed, without spur; mid-lobe entire, apex reflexed; disk ornamented by 3–5 smooth to verruculose keels from base to apex of labellum; side lobes erect. Column clavate, somewhat incurved, narrowly winged; without column foot; anther 4-locular; pollinia 8 in 2 groups of 4, solid, bilaterally compressed, without caudicles; stigma semi-circular; rostellum a broad flap, not forming a stipe or viscidium. Fruit a capsule, subglobose to ellipsoid.</br></br>A genus of c. 8 species distributed from Indo-China, Borneo, Maluku, Java, Sumatra, Philippines, Sulawesi to New Guinea; 1 species in Thailand.",general,EN,H.Æ. Pedersen et al.,,Forest Herbarium,2022-04-21,Rachun Pooma & Sawita Yooprasert,ref-THA-4000011741,12,2,"Dilochia  . Flora of Thailand. Vol. 12. Part 2, 2014. Pg. 490. Accessed 2022-04-21",All rights reserved,Forest Herbarium,https://www.dnp.go.th/botany/eflora/floragenus.html?tdcode=05858
wfo-0000943443,"Flowering shoots 1–1.5 m tall, terrestrial or low-growing epiphyte; rhizome short. Stems stout, placed close together on rhizome, 6–7 mm in diameter; sheaths 3–6 cm long, apex acute. Foliage leaves mostly elliptic-lanceolate, the lower ones near stem base ovate, 9–15 by 3–6 cm, apex acute to acuminate, base often sessile. Inflorescence terminal, erect, to 15 cm long, with a few or no branches; peduncle with several sterile bracts; rachis slender, 3–6 cm long; floral bracts ovate-lanceolate, 2–2.5 cm long, apex acute to acuminate, concave. Flowers 10–15, usually facing the same way, not opening widely; pedicel and ovary slender, 10–20 mm long. Sepals lanceolate, 25–30 by 6–8 mm, apex acute, dull yellow inside, more or less purplish-pink outside. Petals similar to sepals but slightly narrower. Labellum yellow or yellowish-green marked with purplish-red, 3-lobed, suboblong, 15–20 by 7–12 mm, ornamented by 3 keels which extend almost the whole length; side lobes triangular, erect, incurved; mid-lobe red with yellow erose margins, ovate, apex recurved. Column yellow with violet spots, 17–19 mm long, slender. Capsule ellipsoid, 2.2–2.5 by 1.5–2 cm.",general,EN,H.Æ. Pedersen et al.,,Forest Herbarium,2022-04-21,Rachun Pooma & Sawita Yooprasert,ref-THA-0000943443,12,2,"Dilochia wallichii . Flora of Thailand. Vol. 12. Part 2, 2014. Pg. 490. Accessed 2022-04-21",All rights reserved,Forest Herbarium,https://www.dnp.go.th/botany/eflora/floraspecies.html?tdcode=05859
wfo-4000012058,"Small to very large terrestrial, autotrophic (east of Wallace’s line also leafless mycoheterotrophic) herbs with underground rhizomes. Stems scrambling or climbing. Leaves numerous, duplicate, distichous, brittle-fleshy. Inflorescences lateral from upper leaf axils, racemose, lax. Flowers resupinate, most or all open at the same time. Sepals and petals subsimilar, with pink to purple or brown spots which are bold on the dorsal surface, weak on the ventral surface. Labellum proximally 3-lobed in front of a concavity or shallow sac; disk pressed tightly against the column, fleshy, ornamented by 1 or 2 calli at base and 2 pubescent lateral keels that mostly converge before terminating on the mid-lobe; side lobes porrect, held alongside the column; mid-lobe usually saddle-shaped, more or less hairy. Column porrect, stout, slightly recurved, without a foot, ventral side concave at base and with a pubescent mound centrally and rounded lateral wings for part of its length; anther versatile; pollinia 2, partly cleft, with tiny caudicles; stipe a V- or U-shaped tegule with 2 arms arising from a rectangular to transversely oblong body; viscidium small, slipper-shaped.</br></br>A genus of c. 21 species distributed from Indo-China across all of Malesia to eastern Australia and the SW Pacific islands; 2 species in Thailand.",general,EN,H.Æ. Pedersen et al.,,Forest Herbarium,2022-04-21,Rachun Pooma & Sawita Yooprasert,ref-THA-4000012058,12,2,"Dipodium  . Flora of Thailand. Vol. 12. Part 2, 2014. Pg. 492. Accessed 2022-04-21",All rights reserved,Forest Herbarium,https://www.dnp.go.th/botany/eflora/floragenus.html?tdcode=05860
wfo-0000944178,"Flowering shoots 40–60(–80) cm tall, slightly compressed, leafy throughout or basal part covered in dry sheaths. Leaves erect; lamina linear, acute, 12.3–23.2 by 0.8–1.6 cm. Inflorescences erect, longer than leaves, 6- to 8-flowered; floral bracts 3–5 mm long. Flowers mainly white to cream with pink to purple spots (column yellow in apical part). Sepals straight to recurved, glabrous; dorsal sepal oblong, obtuse to rounded, 18.1–19.6 by 7–7.3 mm; lateral sepals obliquely (obovate-)oblanceolate, obtuse to acute, 21.3–24.6 by 6.1–7.8 mm. Petals more or less recurved, obliquely oblanceolate, acute, 19–20.9 by 6.1–6.8 mm. Labellum 22.8–25 by 8.4–9 mm when flattened, shallowly saccate at base; disk densely villose-velvety, becoming tomentose distally, basal callus hemispherical and slightly longitudinally furrowed, lateral keels arising from front of callus and merging on base of mid-lobe; side lobes obliquely (linear-)triangular, obtuse to rounded, 1.8–2.5 mm long (measured along the front margin); mid-lobe saddle-shaped, ovate-elliptic when flattened, subacuminate to obtuse, 15.1–17.1 mm long, densely villose throughout its median part, lateral parts glabrous. Column 8–10 mm long, winged in its distal third; anther in front prolonged into a beak about half as long as the body; stipe (tegule) V-shaped, c. 1.5 mm long, arms (linear-)oblong, about twice as long as the body. Ovary (including pedicel) terete, 21–25 mm long.",general,EN,H.Æ. Pedersen et al.,,Forest Herbarium,2022-04-21,Rachun Pooma & Sawita Yooprasert,ref-THA-0000944178,12,2,"Dipodium paludosum . Flora of Thailand. Vol. 12. Part 2, 2014. Pg. 492. Accessed 2022-04-21",All rights reserved,Forest Herbarium,https://www.dnp.go.th/botany/eflora/floraspecies.html?tdcode=05861
wfo-4000013619,"Terrestrial (very rarely lithophytic), sympodial herbs producing erect leafy shoots from a wiry, rooting rhizome. Foliage leaves alternate, sessile, plicate. Inflorescences terminal on leafy shoots, racemose, lax, often secund; rachis pubescent; floral bracts herbaceous. Flowers resupinate, spreading to pendent, mainly greenish or yellowish (sometimes with purple to maroon suffusion or markings). Sepals and petals free; sepals more or less pubescent on the dorsal side. Labellum firmly attached, porrect, differentiated into hypochile and epichile. Column stout (less than 3 times as long as anther), without column foot; anther dorsal, elongated, versatile, yellow; pollinia 2, mealy, partly cleft, pyriform to clavate, devoid of caudicles; rostellum producing a diffuse viscidium, but no stipe; receptive part of stigma flat. Ovary and pedicel more or less pubescent, pedicel twisted through 180. Fruit a capsule dehiscing by 6 longitudinal slits.</br></br>A genus of c. 25 species with a natural distribution encompassing an area ranging from Europe and the Mediterranean through southern and eastern Asia to Japan and NE Russia, an area ranging from the southern corner of the Arabian peninsula to tropical Africa, and an area in western North America (besides, one species has colonized much of North America as a naturalized exotic); 1 species in Thailand.",general,EN,H.Æ. Pedersen et al.,,Forest Herbarium,2022-04-21,Rachun Pooma & Sawita Yooprasert,ref-THA-4000013619,12,2,"Epipactis  . Flora of Thailand. Vol. 12. Part 2, 2014. Pg. 495. Accessed 2022-04-21",All rights reserved,Forest Herbarium,https://www.dnp.go.th/botany/eflora/floragenus.html?tdcode=05863
wfo-0000952029,"Leafy shoots densely gregarious from a branched, creeping rhizome, 18–85 cm tall; stem bearing 2–3 cataphylls, 4–7 sheathing foliage leaves and 0–2 small, non-sheathing leaves. Foliage leaves ovate to elliptic or linear-lanceolate, acute to acuminate, 1.7–11.2 by (0.3–)0.5– 5.8 cm. Inflorescence 1- to 14-flowered; rachis flexuous, 3.5–21 cm long; floral bracts spreading to suberect, ovate to lanceolate or elliptic, acute to acuminate, 5–47 mm long. Flowers long pedicelled, wide-open, mainly greenish-yellow (sepals and petals often with maroon margins, labellum cream to pale yellow and often with orange to maroon markings/suffusion). Sepals shallowly boat-shaped; dorsal sepal lanceolate (to lanceolate-oblong), (sub)acute, 8–10.1 by 2.5–3.9 mm; lateral sepals obliquely ovate to falcately lanceolate, acute, 8.9–11 by 2.7–4.6 mm. Petals recurved (apices often meeting behind the dorsal sepal), lanceolate to oblong, obtuse to rounded, 7–9.4 by 2.3–3.8 mm. Labellum 8.3–9.8 mm long, 6.3–8.2 mm wide across side lobes when flattened; hypochile concave with 2 erect, obliquely oblong to subtriangular, rounded side lobes, in its proximal to middle part ornamented by 2 adjoining keels furnished with tiny orange warts and ending in 2 oblongoid calli; epichile elastically attached, broadly oblanceolate to oblong-subspathulate, obtuse to rounded, ornamented by 2 marginal ridges proximally and a small shiny drop-like callus just above the middle. Column 5.4–6.2 mm long; stigma with 2 low swellings at base. Ovary (including pedicel) slenderly fusiform, 11–17 mm long.",general,EN,H.Æ. Pedersen et al.,,Forest Herbarium,2022-04-21,Rachun Pooma & Sawita Yooprasert,ref-THA-0000952029,12,2,"Epipactis flava . Flora of Thailand. Vol. 12. Part 2, 2014. Pg. 495. Accessed 2022-04-21",All rights reserved,Forest Herbarium,https://www.dnp.go.th/botany/eflora/floraspecies.html?tdcode=05864
wfo-4000013630,"Terrestrial, mycohetrotrophic herbs with a horizontal corm; devoid of roots. Flowering shoots erect; stem hollow, fragile, glabrous, pale brownish-white. Leaves alternate, membranous, scale-like, sheathing (below) or non-sheathing (above). Inflorescence racemose, usually lax; floral bracts membranous, glabrous. Flowers resupinate or non-resupinate, pendent. Sepals and petals free, glabrous. Labellum with (at least partially) papillose ornaments, spurred at base. Column stout, glabrous, without stelids and column foot; anther subterminal, versatile; pollinia 2, granular, longitudinally furrowed, with filiform caudicles; receptive part of stigma flat. Ovary long-pedicelled, glabrous. Fruit a capsule dehiscing by 6 longitudinal slits; pedicel not elongating during fruit ripening.</br></br>A genus of 3–4 species distributed in tropical Africa and from Europe across Siberia to Kamchatka and Japan, further south through E and SE Asia to Malesia, NE Australia and the SW Pacific Islands (east to Fiji); 1 species in Thailand.",general,EN,H.Æ. Pedersen et al.,,Forest Herbarium,2022-04-21,Rachun Pooma & Sawita Yooprasert,ref-THA-4000013630,12,2,"Epipogium  . Flora of Thailand. Vol. 12. Part 2, 2014. Pg. 497. Accessed 2022-04-21",All rights reserved,Forest Herbarium,https://www.dnp.go.th/botany/eflora/floragenus.html?tdcode=05865
wfo-0000952351,"Corm ellipsoid (to oblongoid), 1.4–3.9 cm long, 0.6–1.9 cm in diameter. Flowering shoots 13–48 cm tall; stem 2–9 mm in diameter at base, 1–4 mm just below rachis; scale leaves 5–9. Inflorescence 3- to many-flowered; rachis 4–20 cm long; floral bracts lanceolate to ovate or broadly elliptic, obtuse to acuminate, 5–17.3 by 2–8.7 mm, entire. Flowers resupinate, not opening fully, translucently white, labellum sometimes with purplish markings. Sepals 3-veined from the base; dorsal sepal linear, rounded to subacute, 7.7–10.2 by 1.9–2.1 mm; lateral sepals narrowly linear-lanceolate, slightly oblique, obtuse to subacuminate, 8.4–10.6 by 1.7–1.8 mm. Petals linear-lanceolate, slightly oblique, rounded to subacute, 7.4–9.6 by 2.1–2.3 mm, 3-veined from the base. Labellum boat-shaped, ovate, at apex abruptly tapering into a broad, rounded to obtuse apiculum, 8.9–10.4 by 7.4–8.5 mm when flattened, more or less erose, ornamented by 2 longitudinal, papillose keels throughout its length and distally with a much shorter, papillose median keel; spur parallel to the ovary, cylindric to subclavate, rounded to slightly indented at apex, 3.1–3.6 mm long. Column incurved, 2.4–2.8 mm long; anther strongly vaulted, broadly elliptic-oblong in upper view, rounded to truncate in front, 1.8–2.2 mm long, releasing the pollinia directly onto the stigma. Ovary ellipsoid, 3.5–8.5 mm long; pedicel 1.5–9 mm long. Capsule ellipsoid, 5–8 mm long, 4–6 mm in diameter.",general,EN,H.Æ. Pedersen et al.,,Forest Herbarium,2022-04-21,Rachun Pooma & Sawita Yooprasert,ref-THA-0000952351,12,2,"Epipogium roseum . Flora of Thailand. Vol. 12. Part 2, 2014. Pg. 498. Accessed 2022-04-21",All rights reserved,Forest Herbarium,https://www.dnp.go.th/botany/eflora/floraspecies.html?tdcode=05866
wfo-4000013832,"Epiphytic herbs with pseudobulbous stems, evergreen. Flowering shoots to 70 cm tall. Pseudobulbs adjacent, with several fibrous leaf sheaths. Foliage leaves normally 2 on the apex of the pseudobulb, plicate, perennial, lanceolate-elliptic, petiolate, present during flowering. Inflorescences erect, unbranched or branched, arising from the base of the leafy shoot, usually as long as or longer than the foliage leaves; floral bracts persistent. Flowers few, medium-sized or large, resupinate, strongly veined with red or brown. Dorsal sepal free, hood-like; lateral sepals spreading, basally connate to form a short mentum together with the column foot. Petals free, reflexed. Labellum simple, spurless, without ornaments, mobile. Column with a prominent column foot, glabrous; anther incumbent, versatile, with 8 pollinia in 2 groups of 4.</br></br>A monotypic genus distributed in the eastern Himalayas, Myanmar, Thailand, Vietnam and SW China.",general,EN,H.Æ. Pedersen et al.,,Forest Herbarium,2022-04-21,Rachun Pooma & Sawita Yooprasert,ref-THA-4000013832,12,2,"Eriodes  . Flora of Thailand. Vol. 12. Part 2, 2014. Pg. 499. Accessed 2022-04-21",All rights reserved,Forest Herbarium,https://www.dnp.go.th/botany/eflora/floragenus.html?tdcode=05867
wfo-0000953651,"Flowering shoots 50–70 cm tall. Pseudobulbs conical-ovate, sometimes 5-angled, glabrous, 2.8–4.5 by 2.5–3 cm. Foliage leaves lanceolate-elliptic, acute, glabrous, 48–66 by (2.2–)3.8–6.9 cm; petioles 8–20 cm long. Inflorescences lax, pubescent; peduncles 20–30 cm long; sterile bracts mostly 6, lanceolate, acute, to 3.5 cm long; rachis 20–40 cm long, 4- to 20-flowered; floral bracts lanceolate, acute, 7–16 by 3–7 mm. Flowers 20–25 mm in diameter; fragrant; yellow or green with prominent red or brown longitudinal lines. Sepals elliptic-lanceolate, subacute, pubescent on the dorsal side and subglabrous or sparsely pubescent on the ventral side; dorsal sepal (13.5–)15–18.5 by 3–5 mm; lateral sepals 12–16.5 by 3–6 mm. Petals linear-oblong, obtuse, glabrous, 13–17.5 by 1–2 mm. Labellum entire, elliptic, strongly curved, mobile, apex ornamented by 2 small lateral callosities, glabrous, to 15 by 3–5 mm. Column broadly winged, 5–7.5 mm long, with a column foot 4–7 mm long. Ovary (including pedicel) pubescent and with hair-like ramentae, 28–41 mm long. Capsule ellipsoid, 18–40 by 5–7 mm.",general,EN,H.Æ. Pedersen et al.,,Forest Herbarium,2022-04-21,Rachun Pooma & Sawita Yooprasert,ref-THA-0000953651,12,2,"Eriodes barbata . Flora of Thailand. Vol. 12. Part 2, 2014. Pg. 499. Accessed 2022-04-21",All rights reserved,Forest Herbarium,https://www.dnp.go.th/botany/eflora/floraspecies.html?tdcode=05868
wfo-4000014176,"Terrestrial, sympodial herbs with corms, a fleshy rhizome or pseudobulbs that are naked or covered with thin sheaths; autotrophic or mycoheterotrophic. Foliage leaves permanently absent in mycoheterotrophic taxa; in autotrophic taxa 1 to few per corm or pseudobulb, plicate or duplicate, deciduous, present or absent at the time of flowering; leaf bases usually forming a pseudostem. Inflorescence lateral, erect, racemose or paniculate, lax to moderately dense. Flowers resupinate, all or nearly all open at the same time. Sepals and petals free, more or less spreading, devoid of markings (at least on the dorsal side). Labellum firmly attached, not fused with column, saccate or spurred at base. Column glabrous, straight to slightly incurved, devoid of stelids; column foot flat or spurred, sometimes absent; anther subterminal, incumbent, versatile, usually with 2 small horn-like processes on top; pollinia 2, hard and bony, partly cleft; rostellum producing a strap-shaped, rounded to acute (rarely emarginate) tegule and a usually obtriangular to crescent-shaped or transversely linear viscidium; fertile part of stigma concave. Fruit a capsule dehiscing by longitudinal slits.</br></br>A genus of c. 230 species distributed in tropical and southern Africa, Madagascar, the Mascarenes, the Arabian peninsula, Indo-Malesia (with extensions to adjoining temperate parts of Asia), northern and western Australia, the SW Pacific islands and tropical America; 14 species in Thailand.",general,EN,H.Æ. Pedersen et al.,,Forest Herbarium,2022-04-21,Rachun Pooma & Sawita Yooprasert,ref-THA-4000014176,12,2,"Eulophia  . Flora of Thailand. Vol. 12. Part 2, 2014. Pg. 501. Accessed 2022-04-21",All rights reserved,Forest Herbarium,https://www.dnp.go.th/botany/eflora/floragenus.html?tdcode=05869
wfo-0000959661,"Plant with pseudobulbs above ground (or partly buried). Pseudobulbs obliquely terete conical to (conical-)fusiform, 2.5–8 cm long, 1.3–2.9 cm in diameter. Foliage leaves 3–7, present at anthesis, leaf bases forming a 1–6 cm long pseudostem; free part of each leaf linear to narrowly lanceolate, acute to acuminate, (3–)5.5–20(–44.5) by 0.5–1.4(–1.9) cm. Inflorescence racemose,  (15–)24–74 cm tall, lax, 5- to many-flowered; peduncle green, 7.5–24.5 cm long; floral bracts shorter than ovaries. Flowers suberect to spreading, opening widely, mainly green to brownish-green (labellum white with green margins and maroon veins). Sepals acute to acuminate, sometimes mucronate; dorsal sepal linear to narrowly lanceolate, 11–16.2 by 1.2–3.7 mm; lateral sepals obliquely linear to (ob)lanceolate-linear, 12.2–18.6 by 1.5–3.8 mm. Petals obliquely (linear-)lanceolate, acute to acuminate, sometimes mucronate, 9–13.8 by 1.8–3.7 mm, glabrous. Labellum 3-lobed, 8–12.2 by 5–11.6 mm when flattened, widest across mid-lobe, spurred at  base, glabrous on the ventral surface; mid-lobe obovate to elliptic or suborbicular, rounded, margins undulate; ornaments of 3 entire to somewhat warty keels starting from the labellum base and terminating on the mid-lobe (lateral keels shorter than the median); spur subclavate, straight to slightly incurved, 3–4 mm long. Column 3–4.8 mm long; column foot subequal to column proper, not forming a spur. Ovary (including pedicel) 10–24 mm long. Capsule pendent, (ellipsoid-)fusiform, 2.5–2.9 cm long (excluding pedicel and perianth remnants), 1–1.4 cm in diameter.",general,EN,H.Æ. Pedersen et al.,,Forest Herbarium,2022-04-21,Rachun Pooma & Sawita Yooprasert,ref-THA-0000959661,12,2,"Eulophia andamanensis . Flora of Thailand. Vol. 12. Part 2, 2014. Pg. 502. Accessed 2022-04-21",All rights reserved,Forest Herbarium,https://www.dnp.go.th/botany/eflora/floraspecies.html?tdcode=05870
wfo-0000959667,"Plant with pseudobulbs above ground. Pseudobulbs conical, slightly compressed, c. 6 cm long, c. 3.5 cm in largest diameter. Foliage leaves 4–5, present at anthesis, leaf bases forming a short pseudostem; free part of largest leaf narrowly linear to linear-oblanceolate, acute to acuminate, 20–30 by 1–2 cm. Inflorescence stout, racemose, 25–39 cm tall, lax, 7- to 14-flowered; peduncle green, 16–19 cm long; floral bracts shorter than ovaries. Flowers spreading, opening widely, mainly olive-green flushed dull brown (labellum white with brown markings). Sepals acuminate, mucronate; dorsal sepal linear, 9.4–11 by 1.5–1.8 mm; lateral sepals obliquely linear-lanceolate, 11–12.2 by 1.6–1.9 mm. Petals obliquely (linear-)lanceolate, acuminate, 7.5–8.9 by 1.4–1.9 mm, glabrous. Labellum 3-lobed, 7.4–7.7 by 3.9–4.5 mm when flattened, widest across side lobes, spurred at base, glabrous on the ventral side; mid-lobe oblanceolate, rounded to subtruncate, margins straight; ornaments of 3 fleshy, slightly undulate keels extending from the labellum base to about half-way along mid-lobe; spur subcylindric, slightly complanate, slightly incurved, 3–4 mm long. Column 3.7–4.5 mm long; column foot much shorter than column proper, flat. Ovary (including pedicel) to c. 16 mm long. Capsule not seen.",general,EN,H.Æ. Pedersen et al.,,Forest Herbarium,2022-04-21,Rachun Pooma & Sawita Yooprasert,ref-THA-0000959667,12,2,"Eulophia angustilabris . Flora of Thailand. Vol. 12. Part 2, 2014. Pg. 504. Accessed 2022-04-21",All rights reserved,Forest Herbarium,https://www.dnp.go.th/botany/eflora/floraspecies.html?tdcode=05871
wfo-0000959699,"Plant with underground corms. Corms fusiform to conical, 3.5–7 cm long, 1.3–3.2 cm in diameter. Foliage leaf solitary, produced after anthesis, at base tapering into a c. 35 cm long petiole; lamina linear, acute to acuminate, c. 50 by c. 1.2 cm. Inflorescence racemose, 85–91 cm tall, dense, 16- to 18-flowered; peduncle green, 77–84 cm long; floral bracts subequal to or longer than ovaries. Flowers suberect to nodding, opening about half-way, mainly green to pale  purplish or white (sepals and petals with darker veins, labellum with purple keels and veins). Sepals acute to acuminate; dorsal sepal (linear-)oblanceolate, 12.2–16.6 by 3.2–4 mm; lateral sepals obliquely (linear-)oblanceolate, 13.7–19 by 3.9–5.1 mm. Petals obliquely (rhombic-)obovate, rounded to acute, 10.5–11.2 by 5–6 mm, glabrous. Labellum 3-lobed, 11.5–14 by 7.3–10.9 mm when flattened, widest across side lobes, slightly spurred at base, glabrous on the ventral surface; mid-lobe broadly obovate to suborbicular, retuse to emarginate, margins more or less undulate; ornaments of 2 prominent (proximally confluent) keels extending from bottom of spur to distal part of disk, and 3 warty, keel-like callosities extending from distal part of disk to mid-lobe; spur conical, straight, 1–1.5 mm long. Column 5.5–6 mm long; column foot at least half as long as column proper, not forming a spur. Ovary (including pedicel) 10–17.8 mm long. Capsule not seen.",general,EN,H.Æ. Pedersen et al.,,Forest Herbarium,2022-04-21,Rachun Pooma & Sawita Yooprasert,ref-THA-0000959699,12,2,"Eulophia bicallosa . Flora of Thailand. Vol. 12. Part 2, 2014. Pg. 506. Accessed 2022-04-21",All rights reserved,Forest Herbarium,https://www.dnp.go.th/botany/eflora/floraspecies.html?tdcode=05872
wfo-0000959761,"Plant with underground corms. Corms ovoid to subspherical, 2.5–3.2 cm long, 2–3.5 cm in diameter. Foliage leaves unknown. Inflorescence slender, racemose, 39–43 cm tall, lax, 12- to many-flowered; peduncle maroon without any trace of green, 16–24 cm long; floral bracts shorter than ovaries. Flowers suberect to pendent, opening widely, mainly brown to yellowish-green (labellum with bright yellow disk and mid-lobe). Sepals acute; dorsal sepal linear-oblanceolate, c. 9 by c. 2.5 mm; lateral sepals obliquely linear-lanceolate, c. 9 by c. 2.5 mm. Petals linear to linear-lanceolate, subacute, c. 7.5 by c. 1.5 mm, glabrous. Labellum 3-lobed, 7.5–8 by 4.5–5 mm when flattened, widest across side lobes, spurred at base, glabrous on the ventral side; mid lobe oblong to broadly ovate, rounded, margins straight to slightly undulate; ornaments of 3 low, minutely tuberculate keels extending from the spur mouth to near the labellum apex; spur cylindric, slightly to strongly incurved, c. 3.5 mm long. Column c. 4 mm long; column foot absent. Ovary (including pedicel) 10–15 mm long. Capsule not seen.",general,EN,H.Æ. Pedersen et al.,,Forest Herbarium,2022-04-21,Rachun Pooma & Sawita Yooprasert,ref-THA-0000959761,12,2,"Eulophia chaunanthe . Flora of Thailand. Vol. 12. Part 2, 2014. Pg. 507. Accessed 2022-04-21",All rights reserved,Forest Herbarium,https://www.dnp.go.th/botany/eflora/floraspecies.html?tdcode=05873
wfo-0000959829,"Plant with underground corms. Corms irregularly subterete, 5–7 cm long, 1.1–1.7 cm in diameter. Foliage leaves 2–3, not present at anthesis, leaf bases forming a pseudostem; free part of each leaf linear-lanceolate, acuminate. Inflorescence racemose, 38–96 cm tall, lax, 4- to 13-flowered; peduncle (glaucous-)green flushed reddish, 26–70 cm long; floral bracts shorter than ovaries. Flowers more or less spreading, opening widely, mainly brown to maroon (petals cream turning light brown; labellum pink in centre, green laterally; column white). Sepals rounded to  subacuminate; dorsal sepal elliptic-oblong to broadly oblanceolate, 14–18.9 by 3.8–6.6 mm; lateral sepals obliquely oblong to oblanceolate, 14–20.2 by 3–7 mm. Petals obliquely (ovate-) oblong, rounded, 11.2–16 by 5.3–9.4 mm, glabrous. Labellum entire (to obscurely 3-lobed), ovate, rounded, 10–15 by 8.8–13.8 mm when flattened, broadly saccate at base, glabrous on the ventral side, margins straight to somewhat undulate; ornaments of 2 (in their middle part prominent) entire keels starting from the bottom of the sac and terminating close to the labellum apex. Column 7–9.5 mm long; column foot much shorter than column proper, not forming a spur. Ovary (including pedicel) 14–25 mm long. Capsule not seen.",general,EN,H.Æ. Pedersen et al.,,Forest Herbarium,2022-04-21,Rachun Pooma & Sawita Yooprasert,ref-THA-0000959829,12,2,"Eulophia dufossei . Flora of Thailand. Vol. 12. Part 2, 2014. Pg. 509. Accessed 2022-04-21",All rights reserved,Forest Herbarium,https://www.dnp.go.th/botany/eflora/floraspecies.html?tdcode=05874
wfo-0000959882,"Plant with underground corms. Corms irregularly ovoid to obconical, 3–8 cm long, 3–8 cm in diameter. Foliage leaves 2–4, developing during anthesis, leaf bases forming a 12–30 cm long pseudostem; free part of each leaf oblong-lanceolate to oblong-elliptic, acuminate, 25–50 by 4.5–10 cm. Inflorescence racemose, 30–170 cm tall, lax, many-flowered; peduncle green, 13–70 cm long; floral bracts shorter than ovaries. Flowers spreading to nodding, opening widely, lemon-yellow with purple or crimson spots inside labellum sac. Sepals  acute; dorsal sepal narrowly elliptic, 34.6–35.7 by 13.8–14.3 mm; lateral sepals obliquely elliptic, 35.5–37.5 by 14.9–16.1 mm. Petals obovate, rounded, 28.6–29.1 by 19.2–19.8 mm, glabrous. Labellum 3-lobed, 29.1–30.8 by 26.5–31 mm when flattened, widest across side lobes, saccate at base, verrucose inside sac; mid-lobe broadly spathulate, rounded to retuse, margins straight; ornaments of 3 verrucose keels extending from near the labellum base to about half-way along mid-lobe (median keel sometimes obscure, especially towards the labellum base). Column 16–17 mm long; column foot much shorter than column proper, flat. Ovary (including pedicel) 31–41 mm long. Capsule not seen.",general,EN,H.Æ. Pedersen et al.,,Forest Herbarium,2022-04-21,Rachun Pooma & Sawita Yooprasert,ref-THA-0000959882,12,2,"Eulophia flava . Flora of Thailand. Vol. 12. Part 2, 2014. Pg. 510. Accessed 2022-04-21",All rights reserved,Forest Herbarium,https://www.dnp.go.th/botany/eflora/floraspecies.html?tdcode=05875
wfo-0000959912,"Plant with pseudobulbs above ground (or partly buried). Pseudobulbs (conical-)ovoid to oblongoid, 3–8.5 cm long, 2–4.6 cm in diameter. Foliage leaves 4–5, present at anthesis, leaf bases forming a 1–5 cm long pseudostem; free part of each leaf narrowly linear to linear lanceolate, acuminate, 11–46 by 0.3–1 cm. Inflorescence racemose or paniculate, 39–79 cm tall, lax, 12- to many-flowered; peduncle green, 16–41 cm long; floral bracts shorter than ovaries. Flowers spreading, opening widely, mainly (brownish-)green (labellum white with mostly purplish-red ornaments). Sepals acuminate, often mucronate; dorsal sepal linear-oblanceolate, 10.5–14.3 by 2–3 mm; lateral sepals linear-oblanceolate, slightly oblique to slightly falcate, 11.2–15.5 by 2.2–2.8 mm. Petals obliquely lanceolate, acuminate, 9.6–10.9 by 2.6–3.3 mm, glabrous. Labellum 3-lobed, 10.4–13.5 by 7–8.4 mm when flattened, widest across side lobes, spurred at base, glabrous on the ventral side; mid-lobe broadly elliptic to obovate, rounded to obtuse, often apiculate or mucronate, margins undulate; ornaments of 3–5 prominent, often branched keels extending from the labellum base to the mid-lobe where they produce numerous long tubercles; spur subclavate, slightly incurved, 3.1–3.5 mm long. Column 4.7–5 mm long; column foot much shorter than column proper, not forming a spur. Ovary (including pedicel) 11.2–21 mm long. Capsule pendent, ellipsoid, 1.6–3.1 cm long (excluding pedicel and perianth remnants), 0.7–1.2 cm in diameter.",general,EN,H.Æ. Pedersen et al.,,Forest Herbarium,2022-04-21,Rachun Pooma & Sawita Yooprasert,ref-THA-0000959912,12,2,"Eulophia graminea . Flora of Thailand. Vol. 12. Part 2, 2014. Pg. 511. Accessed 2022-04-21",All rights reserved,Forest Herbarium,https://www.dnp.go.th/botany/eflora/floraspecies.html?tdcode=05876
wfo-0000959933,"Plant with underground corms. Pseudobulbs ovoid to conical, 1.4–2.8 cm long, 1–2.2 cm in diameter. Foliage leaves 2–3, present at anthesis, leaf bases forming a 6–13 cm long pseudostem; free part of each leaf (linear-)lanceolate, acuminate, 11.5–23 by 0.8–3 cm. Inflorescence racemose, 22–35 cm tall, lax, 3- to 11-flowered; peduncle green, 15–26 cm long; floral bracts shorter than, as long as or longer than ovaries. Flowers spreading to suberect, opening widely, mainly (yellowish-)green (petals white, labellum white flushed yellowish-green at base). Sepals acuminate; dorsal sepal linear-lanceolate, 16–21 by 2.8–4 mm; lateral sepals obliquely linear-lanceolate, 16–23 by 3–4 mm. Petals obliquely elliptic-oblong, rounded to acuminate, 12–14 by 3.5–6 mm, glabrous. Labellum 3-lobed, 12–17 by 6–8 mm when flattened, widest across side lobes, spurred at base, densely papillose to tuberculate on all longitudinal veins, indumentum continuing as 5–7 rows onto the mid-lobe; mid-lobe broadly oblong, rounded to retuse, margins straight; labellum devoid of ornaments other than papillae/tubercles; spur cylindrical to subclavate, straight to slightly curved, 2–3 mm long. Column 7–8 mm long; column foot much shorter than column proper, flat. Ovary (including pedicel) 13–27 mm long. Capsule not seen.",general,EN,H.Æ. Pedersen et al.,,Forest Herbarium,2022-04-21,Rachun Pooma & Sawita Yooprasert,ref-THA-0000959933,12,2,"Eulophia herbacea . Flora of Thailand. Vol. 12. Part 2, 2014. Pg. 514. Accessed 2022-04-21",All rights reserved,Forest Herbarium,https://www.dnp.go.th/botany/eflora/floraspecies.html?tdcode=05877
wfo-0000960159,"Plant with underground corms. Corms ellipsoid-fusiform, 1.5–1.8 cm long, 0.5–0.7 cm in diameter. Foliage leaves 3–4, present at anthesis, leaf bases forming a 3–7 cm long pseudostem; free part of each leaf narrowly (oblanceolate-)linear, acute to acuminate, 4–45 by 0.3–0.7 cm. Inflorescence racemose, 25–51 cm tall, lax, 1- to 3-flowered; peduncle green, 20–43.8 cm long; floral bracts shorter than ovaries. Flowers suberect, opening widely, mainly green to purplish-red (labellum white with purple centre). Sepals obtuse to acute; dorsal sepal linear-oblanceolate, 23–28 by 4–6.1 mm; lateral sepals obliquely linear-oblanceolate, 21–28.1 by 4–6 mm. Petals obliquely oblong to oblanceolate, obtuse to acute, 15.5–19.7 by 6–8.9 mm, pubescent along the mid-line on the ventral side. Labellum fiddle-shaped, widest in its distal part, rounded to retuse, 19–25 by 15–17.5 mm when flattened, spurred at base, continuously papillose-pubescent to pilose on major parts of the ventral side, margins straight in proximal part, more or less undulate in distal part; ornaments of 5–7 low (sometimes obscure) keels extending from the labellum base to near the apex; spur cylindric, slightly incurved, 8.5–15 mm long. Column 7–9.2 mm long; column foot absent. Ovary (including pedicel) 14–21 mm long. Capsule not seen.",general,EN,H.Æ. Pedersen et al.,,Forest Herbarium,2022-04-21,Rachun Pooma & Sawita Yooprasert,ref-THA-0000960159,12,2,"Eulophia pauciflora . Flora of Thailand. Vol. 12. Part 2, 2014. Pg. 517. Accessed 2022-04-21",All rights reserved,Forest Herbarium,https://www.dnp.go.th/botany/eflora/floraspecies.html?tdcode=05879
wfo-0000960188,"Plant with underground corms. Corms subspherical, c. 2 cm in diameter. Foliage leaf solitary, present at anthesis, proximal part of petiole together with cataphylls (of which the uppermost one may have a lamina up to 10 cm long) forming a 10–30 cm long pseudostem; lamina linear-lancelate to oblanceolate, acute, 25–45 by 1.9–4.3 cm. Inflorescence racemose, 38–72 cm tall, lax, 7- to 12-flowered; peduncle green, 28–52 cm long; floral bracts shorter than, as long as or longer than ovaries. Flowers nodding to pendent, opening about half-way, mainly cream to greenish-yellow or pale brown (labellum usually mauve to purple). Sepals obtuse; dorsal sepal elliptic, c. 14 by c. 7 mm; lateral sepals obliquely elliptic, c. 14.5 by c. 6 mm. Petals obliquely obovate-elliptic, rounded, c. 11 by 5.8–6.4 mm, glabrous. Labellum linear-oblong, rounded, 14.6–15 by 4.6–6.1 mm when flattened, spurred at base, glabrous on the ventral side, margins straight to slightly undulate; ornaments of 3–5 parallel, low (sometimes obscure) keels extending from (near) the labellum base to near the apex where they become verrucose-tuberculate; spur cylindric, geniculate in its distal part, 3.3–4.5 mm long. Column c. 7 mm long; column foot absent. Ovary (including pedicel) 15–23 mm long. Capsule not seen.",general,EN,H.Æ. Pedersen et al.,,Forest Herbarium,2022-04-21,Rachun Pooma & Sawita Yooprasert,ref-THA-0000960188,12,2,"Eulophia promensis . Flora of Thailand. Vol. 12. Part 2, 2014. Pg. 519. Accessed 2022-04-21",All rights reserved,Forest Herbarium,https://www.dnp.go.th/botany/eflora/floraspecies.html?tdcode=05880
wfo-0000960262,"Plant with underground corms. Corms subterete to more or less ovoid, 1.2–2.8 cm long, 0.5–2 cm in diameter. Foliage leaves 2–4, present at anthesis, leaf bases forming a 1–7 cm long pseudostem; free part of each leaf narrowly linear to linear-lanceolate, acute to acuminate, 4–35 by 0.3–0.7 cm. Inflorescence racemose, 24–43 cm tall, lax, 2- to 8-flowered; peduncle green, 17–30 cm long; floral bracts shorter than or subequal to ovaries. Flowers suberect to  spreading, opening widely, mainly brown (labellum usually pink with green spur, rarely white with pink indumentum; sepals often greenish distally, petals often pink distally). Sepals obtuse to acute; dorsal sepal narrowly oblanceolate, 15.5–17 by 1.1–3.3 mm; lateral sepals obliquely oblanceolate to linear, 15.4–18 by 1.2–3.3 mm. Petals oblong to obliquely oblanceolate, rounded, 10.9–11.5 by 2.4–4.8 mm, glabrous. Labellum oblanceolate to somewhat fiddle-shaped, rounded to emarginate, 11–13.7 by 4–7.7 mm when flattened, spurred at base, almost continuously papillose-pubescent to pilose on the ventral surface, margins straight in proximal part, more or less undulate in distal part; ornaments of 5(–7) low (sometimes obscure) keels extending from the labellum base to near the apex; spur cylindric, straight to slightly incurved, 4–5.2 mm long. Column 4.8–6 mm long; column foot absent. Ovary (including pedicel) 14–25 mm long. Capsule pendent, fusiform, 2.7–3.5 cm long (excluding pedicel and perianth remnants), 0.7–1.1 cm in diameter.",general,EN,H.Æ. Pedersen et al.,,Forest Herbarium,2022-04-21,Rachun Pooma & Sawita Yooprasert,ref-THA-0000960262,12,2,"Eulophia siamensis . Flora of Thailand. Vol. 12. Part 2, 2014. Pg. 520. Accessed 2022-04-21",All rights reserved,Forest Herbarium,https://www.dnp.go.th/botany/eflora/floraspecies.html?tdcode=05881
wfo-0000960273,"Plant with underground corms. Corms subspherical to ellipsoid, 3–4.5 cm long, 1.3–3.9 cm in diameter. Foliage leaves 2–3, present at anthesis, leaf bases forming a 6–31 cm long pseudostem; free part of each leaf narrowly lanceolate, acuminate, 6–52 by 0.7–7.2 cm. Inflorescence racemose, 19–75 cm tall, lax, 6- to 16-flowered; peduncle green, 11–49 cm long; floral bracts shorter than or subequal to ovaries. Flowers spreading, opening half-way or less, mainly rose-coloured to dark reddish-green or purplish-red (petals and labellum often whitish, labellum often with purplish veins and tinged yellow at centre); apochromic forms occur occasionally. Sepals acuminate; dorsal sepal (linear-)lanceolate, 17.3–30 by 4.5–7 mm; lateral sepals obliquely to falcately (linear-)lanceolate, 19.2–34 by 4–5 mm. Petals obliquely ovate to oblanceolate, obtuse to acute, 17.8–23 by 7–8.5 mm, glabrous. Labellum (oblong-) ovate to somewhat fiddle-shaped or weakly 3-lobed, rounded to retuse, 17–27 by 14–15 mm when flattened, spurless, glabrous on the ventral side, margins straight in proximal part, undulate in distal part; ornaments of 5–9 (often low) keels extending from the labellum base to near the apex where they are verrucose. Column 8–10 mm long; column foot subequal to column proper, forming a prominent, obliquely conical spur. Ovary (including pedicel) 14–29 mm long. Capsule not seen.",general,EN,H.Æ. Pedersen et al.,,Forest Herbarium,2022-04-21,Rachun Pooma & Sawita Yooprasert,ref-THA-0000960273,12,2,"Eulophia spectabilis . Flora of Thailand. Vol. 12. Part 2, 2014. Pg. 521. Accessed 2022-04-21",All rights reserved,Forest Herbarium,https://www.dnp.go.th/botany/eflora/floraspecies.html?tdcode=05882
wfo-0000960380,"Plant with an underground rhizome. Rhizome horizontal, fleshy, 7–16 cm long, 1.5–2.5 cm in diameter. Foliage leaves never recorded in Thailand. Inflorescence stout, racemose, 38–74 cm tall, dense to fairly lax, 13- to many-flowered; peduncle purplish-red to yellowish-brown or greenish, 21–47 cm long; floral bracts shorter than, equal to or longer than ovaries. Flowers suberect to nodding, opening widely, dull purplish-red to brownish-yellow. Sepals acuminate; dorsal sepal elliptic, 15–22.4 by 7–11.3 mm; lateral sepals obliquely oblong, 18–24.7 by 5.8–11.5 mm. Petals obliquely obovate, obtuse to acuminate, 12–17.6 by 7–11.1 mm, glabrous. Labellum 3-lobed, 14.8–19 by 14.8–19.8 mm when flattened, widest across side lobes, with a sac-like spur at base, more or less continuously pubescent on ventral surface (except for the marginal zone); mid-lobe (triangular-)semielliptic, obtuse to acute or subacuminate, margins straight to slightly undulate; ornaments of 2 keels extending from spur or proximal part of disk to mid-lobe, in central part of disk raising to form distinct ridges (1–5 other longitudinal veins may be slightly thickened); spur obliquely conical, 4.5–5.8 mm long. Column 7–7.7 mm long; column foot slightly to distinctly shorter than column proper, not forming a spur. Ovary (including pedicel) 12–23 mm long. Capsule not seen.",general,EN,H.Æ. Pedersen et al.,,Forest Herbarium,2022-04-21,Rachun Pooma & Sawita Yooprasert,ref-THA-0000960380,12,2,"Eulophia zollingeri . Flora of Thailand. Vol. 12. Part 2, 2014. Pg. 524. Accessed 2022-04-21",All rights reserved,Forest Herbarium,https://www.dnp.go.th/botany/eflora/floraspecies.html?tdcode=05883
wfo-4000015373,"Terrestrial, achlorophyllus, mycoheterotrophic herbs; rhizome horizontal, tuberous, fusiform to oblong; roots arising from neck between rhizome and aerial stem, filiform; aerial stem erect, with a few scale-like sheaths near base, leafless. Inflorescence terminal, racemose; floral bracts small. Flowers resupinate or non-resupinate. Sepals forming a tubular synsepal, often verrucose outside; distal part shallowly 3-lobed; the 2 anterior lobes separated by a deep sinus. Petals apparently attached on the sinus between dorsal and lateral sepals, usually smaller than sepals (and therefore, in reality, fused with sepals for almost their entire length). Labellum attached to apex of column foot and free from sepals and petals or attached on the sinus between lateral sepals, without spur, usually ornamented by 2 calli near base, often with thickened median  band-like keels or calli distally. Column elongate, winged distally, with a pair of tooth-like stelids at apex, with a distinct column foot; anther born on a filament, incumbent, subquadrate, more or less retuse; pollinia 2, granular, without caudicles; stigma shield-like, born on a raised projection at base of column; rostellum porrect, transverse, producing a suborbicular viscidium. Fruit an erect capsule; pedicel elongating rapidly during fruit ripening.</br></br>A genus of c. 65 species distributed from NE India through E Himalaya, S China, Taiwan, Japan, E Siberia and SE Asia to E Australia and the SW Pacific islands; also in tropical Africa, Madagascar and the Mascarenes; 6 species in Thailand.",general,EN,H.Æ. Pedersen et al.,,Forest Herbarium,2022-04-21,Rachun Pooma & Sawita Yooprasert,ref-THA-4000015373,12,2,"Gastrodia  . Flora of Thailand. Vol. 12. Part 2, 2014. Pg. 525. Accessed 2022-04-21",All rights reserved,Forest Herbarium,https://www.dnp.go.th/botany/eflora/floragenus.html?tdcode=05884
wfo-0000971550,"Flowering shoots 10–40 cm tall, erect; rhizome tuberous, 2–5 by 0.2–0.8 cm; roots 3–5, filiform, to 3 cm long, white, arising from neck at the top of rhizome; aerial stem erect, leafless, slender, with 3–6 scale-like sheaths, glabrous; sheaths tubular at base of stem, bract-like above, 1–2.5 mm long, acute. Inflorescence laxly 3- to 15-flowered, glabrous; floral bracts ovate to ovate-lanceolate, to 5 mm long, tuberculate outside, acute to rounded, concave, caducous. Flowers white to whitish-pink, urn-shaped, 0.8–1 cm long, opening in succession (only one at a time); pedicel and ovary 2–5 mm long. Sepals connate, forming a tube, 9–10 mm by 6–7 mm; free portion shallowly 3-lobed, ovate, rounded, margins erose to laciniate, 3-veined; the 2 anterior lobes separated from each other by a deep sinus; tube slightly gibbous at base. Petals attached on the sinus between dorsal and lateral sepals, ovate, 2.5–3.5 by 2–3 mm, rounded, margins  erose to laciniate, 3-veined. Labellum free, ovate to ovate-oblong, 3.5–5 by 2–3 mm, apical margin irregularly crenate, obtuse to subtruncate, lateral margins erect or incurved, irregularly crenate, base with 2 small subglobose calli; disk ornamented by oblong-ellipsoid keels above the middle on either side of mid-vein, 5- to 7-veined. Column slender, 3–4 mm long, slightly curved, laterally winged towards apex; stelids c. 2 mm long; rostellum a thickened cushion, slightly emarginate. Capsule oblong-ellipsoid, 0.8–1 by 0.4–0.6 cm, with elongated pedicel.",general,EN,H.Æ. Pedersen et al.,,Forest Herbarium,2022-04-21,Rachun Pooma & Sawita Yooprasert,ref-THA-0000971550,12,2,"Gastrodia exilis . Flora of Thailand. Vol. 12. Part 2, 2014. Pg. 526. Accessed 2022-04-21",All rights reserved,Forest Herbarium,https://www.dnp.go.th/botany/eflora/floraspecies.html?tdcode=05885
wfo-0000795455,"Flowering shoots 80–100 cm tall; rhizome horizontal, irregularly cylindric or fusiform, 4–8 by 2–3 cm, pubescent; roots filiform, to 8 cm long; aerial stem erect, slender, with 2–5  distant, scale-like sheaths, glabrous; sheaths tubular at base of stem, bract-like above, 1–3 mm long. Inflorescence laxly 5- to 25-flowered, glabrous; floral bracts (triangular-)lanceolate, 2–5 mm long, punctate outside, caducous. Flowers pale pink to white, tubular, 1–2.2 cm long, opening in succession (only one at a time); pedicel and ovary 2–5 mm long. Sepals subequal, connate, forming a tube, 10–18 by 5–8 mm; lobes ovate-triangular, obtuse to rounded, entire to slightly erose, 3-veined; the posterior lobe slightly hooded; the 2 anterior lobes spreading, separated from each other by a deep sinus; tube slightly gibbous at base. Petals attached on the sinus between dorsal and lateral sepals, orbicular, 2–3 mm in diameter, rounded, erose, 3-veined. Labellum parallel to column, the lower half adnate to lateral sepals, with a pair of linear-oblong, 4–5 mm long papillate calli, the free part ovate, 6–7 by 5–6 mm, slightly 3-lobed, with long claw; mid-lobe oblong, rounded or slightly emarginate, apical margin fimbriate, lateral margins erect or incurved, rounded, entire; disk ornamented by 4–7 elliptic-oblong keels. Column slender, 10–15 mm long; stelids acute; rostellum a thickened cushion, slightly emarginate; stigma at base of column. Capsule ellipsoid to oblong-obovoid, 1–1.5 by 0.4–0.6 cm.",general,EN,H.Æ. Pedersen et al.,,Forest Herbarium,2022-04-21,Rachun Pooma & Sawita Yooprasert,ref-THA-0000795455,12,2,"Gastrodia fimbriata . Flora of Thailand. Vol. 12. Part 2, 2014. Pg. 527. Accessed 2022-04-21",All rights reserved,Forest Herbarium,https://www.dnp.go.th/botany/eflora/floraspecies.html?tdcode=05886
wfo-0001342625,"Flowering shoots 3–10 cm tall, erect or ascending; rhizome tuberous, fleshy, suboblong, 3–4 by 0.5–0.7 cm, pubescent, with fibrous roots; aerial stem leafless, slender, with 2–3 scale-like sheaths, glabrous; sheaths tubular at base of stem, bract-like above, 1–3 mm long, acute. Inflorescence laxly 3- to 5-flowered, glabrous; rachis pinkish-white; floral bracts ovate-lanceolate, to 6 mm long, punctate outside, acute, slightly concave, caducous. Flowers dark pinkish-brown, widely campanulate, 1.8–2.5 cm long, fleshy; pedicel and ovary 8–18 mm long. Sepals connate, forming a tube, 5–6 by 5–7 mm, smooth outside; free portion equally 3-lobed, orbicular-ovate, obtuse to rounded, 3-veined; tube not gibbous at base. Petals attached on the sinus between dorsal and lateral sepals, ovate-oblong or oblong, 3.5–4 by c. 2 mm, obtuse to rounded, margins entire, 1-veined. Labellum adnate to synsepal for most of its length (apparently attached to sinus between lateral sepals), similar to petals, base without calli; disk smooth, without ornaments. Column clavate, c. 4 mm long, with an elongate, forked appendage on ventral surface, 4.5–5 mm long; stelids c. 0.6 mm long, acute, bent backwards. Capsule oblong to oblong-obovoid, 1.8–2.5 by 0.5–0.6 cm, with elongated pedicel.",general,EN,H.Æ. Pedersen et al.,,Forest Herbarium,2022-04-21,Rachun Pooma & Sawita Yooprasert,ref-THA-0001342625,12,2,"Gastrodia phangngaensis . Flora of Thailand. Vol. 12. Part 2, 2014. Pg. 529. Accessed 2022-04-21",All rights reserved,Forest Herbarium,https://www.dnp.go.th/botany/eflora/floraspecies.html?tdcode=05888
wfo-0000808719,"Flowering shoots 3–10 cm tall, erect; rhizome tuberous, fleshy, 1.5–5 by 0.6–1.5 cm, pubescent; roots 2–4, filiform, to 8 cm long, white, arising from neck at the top of rhizome, glabrous; aerial stem erect, leafless, slender, with 2–4 scale-like sheaths, glabrous; sheaths tubular at base of stem, bract-like above, 1.5–5 mm long, acute. Inflorescence laxly 3- to 5-flowered, subumbellate in appearance, glabrous; floral bracts ovate-lanceolate, to 8 mm long, slightly punctate outside, acute, concave, caducous. Flowers white to whitish-cream, obliquely tubular, 1.5–1.8 cm long, not opening widely, fleshy; pedicel and ovary 2–5 mm long. Sepals connate, forming a tube, 10–14 by 6–7 mm, sometimes slightly striated with obscure irregularly warty ridge-like keels outside; free portion shallowly 3-lobed, ovate, verrucose, acute, hooded, margins subentire, vein obscure; the 2 anterior lobes separated from each other by a deep  sinus; tube slightly gibbous at base. Petals attached on the sinus between dorsal and lateral sepals, ovate-oblong, 1.5–2 by c. 1 mm, acute, margins entire, vein obscure. Labellum free, ovate, 4.5–5 by 2–2.5 mm, apical margin irregularly denticulate, acute to obtuse, lateral margins erect, subentire, base with 2 small subglobose calli; disk ornamented by oblong-ellipsoid keels above the middle on either side of mid-vein, 5-veined. Column slender, 4–4.5 mm long, straight, laterally winged towards apex; rostellum lacking; stelids c. 1.5 mm long. Capsule oblong ellipsoid, with elongated pedicel.",general,EN,H.Æ. Pedersen et al.,,Forest Herbarium,2022-04-21,Rachun Pooma & Sawita Yooprasert,ref-THA-0000808719,12,2,"Gastrodia theana . Flora of Thailand. Vol. 12. Part 2, 2014. Pg. 530. Accessed 2022-04-21",All rights reserved,Forest Herbarium,https://www.dnp.go.th/botany/eflora/floraspecies.html?tdcode=05889
wfo-0000971598,"Flowering shoots to 10 cm tall, erect; rhizome tuberous, fleshy, 2.5–3 by 0.8–1 cm, pubescent, with fibrous roots; aerial stem erect, leafless, slender, with 2–3 scale-like sheaths, glabrous; sheaths tubular at base of stem, bract-like above, 2.5–7 mm long, acute. Inflorescence laxly 3- to 5-flowered, subumbellate in appearance, glabrous; rachis dark brown; floral bracts ovate-lanceolate, to 10 mm long, punctate outside, acute, slightly concave, caducous. Flowers pale brown, campanulate, 2.3–2.5 cm long, opening widely, fleshy; pedicel and ovary 8–12 mm long. Sepals connate, forming a tube, 7–10 by 7–8 mm, verrucose outside; free portion 3-lobed, orbicular-ovate, verrucose, dorsal sepal emarginate, 7-veined; the 2 anterior lobes separated from each other by a deep sinus, apex acute, hooded; tube slightly gibbous at base. Petals attached on the sinus between dorsal and lateral sepals, orbicular-ovate, 4.5–5 by 4–5 mm, obtuse, margins erose, 3-veined. Labellum free, ovate-lanceolate, 6–7 by 4–5 mm, apical margin irregularly dentate, concave, blunt acute-obtuse, lateral margins erect, subentire, base with 2 small globose calli; disk ornamented by a thickened emarginate median band above the middle, 7-veined. Column 7–8 mm long, straight, laterally winged at apex; rostellum lacking; stelids c. 1 mm long. Capsule not seen.",general,EN,H.Æ. Pedersen et al.,,Forest Herbarium,2022-04-21,Rachun Pooma & Sawita Yooprasert,ref-THA-0000971598,12,2,"Gastrodia verrucosa . Flora of Thailand. Vol. 12. Part 2, 2014. Pg. 531. Accessed 2022-04-21",All rights reserved,Forest Herbarium,https://www.dnp.go.th/botany/eflora/floraspecies.html?tdcode=05890
wfo-0000971965,"Corms triangular-ovoid, 4–4.5 cm long, 3–3.5 cm in diameter. Leaves 3–4, fully developed (or very nearly so) at the time of flowering, at base forming a distinct (up to 28 cm long) pseudostem; laminas elliptic-oblong to oblanceolate-oblong, (4.1–)11.7–36.2 by (1.8–)4.3–9.1 cm. Inflorescence 11.2–37.5 cm long, usually shorter than the vegetative shoot, 5- to 28-flowered; peduncle 2.5–4.5 mm in diameter, major part freely exposed between 5–7 widely spaced sheaths at the time of flowering; floral bracts acute to acuminate, 5–30 by 1–6.5 mm. Flowers mainly (greenish-)white to purplish-pink (proximal part of labellum usually with maroon to purplish-red or pale brown markings, distal part white to pink or bright yellow with red to maroon markings and/or a sulphur-yellow blotch). Sepals 3- to 5-veined; dorsal sepal oblanceolate-oblong, obtuse to acute, 7.5–17.2 by 2.3–5.7 mm; lateral sepals oblanceolate oblong, slightly oblique, obtuse to acute, 8–19.5 by 2.2–5.9 mm. Petals obovate to oblanceolate-oblong, obtuse to acute, 6.5–16(–19.5) by 2.6–8.6 mm, 5- to 7-veined. Labellum 6.8–15 by 4.1–10 mm in its natural conformation (up to 17.5 mm wide when flattened), sometimes abruptly narrowed about one third below apex, 3.4–7.2 mm wide 2 mm below apex, margin erect to slightly incurved proximally, flat to recurved or revolute distally; apex truncate, retuse; labellum ornamented by a basal, fleshy, V-shaped callus and 2–3 obscure to prominent and occasionally confluent verrucose keels extending from the central to distal part of labellum. Column 3–5.3 mm long. Capsule not seen.",general,EN,H.Æ. Pedersen et al.,,Forest Herbarium,2022-04-21,Rachun Pooma & Sawita Yooprasert,ref-THA-0000971965,12,2,"Geodorum densiflorum . Flora of Thailand. Vol. 12. Part 2, 2014. Pg. 533. Accessed 2022-04-21",All rights reserved,Forest Herbarium,https://www.dnp.go.th/botany/eflora/floraspecies.html?tdcode=05892
wfo-0000971992,"Corms triangular-ovoid, up to 3.2 cm long, up to 2.8 cm in diameter. Leaves 3–4, not fully developed at the time of flowering (and pseudostem not always recognizable at this stage); laminas oblanceolate-oblong, up to 28.7 by 7.2 cm. Inflorescence 7–15(–20) cm long, distinctly shorter than the vegetative shoot, 4- to 16-flowered; peduncle 2.5–4 mm in diameter, completely covered (or very nearly so) by 4–5 closely spaced (often overlapping) sheaths at the time of flowering; floral bracts acuminate, 4–21 by 0.8–5 mm. Flowers mainly white (sepals and petals rarely with a faint greenish hue; proximal part of labellum white with purplish-red to orange markings, distal part yellow). Sepals 3- to 7-veined; dorsal sepal oblanceolate-oblong to obovate oblong, acute, 9.6–18.2 by 2.6–6.9 mm; lateral sepals more or less obliquely lanceolate-oblong, acute, 10–18.7 by 2.8–7.9 mm. Petals oblanceolate-oblong to obovate-oblong, acute 9.3–15.9 by 3.2–9.7 mm, 3- to 7-veined. Labellum 9.5–15.5 by 6–10 mm in its natural conformation (up to 15.5 mm wide when flattened), sometimes (very) abruptly narrowed about one third below apex, 4.5–6.5 mm wide 2 mm below apex, margin erect to slightly incurved proximally, flat to recurved or revolute distally; apex truncate, retuse; labellum ornamented by a basal, fleshy, more or less V-shaped callus and often 2 obscure, verrucose (sometimes confluent) keels in its central and/or distal part. Column 3.5–5.3 mm long. Capsule oblongoid, up to 4 cm long, up to 1.5 cm in diameter.",general,EN,H.Æ. Pedersen et al.,,Forest Herbarium,2022-04-21,Rachun Pooma & Sawita Yooprasert,ref-THA-0000971992,12,2,"Geodorum recurvum . Flora of Thailand. Vol. 12. Part 2, 2014. Pg. 535. Accessed 2022-04-21",All rights reserved,Forest Herbarium,https://www.dnp.go.th/botany/eflora/floraspecies.html?tdcode=05893
wfo-0000971995,"Corms triangular-ovoid, up to 4 cm long, up to 2.7 cm in diameter. Leaves 2–3, not fully developed at the time of flowering (and pseudostem not yet recognizable above ground); laminas oblanceolate-oblong, elliptic-oblong or obovate, 10–30 by 3.4–5.5 cm. Inflorescence  8–33 cm long, usually longer than the vegetative shoot, 2- to 25-flowered; peduncle 2–3.5 mm in diameter, major part freely exposed between 3–5 widely spaced sheaths at the time of flowering; floral bracts acuminate, 3–11 by 0.9–5 mm. Flowers either green to greenish-yellow (often with a yellow blotch on central to distal part of labellum) or mainly white (proximal part of labellum in that case with purplish-red to maroon markings, central to distal part with a bright yellow blotch). Sepals 3- to 5-veined; dorsal sepal oblanceolate-oblong, acute, 7.9–16 by 1.7–6.2 mm; lateral sepals oblanceolate-oblong, slightly oblique, acute, 8.7–16.1 by 2.2–6.3 mm. Petals oblanceolate-oblong to obovate-oblong, acute, 8.1–17.2 by 2.4–7.6 mm, 3- to 7-veined. Labellum 7.5–16.5 by 5.1–8 mm in its natural conformation (up to 14.5 mm wide when flattened), sometimes (very) abruptly narrowed about one third below apex, 2.8–7 mm wide 2 mm below apex, margin erect to slightly incurved proximally, flat to recurved or revolute distally; apex truncate, retuse; labellum ornamented by 2–3 obscure, verrucose (sometimes confluent) keels in its distal part. Column 2.5–4.5(–8) mm long. Capsule oblongoid, up to 3 cm long, up to 1.5 cm in diameter.",general,EN,H.Æ. Pedersen et al.,,Forest Herbarium,2022-04-21,Rachun Pooma & Sawita Yooprasert,ref-THA-0000971995,12,2,"Geodorum siamense . Flora of Thailand. Vol. 12. Part 2, 2014. Pg. 537. Accessed 2022-04-21",All rights reserved,Forest Herbarium,https://www.dnp.go.th/botany/eflora/floraspecies.html?tdcode=05894
wfo-0000971996,"Corms triangular-ovoid, up to 3.8 cm long, up to 2.7 cm in diameter. Leaves 2–3, fully developed (or very nearly so) at the time of flowering, basally forming a distinct (up to 24 cm long) pseudostem; laminas elliptic-oblong to obovate-oblong, (8–)21.9–31 by (2.8–)7–10 cm. Inflorescence 12–33(–41) cm long, usually shorter than the vegetative shoot, 7- to 9-flowered; peduncle c. 4 mm in diameter, major part freely exposed between 3–5 widely spaced sheaths at the time of flowering; floral bracts acuminate, 6–36 by 1–5.5 mm. Flowers mainly cream to pale greenish-yellow (labellum with maroon streaks and lines, in its distal part often merging to form a large maroon blotch). Sepals 5- to 7-veined; dorsal sepal oblanceolate-oblong, acuminate, (16.5–)20–33.8 by 4–7 mm; lateral sepals oblong, slightly oblique, acuminate, 17.8–35 by 3.4–7.2 mm. Petals oblanceolate-oblong, acute, 16.5–31.6 by 5.5–11.2 mm, 5- to 9-veined. Labellum 15.5–24.8 by 7–12 mm in its natural conformation (up to 20 mm wide when flattened), not abruptly narrowed in its distal part, 5–8.8 mm wide 2 mm below apex, margin more or less revolute all way round; apex obtuse to rounded, sometimes retuse; labellum ornamented by a basal, fleshy, broadly V-shaped callus and often 2 verrucose keels, sometimes extending for almost the entire length of labellum. Column 5.5–9.5 mm long. Capsule oblongoid, up to 5 cm long, up to 2 cm in diameter.",general,EN,H.Æ. Pedersen et al.,,Forest Herbarium,2022-04-21,Rachun Pooma & Sawita Yooprasert,ref-THA-0000971996,12,2,"Geodorum terrestre . Flora of Thailand. Vol. 12. Part 2, 2014. Pg. 539. Accessed 2022-04-21",All rights reserved,Forest Herbarium,https://www.dnp.go.th/botany/eflora/floraspecies.html?tdcode=05895
wfo-4000015777,"Epiphytic or terrestrial, autotrophic herbs. Stems elongate, often branching. Foliage leaves many per shoot, distichous, sheathing at base; sheath glabrous or hairy, smooth or verrucose; lamina duplicate, sometimes nearly terete. Inflorescence a subsessile, strongly condensed, 1- to many-flowered raceme, when young enveloped by a transparent, sometimes hairy or verrucose spathe. Flowers resupinate or not. Sepals and petals free, except for the lateral sepals that are often connate at base (rarely also connate with the dorsal sepal). Labellum adnate to proximal part of column, spurred or saccate at base, devoid of ornaments or with a transverse callus at base of the flat part. Column stout, straight to slightly incurved; column foot solid or absent; anther subterminal, incumbent, versatile; pollinia 4, solid, with connate caudicles; rostellum not producing a stipe, but sometimes a diffuse viscidium; receptive part of stigma concave. Ovary glabrous or hairy. Fruit a capsule, circular to triangular in transverse section, dehiscing by longitudinal slits.</br></br>A genus of c. 100 species distributed in Sumatra, Java, Sulawesi, Philippines, Maluku, New Guinea and the SW Pacific islands (east to Samoa), and with isolated records from Thailand and Laos; 1 species in Thailand.",general,EN,H.Æ. Pedersen et al.,,Forest Herbarium,2022-04-21,Rachun Pooma & Sawita Yooprasert,ref-THA-4000015777,12,2,"Glomera  . Flora of Thailand. Vol. 12. Part 2, 2014. Pg. 541. Accessed 2022-04-21",All rights reserved,Forest Herbarium,https://www.dnp.go.th/botany/eflora/floragenus.html?tdcode=05896
wfo-4000016128,"Medium-sized to very large, robust epiphytic, rarely lithophytic or terrestrial herbs. Roots stiff, acuminate, branching, of two types: erect catch-roots that trap detritus, and normal spreading roots. Stems clustered, pseudobulbous, either (1) very elongate, very fleshy and many-leaved, covered in leaf-sheaths or (2) rather short and thick, sometimes of a single node, ovoid, conical or shortly fusiform, not covered in leaf-sheaths, distally few-leaved. Leaves distichous, plicate, long and narrow, flexible, tough and coriaceous, acutely articulated to short sheathing base. Inflorescences lateral, simple, erect, horizontal or pendulous, a laxly many-flowered raceme, flowers mostly open simultaneously; floral bracts triangular, acute, often fleshy and concave, persistent. Flowers resupinate, medium-sized to large, often showy, long-lasting, yellow, variously marked with brown or maroon. Sepals and petals spreading, similar, oblong, sometimes concave, usually obtuse; lateral sepals sometimes falcate. Labellum much smaller, 3-lobed, fused at the base to the base of the column, usually hairy; disk ornamented by 2 or 3 ridges. Column 15–20 mm long, clavate, arcuate, foot absent, but often with a concave basal outgrowth; pollinia 2, deeply cleft, each joined by a caudicle to a separate outgrowth from the laterally extended, more or less crescent-shaped viscidium.</br></br>Approximately 10 species distributed in SE Asia, from Myanmar to Borneo, north to the Philippines and eastwards to New Guinea and the Solomon Islands; 1 species in Thailand.",general,EN,H.Æ. Pedersen et al.,,Forest Herbarium,2022-04-21,Rachun Pooma & Sawita Yooprasert,ref-THA-4000016128,12,2,"Grammatophyllum  . Flora of Thailand. Vol. 12. Part 2, 2014. Pg. 542. Accessed 2022-04-21",All rights reserved,Forest Herbarium,https://www.dnp.go.th/botany/eflora/floragenus.html?tdcode=05897
wfo-0000975153,"A large epiphytic or rarely terrestrial herb, often forming a large clump. Pseudobulbs clustered, erect at first then pendent, stem-like, cylindrical, many-noded, leafy in the apical part, dull yellow, 3–7 m long, c. 5 cm in diameter. Leaves several, arranged in 2 rows, linear, acute, 50–100 by 3 cm, drooping from the base when older. Inflorescences up to 2 m or more long, densely many-flowered, bearing a few well-spaced, distorted, sterile flowers near the base; peduncle stout, cylindrical, up to 1.6 cm in diameter; bracts somewhat reflexed, linear-lanceolate, acute. Flowers almost flat, large, up to 10 cm across; sepals and petals pale or greenish yellow, heavily spotted with maroon-brown, the labellum yellow with red-brown veins on the side lobes and red-brown marks on the mid-lobe; sterile flowers fragrant, with 2 sepals and petals but lacking a labellum and column. Sepals spreading, elliptic-spathulate, obtuse or rounded, 40–55 by 16–20 mm. Petals spreading, elliptic, obtuse, 40–55 by 22–26 mm, with somewhat undulate lateral margins. Labellum 3-lobed, lacking a spur, 25–30 mm long; side lobes erect, curved over the column, obliquely semi-circular-rounded, pubescent on veins; mid-lobe slightly deflexed, ovate, obtuse, 10 mm wide, pubescent on veins; disk ornamented by 3 short ridges. Column 14–20 mm long, with an outgrowth on each side at the base, joined to the base of the labellum to form a saccate hollow. Pedicel and ovary 4–10 cm long, off-white.",general,EN,H.Æ. Pedersen et al.,,Forest Herbarium,2022-04-21,Rachun Pooma & Sawita Yooprasert,ref-THA-0000975153,12,2,"Grammatophyllum speciosum . Flora of Thailand. Vol. 12. Part 2, 2014. Pg. 543. Accessed 2022-04-21",All rights reserved,Forest Herbarium,https://www.dnp.go.th/botany/eflora/floraspecies.html?tdcode=05898
wfo-4000019165,"Normally terrestrial pseudobulbous herbs. Pseudobulbs ovoid and irregularly swollen, adjacent, usually underground. Foliage leaves 1 or 2 on top of the pseudobulb, plicate, erect, linear-lanceolate, puberulous, petiolate, absent during flowering (at least in the only species known from Thailand). Inflorescences erect, arising from the base of the pseudobulb, puberulous; sterile bracts present, sheathing; flower-bearing part racemose, few-flowered; floral bracts  persistent. Flowers large, mostly golden-yellow in extra-Thai species, greenish-brown with  purple markings in the Thai species. Sepals free; dorsal sepal hooded over the column; lateral sepals spreading. Petals free. Labellum spurless, 3-lobed, without ornaments in the Thai species. Column slender, more than 10 mm long, straight or apically forward-curved, puberulous, with a prominent column foot; anther incumbent, versatile, with 8 clavate pollinia. Pedicel not distinctly set-off from ovary.</br></br>Three species in southern India and Sri Lanka and one recently discovered species in Thailand.",general,EN,H.Æ. Pedersen et al.,,Forest Herbarium,2022-04-21,Rachun Pooma & Sawita Yooprasert,ref-THA-4000019165,12,2,"Ipsea  . Flora of Thailand. Vol. 12. Part 2, 2014. Pg. 545. Accessed 2022-04-21",All rights reserved,Forest Herbarium,https://www.dnp.go.th/botany/eflora/floragenus.html?tdcode=05899
wfo-0000217567,"Flowering shoots 12–18.5 cm tall. Pseudobulbs conical, 3‒4.5 by 2‒3.4 cm. Foliage leaves 3‒4, narrowly elliptic-oblong, acute to acuminate, 8.5‒21.1 by 1.6‒3.2 cm, glabrous, shortly petiolate. Inflorescences lax, pubescent; sterile bracts 2–5, tubular, 0.8–1 cm long; rachis short, 1- to 3-flowered; floral bracts ovate-lanceolate, acute, pubescent, 10–15 by c. 6 mm. Flowers greenish-brown with purple markings on the column front side and the labellum side lobes, anther yellow. Sepals elliptic-lanceolate, subacute, pubescent on the dorsal side, papillose-hairy on the ventral side; dorsal sepal hooded, 20–27 by 9–12 mm; lateral sepals similar but slightly narrower, spreading or curved forwards. Petals elliptic-obovate, spathulate with a linear  basal portion, obtuse, 14–27 by 4–5 mm, pubescent. Labellum 15–20 by 21–25 mm, base narrow and sigmoid, 3-lobed above, without keels and calli, pubescent and ciliate on the margins, surface with a longitudinal hairy furrow in its basal part; mid-lobe projecting forwards, rectangular with  truncate apex, 8–12 by 2.6–5 mm; side lobes falcate, subacute, erect, distal margins long-hairy, 10–12 by 3.7–6.5 mm. Column slender in its basal part but widened above, apical part forward-curved, 13–15 mm long; with a 3–5 mm long hairy column foot. Ovary (including pedicel) pubescent, 12–19.5 mm long. Capsule not seen.",general,EN,H.Æ. Pedersen et al.,,Forest Herbarium,2022-04-21,Rachun Pooma & Sawita Yooprasert,ref-THA-0000217567,12,2,"Ipsea thailandica . Flora of Thailand. Vol. 12. Part 2, 2014. Pg. 545. Accessed 2022-04-21",All rights reserved,Forest Herbarium,https://www.dnp.go.th/botany/eflora/floraspecies.html?tdcode=05900
wfo-4000025703,"Epiphytic or lithophytic herbs; rhizome stout, creeping; roots fibrous. Pseudobulbs close together, ovoid-cylindric to conical, sheathed. Foliage leaves 2 per pseudobulb, relatively large, plicate, chartaceous, petiolate, long-lived. Inflorescence racemose, proteranthous, pendulous; peduncle covered by sheaths at anthesis; floral bracts large, persistent. Flowers resupinate, white, large, not opening widely; pedicel and ovary cylindric, 3-ridged. Sepals similar, fleshy, united and saccate at base. Petals shorter and narrower than sepals, base not saccate. Labellum 3-lobed near apex, side lobes erect, embracing column, base saccate and enclosed in basal sac of lateral sepals, mid-lobe ornamented by 2–5 wavy keels near apex. Column curved, long, dilated and flattened at apex, without stelids; anther subterminal, incumbent; pollinia 4, in 2 pairs, waxy, oblong-pyriform, base with flat caudicles; stigma concave; rostellum triangular, prominent, not forming a stipe. Fruit a capsule, with 6 longitudinal ridges, apex with persistent column.</br></br>A genus of 1 species distributed in NE India, Nepal, Bhutan, Myanmar, China, Laos and northern Vietnam; 1 species in Thailand.",general,EN,H.Æ. Pedersen et al.,,Forest Herbarium,2022-04-21,Rachun Pooma & Sawita Yooprasert,ref-THA-4000025703,12,2,"Neogyna  . Flora of Thailand. Vol. 12. Part 2, 2014. Pg. 547. Accessed 2022-04-21",All rights reserved,Forest Herbarium,https://www.dnp.go.th/botany/eflora/floragenus.html?tdcode=05901
wfo-0000250107,"Flowering shoots 25–40 cm tall; rhizome terete, 7–8 mm in diameter. Pseudobulbs ovoid cylindric to conical, 8–15 cm by 1–2 cm, sheathed at base, sheaths membranous. Foliage leaves elliptic-oblanceolate, 15–35 by 3–7 cm, apex acute, base attenuate, lamina glossy green; petiole 3.5–6 cm long. Inflorescence glabrous, to 35 cm long; peduncle 10–25 cm long, with broadly overlapping sheaths at base, sheaths 2–3 cm long; rachis straight or slightly flexuous, 5–12 cm long; floral bracts ovate-orbicular, 15–35 by 5–15 mm, apex obtuse to rounded. Flowers 5–12; pedicel and ovary 8–15 mm long. Sepals white, abaxially ridged, with basal sac; dorsal sepal oblong, 35–45 by 4–8 mm, apex obtuse, 5-nerved; lateral sepals falcate-oblong, slightly narrower than dorsal sepal, apex acute to obtuse, 5-nerved. Petals white, linear, 35–45 by 3–5 mm, apex acute, 3-nerved. Labellum white, 3-lobed, obovate, 35–45 by 20–25 mm; mid-lobe yellow, subreniform, apically cleft; side lobes ovate, rounded; disk ornamented by 2–3 longitudinal wavy bright yellow keels. Column white, 30–40 mm long. Capsule obovoid-ellipsoid, 3–3.5 by 1.5–2 cm.",general,EN,H.Æ. Pedersen et al.,,Forest Herbarium,2022-04-21,Rachun Pooma & Sawita Yooprasert,ref-THA-0000250107,12,2,"Neogyna gardneriana . Flora of Thailand. Vol. 12. Part 2, 2014. Pg. 547. Accessed 2022-04-21",All rights reserved,Forest Herbarium,https://www.dnp.go.th/botany/eflora/floraspecies.html?tdcode=05902
wfo-4000025902,"Terrestrial, rhizomatous herbs; the creeping and ascending stem-like rhizome rooting from its nodes, internodes green, dark green or purple with brown spots or bands. Flowering shoots terminal, erect from a decumbent base, 15−25 cm tall. Foliage leaves 3−5(−7), alternate, sometimes crowded on the distal part of the stem, plicate, glabrous, petiolate; laminas cordate at base. Inflorescence racemose to spicate, glabrous, green with purple or brown spots or bands; bracts oblong-lanceolate. Flowers 5−15, non-resupinate. Sepals subsimilar, connate at the base, curled or more or less reflexed, 3-veined, glabrous, margins undulate. Petals adnate to the sepals  at the base, curled or reflexed. Labellum basally adnate to the column, clawed, sometimes differentiated into hypochile, mesochile and epichile, margins glabrous or pubescent and undulate; proximal part glabrous or pubescent, spurred at base; central part (finely) pubescent to more or less papillose, distal part ornamented by a short or long lamellate tufted crest. Column straight, semiterete with the margins developed into wings; stigma bipartite, flat; rostellum elliptic; stipe and viscidium absent; anther horn-like; pollinia 8 in 2 groups of 4, solid, with caudicles. Fruit a capsule dehiscing by 6 longitudinal slits.</br></br>A genus of c. 11 species distributed from the eastern Himalaya to S China, Indo-China and Malesia; 2 species in Thailand.",general,EN,H.Æ. Pedersen et al.,,Forest Herbarium,2022-04-21,Rachun Pooma & Sawita Yooprasert,ref-THA-4000025902,12,2,"Nephelaphyllum  . Flora of Thailand. Vol. 12. Part 2, 2014. Pg. 549. Accessed 2022-04-21",All rights reserved,Forest Herbarium,https://www.dnp.go.th/botany/eflora/floragenus.html?tdcode=05903
wfo-0000251500,"Flowering shoots 10−20 cm tall, internodes 4−6 by 0.5−0.7 cm, green or dark green with purplish spots or bands. Foliage leaves 1−3, crowded on upper part of stem, uniformly pink, or purplish with pale red spots or bands on upper surface, pink, dark purple or green on lower surface; petiole 3−4 cm long; lamina broadly ovate with cordate base, acute or acuminate, 10−12 by 5−9 cm. Inflorescence spicate, glabrous, ovoid to ellipsoid, densely 5- to 15-flowered; peduncle 6−8 cm long; rachis 4−6 cm long, floral bracts ovate to ovate-lanceolate. Flowers short-pedicelled to subsessile, erect, pink, pinkish or pale pink. Sepals glabrous, similar in shape and size, oblong-lanceolate, 10−12 by 1−2 mm, brown with 3 pink streaks, margin undulate, curled or reflexed. Petals more or less similar to sepals, oblong-lanceolate, 10−12 by 2−3 mm, glabrous, pale brown or pinkish-brown with 3 pink streaks, margin undulate, curled or reflexed. Labellum 15−17 by 10−12 mm, obovate to broadly elliptic, pink, pale pink or yellowish with longitudinal oblong-lanceolate yellow bands, margin glabrous and undulate, proximal to central part finely pubescent, distal part ornamented by 3 low warty keels; spur ovoid, purple or pinkish. Column 5−7 by 4−5 mm; anther 3−3.2 by 2−2.3 mm. Ovary 7−9 by 2−3 mm. Capsule 1.5−2 by 0.5−1 cm.",general,EN,H.Æ. Pedersen et al.,,Forest Herbarium,2022-04-21,Rachun Pooma & Sawita Yooprasert,ref-THA-0000251500,12,2,"Nephelaphyllum pulchrum . Flora of Thailand. Vol. 12. Part 2, 2014. Pg. 549. Accessed 2022-04-21",All rights reserved,Forest Herbarium,https://www.dnp.go.th/botany/eflora/floraspecies.html?tdcode=05904
wfo-0000251507,"Flowering shoots 15−25 cm tall, internodes 2−4 by 0.3−0.5 cm, green with brown spots or bands. Foliage leaves 1−3, crowded on upper part of stem, pink or purplish, sometimes with pale red spots or bands on upper surface, pink, dark purple or green on lower surface; petiole  2−3 cm long; lamina ovate with more or less cordate and often oblique base, acute or acuminate, 4−10 by 2−6 cm. Inflorescence spicate, oblongoid, laxly 8- to 15-flowered; peduncle 5−6 cm long; rachis 3−5 cm long, floral bracts ovate-lanceolate. Flowers short-pedicelled to subsessile, drooping, green to greenish-yellow. Sepals glabrous, similar in shape and size, oblanceolate, 7−8 by 2−3 mm, green at base and yellowish or yellowish-green at margin with 3 dark green streaks, margin straight, apex curled down or slightly reflexed. Petals more or less similar to sepals, oblanceolate, 8−9 by 2−3 mm, glabrous, green at base and yellowish or yellowish-green at apex with 3 dark green streaks, margin straight, apex slightly reflexed. Labellum 9−10 by 4−5 mm, differentiated into a channelled hypochile and a more or less flat epichile, yellowish or yellowish-green; hypochile finely pubescent in 2 more or less confluent rows and with hairy margins; epichile ornamented by a tuft of high fat papillae; spur globular, dark green. Column 3−5 by 2−3 mm; anther c. 2 by 2 mm. Ovary c. 5 by 1 mm. Capsule 1.5−2 by 0.5−1 cm.",general,EN,H.Æ. Pedersen et al.,,Forest Herbarium,2022-04-21,Rachun Pooma & Sawita Yooprasert,ref-THA-0000251507,12,2,"Nephelaphyllum tenuiflorum . Flora of Thailand. Vol. 12. Part 2, 2014. Pg. 550. Accessed 2022-04-21",All rights reserved,Forest Herbarium,https://www.dnp.go.th/botany/eflora/floraspecies.html?tdcode=05905
wfo-4000025965,"Small to medium-sized terrestrial herbs. Tuber globose, corm-like, few-noded. Stem giving rise to an inflorescence and a leaf in succession, the subterranean portion producing lateral runners during the leafing period. Runners slender, producing daughter tubers at apex. Leaf solitary; leaf lamina horizontal, held flush with or well above ground level, cordate, orbicular, reniform or elliptic, palmately veined, membranous or fleshy, glabrous or pubescent, base cordate, apex acute, obtuse, or rounded, borne on a short or elongate petiole-like stalk. Inflorescence erect, terminal, slender or stout, usually slightly fleshy, glabrous; peduncle with 1 to several tubular sheaths, elongating during fructification in 1-flowered species; rachis 1-, 2- or several-flowered. Flowers resupinate or not, erect or nodding. Sepals and petals free, similar, linear-lanceolate, oblanceolate or elliptic. Labellum distinctly or obscurely 3-lobed or occasionally simple, glabrous or pubescent, sometimes with a central ridge, base sometimes shallowly saccate (or spurred in some African species), apex entire or fimbriate. Column parallel to labellum, elongate, clavate, not winged; anther terminal, incumbent, helmet-shaped, 2-locular; pollinia 2, cleft, sectile, mealy; caudicles absent; viscidium reduced; rostellum broad, sometimes reduced or absent; stigma shield-shaped to orbicular. Fruit dehiscing by 6 longitudinal slits.</br></br>A genus of c. 70 species occurring in tropical and southern Africa, the Cape Verde Islands, Madagascar and the Mascarenes, the Arabian Peninsula (Yemen), S Asia, the Himalayas and southern China, Taiwan and western Japan, continental SE Asia, the Philippines, Malaysia, Indonesia, Papua New Guinea, tropical Australia and the SW Pacific islands; 10 species in Thailand.",general,EN,H.Æ. Pedersen et al.,,Forest Herbarium,2022-04-21,Rachun Pooma & Sawita Yooprasert,ref-THA-4000025965,12,2,"Nervilia  . Flora of Thailand. Vol. 12. Part 2, 2014. Pg. 553. Accessed 2022-04-21",All rights reserved,Forest Herbarium,https://www.dnp.go.th/botany/eflora/floragenus.html?tdcode=05906
wfo-0000251639,"Tuber white-cream to beige, 12.5–32.6 mm in diameter, 3- to 5-noded. Leaf lamina held well above ground level, green, occasionally with purple markings, orbicular-cordate, 5.2–17.5 by 5.5–21.2 cm, membranous, glabrous, more than 20-veined, base deeply cordate, apex acute; petiole-like stalk erect, 5.5–22.5 cm long, up to 4 mm in diameter. Inflorescence 16.2–30.8 cm long, laxly to sub-densely 4- to 16-flowered; peduncle green or purplish, 2–4.5 mm in diameter, bearing 2 or 3 tubular sheaths; floral bracts reflexed, linear-lanceolate, 8.5–15 by 1–2 mm. Flowers resupinate, nodding, opening widely; pedicel 1.2–4.9 mm long; ovary 2.3–7.8 mm long, distinctly ridged. Sepals and petals yellowish-green, often with purple venation, narrowly elliptic to linear-oblanceolate, 3-veined, apex acute; sepals (11.2–)14–22.2 by 2–4 mm; petals (10–)12.6–21.5 by 2–3.8 mm. Labellum pale yellowish-green flushed white above the middle, with purple-mauve, brown or green venation, oblong, obovate or rhombic, (10.3–)12–17.5 by 4.1–11 mm, 3-lobed above the middle; lateral lobes loosely embracing the column, ovate to triangular, 1.8–2 by 2–2.8 mm, apices acute; mid-lobe triangular, ovate or sub-quadrate, 2.6–5.5 by 3–7.4 mm, entire, apex acute; labellum ornamented by sparse to dense villous hairs along the main veins or in a central band. Column pale yellowish, sometimes flushed mauve, arching, 6.5–9.2 mm long; anther 1–2 mm in diameter; pollinia c. 1.5 mm long; rostellum protruding; stigma shield-shaped. Capsule ellipsoid, narrowly winged, c. 11.4 mm long, c. 7 mm in diameter.",general,EN,H.Æ. Pedersen et al.,,Forest Herbarium,2022-04-21,Rachun Pooma & Sawita Yooprasert,ref-THA-0000251639,12,2,"Nervilia aragoana . Flora of Thailand. Vol. 12. Part 2, 2014. Pg. 555. Accessed 2022-04-21",All rights reserved,Forest Herbarium,https://www.dnp.go.th/botany/eflora/floraspecies.html?tdcode=05907
wfo-0000251657,"Tuber yellowish-white, 5.8–14.2 mm in diameter, 3- to 5-noded. Leaf lamina flush with ground level or held a short way above, dull green above, pale green beneath, reniform, 2.3–5.9 by 3.4–7.6 cm, membranous, sparsely setulose above, glabrous beneath, 5-, 7-, 9- or 11-veined, base cordate, apex rounded; petiole-like stalk erect, pale green, 1.5–3.5 cm long, c. 2  mm in diameter. Inflorescence 5–9.5 cm long, 1-flowered; peduncle greenish-beige, c. 1.5 mm in diameter, bearing 2 tubular sheaths; floral bract erect, linear-lanceolate, 2.8–8.2 by 0.5–0.8 mm. Flower erect, not resupinate, opening widely; pedicel 1.5–3 mm long; ovary 3.5–5.9 mm long. Sepals and petals pale yellowish-green or whitish-beige, sometimes with purple venation, narrowly elliptic to oblanceolate, 3-veined, apex acute; sepals 13.5–23.1 by 2.2–4 mm; petals slightly falcate, 12–18 by 2–3 mm. Labellum white flushed pink, lavender or magenta at the apex, sometimes with a patch of yellow or orange at the centre, obovate-flabelliform, 12.4–16.8 by 8–12.2 mm, 3-lobed above the middle; lateral lobes loosely embracing the column, ovate triangular, 2–3.2 by 2.5–2.8 mm, apices rounded-obtuse; mid-lobe sub-quadrate to broadly elliptic, 4–5.5 by 6–7.4 mm, margin irregularly fimbriate; labellum ornamented by sparse lanate hairs along the main veins on lateral lobes and (more densely) towards the apex of the mid lobe. Column white, sometimes tinged mauve, straight, 4.6–8.2 mm long; anther 1.5–2.8 mm in diameter; pollinia c. 1 mm long; rostellum protruding; stigma shield-shaped. Capsule ellipsoid, c. 11 mm long, c. 6.5 mm in diameter.",general,EN,H.Æ. Pedersen et al.,,Forest Herbarium,2022-04-21,Rachun Pooma & Sawita Yooprasert,ref-THA-0000251657,12,2,"Nervilia crociformis . Flora of Thailand. Vol. 12. Part 2, 2014. Pg. 557. Accessed 2022-04-21",All rights reserved,Forest Herbarium,https://www.dnp.go.th/botany/eflora/floraspecies.html?tdcode=05908
wfo-0000251658,"Tuber whitish, 6–10 mm in diameter. Leaf lamina held more or less flush with ground level, light green on both surfaces, reniform, 2–4.5 by 3–5.5 cm, glabrous, with 11 or more main veins, base cordate, margin undulate, apex rounded; petiole-like stalk erect, 0.8–2.5 cm long. Inflorescence 7–9 cm long, 2- or 3-flowered; peduncle green, bearing 1 or 2 tubular sheaths, each 1.2–1.5 cm long; floral bracts 2–3 mm long. Flowers erect, not resupinate, opening weakly or widely; pedicel and ovary 4–7 mm long. Sepals and petals light green, elliptic to linear-oblong, apex acute; sepals 13–15 by 1.8–2.4 mm; petals c. 12 by c. 2 mm wide. Labellum pale yellowish-green at base, tinged white at the apex, oblong, c. 13 by 3–5 mm, simple or obscurely 3-lobed above the middle, apical margin fimbriate; labellum ornamented by papillae along central 3 or 5 veins; papillae longer and denser towards the apex of the labellum. Column white, erect, straight, 7–8 mm, slightly dilated at the apex; anther orbicular, c. 1.2 mm in diameter; pollinia c. 0.8 mm long; rostellum reduced and obscure; stigma semi-circular. Capsule not seen.",general,EN,H.Æ. Pedersen et al.,,Forest Herbarium,2022-04-21,Rachun Pooma & Sawita Yooprasert,ref-THA-0000251658,12,2,"Nervilia cumberlegei . Flora of Thailand. Vol. 12. Part 2, 2014. Pg. 559. Accessed 2022-04-21",All rights reserved,Forest Herbarium,https://www.dnp.go.th/botany/eflora/floraspecies.html?tdcode=05909
wfo-0000251670,"Tuber whitish, 10–15 mm in diameter. Leaf lamina held well above ground level, green on both surfaces, orbicular-cordate, c. 4.5 by c. 4 cm, membranous, glabrous, with 21 veins, base cordate-rounded, margin undulate, apex acute; petiole-like stalk erect or flexuous, green, c. 11.5 cm long, sulcate, c. 2 mm in diameter. Inflorescence c. 22 cm long, laxly 3-flowered; peduncle green, c. 2 mm in diameter, bearing 3 tubular sheaths; floral bracts reflexed, linear-lanceolate, c. 12.4 by c. 1.3 mm. Flowers resupinate, nodding, not opening widely; pedicel and ovary 4.2–6.3 mm long, ridged. Sepals and petals pale green with purple venation, narrowly oblong-obovate, 3-veined, apex acute; sepals c. 10.2 by c. 2 mm; petals c. 9.5 by c. 2.2 mm. Labellum white with purple-brown venation, rhombic to obtriangular, c. 9 by c. 5.3 mm, 3-lobed above the middle; lateral lobes erect and embracing column, triangular, c. 1.4 by c. 1.1 mm, apices acute; mid lobe transversely elliptic, c. 1.4 by c. 2.6 mm, margin entire, apex truncate-rounded; labellum ornamented by a thick villous band extending from the base of the labellum to the apex of  the mid-lobe. Column slender, arched, dilated at the apex, 5–7 mm long; anther c. 1.5 mm in diameter; rostellum protruding; stigma shield-shaped. Capsule not seen.",general,EN,H.Æ. Pedersen et al.,,Forest Herbarium,2022-04-21,Rachun Pooma & Sawita Yooprasert,ref-THA-0000251670,12,2,"Nervilia fordii . Flora of Thailand. Vol. 12. Part 2, 2014. Pg. 560. Accessed 2022-04-21",All rights reserved,Forest Herbarium,https://www.dnp.go.th/botany/eflora/floraspecies.html?tdcode=05910
wfo-0000251688,"Tuber beige, 6.6–10 mm in diameter, 3- or 4-noded. Leaf lamina held a short way above the ground, light green with purple-maroon streaks along the veins above, uniformly green beneath, polygonal-cordate and cornutely-toothed at tips of main veins, 2.2–5.2 by 2.7–5.3 cm, membranous, glabrous, 7-veined, base cordate, apex acute; petiole-like stalk erect, green, sometimes tinged purple, 1.2–4.2 cm long, c. 2 mm in diameter. Inflorescence 6.8–10.5 cm long, 1-flowered; peduncle purplish-brown with purple flecks, 1.2–1.8 mm in diameter, bearing 1 or 2 tubular sheaths; floral bract oblong-elliptic, 3–5 by 1–1.2 mm. Flower resupinate, nodding, usually opening widely; pedicel 1.5–2.5 mm long; ovary 2–4.5 mm long. Sepals and petals purplish-brown with purple flecks, narrowly elliptic to linear-lanceolate, 3-veined, apex acute; sepals 14–16 by 2–2.3 mm; petals slightly falcate, 13.6–14.4 by 1.4–1.8 mm. Labellum white suffused purple-magenta, tinged green near the base and with a white central strip, narrowly oblong-obovate, 13–14.8 by 4.8–5.0 mm, 3-lobed at the middle; lateral lobes tightly embracing the column, ovate-triangular, 0.8–1.5 by 1–1.5 mm, apices acute; mid-lobe obovate, 6.8–7.5 by 4.2–4.6 mm, margin entire, apex obtuse; labellum ornamented by short papillae throughout and with a strip of longer papillae borne on a raised ridge extending to the apex of the mid-lobe. Column white suffused pink, straight, 7.5–8. mm long, with a patch of short hairs below the stigma; anther 1.2–1.5 mm in diameter; pollinia c. 1 mm long; rostellum protruding; stigma  shield-shaped. Capsule not seen.",general,EN,H.Æ. Pedersen et al.,,Forest Herbarium,2022-04-21,Rachun Pooma & Sawita Yooprasert,ref-THA-0000251688,12,2,"Nervilia infundibulifolia . Flora of Thailand. Vol. 12. Part 2, 2014. Pg. 562. Accessed 2022-04-21",All rights reserved,Forest Herbarium,https://www.dnp.go.th/botany/eflora/floraspecies.html?tdcode=05911
wfo-0001329550,"Tuber beige, 8–17.8 mm in diameter, 3- to 5-noded. Leaf lamina held above ground level, uniformly apple-green or purple, cordate-polygonal, 4.8–6.7 by 5.5–6.8 cm, membranous, glabrous, 5- or 7-veined, base deeply cordate with basal lobes overlapping, apex acute; petiole-like stalk erect, 2.4–3.2 cm long, 2.2–3 mm in diameter. Inflorescence 4.2–8.5 cm long, 1-flowered; peduncle 1.5–2.8 mm in diameter, bearing 2 or 3 tubular sheaths; floral bract narrowly triangular-lanceolate, 4–4.9 by 2–2.4 mm, apex acute. Flower erect, opening widely, slightly fragrant; pedicel and ovary 6–8.3 mm long, c. 2.3 mm in diameter. Sepals and petals brownish-beige tinged greenish, oblong-elliptic, linear-lanceolate or linear-oblanceolate, 3-veined, apex acute; sepals 15.4–20.2 by 2.6–4 mm; petals slightly oblique, 15–18.8 by 3–3.5 mm. Labellum white with a slender strip of apple-green or yellow-green along the central ridge and purple-violet dots either side, oblong-obovate or oblong, 15.3–19 by 6.5–9.5 mm, with a small, rounded lobe on  either side near the base, basal third embracing the column, slightly decurved above the middle, margins entire, apex truncate-rounded and shallowly retuse; basal lobes sometimes obscure, 1–1.5 mm long, c. 0.5 mm wide, apex obtuse; labellum ornamented by dense minute papillae, with a longitudinal ridge extending almost to the apex. Column white, clavate, straight, 7.5–8.8 mm long; anther c. 2 mm in diameter; pollinia c. 2.2 mm long; rostellum protruding; stigma shield-shaped. Capsule not seen.",general,EN,H.Æ. Pedersen et al.,,Forest Herbarium,2022-04-21,Rachun Pooma & Sawita Yooprasert,ref-THA-0001329550,12,2,"Nervilia khaoyaica . Flora of Thailand. Vol. 12. Part 2, 2014. Pg. 564. Accessed 2022-04-21",All rights reserved,Forest Herbarium,https://www.dnp.go.th/botany/eflora/floraspecies.html?tdcode=05912
wfo-0000251704,"Tuber c. 10 mm in diameter. Leaf not seen. Inflorescence 6–15 cm long, 2-flowered; peduncle greenish-purple, 1–2.8 mm in diameter, bearing 1 or 2 tubular sheaths; floral bracts reddish. Flower resupinate, nodding, opening weakly or widely; pedicel and ovary 6–7.5 mm long, slightly ridged. Sepals and petals green, sometimes flushed red, narrowly elliptic to elliptic-obovate, 3-veined, apex acute; sepals 11.5–13.8 by 2.2–3 mm; petals slightly falcate, 11–12.8 by 1.8–2.5 mm, 3-veined, apex acute. Labellum white with green or purplish veins, sometimes with a pale yellow ridge on the disk, rhombic-obovate, 9–11 mm long, 5.4–6.5 mm wide, 3-lobed at the middle (sometimes obscurely so), base cuneate, slightly swollen; lateral lobes loosely embracing the column, ovate-triangular, 1–1.5 mm long, c. 1.5 mm wide, apices sub-acute; mid-lobe ovate, 3.5–5 mm long, c. 2–4 mm wide, margin entire, apex obtuse to sub-acute; labellum ornamented by sparse villous hairs at the base, becoming dense in a widening band that extends to the apex of the mid-lobe. Column white, slightly arched above the middle, 6–7.5 mm long; anther 1–1.8 mm in diameter; pollinia c. 1.2 mm long; stigma shield-shaped; rostellum protruding at the apex of the stigma. Capsule not seen.",general,EN,H.Æ. Pedersen et al.,,Forest Herbarium,2022-04-21,Rachun Pooma & Sawita Yooprasert,ref-THA-0000251704,12,2,"Nervilia maculata . Flora of Thailand. Vol. 12. Part 2, 2014. Pg. 564. Accessed 2022-04-21",All rights reserved,Forest Herbarium,https://www.dnp.go.th/botany/eflora/floraspecies.html?tdcode=05913
wfo-0000251724,"Tuber whitish-beige, 12.5–32 mm in diameter, 3- to 5-noded. Leaf lamina flush with ground level or held a short way above, dark purple, brown or green with irregular olive-green or purple markings above, pale green or purple beneath, broadly ovate-reniform, 3.2–12.5 by 3.8–14.6 cm, coriaceous, pubescent along veins, 20-veined or more, base cordate, apex rounded or acute; petiole-like stalk erect, pale green, sometimes tinged purple, 0.7–3.5 cm long, 3–4 mm in diameter. Inflorescence 10.3–18.6 cm long, 2- (or rarely 3-)flowered; peduncle beige to dull maroon, c. 2 mm in diameter, bearing 2 or 3 tubular sheaths; floral bracts linear-lanceolate, one longer than the other, the longer one 3.1–12.5 by 0.4–1.2 mm, the shorter one c. 2 mm long. Flowers resupinate, nodding, opening widely; pedicel 2.2–5 mm long; ovary 4–6.8 mm  long, ridged. Sepals and petals greenish-beige to brownish-purple, narrowly elliptic to linear lanceolate, apex acute to acuminate; sepals 22.8–34.9 by 2–4.4 mm, 3- or 5-veined; petals 21.8–33.5 by 1.8–2.8 mm, 3-veined. Labellum white with a longitudinal yellow strip, or with pink purple venation and suffused purple-rose or yellow along the centre, rhombic-ovate, 13.5–21.6 by 5.8–14.9 mm, obscurely 3-lobed at or above the middle; lateral lobes loosely embracing the column, rounded; mid-lobe broadly ovate, 5.5–8 by 4.8–7 mm, margin entire, apex obtuse rounded or truncate, longitudinally folded at the apex; labellum without ornaments. Column white, arched above the middle, 8.5–11.5 mm long; anther 1.2–2 mm in diameter; pollinia c. 1.8 mm long; rostellum protruding; stigma shield-shaped, concave. Capsule fusiform, 6-ridged, 14–16 mm long, c. 8 mm in diameter.",general,EN,H.Æ. Pedersen et al.,,Forest Herbarium,2022-04-21,Rachun Pooma & Sawita Yooprasert,ref-THA-0000251724,12,2,"Nervilia plicata . Flora of Thailand. Vol. 12. Part 2, 2014. Pg. 566. Accessed 2022-04-21",All rights reserved,Forest Herbarium,https://www.dnp.go.th/botany/eflora/floraspecies.html?tdcode=05914
wfo-0000251727,"Tuber beige, 4.5–10 mm in diameter, 3- to 5-noded. Leaf lamina held a short way above the ground, green, slightly tinted purple beneath, polygonal-cordate, 2.5–4.9 by 2.4–5.2 cm, membranous, glabrous, 7-veined, base deeply cordate with basal lobes sometimes overlapping,  apex acute; petiole-like stalk erect, green, 1.4–4 cm long, 1–2 mm in diameter. Inflorescence 5.5–9.4 cm long, 1-flowered; peduncle purplish-brown or purplish-green, c. 1 mm in diameter, bearing 1 or 2 tubular sheaths; floral bract erect, linear-lanceolate, 2.5–4.2 by 0.5–1.2 mm. Flower resupinate, nodding, opening weakly or widely; pedicel 1.5–2.4 mm long; ovary 2–3 mm long. Sepals and petals reddish- or brownish-green flecked purple, narrowly elliptic, 3-veined, apex acute; sepals 10.5–13.8 by 1.5–3 mm; petals 9–13.5 by 1.2–1.5 mm. Labellum white with violet or mauve spots on the mid-lobe, narrowly oblong-oblanceolate, 10–13.3 by 2.5–6.5 mm, 3-lobed at the middle; lateral lobes tightly embracing the column, triangular, 1–1.8 mm long, c. 1 mm wide, apices acute; mid-lobe obovate, 5.5–6.8 by 2.2–4.2 mm, margin entire, apex obtuse to sub-acute; labellum ornamented by minute papillae throughout and with a raised central band of longer papillae extending to midway along the mid-lobe. Column white, straight, 5–6.6 mm long; anther 0.8–1.2 mm in diameter; pollinia c. 0.8 mm long; rostellum protruding; stigma shield-shaped. Capsule not seen.",general,EN,H.Æ. Pedersen et al.,,Forest Herbarium,2022-04-21,Rachun Pooma & Sawita Yooprasert,ref-THA-0000251727,12,2,"Nervilia punctata . Flora of Thailand. Vol. 12. Part 2, 2014. Pg. 568. Accessed 2022-04-21",All rights reserved,Forest Herbarium,https://www.dnp.go.th/botany/eflora/floraspecies.html?tdcode=05915
wfo-0001339920,"Tuber beige, 7–20 mm in diameter, 2- to 7-noded. Leaf lamina held above ground level, purple-bronze when new, turning green, cordate-polygonal, 2.7–5.2 by 3–6 cm, membranous, glabrous, 7- or 9-veined, base deeply cordate with basal lobes sometimes overlapping, apex acute or obtuse; petiole-like stalk erect, 4–8 cm long, 1.6–3 mm in diameter. Inflorescence 8.1–14.5 cm long, 1-flowered; peduncle 1.8–2 mm in diameter, bearing 3 or 4 tubular sheaths; floral bract oblong-ovate, 4.6–5.9 by 1.7–2.2 mm, apex acute. Flower nodding, opening widely; pedicel and ovary 5.2–8.3 mm long. Sepals and petals brown or red-purple with maroon flecks outside, ochre inside, oblong-elliptic or elliptic-obovate, apex acute; sepals 18–24.5 by 4.6–5.2 mm; petals 18.7–25 by 4.1–4.7 mm. Labellum lilac-purple sometimes with sparse white mottling, white along the central ridge, spathulate, 20.7–25 by 8.8–12.3 mm, 3-lobed below the middle, saccate at the base; lateral lobes rolled upwards and embracing the column, triangular-ovate, 1.6–2.1 mm long, apices acute; mid-lobe orbicular, 11.6–12.5 by 11–12.3 mm, margin entire but slightly undulate, apex truncate-rounded or slightly emarginate; labellum ornamented by a central ridge that extends almost to the apex of the mid-lobe, the ridge pubescent below the lateral lobes, glabrous elsewhere. Column white flushed purple, clavate, straight, 9.5–11.5 mm long; anther c. 2 mm in diameter; pollinia c. 2 mm long; rostellum protruding; stigma shield-shaped, raised. Capsule not seen.",general,EN,H.Æ. Pedersen et al.,,Forest Herbarium,2022-04-21,Rachun Pooma & Sawita Yooprasert,ref-THA-0001339920,12,2,"Nervilia umphangensis . Flora of Thailand. Vol. 12. Part 2, 2014. Pg. 569. Accessed 2022-04-21",All rights reserved,Forest Herbarium,https://www.dnp.go.th/botany/eflora/floraspecies.html?tdcode=05916
wfo-4000027461,"Epiphytic herbs; rhizome erect or pendulous. Pseudobulbs arising from near the apex of the previous pseudobulb, cylindric to subcylindric. Foliage leaves 2 per pseudobulb, arising from pseudobulb apex, plicate, chartaceous or coriaceous, petiolate. Inflorescence racemose, proteranthous or synanthous, many-flowered, pendulous; peduncle sheathed; rachis straight or weakly zig-zag; floral bracts scarious, caducous or persistent. Flowers resupinate, small to medium in size, often white, with or without yellowish-brown markings. Sepals free, spreading, abaxially carinate. Petals subequal to sepals. Labellum 3-lobed, saccate at base, with or without  keels or ridges, side lobes usually clasping base of column. Column conspicuously elongated, slender, incurved, dilated at apex, without stelids; anther subterminal; pollinia 4, solid, with caudicles; stigma cup-shaped; rostellum large. Fruit a capsule.</br></br>A genus of c. 5 species distributed from NE India, Nepal, Bhutan, Myanmar and S China to Indo-China; 3 species in Thailand.",general,EN,H.Æ. Pedersen et al.,,Forest Herbarium,2022-04-21,Rachun Pooma & Sawita Yooprasert,ref-THA-4000027461,12,2,"Otochilus  . Flora of Thailand. Vol. 12. Part 2, 2014. Pg. 570. Accessed 2022-04-21",All rights reserved,Forest Herbarium,https://www.dnp.go.th/botany/eflora/floragenus.html?tdcode=05917
wfo-0000261550,"Plant epiphytic. Pseudobulbs subcylindric, 1.5–9.5 by 0.8–1.4 cm, with longitudinal ridges when dry, enclosed by tubular sheaths when young, rooting at nodes. Foliage leaves 2 per pseudobulb, arising from pseudobulb apex, narrowly oblong to oblong-lanceolate, 5–18 by 0.8–2.5 cm, apex acuminate, base attenuate, lamina glossy green, coriaceous; petiole 1–2 cm long. Inflorescence proteranthous or synanthous, glabrous, to 15 cm long; peduncle 2.7–6.5 cm long; rachis slender, weakly zig-zag, laxly 5- to many-flowered; floral bracts ovate-lanceolate, 5–12 by 2–5 mm, acute, obtuse or subtruncate, caducous. Flowers white, sometimes with yellowish-brown spots at base of labellum epichile; pedicel and ovary 5–10 mm long. Sepals similar, oblong-lanceolate; dorsal sepal 7–8(–10) by 2–3 mm, acute, 5- to 7-nerved; lateral sepals slightly oblique, acute to acuminate, 5- to 7-nerved. Petals narrowly oblong-lanceolate, 6–8 by 1–2 mm, acute or acuminate, 3-nerved. Labellum 3-lobed, 5.5–8 mm long, saccate at base; mid lobe oblong, apiculate, deflexed from base, more or less papillate adaxially; side lobes broad, not much longer than broad, acute, finely papillose outside, clasping base of column; sac ornamented by a median thickened longitudinal ridge inside. Column slender, 4–7 mm long, winged and dilated at apex; rostellum broadly ligulate. Fruit ellipsoid to obovoid-ellipsoid, 1–1.2 by 0.4–0.8 cm, ridged.",general,EN,H.Æ. Pedersen et al.,,Forest Herbarium,2022-04-21,Rachun Pooma & Sawita Yooprasert,ref-THA-0000261550,12,2,"Otochilus albus . Flora of Thailand. Vol. 12. Part 2, 2014. Pg. 570. Accessed 2022-04-21",All rights reserved,Forest Herbarium,https://www.dnp.go.th/botany/eflora/floraspecies.html?tdcode=05918
wfo-0000261555,"Plant epiphytic. Pseudobulbs pendulous, subfusiform to cylindric, 3–6 by 0.8–1.5 cm, rugose, enclosed by fibrous sheaths, longitudinally wrinkled when dry, rooting at nodes. Foliage leaves 2 per pseudobulb, arising from pseudobulb apex, narrowly oblong to linear-lanceolate, 10–18 by 0.8–1.2 cm, apex acute or acuminate, base attenuate, lamina glossy green, coriaceous; petiole 1–1.5 cm long. Inflorescence proteranthous, glabrous, to 18 cm long; peduncle 3–7 cm long; rachis slender, ridged, laxly 15- to many-flowered; floral bracts ovate-linear, 7–9 by 1.5–3 mm, acute or broadly obtuse, subpersistent. Flowers white, sometimes with pale yellow spots at base of labellum epichile; pedicel and ovary 4–6 mm long. Sepals subsimilar; dorsal sepal oblong, 7–8 by 2–2.5 mm, obtuse, 5-nerved; lateral sepals slightly oblique, narrower than dorsal sepal, acute to acuminate, 5-nerved. Petals narrowly linear-oblanceolate, 5–7 by 1.2–1.3 mm, obtuse or acute, 3-nerved. Labellum 3-lobed, 4–7 mm long, saccate at base; mid-lobe narrowly elliptic-oblong, acute or acuminate, deflexed; side lobes erect, longer than broad, acute to rounded, edges sometimes erose, clasping base of column, their bases united by a transverse ridge, nearly closing access to sac; sac without ornaments inside. Column uniformly slender, cylindric through most of its length, 4–6 mm long, slightly winged and dilated at apex; rostellum shortly ovate. Fruit obovoid-ellipsoid, 0.7–1 by 0.4–0.5 cm, ridged.",general,EN,H.Æ. Pedersen et al.,,Forest Herbarium,2022-04-21,Rachun Pooma & Sawita Yooprasert,ref-THA-0000261555,12,2,"Otochilus fuscus . Flora of Thailand. Vol. 12. Part 2, 2014. Pg. 572. Accessed 2022-04-21",All rights reserved,Forest Herbarium,https://www.dnp.go.th/botany/eflora/floraspecies.html?tdcode=05919
wfo-0000261559,"Plant epiphytic. Pseudobulbs fusiform to cylindric, 3–10 by 0.8–2 cm, longitudinally wrinkled when dry, rooting at nodes. Foliage leaves 2 per pseudobulb, arising from pseudobulb apex, elliptic to elliptic-lanceolate, 7–19 by 2.5–6.5 cm, apex obtuse or acute, base cuneate, lamina glossy green, coriaceous; petiole 0.8–2.5 cm long. Inflorescence proteranthous or synanthous, glabrous, to 20 cm long; peduncle 5–10 cm long; rachis slender, arching, laxly 10- to many-flowered; floral bracts obovate-oblanceolate, 5–10 by 6–8 mm, acute or obtuse, caducous. Flowers white, sometimes with yellowish-brown spots at base of labellum epichile; pedicel and ovary 5–8 mm long. Sepals similar, oblong to oblong-lanceolate; dorsal sepal 10–12 by 2–3 mm, acute, 5- to 7-nerved; lateral sepals more or less the same size as dorsal sepal, acute, 5- to 7-nerved. Petals linear to narrowly oblong, 10–13 mm by 0.7–1 mm, acute, 3-nerved. Labellum 3-lobed, 8–10 mm long; mid-lobe ovate-lanceolate to oblong-lanceolate, acute; side lobes suboblong, erect, rounded to obliquely truncate, not clasping back of column; sac ornamented by 3 lamella-like keels extending from base of labellum to base of mid-lobe, with 2 extra short keels on base of mid-lobe. Column slender, 8–10 mm long, winged and dilated at apex; rostellum narrowly lanceolate. Fruit obovoid-ellipsoid, 1.8–2 by 0.8–0.9 cm, ridged.",general,EN,H.Æ. Pedersen et al.,,Forest Herbarium,2022-04-21,Rachun Pooma & Sawita Yooprasert,ref-THA-0000261559,12,2,"Otochilus porrectus . Flora of Thailand. Vol. 12. Part 2, 2014. Pg. 574. Accessed 2022-04-21",All rights reserved,Forest Herbarium,https://www.dnp.go.th/botany/eflora/floraspecies.html?tdcode=05920
wfo-4000027714,"Terrestrial herbs, deciduous, with fleshy underground rhizome with tuber-like swellings at the stem bases, giving rise to separate flowering and leafy shoots. Foliage leaves erect, narrow, usually shorter than the inflorescence, plicate, petiolate, often withered at flowering. Inflorescences erect, racemose, to just under 1 m tall, with several sterile bracts; rachis few- to many-flowered; floral bracts persistent. Flowers medium-sized, resupinate, somewhat nodding, pubescent, not opening widely. Sepals  free, subequal; lateral sepal bases forming a small mentum. Petals similar but narrower. Labellum fleshy, 3-lobed, attached to the apex of the column foot, saccate at the base, disk and mid-lobe ornamented by papillae and tuberculate keels. Column stout, less than 10 mm long, pubescent, with versatile anther, with 8 clavate waxy pollinia. Pedicel distinctly set-off from ovary.</br></br>A small genus distributed through the whole of tropical and extratropical SE Asia to New Caledonia. Although 28 species have been described, only 3−5 are currently recognised by most botanists; 1 species in Thailand.",general,EN,H.Æ. Pedersen et al.,,Forest Herbarium,2022-04-21,Rachun Pooma & Sawita Yooprasert,ref-THA-4000027714,12,2,"Pachystoma  . Flora of Thailand. Vol. 12. Part 2, 2014. Pg. 575. Accessed 2022-04-21",All rights reserved,Forest Herbarium,https://www.dnp.go.th/botany/eflora/floragenus.html?tdcode=05921
wfo-0000262221,"Flowering shoots (26–)35–98 cm tall. Foliage leaves 1–2, linear-lanceolate, acute, 35–50 by 0.9–1.7 cm. Inflorescences semi-dense, pubescent though sometimes very sparsely so, often pink or purple; sterile bracts 8–18, erect or semi-erect, enveloping most of the stem, lanceolate oblong, acute, membranous, 3–9.7 cm long; rachis (4–)8‒20-flowered, (4–)6–25 cm long; floral bracts lanceolate, acute, membranous, 10–32 by 2–4 mm. Flowers usually pink or purplish pink, labellum often yellow or with yellow patch, flowers also recorded as cream-coloured or greenish-white, yellow or yellowish-green with violet markings. Sepals elliptic-lanceolate, subacute or acute, pubescent; dorsal sepal 8–12(–13.5) by 2.5–4.3 mm; lateral sepals gibbous at the base, 8–11(–12.5) by 2–4.6 mm. Petals linear-spathulate, obtuse to acuminate, pubescent,  8–12(–14) by 1.2–2(–2.8) mm. Labellum 3-lobed in the upper half, 7–11 by 5–6.5 mm; mid-lobe oblong, 2–5 by 1.8–4 mm; side lobes oblong-ovate, acute, suberect, 1.5–2.5(–3) by 1.5–2.2(–2.8) mm, inserted above the labellum middle; basal sac to 1 mm long; labellum ornaments of 3 or 5 tuberculate keels. Column slightly incurved, with prominent apical wings and a column foot, 5–7 mm long. Ovary (4–)6–9 mm long, distinct from the 2.5–5 mm long pedicel; both parts pubescent, green or violet. Capsule ellipsoid, pubescent, 8–10 by 4–5 mm.",general,EN,H.Æ. Pedersen et al.,,Forest Herbarium,2022-04-21,Rachun Pooma & Sawita Yooprasert,ref-THA-0000262221,12,2,"Pachystoma pubescens . Flora of Thailand. Vol. 12. Part 2, 2014. Pg. 576. Accessed 2022-04-21",All rights reserved,Forest Herbarium,https://www.dnp.go.th/botany/eflora/floraspecies.html?tdcode=05922
wfo-4000027884,"Epiphytic or lithophytic herbs; rhizome creeping, short. Pseudobulbs close together, 1 internode, cylindric to ovoid-globose. Foliage leaves 1–2 per pseudobulb, arising from pseudobulb apex, conduplicate, narrowly elliptic to linear-lanceolate, thinly coriaceous,  petiolate to subsessile. Inflorescence racemose, proteranthous, synanthous or heteranthous, 1- or 2-flowered in all species known from Thailand, erect to decurved; floral bracts shorter than ovaries, membranous, persistent. Flowers resupinate, small to medium in size, variously colored. Sepals similar, free, lateral sepals often oblique or slightly narrower and longer. Petals similar to sepals, often shorter and narrower. Labellum entire or 3-lobed, side lobes small, not embracing column, more or less sigmoidly curved at base, often ornamented by short, low to lamella like keels. Column slender, slightly incurved, as long as or much shorter than labellum, with or without stelids; column foot short or almost absent; anther overhanging; pollinia 4, waxy, obliquely obovoid, with caudicles; stigma cup-shaped; rostellum large, not producing a stipe. Fruit a capsule, ellipsoid to obovoid.</br></br>A genus of c. 12 species distributed in the Indian subcontinent, Bhutan, Myanmar, S China and Indo-China; 4 species in Thailand.",general,EN,H.Æ. Pedersen et al.,,Forest Herbarium,2022-04-21,Rachun Pooma & Sawita Yooprasert,ref-THA-4000027884,12,2,"Panisea  . Flora of Thailand. Vol. 12. Part 2, 2014. Pg. 578. Accessed 2022-04-21",All rights reserved,Forest Herbarium,https://www.dnp.go.th/botany/eflora/floragenus.html?tdcode=05923
wfo-0000263794,"Plant epiphytic, 10–15 cm tall. Pseudobulbs ovoid, 1–2 by 0.5–1 cm, erect or suberect. Foliage leaves 1–2 per pseudobulb, narrowly elliptic, 3–8 by 0.8–1.5 cm, apex acute, base attenuate, lamina glossy green; petiole 0.5–0.8 cm long. Inflorescence heteranthous, glabrous, to 7 cm long; peduncle 1–2.5 cm long, with membranous sheaths at base, sheaths 0.8–1.5 cm long; floral bracts narrowly ovate, 5–6 by 1.5–2 mm, apex acute. Flowers 1–2, pale orange, greenish or white; pedicel and ovary 7–15 mm long. Sepals abaxially keeled; dorsal sepal ovate-lanceolate, 8–12 by 2–3 mm, apex acute, 5-nerved; lateral sepals oblong-lanceolate, more or less in the same size as dorsal sepal, apex acute, 3-nerved. Petals lanceolate, 8–10 by 2 mm, apex acute to acuminate, 3-nerved. Labellum 3-lobed, broadly oblong to obovate, 8–9 by 5–6 mm, with a saccate sigmoid claw; mid-lobe apiculate; side lobes broad triangular; disk ornamented by 2 brown spots and 2–3 longitudinal obscure keels. Column winged, 5–6 mm long.",general,EN,H.Æ. Pedersen et al.,,Forest Herbarium,2022-04-21,Rachun Pooma & Sawita Yooprasert,ref-THA-0000263794,12,2,"Panisea apiculata . Flora of Thailand. Vol. 12. Part 2, 2014. Pg. 579. Accessed 2022-04-21",All rights reserved,Forest Herbarium,https://www.dnp.go.th/botany/eflora/floraspecies.html?tdcode=05924
wfo-0000263800,"Plant epiphytic, 5–10 cm tall. Pseudobulbs ovoid-ellipsoid to oblong, 1.8–3.5 by 0.3–1 cm, obliquely curved at apex, with longitudinal furrows. Foliage leaves 2 per pseudobulb, linear, linear-elliptic or linear-oblong, 5–10 by 0.5–0.9 cm, apex acute, base attenuate, lamina glossy green; petiole 0.4–0.8 cm long. Inflorescence proteranthous, glabrous, to 5 cm long, arising from young shoot, developing before the growth of the pseudobulb; peduncle 1–3 cm long; floral bracts triangular-ovate, 6–8 by 2–4 mm, apex acute. Flower 1, pale yellow to greenish; pedicel and ovary 8–10 mm long. Sepals abaxially keeled; dorsal sepal ovate, 10–16 by 3–5 mm, apex acute, 5-nerved; lateral sepals ovate-lanceolate, more or less the same size as dorsal sepal, apex acute to acuminate, 5-nerved. Petals ovate-oblong, 9–12 by 3–4 mm, apex acute, 3-nerved. Labellum 3-lobed, obovate, 10–13 by 8–11 mm, sigmoid at base; mid-lobe truncate; side lobes triangular, minute; disk ornamented by 3 small orange spots at base and 2 distinct longitudinal orange keels. Column slightly winged, 5–6 mm long, with 2 lateral falcately upwards pointing stelids.",general,EN,H.Æ. Pedersen et al.,,Forest Herbarium,2022-04-21,Rachun Pooma & Sawita Yooprasert,ref-THA-0000263800,12,2,"Panisea distelidia . Flora of Thailand. Vol. 12. Part 2, 2014. Pg. 580. Accessed 2022-04-21",All rights reserved,Forest Herbarium,https://www.dnp.go.th/botany/eflora/floraspecies.html?tdcode=05925
wfo-0000263804,"Plant epiphytic, 5–12 cm tall. Pseudobulbs ovoid, ellipsoid or subglobose, 0.8–2.5 by 0.6–2 cm, erect or suberect. Foliage leaves 1–2 per pseudobulb, linear to elliptic-lanceolate, 3–18 by 1–2.5 cm, apex acute, base attenuate, lamina glossy green; petiole 0.5–2.5 cm long. Inflorescence proteranthous or heteranthous, glabrous, to 6 cm long; peduncle 1–3.5 cm long, with membranous sheaths at base, sheaths 1–2.5 cm long; floral bracts ovate-lanceolate, 5–8 by 2.5–5 mm, apex acute. Flowers 1(–2), pale yellow or greenish; pedicel and ovary winged, 10–12 mm long. Sepals abaxially keeled; dorsal sepal ovate-oblong to ovate-lanceolate, 12–18 by 4–8 mm, apex acute, 5-nerved; lateral sepals ovate-lanceolate, more or less the same size as dorsal sepal, apex acute, 4- to 5-nerved. Petals ovate-oblong, 10–20 by 3–5 mm, apex acute to acuminate, 3-nerved. Labellum simple, obovate-oblong, 15–18 by 5–12 mm, sigmoid at base; truncate, apiculate; disk ornamented by 3 small orange spots at base and 2–3 orange to brown longitudinal lamella-like keels. Column winged, 6–8 mm long.",general,EN,H.Æ. Pedersen et al.,,Forest Herbarium,2022-04-21,Rachun Pooma & Sawita Yooprasert,ref-THA-0000263804,12,2,"Panisea tricallosa . Flora of Thailand. Vol. 12. Part 2, 2014. Pg. 581. Accessed 2022-04-21",All rights reserved,Forest Herbarium,https://www.dnp.go.th/botany/eflora/floraspecies.html?tdcode=05926
wfo-0000263806,"Plant epiphytic or lithophytic, 10–20 cm tall. Pseudobulbs ovoid to ellipsoid, 1.5–3.5 by 0.7–1.2 cm. Foliage leaves 1–2 per pseudobulb, linear to linear-oblong, 7–18 by 0.7–1.5 cm, apex acuminate, base attenuate, lamina subglossy green; petiole 0.5–2 cm long. Inflorescence proteranthous or heteranthous, glabrous, to 5 cm long; peduncle 1.7–3.5 cm long; floral bracts  ovate, 4–5 by 2–3.5 mm, apex acute. Flowers 1(–2), pale yellow; pedicel and ovary 8–15 mm long. Sepals abaxially keeled; dorsal sepal ovate-oblong to oblong-lanceolate, 15–20 by 3–7 mm, apex acute, 5-nerved; lateral sepals ovate-lanceolate, more or less the same size as dorsal sepal, apex acute to acuminate, 5-nerved. Petals ovate-oblong to ovate-lanceolate, 12–20 by 3–7 mm, apex acute, 3- to 5-nerved. Labellum 3-lobed, obovate-elliptic, 10–22 by 5–10 mm, obscurely saccate at base; mid-lobe truncate, apiculate, irregularly crenate above side lobes; side lobes falcate, minute; disk ornamented by 3 small orange spots at the very base, 3 obscure keels and 3 orange spots. Column broadly winged, curved, 7–9 mm long; column foot short, c. 2 mm long. Fruit ellipsoid-obovoid, 1.5–2 by 1–1.4 cm, winged.",general,EN,H.Æ. Pedersen et al.,,Forest Herbarium,2022-04-21,Rachun Pooma & Sawita Yooprasert,ref-THA-0000263806,12,2,"Panisea uniflora . Flora of Thailand. Vol. 12. Part 2, 2014. Pg. 582. Accessed 2022-04-21",All rights reserved,Forest Herbarium,https://www.dnp.go.th/botany/eflora/floraspecies.html?tdcode=05927
wfo-4000029074,"Terrestrial or rarely lithophytic herbs, evergreen, in Thailand mostly glabrous except for the floral parts; stems either short and pseudobulbous or elongate-fusiform and cane-like. Flowering shoots 40–200 cm tall. Pseudobulbs (if present) insignificant and largely hidden by the bases of the foliage leaves, adjacent. Foliage leaves few, plicate, perennial, lanceolate-oblong, acute or acuminate, petiolate, sometimes forming a pseudostem; laminas rounded to cuneate at base. Inflorescences racemose, basal or lateral on the stem; peduncles with sterile bracts; rachis few-flowered; floral bracts persistent or caducous. Flowers usually large, resupinate, in the Thai species mostly with yellow, pink or white colours; damaged or old flowers turn dark blue. Sepals and petals similar, free, campanulate or spreading. Labellum more or less 3-lobed with a glabrous spur, free from the column or fused with it only at the base; side lobes often erect and enclosing the column; labellum sometimes ornamented, mostly by keels. Column long, without a column foot, mostly hairy on the front side; anther incumbent, versatile, pollinia 8, clavate, waxy; rostellum entire, not producing a viscidium. Ovary not distinct from the pedicel.</br></br>About 40 species, mainly in Asia, with a few found in Africa, N Australia and the Pacific Ocean Islands; 6 species in Thailand.</br></br>Notes: a more comprehensive version of this account was published before, and also several of its illustrations have been reproduced; see “A precursory study of the Calanthe group (Orchidaceae) in Thailand”; Adansonia, sér. 3, 32: 57–107. 2010, <a href=""http://dx.doi.org/10.5252/a2010n1a4""> http://dx.doi.org/10.5252/a2010n1a4</a>.",general,EN,H.Æ. Pedersen et al.,,Forest Herbarium,2022-04-21,Rachun Pooma & Sawita Yooprasert,ref-THA-4000029074,12,2,"Phaius  . Flora of Thailand. Vol. 12. Part 2, 2014. Pg. 584. Accessed 2022-04-21",All rights reserved,Forest Herbarium,https://www.dnp.go.th/botany/eflora/floragenus.html?tdcode=05928
wfo-0000268002,"Flowering shoots 40–100 cm tall, vegetative parts glabrous. Pseudobulbs insignificant, hidden by the bases of the foliage leaves, conical to cylindric, 9–12(–23) by 1.2–3 cm. Foliage leaves 4–6, ovate-elliptic to oblong-elliptic, acute, green and often with pale blotches, (20–)30–60 by 3.7–15 cm; petioles 17–23 cm long, forming a pseudostem 13–19 cm long. Inflorescences semi-dense or lax, usually basal but very rarely arising from the upper parts of the pseudobulbs (to 18 cm high); peduncles mostly longer than 35 cm; sterile bracts 4, elliptic-lanceolate, acute, (1–)2.5–5 cm long; rachis 5–20 cm long, (4–)13- to 17-flowered; floral bracts ovate-lanceolate, acute or subacute, persistent, 8–20 by 5–10.7 mm. Flowers yellow or green, labellum yellow with orange or brown markings, sometimes hypochile and spur white, column white and marked with red. Sepals obovate-lanceolate, acute; dorsal sepal (23–)25–43 by (6–)8–16 mm; lateral sepals 25–42 by 10–17 mm. Petals obovate-elliptic, obtuse, somewhat clawed, (25–)30–42 by (8–)9.5–15.5 mm. Labellum weakly 3-lobed, fused with the column for 2–7 mm, front margins crisped-undulate, mid-lobe hardly protruding, 23–45 by 25–45 mm; disk without prominent callosities; spur cylindric, 5–8(–16) mm long. Column sparsely hairy on the anterior face, 17–20 mm long. Ovary (including pedicel) (16–)25–32 mm long. Capsule ellipsoid, c. 25 by 5 mm.",general,EN,H.Æ. Pedersen et al.,,Forest Herbarium,2022-04-21,Rachun Pooma & Sawita Yooprasert,ref-THA-0000268002,12,2,"Phaius flavus . Flora of Thailand. Vol. 12. Part 2, 2014. Pg. 585. Accessed 2022-04-21",All rights reserved,Forest Herbarium,https://www.dnp.go.th/botany/eflora/floraspecies.html?tdcode=05929
wfo-0000268035,"Flowering shoots 60–94 cm tall, vegetative parts glabrous. Stems cane-like, fusiform cylindric, 33–45 by 1–1.2 cm. Foliage leaves 4–5, lanceolate-elliptic, acute, (20–)30–50 by (4.3–)5.8–8(–10) cm, petioles 2–13(–33) cm long; forming a pseudostem 5–13 cm long. Inflorescences 1–2, lax, glabrous or puberulous, arising laterally on the stem; peduncles 30–52 cm long; sterile bracts 3–4, lanceolate-elliptic, acute, 2.9–5.8 cm long; rachis (6.5–)12–23 cm long, 5- to 12-flowered; floral bracts caducous, ovate-lanceolate, acute, 20–30 mm long. Flowers with the sepal and petal outsides brownish-yellow and their inside brownish-purple with yellow edges, labellum yellow with reddish-brown markings, apex nearly pure yellow. Sepals narrowly obovate-lanceolate, apiculate, 26–40(–47) by 6–13 mm. Petals similar, lorate-elliptic, obtuse, 28–36(–42) by 3–6(–8) mm. Labellum 3-lobed, the basal 6–8 mm fused with the column, hairy on the median callus, 21–32 by 15–31 mm; mid-lobe orbicular, 3–9(–12) by 6–13 mm, truncate; side lobes triangular, obtuse, 5–10 by 6–12 mm, spreading; labellum ornamented by a median line, mostly with long white hairs in the distal part; spur conical, (2–)4–6 mm long. Column often sparsely pubescent, 19–22 mm long. Ovary (including pedicel) 20–38 mm long. Capsule ellipsoid, 25–48 by 5–15 mm.",general,EN,H.Æ. Pedersen et al.,,Forest Herbarium,2022-04-21,Rachun Pooma & Sawita Yooprasert,ref-THA-0000268035,12,2,"Phaius indochinensis . Flora of Thailand. Vol. 12. Part 2, 2014. Pg. 587. Accessed 2022-04-21",All rights reserved,Forest Herbarium,https://www.dnp.go.th/botany/eflora/floraspecies.html?tdcode=05930
wfo-0000268112,"Flowering shoots to 100 cm tall. Pseudobulbs elongate-clavate, 20–40 by (1.3–)2–2.5 cm. Foliage leaves 5–8, elliptic, acuminate, slightly undulate, (5.5–)12–40 by (2.5–)5.5–10(–14) cm, borne in the upper part of the stem, both sides glabrous. Inflorescences lax, arising from the base of the pseudobulb, unbranched or rarely with a side branch, glabrous or sparsely hairy, up to 60 cm long and 0.4–0.8 cm in diameter; peduncles 30–50 cm long; sterile bracts to 9, 1.6–2.8 cm long; rachis 10–13 cm long, 4- to 15-flowered; floral bracts lanceolate, acute, persistent, glabrous, to 17 by 3.8 mm. Flowers 40–50 mm in diameter, opening widely; with pale green or yellowish-green sepals and petals, and white or cream-coloured labellum with greenish yellow spur. Sepals elliptic-oblong, obtuse or acute, pubescent on the outside, 27–32(–35) by (7–)8–10.5 mm. Petals oblanceolate, obtuse or acute, 28–33 by 6–8 mm. Labellum orbicular, weakly 3-lobed, basal 7–8 mm fused with the column, largely glabrous, 30–34 by 24–26 mm; disk ornamented by 2 or 3 obscure smooth keels; spur clavate, 6–9 mm long. Column hairy on the anterior face, 15–25 mm long. Ovary (including pedicel) sparsely pubescent or subglabrous, 20–32 mm long. Capsule not seen.",general,EN,H.Æ. Pedersen et al.,,Forest Herbarium,2022-04-21,Rachun Pooma & Sawita Yooprasert,ref-THA-0000268112,12,2,"Phaius takeoi . Flora of Thailand. Vol. 12. Part 2, 2014. Pg. 590. Accessed 2022-04-21",All rights reserved,Forest Herbarium,https://www.dnp.go.th/botany/eflora/floraspecies.html?tdcode=05932
wfo-0000268113,"Flowering shoots to 200 cm tall, glabrous except for labellum and column. Pseudobulbs insignificant, hidden by the bases of the foliage leaves, ovoid, 2.5–6(–8) cm long. Foliage leaves 4–5, lanceolate-oblong, acute, 30–105 by (4–)6–20 cm; petioles (9–)15–25(–38) cm long. Inflorescences lax, arising from the pseudobulb base; peduncles mostly longer than 50 cm; sterile bracts 6–10, lanceolate-oblong, acuminate, (2–)4–6 cm long; rachis (4.5–)15–30 cm long, 6- to 20-flowered; floral bracts persistent or caducous, to c. 50 by 15 mm. Flowers nodding, with sepal and petal insides reddish-brown and their outsides white, labellum pale purple with darker veins and pink or mauve apical rim, column white; flowers reported as fragrant. Sepals ovate-lanceolate, acute or acuminate, 41–58(–63) by 9–16(–17.5) mm. Petals ovate-elliptic, acute, 40–55(–58) by 8–18 mm. Labellum weakly 3-lobed, obovate, acute or truncate, more or less hairy in the lower part, basal 3 mm fused with the column, 37–55 by 25–43 mm; mid-lobe ovate-oblong, obtuse, distinctly protruding, 20–25 mm wide; side lobes erect and enveloping the column; disk ornamented by 3 obscure keels; spur cylindric, apex mostly entire, 5–8(–9) mm long. Column sparsely hairy especially at the base and on the anther, 19–21 mm long. Ovary (including pedicel), (25–)28–48 mm long. Capsule ellipsoid, shortly pedicellate, pendent, to 55 by 17 mm.",general,EN,H.Æ. Pedersen et al.,,Forest Herbarium,2022-04-21,Rachun Pooma & Sawita Yooprasert,ref-THA-0000268113,12,2,"Phaius tankervilleae . Flora of Thailand. Vol. 12. Part 2, 2014. Pg. 590. Accessed 2022-04-21",All rights reserved,Forest Herbarium,https://www.dnp.go.th/botany/eflora/floraspecies.html?tdcode=05933
wfo-0000268130,"Flowering shoots pseudobulbous, vegetative parts glabrous. Pseudobulbs insignificant, hidden by the bases of the foliage leaves, ovoid or fusiform, 10–14.5 by 4.5–5.7 cm. Foliage leaves c. 4, elliptic, acute, 49–70 by 15–24 cm; somewhat petiolate. Inflorescences lax, arising from the pseudobulb middle; sterile bracts several, lanceolate-oblong, acute, pilose; rachis 4- to 15-flowered; floral bracts caducous, 30–50 mm long. Flowers spreading, with both sides of sepals and petals greenish-yellow, labellum white with yellow and red markings. Sepals ovate-lanceolate, acuminate, to 68 by 12–18 mm. Petals lanceolate-elliptic, acuminate, to 63 by 12–17 mm. Labellum weakly 3-lobed, obovate, acute, fused with the column only at the base, 45–65 by 27–53 mm; mid-lobe ovate, cuspidate, distinctly protruding, 25–30 mm wide; side lobes erect and enveloping the column; disk ornamented by 3 obscure keels; spur usually apically bifid, 11–15 mm long. Column 18–22 mm long, front side pubescent. Ovary (including pedicel) 40–55 mm long. Capsule as in Phaius tankervilleae.",general,EN,H.Æ. Pedersen et al.,,Forest Herbarium,2022-04-21,Rachun Pooma & Sawita Yooprasert,ref-THA-0000268130,12,2,"Phaius wallichii . Flora of Thailand. Vol. 12. Part 2, 2014. Pg. 592. Accessed 2022-04-21",All rights reserved,Forest Herbarium,https://www.dnp.go.th/botany/eflora/floraspecies.html?tdcode=05934
wfo-4000029306,"Lithophytic or epiphytic herbs, erect or pendulous; rhizome short, creeping. Pseudobulbs crowded or distant on rhizome, slender or swollen, sometimes connected to each other at both ends or connected by a short rhizome to middle part of another pseudobulb. Foliage leaves 1–2 per pseudobulb, duplicate, usually coriaceous, shortly petiolate. Inflorescence racemose, terminal from pseudobulb apex, erect, arching or pendulous, distichously many-flowered, glabrous in Thai species; rachis usually slightly zig-zag; floral bracts, caducous or persistent, concave. Flowers small, resupinate, not opening widely. Sepals free or lateral sepals connate at base, usually concave, lateral sepals often keeled on the back. Petals similar to sepals or narrower. Labellum firmly attached, sessile, subentire or 3- or 4-lobed, saccate, not sigmoidly curved at base, often ornamented by keels; epichile deflexed. Column short, winged or hooded at apex; column foot short or absent; anther terminal, incumbent; pollinia 4 in 2 pairs, solid, connected by inconspicuous caudicles, each pollinium with a tiny pore; stigma cup-shaped; rostellum large, not producing a stipe. Fruit a capsule.</br></br>A genus of c. 40 species distributed from India, Sri Lanka, Nepal, Bhutan, Myanmar, S China, Taiwan, Indo-China and Malesia to the SW Pacific islands; 8 species in Thailand. The occurrence of Pholidota chinensis Lindl. in Thailand is uncertain. There are specimens from markets but there is no record from the natural habitat.",general,EN,H.Æ. Pedersen et al.,,Forest Herbarium,2022-04-21,Rachun Pooma & Sawita Yooprasert,ref-THA-4000029306,12,2,"Pholidota  . Flora of Thailand. Vol. 12. Part 2, 2014. Pg. 593. Accessed 2022-04-21",All rights reserved,Forest Herbarium,https://www.dnp.go.th/botany/eflora/floragenus.html?tdcode=05935
wfo-0000269829,"Plant epiphytic; rhizome creeping, enclosed by persistent scales. Pseudobulbs ovoid to conical-ovoid, close together along the rhizome, 1.2–1.8 by 0.7–1 cm, base enclosed by coarse sheaths. Foliage leaves 2(–3) per pseudobulb, arising from pseudobulb apex, linear to narrowly lanceolate, 5–10 by 0.8–1.2 cm, apex acute to acuminate, base attenuate, lamina glossy green, coriaceous; petiole to 1 cm long. Inflorescence synanthous, to 15 cm long; peduncle 5–7.5 cm  long, longer than rachis; rachis slender, weakly zig-zag, laxly 8- to 20-flowered; floral bracts ovate-lanceolate, 5–8 by 4–5 mm, acute, persistent. Flowers white; pedicel and ovary 1.5–2.5 mm long. Sepals subsimilar; dorsal sepal ovate, 3–3.5 by 1.5–2 mm, acute, 3- to 5-nerved; lateral  sepals slightly oblique, ovate-lanceolate, 3.2–4 by 1.5–2 mm, acute, 3-nerved. Petals ovate oblong, 2.5–3 by 1.2–1.5 mm, irregularly acute-retuse, 3-nerved. Labellum obscurely 3-lobed,  3–3.5 mm long, concave at base; mid-lobe ovate-oblong, acute, recurved, ornamented by 2 small  rugose cushions below apex; side lobes obscure, abruptly lowering in front. Column light purple, stout, 1.5–2 mm long, with short triangular stelids at apex.",general,EN,H.Æ. Pedersen et al.,,Forest Herbarium,2022-04-21,Rachun Pooma & Sawita Yooprasert,ref-THA-0000269829,12,2,"Pholidota aidiolepis . Flora of Thailand. Vol. 12. Part 2, 2014. Pg. 594. Accessed 2022-04-21",All rights reserved,Forest Herbarium,https://www.dnp.go.th/botany/eflora/floraspecies.html?tdcode=05936
wfo-0000269831,"Plant epiphytic or lithophytic. Pseudobulbs ascending to erect, subcylindric, 2–12 by 1–1.5 cm, base enclosed by sheaths when young, usually longitudinally and shallowly grooved when mature. Foliage leaves 2 per pseudobulb, arising from pseudobulb apex, ovate to oblong lanceolate, 5–15 by 2.5–5 cm, apex acute, obtuse or acuminate, base cuneate, lamina glossy  green, coriaceous; petiole 0.5–1.5 cm long. Inflorescence synanthous, to 12 cm long; peduncle 1.5–4 cm long; rachis straight or zig-zag, laxly to subdensely 8- to many-flowered; floral bracts ovate, oblong or orbicular, 5–12 by 3–10 mm, acute to rounded, caducous. Flowers white, sometimes with pale yellow patch at base of labellum mid-lobe; pedicel and ovary 2–8 mm long. Sepals subsimilar; dorsal sepal ovate to ovate-oblong, 4–8 by 2–5 mm, obtuse to rounded, 3- to 5-nerved; lateral sepals ovate to ovate-lanceolate, 4–9 by 1.5–4.5 mm, acute to acuminate, 3-nerved. Petals ovate to ovate-lanceolate, 4–7 by 1.5–4 mm, obtuse, acute or acuminate, 3-nerved. Labellum obscurely 3-lobed, constricted at the middle, 4–8 mm long, boat-shaped and ornamented by 5 keels at base; mid-lobe 2-lobulate, base with yellow patch, each lobule rounded, recurved; side lobes obscure, not drawn out into true lobes, edges more or less laterally recurved. Column shortly clavate, 1.5–5 mm long, hooded, top margin irregular dentate, with more or less conspicuous lateral lobes; rostellum triangular. Fruit obovoid-ellipsoid, 1–2 by 0.6–1 cm, ridged.",general,EN,H.Æ. Pedersen et al.,,Forest Herbarium,2022-04-21,Rachun Pooma & Sawita Yooprasert,ref-THA-0000269831,12,2,"Pholidota articulata . Flora of Thailand. Vol. 12. Part 2, 2014. Pg. 596. Accessed 2022-04-21",All rights reserved,Forest Herbarium,https://www.dnp.go.th/botany/eflora/floraspecies.html?tdcode=05937
wfo-0000269844,"Plant epiphytic; rhizome creeping, enclosed by persistent scales. Pseudobulbs ovoid, 1.5– 2.5 by 0.6–1.2 cm, base usually enclosed by coarse sheaths. Foliage leaves 2 per pseudobulb, arising from pseudobulb apex, linear to linear-oblong, 5–18 by 0.5–1.5 cm, apex acute to acuminate, base cuneate to attenuate, lamina glossy green, coriaceous; petiole to 1.5 cm long. Inflorescence proteranthous or synanthous, to 18 cm long; peduncle 1–4.5 cm long, shorter than rachis; rachis slender, zig-zag, laxly 12- to 25-flowered; floral bracts ovate-oblong, 3.5–6 by 2–3.5 mm, acute or obtuse, caducous. Flowers greenish-white to light purple; pedicel and ovary 1.5–3 mm long. Sepals subsimilar; dorsal sepal ovate, 1.6–2.5 by 1–2 mm, acute or obtuse, 3- to 5-nerved; lateral sepals oblique, broadly ovate, 1.8–3 by 1–2.2 mm, acute, 3-nerved. Petals ovate, 1–2.2 by 1–2 mm, acute or obtuse, 3-nerved. Labellum obscurely 3-lobed, 1.8–2.8 mm  long, saccate at base; mid-lobe ovate-orbicular, acute or obtuse, recurved, ornamented by 2 faint keels at base; side lobes broadly triangular with a rounded upper edge. Column orange, stout, 1–2.5 mm long; lateral lobes of the hood slightly developed. Fruit ellipsoid, 0.4–0.6 by 0.2–0.4 cm.",general,EN,H.Æ. Pedersen et al.,,Forest Herbarium,2022-04-21,Rachun Pooma & Sawita Yooprasert,ref-THA-0000269844,12,2,"Pholidota carnea . Flora of Thailand. Vol. 12. Part 2, 2014. Pg. 597. Accessed 2022-04-21",All rights reserved,Forest Herbarium,https://www.dnp.go.th/botany/eflora/floraspecies.html?tdcode=05938
wfo-0000269875,"Plant epiphytic or lithophytic; rhizome densely enclosed by coriaceous scales. Pseudobulbs close together on rhizome, ovoid-conical to suboblong, 3–8 by 1.2–2.5 cm, base usually enclosed by coriaceous sheaths. Foliage leaves 1 per pseudobulb, arising from pseudobulb apex, oblong to oblong-oblanceolate, 8–28 by 2–8.5 cm, apex obtuse or acute, base cuneate, lamina coriaceous; petiole to 5 cm long. Inflorescence synanthous with developed young leaf, to 45 cm long; peduncle 3–6 cm long, base distinctly enclosed by scales, covered by sterile bracts at base of rachis; rachis pendulous, (sub)densely 10- to many-flowered (flowers touching each other); floral bracts broadly ovate, 6–8 by 6–8.5 mm, acute or obtuse, concave, puberulent on both sides with dense parallel veins and brown spots, persistent. Flowers white or cream; pedicel and ovary 4–7 mm long. Sepals dissimilar; dorsal sepal ovate-elliptic or ovate, 5–6.5 by 3–4.5 mm, acute, 3- to 5-nerved; lateral sepals oblique, ovate, 5.5–7 by 3–4 mm, strongly keeled on the back, acute, 3- to 5-nerved. Petals lanceolate-falcate, 4.5–6 by 1.2–2.5 mm, acute or obtuse, 1-nerved. Labellum broadly 3-lobed, 6–7 mm long, concave, ornamented by 2 or 3 keels at base; mid-lobe  deeply 2-lobulate, deflexed, lobules subelliptic or suborbicular; side lobes erect, triangular acute. Column 2.5–3.5 mm long, winged on both sides; rostellum broad, undulating to more or less straight rim. Fruit obovoid, 1–1.5 by 0.6–0.9 cm.",general,EN,H.Æ. Pedersen et al.,,Forest Herbarium,2022-04-21,Rachun Pooma & Sawita Yooprasert,ref-THA-0000269875,12,2,"Pholidota imbricata . Flora of Thailand. Vol. 12. Part 2, 2014. Pg. 600. Accessed 2022-04-21",All rights reserved,Forest Herbarium,https://www.dnp.go.th/botany/eflora/floraspecies.html?tdcode=05940
wfo-0000269902,"Plant epiphytic or lithophytic; rhizome densely enclosed by coriaceous scales. Pseudobulbs close together on rhizome, oblong to ovate-oblong, 3–6 by 1.5–3 cm, base usually enclosed by coriaceous sheaths. Foliage leaves 1 per pseudobulb, arising from pseudobulb apex, narrowly oblong to oblong-oblanceolate, 7–25 by 2–5.5 cm, apex acute, base cuneate, lamina coriaceous; petiole to 4 cm long. Inflorescence synanthous with developing young leaf, to 25 cm long; peduncle 3–5 cm long, base distinctly enclosed by scales, covered by sterile bracts at base of rachis; rachis pendulous, (sub)densely 12- to many-flowered (flowers touching each other); floral bracts broadly ovate-sagittate, 6–7 by 4–5 mm, acute, concave, puberulent on both sides with dense parallel veins and brown spots, persistent. Flowers white or cream; pedicel and ovary 3–4 mm long. Sepals dissimilar; dorsal sepal ovate, elliptic or oblong, 3–5 by 2–3.5 mm,  obtuse, 3- to 5-nerved; lateral sepals oblique, broadly ovate, 5–6 by 3–3.5 mm, strongly keeled on the back, acute, connected at the base, 3- to 5-nerved. Petals elliptic-falcate, 3.5–5 by 1–2 mm, obtuse, usually 1-nerved. Labellum broadly 3-lobed, 4–6 mm long, concave, ornamented  by 3 keels at base; mid-lobe deeply 2-lobulate, recurved, lobules obliquely ovate to obliquely quadrangular; side lobes erect, rounded. Column 2.5–3 mm long, winged on both sides; rostellum narrow, band-like, lateral margins swollen. Fruit elliptic to obovoid, 0.8–1.3 by 0.5–0.7 cm.",general,EN,H.Æ. Pedersen et al.,,Forest Herbarium,2022-04-21,Rachun Pooma & Sawita Yooprasert,ref-THA-0000269902,12,2,"Pholidota pallida . Flora of Thailand. Vol. 12. Part 2, 2014. Pg. 602. Accessed 2022-04-21",All rights reserved,Forest Herbarium,https://www.dnp.go.th/botany/eflora/floraspecies.html?tdcode=05941
wfo-0000269914,"Plant epiphytic or lithophytic. Pseudobulbs ascending to erect, crowded on rhizome, subcylindric, 2–7 by 1.5–2 cm, usually with longitudinal ridges, base enclosed by sheaths, wrinkled when dry, rooting at nodes. Foliage leaves 2 per pseudobulb, arising from pseudobulb apex, elliptic to elliptic-lanceolate, 3–8 by 1.2–2 cm, apex acute, base cuneate, lamina glossy green, coriaceous; petiole 0.3–1 cm long. Inflorescence synanthous, to 8 cm long; peduncle 1–2 cm long; rachis curved, subdensely 20- to 35-flowered; floral bracts distichous, on the side opposite to the flowers, semi-circular, 6–8 by 6.5–9 mm, rounded to subtruncate, partly overlapping each other, persistent until after fruiting. Flowers yellowish-green to yellow; pedicel and ovary 2.5–3 mm long. Sepals dissimilar; dorsal sepal oblong-obovate, 3–5 by 1.5–3 mm, obtuse to rounded, 3-nerved; lateral sepals ovate-oblong, 3.5–4 by 1.5–2 mm, acute, 3-nerved. Petals ovate-oblong to ovate-lanceolate, 2.8–4 by 1–2 mm, acute or obtuse, 3-nerved. Labellum obscurely 3-lobed, 2.5–3.5 mm long, concave and ornamented by 5 partly fused keels at base; mid-lobe retuse; side lobes obscure, not drawn out into true lobes. Column shortly clavate, 1.5– 2.5 mm long, hooded, top margin truncate or retuse; rostellum truncate. Fruit ellipsoid-ovoid, 0.5–0.6 by 0.3–0.4 cm.",general,EN,H.Æ. Pedersen et al.,,Forest Herbarium,2022-04-21,Rachun Pooma & Sawita Yooprasert,ref-THA-0000269914,12,2,"Pholidota recurva . Flora of Thailand. Vol. 12. Part 2, 2014. Pg. 604. Accessed 2022-04-21",All rights reserved,Forest Herbarium,https://www.dnp.go.th/botany/eflora/floraspecies.html?tdcode=05942
wfo-0000269919,"Plant epiphytic; rhizome creeping, enclosed by papyraceous scales, soon turning into caducous thin fibres. Pseudobulbs ovoid-cylindric, bulging below the centre, tapering to both ends, 4.5–9 by 1.2–1.5 cm, usually wrinkled, base usually enclosed by papyraceous sheaths, soon turning into caducous thin fibres. Foliage leaves 2 per pseudobulb, arising from pseudobulb apex, oblong-lanceolate, 10–20 by 1.8–3.5 cm, apex acuminate, base cuneate, lamina glossy green, coriaceous; petiole to 3 cm long. Inflorescence proteranthous or synanthous, to 25 cm long; peduncle 1–5 cm long, shorter than rachis, base covered with scales; rachis slender, straight, pendulous, laxly 20- to 35-flowered; floral bracts ovate-oblong, 0.5–1 by 2.5–5 mm, inrolled, acute, persistent during and after anthesis, caducous during fruit setting. Flowers pinkish-orange; pedicel and ovary 3.5–6 mm long, angular. Sepals subsimilar; dorsal sepal ovate, 2.5–4  by 1.5–3.2 mm, acute, 5-nerved; lateral sepals oblique, broadly ovate, 2.7–4.5 by 2–3 mm, acute, 5-nerved. Petals linear-lanceolate, 3.5–4 by 0.5–0.8 mm, acute to obtuse, 1-nerved. Labellum 3-lobed, 3–4.5 mm long, ornamented by a low rounded keel at base; mid-lobe ovate-orbicular, apiculate, deflexed; side lobes erect, with a rounded upper edge, abruptly lowering in front. Column pinkish-orange, slender, 2.5–3.5 mm long; hood long, retuse at apex. Fruit ellipsoid,  0.8–1.2 by 0.5–0.6 cm.",general,EN,H.Æ. Pedersen et al.,,Forest Herbarium,2022-04-21,Rachun Pooma & Sawita Yooprasert,ref-THA-0000269919,12,2,"Pholidota rubra . Flora of Thailand. Vol. 12. Part 2, 2014. Pg. 606. Accessed 2022-04-21",All rights reserved,Forest Herbarium,https://www.dnp.go.th/botany/eflora/floraspecies.html?tdcode=05943
wfo-4000029696,"Terrestrial herbs with a short stout creeping rhizome rooting from the nodes; leaves, peduncle, rachis and floral bracts covered with yellowish-brown hairs. Pseudobulbs ascending, each bearing either a single leaf or an inflorescence, articulated at junction with petiole or peduncle, initially covered by scale-like cataphylls that soon disintegrate into fibres. Foliage leaves long-lived, convolute, plicate, short-petiolate; petiole channelled. Inflorescence erect, racemose, lax, both peduncle and rachis elongating during flowering; floral bracts persistent, entire. Flowers non-resupinate, wide-open. Sepals and petals free; sepals densely pubescent on the dorsal side, (sub)glabrous on the ventral side; petals glabrous. Labellum versatile, sessile, 3-lobed, glabrous, spurless, ornamented by 2 conspicuous double-crested ridges. Column suberect, incurved, semiterete-clavate with 2 lateral subspathulate stelids and a solid, spurless column foot; anther partly hidden in an apical column hood, incumbent, versatile; pollinia 2, solid, devoid of caudicles; rostellum short, truncate, neither producing stipe nor viscidia; receptive part of stigma concave. Ovary (including pedicel) terete, densely covered with yellowish-green hairs. Fruit a capsule dehiscing by longitudinal slits.</br></br>A monotypic genus; distribution as for the species (see below).",general,EN,H.Æ. Pedersen et al.,,Forest Herbarium,2022-04-21,Rachun Pooma & Sawita Yooprasert,ref-THA-4000029696,12,2,"Pilophyllum  . Flora of Thailand. Vol. 12. Part 2, 2014. Pg. 607. Accessed 2022-04-21",All rights reserved,Forest Herbarium,https://www.dnp.go.th/botany/eflora/floragenus.html?tdcode=05944
wfo-0000273357,"Pseudobulbs subterete, c. 6 cm long, c. 1 cm in diameter. Leaves dark (purplish-)green above, green underneath; petiole erect, c. 1.5 cm long; lamina spreading, (ovate-)elliptic, acuminate, c. 34.5 by c. 16.4 cm, with 5 particularly strong nerves elevated on the dorsal side. Inflorescence c. 78 cm tall, c. 13-flowered; peduncle dull violet, bearing a few strongly reduced leaves; rachis dull violet, c. 20.5 cm long; floral bracts appressed to pedicels, lanceolate, long-acuminate, dull violet, c. 19.2 by c. 4.9 mm. Flowers mainly greenish-yellow with purple markings (labellum white with purple markings, ovary dull violet). Sepals acuminate; dorsal sepal linear, c. 18.3 by c. 3.2 mm; lateral sepals falcately linear-oblong, c. 12.6 by c. 4.6 mm. Petals falcately linear-oblanceolate, short-acuminate, c. 14.9 by c. 3.7 mm. Labellum fleshy, suberect, c. 7.2 mm long to apex of mid-lobe, c. 9 mm wide across side lobes when flattened, ornamented by double-crested ridges extending from the base of the side lobes to about the middle of the mid-lobe; side lobes incurved, falcately linear, obtuse, c. 3.5 mm long (measured along front edge); mid-lobe recurved, broadly spathulate, rounded, apiculate, c. 3.7 by c. 3.9 mm. Column c. 9 mm long, stelids porrect, column foot with 2 pairs of lateral, scale-like appendages; anther obovate in upper view, acuminate in front, c. 1.5 mm long; pollinia subpyramidal; receptive part of stigma subquadrate. Ovary (including pedicel) spreading, incurved at apex, finely longitudinally furrowed, c. 20 mm long.",general,EN,H.Æ. Pedersen et al.,,Forest Herbarium,2022-04-21,Rachun Pooma & Sawita Yooprasert,ref-THA-0000273357,12,2,"Pilophyllum villosum . Flora of Thailand. Vol. 12. Part 2, 2014. Pg. 607. Accessed 2022-04-21",All rights reserved,Forest Herbarium,https://www.dnp.go.th/botany/eflora/floraspecies.html?tdcode=05945
wfo-4000030244,"Epiphytic, lithophytic or (less frequently) terrestrial dwarf herbs, usually growing in dense patches on rocks or trees. Pseudobulbs annual, clustered on the rhizome, ovoid, conical, pyriform or turbinate, covered by sheaths when young. Foliage leaves 1–2 per pseudobulb, arising from pseudobulb apex, deciduous, erect to arcuate-spreading, plicate, elliptic-oblong, elliptic-lanceolate, oblong-lanceolate or oblanceolate, chartaceous, mostly shortly petiolate. Inflorescence basal, 1- to 2-flowered, arising from an old pseudobulb, erect, appearing either before or after leaves; floral bracts persistent. Flowers resupinate, large, showy, sometimes fragrant, white or pink to rose-purple or magenta, more rarely yellow, marked with yellow, red or brown on the labellum. Sepals free, spreading, linear-oblong to oblong-lanceolate. Petals similar to sepals but slightly narrower. Labellum obscurely 3-lobed or entire, apical margins erose to lacerate; ornamented by 2 to several ridges or lines of hairs along the veins of the upper surface of the labellum. Column slender, slightly arcuate, winged above, entire, erose or denticulate at apex; column foot absent; anther subterminal, incumbent; pollinia 4 in 2 pairs, waxy, often bilaterally flattened; rostellum producing neither stipe nor viscidium. Fruit a capsule, fusiform, with 3 longitudinal ribs.</br></br>A genus of c. 21 species distributed from NE India, Nepal, Bhutan, Bangladesh, Myanmar, S China and Taiwan to Laos and Vietnam; 2 species in Thailand.",general,EN,H.Æ. Pedersen et al.,,Forest Herbarium,2022-04-21,Rachun Pooma & Sawita Yooprasert,ref-THA-4000030244,12,2,"Pleione  . Flora of Thailand. Vol. 12. Part 2, 2014. Pg. 609. Accessed 2022-04-21",All rights reserved,Forest Herbarium,https://www.dnp.go.th/botany/eflora/floragenus.html?tdcode=05946
wfo-0000276433,"Plant epiphytic or lithophytic, 15–25 cm tall when producing leaves. Pseudobulbs turbinate to pyriform, 1–3 by 1–1.5 cm, usually with a distinct neck, often covered by remains of old smooth sheaths. Foliage leaves 2 per pseudobulb, elliptic-oblong to oblanceolate, 8–25  by 1.7–3.5 cm, apex acute, base attenuate, chartaceous. Inflorescence appearing before the leaves, glabrous, to 6 cm long; peduncle covered by membranous, inflated, smooth sheaths; floral bract broadly obovate or suborbicular when flattened, 1.5–3 cm long, obtuse, cucullate. Flower 1, suberect to spreading, fragrant; pedicel and ovary 4–5 mm long. Sepals creamy white, occasionally lightly streaked with pink; dorsal sepal oblong-lanceolate, 30–40 by 7–8 mm, obtuse, 5-nerved; lateral sepals lanceolate-falcate, more or less the same size as dorsal sepal, acute, 5-nerved. Petals creamy white, oblanceolate, slightly falcate, 30–40 by 7–8 mm, acute, obscurely 1-nerved. Labellum white with a yellow centre, large purple and yellow blotches on the apical margin, 3-lobed, ovate-oblong, 25–35 by 20–25 mm, slightly saccate at base; mid-lobe oblong, emarginate; side lobes obscure; margin undulate, erose; ornaments of 5–7 papillate lines, extending to the apex of the labellum. Column arcuate, 17–20 mm long, apex irregularly erose dentate. Fruit fusiform, 1.8–2.5 by 0.5–1 cm.",general,EN,H.Æ. Pedersen et al.,,Forest Herbarium,2022-04-21,Rachun Pooma & Sawita Yooprasert,ref-THA-0000276433,12,2,"Pleione maculata . Flora of Thailand. Vol. 12. Part 2, 2014. Pg. 610. Accessed 2022-04-21",All rights reserved,Forest Herbarium,https://www.dnp.go.th/botany/eflora/floraspecies.html?tdcode=05947
wfo-0000276458,"Plant terrestrial or epiphytic, 12–25 cm tall when producing leaves. Pseudobulbs turbinate, 1–3.5 by 1–2.5 cm, with a distinct neck, often covered by remains of old warty sheaths. Foliage  leaves 2, rarely 1 per pseudobulb, elliptic to elliptic-oblanceolate, 10–25 by 2.5–6.5 cm, apex acuminate, base attenuate, chartaceous. Inflorescence appearing before the leaves, glabrous, to 12 cm long; peduncle covered by warty sheaths; floral bracts elliptic-oblong, 2.5–3 cm, acute. Flowers 1(–2), suberect; pedicel and ovary 1–1.5 cm long. Sepals pinkish-purple; dorsal sepal  oblong-lanceolate, 55–60 by 7–8 mm, acute, 5-nerved; lateral sepals oblong-lanceolate, slightly  falcate, more or less the same size as dorsal sepal, acute, 5-nerved. Petals pinkish-purple, linear oblong, slightly falcate, 50–70 by 5–7 mm, acute to obtuse, obscurely 1- to 3-nerved. Labellum white to pinkish-purple, with bluish-purple spots, obscurely 3-lobed, ovate-elliptic, 40–50 by 28–30 mm; mid-lobe ovate, dentate-lacerate on apical margin, emarginate; side lobes obscure; ornaments of 3–5(–7) papillate lines, extending to the middle of mid-lobe. Column arcuate, 35–45 mm long, apex dentate. Fruit long fusiform, 2–4 by 0.5–1 cm.",general,EN,H.Æ. Pedersen et al.,,Forest Herbarium,2022-04-21,Rachun Pooma & Sawita Yooprasert,ref-THA-0000276458,12,2,"Pleione praecox . Flora of Thailand. Vol. 12. Part 2, 2014. Pg. 611. Accessed 2022-04-21",All rights reserved,Forest Herbarium,https://www.dnp.go.th/botany/eflora/floraspecies.html?tdcode=05948
wfo-4000030406,"Terrestrial herbs, evergreen, either with fusiform pseudobulbs bearing one apical foliage leaf (rarely 2 or 3 leaves) or reed-like with several foliage leaves. Flowering shoots mostly 50–100 cm tall. Foliage leaves suberect or spreading, plicate, lanceolate-oblong, prominently petiolate or not. Inflorescences unbranched or rarely branched, few- to many-flowered, erect, mostly as tall as or taller than the foliage leaves, arising from the base of the leafy shoot; with sterile bracts; floral bracts persistent. Flowers medium-sized, resupinate, a few open at a time; in Thai species mostly yellow, often with red markings or red flush. Sepals free, ovate to elliptic, spreading, pubescent on the outside. Petals similar but narrower, glabrous. Labellum fleshy, spurless, with 2 basal flanges joining it to the column at the base or up to one third, usually with explosive mechanism through which the labellum snaps upwards when touched, normally glabrous, sometimes ornamented by small calli. Column rather short; anther incumbent, versatile, with 4 solid pollinia with amorphous viscidium (stipe absent); rostellum flap-like.</br></br>A genus of 40–45 species in tropical Asia, ranging from the Andaman Islands, Thailand and Indochina southwards to Peninsular Malaysia, Java and Sumatra, and eastwards as far as New Guinea and nearby islands; 5 species in Thailand.</br></br>Notes: a more comprehensive version of this account was published in Gard. Bull. Singapore 61: 81–93. 2009.",general,EN,H.Æ. Pedersen et al.,,Forest Herbarium,2022-04-21,Rachun Pooma & Sawita Yooprasert,ref-THA-4000030406,12,2,"Plocoglottis  . Flora of Thailand. Vol. 12. Part 2, 2014. Pg. 613. Accessed 2022-04-21",All rights reserved,Forest Herbarium,https://www.dnp.go.th/botany/eflora/floragenus.html?tdcode=05949
wfo-0000278967,"Flowering shoots as reed-like stems with distinct basal pseudobulbs, to 70 cm tall. Pseudobulbs conical to bottle-shaped, olive-green or purplish-brown, 7–8 by 3–4 cm. Foliage leaves (5–)8–10, elliptic-lanceolate, acute, glabrous, laminas 8–16.5 by 1.9–3.5 cm. Inflorescences lax, pubescent, 30–51(–70) cm long; sterile bracts 5–8, lanceolate-oblong, acute, glabrous, 2.7–4 cm long; rachis (7–)13–20 cm long, 7- to 15-flowered; floral bracts ovate-lanceolate, acuminate, pubescent, whitish-green, (10‒)20‒35 mm long. Flowers yellow or pink dotted with red, labellum yellow or cream-coloured with purple markings in the basal part. Sepals elliptic-lanceolate, subacute or acute, pubescent on the outside; dorsal sepal 13–20 by 5–7 mm; lateral sepals similar but slightly narrower. Petals oblong-lanceolate, obtuse, glabrous, (11.5–)12.3–18.5 by 2.6–5 mm. Labellum ovate, 3-lobed, 7.5–11 by 8.5–12 mm, sides entire, upper part strongly recurved, broadest part near the apex; mid-lobe a triangular tooth, 0.6–1 by  0.5–1.5 mm; side lobes triangular, obtuse, without calli, c. 3 by 2–2.5 mm. Column glabrous, 4.5–7 mm long. Ovary (including pedicel) pubescent, 15–28 mm long. Capsule not seen.",general,EN,H.Æ. Pedersen et al.,,Forest Herbarium,2022-04-21,Rachun Pooma & Sawita Yooprasert,ref-THA-0000278967,12,2,"Plocoglottis bokorensis . Flora of Thailand. Vol. 12. Part 2, 2014. Pg. 614. Accessed 2022-04-21",All rights reserved,Forest Herbarium,https://www.dnp.go.th/botany/eflora/floraspecies.html?tdcode=05950
wfo-0000278975,"Flowering shoots as reed-like stems, without pseudobulbs. Foliage leaves 6–12(–14), lanceolate, acuminate, shortly hairy, laminas 19–30 by (1.9–)4.2–7.3 cm, borne in the upper half of the stem. Inflorescences lax, pubescent, to 100 cm tall; sterile bracts 7–9, lanceolate-oblong, acute, glabrous or pubescent, 2.3–2.5 cm long; rachis 18–23 cm long, many-flowered; floral bracts triangular, acuminate, 10–15 by 8–9 mm. Flowers to 38 mm in diameter, yellow with red blotches, labellum cream-coloured or white becoming yellow with age; sepals and petals pubescent; flowers with a foetid smell. Sepals lanceolate, acute, pubescent, 20–23 by 8–10 mm. Petals similar to the sepals. Labellum elliptic, weakly 3-lobed, sides entire and much recurved, broadest part of the labellum near its middle, 9–10 mm long; mid-lobe tooth-like, deflexed, to 3 by 2 mm; side lobes inconspicuous, without calli, to 2 mm long. Column 6–9 mm long. Ovary (including pedicel) pubescent, 18–20 mm long. Capsule ellipsoid, c. 52 by 14 mm.",general,EN,H.Æ. Pedersen et al.,,Forest Herbarium,2022-04-21,Rachun Pooma & Sawita Yooprasert,ref-THA-0000278975,12,2,"Plocoglottis gigantea . Flora of Thailand. Vol. 12. Part 2, 2014. Pg. 615. Accessed 2022-04-21",All rights reserved,Forest Herbarium,https://www.dnp.go.th/botany/eflora/floraspecies.html?tdcode=05951
wfo-0000278981,"Flowering shoots pseudobulbous. Pseudobulbs conical, spaced at intervals on a creeping rhizome, 4–10(–12) by 0.5–1 cm, covered by leaf sheaths. Foliage leaf 1, elliptic-lanceolate, acuminate, glabrous, 46–61 by 6.8–9.4(–11.1) cm; petiole (15–)20–40 cm long. Inflorescences lax or semi-dense, pubescent or subglabrous, 46–70(–80) cm long; peduncles to 50 cm long; sterile bracts 3–5, lanceolate-oblong, acute, 1.5–3 cm long; rachis gradually elongating to 30 cm long, 10- to 15-flowered; floral bracts ovate-lanceolate, acute, 6.5–10 by 2–2.3 mm. Flowers to 27 mm in diameter; yellow with red or sometimes brown blotches, labellum yellow. Sepals ovate-lanceolate, acuminate; dorsal sepal 11–15 by 5–6 mm; lateral sepals 13–15 by 3–5 mm. Petals linear-oblong, acute, 11–15 by 2.5–2.9 mm. Labellum ovate-lanceolate, weakly 3-lobed, side margins entire, 8–9 by 7–8 mm; mid-lobe tooth-like, strongly recurved, 0.5–2.5 mm long; side lobes obtuse, without calli, to 2 by 3.5 mm. Column with broad apical wings, 5.5–6.2 mm long. Ovary (including pedicel) glabrous or pubescent, c. 15 mm long. Capsule not seen.",general,EN,H.Æ. Pedersen et al.,,Forest Herbarium,2022-04-21,Rachun Pooma & Sawita Yooprasert,ref-THA-0000278981,12,2,"Plocoglottis javanica . Flora of Thailand. Vol. 12. Part 2, 2014. Pg. 616. Accessed 2022-04-21",All rights reserved,Forest Herbarium,https://www.dnp.go.th/botany/eflora/floraspecies.html?tdcode=05952
wfo-0000278991,"Flowering shoots pseudobulbous. Pseudobulbs conical, green to violet, spaced on a creeping rhizome, 5–8(–15) by 1.1–1.5(–2) cm. Foliage leaves 1 or 2(–3, see below), elliptic lanceolate, acute, upper surface green or purple, lower purple, glabrous, 30–59 by 4.5–12 cm; petioles (3–)6–14 cm long. Inflorescences lax, violet, pubescent, 62–120 cm long; peduncles 48– 84 cm long; sterile bracts 5–8, lanceolate-oblong, acute, glabrous or pubescent, (1.2–)1.6–4.5 cm long; rachis 14–36 cm long, 20- to 30-flowered; floral bracts ovate-lanceolate, acuminate, green violet, pubescent, 6–11.7 by 1.8–6 mm. Flowers to 25 mm in diameter; yellowish or greenish with red markings, with a dark red blotch on the thickened portion of the lateral sepal, column yellow; sepals, petals and column more or less pubescent. Sepals oblong-lanceolate, subacute to acuminate; dorsal sepal 10–16(–17) by 4–5.6 mm; lateral sepals 9–14 by 5–7 mm, inside margins usually thickened. Petals linear-lanceolate, acute, 9.5–16.3 by 2–4.5 mm. Labellum ovate, 3-lobed, with 2 conical calli near the apex, sides erose or fimbriate, apex reflexed, 5.5–8 by 5–8.3 mm; mid-lobe tooth-like, (1–)1.3–2.5 by 0.7–1.3 mm; side lobes triangular, obtuse or subacute, with calli. Column pubescent, 4.5–8 mm long. Ovary (including pedicel) pubescent, 10–15 mm long. Capsule elongate-ellipsoid, pubescent, 22–40 by 3–8 mm.",general,EN,H.Æ. Pedersen et al.,,Forest Herbarium,2022-04-21,Rachun Pooma & Sawita Yooprasert,ref-THA-0000278991,12,2,"Plocoglottis lowii . Flora of Thailand. Vol. 12. Part 2, 2014. Pg. 618. Accessed 2022-04-21",All rights reserved,Forest Herbarium,https://www.dnp.go.th/botany/eflora/floraspecies.html?tdcode=05953
wfo-0000279009,"Flowering shoots as reed-like stems, without prominent pseudobulbs. Foliage leaves 5–7, lanceolate-elliptic, acuminate, glabrous, laminas 11.5–21 by (1.6–)2–3.5 cm; petioles to 1.5 cm long. Inflorescences lax, pubescent, 67–92 cm tall; peduncles to 58 cm long; sterile bracts 7–8, lanceolate-oblong, acute, glabrous or hairy, 1.6–5 cm long; rachis 14–37 cm long, 10- to 25-flowered; floral bracts ovate-lanceolate, acuminate, green or purple, 8–10 by 2–4 mm. Flowers to 29 mm in diameter; yellow and tinged red, lateral sepals shiny red at the base, labellum yellow with dark markings, column white or yellow. Sepals ovate-lanceolate, subacute, outside hairy; dorsal sepal 18–25 by 5.2–8 mm; lateral sepals 13–22 by 5–10 mm. Petals narrowly linear-lanceolate, subacute, glabrous, 18–25 by 3–5 mm. Labellum quadrangular, 3-lobed, glabrous, side margins erose or fimbriate-hairy, 8–12 by 8–12 mm; mid-lobe tooth-like, sometimes reflexed, 1–2 by 1.2–2 mm; side lobes square or triangular, obtuse, with calli near the tip, 2–5 by 3.5–5 mm. Column 9–11 mm long; rostellum beaked, obtuse. Ovary (including pedicel) pubescent, 7–18 mm long. Capsule not seen.",general,EN,H.Æ. Pedersen et al.,,Forest Herbarium,2022-04-21,Rachun Pooma & Sawita Yooprasert,ref-THA-0000279009,12,2,"Plocoglottis quadrifolia . Flora of Thailand. Vol. 12. Part 2, 2014. Pg. 619. Accessed 2022-04-21",All rights reserved,Forest Herbarium,https://www.dnp.go.th/botany/eflora/floraspecies.html?tdcode=05954
wfo-4000035900,"Terrestrial herbs with adjacent pseudobulbous stems. Flowering shoots (16–)30–130(–150) cm tall. Pseudobulbs mostly underground and borne just below the soil surface. Foliage leaves few (very rarely one), plicate, lanceolate-oblong or grass-like, often deciduous, acuminate, glabrous, petiolate. Inflorescences racemose, few-flowered, basal, mostly pubescent; sterile bracts one to few, apically grading into the persistent floral bracts. Flowers medium-sized or large and often showy, resupinate, in Thailand yellow, white or pink. Sepals  free, spreading, outside usually pubescent. Petals similar but normally glabrous. Labellum 3-lobed, spurless, ornamented by basal twin-calli; mid-lobe spathulate or rarely linear-oblong, usually with 2 lateral teeth at the base of the claw; side lobes most commonly large, oblong, erect and enclosing the column. Column long, glabrous, without a column foot; anther versatile, incumbent, pollinia 8, waxy, clavate. Ovary pubescent, not distinct from the pedicel. Capsule variously ellipsoid.</br></br>A genus of c. 40 species distributed from India in the west throughout tropical and extra-tropical SE Asia to northern Australia (Queensland) and the islands of the Pacific Ocean, with Spathoglottis plicata also naturalised in other parts of the world; 7 species in Thailand.</br></br>Notes: a more comprehensive version of this account was published in Rheedea 18: 63–74. 2008.",general,EN,H.Æ. Pedersen et al.,,Forest Herbarium,2022-04-21,Rachun Pooma & Sawita Yooprasert,ref-THA-4000035900,12,2,"Spathoglottis  . Flora of Thailand. Vol. 12. Part 2, 2014. Pg. 621. Accessed 2022-04-21",All rights reserved,Forest Herbarium,https://www.dnp.go.th/botany/eflora/floragenus.html?tdcode=05955
wfo-0000312065,"Flowering shoots (24–)30–60(–77) cm tall. Pseudobulbs somewhat flattened, to 1 by 3 cm. Foliage leaves 2–4, lanceolate-linear, grass-like, deciduous, acute, glabrous, (10–)18–42 by (0.6–)1–2.3(–3.1) cm; petioles 3–5(–12) cm long. Inflorescences lax, pubescent, purple; peduncles (16–)23–50(–61) cm long; sterile bracts 4–8, lanceolate-oblong, acute or acuminate, (0.5–)0.9–3 cm long; rachis (4–)7–20 cm long, 3- to 15-flowered (rarely up to 20-flowered); floral bracts ovate-lanceolate, subacute, purple, 3‒7(‒10) by 1‒3(‒4) mm. Flowers yellow, sepals sometimes red-streaked, labellum calli usually with red markings, column yellow. Sepals elliptic, obtuse or subacute, pubescent, (15–)16–21(–23) by 6.5–10(–12) mm. Petals elliptic, obtuse, glabrous or sparsely pubescent, 15.5–20(–22) by 7–11(–13) mm. Labellum 3-lobed, glabrous except for the calli, (13–)18–20(–22) by 15–20(–22) mm; mid-lobe fan-shaped, emarginate, with a claw nearly as long as the blade, 9–15(–18) by (6–)7.5–10.5 mm; side lobes oblong, obtuse, erect, (4–)5–8(–10) by (1.5–)3–5 mm; disk ornamented by terete twin-calli, clavate and united basally, usually with long white hairs. Column slender, glabrous, 10–12(–14) mm. Ovary (including pedicel) pubescent, 14–30(–33) mm long. Capsule ellipsoid, pubescent, 18–30 by 6–8 mm.",general,EN,H.Æ. Pedersen et al.,,Forest Herbarium,2022-04-21,Rachun Pooma & Sawita Yooprasert,ref-THA-0000312065,12,2,"Spathoglottis affinis . Flora of Thailand. Vol. 12. Part 2, 2014. Pg. 622. Accessed 2022-04-21",All rights reserved,Forest Herbarium,https://www.dnp.go.th/botany/eflora/floraspecies.html?tdcode=05956
wfo-0000312071,"Flowering shoots entirely glabrous except for the calli on the labellum, 60–90 cm tall. Pseudobulbs ovoid. Foliage leaves 2–3, lanceolate, acuminate, 30–50 by 2.5–4 cm; petioles 10–20 cm long. Inflorescences lax; sterile bracts 2–4, lanceolate-oblong, acute, sometimes purple tinged, 1.6–2 cm long; rachis elongating to about 22 cm, c. 10-flowered; floral bracts ovate, obtuse, 10–12 by c. 13 mm. Flowers 40–65 mm in diameter; yellow, labellum with red markings. Sepals oblong, acute, 20–25 by 10–12 mm. Petals elliptic, acute, 20–25 by 11–14 mm. Labellum 3-lobed, c. 22 by 32 mm; mid-lobe narrowly oblong and somewhat pointed, indistinctly wider in the upper part, obtuse, c. 16 by 4 mm; side lobes erect, to 15 by 4.5 mm; disk ornamented by terete twin-calli, clavate, basally joined, 4 mm tall. Column curved, 15–18 mm long. Ovary (including pedicel) c. 30 mm long. Capsule not seen. [Description mainly drafted from the Thai specimen].",general,EN,H.Æ. Pedersen et al.,,Forest Herbarium,2022-04-21,Rachun Pooma & Sawita Yooprasert,ref-THA-0000312071,12,2,"Spathoglottis aurea . Flora of Thailand. Vol. 12. Part 2, 2014. Pg. 623. Accessed 2022-04-21",All rights reserved,Forest Herbarium,https://www.dnp.go.th/botany/eflora/floraspecies.html?tdcode=05957
wfo-0000312084,"Flowering shoots (23–)34–58 cm tall. Pseudobulbs globular or conical, 0.7–0.8 by 1.5–1.8 cm. Foliage leaves 2–3, narrowly lanceolate to linear, grass-like, acute, glabrous, 16–40 by 0.6–1.1(–1.4) cm; petioles (3–)7–9 cm long. Inflorescences lax, pubescent, purple; peduncles 16–51 cm long; sterile bracts 4–7, lanceolate-oblong, acute, 0.5–2.5 cm long; rachis 7–15 cm long, to 12-flowered; floral bracts ovate-lanceolate, subacute or acute, 3–7(–8) by 1.5–2.5  mm. Flowers cream-coloured or white, labellum base yellow. Sepals elliptic-lanceolate, acute or subacute, pubescent, (15–)17–22 by 6.5–10 mm. Petals elliptic, obtuse, basally pubescent, (14.5–)17–22 by 8–12 mm. Labellum 3-lobed, mostly glabrous, 15–19 by 13–17(–18.6) mm; mid-lobe reniform, basal claw indistinct or absent, apex obtuse to emarginate, wider than half  the total labellum width, 8–11.6 by (7–)8–11.6 mm; side lobes square, obtuse, erect, 4–8 by 4.8–8 mm; disk ornamented by lamella-like twin-calli, semi-circular and not tapering towards the labellum base, basally hardly united, 2.4–3 mm wide. Column curved, slender at the base and expanded above, glabrous, 7–11 mm long. Ovary (including pedicel) pubescent, 15–27 mm long. Capsule ellipsoid, pubescent, c. 15 by 7 mm.",general,EN,H.Æ. Pedersen et al.,,Forest Herbarium,2022-04-21,Rachun Pooma & Sawita Yooprasert,ref-THA-0000312084,12,2,"Spathoglottis eburnea . Flora of Thailand. Vol. 12. Part 2, 2014. Pg. 625. Accessed 2022-04-21",All rights reserved,Forest Herbarium,https://www.dnp.go.th/botany/eflora/floraspecies.html?tdcode=05958
wfo-0000312089,"Flowering shoots c. 48 cm tall. Pseudobulbs about 2 cm thick. Foliage leaves narrowly lanceolate, acuminate, 29–40 by 2–3 cm; petioles 8–9 cm long. Inflorescences lax, glabrous; peduncles c. 38 cm long; sterile bracts 3, lanceolate-oblong, erect, tubular, sheathing, c. 1.5 cm long, glabrous; rachis c. 10 cm long, to 15-flowered; floral bracts elliptic-ovate, concave, obtuse, lower c. 10 by 7 mm. Flowers to over 60 mm in diameter; bright yellow. Sepals elliptic-ovate, obtuse or subacute, pubescent, c. 28 by 12 mm, 7-veined. Petals elliptic-ovate, obtuse, c. 29 by 13.7 mm, several-veined. Labellum 3-lobed, mostly glabrous; mid-lobe obcordate, emarginate, c. 4 by 9 mm, with a long basal claw c. 13 by 3–4 mm, a pair of triangular teeth c. 2 by 2 mm in the basal part of the claw next to the calli; side lobes obliquely spathulate-oblong, obtuse, erect, c. 13 by 6 mm, widening above; disk ornamented by terete, c. 4 mm long twin-calli. Column curved, c. 17 mm long. Ovary (including pedicel) glabrous, c. 35 mm long. Capsule not seen. [Description drafted mainly from the single Thai specimen].",general,EN,H.Æ. Pedersen et al.,,Forest Herbarium,2022-04-21,Rachun Pooma & Sawita Yooprasert,ref-THA-0000312089,12,2,"Spathoglottis gracilis . Flora of Thailand. Vol. 12. Part 2, 2014. Pg. 626. Accessed 2022-04-21",All rights reserved,Forest Herbarium,https://www.dnp.go.th/botany/eflora/floraspecies.html?tdcode=05959
wfo-0000312091,"Flowering shoots 16–33(–40) cm tall. Pseudobulbs ovoid to conical, to 1.7 by 1 cm. Foliage leaves 2–3, linear-lanceolate, grass-like, acute, glabrous, (9.5–)14–27 by 0.7–2.9(–3.3) cm; petioles 1.5–8 cm long. Inflorescences lax, pubescent, erect or slightly arching; peduncles 11–20(–27) cm long; sterile bracts 4–7(–8), lanceolate-oblong, acute or acuminate, (0.7–)1–2.6 cm long; rachis 5–13 cm long, 8- to 15-flowered; floral bracts ovate-lanceolate, subacute, 3–6(–8) by 1–2.5 mm. Flowers to 25 mm in diameter, pink with yellow labellum calli. Sepals narrowly lanceolate, acute, outside sparsely pubescent, 10–14 by 2.8–4.6 mm. Petals narrowly lanceolate, acute, glabrous, 9.5–13.7 by 1.9–3.2 mm. Labellum 3-lobed, glabrous, 10.5–15 by 3–5 mm; mid-lobe linear-lanceolate, 6–8 by 0.7–1 mm; side lobes small, triangular, obtuse, 0.5–2.3(–3) by 3.5–4.8 mm; disk ornamented by terete, clavate twin-calli. Column glabrous, lower part slender and thickened above, 10–12 mm long. Ovary (including pedicel) pubescent, 25–40 mm long. Capsule not seen.",general,EN,H.Æ. Pedersen et al.,,Forest Herbarium,2022-04-21,Rachun Pooma & Sawita Yooprasert,ref-THA-0000312091,12,2,"Spathoglottis hardingiana . Flora of Thailand. Vol. 12. Part 2, 2014. Pg. 626. Accessed 2022-04-21",All rights reserved,Forest Herbarium,https://www.dnp.go.th/botany/eflora/floraspecies.html?tdcode=05960
wfo-0000312121,"Flowering shoots (39–)80–130(–150) cm tall. Pseudobulbs conical, to 3 cm long. Foliage leaves evergreen, (3–)4–9, lanceolate-oblong, acuminate, glabrous, (37–)61–125 by (1.5–)2.2–5.8(–11) cm; petioles (6–)12–30(–44) cm long. Inflorescences lax or semi-dense, pubescent to subglabrous; peduncles (32–)52–90(–130) cm tall; sterile bracts (3–)4–9, lanceolate-oblong, acuminate, 1–3.5(–5) cm long; rachis 7–15(–20) cm long, 15- to many-flowered; floral bracts ovate-lanceolate, acuminate, glabrous or hairy, usually reflexed, often pink or violet, (12–)14–21(–23) by (4–)6–16 mm. Flowers purple or pink, labellum violet, calli red and often with yellow markings; flowers sometimes remaining half-closed. Sepals obovate-lanceolate, acuminate or acute, outside sparsely hairy, 14–26 by 6–12 mm. Petals obovate-elliptic, obtuse or shortly acuminate, glabrous, wider than the sepals, (13–)15–28 by 8–15 mm. Labellum 3-lobed, glabrous except for the calli, 13–20 by 12–20 mm; mid-lobe reniform, obtuse, apex truncate or emarginate, with a claw as long as the blade or longer, 9–15 by 5.5–11 mm; side lobes oblong, obtuse, erect, 6–10 by 2.3–3.7 mm; disk ornamented by terete, hairy twin-calli. Column glabrous, 11.5–12.5(–14) mm long. Ovary (including pedicel) maroon or violet, glabrous or hairy, (27–)32–45(–58) mm long. Capsule ellipsoid, glabrous or hairy, violet, 22–32 by 6–10(–13) mm.",general,EN,H.Æ. Pedersen et al.,,Forest Herbarium,2022-04-21,Rachun Pooma & Sawita Yooprasert,ref-THA-0000312121,12,2,"Spathoglottis plicata . Flora of Thailand. Vol. 12. Part 2, 2014. Pg. 628. Accessed 2022-04-21",All rights reserved,Forest Herbarium,https://www.dnp.go.th/botany/eflora/floraspecies.html?tdcode=05961
wfo-0000312126,"Flowering shoots (15–)35–60(–68) cm tall. Pseudobulbs conical, 0.8–2 by 1.8–2 cm. Foliage leaves (1–)2–3(–4), lanceolate-linear, grass-like, acute or acuminate, glabrous, (5.5–)15–35(–45) by 0.5–1.8(–2.5) cm; petioles (2–)3–7(–10) cm long. Inflorescences lax, pubescent, green or purple; peduncles (14–)23–55(–60) cm long; sterile bracts 3–6(–9), lanceolate-oblong, acute or acuminate, glabrous or pubescent, (0.4–)0.7–2(–4) cm long; rachis (1–)5–20 cm long, (1–)3- to 8-flowered; floral bracts ovate-lanceolate, subacute or acute, pubescent, (3.5–)4–8.5 by 1–3(–4) mm. Flowers yellow and often tinged with purple, with red veins on the labellum side lobes, calli and column yellow. Sepals lanceolate-elliptic, acute or subacute, pubescent, (10.5–)12–16(–20) by 5–8.5 mm. Petals elliptic, obtuse, glabrous or pubescent, (10–)13–17.5(–20) by 5–8(–9) mm. Labellum 3-lobed, glabrous except for the calli and the basal labellum part, 11–15(–18) by (10–)12–16(–20.5) mm; mid-lobe reniform, shortly clawed, obtuse, truncate or emarginate, narrower than half the total labellum width, 7–10(–11) by 4–8(–10) mm; side  lobes oblong, obtuse, erect, 4.5–8(–9) by 2.6–5 mm; disk ornamented by lamella-like twin-calli, broadest distally and tapering towards the base, hardly united at the base. Column glabrous, 7–10(–12) mm long; rostellum short, oblong. Ovary (including pedicel) pubescent, 12–25 mm long. Capsule ellipsoid, pubescent, 15–18 by 5–8 mm.",general,EN,H.Æ. Pedersen et al.,,Forest Herbarium,2022-04-21,Rachun Pooma & Sawita Yooprasert,ref-THA-0000312126,12,2,"Spathoglottis pubescens . Flora of Thailand. Vol. 12. Part 2, 2014. Pg. 630. Accessed 2022-04-21",All rights reserved,Forest Herbarium,https://www.dnp.go.th/botany/eflora/floraspecies.html?tdcode=05962
wfo-4000036634,"Terrestrial, mycohetrotrophic herbs with a vertical corm; devoid of roots. Flowering shoots erect; stem hollow, fragile, glabrous, pale brownish-white. Leaves alternate, membranous, scale-like, sheathing (below) or non-sheathing (above). Inflorescence racemose, (fairly) lax; floral bracts membranous, glabrous. Flowers resupinate, pendent. Sepals and petals free, glabrous. Labellum ornamented by glabrous calli, without papillae, spurless. Column stout, glabrous, without stelids and column foot; anther subterminal, versatile; pollinia 2, granular, longitudinally furrowed, with filiform caudicles; receptive part of stigma flat. Ovary distinctly pedicelled, glabrous. Fruit a capsule dehiscing by 6 longitudinal slits; pedicel not elongating during fruit ripening.</br></br>A monotypic genus; distribution as for the species (see below).",general,EN,H.Æ. Pedersen et al.,,Forest Herbarium,2022-04-21,Rachun Pooma & Sawita Yooprasert,ref-THA-4000036634,12,2,"Stereosandra  . Flora of Thailand. Vol. 12. Part 2, 2014. Pg. 631. Accessed 2022-04-21",All rights reserved,Forest Herbarium,https://www.dnp.go.th/botany/eflora/floragenus.html?tdcode=05963
wfo-0000316748,"Corm oblongoid (to ellipsoid or ovoid), 1.6–4.4 cm long, 0.6–2.1 cm in diameter. Flowering shoots 16–50 cm tall; stem 1–4 mm in diameter at base, 0.5–2 mm just below rachis; scale leaves 2–7. Inflorescence 3- to many-flowered; rachis 3–19 cm long; floral bracts lanceolate, acuminate, 3.5–11.6 by 1.2–4.3 mm, entire. Flowers not opening fully, white with purple-tipped sepals, petals and labellum. Sepals 3-veined from the base; dorsal sepal linear-triangular, acute to acuminate, 8.2–9.2 by 1.7–2.2 mm; lateral sepals obliquely to falcately linear-triangular, acuminate, 8–10.1 by 1.6–2.2 mm. Petals linear-lanceolate, acute to acuminate, 8.1–9.2 by 2.2–2.3 mm, 3-veined from the base, entire. Labellum continuing the line of the ovary, concave at base, (ovate-)lanceolate with strongly incurved sides that enfold the column, obtuse to subacuminate, entire to irregularly undulate-crenate, glabrous, smooth, ornamented by a pair of ellipsoid calli at base, 9.3–11.2 by 3.4–3.7 mm when flattened. Column incurved, 3–3.5 mm long; anther more or less saddle-shaped, (linear-)oblong in upper view, rounded in front, bilobed at base, 2.5–3 mm long, releasing the pollinia directly onto the fertile stigma. Ovary ellipsoid, 3–8.2 mm long; pedicel 1.5–5 mm long. Capsule ellipsoid to subspherical, 5–11 mm long, 3–7 mm in diameter.",general,EN,H.Æ. Pedersen et al.,,Forest Herbarium,2022-04-21,Rachun Pooma & Sawita Yooprasert,ref-THA-0000316748,12,2,"Stereosandra javanica . Flora of Thailand. Vol. 12. Part 2, 2014. Pg. 632. Accessed 2022-04-21",All rights reserved,Forest Herbarium,https://www.dnp.go.th/botany/eflora/floraspecies.html?tdcode=05964
wfo-4000037451,"Terrestrial, sympodial, autotrophic herbs with (often more or less buried) pseudobulbs that are clustered or (more often) distinctly separated along a rhizome. Foliage leaves usually present at the time of flowering, plicate (very rarely duplicate), 1 per corm or pseudobulb, not sheathing at base, either sessile with a rounded to cordate base or long-petiolate with a lamina  that is rounded to cuneate at base. Inflorescence heteranthous, or lateral from basal portion of corm or pseudobulb, racemose, usually longer than foliage leaves at the time of flowering; floral bracts spreading to pendent, acute. Flowers resupinate, all or nearly all open at the same time. Sepals and petals free, glabrous. Labellum firmly attached, not fused with column, entire or 3-lobed, usually ornamented by 2 or more longitudinal keels on the ventral side, sometimes shortly spurred at base. Column straight to slightly incurved, glabrous; column foot long, short or absent; anther subterminal, incumbent, versatile, sometimes with 2 short horn-like processes on top; pollinia 8, solid, with or without short caudicles; rostellum producing neither a stipe nor a viscidium; fertile part of stigma concave. Fruit a capsule dehiscing by longitudinal slits.</br></br>A genus of c. 30 species distributed in most of Indo-Malesia, extending to southern Japan in the north and to the Solomon Islands and northern Queensland in the south-east; 10 species in Thailand.",general,EN,H.Æ. Pedersen et al.,,Forest Herbarium,2022-04-21,Rachun Pooma & Sawita Yooprasert,ref-THA-4000037451,12,2,"Tainia  . Flora of Thailand. Vol. 12. Part 2, 2014. Pg. 633. Accessed 2022-04-21",All rights reserved,Forest Herbarium,https://www.dnp.go.th/botany/eflora/floragenus.html?tdcode=05965
wfo-0000320466,"Pseudobulbs consisting of several internodes, erect (to somewhat prostrate), obliquely (conical-)ellipsoid, 1.3–2.5 cm long, 1.8–3.1 cm in diameter. Leaves petiolate; petiole (7–)13–29 cm long, with an articulation in its upper half; lamina (ob)lanceolate, acute to acuminate, (16.8–) 22.7–39.5 by (2.4–)3.5–6.4 cm, thin-textured. Inflorescence arising from a node, 24–79 cm long; rachis (3.4–)11.5–30.8 cm long, (3–)6- to 16-flowered; floral bracts 4–15 mm long. Flowers mainly green to yellowish brown (labellum white with purple markings). Sepals acuminate; dorsal sepal oblanceolate-linear to lanceolate-oblong, 13.5–17.3 by 3–3.9 mm; lateral sepals obliquely oblanceolate-linear to lanceolate-oblong, 13.5–18 by 3–4.3 mm. Petals obliquely oblanceolate, acute, sometimes mucronate, 13.5–17.4 by 3.9–4 mm. Labellum 3-lobed, 12–15.3 by 5.5–6.4 mm when flattened, 2.2–2.4 times as long as wide, with a 2–4 mm long spur at base; mid-lobe suborbicular to transversely elliptic, rounded, 2.5–3.7 by 4.8–5 mm, margin entire and straight; side lobes obtuse to acute, 1.5–1.7 mm long (measured along front edge); labellum ornamented by 5 keels starting from (near) its base and terminating on the mid-lobe; all keels straight, abruptly increasing in height just below the mid-lobe and usually distinctly erose dentate distally. Column 7.5–8.7 mm long, without a column foot. Ovary (including pedicel) 8–17 mm long.",general,EN,H.Æ. Pedersen et al.,,Forest Herbarium,2022-04-21,Rachun Pooma & Sawita Yooprasert,ref-THA-0000320466,12,2,"Tainia angustifolia . Flora of Thailand. Vol. 12. Part 2, 2014. Pg. 635. Accessed 2022-04-21",All rights reserved,Forest Herbarium,https://www.dnp.go.th/botany/eflora/floraspecies.html?tdcode=05966
wfo-0000778290,"Pseudobulbs consisting of one internode, erect, arcuate-subterete (petiole-like), slightly swollen towards base, 8.8–10.6 cm long, 0.5–0.7 cm in diameter. Leaves sessile, ovate-cordate, acute, mucronate, c. 14 by 8.7–9.6 cm, somewhat leathery. Inflorescence arising from a node, c. 30 cm long; rachis c. 8.5 cm long, c. 10-flowered; floral bracts 6–12 mm long. Flowers mainly olive-green flushed purple or orange (sepals and petals sometimes with yellowish-green veins, labellum mainly white to rose-coloured with bold, partly confluent purple spots and purple to blackish-purple distally). Sepals acute to acuminate; dorsal sepal lanceolate, 17.6–21 by 5.7–5.8  mm; lateral sepals falcately lanceolate from a broader base, 19.7–23.1 by 9.1–11 mm. Petals (ovate-)elliptic, slightly oblique, acute, 16.2–18.8 by 7.5–8.4 mm. Labellum broadly rhombic-ovate to rhombic, obtuse to subacute, 18–23 by 18–19 mm when flattened, 1–1.2 times as long as wide, slightly concave at base, margin entire and somewhat undulate; labellum ornamented by 3 keels starting from near its base and terminating close to the slightly thickened labellum apex; median keel straight and entire proximally, undulate and crenulate distally, low, thickened in its distal part; lateral keels straight and entire proximally, undulate and crenulate distally, from labellum base low, in mid-portion raised to narrow lamellae and distally again lower, but thicker. Column 8.5–8.8 mm long, with an 11–12.5 mm long column foot. Ovary (including pedicel) 9–14 mm long.",general,EN,H.Æ. Pedersen et al.,,Forest Herbarium,2022-04-21,Rachun Pooma & Sawita Yooprasert,ref-THA-0000778290,12,2,"Tainia crassa . Flora of Thailand. Vol. 12. Part 2, 2014. Pg. 635. Accessed 2022-04-21",All rights reserved,Forest Herbarium,https://www.dnp.go.th/botany/eflora/floraspecies.html?tdcode=05967
wfo-0000320513,"Pseudobulbs consisting of one internode, erect, fusiform, 3.7–8.5 cm long, 0.4–1 cm in diameter. Leaves petiolate; petiole 5.5–23 cm long, without an articulation; lamina lanceolate to elliptic, acute to acuminate, 13.1–33.6 by 3.4–10.4 cm, thin-textured. Inflorescence arising 7–23 mm above a node, 46–99 cm long; rachis 14.7–35 cm long, 13- to many-flowered; floral bracts 2–10 mm long. Flowers mainly greenish to dark brown (sepals and petals often with dark red veins, labellum cream to white). Sepals acute to obtuse; dorsal sepal (oblanceolate-)linear, 10.7–15.3 by 1.6–2.3 mm; lateral sepals falcately (lanceolate-)linear, 10–13.5 by 1.6–2.2 mm. Petals falcately (ob)lanceolate-linear, (sub)acute to acuminate, 10–14 by 2–2.5 mm. Labellum 3-lobed to subentire, 8.8–12.3 by 5.6–7.1 mm when flattened, 1.6–1.7 times as long as wide, flat at base;  mid-lobe suborbicular to broadly subspathulate or broadly oblong (rarely transversely oblong), rounded to retuse or abruptly subacuminate, sometimes apiculate, 2.5–4.6 by 3.9–5.4(–6.8) mm, margin entire, straight to slightly undulating; side lobes rounded to subacute, 0.8–1.9 mm long (measured along front edge); labellum ornamented by (2–)3 keels starting from (near) its base and terminating on the mid-lobe; median keel straight to slightly undulating, entire, low; lateral keels straight to slightly undulating, entire, raised lamella-like from near the base (or centrally), sometimes double-crested in their highest part (about half-way). Column 6.2–7.6 mm long, with a 1.2–2.3 mm long column foot. Ovary (including pedicel) 7–13.5 mm long.",general,EN,H.Æ. Pedersen et al.,,Forest Herbarium,2022-04-21,Rachun Pooma & Sawita Yooprasert,ref-THA-0000320513,12,2,"Tainia latifolia latifolia. Flora of Thailand. Vol. 12. Part 2, 2014. Pg. 637. Accessed 2022-04-21",All rights reserved,Forest Herbarium,https://www.dnp.go.th/botany/eflora/florainfra.html?tdcode=05969
wfo-0000837012,"Pseudobulbs consisting of one internode, erect, quadrangular-ovoid, 4–7 cm long, 2–2.5 cm in maximum diameter. Leaves duplicate, sessile, ovate, acute to subacuminate, 5.8–10 by 3.4–6.5 cm, leathery. Inflorescence arising from a node, 33–43 cm long; rachis 5.5–9.5 cm long, 4- to 8-flowered; floral bracts 10–18 mm long. Flowers mainly green (sepals and petals with weak brownish veins, labellum greenish-yellow with pale yellow keels). Sepals acute; dorsal sepal linear to linear-lanceolate, 16.2–22.2 by 3.3–3.5 mm; lateral sepals falcately linear-lanceolate, 16.9–20 by 3.6–4.6 mm. Petals obliquely (triangular-)lanceolate, acute, 14.7–20.1 by 4.5–5.3 mm. Labellum 3-lobed, 13.1–15.9 by 8–11.2 mm when flattened, 1.3–1.6 times as long as wide, flat at base; mid-lobe broadly triangular-ovate to cordate, obtuse to acute, 7–9.5 by 8.5–10.1 mm, margin slightly irregular and straight; side lobes (sub)acute, 2.3–3.2 mm long (measured along the front edge); labellum ornamented by 2 keels starting from just above its base and terminating on the proximal to middle part of the mid-lobe; keels slightly curved, entire, gradually raising lamella-like from the base, double-crested in their highest part and abruptly decreasing in height at the base of mid-lobe. Column 4.6–5.9 mm long, with a 6.2–7 mm long column foot. Ovary (including pedicel) 11–12.8 mm long.",general,EN,H.Æ. Pedersen et al.,,Forest Herbarium,2022-04-21,Rachun Pooma & Sawita Yooprasert,ref-THA-0000837012,12,2,"Tainia longiscapa . Flora of Thailand. Vol. 12. Part 2, 2014. Pg. 639. Accessed 2022-04-21",All rights reserved,Forest Herbarium,https://www.dnp.go.th/botany/eflora/floraspecies.html?tdcode=05970
wfo-0000320521,"Pseudobulbs consisting of one internode, erect, subterete, 2.5–4.8 cm long, 0.4–0.5 cm in diameter. Leaves petiolate; petiole 4.5–5.5 cm long, without an articulation; lamina (elliptic-) lanceolate, acuminate, 25–29 by 7.2–7.7 cm, thin-textured. Inflorescence arising from the base of the pseudobulb, 63.5–97 cm long; rachis 12–30 cm long, 6- to 12-flowered; floral bracts 14–21 mm long. Flowers mainly purplish-red (sepals and petals with white apices, labellum white with confluent purple markings in a median band). Sepals caudate; dorsal sepal narrowly lanceolate linear, 58–77 by 3–5 mm; lateral sepals narrowly lanceolate-linear, slightly oblique, 70–76 by 4–6 mm. Petals narrowly and obliquely lanceolate, caudate, 35–40 by 3–5.8 mm. Labellum 3-lobed, c. 14.4 by c. 10.9 mm when flattened, c. 1.3 times as long as wide, slightly concave at base; mid-lobe rhombic-ovate, acute, c. 9.3 by c. 7 mm, margins (and adjoining parts of ventral surface) laciniate proximally, entire distally, straight; side lobes rounded, c. 4.2 by c. 2.7 mm (measured along front edge), entire proximally, laciniate distally (on margin and adjoining parts of ventral surface); labellum ornamented by 3 keels starting from (near) the labellum base and terminating on the mid-lobe; median keel straight, proximally low fleshy and papillose, distally high lamella-like and laciniate; lateral keels subsimilar to median keel. Column c. 10 mm long, with a c. 3.5 mm long column foot. Ovary (including pedicel) 13–22 mm long.",general,EN,H.Æ. Pedersen et al.,,Forest Herbarium,2022-04-21,Rachun Pooma & Sawita Yooprasert,ref-THA-0000320521,12,2,"Tainia maingayi . Flora of Thailand. Vol. 12. Part 2, 2014. Pg. 640. Accessed 2022-04-21",All rights reserved,Forest Herbarium,https://www.dnp.go.th/botany/eflora/floraspecies.html?tdcode=05971
wfo-0000320535,"Pseudobulbs consisting of one internode, erect, fusiform to subterete, 4.4–7.4 cm long, 0.2–0.4 cm in diameter. Leaves petiolate; petiole 12.7–25.3 cm long, without an articulation; lamina broadly lanceolate, acuminate, 12.5–22.7 by 3.5–6.1 cm, thin-textured. Inflorescence arising from a node or up to 22 mm above, 18–31.5 cm long; rachis 3.8–7.1 cm long, 5- to 9-flowered; floral bracts 1–17 mm long. Flowers mainly pale yellowish-green to brownish-pink (sepals and petals minutely crimson-dotted, labellum mainly white to yellow). Sepals acute to acuminate; dorsal sepal (ob)lanceolate-linear, 18.3–27.5 by 2–3.3 mm; lateral sepals falcately (linear-)lanceolate, 14.8–25 by 2–3.6 mm. Petals obliquely to falcately (ob)lanceolate-linear, obtuse to acuminate, 15.4–25 by 2–4.2 mm. Labellum 3-lobed, 12–16 by 10.5–11 mm when flattened, 1.1–1.5 times as long as wide, flat at base; mid-lobe rhombic to obovate or transversely elliptic, rounded, 5.7–7 by 9–9.7 mm, margin entire (to erose distally) and slightly undulating; side lobes obtuse to acuminate, 3.5–4 mm long (measured along front edge); labellum ornamented by 3 keels starting from (near) its base and terminating on the mid-lobe; median keel straight to more or less undulating, entire, lamella-like; lateral keels strongly undulating, entire, somewhat lamella-like. Column 8.8–9 mm long, with a 2–2.8 mm long column foot. Ovary (including pedicel) 8–19 mm long.",general,EN,H.Æ. Pedersen et al.,,Forest Herbarium,2022-04-21,Rachun Pooma & Sawita Yooprasert,ref-THA-0000320535,12,2,"Tainia paucifolia . Flora of Thailand. Vol. 12. Part 2, 2014. Pg. 641. Accessed 2022-04-21",All rights reserved,Forest Herbarium,https://www.dnp.go.th/botany/eflora/floraspecies.html?tdcode=05972
wfo-0000320536,"Pseudobulbs consisting of several internodes, erect, conical-ovoid to fusiform, 2.5–5 cm long, 0.4–2.5 cm in diameter. Leaves petiolate; petiole 6.5–35.8 cm long, with an articulation in its upper half; lamina (narrowly) oblanceolate to lanceolate, acute to acuminate, 13.5–47.9 by 1.5–6.8 cm, thin-textured. Inflorescence arising from a node, 44–130 cm long; rachis 8.2–55 cm long, 5- to 17-flowered; floral bracts 3–15 mm long. Flowers mainly greenish-brown to yellow (sepals and petals purple- to brown-veined; labellum white to cream, often with purple dots, greenish-yellow keels and brownish spur). Sepals acute to acuminate; dorsal sepal narrowly lanceolate, 17.5–24.5 by 3–4 mm; lateral sepals obliquely to falcately (ob)lanceolate-linear, 17–24.5 by 3.2–4 mm. Petals falcately and narrowly oblanceolate, acuminate, 16–22 by 2.8–3.8 mm. Labellum 3-lobed, 11–18 by 6–10 mm when flattened, 1.3–1.8 times as long as wide, with a (1.5–)2–4 mm long spur at base; mid-lobe (rhombic-)orbicular, subacuminate, 5–6.8 by 5–6.9 mm, margin entire and slightly undulating; side lobes rounded to obtuse, 3–3.5 mm long (measured along front edge); labellum ornamented by 3 keels starting from (near) its base and terminating on the mid-lobe; all keels straight or very nearly so, entire, somewhat lamella-like in their central and sometimes distal part. Column c. 10 mm long, with a 0.5–2 mm long column foot. Ovary (including pedicel) 9–17 mm long.",general,EN,H.Æ. Pedersen et al.,,Forest Herbarium,2022-04-21,Rachun Pooma & Sawita Yooprasert,ref-THA-0000320536,12,2,"Tainia penangiana . Flora of Thailand. Vol. 12. Part 2, 2014. Pg. 642. Accessed 2022-04-21",All rights reserved,Forest Herbarium,https://www.dnp.go.th/botany/eflora/floraspecies.html?tdcode=05973
wfo-0000320550,"Pseudobulbs consisting of one internode, erect, fusiform to subterete, 2.5–4.8 cm long, 0.2–0.6 cm in diameter. Leaves petiolate; petiole 7.1–21.5 cm long, without an articulation; lamina lanceolate to lanceolate-elliptic, acute to acuminate, 7–19.7 by 1.7–6 cm, thin-textured. Inflorescence arising from a node or up to 7 mm above, 16.2–50.5 cm long; rachis to 27 cm  long, 1- to 11-flowered; floral bracts 18.4–33 mm long. Flowers mainly white to cream or green  (sepals and petals often crimson-veined, labellum white with a yellow median band). Sepals caudate; dorsal sepal narrowly lanceolate-linear, 39.5–51 by 1.6–2.2 mm; lateral sepals narrowly linear, 49.2–53.1 by 1.8–2.1 mm. Petals obliquely triangular-linear, caudate, 29.2–37 by 2.5–2.8 mm. Labellum entire, linear-oblong to lanceolate-oblong, acuminate, 14.8–15.5 by 5–5.3 mm when flattened, 2.9–3 times as long as wide, with a c. 2 mm long spur at base, margin (sub)entire and undulating (at least distally); labellum ornamented by 1 or 3 keels starting from its base and terminating close to the labellum apex; consistently straight to slightly undulating, entire and  low. Column 5.4–5.7 mm long, with a 1.8–2.3 mm long column foot. Ovary (including pedicel) 9–18 mm long.",general,EN,H.Æ. Pedersen et al.,,Forest Herbarium,2022-04-21,Rachun Pooma & Sawita Yooprasert,ref-THA-0000320550,12,2,"Tainia speciosa . Flora of Thailand. Vol. 12. Part 2, 2014. Pg. 644. Accessed 2022-04-21",All rights reserved,Forest Herbarium,https://www.dnp.go.th/botany/eflora/floraspecies.html?tdcode=05974
wfo-0000320562,"Pseudobulbs consisting of several internodes, more or less prostrate, obliquely ovoid to ellipsoid, 2.5–6 cm long, 1.5–3.5 cm in diameter. Leaves petiolate; petiole 20–49 cm long, without an articulation; lamina lanceolate, acute to subacuminate, 32–66 by 3–9 cm, thin textured. Inflorescence arising from a node, 98–152 cm long; rachis 19.5–55 cm long, 18- to many-flowered; floral bracts 6–22 mm long. Flowers mainly dull purplish-brown to pale green (labellum mainly white to green with orangish spur and sometimes yellow mid-lobe). Sepals acute to acuminate; dorsal sepal narrowly oblanceolate, 22.4–27.6 by 5.7–6.2 mm; lateral sepals falcately (linear-)lanceolate, 19.7–24.6 by 6–6.4 mm. Petals falcately oblanceolate, acuminate, 17.7–24 by 5.4–5.9 mm. Labellum 3-lobed, 13.5–14 by 9.4–9.6 mm when flattened, 1.2–1.7  times as long as wide, with a 1.3–1.7 mm long spur at base; mid-lobe suborbicular, acute to subacuminate, 4.9–5.8 by 5.5–5.8 mm, margin entire and straight to undulate; side lobes obtuse  to rounded, 2–2.3 mm long (measured along front edge); labellum ornamented by 3 keels starting from (near) its base and 2 or 4 keels starting from above the middle, all terminating on the mid-lobe; all keels straight and entire on the disk, undulating and more or less erose-denticulate on the mid-lobe, somewhat lamella-like. Column 8–9 mm long, with a 0.9–1.5 mm long column foot. Ovary (including pedicel) 12–23 mm long.",general,EN,H.Æ. Pedersen et al.,,Forest Herbarium,2022-04-21,Rachun Pooma & Sawita Yooprasert,ref-THA-0000320562,12,2,"Tainia viridifusca . Flora of Thailand. Vol. 12. Part 2, 2014. Pg. 644. Accessed 2022-04-21",All rights reserved,Forest Herbarium,https://www.dnp.go.th/botany/eflora/floraspecies.html?tdcode=05975
wfo-0000320563,"Pseudobulbs consisting of one internode, erect, (arcuate-)subterete (petiole-like), slightly swollen towards base, 7.2–13 cm long, 0.3–0.4 cm in diameter. Leaves pale green with dark green blotches, sessile, ovate-cordate to elliptic-cordate, (short-)acuminate, 11–18 by 6.1–12.2 cm, somewhat leathery. Inflorescence arising from a node (or very nearly so), 14.4–29.9 cm long; rachis 3.8–8.2 cm long, 5- to 10-flowered; floral bracts 4–5 mm long. Flowers mainly olive-green to orange-brown (sepals and petals sometimes with purple veins, labellum mainly white to cream with fine purple markings and more or less orange-brown distally). Sepals acute to acuminate; dorsal sepal (linear-)lanceolate, 15–17 by 3.2–3.7 mm; lateral sepals obliquely (linear-)lanceolate from a broader base, 18–19.5 by 3.5–7 mm. Petals obliquely lanceolate elliptic, acute, 14–16 by 5–5.6 mm. Labellum entire to shallowly 3-lobed, 16–19.2 by 15–16.2 mm when flattened, 1.1–1.2 times as long as wide, slightly concave at base; mid-lobe (if differentiated) triangular, acute to rounded, c. 7.5 by c. 9.2 mm, margin entire and straight; side lobes (if differentiated) rounded, 7.7–8 mm long (measured along the front edge); labellum ornamented by 3 keels starting from its base and terminating close to the labellum apex; median keel straight, entire, low; lateral keels straight to slightly undulating, entire, somewhat lamella-like. Column 6–8 mm long, with a 9.5–10 mm long column foot. Ovary (including pedicel) 5–11 mm long.",general,EN,H.Æ. Pedersen et al.,,Forest Herbarium,2022-04-21,Rachun Pooma & Sawita Yooprasert,ref-THA-0000320563,12,2,"Tainia wrayana . Flora of Thailand. Vol. 12. Part 2, 2014. Pg. 647. Accessed 2022-04-21",All rights reserved,Forest Herbarium,https://www.dnp.go.th/botany/eflora/floraspecies.html?tdcode=05976
wfo-4000038041,"Terrestrial, sympodial herbs with vertical subspherical corms producing inflorescences devoid of foliage leaves and erect leafy shoots with pseudostems formed by convolute leaf bases. Foliage leaves plicate, sometimes starting to wither before the end of anthesis. Inflorescences racemose or paniculate with up to 3 suberect lateral branches, many-flowered; floral bracts persistent. Flowers opening in succession (up to 10 at a time) from the inflorescence base upwards, resupinate. Sepals and petals free, glabrous, dull yellowish-green (sometimes weakly suffused with purple). Labellum versatile, erect from base but soon recurved by a knee-like bend, oblong, slightly widened in its distal part, bright green with 2 darker green keels and a transparent median band. Column stout (less than 3 times as long as anther), with a short column foot; anther subterminal, elongated, versatile, light brown; pollinia 2, sectile, partly cleft, devoid of caudicles; rostellum producing a viscidium, but no stipe; receptive part of stigma concave with slightly elevated margins. Ovary and pedicel twisted through 180, glabrous. Fruit a capsule dehiscing by longitudinal slits.</br></br>A monotypic genus; distribution as for the species (see below).",general,EN,H.Æ. Pedersen et al.,,Forest Herbarium,2022-04-21,Rachun Pooma & Sawita Yooprasert,ref-THA-4000038041,12,2,"Thaia  . Flora of Thailand. Vol. 12. Part 2, 2014. Pg. 648. Accessed 2022-04-21",All rights reserved,Forest Herbarium,https://www.dnp.go.th/botany/eflora/floragenus.html?tdcode=05977
wfo-0000322767,"Corm 2.6–3.7 cm long, c. 3 cm in diameter, with a dense tangle of unbranched roots. Foliage leaves 3–4, distichous; pseudostem 20–32 cm long; free part of each leaf linear lanceolate to obovate, 10–30 by 2.3–9.7 cm, acuminate. Inflorescence 35–91 cm tall; peduncle purplish-brown, glaucescent, bearing 3–6 scale-like leaves; rachis of primary stem 14–37.6 cm long, lateral branches (if present) 8.9–24 cm long; floral bracts oblong-lanceolate, long-acute to acuminate, 5–12.5 mm long. Flowers not opening widely. Sepals acute, minutely mucronate; dorsal sepal strongly boat-shaped, linear-lanceolate, 3-veined from the base, 12.4–13.1 by 3.1–3.8 mm; lateral sepals more or less boat-shaped, falcately oblong-lanceolate, 3- to 5-veined from the base, 9.9–12 by 3.7–4.3 mm; petals connivent with the dorsal sepal, falcately linear-(ob)lanceolate, obtuse to acute, 1-veined from the base, 9.5–10.8 by c. 2.3 mm, subentire. Labellum shortly clawed, obtuse to acute, sometimes minutely mucronate, 9–10.2 by 4.8–5.3 mm, glabrous and smooth, subentire, ornamented by 2 entire longitudinal keels in its proximal  half. Column erect, incurved, subterete, 5.5–6.4 mm long; anther (narrowly) ovate in upper view, obtuse to subacute, 2.7–2.9 mm long; rostellum porrect, broadly trapezoid, truncate; receptive part of stigma (linear-)oblong. Ovary (including pedicel) terete-fusiform with 3 distinct entire keels, 10–12.3 mm long. Capsule fusiform-terete, tapering at base, 1.5–2.8 cm long (excluding perianth remnants and pedicel), 0.4–0.6 cm in diameter.",general,EN,H.Æ. Pedersen et al.,,Forest Herbarium,2022-04-21,Rachun Pooma & Sawita Yooprasert,ref-THA-0000322767,12,2,"Thaia saprophytica . Flora of Thailand. Vol. 12. Part 2, 2014. Pg. 648. Accessed 2022-04-21",All rights reserved,Forest Herbarium,https://www.dnp.go.th/botany/eflora/floraspecies.html?tdcode=05978
wfo-4000038111,"Epiphytic, sympodial herbs with short rhizomes. Pseudobulbs flattened, ridged, closely aggregated, each consisting of one internode and bearing 1 leaf. Foliage leaves duplicate, much longer than the pseudobulbs, glabrous, present during flowering, deciduous, not sheathing at base but with a grooved petiole. Inflorescences long-lived, pendulous, racemose, arising from the base of pseudobulbs, lax, 3- to many-flowered. Flowers medium-sized. Sepals and petals free. Labellum 3-lobed, versatile, ornamented by 2 calli at base. Column strongly incurved (forming a C together with the column foot), at apex hooded and provided with 2 stelids; column foot conspicuous, hollow with an entrance at base of labellum; anther conical; pollinarium composed of 4 solid pollinia arranged in 2 unequal pairs and attached to a long narrow stipe (tegule); viscidium not clearly differentiated; Ovary glabrous. Fruit a pedicelled capsule dehiscing by longitudinal slits.</br></br>A genus of 2 species recorded from Vietnam, Thailand, Peninsular Malaysia and Borneo; 1 species in Thailand.",general,EN,H.Æ. Pedersen et al.,,Forest Herbarium,2022-04-21,Rachun Pooma & Sawita Yooprasert,ref-THA-4000038111,12,2,"Thecopus  . Flora of Thailand. Vol. 12. Part 2, 2014. Pg. 650. Accessed 2022-04-21",All rights reserved,Forest Herbarium,https://www.dnp.go.th/botany/eflora/floragenus.html?tdcode=05979
wfo-0000322818,"Pseudobulbs subovoid to oblongoid, 2–3.6 by 0.9–1.7 cm. Foliage leaves rather thick, glabrous; lamina elliptic to oblong-lanceolate, acute, 5.5–21.5 by 2.4–4.2 cm, leaves of first and second year much smaller than leaves of third year. Inflorescences glabrous; peduncle 1.5–3  cm long; rachis 3.8–5.5 cm long; floral bracts minute, triangular, 1.5–2 by 2–3 mm, glabrous. Flowers 3–11, opening widely; pedicel (including ovary) 10.5–13 mm long. Sepals glabrous,  acute; dorsal sepal narrowly oblong-elliptic, concave, 16–18 by 5.3–6 mm, incurved in its distal two-thirds; lateral sepals broadly and falcately ovate to triangular-ovate, spreading, abruptly recurved about one-third below apex, 13–13.5 by 8–8.2 mm. Petals porrect, incurved towards column, glabrous, falcately linear-lanceolate, acute, 15–16 by 3–3.1 mm. Labellum 7.7–8 mm long, distinctly clawed; side lobes very broadly and obliquely spathulate, erect from just above  the claw, 2–2.5 by 4–4.5 mm; mid-lobe broadly ovate, recurved, obtuse to broadly acute, shortly pubescent on ventral surface, 4.5–5 by 3.8–4 mm; disk ornamented by 2 basal bilaterally flattened calli that are bent in a right angle so as to almost block the entrance of the hollow column foot. Column glabrous, 12.5–13 mm long; column foot c. 5 mm long; stelids obliquely (triangular-) oblong, 2–3 by 2–2.2 mm. Capsule ellipsoid, 2.2–3.3 cm long, 1–1.7 cm in diameter.",general,EN,H.Æ. Pedersen et al.,,Forest Herbarium,2022-04-21,Rachun Pooma & Sawita Yooprasert,ref-THA-0000322818,12,2,"Thecopus maingayi . Flora of Thailand. Vol. 12. Part 2, 2014. Pg. 650. Accessed 2022-04-21",All rights reserved,Forest Herbarium,https://www.dnp.go.th/botany/eflora/floraspecies.html?tdcode=05980
wfo-0000322823,"Pseudobulbs conical to ovoid, 2.5–5.5 by 1–2.8 cm. Foliage leaves linear-oblong to oblong-elliptic, acute, thin-textured, glabrous, 15–32 by 2–5 cm. Inflorescences glabrous; peduncle 3–6 cm long; rachis 7–36.5 cm long; floral bracts minute, triangular, 1.8–3 by 1.8– 2 mm, glabrous. Flowers opening widely; pedicel (including ovary) 0.6–1 cm long. Sepals glabrous, whitish with dark purple or crimson blotches, acute; dorsal sepal oblong, concave in  distal part, 9–10 by 3–3.5 mm; lateral sepals broadly ovate to oblong-ovate, shortly decurrent on the column foot, 7.5–8.5 by 4.5–5.2 mm. Petals spreading, glabrous, linear, acute to obtuse, whitish with dark purple or crimson patches, 9–10 by 1–1.5 mm. Labellum whitish with crimson patches or spots, 3-lobed, shortly clawed; side lobes falcately oblong to semi-circular, smaller than mid-lobe, erect from just above the claw, 3–3.5 by 1–2 mm; mid-lobe broadly obovate, recurved, rounded to retuse, shortly pubescent on upper surface, slightly longer in the central area towards base, 4.4–6 by 2.5–5 mm; disk ornamented by 2 small conical calli at base of side lobes. Column glabrous, c. 7.5 mm long, white; column foot c. 4.1 mm long; stelids c. 2 by 0.5–1 mm; pollinia subglobular; tegula subquadrate. Capsule oblongoid-fusiform, 1.8–2.3 cm long, c. 0.6 cm in diameter.",general,EN,H.Æ. Pedersen et al.,,Forest Herbarium,2022-04-21,Rachun Pooma & Sawita Yooprasert,ref-THA-0000322823,12,2,"Thecostele alata . Flora of Thailand. Vol. 12. Part 2, 2014. Pg. 652. Accessed 2022-04-21",All rights reserved,Forest Herbarium,https://www.dnp.go.th/botany/eflora/floraspecies.html?tdcode=05982
wfo-4000038307,"Terrestrial, lithophytic or epiphytic herbs, usually large and tall, without pseudobulbs; rhizome thick and short; roots fasciculate. Stems fascicled, erect or spreading, simple, cylindrical, fleshy, biennial, sheathed below and with normal leaves above. Foliage leaves many, distichous, chartaceous, glaucous beneath, sessile and sheathing below, deciduous. Inflorescence racemose, terminal on young leafy shoots, few- to many-flowered, arching or pendulous; floral bracts spathaceous, large, persistent. Flowers large, showy, not opening widely, short-lived. Sepals free, usually oblong-lanceolate, with several veins. Petals subsimilar to sepals, free, often slightly narrower and shorter than sepals. Labellum simple or obscurely 3-lobed, enclosing column, spurred at base, fringed on front margin, ornamented by several papillose keels in upper half of labellum. Column slender, winged at apex, straight to slightly incurved; column foot absent; anther terminal, incumbent, 2-celled, each cell subdivided into 2; pollinia 4, often deeply 2-lobed, solid, without disctinct caudicles; stigma concave; rostellum more or less 3-lobed. Fruit a capsule.</br></br>A genus of c. 4 species distributed from NE India, Nepal, Bhutan, Myanmar and S China to Peninsular Malaysia; 3 species in Thailand.",general,EN,H.Æ. Pedersen et al.,,Forest Herbarium,2022-04-21,Rachun Pooma & Sawita Yooprasert,ref-THA-4000038307,12,2,"Thunia  . Flora of Thailand. Vol. 12. Part 2, 2014. Pg. 654. Accessed 2022-04-21",All rights reserved,Forest Herbarium,https://www.dnp.go.th/botany/eflora/floragenus.html?tdcode=05983
wfo-0000323569,"Flowering shoots 50–150 cm tall, terrestrial, epiphytic or lithophytic; rhizome short, 6–7 mm in diameter. Stems stout, erect, 1–1.5 cm in diameter, placed close together on rhizome; sheaths 3–6 cm long, acute. Foliage leaves many, distichous, mostly linear-lanceolate, the lower ones near stem base ovate, 15–40 by 2.5–5 cm, apex acute to acuminate, base sheating, glaucous beneath; main veins 5–8. Inflorescence terminal, pendulous, 12–15 cm long; peduncle with several sterile bracts; rachis slender, 3–6 cm long; floral bracts ovate-lanceolate, 4.5–5.5 by 2.5–3.5 cm, acute to acuminate, concave. Flowers 5–7, usually facing the same way, not opening widely; pedicel and ovary slender, 15–45 mm long. Sepals oblong-lanceolate, 60–85 by 10–18 mm, acute, white. Petals similar to sepals but slightly narrower. Labellum white, with large yellow patch, simple, broadly oblong to obovate-oblong, 45–55 by 15–35 mm, ornamented by 5 to many orange-yellow fringed keels; apical margins dentate-undulate; spur conspicuous, 15–18  mm long, 2-lobed, obtuse. Column white, 20–25 by 5–8 mm, slender, winged at apex; pollinia 4, deeply 2-lobed, 8 in appearance; rostellum 3-lobed, median lobe largest, obtuse, lateral lobes acute. Capsule narrowly ellipsoid, 3.5–4.5 by 1–2 cm.",general,EN,H.Æ. Pedersen et al.,,Forest Herbarium,2022-04-21,Rachun Pooma & Sawita Yooprasert,ref-THA-0000323569,12,2,"Thunia alba alba. Flora of Thailand. Vol. 12. Part 2, 2014. Pg. 655. Accessed 2022-04-21",All rights reserved,Forest Herbarium,https://www.dnp.go.th/botany/eflora/florainfra.html?tdcode=05985
wfo-0000323570,"Morphologically similar to var. alba, but differs in having labellum white, with several mauve-purple fringed keels.",general,EN,H.Æ. Pedersen et al.,,Forest Herbarium,2022-04-21,Rachun Pooma & Sawita Yooprasert,ref-THA-0000323570,12,2,"Thunia alba bracteata. Flora of Thailand. Vol. 12. Part 2, 2014. Pg. 655. Accessed 2022-04-21",All rights reserved,Forest Herbarium,https://www.dnp.go.th/botany/eflora/florainfra.html?tdcode=05986
wfo-0000323571,"Flowering shoots 30–100 cm tall, epiphytic or lithophytic; rhizome short, 5–7 mm in diameter. Stems stout, erect, 1–1.7 cm in diameter, placed close together on rhizome; sheaths 3–5 cm long, acute. Foliage leaves many, distichous, mostly ovate-lanceolate to oblong-lanceolate, the lower ones near stem base suborbicular, ovate or ovate-lanceolate, 10–25 by 3–5 cm, apex acute to acuminate, base sheathing, glaucous beneath; main veins 5–7. Inflorescence terminal, pendulous, 8–12 cm long; peduncle with sterile bracts; rachis slender, 2.5–5 cm long; floral bracts ovate-lanceolate, 3.5–5.2 by 1.5–3 cm, acute to acuminate, concave. Flowers 3–7, not opening widely; pedicel and ovary slender, 12–40 mm long. Sepals oblong-lanceolate, 55–82 by 10–17 mm, acute, purple. Petals similar to sepals but slightly wider and shorter. Labellum dark purple at apical margins, light purple at base, broadly obovate-oblong, 45–65 by 15–40 mm, ornamented by 5 to many orange-yellow fringed keels; apical margins undulate; spur conspicuous, 12–15 mm long, shallowly 2-lobed, obtuse. Column white, 18–27 by 5–7 mm, slender, winged and irregularly dentate at apex; pollinia 4, deeply 2-lobed, 8 in appearance; rostellum 3-lobed, median lobe largest, obtuse, lateral lobes acute. Capsule narrowly obovoid-ellipsoid, 3.2–4 by 1–2 cm.",general,EN,H.Æ. Pedersen et al.,,Forest Herbarium,2022-04-21,Rachun Pooma & Sawita Yooprasert,ref-THA-0000323571,12,2,"Thunia bensoniae . Flora of Thailand. Vol. 12. Part 2, 2014. Pg. 655. Accessed 2022-04-21",All rights reserved,Forest Herbarium,https://www.dnp.go.th/botany/eflora/floraspecies.html?tdcode=05987
wfo-0000323580,"Flowering shoots 50–100 cm tall, epiphytic or lithophytic; rhizome short. Stems stout, erect, 1–1.2 cm in diameter, placed close together on rhizome; sheathed at base. Foliage leaves many, distichous, linear-lanceolate, 15–30 by 2.5–4.5 cm, apex acute to acuminate, base sheathing, glaucous beneath; main veins 3–7. Inflorescence terminal, pendulous, 10–15 cm long; peduncle with several sterile bracts; rachis slender, 3–6.5 cm long; floral bracts lanceolate, 2.5–3.5 by 0.8–1.5 cm, acuminate, concave. Flowers 6–10, not opening widely; pedicel and ovary slender, 28–40 mm long. Sepals lanceolate or oblong-lanceolate, 30–35 by 8–12 mm, acute, white. Petals similar to sepals but slightly narrower. Labellum white, simple, ovate to oblong-obovate, 25–35 by 15–20 mm, ornamented by 5–8 bright yellowish-brown keels at center and purple veins along margins; apical margins irregularly denticulate-undulate, apiculate; spur minute, 2–2.5 mm long, only slightly cleft at apex, enclosed by the bases of lateral sepals. Column white, 15–18 by 3–8 mm, winged and irregularly dentate at apex; pollinia not deeply 2-lobed, 4 in appearance; rostellum 3-lobed, median lobe largest, acute to obtuse, lateral lobes acute.",general,EN,H.Æ. Pedersen et al.,,Forest Herbarium,2022-04-21,Rachun Pooma & Sawita Yooprasert,ref-THA-0000323580,12,2,"Thunia pulchra . Flora of Thailand. Vol. 12. Part 2, 2014. Pg. 657. Accessed 2022-04-21",All rights reserved,Forest Herbarium,https://www.dnp.go.th/botany/eflora/floraspecies.html?tdcode=05988
wfo-4000039471,"Autotrophic (rarely mycoheterotrophic) terrestrial herbs with a short rhizome producing fibrous fasciculate, richly branched roots. Stem erect, rigid, branched or unbranched, bearing tubular cataphylls in its basal part. Foliage leaves sessile, sheathing at base, plicate (foliage leaves absent in the few mycoheterotrophic species). Inflorescences 1 to several, lateral (leaf-opposed) and/or terminal, racemose, short and dense. Flowers non-resupinate, not opening fully, mainly (greenish-)white to cream (labellum often with a yellow to orange blotch). Sepals and petals subsimilar; dorsal sepal free, more or less boat-shaped; lateral sepals connate, at least at base; petals free, entire. Labellum sessile, adnate to base of column, (linear-)lanceolate to somewhat fiddle-shaped, saccate to spurred at base, ornamented by a pair of keels or calli. Column less than 3 times as long as anther, dominated by the prominent rostellum; anther dorsal, versatile, elongated, acuminate, often dorsally keeled; pollinia 2, sectile, with slender caudicles; rostellum erect, producing a hamule and a viscidium; receptive part of stigma flat. Ovary and pedicel  (sub)terete, often scurfy-pubescent. Fruit an erect to spreading, short-pedicelled to subsessile, 6-ribbed capsule dehiscing by longitudinal slits.</br></br>A genus of 15–30 species distributed from Mexico and Florida to Venezuela, Colombia and Ecuador (including Galapagos), and throughout Indo-Malesia to northern Queensland and the SW Pacific islands (east to Tonga); 3 species in Thailand.",general,EN,H.Æ. Pedersen et al.,,Forest Herbarium,2022-04-21,Rachun Pooma & Sawita Yooprasert,ref-THA-4000039471,12,2,"Tropidia  . Flora of Thailand. Vol. 12. Part 2, 2014. Pg. 659. Accessed 2022-04-21",All rights reserved,Forest Herbarium,https://www.dnp.go.th/botany/eflora/floragenus.html?tdcode=05989
wfo-0000328683,"Flowering shoots (15–)20–48 cm tall; cataphylls widely spaced. Foliage leaves 2 (very rarely 1 or 3), subopposite on distal part of stem, elliptic to broadly elliptic-ovate (rarely lanceolate), acuminate to caudate; longest leaf (5.6–)7–18.5 by (1.7–)2.6–12.2 cm. Inflorescence 1, terminal, cylindric, 12- to many-flowered, 5–10.7 cm long; peduncle (1.5–)2–5.2 cm long, sometimes bearing 1–4 more or less spreading bract-like leaves; floral bracts shorter than, equal to or longer than ovaries, narrowly linear-triangular, acuminate to caudate, 4–15 mm long. Sepals sparsely pubescent to subglabrous; dorsal sepal linear to narrowly linear-lanceolate, acute to acuminate, mucronate, 11.2–11.4 by 2.2–2.3 mm; lateral sepals connate for almost their entire length, the resulting synsepal tightly embracing the labellum’s spur at base, the non-tubular part boat-shaped, linear-triangular to linear-lanceolate, bifid with acuminate, often mucronate lobules, 11.9–12.5 by 4.6–5.2 mm. Petals boat-shaped, obliquely lanceolate, obtuse to acute, 9.9–10.7 by 3.2–3.5 mm. Labellum boat-shaped, spurred at base, lanceolate, obtuse to acute, sometimes minutely mucronate, 9–10.6 by 4–4.7 mm, subentire to somewhat erose, ornamented by a pair of longitudinal keels in its proximal half; spur subparallel to ovary, cylindric, rounded to obtuse, 6.5–7 mm long. Column 7.1–8.2 mm long (to apex of rostellum); anther lanceolate to narrowly linear-lanceolate in upper view, 3.4–5.3 mm long. Ovary (including pedicel) 4–12 mm long. Capsule oblongoid to ellipsoid, (0.7–)1.1–1.8 cm long (excluding perianth remnants), 0.4–0.7 cm in diameter.",general,EN,H.Æ. Pedersen et al.,,Forest Herbarium,2022-04-21,Rachun Pooma & Sawita Yooprasert,ref-THA-0000328683,12,2,"Tropidia angulosa . Flora of Thailand. Vol. 12. Part 2, 2014. Pg. 659. Accessed 2022-04-21",All rights reserved,Forest Herbarium,https://www.dnp.go.th/botany/eflora/floraspecies.html?tdcode=05990
wfo-0000328692,"Flowering shoots 30–50(–150) cm tall; cataphylls overlapping. Foliage leaves 7–21, alternate on the distal half (or more) of the stem, (narrowly) lanceolate to linear-lanceolate, long-acuminate to caudate; longest leaf (9.5–)10.7–24.7 by (0.7–)1.3–4.9 cm. Inflorescences 1–5, lateral and/or terminal, subspherical to broadly ellipsoid, usually 5- to 10-flowered, 0.8–3.2 cm long; peduncle up to 2.3 cm long (often much shorter), covered by appressed, densely imbricate bract-like leaves; floral bracts usually shorter than ovaries, broadly triangular-ovate to (lanceolate-)ovate, acuminate, 2–4 mm long. Sepals sparsely scurfy-pubescent; dorsal sepal (linear-)lanceolate, 5.7–8.3 by 1.8–3.1 mm, obtuse to acuminate, often mucronate; lateral sepals connate at base, sigmoidly linear-lanceolate to falcately (ovate-)lanceolate, (sub)acuminate, often mucronate, 5.8–10.1 by 2.1–2.8 mm. Petals falcately lanceolate, subacuminate, 4.9–7.8 by 1.5–2.6 mm. Labellum saccate and sometimes slightly indented along mid-line in the 2.5–4.8 mm long proximal part; flat, linear-lanceolate and reflexed in the 1.4–2.7 mm long distal part, obtuse to subacuminate; ornamented by a pair of low, rounded lateral calli at base of the distal part. Column 2.6–4.5 mm long (to apex of rostellum); anther elliptic-lanceolate to ovate in upper view, 2.1–2.4 mm long. Ovary (including pedicel) 2–5.8 mm long. Capsule not seen.",general,EN,H.Æ. Pedersen et al.,,Forest Herbarium,2022-04-21,Rachun Pooma & Sawita Yooprasert,ref-THA-0000328692,12,2,"Tropidia curculigoides . Flora of Thailand. Vol. 12. Part 2, 2014. Pg. 661. Accessed 2022-04-21",All rights reserved,Forest Herbarium,https://www.dnp.go.th/botany/eflora/floraspecies.html?tdcode=05991
wfo-0000328714,"Flowering shoots (9–)20–60 cm tall; cataphylls overlapping. Foliage leaves 4–12, alternate on the distal half (or more) of the stem, (linear-)lanceolate, acute to long-acuminate (rarely caudate); longest leaf 8.5–20.8 by 0.8–4.4 cm. Inflorescences 1–4, lateral and/or terminal, subspherical to broadly ellipsoid, usually 15- to many-flowered, (1–)2.5–4.9 cm long; peduncle up to 3.5 cm long (often much shorter), bearing a few spreading to appressed bract-like leaves; floral bracts usually longer than ovaries, narrowly linear to lanceolate, acute to acuminate, (4.5–)5.5–15 mm long. Sepals sparsely scurfy-pubescent; dorsal sepal (linear-)lanceolate, 8–9.1 by 1.7–2.1 mm, acuminate, mucronate, 3- to 5-veined from the base; lateral sepals connate at base, obliquely linear to falcately lanceolate, 9.2–9.8 by 1.7–2.5 mm, acuminate, mucronate, 3-veined from the base. Petals falcately linear-lanceolate, subacuminate, 7–8.3 by 1.8–1.9 mm. Labellum saccate and usually slightly indented along mid-line in the 3–4.5 mm long proximal part; flat, linear-lanceolate and reflexed in the 1.8–2 mm long distal part, obtuse; ornamented by a pair of low rounded lateral calli at base of the flat distal part. Column 3.2–4.3 mm long (to apex of rostellum); anther linear-triangular to elliptic-lanceolate in upper view, 2.1–2.4 mm long. Ovary (including pedicel) 4.4–8 mm long. Capsule oblongoid, 1.3–1.5 cm long (excluding perianth remnants), 0.3–0.6 cm in diameter.",general,EN,H.Æ. Pedersen et al.,,Forest Herbarium,2022-04-21,Rachun Pooma & Sawita Yooprasert,ref-THA-0000328714,12,2,"Tropidia pedunculata . Flora of Thailand. Vol. 12. Part 2, 2014. Pg. 663. Accessed 2022-04-21",All rights reserved,Forest Herbarium,https://www.dnp.go.th/botany/eflora/floraspecies.html?tdcode=05992
