WFOID,description,type,language,contributor,audience,rightsHolder,created,creator,source,Volume,Part,bibliographicCitation,license,rights,URI
wfo-0000511487,"Shrub 1–4 m high; finely stellate-tomentose then glabrescent; stem soft inside. Stipules caducous. Leaves simple, alternate, cordate, 8–20 x 4–12 cm, chartaceous, apex acuminate to cuspidate, base cordate to slightly oblique-auriculate, margin slightly serrate to entire; 5(–3) nerves from leaf base, secondary nerves 3–7 pairs, arched and anastomosing, scalariform veins distinct on lower surface. Petioles 1.5–18 cm, pubescent, wrinkled or flattened at base when dry. Inflorescence cymes, pubescent, 1–3-flowered, opposite the leaves near the end of twigs, 5–10 cm long. Flowers 5 merous, purplish-brown, red or yellow. Calyx free, oblong or ovate-oblong 1–2.2 x 4–7 mm, glabrescent externally. Petals free, spreading, alternate with sepals, spathulate with a concave claw near base, 1.5–2 x 0.5–2 cm, sparsely hairy outside, glabrous internally. Stamens 10, 5 fertile and 5 sterile. Ovary oblong, with 5 longitudinal ridges, ca 5 x 1 mm, sparsely hairy, 5-locular; style fusiform or lanceolate with a 5-lobed stigma. Fruits conical, 2.5–3 x 4–6 cm, dehiscent; wings narrow towards the base; fruiting stalk up to 4 cm long, hairy. Seeds black.",general,EN,C. Phengklai,,Forest Herbarium,2021-07-31,Rachun Pooma,ref-THA-0000511487,7,3,"Abroma augustum. Flora of Thailand. Vol. 7. Part 3, 2001. Pg. 542. Accessed 2021-07-31",All rights reserved,Forest Herbarium,https://botany.dnp.go.th/eflora/floraspecies.html?tdcode=02728
wfo-0000755470,"Herbs to 75 cm tall; rhizome 1–3 cm thick. Leaves pale green to green-brown; submerged leaves linear, very thin, 25–80 by 0.5–1 cm, with 1–3 veins; floating leaves with ovate to elliptic blades, blades 2.5–8 by 1–3 cm, apex acute, base truncate, veins 3–5, petiole to 50 cm long; emergent leaves with ovate to elliptic blades, 3–20 by 11 cm, apex acute, base truncate, veins 5–9 petiole 5-30 cm. Inflorescence much branched, with 4–9 verticels, to 75 by 30 cm, each verticel with 3–5 flowers or branches, peduncles to 50 cm by 1.5–4 mm; pedicels filiform, to 30 mm. Flowers to 18 mm wide; sepals 1.8–3 by 1.5–2 mm; petals purplish white to white with purple margins, 3.5–6.5 by 3.6 mm; stamens in one series; anthers elliptic, 0.5–1.2 by 0.5–0.8 mm; filaments filiform; carpels numerous. Fruit elliptical, 1.5–3.1 by 0.9–2 mm; fruiting aggregate ca 3 mm diam.",general,EN,R.R. Haynes,,Forest Herbarium,2021-07-31,Rachun Pooma,ref-THA-0000755470,7,3,"Alisma plantago-aquatica. Flora of Thailand. Vol. 7. Part 3, 2001. Pg. 352. Accessed 2021-07-31",All rights reserved,Forest Herbarium,https://botany.dnp.go.th/eflora/floraspecies.html?tdcode=02512
wfo-0000529089,"Evergreen tree, 20–40 m high, usually with straight bole; bark grey to brownish grey, narrowly longitudinally fissured, and peeling off in thin, long, irregular flakes; twigs glabrous with permanent leaf scars; buds ovoid. Leaves elliptic to ovate-lanceolate, 6–12 x 2–5 cm, apex acute to acuminate, base obtuse, rounded or slightly cuneate, pustulate, usually curved upwards, dark, glandular-dotted at crenate or serrate margin, secondary nerves 5–10 pairs, anastomosing. Petiole 1–3 cm long, glabrescent. Male flowers in spikes or racemes, 5–10 cm long, reflexed, with 6–14 flowers. Stamens glabrous, up to 2 mm long. Female flowers in a globose head, ca 1 x 1 cm with 4–18 flowers; peduncle 2–3 cm, pubescent. Ovary ¾ inferior; styles recurved and sulcate, 3–4 mm long. Capsules united into a woody, globose or pyramidal head, ca 1.5 diam, with 4–18 capsules, each capsule up to 1 cm long with one fertile seed; fruiting peduncle 2–3.5 cm. Seed winged.",general,EN,C. Phengklai,,Forest Herbarium,2021-07-31,Rachun Pooma,ref-THA-0000529089,7,3,"Altingia excelsa. Flora of Thailand. Vol. 7. Part 3, 2001. Pg. 401. Accessed 2021-07-31",All rights reserved,Forest Herbarium,https://botany.dnp.go.th/eflora/floraspecies.html?tdcode=02584
wfo-0000158719,"Shrub, to 2.5 m tall, branches terete, like the petioles and principal leaf nerves densely appressed or spreading setose, setae to 2.5 mm long. Leaves of a pair equal or nearly so, broadly elliptic to ovate, 7.5–27 x 3–18 cm, base almost cordate, sometimes acute, apex acuminate, margin entire to minutely serrulate, lamina with 2–3 pairs of lateral primary veins, on both surfaces appressed setose, petioles 1–11 cm long. Inflorescences sessile clusters of flowers, on leafless nodes or rarely in leaf axils. Flowers 4-merous; pedicels 7–12 mm long; bracts subulate, minute and caducous. Hypanthium campanulate, 2.5–3 mm long, densely hirsute or hispid-setose; calyx lobes linear-subulate, 1–2 mm long, hispid. Petals 3–3.5 mm long, pink. Stamens 8, subisomorphic, anthers 3–3.5 mm long, yellow. Capsule slightly urceolate and angular, 4–5 mm long, with an indumentum of pinkish setae and persistent calyx lobes.",general,EN,"S.S. Renner, G. Clausing, N. Cellinese, K.Meyer",,Forest Herbarium,2021-07-31,Rachun Pooma,ref-THA-0000158719,7,3,"Anerincleistus griffithii. Flora of Thailand. Vol. 7. Part 3, 2001. Pg. 415. Accessed 2021-07-31",All rights reserved,Forest Herbarium,https://botany.dnp.go.th/eflora/floraspecies.html?tdcode=02596
wfo-0000158728,"Shrub, to 1 m tall, branchletes terete, young parts covered with appressed setae to 1 mm long. Leaves of a pair usually somewhat unequal, elliptic to ovate-oblong, 6–29 x 3–15 cm, base acute, apex acuminate, margin entire to minutely serrulate, lamina with 1 pair of lateral primary veins plus a faint intramarginal pair, upper surface glabrous except appressed-setose on veins, lower surface more densely setose, petioles 1.5–6.5 cm long. Inflorescences sessile clusters of flowers, on leafless nodes or in leaf axils. Flowers 4-merous; pedicels 7–12 mm long; bracts subulate, minute, caducous. Hypanthium campanulate, 4–8 mm long, appressed setose, often pinkish-red; calyx lobes triangular, 1 mm long, aristate. Petals ca 8 mm long, yellow or white. Stamens 8, subisomorphic, anthers 5.5–6 mm long, yellow. Capsule slightly urceolate, ca 6 mm long, strigose.",general,EN,"S.S. Renner, G. Clausing, N. Cellinese, K.Meyer",,Forest Herbarium,2021-07-31,Rachun Pooma,ref-THA-0000158728,7,3,"Anerincleistus pedunculatus. Flora of Thailand. Vol. 7. Part 3, 2001. Pg. 415. Accessed 2021-07-31",All rights reserved,Forest Herbarium,https://botany.dnp.go.th/eflora/floraspecies.html?tdcode=02597
wfo-0000760971,"Corm elongate to ovoid, to 2 cm diam. Leaves floating and submersed; submersed leaves petiolate, narrowly oval to linear, to 25 by to 6 cm, base narrowly cuneate, apex narrowly cuneate to rounded, veins 7–9, petiole 7–35 cm long; floating leaves petiolate, to 17 by to 4 cm, base cordate or rarely rounded, apex cuneate to rounded. Inflorescence up to 8 cm long in flower, to 17 cm in fruit; peduncle slightly thickened near apex; spathe ca 17 mm long, caducous or rarely persistent. Flowers secund; tepals 1–2 by 0.7–1.5 mm, yellow; stamens 1.5–3 mm long; filaments expanded near apex; carpels 3–5, 0.9–1.7 mm long, ovules 4–8. Fruit to 3 by to 2 mm, beaked centrally or laterally; seeds 2–3 by to 1 mm.",general,EN,R.R. Haynes,,Forest Herbarium,2021-07-31,Rachun Pooma,ref-THA-0000760971,7,3,"Aponogeton lakhonensis. Flora of Thailand. Vol. 7. Part 3, 2001. Pg. 359. Accessed 2021-07-31",All rights reserved,Forest Herbarium,https://botany.dnp.go.th/eflora/floraspecies.html?tdcode=02523
wfo-0001280636,"Shrub, 1.5–5 m high, branchlets terete and with an indumentum of minute peltate and sessile glands (<a href=""../image/flora/7/MELA_Fig26.jpg"" target=_blank >Fig. 26E</a>), sometimes also with plumose hairs when young, older branchlets glabrous. Leaves of a pair often unequal, elliptic, smaller one (3–)4–14(–21) x 0.7–4(–8) cm, larger one (4.6–)8–19(–28) x 1.6–6(–10) cm, base attenuate, acute or rounded, apex long acuminate, margin entire or weakly dentate, lamina with (1–)2 pairs of lateral primary veins, the outer pair faint, both surfaces when young with minute brown glands and minute plumose hairs on the midrib, upper surface glabrescent, petioles 0.5–3.5 cm long. Inflorescences axillary or terminal cymes 3–6 cm long. Flowers 4-merous (<a href=""../image/flora/7/MELA_Fig26.jpg"" target=_blank >Fig. 26B</a>). Hypanthium campanulate to urceolate, ca 3.5 mm long, with yellow peltate glands and sometimes also plumose hairs, sepal rim truncate, about 0.2–0.5(–1.2) mm high, dorsally with 4 cusps. Petals ovate, (1–)2–2.5 mm long, white. Stamens 4, pink, anthers 2.5–3.5 mm long. Ovary 4-locular, partially adnate to the hypanthium for its entire length, apically deeply depressed around the style base. Fruit an urceolate or campanulate capsule, sometimes weakly ribbed, about 3–4 mm long, apex not beaked or otherwise adorned.",general,EN,"S.S. Renner, G. Clausing, N. Cellinese, K.Meyer",,Forest Herbarium,2021-07-31,Rachun Pooma,ref-THA-0001280636,7,3,"Blastus borneensis. Flora of Thailand. Vol. 7. Part 3, 2001. Pg. 417. Accessed 2021-07-31",All rights reserved,Forest Herbarium,https://botany.dnp.go.th/eflora/floraspecies.html?tdcode=02599
wfo-0000770592,"Monoclinous herbs, stems 0.5–3 cm long. Leaves basal, 2.5–60 by 0.5–1.2 cm, finely serrate, apex acute. Inflorescence sessile or with peduncles to 50 cm long; spathe flattened. Flowers mostly solitary, rarely paired, projected to water surface; stamens 3. Fruit terete, 20–80 by to 5 mm. Seeds ellipsoidal, smooth, with up to 12 ridges, with or without basal and/or apical tails, 1.2–2 mm long, ridges muricate to spiny.",general,EN,R.R. Haynes,,Forest Herbarium,2021-07-31,Rachun Pooma,ref-THA-0000770592,7,3,"Blyxa aubertii. Flora of Thailand. Vol. 7. Part 3, 2001. Pg. 366. Accessed 2021-07-31",All rights reserved,Forest Herbarium,https://botany.dnp.go.th/eflora/floraspecies.html?tdcode=02531
wfo-0001066601,"Seeds smooth or with up to 12 irregular, longitudinal ridges, without apical or basal tails, 1.2–1.8 mm, ridges mostly interrupted, muricate.",general,EN,R.R. Haynes,,Forest Herbarium,2021-07-31,Rachun Pooma,ref-THA-0001066601,7,3,"Blyxa aubertii aubertii. Flora of Thailand. Vol. 7. Part 3, 2001. Pg. 367. Accessed 2021-07-31",All rights reserved,Forest Herbarium,https://botany.dnp.go.th/eflora/florainfra.html?tdcode=02532
wfo-0000770593,"Seeds with up to 12 irregular, longitudinal ridges, with apical and/or basal tails, 1.5–2 mm, ridges distinctly spiny, tails to 5 mm long, mostly less.",general,EN,R.R. Haynes,,Forest Herbarium,2021-07-31,Rachun Pooma,ref-THA-0000770593,7,3,"Blyxa aubertii echinosperma. Flora of Thailand. Vol. 7. Part 3, 2001. Pg. 367. Accessed 2021-07-31",All rights reserved,Forest Herbarium,https://botany.dnp.go.th/eflora/florainfra.html?tdcode=02533
wfo-0000773026,"Monoclinous herbs; stems 10–20 cm or more long. Leaves alternate, 15–50 cm by 0.4–4 mm, minutely serrulate, apex attenuate to rounded. Inflorescence sessile or with peduncles to 11 mm long; spathe tubular. Flowers solitary or rarely 2, emergent and chasmogamous or submersed and cleistogamous; stamens 3. Fruits terete, 1–2 cm long. Seeds fusiform, without ridges, without basal or apical tails, 1.5–2 mm long.",general,EN,R.R. Haynes,,Forest Herbarium,2021-07-31,Rachun Pooma,ref-THA-0000773026,7,3,"Blyxa japonica japonica. Flora of Thailand. Vol. 7. Part 3, 2001. Pg. 368. Accessed 2021-07-31",All rights reserved,Forest Herbarium,https://botany.dnp.go.th/eflora/florainfra.html?tdcode=02534
wfo-0000770622,"Dioecious herbs; stems 2–3 cm long. Leaves basal, 2.5–70 by 0.2–0.5 cm, entire, apex obtuse, boat-shaped. Inflorescence sessile or with peduncles to 50 long; spathe flattened. Staminate flowers to 20 per spathe, projected to water surface; stamens 9; carpellate flowers solitary or 2 per spathe. Fruit terete, 5–9 cm long. Seeds fusiform, with 4–5 ridges, without basal or apical tails, 3–3.5 mm long, ridges serrate to smooth.",general,EN,R.R. Haynes,,Forest Herbarium,2021-07-31,Rachun Pooma,ref-THA-0000770622,7,3,"Blyxa quadricostata. Flora of Thailand. Vol. 7. Part 3, 2001. Pg. 368. Accessed 2021-07-31",All rights reserved,Forest Herbarium,https://botany.dnp.go.th/eflora/floraspecies.html?tdcode=02536
wfo-0000762564,"Herbs to 60 cm tall. Leaf blades obovate to oblong-lanceolate, 2.5–10 by 0.2–2 cm, with 3–6 veins, apex obtuse to acute and tipped by a hard, blunt mucro, which has a hydathode on its underside, base acute; petioles 5–14 by 0.1–0.2 cm, base with a sheath to 6 cm long. Inflorescence terminal, scapose and umbellate with 3–11 flowers; peduncles generally longer than petioles, 5–40 by to 0.6 cm; bracts triangular lanceolate, 0.25–1.25 by 0.1–0.50 cm, apex acute to round; pedicels 5–15 by 5–10 mm. Flowers ca 2 cm wide, sepals 4.0–6.0 by 2.0–3.5 mm, petals 0.75–1.0 by 0.5–1.0 cm, stamens 8–9, in 3 series, anthers 0.75–1.5 by 0.25–0.50 mm, filaments 2.0–3.0 mm long, carpels 2.5–5.0 cm long. Fruits 8–13 by 1–3 mm; fruiting aggregate 5–10 by 3–7 mm. Seeds to 0.5 mm long.",general,EN,R.R. Haynes,,Forest Herbarium,2021-07-31,Rachun Pooma,ref-THA-0000762564,7,3,"Butomopsis latifolia. Flora of Thailand. Vol. 7. Part 3, 2001. Pg. 384. Accessed 2021-07-31",All rights reserved,Forest Herbarium,https://botany.dnp.go.th/eflora/floraspecies.html?tdcode=02560
wfo-0001269413,"Climber or scandent shrub with 6 small longitudinal ridges, sparsely hairy when young. Leaves cordate, 10–18 x 5–15 cm, chartaceous, tri-lobed, each lobe with cuspidate apex, base cordate, margin dentate or doubly serrate; 5–7 main nerves from leaf base, the middle one swollen or glandular near base, secondary nerves 5–8 pairs, ascending, scalariform veins distinct on lower surface. Petiole 4–13 cm long, glabrescent, wrinkled or flat at base when dry. Inflorescences a bundle of compound, lax umbels, axillary, up to 15 cm long, stellate hairy. Flowers pale to reddish. Calyx cup-shaped, with narrow triangular to lanceolate segments, hairy on both surfaces. Petals free, spreading, 4–5 x 1.5 mm, glabrous except along median line of inner side. Stamens and staminodes united at base by a cup-like membrane. Ovary ovoid with 5 longitudinal grooves, 0.5–1 mm diameter, gland-dotted; style subulate, ± 0.5 mm long, glabrous. Fruit globose, dehiscent, 2.5–3 cm diam. (including spiny tubercles), glabrous; spiny tubercles pointed or hooked at apex; fruit stalk 1–3 cm long, glabrescent. Seeds black, ellipsoid with 3 longitudinal grooves.",general,EN,C. Phengklai,,Forest Herbarium,2021-07-31,Rachun Pooma,ref-THA-0001269413,7,3,"Byttneria andamanensis. Flora of Thailand. Vol. 7. Part 3, 2001. Pg. 545. Accessed 2021-07-31",All rights reserved,Forest Herbarium,https://botany.dnp.go.th/eflora/floraspecies.html?tdcode=02730
wfo-0000577123,"Woody climber or scandent shrub with 6 slightly raised longitudinal ridges, sparsely stellate hairy when young. Leaves cordate, 6–18 x 4–14 cm, chartaceous to sub-coriaceous, apex cuspidate, base cordate, margin entire, 5 main nerves from leaf base, the middle one swollen or glandular near base, secondary nerves 5–8 pairs, ascending, scalariform veins distinct on lower surface. Petiole 4–17 cm long, glabrescent, wrinkled or flattened at base when dry. Inflorescence a bundle of compound umbels, axillary, lax, up to 10 cm long, stellate hairy. Flowers greenish. Calyx free spreading, lanceolate or narrowly triangular, hairy on both surfaces. Petals free, 4–5 x 1.5 mm, glabrous except along the dorsal inner surfaces. Stamens 5 short, with plicate filaments and 5 longer staminodes united at base by a cup-like membrane. Ovary ovoid with 5 longitudinal grooves, 0.5–1 mm diam, gland-dotted; style subulate, ± 0.5 mm long, glabrous. Fruits globose, dehiscent, 3–5 cm diam. (including spiny tubercles), sparsely stellate hairy; spiny tubercles pointed; fruit stalks 0.5–3 cm long, glabrescent. Seeds black, ellipsoid with 3 longitudinal grooves.",general,EN,C. Phengklai,,Forest Herbarium,2021-07-31,Rachun Pooma,ref-THA-0000577123,7,3,"Byttneria aspera. Flora of Thailand. Vol. 7. Part 3, 2001. Pg. 545. Accessed 2021-07-31",All rights reserved,Forest Herbarium,https://botany.dnp.go.th/eflora/floraspecies.html?tdcode=02731
wfo-0000577179,"Climber or scandent shrub, bark smooth, sparsely stellate hairy. Leaves ovate oblong, 12–18 x 5–7.5 cm, chartaceous, apex acuminate, base obtuse or truncate, margin entire or undulate, 3–5 main nerves from leaf base, the middle one swollen or glandular near base; secondary nerves 6–8 pairs, curved and anastomosing, scalariform veins distinct on lower surface. Petiole 2–10 cm long, glabrescent, wrinkled or flattened at base when dry. Inflorescence a bundle of compound umbels, axillary, lax, up to 5 cm long, stellate hairy. Flowers white. Calyx cup-shaped, with narrow triangular to lanceolate segments, hairy on both surfaces. Petals free, spreading, 2–3 x 1 mm, glabrous except along the dorsal inner surfaces. Stamens and staminodes united at base by a cup-like membrane. Ovary ovoid with 5 longitudinal grooves, 0.5–1 mm diam., gland-dotted; style subulate, 0.5 mm long, glabrous. Fruits globose, dehiscent, 2.5 cm, diam. (including spiny tubercles), sparsely hairy; spiny tubercles awl-shaped; fruit stalks 1–3 cm long, glabrescent Seeds black, ellipsoid with 3 longitudinal grooves.",general,EN,C. Phengklai,,Forest Herbarium,2021-07-31,Rachun Pooma,ref-THA-0000577179,7,3,"Byttneria echinata. Flora of Thailand. Vol. 7. Part 3, 2001. Pg. 548. Accessed 2021-07-31",All rights reserved,Forest Herbarium,https://botany.dnp.go.th/eflora/floraspecies.html?tdcode=02732
wfo-0000577299,"Woody climber or scandent shrub, stem pilose on all parts with 6 slightly raised longitudinal ridges. Leaves cordate to palmate, 7–16 x 4.5–13 cm, chartaceous to sub coriaceous, tri-to seven-lobed, the middle one cuspidate, the other either cuspidate or obtuse, base cordate, margin serrulate; 5–7 main nerves from leaf-base, the middle one swollen or glandular near base, secondary nerves 5–7 pairs, ascending, scalariform vein distinct on lower surface. Petiole 2–15 cm long, pilose, wrinkled or flattened at base when dry. Inflorescences a bundle of compound umbels, axillary, lax, up to 20 cm long, stellate hairy. Flowers pale yellow. Calyx cup-shaped, with narrow triangular segments, hairy on both surfaces. Petals free, spreading, 4–5 x 1–2 mm; sparsely hairy externally, ± glabrous internally. Stamens and staminodes united at base by a cup-like membrane. Ovary ovoid with 5 longitudinal grooves, 0.5–1 mm diam., gland-dotted; style subulate, ± 0.5 mm long, glabrous. Fruits globose, 2–2.5 cm diam. (including spiny tubercles), with black hairy spiny tubercles pointed or hooked at apex; fruit stalk 1–2 cm long, sparsely hairy. Seeds black, ellipsoid, with 3 longitudinal grooves.",general,EN,C. Phengklai,,Forest Herbarium,2021-07-31,Rachun Pooma,ref-THA-0000577299,7,3,"Byttneria pilosa. Flora of Thailand. Vol. 7. Part 3, 2001. Pg. 550. Accessed 2021-07-31",All rights reserved,Forest Herbarium,https://botany.dnp.go.th/eflora/floraspecies.html?tdcode=02733
wfo-0000762632,"Herbs to 85 cm tall. Leaves deep green, floating; blades narrowly elliptic, ca 12 by 4 cm, pellucid punctate, veins 9–17, the apex round, base cordate to near sagittate; petioles to 70 cm, prominently septate. Inflorescences emergent, paniculate; peduncles mostly longer than petioles, to 75 cm long. Flowers ca 1.5 cm wide; sepals reflexed, 1.5–4 by 1–2.5 mm; petals ca 2–6 by 3.5–4 mm; stamens 6; filaments white to pale yellow, 0.5–2 mm; anthers bright yellow, ca 1 by 0.5 mm; carpels 5–15, obovate. Fruit with 5 long ribs on each face; ribs, at least some, provided with blunt, more or less conspicuous warts.",general,EN,R.R. Haynes,,Forest Herbarium,2021-07-31,Rachun Pooma,ref-THA-0000762632,7,3,"Caldesia oligococca. Flora of Thailand. Vol. 7. Part 3, 2001. Pg. 354. Accessed 2021-07-31",All rights reserved,Forest Herbarium,https://botany.dnp.go.th/eflora/floraspecies.html?tdcode=02514
wfo-0000762635,"Herbs to 80 cm tall. Leaves deep green, floating or emergent; blades broadly elliptic to suborbicular, 2.5–12 by 4–17 cm, without pellucid markings, the veins 13–17, the apex round, the base cordate; petioles 22.5–50 cm, prominently septate. Inflorescences emergent, paniculate; peduncles mostly longer than petioles, to 75 cm long. Flowers ca 1.5 cm wide; sepals erect, 3.5–4.5 by 2–2.5 mm; petals ca 5 by 3.5–4 mm; stamens 6; filaments white to pale yellow, 2–2.5 mm; anthers bright yellow, ca 1 by 0.5 mm; carpels 5–15, obovate. . Achenes with 3–5 longitudinal smooth ribs on each face. Seeds pale brown, ca 2 by 1 mm.",general,EN,R.R. Haynes,,Forest Herbarium,2021-07-31,Rachun Pooma,ref-THA-0000762635,7,3,"Caldesia parnassifolia. Flora of Thailand. Vol. 7. Part 3, 2001. Pg. 354. Accessed 2021-07-31",All rights reserved,Forest Herbarium,https://botany.dnp.go.th/eflora/floraspecies.html?tdcode=02515
wfo-0001080580,"Shrub, 1–1.5 m tall, branchlets hirsute with spreading glandular hairs. Leaves ovate to broadly ovate, 5–15 x 5–8 cm, base subcordate or rounded, apex acute to shortly acuminate, margin serrulate, lamina with 2 pairs of lateral primary veins, on both sides loosely covered with simple hairs, petioles to 3 cm long. Inflorescences axillary and usually few-flowered with 3–5(–15) flowers. Hypanthium campanulate, about 5 mm long and glandular-hirsute. Petals ovate, 8–11 mm long, white. Stamens 10, white, anthers 4–5 mm long, connective with a minute dorsal spur. Berries 5–7 mm in diam., dark blue.",general,EN,"S.S. Renner, G. Clausing, N. Cellinese, K.Meyer",,Forest Herbarium,2021-07-31,Rachun Pooma,ref-THA-0001080580,7,3,"Clidemia hirta. Flora of Thailand. Vol. 7. Part 3, 2001. Pg. 419. Accessed 2021-07-31",All rights reserved,Forest Herbarium,https://botany.dnp.go.th/eflora/floraspecies.html?tdcode=02601
wfo-0000617045,"Small tree, up to 10 m high, glabrescent. Leaves alternate, pale and soft hairy on lower surface, ovate, 8–20 x 4–11 cm, chartaceous to subcoriaceous, apex acuminate or caudate, base cordate, semi-oblique to auriculate; 3-basal nerves, secondary nerves 6–8 pairs, arched and anastomosing, scalariform veins distinct on lower surface. Petiole 0.5–1 cm, softly hairy. Inflorescence of bifurcate cymes, axillary or terminal, lax, up to 10 cm long, softly hairy. Flowers white. Calyx ovate, free, hairy on both surfaces. Petals free, spreading, linear, glabrous on the inner side and sparsely hairy externally. Stamens and staminodes fused together. Ovary rounded with 5 longitudinal grooves ca 1 mm diam, glabrous; style 5, glabrous. Fruit rounded, 2–3 cm diam. (including bristly hairs); fruit stalk ± 1 cm long with soft hairy. Seeds rounded, with a sharp angle at apex.",general,EN,C. Phengklai,,Forest Herbarium,2021-07-31,Rachun Pooma,ref-THA-0000617045,7,3,"Commersonia bartramia. Flora of Thailand. Vol. 7. Part 3, 2001. Pg. 550. Accessed 2021-07-31",All rights reserved,Forest Herbarium,https://botany.dnp.go.th/eflora/floraspecies.html?tdcode=02735
wfo-0000933411,"Buttressed tree up to 40 m, young branches with prominent leaf scars. Stipules boat-shaped, triangular to ovate, 2–3 mm. Leaves glabrous, lanceolate to obovate, 5–15 by 2–6 cm, entire, base rounded to cuneate, apex acuminate with rounded tip. Petiole sulcate, 5–15 mm. Inflorescence a densly flowered panicle, terminal and in the upper leaf axils, 5–10 cm long; axis hairy. Bracts early caducous, boat-shaped, narrowly triangular, 2–4 mm. Pedicel articulate, swollen in fruit. Sepals densely appressedly hairy, light brown, boat-shaped, obovate, 1–3 by 2–4 mm; petals densely hairy outside, narrowly elliptic, 7–12 by 2–3 mm, at anthesis recurved and more or less twisted; stamens 5 short with filamens ca 4 mm, 5 long with filaments ca 7 mm. Ovary ovoid, 2–3 mm; style 4–5 mm. Fruit an ellipsoid, 1-locular, 1-seeded capsule, appressed hairy, 15–25 by 2–3 mm. Seed partly covered by a reddish arillus.",general,EN,K. Larsen,,Forest Herbarium,2021-07-31,Rachun Pooma,ref-THA-0000933411,7,3,"Ctenolophon parvifolius. Flora of Thailand. Vol. 7. Part 3, 2001. Pg. 391. Accessed 2021-07-31",All rights reserved,Forest Herbarium,https://botany.dnp.go.th/eflora/floraspecies.html?tdcode=02570
wfo-0000158394,"Scrambling shrub or woody climber, branchlets covered with persistent, brown or dark red-brown stellate hairs, nodes with undulate interpetiolar ridges. Leaves elliptic, 9–16 x 4–9 cm, base rounded to cordate, apex acuminate, tip ca 5 mm long, lamina with 2–3 pairs of lateral primary veins, young leaves covered with a stellate tomentum on both surfaces, mature mostly glabrous, petioles 0.8–1 cm long, covered with stellate hairs. Inflorescence axillary with three flowers, 5–6 cm long, bracts 12–15 mm long, lanceolate or subulate. Hypanthium tubular to urceolate, 8–15 mm long, densely covered with a brown or red-brown stellate indumentum and sometimes sparsely pustulate; calyx lobes obovate to triangular, 7–15 mm long, on the inside with a prominent vertical midridge. Petals suborbicular, about 25 mm long, pinkish-white. Stamens 8, dimorphic, episepalous (outer) ones with L-shaped anthers, about 12 mm long, connective prolongation below the anthers ca 8 mm long, basally enlarged into a membranaceous ring bearing numerous up to 4 mm long filiform appendages, epipetalous (inner) stamens with S-shaped anthers, about 15 mm long, connective barely prolonged below the anthers but ventrally with up to 6 mm long filiform appendages. Berry dry and somewhat woody, urceolate, 7–10 mm across, usually covered with stellate hairs.",general,EN,"S.S. Renner, G. Clausing, N. Cellinese, K.Meyer",,Forest Herbarium,2021-07-31,Rachun Pooma,ref-THA-0000158394,7,3,"Dissochaeta affinis. Flora of Thailand. Vol. 7. Part 3, 2001. Pg. 421. Accessed 2021-07-31",All rights reserved,Forest Herbarium,https://botany.dnp.go.th/eflora/floraspecies.html?tdcode=02603
wfo-0000159376,"Scrambling shrub or woody climber, young branchlets and leaves densely covered with brownish-red stellate hairs and often with scattered bristles, nearly glabrous at maturity, nodes thickened and with distinct interpetiolar ridges. Leaves lanceolate or ovate, 6.5–15 x 3.5–8 cm, base cordate or rounded, apex acuminate, tip to 1.5 cm long, lamina with 1–2 pairs of lateral primary veins, the intramarginal pair quite faint, petioles 0.7–3 cm long, densely stellate tomentose. Inflorescence many-flowered paniculate cymes in the upper leaf axils, 18–25 cm long and with 20-35 flowers, bracts 1–3 x 0.5–1 cm, spatulate and often persistent during flowering. Hypanthium campanulate, 10–15 mm long, with stellate hairs and often a few gland-tipped bristles, calyx truncate or with 4 rounded or undulate lobes, 2–4 mm long; ovary ½ as long as the hypanthium. Petals ovate to obovate, clawed at the base, rounded at the tip, 15–20 mm long, often with minute cilia along the margin, pink, red, or purplish, or one side white, other side red. Stamens 8, dimorphic, episepalous (outer) ones with L-shaped anthers, 16–18 mm long, connective prolonged below the anthers for 4–7 mm and bearing two filiform up to 8 mm long appendages, epipetalous (inner) stamens with S-shaped anthers, about 12–14 mm long, connective barely prolonged below the anthers but dorsally and ventrally with filiform appendages. Berry dry and somewhat woody, urceolate, about 1 cm across and crowned by the 4 persistent calyx lobes, densely covered with stellate hairs.",general,EN,"S.S. Renner, G. Clausing, N. Cellinese, K.Meyer",,Forest Herbarium,2021-07-31,Rachun Pooma,ref-THA-0000159376,7,3,"Dissochaeta annulata. Flora of Thailand. Vol. 7. Part 3, 2001. Pg. 422. Accessed 2021-07-31",All rights reserved,Forest Herbarium,https://botany.dnp.go.th/eflora/floraspecies.html?tdcode=02604
wfo-0000158395,"Scrambling shrub or woody climber, branchlets glabrous, nodes thickened with linear interpetiolar ridges. Leaves ovate, 8–15 x 3–6 cm, base broadly rounded, apex acuminate, tip 0.5-1.2 cm long, lamina with 1 pair of lateral primary veins, on both surfaces glabrous, petioles 0.5–1.2 cm long, glabrous. Inflorescences terminal and/or axillary many-flowered paniculate cymes, 20–40 cm long, bracts 2–4 x ca 1 mm, linear. Hypanthium cylindrical, 6.5–8 mm long, minutely puberulous, glabrescent, calyx rim 1–2 mm high, distinctly crenate, cracked, or lobed, ovary about ½ as long as the hypanthium, stamen pockets extending to the base of the ovary. Petals broadly ovate, 8 mm long, pale purple. Stamens 4, plus 4 staminodes, epipetalous (inner) stamens fertile, anthers 9–10.5 mm long and S-shaped, connective barely prolonged below the anthers and dorsally with a ca 1 mm long triangular spur, ventrally minutely bilobed, outer stamens staminodial and with a ca 6 mm long anther remnant, dorsal connective spur about 1 mm long, ventral appendages minute or absent. Berry subglobose to urceolate, about 6 mm across, capped by the persistent calyx limb, glabrous.",general,EN,"S.S. Renner, G. Clausing, N. Cellinese, K.Meyer",,Forest Herbarium,2021-07-31,Rachun Pooma,ref-THA-0000158395,7,3,"Dissochaeta conica. Flora of Thailand. Vol. 7. Part 3, 2001. Pg. 423. Accessed 2021-07-31",All rights reserved,Forest Herbarium,https://botany.dnp.go.th/eflora/floraspecies.html?tdcode=02605
wfo-0001280828,"Scrambling shrub or woody climber, branchlets floccose-puberulous or glabrous, with or without 2–3 mm long stellate hairs or bristles, interpetiolar ridges low, variously setose (the setae to 4.5 mm long), puberulous, or glabrous. Leaves ovate, oblong, or lanceolate, 6.5–13(–17) x 2.5–6.5(–8) cm, base rounded, apex acute to acuminate, tip ca 0.5 cm long, lamina with 1–2 pairs of lateral primary veins, mature above glabrous to sparsely puberulous, below variously puberulous with brown stellate hairs, glabrescent, petioles 0.5–2.0 cm long, often edged with 1–2 mm long setae. Inflorescences terminal or axillary many-flowered paniculate cymes, 6–30 cm long, stellate pubescent to glabrous, bracts 4–14 x 1–4 mm, leaf-like, margin with fine bristles, caducous. Hypanthium campanulate or urceolate, 4–6 mm long, furfuraceous and often tinged purplish-blue, calyx rim 1 mm high, truncate, ovary ½ to ¾ as long as the hypanthium, adnate to the hypanthium by 8 septs, stamen pockets extending to the base of the ovary. Petals oblong to obovate, 7–10 mm long, white, pale purple, or pinkish. Stamens 4, plus 4 staminodes, epipetalous (inner) stamens fertile, anthers S-shaped, 5–7.5 mm long, connective not prolonged below the anthers, dorsally with a triangular or bifid spur, ventrally minutely bilobed, outer stamens staminodial, trapezoid, 1.5–2.5(–4.5) mm long and with a ca 2 mm long ± filiform dorsal appendage. Berry ellipsoid, about 8 mm long, stellate puberulous or glabrous.",general,EN,"S.S. Renner, G. Clausing, N. Cellinese, K.Meyer",,Forest Herbarium,2021-07-31,Rachun Pooma,ref-THA-0001280828,7,3,"Dissochaeta divaricata. Flora of Thailand. Vol. 7. Part 3, 2001. Pg. 423. Accessed 2021-07-31",All rights reserved,Forest Herbarium,https://botany.dnp.go.th/eflora/floraspecies.html?tdcode=02606
wfo-0000158396,"Scrambling shrub or woody climber, branchlets with minute stellate hairs and with few to many 2–3 mm long dark maroon bristles, interpetiolar ridges prominent. Leaves elliptic to ovate, 7.5–13 x 3.5–6 cm, base rounded to cordate, apex acuminate, tip to 1 cm long, lamina with 2–3 pairs of lateral primary veins, young with a purple brown stellate tomentum on both surfaces, mature leaves glabrous, petioles 0.5–1 cm long, with stellate hairs. Inflorescences in the upper leaf axils 4–7 cm long and with 1–5 flowers, bracts 1–4 mm long, linear, caducous. Hypanthium campanulate urceolate, 10–12 mm long, with stellate hairs and long bristles, calyx rim, 2–3 mm high, lobes broadly triangular, 5–7 mm long, ovary ½ as long as the hypanthium, stamen pockets extending to the base of the ovary. Petals broadly ovate, about 18 mm long, white. Stamens 8, dimorphic, episepalous (outer) ones with L-shaped anthers, about 15 mm long, connective basally prolonged for about 5 mm and with a ring of 5–7 filiform appendages (ventrally up to 4 mm long, dorsally up to 7 mm long), epipetalous (inner) stamens with C- or S-shaped anthers, about 10 mm long, connective barely prolonged below the anthers and with two ventral and two dorsal filiform appendages. Berry dry and somewhat woody, urceolate, about 10 mm across, covered with deciduous stellate hairs and persistent bristles.",general,EN,"S.S. Renner, G. Clausing, N. Cellinese, K.Meyer",,Forest Herbarium,2021-07-31,Rachun Pooma,ref-THA-0000158396,7,3,"Dissochaeta echinulata. Flora of Thailand. Vol. 7. Part 3, 2001. Pg. 425. Accessed 2021-07-31",All rights reserved,Forest Herbarium,https://botany.dnp.go.th/eflora/floraspecies.html?tdcode=02607
wfo-0000159399,"Scrambling shrub or woody climber, branchlets greyish stellate-furfuraceous, interpetiolar ridges raised. Leaves ovate, 10–15 x 4.5–5.6 cm, base rounded or shallowly cordate, apex acuminate, tip 1–1.5 cm long, lamina with 1(–2) pair(s) of lateral primary veins, above glabrous, below densely covered with fine stellate hairs, petioles 1.2–1.4 cm long, stellate-pubescent. Inflorescence a densely pubescent paniculate cyme, terminal or in upper leaf axils, 9–30 cm long and many-flowered, bracts minute, caducous. Hypanthium urceolate, 4–4.5 mm long, with stellate hairs, calyx rim truncate, 1 mm high and with 4 undulations or cusps, ovary entirely adnate to outer wall of hypanthium. Petals ovate to oblong, 9–15 mm long, white with visible reddish venation. Stamens 4, episepalous, anthers yellow, ovate, pollen sacs tessellate reticulate, ca 7 mm long, connective with a dorsal crest attached near the middle of the anther, 3–4 mm long, lacking ventral appendages. Berry globose, 6–8 mm across, sparsely covered with stellate hairs to nearly glabrous, crowned by the calyx remnant.",general,EN,"S.S. Renner, G. Clausing, N. Cellinese, K.Meyer",,Forest Herbarium,2021-07-31,Rachun Pooma,ref-THA-0000159399,7,3,"Dissochaeta fallax. Flora of Thailand. Vol. 7. Part 3, 2001. Pg. 426. Accessed 2021-07-31",All rights reserved,Forest Herbarium,https://botany.dnp.go.th/eflora/floraspecies.html?tdcode=02608
wfo-0000159403,"Scrambling shrub or woody climber with slender branches, young branchlets sparsely to densely covered with red-brown stellate hairs, older branches glabrous, nodes with prominent interpetiolar ridges. Leaves thin, lanceolate to ovate, 8–15 x 2.5–7 cm, base rounded or cordate, apex acuminate, tip 0.5–0.8 cm long, lamina with 1(–2) pair(s) of lateral primary veins, the intramarginal pair faint, mature leaves glabrous above, glabrous or with scattered stellate hairs below, rarely furfuraceous, petioles 0.7–1.5 cm long, sparsely to densely furfuraceous or glabrous. Inflorescence a finely stellate pubescent or glabrous many-flowered paniculate cyme, terminal or in the upper leaf axils, 9–25 cm long, bracts 6–12 mm long, linear or lanceolate, caducous. Hypanthium campanulate-urceolate, 3–4 mm long, sparsely to densely covered with stellate hairs, glabrescent, calyx rim 1–2 mm wide, truncate or undulate with 4 minute cusps or lobes, ovary ½ as long as the hypanthium, surrounded by 4 shallow stamen pockets. Petals ovate, about 4 mm long, white to pink. Stamens 4, plus 4 staminodes, episepalous (outer) stamens fertile, anthers clavate, 2–2.7 mm long with a truncate 2-pored tip (the pores separated by a relatively thin septum), connective barely prolonged below the anthers, dorsally enlarged and bearing two linear lobes (curved to the ventral side of the stamen), about 2 mm long, inner stamen whorl staminodial and with C-shaped anther remnants, 1.5 mm long, connective with a minute dorsal spur and two short ventral appendages. Berry subglobose, <5 mm long, capped by the calyx remnant, glabrous.",general,EN,"S.S. Renner, G. Clausing, N. Cellinese, K.Meyer",,Forest Herbarium,2021-07-31,Rachun Pooma,ref-THA-0000159403,7,3,"Dissochaeta gracilis. Flora of Thailand. Vol. 7. Part 3, 2001. Pg. 426. Accessed 2021-07-31",All rights reserved,Forest Herbarium,https://botany.dnp.go.th/eflora/floraspecies.html?tdcode=02609
wfo-0000159408,"Scrambling shrub or woody climber, branchlets covered with brown stellate hairs, interpetiolar ridges distinct. Leaves thin or subcoriaceous, ovate to oblong, 9–19 x 3.5–9 cm, base rounded or slightly cordate, apex acuminate, tip ca 0.5 cm long, lamina with 1–2 pairs of lateral primary veins, glabrous above, covered with a stellate indumentum below, petioles 1–1.8 cm long, stellate furfuraceous. Inflorescences densely stellate-pubescent many-flowered terminal paniculate cymes, 14–20 cm long, bracts minute, caducous. Hypanthium urceolate, 4.5–6 mm long, covered with stellate hairs or glabrous, calyx with 4 undulations or lobes, 1–1.3 mm long, ovary villous, 4 stamen pockets deep. Petals elliptic, 8–12 mm long, pink or purple. Stamens 4, episepalous, anthers S-shaped, 8–11 mm long, connective barely prolonged below the anthers, dorsally with a short spur, ventrally with two filiform appendages, 2–4 mm long. Berry urceolate, 6–8 x 5–6 mm, with a distinct calyx remnant and ± covered with stellate hairs.",general,EN,"S.S. Renner, G. Clausing, N. Cellinese, K.Meyer",,Forest Herbarium,2021-07-31,Rachun Pooma,ref-THA-0000159408,7,3,"Dissochaeta intermedia. Flora of Thailand. Vol. 7. Part 3, 2001. Pg. 427. Accessed 2021-07-31",All rights reserved,Forest Herbarium,https://botany.dnp.go.th/eflora/floraspecies.html?tdcode=02610
wfo-0000159421,"Scrambling shrub or woody climber, young branchlets densely covered with stellate hairs, ± glabrous when older, nodes with distinct interpetiolar ridges. Leaves ovate, 6–15 x 3–8 cm, base rounded or slightly cordate, apex acuminate, lamina with 1–2 pairs of lateral primary veins, above glabrous except for occasional stellate hairs on the nerves, below sparsely to densely stellate-pilose especially on the nerves, petioles 0.7–1.7 cm long, stellate-furfuraceous. Inflorescences many-flowered paniculate cymes, terminal or sometimes in the upper leaf axils, up to 25 cm long, bracts 4–8 mm long, linear, caducous. Hypanthium campanulate to urceolate, 3–4 mm long, stellate furfuraceous or glabrous, calyx rim truncate or with 4 shallow undulations or cusps, ovary ¾ as long as the hypanthium, apically sometimes with bristles or appressed-puberulous, 4 stamen pockets shallow. Petals ovate, about 6 mm long, white or pink. Stamens 4, episepalous, anthers C-shaped, 4–6 mm long, connective barely prolonged below the anthers, dorsally with two linear appendages (curved to the ventral side of the stamen), up to 3 mm long. Berry globose, ca 5 mm across, capped by the calyx remnant and ± glabrous.",general,EN,"S.S. Renner, G. Clausing, N. Cellinese, K.Meyer",,Forest Herbarium,2021-07-31,Rachun Pooma,ref-THA-0000159421,7,3,"Dissochaeta monticola. Flora of Thailand. Vol. 7. Part 3, 2001. Pg. 428. Accessed 2021-07-31",All rights reserved,Forest Herbarium,https://botany.dnp.go.th/eflora/floraspecies.html?tdcode=02611
wfo-0000159433,"Scrambling shrub or woody climber, branchlets covered with minute brown stellate hairs, nodes swollen and with distinct interpetiolar ridges. Leaves elliptic to oblong, 8–18 x 3.5–9.5 cm, base rounded to cordate, apex acuminate, tip 0.6–0.8 cm long, lamina with 2–3 pairs of lateral primary veins, mature leaves above and below glabrous except for a pair of hair cushions at the blade base, petioles 1–1.8 cm long, stellate furfuraceous. Inflorescence cymes in the upper leaf axils, rarely terminal, 6–10 cm long and with 3–12 flowers, bracts 5–6 mm long, linear, caducous. Hypanthium campanulate, 10–15 mm long, densely covered with stellate hairs and thickened bristles that themselves bear stellate hairs; calyx lobes triangular, 5–7 mm long, ovary ½ as long as the hypanthium, usually with a ring of bristles on the villous top, stamen pockets extending to the base of the ovary. Petals elliptic to ovate, 10–25 mm long, white with a pinkish hue. Stamens 8, dimorphic, episepalous (outer) ones with L-shaped anthers, about 17 mm long, connective prolonged below the anthers for about 9 mm, basally enlarged and bearing numerous filiform appendages, epipetalous (inner) stamens with S-shaped anthers, ca 10 mm long, connective barely prolonged below the anthers and ventrally with two long filiform appendages, dorsally with two short spurs. Berry dry and somewhat woody, campanulate, 10–12 mm across, covered with the same indumentum as the hypanthium.",general,EN,"S.S. Renner, G. Clausing, N. Cellinese, K.Meyer",,Forest Herbarium,2021-07-31,Rachun Pooma,ref-THA-0000159433,7,3,"Dissochaeta reformata. Flora of Thailand. Vol. 7. Part 3, 2001. Pg. 428. Accessed 2021-07-31",All rights reserved,Forest Herbarium,https://botany.dnp.go.th/eflora/floraspecies.html?tdcode=02612
wfo-0000158397,"Scrambling shrub or woody climber, branchlets with scattered minute stellate hairs and up to 2 mm long reddish-brown glandular hairs or bristles, nodes prominently thickened, 6–7 mm wide and with two annular interpetiolar pockets, crests, or ridges, these densely covered with stellate hairs and marginal bristles, rarely glabrous. Leaves oblong or ovate, 9–17 x 3–8 cm, base rounded or cordate, apex acuminate, the tip 1–2 cm long, lamina with 2 pairs of lateral primary veins, mature leaves mostly glabrous above and below, petioles 0.5–0.7 cm long, densely covered with minute stellate hairs and bristles. Inflorescences many-flowered brown-pubescent terminal or axillary paniculate cymes, 10–15 cm long, bracts minute and linear, with stellate hairs and bristles along the margin. Hypanthium campanulate-cylindric, 3–5 mm long, densely covered with reddish-brown stellate and/or gland-tipped bristles, rarely glabrous, calyx truncate or with 4 shallow undulations, ovary ⅔ as long as the hypanthium, surrounded by 8 stamen pockets of unequal length, those of the staminodes extending just below the top of the ovary. Petals ovate to suborbicular, 3–3.5 mm long, white. Stamens 4, plus 4 staminodes, epipetalous (inner) stamens fertile, anthers 2–3 mm long, connective barely prolonged below the anthers and with a triangular dorsal appendage, ventrally minutely bilobed, outer stamens staminodial with anther remnants about the same length as the fertile anthers, connective dorsally with triangular appendage, about 2.5 mm long, ventrally distinctly bilobed. Berry globose, 6–7 mm across, loosely covered with bristles or glabrous.",general,EN,"S.S. Renner, G. Clausing, N. Cellinese, K.Meyer",,Forest Herbarium,2021-07-31,Rachun Pooma,ref-THA-0000158397,7,3,"Dissochaeta stipularis. Flora of Thailand. Vol. 7. Part 3, 2001. Pg. 431. Accessed 2021-07-31",All rights reserved,Forest Herbarium,https://botany.dnp.go.th/eflora/floraspecies.html?tdcode=02613
wfo-0000158398,"Scrambling shrub or woody climber, branchlets puberulous to glabrous, nodes slightly thickened and with distinct linear interpetiolar ridges. Leaves lanceolate, elliptic-oblong, or ovate, 5–13 x 2–5 cm, base truncate, emarginate-cordate or rounded, apex acuminate, tip 0.8–1.4 cm long, lamina with 1(–2) pair(s) of lateral primary veins, mature blades mostly glabrous on both sides, petioles 0.4–0.9 cm long, shortly setose or with a cushion of minute hairs. Inflorescences axillary or terminal, upright or lax paniculate cymes, 7–18 cm long and with 10–25 flowers, bracts 3–10 x 3–4 mm, spatulate. Hypanthium campanulate, 3–4.5 mm long, glabrous, calyx truncate and splitting irregularly. Petals oblong to broadly ovate, about 5 mm long, pale lilac, cream, or white, ovary ½ as long as the hypanthium, surrounded by 4 stamen pockets extending to ½ the length of the ovary. Stamens 4, plus 4 staminodes, epipetalous (inner) stamens fertile, anthers S-shaped and ca 2.5 mm long, connective barely prolonged below the anthers, ventrally minutely bilobed, dorsally unappendaged, outer stamens staminodial, triangular, 2–2.5 mm long, with a filiform dorsal spur rising from a thick base and two smaller ventral lobes. Berry subglobose, about 6 mm across, glabrous.",general,EN,"S.S. Renner, G. Clausing, N. Cellinese, K.Meyer",,Forest Herbarium,2021-07-31,Rachun Pooma,ref-THA-0000158398,7,3,"Dissochaeta viminalis. Flora of Thailand. Vol. 7. Part 3, 2001. Pg. 433. Accessed 2021-07-31",All rights reserved,Forest Herbarium,https://botany.dnp.go.th/eflora/floraspecies.html?tdcode=02614
wfo-0000652410,"Evergreen tree, 8–15 m high, low-branched; bark grey, smooth; twigs glabrous. Stipules linear-lanceolate 2–8 x ⅓–¾ mm, glabrescent. Leaves narrowly lanceolate, 4–12 x 1–2 cm, coriacous, glabrous above, sometimes puberulous along midrib, apex cuspidate, base cuneate; secondary nerves 8–14 pairs, arched and prominent beneath, reticulate veins distinct on lower surface. Male flowers in spikes or racemes, 4–8-flowered. Stamens 1–8. Female or hermaphrodite flowers in lax spikes or racemes, 4–10-flowered. Ovary ovoid, dark brown stellate-hairy. Capsule ellipsoid to ovoid, woody, 10 x 5 mm (young stage), subacute, apiculate, stellate-hairy; fruiting peduncle ca 5 mm.",general,EN,C. Phengklai,,Forest Herbarium,2021-07-31,Rachun Pooma,ref-THA-0000652410,7,3,"Distylium annamicum. Flora of Thailand. Vol. 7. Part 3, 2001. Pg. 403. Accessed 2021-07-31",All rights reserved,Forest Herbarium,https://botany.dnp.go.th/eflora/floraspecies.html?tdcode=02586
wfo-0000652423,"Evergreen tree, 10–15 m high, low-branched, bark grey; twigs densely stellate hairy, then glabrescent. Stipules linear-lanceolate, 3–8 x ¼–¾ mm, hairy. Leaves elliptic or obovate, 6–14 x 3–6 cm, coriaceous, glabrous above, sometimes stellate pubescent along midrib, almost glabrous beneath, apex acute to acuminate, base acute, margin smooth or serrate in the upper half towards the apex; secondary nerves 6–8 pairs, arched and anastomosing well away from the margin, usually depressed on the upper surface and prominent beneath. Male flowers in spikes or racemes, 3–6-flowered. Stamens 1–8. Staminodes absent. Female or hermaphrodite flowers in lax spikes or racemes, 4–10-flowered. Ovary ovoid, densely dark brown stellate-hairy. Capsule ellipsoid to ovoid, woody, 1–1.5 x 1 cm, subacute, apiculate with short remains of styles, stellate-hairy; fruiting peduncle 5–10 mm.",general,EN,C. Phengklai,,Forest Herbarium,2021-07-31,Rachun Pooma,ref-THA-0000652423,7,3,"Distylium indicum. Flora of Thailand. Vol. 7. Part 3, 2001. Pg. 403. Accessed 2021-07-31",All rights reserved,Forest Herbarium,https://botany.dnp.go.th/eflora/floraspecies.html?tdcode=02587
wfo-0000770776,"Rhizome to 1.5 cm diam. Roots numerous, 10–20 by 3–5 mm. Leaves 30–150 by 1.2–1.8 cm, apex rounded to obtuse, margins thickened by coarse, tough vascular bundles that persist following decay of leaves. Inflorescence pedunculate; staminate peduncles 5–10 cm long; carpellate peduncles 40–50 cm long, persistent, coiling following pollination. Staminate flowers pedicellate; pedicel 3–13 mm long; sepals 3, white, reflexed, ca 2 mm long; petals 3, white, broader than sepals, erect, ca 1.8 mm long; stamens 3, erect. Carpellate flowers sessile; sepals 3, reddish, margins recurved; petals 3, white; ovary densely covered with long fringe-like pubescence. Fruit 5–7 cm long, green, apex acuminate. Seeds 1–1.5 cm long.",general,EN,R.R. Haynes,,Forest Herbarium,2021-07-31,Rachun Pooma,ref-THA-0000770776,7,3,"Enhalus acoroides. Flora of Thailand. Vol. 7. Part 3, 2001. Pg. 369. Accessed 2021-07-31",All rights reserved,Forest Herbarium,https://botany.dnp.go.th/eflora/floraspecies.html?tdcode=02538
wfo-0000670258,"Slender erect herb, 5–20 cm, yellow-brown throughout. Stem ridged, glabrous or sparsely, minutely hairy. Leaves triangular, caudate, 1–2.5 mm, glabrous. Inflorescence glabrous or minutely hairy, apex acute, 1–6 cm; bracts narrowly ovate, caudate, ciliate, 1 mm, caducous before seed-set and leaving a more or less prominent scar, or rarely a few bracts persistent. Flowers yellow-white, pedicel 0.3 mm. Sepals sub-equal, ovate to oblong, acuminate, glabrous, ca 1 mm. Upper petals 1.2–1.7 mm, free parts oblong or spathulate, 0.9 mm. Lower petal 1.1–1.6 mm, broadly, obovate, slightly cucullate. Anthers 5, sessile on the 1.4 mm staminal sheath. Disk of a single lobe, 0.2 mm, persistent in fruit. Ovary orbicular to obovate, 0.5 mm; style straight or slightly curved apically, 0.6–1.0 mm. Capsule obreniform, 0.6–0.7 by 0.9–1.0 mm. Seeds black, ellipsoid, glabrous, colliculate, ca 0.4 mm.",general,EN,C.A. Pendry,,Forest Herbarium,2021-07-31,Rachun Pooma,ref-THA-0000670258,7,3,"Epirixanthes elongata. Flora of Thailand. Vol. 7. Part 3, 2001. Pg. 499. Accessed 2021-07-31",All rights reserved,Forest Herbarium,https://botany.dnp.go.th/eflora/floraspecies.html?tdcode=02684
wfo-0000675732,"Tree up to 20 m high; bark grey, the inner bark reddish; wood brick-red. Stipules caducous. Leaves alternate, ovate or cordate, 7–16 x 7–16 cm, coriaceous, apex acute to caudate, base cordate, truncate or broadly ovate, serrate, crenate; 5–7 basal nerves, secondary nerves 3–5 pairs, ascending, scalariform veins distinct on lower surface. Petioles 3–12 cm, glabrescent. Inflorescences 1-many flowered, terminal and axillary, erect, 10–15 cm long; bracts 1.5–3 x 1–1.5 cm, hairy. Flowers yellow to orange; calyx and corolla 5 merous. Calyx narrow lanceolate, 1.5–2.5 x 0.5 cm. Corolla free, oblong or slightly narrow towards the base, 1.5–2.5 x 0.6–1 cm, glabrous. Staminal tube covering the ovary and style. Ovary superior, smooth, oblong, 5–7 x 2–3 mm, hairy, 7–10-locular, each with many ovules. Style simple, 1.5–2.5 cm long, hairy on the lower half with ca 7 needle-like lobes. Fruits ovate-oblong, woody, with 7–10 longitudinal lobes, 5–6 x 3–4 cm, dehiscent; fruit stalk 1-3 cm, sparsely hairy. Seeds many, each with a membranous wing.",general,EN,C. Phengklai,,Forest Herbarium,2021-07-31,Rachun Pooma,ref-THA-0000675732,7,3,"Eriolaena candollei. Flora of Thailand. Vol. 7. Part 3, 2001. Pg. 555. Accessed 2021-07-31",All rights reserved,Forest Herbarium,https://botany.dnp.go.th/eflora/floraspecies.html?tdcode=02738
wfo-0000691032,"Tree, up to 25 m high; bark greyish-black, inner bark whitish with dark brown stripes. Leaves simple, alternate, 3–(5)-lobed, 8–20 x 8–18 cm, coriaceous, glabrescent except along nerves on lower surface, usually tri-lobed, with acute to cuspidate apex and cordate to truncate base, entire or undulate margin; main nerves 5–(7) from leaf base, thickened at base, secondary nerves 3–7 pairs, arched and anastomosing near margin, sharp-ridged on lower surface, scalariform and reticulate veins distinct on lower surface. Petioles 5–20 cm, glabrescent, wrinkled at base when dry. Inflorescences in panicles, 5–15 cm long, terminal and at upper leaf scars; bracteoles scale-like, hairy. Calyx conical, funnel-shaped, 1.2–1.5 x 0.8 cm; lobes about ¼ of calyx length; hairy on both surfaces; outside with brown to orange-red indumentum. Stamens in 5 groups of 3; staminal column sparsely hairy, 1–3 cm long; anther curved, 2-lobed, extrorse. Ovary hairy, 5-locular, free from each other, each with 2–(4) ovules; styles very short. Capsules oblong with acute apex. Seeds 2, ellipsoid, smooth.",general,EN,C. Phengklai,,Forest Herbarium,2021-07-31,Rachun Pooma,ref-THA-0000691032,7,3,"Firmiana colorata. Flora of Thailand. Vol. 7. Part 3, 2001. Pg. 557. Accessed 2021-07-31",All rights reserved,Forest Herbarium,https://botany.dnp.go.th/eflora/floraspecies.html?tdcode=02740
wfo-0000691039,"Tree, up to 20 m; bark greyish-black, inner bark brown with yellow streak. Leaves alternate, sometimes cordate, 12–15 x 13–24 cm, subcoriaceous, glabrescent, except along nerves on lower surface, apex with acute to cuspidate, base cordate to truncate, margin entire or undulate; main nerves 5–(7) from base, secondary nerves 4–6 pairs, ascending, sharp-ridged on lower surface, scalariform and reticulate. Petioles 8–15 cm, glabrescent. Inflorescences in clustered cymes, ca 4 cm long and wide, terminal and at upper leaf scars; bracteoles scale-like, hairy, caducous. Calyx divided to or nearly to the base; lobes lanceolate, 2–2.5 x 0.2 cm, dirty white or yellowish indumentum outside, glabrous inside, except tufts of hairs at the base. Stamens in 5 groups of 3; column glabrous, 1.5–2 cm long; anthers curved, 2-lobed, extrorse. Ovary glabrous, 5-locular, free from each other, each with 2–(4) ovules; styles filiform. Capsules oblong-lanceolate with awl-like apex. Seeds 2, ellipsoid, smooth.",general,EN,C. Phengklai,,Forest Herbarium,2021-07-31,Rachun Pooma,ref-THA-0000691039,7,3,"Firmiana kerrii. Flora of Thailand. Vol. 7. Part 3, 2001. Pg. 559. Accessed 2021-07-31",All rights reserved,Forest Herbarium,https://botany.dnp.go.th/eflora/floraspecies.html?tdcode=02741
wfo-0000691049,"Tree, up to 20 m high; bark greyish-black, inner bark whitish with dark brown stripes. Leaves simple, alternate, tri-lobed or cordate, 10–14 x 12–18 cm, subcoriaceous, with dense indumentum of soft hairs on lower surface, usually tri-lobed, with acute to obtuse apex and cordate base, entire or undulate margin; main nerves 5 from base, secondary nerves 4–6 pairs, straight and anastomosing near margin, scalariform nerves distinct on lower surface. Petioles 7–12 cm, densely hairy, swollen and wrinkled at base when dry. Inflorescences in panicles, 5–15 cm long, terminal and at upper leaf scars; bracteoles scale-like, hairy, caducous. Calyx conical, funnel-shaped, 1.5–2 x 0.5–1 cm, lobes ⅓–½ of calyx length; hairy on both sides, outside with brown to orange-red indumentum. Stamens in 5 groups of 5, column hairy, ca 2 cm long; anthers curved, 2 lobed, extrorse. Ovary glabrous, 5-locular, free from each other, each with 2–(4) ovules; styles linear and curved outward. Capsules oblong, with acute apex. Seeds 2, ellipsoid, smooth.",general,EN,C. Phengklai,,Forest Herbarium,2021-07-31,Rachun Pooma,ref-THA-0000691049,7,3,"Firmiana pallens. Flora of Thailand. Vol. 7. Part 3, 2001. Pg. 559. Accessed 2021-07-31",All rights reserved,Forest Herbarium,https://botany.dnp.go.th/eflora/floraspecies.html?tdcode=02742
wfo-0000769316,"Rhizome nodes with 1–6 roots, a scale and short erect stem, scale elliptic, 6–7 mm long; internodes 0.5–4 cm long. Leaves divided into a sheath and a blade; sheath persistent, 2–4 cm long; blades 10–15 cm by 1.2–3.5 mm, narrowed at base; apex with 2 linear lateral teeth and an obtusely rounded median tooth in which the midrib ends, median tooth as long as or shorter than lateral teeth or rarely slightly longer. Staminate flower pedunculate; anthers ca 3 mm long. Carpellate flowers with one ovary; ovary ovate, ca 0.5 mm long; style 3-4 mm long, terminal. Fruit round-ovate, rostrate, hardly appressed, ca 2.5 by 2 mm; rostrum apically inserted, ca 1 mm long.",general,EN,R.R. Haynes,,Forest Herbarium,2021-07-31,Rachun Pooma,ref-THA-0000769316,7,3,"Halodule uninervis. Flora of Thailand. Vol. 7. Part 3, 2001. Pg. 363. Accessed 2021-07-31",All rights reserved,Forest Herbarium,https://botany.dnp.go.th/eflora/floraspecies.html?tdcode=02528
wfo-0000769324,"Monoecious herbs; rhizomes with 1 root at each node; erect stems apparently absent. Leaves apparently arising from rhizome, oblong-elliptic, serrulate, apex obtuse to rounded, base cuneate. Inflorescence with spathe enclosing both staminate and carpellate flowers. Staminate flowers with pedicels ca 3 mm long. Carpellate flowers subsessile, styles ca 2.5 mm long. Fruits ellipsoid. Seeds ca 0.2 mm long.",general,EN,R.R. Haynes,,Forest Herbarium,2021-07-31,Rachun Pooma,ref-THA-0000769324,7,3,"Halophila decipiens. Flora of Thailand. Vol. 7. Part 3, 2001. Pg. 371. Accessed 2021-07-31",All rights reserved,Forest Herbarium,https://botany.dnp.go.th/eflora/floraspecies.html?tdcode=02540
wfo-0000769338,"Dioecious herbs; rhizomes with 1 or more roots at each node; erect stems apparently absent. Leaves apparently arising from rhizome, linear to ovate, entire, apex rounded, base rounded. Inflorescence with spathe enclosing one staminate or one carpellate flowers. Staminate flowers with pedicels 1–2 cm long. Carpellate flowers subsessile, styles 1–2 cm long. Fruits globose. Seeds ca 1 mm long.",general,EN,R.R. Haynes,,Forest Herbarium,2021-07-31,Rachun Pooma,ref-THA-0000769338,7,3,"Halophila ovalis. Flora of Thailand. Vol. 7. Part 3, 2001. Pg. 371. Accessed 2021-07-31",All rights reserved,Forest Herbarium,https://botany.dnp.go.th/eflora/floraspecies.html?tdcode=02541
wfo-0000769341,"Dioecious herbs; rhizomes with 1 roots at each node; erect stems apparently absent. Leaves apparently arising from rhizome, oblong-elliptic to obovate, entire, apex obtuse to acuminate, base obtuse or shortly cuneate. Inflorescence with spathe enclosing one staminate or one carpellate flower. Staminate flowers with pedicels ca 2 cm long. Carpellate flowers subsessile, with style 2–6 mm long. Fruits ellipsoid to globose. Seeds ca 0.5 mm long.",general,EN,R.R. Haynes,,Forest Herbarium,2021-07-31,Rachun Pooma,ref-THA-0000769341,7,3,"Halophila ovata. Flora of Thailand. Vol. 7. Part 3, 2001. Pg. 371. Accessed 2021-07-31",All rights reserved,Forest Herbarium,https://botany.dnp.go.th/eflora/floraspecies.html?tdcode=02542
wfo-0000718077,"Shrub, 1–2(3) m high, stellate hairy on all parts. Leaves elliptic, oblong or lanceolate, 3–15 x 1–4 cm, coriaceous, apex acuminate, acute to obtuse, base obtuse, entire; 3 basal nerves, secondary nerves 3–7 pairs, scalariform and reticulate veins distinct on lower surface. Petiole 3–15 mm long, hairy. Inflorescences axillary, short. Calyx campanulate, with 5 unequal lobes, hairy externally. Petals bluish or pink, spathulate, 5–10 x 1–2 mm, obtuse, claw without appendage. Stamens 15, on a slender, glabrous column, angular near the top. Ovary ovoid, surrounded by the ring of stamens, longitudinally 5-lobed; stigma flattened, slightly 5-lobed. Capsule cylindrical, 1–3 x 0.5–1.5 cm, without beak on top, with 5 longitudinal lobes, covered with shaggy hairs, dehiscent.",general,EN,C. Phengklai,,Forest Herbarium,2021-07-31,Rachun Pooma,ref-THA-0000718077,7,3,"Helicteres angustifolia. Flora of Thailand. Vol. 7. Part 3, 2001. Pg. 563. Accessed 2021-07-31",All rights reserved,Forest Herbarium,https://botany.dnp.go.th/eflora/floraspecies.html?tdcode=02744
wfo-0000718099,"Shrub, 1–2 m high, stellate hairy on all parts. Leaves ovate oblong, 5–15 x 1.5–6 cm, chartaceous, apex acute to acuminate, base obtuse or slightly oblique, doubly serrate or serrate; 3(–5) basal nerves, secondary nerves 4–6 pairs, scalariform veins conspicuous on both surfaces. Petiole 5–10 mm long, truncate. Inflorescences lax, 2–2.5 cm long, axillary, opposite the leaves or terminal. Calyx funnel or bell-shaped, with 5 unequal lobes, hairy on outer surface. Petals pale violet, spathulate or wedge-shaped, 8–10 x 3–3.5 mm, truncate, claw with a pair of appendages. Stamens 10, on a horn like, glabrous column. Ovary ovoid surrounded by the ring of stamens, hairy, with 5 longitudinal lobes. Stigma flattened, slightly 5-lobed. Capsule cylindrical, straight, 2–3 x 0.6–1 cm, with 5 longitudinal lobes, hairy, dehiscent. Seeds many.",general,EN,C. Phengklai,,Forest Herbarium,2021-07-31,Rachun Pooma,ref-THA-0000718099,7,3,"Helicteres elongata. Flora of Thailand. Vol. 7. Part 3, 2001. Pg. 563. Accessed 2021-07-31",All rights reserved,Forest Herbarium,https://botany.dnp.go.th/eflora/floraspecies.html?tdcode=02745
wfo-0000718111,"Shrub, 1–5 m high, stellate hairy on all parts. Leaves elliptic, ovate, or elliptic oblong, 5–20 x 2–6 cm, subcoriaceous, apex acute to caudate, base cuneate and oblique, doubly serrate or serrate; 3(–5) basal nerves, secondary nerves 3–7 pairs, scalariform veins conspicuous on both surfaces. Petiole 5–25 mm long, acute. Inflorescences axillary, erect, up to 2 cm long. Calyx tubular, curved, with 5 unequal lobes, hairy externally. Petals purple, oblanceolate, 2–2.5 x 0.3 cm, undulate, acute. Stamens 10, on a horn-like, glabrous column. Ovary ovoid oblong, surrounded by the ring of stamens, with 5 hairy longitudinal lobes, stigma flattened, slightly 5-lobed. Capsule oblong, 3–5 x 1.5 cm, with 5-longitudinal lobes, covered with shaggy hairs, dehiscent.",general,EN,C. Phengklai,,Forest Herbarium,2021-07-31,Rachun Pooma,ref-THA-0000718111,7,3,"Helicteres hirsuta. Flora of Thailand. Vol. 7. Part 3, 2001. Pg. 566. Accessed 2021-07-31",All rights reserved,Forest Herbarium,https://botany.dnp.go.th/eflora/floraspecies.html?tdcode=02746
wfo-0000718114,"Shrub, 1–3 m high, stellate hairy on all parts. Leaves ovate 8–20 x 6–18 cm, subcoriaceous, scabrous on upper surface, pale, softly hairy on lower surface, apex 3–5 cuspidate or fringed, base round or cordate, doubly serrate; 5(–7) basal nerves, secondary nerves 3–5 pairs, scalariform veins distinct on lower surface. Petiole 1–3 cm long, hairy. Inflorescences axillary, sword-shaped in bud, shortly pedunculate, hairy on all parts. Calyx long funnel-shaped and curved to one side, with 5 unequal lobes, hairy externally. Petals orange-red with black dots on inner part, reflexed, oblanceolate, unequal and curved to one side, 2.5–3 cm long, acute, undulate; claw with subopposite appendages. Stamens 10, on a glabrous horn-like column. Ovary ovoid and slightly curved to one side, hairy, surround by the ring of stamens; stigma simple, narrowed to a point. Capsule cylindrical, 4–5 x 1 cm, straight and narrow toward the top, glabrescent, twisted after dehiscing.",general,EN,C. Phengklai,,Forest Herbarium,2021-07-31,Rachun Pooma,ref-THA-0000718114,7,3,"Helicteres isora. Flora of Thailand. Vol. 7. Part 3, 2001. Pg. 568. Accessed 2021-07-31",All rights reserved,Forest Herbarium,https://botany.dnp.go.th/eflora/floraspecies.html?tdcode=02747
wfo-0000718117,"Shrub, 1–2 m high, stellate hairy on all parts. Leaves ovate, 2.5–10 x 1.5–6 cm, coriaceous, scabrous on upper surface, pale and softly hairy on lower surface, apex acute, base obtuşe, entire or slightly serrate; 3 basal nerves, secondary nerves 3–4 pairs, scalariform veins hardly distinct on lower surface. Petiole up to 1 cm long, hairy. Inflorescence axillary, ovoid in bud, shortly pedunculate, hairy. Calyx campanulate, with 5 unequal lobes, hairy outside. Petals purplish, with 2 forms, lanceolate and spathulate, 8–10 mm long, acuminate or retuse; claw with sub-opposite appendages. Stamens 10, on a slender, glabrous column, sharply angular toward the top. Ovary ovoid, surrounded by the ring of stamens, hairy, 5-longitudinally lobed; stigma with 5 slender teeth. Capsule short cylindrical, 1.2–2 x 0.7–1.3 cm, covered with shaggy hairs.",general,EN,C. Phengklai,,Forest Herbarium,2021-07-31,Rachun Pooma,ref-THA-0000718117,7,3,"Helicteres lanata. Flora of Thailand. Vol. 7. Part 3, 2001. Pg. 568. Accessed 2021-07-31",All rights reserved,Forest Herbarium,https://botany.dnp.go.th/eflora/floraspecies.html?tdcode=02748
wfo-0000718119,"This differs from var. lanceolata by hairy 5–7 pairs of secondary nerves, and the velvety capsule. It seems to prefer rather dry localities.",general,EN,C. Phengklai,,Forest Herbarium,2021-07-31,Rachun Pooma,ref-THA-0000718119,7,3,"Helicteres lanceolata gagnepainiana. Flora of Thailand. Vol. 7. Part 3, 2001. Pg. 571. Accessed 2021-07-31",All rights reserved,Forest Herbarium,https://botany.dnp.go.th/eflora/florainfra.html?tdcode=02750
wfo-0000718157,"Shrub, 1–3 m high, stellate hairy on all parts. Leaves ovate, 7–15 x 4–12 cm, subcoriaceous with soft pale hairs on lower surface, apex 3–5-cuspidate or fringeds; base auriculate, deeply cordate, doubly serrate; 5(–7) basal nerves, secondary nerves 3–5 pairs, scalariform veins distinct on lower surface. Petiole about 1 cm long, hairy. Inflorescence axillary, up to 3 cm long, velvety. Calyx long funnel-shaped with 5 unequal lobes, velvety externally. Petals white or yellow, spathulate, 2.5–3 cm long, obtuse to retuse; claw with opposite appendages. Stamens 15, on a glabrous column. Ovary ovoid-oblong, glabrous, surrounded by the ring of stamens; with 5 longitudinal lobes; stigma divided into 5 slender pin-like teeth. Capsule cylindrical, 3–4 x 1.5 cm, beaked, with 5 longitudinal lobes, covered with shaggy hairs, not twisted after dehiscing.",general,EN,C. Phengklai,,Forest Herbarium,2021-07-31,Rachun Pooma,ref-THA-0000718157,7,3,"Helicteres viscida. Flora of Thailand. Vol. 7. Part 3, 2001. Pg. 573. Accessed 2021-07-31",All rights reserved,Forest Herbarium,https://botany.dnp.go.th/eflora/floraspecies.html?tdcode=02752
wfo-0000720309,"Tree, 5–15 m high. Bark greyish brown, smooth; when cut red, laminated; twigs usually slender and terete, usually with prominent leaf scars. Leaves simple, spirally arranged, elliptic, ovate or semi-obovate, 8–17 x 3–7 cm apex acute to obtuse base slightly cuneate to obtuse coriaceous, glabrous, always glaucous on lower surface; margin entire, nerves faint. Petiole up to 2 cm long. Inflorescence a lax panicle, up to 7 cm long, axillary or in upper leaf scars. Sepals 5, campanulate, green or yellowish, 3–4 mm long, divided one-third of length, hairy on both surfaces. Stamens 8–10, sessile, on top of an even slender column, around a sterile ovary in male flowers. Ovary in female flowers with 4–(5) ellipsoid locules, each with one ovule. Fruit ellipsoid or globular, ca 2 x 1 cm, with a longitudinal ridge, glabrous; epicarp dull.",general,EN,C. Phengklai,,Forest Herbarium,2021-07-31,Rachun Pooma,ref-THA-0000720309,7,3,"Heritiera formes. Flora of Thailand. Vol. 7. Part 3, 2001. Pg. 575. Accessed 2021-07-31",All rights reserved,Forest Herbarium,https://botany.dnp.go.th/eflora/floraspecies.html?tdcode=02754
wfo-0000720313,"Tree up to 20 m high, buttresses up to 2 m high from ground. Bark brown, smooth; when cut red; sapwood yellowish, hardwood dark red. Leaves digitately compound; leaflets 3–7, each elliptic oblong or obovate 9–15 x 3–6 cm acute or obtuse at apex, oblique then slightly cuneate or acute base, margin entire. Petiole 5–10 cm long; petiolules 1–1.5 cm, pubescent. Inflorescence a lax panicle, up to 20 cm long, in upper leaf scars and usually below the remaining leaves. Sepals 5, yellowish, campanulate, 1–2 mm long, hairy in both surfaces. Stamens 10, sessile, on the top of a stout column, with or without sterile ovaries in male flowers. Ovary in female flowers with (4–)5(–6), free awl-shaped loculi; each locule with one ovule. Samara ellipsoid, ca 2 x 1 cm; wing spathulate, ca 10 x 3 cm, glabrous.",general,EN,C. Phengklai,,Forest Herbarium,2021-07-31,Rachun Pooma,ref-THA-0000720313,7,3,"Heritiera javanica. Flora of Thailand. Vol. 7. Part 3, 2001. Pg. 576. Accessed 2021-07-31",All rights reserved,Forest Herbarium,https://botany.dnp.go.th/eflora/floraspecies.html?tdcode=02755
wfo-0000720317,"Tree, 5–15 m high; bark pinkish brown with longitudinal fissure; when cut pink, laminated; twigs slender and terete, usually with prominent leaf scars. Leaves simple, entire, spirally arranged, ovate to oblong, 10–22 x 3.5–10 cm, apex acute to broadly acute, base obtuse to subtruncate and oblique, coriaceous, glabrous on upper surface, white indumentum on lower surface; nerves faint. Petiole stout and wrinkled when dry, 1–2 cm long. Inflorescence a lax panicle, up to 15 cm long, axillary or in upper leaf scars. Sepals 5, campanulate, yellowish, ca 5 mm long, divided to one third of length, hairy on both surfaces. Stamens 8(–10), sessile, on the top of a broad based column, then narrowed in the upper half, around a sterile ovary in male flowers. Ovary in female flowers with 4(–5) ellipsoid locules; each with one ovule. Fruit ellipsoid, woody, ca 6 x 4 cm, with a longitudinal ridge, glabrous, epicarp shining.",general,EN,C. Phengklai,,Forest Herbarium,2021-07-31,Rachun Pooma,ref-THA-0000720317,7,3,"Heritiera littoralis. Flora of Thailand. Vol. 7. Part 3, 2001. Pg. 578. Accessed 2021-07-31",All rights reserved,Forest Herbarium,https://botany.dnp.go.th/eflora/floraspecies.html?tdcode=02756
wfo-0000720320,"Tree, 10–20 m high; buttresses up to 2 m high from ground; crown with low branches; twigs slender, covered with adpressed minute yellowish scales. Leaves simple, alternate or slightly spirally arranged oblong, 12–20 x 5–9 cm apex acute base obtuse to minutely cordate, glabrescent on the upper surface, brownish indumentum and prominent nerves on lower surface. Petiole 2–4 cm long, scaly or hairy. Inflorescences consisting of short simple hairy panicles, 5–10 cm long, in axils of upper leaf scars. Buds globular. Sepals 5, brownish, tubular, 5–6 mm long, divided one third to a half of their length, hairy on both sides. Stamens (6)–8, sessile, around a sterile ovary in male flowers; column ca 2 mm long, without pellucid dots along limb. Ovary in female flowers ovoid, with one locule and 1–(2) ovule, surrounded with staminodes. Samara ellipsoid, ca 5 x 3.5 cm, oblique on one side, with one apical fish-tail wing, up to 1.5 cm long, covered with brown indumentum.",general,EN,C. Phengklai,,Forest Herbarium,2021-07-31,Rachun Pooma,ref-THA-0000720320,7,3,"Heritiera macrophylla. Flora of Thailand. Vol. 7. Part 3, 2001. Pg. 578. Accessed 2021-07-31",All rights reserved,Forest Herbarium,https://botany.dnp.go.th/eflora/floraspecies.html?tdcode=02757
wfo-0000720328,"Tree, 5–20 m high; buttress up to 1 m from ground; crown with low branches; twigs slender, covered with adpressed, minute, golden scales. Leaves simple, alternate or slightly spirally arranged, oblong, 7–20 x 4.5–5.5 cm, apex caudate, acuminate or acute, base obtuse, glabrous on upper surface, glaucous with white-yellowish indumentum and prominent nerves on lower surface. Petiole 1–2 cm long, scaly or hairy. Inflorescences axillary, paniculate, up to 15 cm long, covered with minute, stellate scales. Bud ellipsoid. Sepals 5, white, yellowish or dark pink, campanulate, 2–4 mm long, divided one third of length, hairy on both surfaces. Stamens (8)–10, sessile and around a sterile ovary in male flowers, column ca 1.5 mm long, with pellucid dots along limb. Ovary in female flowers with 4–(5) ellipsoid locules each with one ovule. Samara ellipsoid, ca 2 x 1 cm, with one apical fish-tail wing, up to 2 cm long, glabrous.",general,EN,C. Phengklai,,Forest Herbarium,2021-07-31,Rachun Pooma,ref-THA-0000720328,7,3,"Heritiera parvifolia. Flora of Thailand. Vol. 7. Part 3, 2001. Pg. 581. Accessed 2021-07-31",All rights reserved,Forest Herbarium,https://botany.dnp.go.th/eflora/floraspecies.html?tdcode=02758
wfo-0000720335,"Tree, 20–30 m high; buttresses up to 3 m from ground; bark greyish-brown, peeling off in strips; sapwood yellowish, heartwood reddish brown; twigs stout, glabrescent, with leaf scars. Leaves simple, alternate to spiral, elliptic to broadly elliptical, 13–20 x 7–13 cm, apex broadly acute, base obtuse, glabrescent, coriaceous and coppery when dry; secondary nerves depressed on upper surface and prominent on lower surface. Petioles 5–8 cm long, glabrescent, swollen at both ends. Inflorescence axillary, paniculate up to 10 cm long, hairy then glabrescent. Sepals 5, dark red, urceolate, 1.5–2 mm long, divided one third to a half of their length, hairy on both sides. Stamens 8–10, sessile, on top of a stout and pyramidal column. Ovary in female flowers ellipsoid; one locular and one ovululate, surrounded with staminodes. Samara ellipsoid, 2.5–3 x 1.5–2 cm with a spathulate wing, ca 10 x 4 cm; sparsely hairy then glabrescent.",general,EN,C. Phengklai,,Forest Herbarium,2021-07-31,Rachun Pooma,ref-THA-0000720335,7,3,"Heritiera simplicifolia. Flora of Thailand. Vol. 7. Part 3, 2001. Pg. 581. Accessed 2021-07-31",All rights reserved,Forest Herbarium,https://botany.dnp.go.th/eflora/floraspecies.html?tdcode=02759
wfo-0000720338,"Tree, up to 40 m high; bole usually straight; buttressed; bark whitish, shallowly fissured or peeling off in patches, when cut brown or pinkish; twigs usually slender and terete with prominently raised leaf scars; young parts with stellate hairs. Leaves digitately compound; 5–7 leaflets, each oblong lanceolate or obovate-lanceolate, 7–25 x 3–9 cm, acuminate to cuspidate at apex, cuneate and usually oblique at base, margin entire, sparsely hairy on both surfaces, densely hairy in nerve axils and when young. Petiole 9–25 cm long, hairy then glabrescent; petiolule 1–4 cm long. Flowers unknown. Samara ellipsoid, ca 1 x 0.5 cm, with a spathulate wing; wing 8–10 x 2–2.5 cm, glabrous.",general,EN,C. Phengklai,,Forest Herbarium,2021-07-31,Rachun Pooma,ref-THA-0000720338,7,3,"Heritiera sumatrana. Flora of Thailand. Vol. 7. Part 3, 2001. Pg. 584. Accessed 2021-07-31",All rights reserved,Forest Herbarium,https://botany.dnp.go.th/eflora/floraspecies.html?tdcode=02760
wfo-0000769366,"Rhizomes and erect stems with turions; subterranean turions appearing as tubers, cream-brown, surface smooth; turion from erect stems olive-green, covered with short, stiff scales. Leaves 8–15(–20) by 1.2–4 mm, serrulate. Inflorescence with spathe of 2 united bracts. Flowers solitary in a spathe; staminate pedicels ca 0.5 mm long; carpellate flowers with hypanthium 10–50 mm long; ovary unilocular.",general,EN,R.R. Haynes,,Forest Herbarium,2021-07-31,Rachun Pooma,ref-THA-0000769366,7,3,"Hydrilla verticillata. Flora of Thailand. Vol. 7. Part 3, 2001. Pg. 373. Accessed 2021-07-31",All rights reserved,Forest Herbarium,https://botany.dnp.go.th/eflora/floraspecies.html?tdcode=02544
wfo-0000769380,"Plants monoecious or occasionally dioecious. Leaves floating or emergent; blades 3.3–7 by 3.2–8 cm, primary veins forming an acute angle with mid-vein, broadly curving, abaxial surface with aerenchyma, apex obtuse. Staminate flowers mostly 4 within each spathe; pedicel to 8 cm long; stamens in 5 whorls, outer two whorls staminodal, filaments of different whorls connate near base. Carpellate flowers solitary; pedicels to 9 cm long; styles bifid for ⅓–¾ length. Seeds 1–1.3 mm long.",general,EN,R.R. Haynes,,Forest Herbarium,2021-07-31,Rachun Pooma,ref-THA-0000769380,7,3,"Hydrocharis dubia. Flora of Thailand. Vol. 7. Part 3, 2001. Pg. 373. Accessed 2021-07-31",All rights reserved,Forest Herbarium,https://botany.dnp.go.th/eflora/floraspecies.html?tdcode=02546
wfo-0000357456,"Small tree, up to 10 m high, with straight trunk; bark greyish brown, smooth; young twigs hairy then glabrescent. Leaves heart-shaped or ovate, 5–15 x 6–12 cm, apex acute, cuspidate or rounded, base cordate to truncate, chartaceous, glabrescent; 5–(7) nerved at base, scalariform veins distinct on lower surface. Petiole 3–8 cm long. Inflorescence a panicle of compound cymes, up to 30 cm long. Buds oblong ca 5 x 3 mm, twisted and curved to one side. Flowers pink. Sepals free, unequal oblong or narrow triangular, ca 5 x 1.5 mm, hairy externally. Petals free, unequal, oblanceolate, 3–5 x 1.5–3 mm, glabrous except near curved or hooked base. Stamens 10; staminodes 5, shorter than stamens. Ovary ovoid, hairy, 5-locular; style simple; stigma narrow, pointed. Fruit inflated pyriform, 2–3 x 1.5 cm, membranous, with 5 longitudinal lobes, dehiscent from top to the base. Seeds globose.",general,EN,C. Phengklai,,Forest Herbarium,2021-07-31,Rachun Pooma,ref-THA-0000357456,7,3,"Kleinhovia hospita. Flora of Thailand. Vol. 7. Part 3, 2001. Pg. 586. Accessed 2021-07-31",All rights reserved,Forest Herbarium,https://botany.dnp.go.th/eflora/floraspecies.html?tdcode=02762
wfo-0000222912,"Fronds pointed at apex, 1.5–8 mm long, 1.5–2 times as long as wide, flat or gibbous, without red spot on the upper surface; roots (1–)2–7(–12), up to 7 cm long. No distinct turions present. Flowers rare, 1- or 2-ovulate. Fruit 0.8–1.0 mm long, laterally winged towards the top; seed with 10–15 distinct ribs.",general,EN,E. Landolt,,Forest Herbarium,2021-07-31,Rachun Pooma,ref-THA-0000222912,7,3,"Landoltia punctata. Flora of Thailand. Vol. 7. Part 3, 2001. Pg. 395. Accessed 2021-07-31",All rights reserved,Forest Herbarium,https://botany.dnp.go.th/eflora/floraspecies.html?tdcode=02573
wfo-0000224404,"Fronds floating on the surface of the water, 1–6 mm long, 1–3 times as long as wide; apex rarely pointed; papillae near the apex and above the attachment point of the roots mostly very distinct; root up to 3 cm long, the sheath winged at the base, the tip normally sharply pointed. Flowers frequent. Fruit 0.5–0.8 mm long, not winged; seed with 8–26 distinct ribs.",general,EN,E. Landolt,,Forest Herbarium,2021-07-31,Rachun Pooma,ref-THA-0000224404,7,3,"Lemna aequinoctialis. Flora of Thailand. Vol. 7. Part 3, 2001. Pg. 396. Accessed 2021-07-31",All rights reserved,Forest Herbarium,https://botany.dnp.go.th/eflora/floraspecies.html?tdcode=02575
wfo-0000224468,"Fronds mostly submerged, 6–9 mm long 3–5 times as long as wide, pointed, without papillae; rarely fronds floating on the surface of the water, 2–6 mm long, 2–3 times as long as wide, apex pointed, with a papilla near the apex; root up to 2.5 cm long, the sheath not winged, the tip normally rounded. Flowers rare. Fruit not known.",general,EN,E. Landolt,,Forest Herbarium,2021-07-31,Rachun Pooma,ref-THA-0000224468,7,3,"Lemna tenera. Flora of Thailand. Vol. 7. Part 3, 2001. Pg. 396. Accessed 2021-07-31",All rights reserved,Forest Herbarium,https://botany.dnp.go.th/eflora/floraspecies.html?tdcode=02576
wfo-0000444793,"Shrub, 1–3 m high, all parts glabrescent, blackish when dry. Stipules lanceolate, hairy, caducous. Leaves elliptic, oblong to oblong-lanceolate, 8–25 x 2–7 cm, apex caudate or cuspidate, base obtuse, chartaceous, glabrous or glabrescent; 3-nerved at base, secondary nerves arched and anastomosing, scalariform veins distinct on lower surface. Petiole ca 1 cm long, swollen near leaf-base. Inflorescences axillary, (1–)3(–5) flowered. Buds oblong, hairy. Flowers yellowish. Sepals oblong, 5–6 x 1–2 mm, hairy outside. Petals obovate, ca 1.5 x 1.5 mm, apex retuse to truncate, hairy on both sides. Stamens 10, in 5 bundles. Ovary obovoid with 5(–4) longitudinal groves, ca 2 x 1 mm, truncate at top, and slightly narrow at base; style subulate, ca 2 mm long, curved to one side; stigma with 2 lobes. Fruit obovoid or turbinate, usually oblique, 1–2.5 x 1.5–2 cm., with 5 longitudinal grooves, covered with blackish indumentum. Seeds black, with red aril.",general,EN,C. Phengklai,,Forest Herbarium,2021-07-31,Rachun Pooma,ref-THA-0000444793,7,3,"Leptonychia caudata. Flora of Thailand. Vol. 7. Part 3, 2001. Pg. 588. Accessed 2021-07-31",All rights reserved,Forest Herbarium,https://botany.dnp.go.th/eflora/floraspecies.html?tdcode=02764
wfo-0000683301,"Herbs to 100 cm tall. Leaves pale green; blades oval to ovate, 6.5–28 by 3–20.8 cm, with 11–15 veins, apex round to mucronate, base round to cordate; petioles 12–85 by 0.4–1.5 cm, base with a sheath to 20 cm long. Inflorescence proliferating, with 3–12 flowers, 4.5–19 cm diam; peduncles mostly longer than petioles, 10–60 by to 2 cm; bracts lanceolate to ovate, 1.6–2.5 by 0.8–1.2 cm, apex round to mucronate; pedicels winged, inflated, 4–8 cm by 3–5 mm. Flowers ca 5 cm wide, sepals 1.6–1.7 by 1.2–1.4 cm, petals 2–2.5 by ca 1.5 cm, stamens numerous, in 2 or more series, anthers 1.2–1.9 by 0.2–0.6 mm, filaments ca 4.5 mm long, staminodes numerous, carpels 4.5–6 mm long. Fruits 11–16 by 5–8 mm; fruiting aggregate 1.1–1.6 by 1.4–2.4 cm. Seeds 1.1–1.3 mm long.",general,EN,R.R. Haynes,,Forest Herbarium,2021-07-31,Rachun Pooma,ref-THA-0000683301,7,3,"Limnocharis flava. Flora of Thailand. Vol. 7. Part 3, 2001. Pg. 385. Accessed 2021-07-31",All rights reserved,Forest Herbarium,https://botany.dnp.go.th/eflora/floraspecies.html?tdcode=02562
wfo-0001065276,"Evergreen tree, 5–12 m high, low-branched; bark grey, smooth; twigs densely stellate-hairy, then glabrescent. Stipules lanceolate, 2–3 x 1 mm, hairy. Leaves elliptic or ovate, 3–6 x 1.5–3.5 cm, subcoriaceous, hairy on both sides, ciliate, often recurved, apex acute, base obtuse to broadly obtuse; secondary nerves 5–8 pairs, arched and anastomosing well away form the margin, scalariform veins distinct beneath. Flowers hermaphrodite in head-like spikes at end of twigs; sepals and petals 4. Sepals ovate, hairy, caducous. Petals linear-lanceolate, glabrous. Stamens 4, alternate with petals. Ovary ovoid, hairy, 2-locular, locule with 1-ovule. Capsule ovoid, ca 1 x 1 cm.",general,EN,C. Phengklai,,Forest Herbarium,2021-07-31,Rachun Pooma,ref-THA-0001065276,7,3,"Loropetalum chinense. Flora of Thailand. Vol. 7. Part 3, 2001. Pg. 406. Accessed 2021-07-31",All rights reserved,Forest Herbarium,https://botany.dnp.go.th/eflora/floraspecies.html?tdcode=02589
wfo-0000450926,"Tree, up to 20 m high; bark whitish, smooth; twigs sparsely hairy to glabrescent. Stipules lanceolate, caducous. Leaves ovate to elliptic-oblong, 8–14 x 3–6 cm, apex acute, base truncate, subcordate and minutely oblique, subcoriaceous, glabrescent, and olive-green when dry, margin slightly sertate; nerves 3–5 at base. Petiole 0.5–1 cm, blackish when dry. Inflorescence up to 15 cm long. Flowers white, hairy outside. Petals 5, free, spathulate or oblanceolate. Stamens alternating with staminodes; anthers 1-celled with a short filament. Carpels hairy; fertile locules with 5–9 ovules; style slender and curved outwards; stigma pointed. Fruit an ellipsoid samara, indehiscent, usually in pairs, 10–15 x 5–7 mm; the apical wing curved, 2.5–3 x 1–1.5 cm.",general,EN,C. Phengklai,,Forest Herbarium,2021-07-31,Rachun Pooma,ref-THA-0000450926,7,3,"Mansonia gagei. Flora of Thailand. Vol. 7. Part 3, 2001. Pg. 590. Accessed 2021-07-31",All rights reserved,Forest Herbarium,https://botany.dnp.go.th/eflora/floraspecies.html?tdcode=02766
wfo-0000159899,"Epiphytic shrub, 1–2 m tall, branchlets and branches glabrous, smooth and sharply quadrangular. Leaves opposite, elliptic to ovate, 9.5–20 x 5–12 cm, sessile or petioles to 1.5 cm long, base rounded or cordate, often amplexicaul, apex acute or obtuse, lamina with 1 pair of lateral primary veins departing above the blade base. Inflorescences pendulous loose paniculate cymes, on older leafless nodes or axillary, 16–32 cm long, with 5–15 flowers, peduncle 6–16 cm long. Flowers 5-merous; pedicels 5–6 mm long; bracts 0.5–0.8 mm long, lanceolate. Hypanthium campanulate, 5–6 mm long, smooth, glabrous, calyx rim about 1 mm high, truncate or with 5 minute teeth, ovary ca ¾ as long as the hypanthium, stamen pockets extending below the middle of the ovary. Petals obovate, 8–9 mm long, white. Stamens equal in size and shape, anthers ca 8 mm long, curved, connective dorso-basally with a purple spur, up to 0.7 mm long, ventrally with two yellow lobes. Berry 7–8 mm across, campanulate, apex truncate, pinkish white.",general,EN,"S.S. Renner, G. Clausing, N. Cellinese, K.Meyer",,Forest Herbarium,2021-07-31,Rachun Pooma,ref-THA-0000159899,7,3,"Medinilla alpestris. Flora of Thailand. Vol. 7. Part 3, 2001. Pg. 435. Accessed 2021-07-31",All rights reserved,Forest Herbarium,https://botany.dnp.go.th/eflora/floraspecies.html?tdcode=02616
wfo-0001078803,"Epiphytic shrubs, to 1 m high, young branches subquadrangular, older branches subterete. Leaves opposite, ovate or ovate-oblong, 5–11.5 x 3–5 cm, sessile, base subamplexicaulous, apex acute or acuminate, lamina with 1 pair of lateral primary veins, sometimes departing above the blade base. Inflorescences terminal many flowered paniculate cymes, 4–8 cm long, peduncle 2–3 cm long, 4-angled and often with 4 membranaceous wings. Hypanthium campanulate, 5–6 mm long, slightly grooved, glabrous, rim truncate or with minute teeth, ovary ca ¾ as long as the hypanthium, stamen pockets extending to below the middle of the ovary. Flowers 4 or 5-merous; pedicels 8–10 mm long; bracts and bracteoles lanceolate, ca 0.5 mm long, caducous. Petals obovate, ca 12 mm long, purplish-pink. Stamens 8 or 10, equal, anthers 6–7 mm long, purple, connective dorsally with a basal spur, ventrally with two yellow lobes. Berry about 5–6 mm across, urceolate, orange.",general,EN,"S.S. Renner, G. Clausing, N. Cellinese, K.Meyer",,Forest Herbarium,2021-07-31,Rachun Pooma,ref-THA-0001078803,7,3,"Medinilla curtisii. Flora of Thailand. Vol. 7. Part 3, 2001. Pg. 435. Accessed 2021-07-31",All rights reserved,Forest Herbarium,https://botany.dnp.go.th/eflora/floraspecies.html?tdcode=02617
wfo-0000160031,"Epiphytic shrubs, upper branches terete, covered with small pustules and tubercles, texture rough and wrinkled when dry, glabrous. Leaves opposite, elliptic, 7–18 x 4–7.5 cm, base decurrent or acute, apex acute or obtuse, lamina with 1 pair of lateral primary veins, above drying with a roughened texture, petioles 0.8–1.8 cm long. Inflorescences few-flowered cymes on leafless nodes of older branches or axillary, 3–4 cm long, 5–10 flowers, peduncle 1.5–2.5 cm long. Hypanthium campanulate, 5–6 mm long, smooth, glabrous, calyx rim truncate or with 5 or 6 minute teeth, ovary ca ¾ as long as the hypanthium, stamen pockets extending below the middle of the ovary. Flowers 5- or 6 merous; pedicels 5–6 mm long; bracts and bracteoles triangular, ca 0.5 mm long. Petals obovate, 15–18 mm long, 9–11 mm wide. Stamens 10 or 12, equal, anthers 6–8 mm long, J-shaped, purple or yellow, connective dorsally with a basal spur, ventrally with two yellow lobes. Berry 5–6 mm diam. and 0.8–1.5 cm long, campanulate, truncate on top.",general,EN,"S.S. Renner, G. Clausing, N. Cellinese, K.Meyer",,Forest Herbarium,2021-07-31,Rachun Pooma,ref-THA-0000160031,7,3,"Medinilla laurifolia. Flora of Thailand. Vol. 7. Part 3, 2001. Pg. 436. Accessed 2021-07-31",All rights reserved,Forest Herbarium,https://botany.dnp.go.th/eflora/floraspecies.html?tdcode=02618
wfo-0000160141,"Root climber, branchlets ± terete, ribbed or smooth, glabrous, sometimes with shallow grooves and thickened nodes, bark striate or pustulate, adventitious roots common. Leaves in whorls of 4 or 5, obovate or elliptic, 7–16 x 3–6.5 cm, coriaceous, apex acute or acuminate, base decurrent, lamina with 1 pair of lateral primary veins, petioles 1.5–3 cm long. Inflorescences umbelliform short cymes with 6–8 flowers, up to 3 cm long and borne on leafless nodes on older branches, peduncle 0.5–1 cm long. Flowers 4-merous, bracts and bracteoles minute, caducous. Hypanthium campanulate, elongated, including the truncate calyx rim, 7–11 mm high, mucronate, ovary ca ¾ as long as the hypanthium, stamen pockets extending below the middle of the ovary. Petals 4, thickened, oblong, rounded at the tip, 8–10 mm long, pink or white. Stamens 8, dimorphic, episepalous (outer) stamens 15–16 mm long, anthers straight, connective between the anthers and the filament insertion 3 mm long, dorsal and ventral connective appendages shorter than those of the smaller inner stamens, epipetalous (inner) stamens 7–9 mm long, anthers curved, connective with a spatulate dorsal spur, ca 2 mm long and with two ventral thickened, bulbous spurs, ca 1.5 mm long. Fruit urceolate, 9–11 mm across, remnant of the calyx rim 4–5 mm wide, pericarp 1 mm thick, pinkish-green turning dark red when ripe.",general,EN,"S.S. Renner, G. Clausing, N. Cellinese, K.Meyer",,Forest Herbarium,2021-07-31,Rachun Pooma,ref-THA-0000160141,7,3,"Medinilla radicans. Flora of Thailand. Vol. 7. Part 3, 2001. Pg. 437. Accessed 2021-07-31",All rights reserved,Forest Herbarium,https://botany.dnp.go.th/eflora/floraspecies.html?tdcode=02619
wfo-0001083237,"Epiphytic shrubs, branches quadrangular, fleshy, glabrous, smooth or pustulate. Leaves opposite, elliptic, or oblanceolate, 7–13 x 3–5 cm, base cuneate-decurrent, sometimes auricled, apex acute to shortly acuminate, lamina with 1 pair of lateral primary veins departing above the blade base, fleshy to coriaceous, petioles to 0.4 cm long. Inflorescences axillary few-flowered fasciculate cymes, 1.5–2.5 cm long, or flowers solitary or in pairs, peduncle 0–3 mm long. Flowers 4- or 5-merous; pedicels 3–4(–6) mm long; bracts minute, lanceolate. Hypanthium campanulate, 3–4 mm long, calyx rim ca 1 mm high, obscurely 4- or 5-dentate, ovary ca ¾ as long as the hypanthium, stamen pockets extending below the middle of the ovary. Petals oblong to obovate, acute, 5–7 mm long, 4–5 mm wide, white or pale pink. Stamens 8 or 10, equal, anthers straight, ca 5 mm long, connective dorsally crested, ventrally with two small auricles. Berry 5–6 mm across, urceolate or subglobose, with a fleshy pulp and a thin pericarp, pink.",general,EN,"S.S. Renner, G. Clausing, N. Cellinese, K.Meyer",,Forest Herbarium,2021-07-31,Rachun Pooma,ref-THA-0001083237,7,3,"Medinilla rubicunda. Flora of Thailand. Vol. 7. Part 3, 2001. Pg. 437. Accessed 2021-07-31",All rights reserved,Forest Herbarium,https://botany.dnp.go.th/eflora/floraspecies.html?tdcode=02620
wfo-0000160337,"Upright shrub, 1–2 m tall, entire plant loosely covered with spreading bristles. Leaves ovate, 6–12(–15) x 2.5–6.5(–8.5) cm, base rounded, apex acute to acuminate, lamina with 3(–4) pairs of lateral primary veins, on both sides strigose, more conspicuously so above, petioles sometimes unequal, 0.5–2.8 cm long. Inflorescences terminal or axillary paniculate cymes of few to 10 flowers. Flowers 5-merous, bracts ovate acuminate, occasionally conspicuous, up to 5.5 mm long. Hypanthium 5–6 mm long, moderately to densely pubescent with simple hairs (<a href=""../image/flora/7/MELA_Fig30.jpg"" target=_blank >Fig. 30B</a>) or rarely emergences crowned by bristles ('penicillate emergences'); calyx lobes narrowly oblong to triangular, ca 1 mm long. Petals 4–10 mm long, pale pink. Stamens 10, isomorphic, anthers linear, 2–3 mm long, white or yellow, the connective hardly prolonged below the anther. Ovary apically densely pubescent (<a href=""../image/flora/7/MELA_Fig30.jpg"" target=_blank >Fig. 30C</a>). Berry globose, 4–7 mm in diam.",general,EN,"S.S. Renner, G. Clausing, N. Cellinese, K.Meyer",,Forest Herbarium,2021-07-31,Rachun Pooma,ref-THA-0000160337,7,3,"Melastoma cyanoides. Flora of Thailand. Vol. 7. Part 3, 2001. Pg. 439. Accessed 2021-07-31",All rights reserved,Forest Herbarium,https://botany.dnp.go.th/eflora/floraspecies.html?tdcode=02622
wfo-0001225521,"Shrub, 1–3 m tall, branchlets quadrangular and densely covered with appressed scales. Leaves ovate to lanceolate, 11–18 x 5.8–8 cm, base acute or rounded, apex acute or acuminate, lamina with 2 pairs of lateral primary veins, strigose on both sides, petioles 1.3–3.5 cm long. Inflorescences compact cymes of usually 7–9 flowers, terminal on old wood, overtopped by young subterminal shoots. Flowers 5-merous, bracts early caducous. Hypanthium 5–9 mm long, densely covered with appressed scales, 1–2.5 mm long; calyx lobes ± lanceolate, 5–8 mm long, early caducous. Petals 25–35 mm long, purple. Stamens 10, dimorphic, outer anthers 7–9 mm long, lilac, connective prolongation (pedoconnective) 48 mm long, inner anthers 5–6 mm long, yellow, pedoconnective short. Ovary apically setose. Capsule 7–11 mm long, rupturing irregularly transversely at maturity, pulp soft, dark purple.",general,EN,"S.S. Renner, G. Clausing, N. Cellinese, K.Meyer",,Forest Herbarium,2021-07-31,Rachun Pooma,ref-THA-0001225521,7,3,"Melastoma imbricatum. Flora of Thailand. Vol. 7. Part 3, 2001. Pg. 441. Accessed 2021-07-31",All rights reserved,Forest Herbarium,https://botany.dnp.go.th/eflora/floraspecies.html?tdcode=02623
wfo-0001266359,"Shrub, 1–3(–6) m tall, branchlets quadrangular and densely covered with appressed scales. Leaves lanceolate, 4–14 x 1.7–5 cm, base acute or rounded, apex acute or acuminate, lamina with 1–2 pairs of lateral primary veins, strigose on both sides but more conspicuously so on the lower surface especially on the main nerves, petioles 0.5–1.9 cm long. Inflorescences compact or loose cymes of 3–7 flowers, terminal or in the upper leaf axils. Flowers 5-merous, rarely 4- or 6-merous, bracts sometimes large and conspicuous, to 20 mm long, outside and especially along the midrib densely covered with appressed whitish or reddish scales. Hypanthium 5–9 mm long, ± densely covered with appressed scales 1–3 mm long; calyx lobes ± lanceolate, 5–13 mm long. Petals 25–35(–40) mm long, purple. Stamens 10, rarely 8 or 12, dimorphic, outer anthers 7–9 (–14) mm long, lilac, connective prolongation (pedoconnective) 4–8(–11) mm long, inner anthers 5–6(–11) mm long, yellow, pedoconnective short. Ovary apically setose. Capsule 5–12 mm long, rupturing irregularly transversely at maturity pulp soft, dark purple.",general,EN,"S.S. Renner, G. Clausing, N. Cellinese, K.Meyer",,Forest Herbarium,2021-07-31,Rachun Pooma,ref-THA-0001266359,7,3,"Melastoma malabathricum malabathricum. Flora of Thailand. Vol. 7. Part 3, 2001. Pg. 441. Accessed 2021-07-31",All rights reserved,Forest Herbarium,https://botany.dnp.go.th/eflora/florainfra.html?tdcode=02625
wfo-0001266360,"Shrub, 1–3 m tall, branchlets quadrangular, densely covered with ca 2 mm long reddish-brown erect bristles. Leaves lanceolate to obovate, 6–20 x 2–8.5 cm, base and apex acute, lamina with 2–3 pairs of lateral primary veins, strigose above, pilose underneath, petioles 0.5-4 cm long. Inflorescences compact or loose cymes of 3–9 flowers. Flowers 5-merous, bracts to 15 mm long, outside especially along the midrib densely covered with bristles. Hypanthium 5–9 mm long, densely covered with 2–5 mm long, brownish, appressed to spreading bristles; calyx lobes narrowly triangular, 8–11 mm long. Petals 20–25 mm long, purple. Stamens 10, dimorph, outer anthers 6–8 mm long, lilac, connective prolongation (pedoconnective) 5–6 mm long, inner anthers 5–7 mm long, yellow, pedoconnective short. Ovary apically setose. Capsule 5–8 mm long, rupturing irregularly at maturity.",general,EN,"S.S. Renner, G. Clausing, N. Cellinese, K.Meyer",,Forest Herbarium,2021-07-31,Rachun Pooma,ref-THA-0001266360,7,3,"Melastoma malabathricum normale. Flora of Thailand. Vol. 7. Part 3, 2001. Pg. 443. Accessed 2021-07-31",All rights reserved,Forest Herbarium,https://botany.dnp.go.th/eflora/florainfra.html?tdcode=02626
wfo-0000158049,"Shrub, 0.8–2 m tall, branchlets quadrangular, densely covered with 2–5 mm long reddish-brown spreading bristles, glabrescent. Leaves ovate-elliptic, 5–8(–10) x 3–4(–4.5) cm, base acute or rounded, apex acuminate, lamina with 2–3 pairs of lateral primary veins, on both sides bristly-tomentose, brown, petioles 0.6–0.8(–1.2) cm long. Inflorescences few flowered cymes or flowers solitary. Flowers 5-merous, bracts lanceolate, 8–12 mm long, densely bristly, Hypanthium campanulate, 7–9(–11) mm long, densely covered with spreading reddish-brown bristles 2–4 mm long, calyx-lobes ± lanceolate, 7–8 mm long. Petals obovate-rounded, 37–42 x 32–35 mm, purple. Stamens 10, dimorphic, outer anthers 9 mm long, connective prolongation (pedoconnective) 8 mm long, inner anthers 8 mm long, connective not prolonged. Ovary apically setose. Capsule 9–13 mm long, rupturing irregularly longitudinally at maturity.",general,EN,"S.S. Renner, G. Clausing, N. Cellinese, K.Meyer",,Forest Herbarium,2021-07-31,Rachun Pooma,ref-THA-0000158049,7,3,"Melastoma minahassae. Flora of Thailand. Vol. 7. Part 3, 2001. Pg. 443. Accessed 2021-07-31",All rights reserved,Forest Herbarium,https://botany.dnp.go.th/eflora/floraspecies.html?tdcode=02627
wfo-0000160503,"Shrub, 0.3–1.5(–5) m tall, branchlets quadrangular, covered with appressed, 1–1.5 mm long bristles, at the nodes with spreading bristles up to 5 mm. Leaves lanceolate, 4–9.3 x 1–3.5 cm, base acute or rounded, apex acute, lamina thin and with 1–2 pairs of lateral primary veins, strigose on both sides, petioles 0.3–1.5 cm long. Inflorescences few-flowered cymes, terminal or in distal leaf axils, or solitary flowers. Flowers 5 merous, bracts lanceolate to obovate, 2–7 mm long, sparingly hairy outside. Hypanthium 3–6 mm long, sparingly covered with 2–3.5 mm long erect bristles and emergences crowned by bristles; calyx lobes narrowly triangular to linear, 3–5 mm long. Petals 6–8 mm long, purple. Stamens 10, dimorphic or isomorphic, purplish, longer anthers 4–5 mm long, the connective prolonged below the anthers for ca 5 mm, if dimorphic then only the longer (outer) stamens prolonged below the anthers for 1–2 mm. Ovary apically setose. Berry globoes, 6–8 mm in diam., dark blue at maturity.",general,EN,"S.S. Renner, G. Clausing, N. Cellinese, K.Meyer",,Forest Herbarium,2021-07-31,Rachun Pooma,ref-THA-0000160503,7,3,"Melastoma orientale. Flora of Thailand. Vol. 7. Part 3, 2001. Pg. 444. Accessed 2021-07-31",All rights reserved,Forest Herbarium,https://botany.dnp.go.th/eflora/floraspecies.html?tdcode=02628
wfo-0000158050,"Shrub, 1–1.5(–2.5) m tall, branchlets quadrangular and covered with appressed brown hairs. Leaves lanceolate, 8–10(–12) x 2.5–5 cm, base cuneate to subacute, apex acute, lamina with 2–3 pairs of lateral primary veins, strigose on both sides, petioles ca 1 cm long. Inflorescences terminal many-flowered leafy paniculate cymes. Flowers 5 merous, bracts ca 8 mm long, externally villous. Hypanthium 5–7 mm long, covered with sparse, simple, short appressed bristles; calyx lobes lanceolate, 5–7 mm long. Petals 10–14 mm long, pinkish-purple. Stamens 10, dimorphic, purple or dark blue, outer anthers about 9 mm long, connective prolongation 8–10 mm long, inner anthers about 8 mm long, connective not prolonged. Ovary apically setose. Dry capsule 6–9 mm long.",general,EN,"S.S. Renner, G. Clausing, N. Cellinese, K.Meyer",,Forest Herbarium,2021-07-31,Rachun Pooma,ref-THA-0000158050,7,3,"Melastoma pellegrinianum. Flora of Thailand. Vol. 7. Part 3, 2001. Pg. 444. Accessed 2021-07-31",All rights reserved,Forest Herbarium,https://botany.dnp.go.th/eflora/floraspecies.html?tdcode=02629
wfo-0001274025,"Shrub, up to 3 m tall, branchlets quadrangular, densely covered with reddish brown bristles. Leaves elliptical to lanceolate, 3–9 x 1.3–2.5 cm, base rounded, apex shortly acuminate, lamina with (1–)2 pairs of lateral primary veins, on both sides villous, petioles 0.6–2 cm long. Inflorescences 3–5-flowered cymes or solitary axillary flowers. Flowers 4- or 5-merous, bracts ca 5 mm long, villous outside. Hypanthium 9–13 mm long, densely covered with stellate bristles (emergences; Figs. 31B, E, F); calyx lobes triangular, ca 7 mm long. Petals 15–20 mm long, purple. Stamens 10, rarely 8, dimorphic (<a href=""../image/flora/7/MELA_Fig31.jpg"" target=_blank >Fig. 31D</a>), outer anthers 9–10 mm long, purple, connective prolongation 9–10 mm long, inner anthers about 9 mm long, yellow, connective not prolonged. Ovary crowned by tan or brown bristles. Capsule 12–14 mm long.",general,EN,"S.S. Renner, G. Clausing, N. Cellinese, K.Meyer",,Forest Herbarium,2021-07-31,Rachun Pooma,ref-THA-0001274025,7,3,"Melastoma saigonense. Flora of Thailand. Vol. 7. Part 3, 2001. Pg. 445. Accessed 2021-07-31",All rights reserved,Forest Herbarium,https://botany.dnp.go.th/eflora/floraspecies.html?tdcode=02630
wfo-0001083258,"Shrub, 1–3(–5) m tall, branchlets quadrangular and covered with stiff bristles up to 8 mm long. Leaves lanceolate, 8–20 x 2.5–4.5 cm, base rounded or acute, apex acuminate, lamina with 2–3 pairs of lateral primary veins, above strigose, below strigose or pilose, rarely almost glabrous, petioles 0.8–2 cm long. Inflorescences solitary axillary flowers or few flowered cymes. Flowers 5-merous, rarely 4- or 6-merous, bracts to 10 mm long, scaly outside. Hypanthium 9–15 mm long, densely covered with spreading red bristles, 6–10 mm long (<a href=""../image/flora/7/MELA_Fig32.jpg"" target=_blank >Fig. 32D-F</a>); calyx lobes narrowly triangular to linear, 6–10 mm long. Petals 20–45 mm long, purple. Stamens 10, rarely 8 or 12, dimorphic (<a href=""../image/flora/7/MELA_Fig32.jpg"" target=_blank >Fig. 32B</a>), outer anthers 12–15 mm long, purple, connective prolongation (pedoconnective) 16–18 mm long, inner anthers about 11 mm long, purplish or yellow, pedoconnective short. Ovary crowned by golden bristles. Capsule 15–25 mm long, rupturing irregularly longitudinally at maturity, pulp solid, yellow.",general,EN,"S.S. Renner, G. Clausing, N. Cellinese, K.Meyer",,Forest Herbarium,2021-07-31,Rachun Pooma,ref-THA-0001083258,7,3,"Melastoma sanguineum. Flora of Thailand. Vol. 7. Part 3, 2001. Pg. 447. Accessed 2021-07-31",All rights reserved,Forest Herbarium,https://botany.dnp.go.th/eflora/floraspecies.html?tdcode=02631
wfo-0000452175,"Undershrub, up to 1.5 m high; young parts sparsely hairy, then glabrescent. Stipules linear-lanceolate, caducous. Leaves ovate, triangular or linear-oblong, 3–10 x 1–4 cm, apex acute, base obtuse to truncate, chartaceous, sparsely hairy then glabrescent on both surfaces, serrate to serrulate; 3 nerved at base. Petioles 0.5–2 cm long, hairy. Inflorescences densely clustered, terminal or axillary, ca 2 x 2 cm; pedicel ca 3 mm long; peduncle sessile or subsessile. Buds ovoid, surrounded by 3 lanceolate bracts. Flowers pinkish. Sepals united at base, cup-shaped, with 5 caudate lobes, hairy externally. Petals free, oblanceolate, 3–5 x 1 mm, opposite calyx segments. Stamens 5, free, inserted at the base of petals. Ovary ovoid, with 5 longitudinal lobes, hairy; 5 locular, each with one ovule; style 5, free; stigma narrow, pointed. Fruit globose, ca 5 x 5 mm, subtended by 3 lanceolate bracts, dehiscing along ridges. Seed one in each locule.",general,EN,C. Phengklai,,Forest Herbarium,2021-07-31,Rachun Pooma,ref-THA-0000452175,7,3,"Melochia corchorifolia. Flora of Thailand. Vol. 7. Part 3, 2001. Pg. 592. Accessed 2021-07-31",All rights reserved,Forest Herbarium,https://botany.dnp.go.th/eflora/floraspecies.html?tdcode=02768
wfo-0001260558,"Small tree, up to 10 m high; young twigs densely hairy. Stipules ovate or oblong, caducous. Leaves cordate, 10–24 x 8–20 cm, apex acuminate, base truncate or broadly obtuse, margin dentate, sub-coriaceous, densely and softly hairy on both surfaces; 5 nerved at base. Petioles 5–15 cm long, hairy. Inflorescences a panicle of compound umbels, terminal or axillary, up to 20 cm long; pedicel 3-4 mm; peduncle 2–15 cm long; buds ovate, 4 x 2 mm, hairy, apex twisted and curved to one side. Flowers pinkish. Sepals united at base, divided into 5 narrow, triangular lobes, with acuminate apex, hairy on both surfaces. Petals free, oblong to lanceolate, 5–6 x 1 mm, opposite the calyx segments. Stamens 5, free, inserted at the base of petals. Ovary ovoid, with 5 longitudinal lobes, hairy; 5-locular, each with one ovule; style 5, free; stigma narrow, pointed. Fruits ellipsoid, 1–1.5 x 0.5–1 cm, dehiscing along ridges. Seed one in each locule.",general,EN,C. Phengklai,,Forest Herbarium,2021-07-31,Rachun Pooma,ref-THA-0001260558,7,3,"Melochia umbellata. Flora of Thailand. Vol. 7. Part 3, 2001. Pg. 592. Accessed 2021-07-31",All rights reserved,Forest Herbarium,https://botany.dnp.go.th/eflora/floraspecies.html?tdcode=02769
wfo-0000773040,"Stems sparingly branched. Leaves 0.8–2 cm long; laminae spreading to ascending 0.5–1 mm wide, acute with 2–3 teeth at apex, minutely serrulate with ca 40 teeth per side, teeth unicellular; sheaths 1–1.5 mm wide, deeply auriculate, minutely serrulate with 8–15 teeth per side. Flowers 1–2 per axil, staminate in the upper axils, ovulate throughout, involucre clear in color; staminate flowers 2–3 mm long, anther ca 1.5 mm long, 4-loculed; ovulate flowers to 3.5 mm long, styles to 1 mm long, stigmas 2-lobed. Seeds 1.5–2.5 mm long, greenish brown, fusiform, areolae 4-angled.",general,EN,R.R. Haynes,,Forest Herbarium,2021-07-31,Rachun Pooma,ref-THA-0000773040,7,3,"Najas graminea graminea. Flora of Thailand. Vol. 7. Part 3, 2001. Pg. 376. Accessed 2021-07-31",All rights reserved,Forest Herbarium,https://botany.dnp.go.th/eflora/florainfra.html?tdcode=02549
wfo-0000769518,"Stems sparingly branched. Leaves 2–3.4 cm long; laminae usually spreading to ascending with age, 0.7–1 mm wide, acute with 1–2 teeth at apex, conspicuously serrulate with 7–17 teeth per side; sheaths 1.5–3 mm wide, rounded to sloping, serrulate to lacerate with 4–8 teeth per. Flowers 1–3 per axil, staminate in upper axils, ovulate throughout, without involucre; staminate flowers 1.6–2.2 mm long, anther 1–1.4 mm long, 4-loculed; ovulate flowers ca 2 mm long, styles 0.8–1.4 mm long, stigmas 2–3 lobed. Seeds 1.6–2 by 0.5–0.8 mm, purplish, slightly recurved, areolae hexagonal.",general,EN,R.R. Haynes,,Forest Herbarium,2021-07-31,Rachun Pooma,ref-THA-0000769518,7,3,"Najas kingii. Flora of Thailand. Vol. 7. Part 3, 2001. Pg. 377. Accessed 2021-07-31",All rights reserved,Forest Herbarium,https://botany.dnp.go.th/eflora/floraspecies.html?tdcode=02550
wfo-0000769530,"Stems sparingly branched. Leaves 1–1.9 cm long; laminae spreading to ascending 0.4–0.5 mm wide, acute with 2–3 teeth at apex, minutely serrulate with 20–40 teeth per side, teeth unicellular; sheaths 1–1.5 mm wide, deeply auriculate, minutely serrulate with 3–10 teeth per side. Flower 1–2 per axil, staminate in the upper axils, ovulate throughout, involucre clear in color; staminate flowers 1–1.2 mm long, anther 0.5–0.8 mm long, 1-loculed; ovulate flowers to 3.5 mm long, styles 0.6–0.9 mm long, stigmas 2–3-lobed. Seeds 1.2–1.3 mm long, greenish brown, fusiform, areolae 4-angled to hexagonal.",general,EN,R.R. Haynes,,Forest Herbarium,2021-07-31,Rachun Pooma,ref-THA-0000769530,7,3,"Najas malesiana. Flora of Thailand. Vol. 7. Part 3, 2001. Pg. 377. Accessed 2021-07-31",All rights reserved,Forest Herbarium,https://botany.dnp.go.th/eflora/floraspecies.html?tdcode=02551
wfo-0000769553,"Stems profusely branches near apex. Leaves 0.5–3.4 cm long; laminae usually recurved with age, 0.1–1.2 mm wide, acute with 1–2 teeth at apex, conspicuously serrulate with 7–15 teeth per side, teeth multicellular; sheaths 1–3 mm wide, truncate to auriculate, serrulate to lacerate with 5–8 teeth per side. Flowers 1–2 per axil, staminate in upper axils, ovulate throughout, involucre light green to purple; staminate flowers 1.9–2.2 mm long, anthers ca 0.3 mm long, 1-loculed; ovulate flowers ca 2.2 mm long, styles 1.0–1.2 mm long, stigmas 2-lobed. Seeds 1.5–3 by 0.5–0.7 mm, purplish, slightly recurved, areolae 4-angled.",general,EN,R.R. Haynes,,Forest Herbarium,2021-07-31,Rachun Pooma,ref-THA-0000769553,7,3,"Najas minor. Flora of Thailand. Vol. 7. Part 3, 2001. Pg. 378. Accessed 2021-07-31",All rights reserved,Forest Herbarium,https://botany.dnp.go.th/eflora/floraspecies.html?tdcode=02552
wfo-0000161147,"Shrub, 0.5–2 m high, branchlets subquadrangular or weakly ribbed, when young with an indumentum of minute brown glands. Leaves of a pair ± unequal, elliptic lanceolate, smaller leaves (3–)4–7(–12) x 1–3 cm, larger leaves (4–)5–10(–14) x 1–4 cm, base attenuate or broadly attenuate, apex acuminate, margin loosely serrulate, lamina with 1 pair of lateral primary veins departing somewhat above the blade base, both surfaces glabrous except for sparse minute brown glands, lower surface drying paler than the upper one, petioles 0.6–3(–6) cm long. Inflorescences axillary cymes to 2.5 cm long. Flowers (4–)5-merous, pedicels 3–6 mm long. Hypanthium campanulate, 1.5–3 mm long, with sparse minute brown glands, rim truncate, about 0.3 mm high, dorsally with (4–)5 minute cusps. Petals ovate, 3–4 mm long, pink. Stamens (8 or)10, isomorphic, white, anthers 1.5–1.9 mm long, connective dorso-basally with a minute spur, ventrally unappendaged. Ovary adnate to the hypanthium for most of its length, 3- or 4-locular, apically rounded. Fruit a globose capsule crowned by the persistent calyx limb.",general,EN,"S.S. Renner, G. Clausing, N. Cellinese, K.Meyer",,Forest Herbarium,2021-07-31,Rachun Pooma,ref-THA-0000161147,7,3,"Ochthocharis javanica. Flora of Thailand. Vol. 7. Part 3, 2001. Pg. 449. Accessed 2021-07-31",All rights reserved,Forest Herbarium,https://botany.dnp.go.th/eflora/floraspecies.html?tdcode=02633
wfo-0000161187,"Shrub, 2 m tall, stems with shaggy, short and appressed, or long and patent bristles. Leaves ovate, 18–20 x 7–8.2 cm, base broadly acute to subcordate, apex attenuate, lamina with 3 pairs of lateral primary veins, above with ascending bristles, below with patent hairs, petioles 2.2–3.2 cm long. Inflorescences large terminal panicles with additional smaller panicles from the upper leaf axils. Flowers 5-merous. Hypanthium 8–8.5 mm long, with few much reduced emergences and hairs or almost glabrous, intersepalar emergences narrow tufts of hairs or bristles, the calyx lobes acute, 8–9 mm long, caducous. Petals 20–22 mm long, mauve. Stamens 10, isomorphic, anthers 8.5–10 mm long, yellow, attenuate with a short beak, the connective slightly prolonged below the anthers and with two conspicuous ventral spurs. Ovary as long as or slightly shorter than the hypanthium, apically with a dense cover of tightly appressed bristles. Capsule campanulate or ribbed, ca 10 mm long.",general,EN,"S.S. Renner, G. Clausing, N. Cellinese, K.Meyer",,Forest Herbarium,2021-07-31,Rachun Pooma,ref-THA-0000161187,7,3,"Osbeckia aspericaulis. Flora of Thailand. Vol. 7. Part 3, 2001. Pg. 450. Accessed 2021-07-31",All rights reserved,Forest Herbarium,https://botany.dnp.go.th/eflora/floraspecies.html?tdcode=02635
wfo-0001083278,"Erect, basally branched, perennial herb, 0.3–1(–1.5) m tall, stems angular, glabrous. Leaves narrowly oblong or lanceolate, (1–)3–5(–7) x 0.2–0.8(–1.8) cm, subsessile, base rounded, apex acute, lamina with 1–2(–3) pairs of lateral primary veins, on both sides densely pubescent with short ascending hairs. Inflorescences few-flowered axillary fascicles or solitary flowers. Flowers 4-merous. Hypanthium (3–)4.5–7 mm long, glabrous or with scattered hairs, normally with emergences at least between the calyx lobes, these triangular, (1–)6–7 mm long and ciliate along the margins. Petals 12–17 mm long, purple. Stamens 8, isomorphic, anthers 4–7 mm long, yellow, ovate to oblong and straight, narrowed into a short beak. Ovary as long as or shorter than the hypanthium, apically with a crown of bristles. Capsule campanulate or urceolate, 3–5(–8) mm long.",general,EN,"S.S. Renner, G. Clausing, N. Cellinese, K.Meyer",,Forest Herbarium,2021-07-31,Rachun Pooma,ref-THA-0001083278,7,3,"Osbeckia chinensis. Flora of Thailand. Vol. 7. Part 3, 2001. Pg. 451. Accessed 2021-07-31",All rights reserved,Forest Herbarium,https://botany.dnp.go.th/eflora/floraspecies.html?tdcode=02636
wfo-0001039598,"Erect annual herb to 30 cm tall, stems ± glabrous. Leaves narrowly lanceolate or oblong, 1–2 cm long, subsessile, base rounded, apex acute to obtuse, lamina with 1–2(–3) pairs of lateral primary veins, on both sides pubescent with simple hairs. Inflorescences few-flowered axillary fascicles, or solitary flowers. Flowers 4-merous. Hypanthium 3–4 mm long, softly pilose with simple hairs; calyx lobes up to 1 mm long. Petals ca 6 mm long, purple. Stamens 8, isomorphic, purple, anthers 1.5–2 mm long, oblong and straight, without a terminal beak. Ovary shorter than the hypanthium, covered with thin hairs. Capsule campanulate, 4–5 mm long.",general,EN,"S.S. Renner, G. Clausing, N. Cellinese, K.Meyer",,Forest Herbarium,2021-07-31,Rachun Pooma,ref-THA-0001039598,7,3,"Osbeckia cochinchinensis. Flora of Thailand. Vol. 7. Part 3, 2001. Pg. 452. Accessed 2021-07-31",All rights reserved,Forest Herbarium,https://botany.dnp.go.th/eflora/floraspecies.html?tdcode=02637
wfo-0001083292,"Small tree or shrub, up to 2 m tall, branchlets angular and covered with appressed shaggy hairs. Leaves ovate to lanceolate, 8–15 x 1.4–5 cm, subsessile, base rounded, apex acute, lamina with 2(–3) pairs of lateral primary veins, strigose above, subvillous below. Inflorescences clustered cymes of up to 10 flowers, terminal or in distal leaf axils. Flowers 5-merous. Hypanthium 6–8(–10) mm long, with few to several large, appressed emergences, each crowned by long bristles, ca 5 mm long (<a href=""../image/flora/7/MELA_Fig33.jpg"" target=_blank >Fig. 33B</a>); calyx lobes triangular, 6–8 mm long, caducous. Petals 15–20 mm long, light pink. Stamens 10, isomorphic, anthers 6–9 mm long, yellow, oblong and narrowed into a beak (<a href=""../image/flora/7/MELA_Fig33.jpg"" target=_blank >Fig. 33C</a>). Ovary longer than the hypanthium (including the crown of apical bristles). Capsule urceolate, up to 10 mm long.",general,EN,"S.S. Renner, G. Clausing, N. Cellinese, K.Meyer",,Forest Herbarium,2021-07-31,Rachun Pooma,ref-THA-0001083292,7,3,"Osbeckia nepalensis. Flora of Thailand. Vol. 7. Part 3, 2001. Pg. 452. Accessed 2021-07-31",All rights reserved,Forest Herbarium,https://botany.dnp.go.th/eflora/floraspecies.html?tdcode=02638
wfo-0000161280,"Erect, much-branched perennial herb, 20–70 cm tall; stems glabrous. Leaves elliptic to ovate, 1–6 x 0.3–3 cm, base acute to broadly acute, apex acute, lamina with 1–2 pairs of lateral primary veins, glabrous or slightly hairy, petioles 0.2–0.3 cm long. Inflorescences terminal cymes with up to 10 flowers. Flowers 4-merous. Hypanthium up to 5 mm long, apical emergences with bristles along the margin; calyx lobes oblong to ovate, 4–6 mm long. Petals 7–11 mm long, light purple. Stamens 8, isomorphic, purplish, anthers 3–4 mm long, oblong and ± straight, narrowed into a short beak. Ovary shorter than the hypanthium, crowned by bristles along the locule-margins. Capsule slightly urceolate, ca 8 mm long.",general,EN,"S.S. Renner, G. Clausing, N. Cellinese, K.Meyer",,Forest Herbarium,2021-07-31,Rachun Pooma,ref-THA-0000161280,7,3,"Osbeckia setoso-annulata. Flora of Thailand. Vol. 7. Part 3, 2001. Pg. 454. Accessed 2021-07-31",All rights reserved,Forest Herbarium,https://botany.dnp.go.th/eflora/floraspecies.html?tdcode=02639
wfo-0001280627,"Shrub, 1–2(–3) m tall, sparsely branched, branches angular, ± densely pubescent with simple hairs. Leaves ovate to elliptic or slightly lanceolate, 9–11 x 4–5 cm, base rounded, apex acute, lamina with 2–3 pairs of lateral primary veins, strigose on both sides, petioles 0.3–0.5 cm long. Inflorescences paniculate cymes of few to many flowers, in distal leaf axils or terminal. Flowers 4-merous. Hypanthium 14–18 mm long, with few to several 2–5 mm long emergences, each crowned by tan bristles; calyx lobes triangular, 3–5 mm long. Petals 16–28 mm long, pink. Stamens 8, isomorphic, anthers 10–15 mm long, yellow, long-beaked and S-shaped. Ovary shorter than the hypanthium, glabrous or apically with short appressed hairs. Capsule urceolate, 15–20 mm long.",general,EN,"S.S. Renner, G. Clausing, N. Cellinese, K.Meyer",,Forest Herbarium,2021-07-31,Rachun Pooma,ref-THA-0001280627,7,3,"Osbeckia stellata. Flora of Thailand. Vol. 7. Part 3, 2001. Pg. 454. Accessed 2021-07-31",All rights reserved,Forest Herbarium,https://botany.dnp.go.th/eflora/floraspecies.html?tdcode=02640
wfo-0000161291,"Small shrub, 0.5–1 m tall, branches tomentose. Leaves oblong-lanceolate, 2–4 x 0.7–1.4 cm, subsessile, base acute or rounded, apex acute to obtuse, lamina with 1 pair of lateral primary veins, tomentose to lanate on both sides. Inflorescences many flowered leafy panicles. Flowers 5-merous. Hypanthium 4–6.5 mm long, covered with simple hairs and a few emergences; calyx lobes oblong to triangular, 5–7 mm long. Petals 20–25 mm long, purplish-red or mauve. Stamens 10, isomorphic but with filaments of unequal lengths, anthers ca 8 mm long, yellow, dorsally curved and beaked. Ovary shorter than the hypanthium, densely covered with long hairs. Capsule campanulate or urceolate, up to 9 mm long.",general,EN,"S.S. Renner, G. Clausing, N. Cellinese, K.Meyer",,Forest Herbarium,2021-07-31,Rachun Pooma,ref-THA-0000161291,7,3,"Osbeckia thorelii. Flora of Thailand. Vol. 7. Part 3, 2001. Pg. 455. Accessed 2021-07-31",All rights reserved,Forest Herbarium,https://botany.dnp.go.th/eflora/floraspecies.html?tdcode=02641
wfo-0000769606,"Plants mostly monoclinous, rarely dioecious. Leaves submerged or partly emerged; blades lanceolate to widely ovate or cordate-reniform, to 17 by to 20 cm, entire to crisped. Inflorescence 1-flowered, with spathes 3-10 winged. Flowers at surface of water; sepals 10–15 by 2–9 mm; petals obovate with rounded apex, white or spotted with yellow at base, 2–3 cm long; stamens 3–12; filaments with glandular hairs; anthers basifixed, linear, 3–4 mm long. Carpels 3–9. Fruit oblong-elliptic, rostrate, crowned by the persistent calyx, dehising irregulary. Seeds fusiform, 1–2 mm long.",general,EN,R.R. Haynes,,Forest Herbarium,2021-07-31,Rachun Pooma,ref-THA-0000769606,7,3,"Ottelia alismoides. Flora of Thailand. Vol. 7. Part 3, 2001. Pg. 380. Accessed 2021-07-31",All rights reserved,Forest Herbarium,https://botany.dnp.go.th/eflora/floraspecies.html?tdcode=02554
wfo-0000769623,"Plants dioecious. Leaves submerged or floating; submerged blades lanceolate, to 70 by 7 cm, entire; floating blades ovate to widely ovate, to 17 by to 8 cm, entire. Inflorescence imperfect, spathes 2-ribbed; staminate to 30-flowered; carpellate 1-flowered. Flowers above surface of water, staminate sepals 11–15 by 3–4 mm, stamens (9–)12(–15); capellate sepals to 25 by 7 mm, carpels 9–20.",general,EN,R.R. Haynes,,Forest Herbarium,2021-07-31,Rachun Pooma,ref-THA-0000769623,7,3,"Ottelia cordata. Flora of Thailand. Vol. 7. Part 3, 2001. Pg. 380. Accessed 2021-07-31",All rights reserved,Forest Herbarium,https://botany.dnp.go.th/eflora/floraspecies.html?tdcode=02555
wfo-0001280631,"Shrub, 1–3 m tall, young branchlets subterete or angular, reddish-brown furfuraceous. Leaves lanceolate to oblong, 8.5–16 x 4–6 cm, base acute or cuneate, apex long acuminate, tip 2–3 cm long, margin entire or finely serrulate, lamina with 1–2 pairs of lateral primary veins, outer pair faint above smooth and glabrous, below finely puberulous on the veins, petioles 1.5–3.5 cm long. Inflorescences few-branched or spicate, 8–12 cm long, minutely puberulous. Flowers 4-merous, pedicels 1–2 mm long. Hypanthium cylindrical or slightly urceolate, 4–6 mm long, calyx teeth about 0.5 mm long. Petals 3–4 mm long, pink. Stamens 8, subisomorphic, anthers 3–3.5 mm long. Capsule ovoid, 5–7 mm long, conspicuously 8-ribbed, calyx tube and teeth persistent.",general,EN,"S.S. Renner, G. Clausing, N. Cellinese, K.Meyer",,Forest Herbarium,2021-07-31,Rachun Pooma,ref-THA-0001280631,7,3,"Oxyspora balansae. Flora of Thailand. Vol. 7. Part 3, 2001. Pg. 456. Accessed 2021-07-31",All rights reserved,Forest Herbarium,https://botany.dnp.go.th/eflora/floraspecies.html?tdcode=02643
wfo-0000162558,"Shrub, 2–5 m tall, young branchlets quadrangular, sulcate or compressed, farinose or furfuraceous, glabrescent. Leaves elliptic or ovate-lanceolate, 9–25(–35) x 10–14 cm, base acute, rounded or shallowly cordate, apex long-acuminate, tip 2–3 cm long, margin entire or obscurely serrulate, lamina with 2–3 pairs of lateral primary veins, at first sparsely furfuraceous on both surfaces, later glabrous except on prominent secondary veins below, petioles 3–10.5 cm long, grooved, minutely furfuraceous, glabrescent. Inflorescences many-flowered and spreading, 10–35 cm long, with the flowers in terminal small umbels of 5–9 flowers, reddish furfuraceous, bracts and bracteoles subulate, furfuraceous, ca 0.5 mm long, caducous. Flowers 4-merous, pedicels 2–3 mm long. Hypanthium slightly urceolate, 3–4 mm long, furfuraceous; calyx lobes triangular, ca 0.5 mm long. Petals 1.5–2 mm long, elliptic to oblong, pinkish. Stamens 8, dimorphic, anthers pink and yellow, episepalous (outer) anthers 2–3 mm long, C-shaped, connective spur ca 1 mm long, epipetalous (inner) anthers 2–2.5 mm long, slightly curved, connective spur ca 0.75 mm long. Capsule urceolate, 2.5–3 mm long and opening by 4 prominent apical valves.",general,EN,"S.S. Renner, G. Clausing, N. Cellinese, K.Meyer",,Forest Herbarium,2021-07-31,Rachun Pooma,ref-THA-0000162558,7,3,"Oxyspora bullata. Flora of Thailand. Vol. 7. Part 3, 2001. Pg. 457. Accessed 2021-07-31",All rights reserved,Forest Herbarium,https://botany.dnp.go.th/eflora/floraspecies.html?tdcode=02644
wfo-0001238695,"Thin shrub, 1–2 m tall, young branchlets puberulous and bluntly or conspicuously 4-angled or 4-winged. Leaves ovate or elliptic, 10–25 x 5–14 cm, base attenuate or rounded, apex shortly acuminate, margin serrulate, lamina with 2 pairs of lateral primary veins, the veins prominent beneath, mature blades ± glabrous above, petioles 1–4(–7) cm long and winged. Inflorescences 10–20 cm long, peduncle 4-winged, flowers clustered in small umbels near the ends of the inflorescence branchlets, bracts and bracteoles minute and deciduous. Flowers 4-merous, pedicels to 1.5 mm long. Hypanthium cylindrical to ovoid, 8-ribbed, 5–8 mm long, puberulous, calyx rim with 4 cusps to 0.5 mm long. Petals about 3.5 mm long, pink or white. Stamens 8, subisomorphic, 5–7 mm long, anthers white or sometimes pinkish. Capsule suburceolate or cylindrical, 6–8 mm long, crowned by the persistent 8-angled calyx rim.",general,EN,"S.S. Renner, G. Clausing, N. Cellinese, K.Meyer",,Forest Herbarium,2021-07-31,Rachun Pooma,ref-THA-0001238695,7,3,"Oxyspora curtisii. Flora of Thailand. Vol. 7. Part 3, 2001. Pg. 458. Accessed 2021-07-31",All rights reserved,Forest Herbarium,https://botany.dnp.go.th/eflora/floraspecies.html?tdcode=02645
wfo-0000162561,"Few-branched shrub, 0.5–2 m tall, branchlets subangular and glabrous. Leaves of a pair often somewhat unequal in size, ovate, elliptic, or oblong, 10–18 x 5–9 cm, base rounded, obtuse or attenuate, apex acuminate, tip 1–3 cm long, margin entire or finely serrulate, lamina with 2 pairs of lateral primary veins, outer pair thinner than the inner one, both surfaces glabrous, petioles of a pair of leaves ± unequal in length, 1.5–5 cm long. Inflorescences spreading, lax, glabrous, 5–11 cm long. Flowers 4-merous, pedicels 2–4 mm long. Hypanthium cylindrical, 2.8–3.5 mm long, glabrous, calyx cusps about 0.5 mm long. Petals 1–1.5 mm long, white or pale pink. Stamens 8, subisomorphic, anthers 4–5 mm long, cream or pink. Capsule campanulate or urceolate, 3–4 mm long, inconspicuously 8-ribbed.",general,EN,"S.S. Renner, G. Clausing, N. Cellinese, K.Meyer",,Forest Herbarium,2021-07-31,Rachun Pooma,ref-THA-0000162561,7,3,"Oxyspora exigua. Flora of Thailand. Vol. 7. Part 3, 2001. Pg. 458. Accessed 2021-07-31",All rights reserved,Forest Herbarium,https://botany.dnp.go.th/eflora/floraspecies.html?tdcode=02646
wfo-0001083300,"Shrub or treelet, 2–6 m tall, branchlets and petioles terete and densely covered with 2–4 mm long, spreading reddish hispid hairs or setae. Leaves ovate to oblong, 8.5–18 x 4–9 cm, base obtuse to subcordate, apex long-acuminate, tip 2–3 cm long, margin serrulate, with a fine hair on each tooth, lamina with 2 pairs of lateral primary veins, outer pair faint, secondary and tertiary veins prominent below, above with sparse appressed 1–2 mm long hairs, below more densely pilose with the hairs mainly on the veins, petioles 3–5 m long. Inflorescences few-branched, 9–12 cm long, bracts and bracteoles minute and deciduous. Flowers 4-merous, pedicels 1.5–2 mm long. Hypanthium urceolate, 4–6 mm long, puberulous, calyx cusps ca 0.5 mm long. Petals 4–5 mm long, pinkish. Stamens 8, subisomorphic, 3–5 mm long. Capsule ovoid to urceolate, 5–6 mm long, the 8-angled calyx persistent as an apical rim.",general,EN,"S.S. Renner, G. Clausing, N. Cellinese, K.Meyer",,Forest Herbarium,2021-07-31,Rachun Pooma,ref-THA-0001083300,7,3,"Oxyspora howellii. Flora of Thailand. Vol. 7. Part 3, 2001. Pg. 459. Accessed 2021-07-31",All rights reserved,Forest Herbarium,https://botany.dnp.go.th/eflora/floraspecies.html?tdcode=02647
wfo-0000161402,"Shrub or treelet, to 5 m high, the branchlets slightly flattened and becoming cylindric, at first minutely stellate-furfuraceous, later glabrous. Leaves equal to subequal in size, ovate to elliptic, 25–35 x 11–18 cm, base obtuse or cordate, the apex acuminate, the tip ca 2 cm long, margin entire, lamina with 2 pairs of lateral primary veins, the inner pair arising from 0.5–6 cm above the blade base, plus an intramarginal pair from slightly above the base, mature blades glabrous but covered with minute scales especially on the veins, petioles flattened, 6–11.5 cm long. Inflorescence axes stellate-furfuraceous, later glabrous, 20–34 cm long, flowers in umbellate clusters on the distalmost branchlets, peduncle 4-angled, bracts and bracteoles subulate, 1–4 mm long and covered with stellate hairs, caducous after flowers mature. Flowers 4-merous, pedicels 15–20 mm long, minutely puberulous. Hypanthium cylindrical, 3.5–5 mm long, often with 4 or 8 vertical ridges, minutely puberulous; calyx lobes triangular, less frequently ligular, 1–1, 5 mm long. Petals 7–9 mm long, obovate to elliptic, pink. Stamens 8, dimorphic, the 4 outer ones linear, purple and twice as long (7–9 mm) as the inner 4, short, yellow ones. Capsule obconical, 5–6 mm long, crowned by the persistent calyx rim.",general,EN,"S.S. Renner, G. Clausing, N. Cellinese, K.Meyer",,Forest Herbarium,2021-07-31,Rachun Pooma,ref-THA-0000161402,7,3,"Oxyspora stellulata. Flora of Thailand. Vol. 7. Part 3, 2001. Pg. 461. Accessed 2021-07-31",All rights reserved,Forest Herbarium,https://botany.dnp.go.th/eflora/floraspecies.html?tdcode=02648
wfo-0000162566,"Shrub, 2–5 m high, branchlets subterete and glabrous. Leaves of a pair sometimes unequal in size, elliptic, ovate-oblong, or ovate-lanceolate, 10–20 x 5–8.7 cm, base obtuse or cordate, apex acuminate, tip 1–2.5 cm long, margin entire, lamina with 2–3 pairs of lateral primary veins, above subglabrous, below softly pilose or puberulous or rarely glabrous, petioles (1–)3–5(–7) cm long. Inflorescence axes pilose or minutely puberulous, glabrescent, 4–6 cm long, flowers in clusters of 5–7. Flowers 4-merous; pedicels 10–20 mm long, minutely puberulous. Hypanthium cylindrical, 6–7 mm long, minutely puberulous; calyx lobes dorsally with a thick, wing-like cusp. Petals 7–9 mm long, pink. Stamens 8, subisomorphic, anthers 10–12 mm long, white. Capsule ± cylindrical, 8–11 mm long, crowned by the persistent calyx rim.",general,EN,"S.S. Renner, G. Clausing, N. Cellinese, K.Meyer",,Forest Herbarium,2021-07-31,Rachun Pooma,ref-THA-0000162566,7,3,"Oxyspora umbellata. Flora of Thailand. Vol. 7. Part 3, 2001. Pg. 461. Accessed 2021-07-31",All rights reserved,Forest Herbarium,https://botany.dnp.go.th/eflora/floraspecies.html?tdcode=02649
wfo-0000161405,"Epiphytic or rarely epilithic shrubs, to 1.5 m high, adventitious roots with tuberous, orange to brown swellings, young branchlets flattened, grooved or with two ridges, becoming terete and smooth, covered with a red-brown indumentum or glabrous. Leaves 5.5–24 x 2–8.5 cm, lanceolate to elliptic or obovate, base narrowed, rounded, or cordate, apex obtuse or acuminate, lamina with 1 pair of lateral primary veins, midrib prominent, secondary venation obscure, subcoriaceous, often purplish below, petioles 0.3–1.5 cm long. Inflorescences many-flowered terminal paniculate cymes, often with bright red axes, 2–6 cm long, peduncle 1–3 cm long, bracts and bracteoles minute, triangular and persistent. Flowers 4-merous, 5-10 mm long. Hypanthium urceolate, 3–4 x ca 2 mm, calyx rim truncate with 4 thickened cusps, sparsely furfuraceous, pink, ovary ⅓ as long as the hypanthium, completely adnate to the hypanthium, stamen pockets lacking. Petals oblong or obovate, acuminate and thickened at the tip, clawed at the base, 5–7 mm long, white to pink, often tinged pink, sometimes yellow, glabrous. Stamens 8, isomorphic, 5–6 mm long, anthers cylindrical, curved at the tip, connective with a 0.5–0.75 mm long dorsal spur arising from the lower half. Berry 5–7 mm in diam., capped by the red calyx remnant, urceolate when young, later globose, immature yellowish-green, mature orange to dark red.",general,EN,"S.S. Renner, G. Clausing, N. Cellinese, K.Meyer",,Forest Herbarium,2021-07-31,Rachun Pooma,ref-THA-0000161405,7,3,"Pachycentria constricta. Flora of Thailand. Vol. 7. Part 3, 2001. Pg. 463. Accessed 2021-07-31",All rights reserved,Forest Herbarium,https://botany.dnp.go.th/eflora/floraspecies.html?tdcode=02651
wfo-0000158045,"Epiphytic or epilithic shrubs, 0.5–2.0 m tall, rarely terrestrial and then up to 3 m tall. Leaves variable in size and shape, obovate, elliptic, oblanceolate, or lanceolate, 4–10(–16) x 1–6(–8) cm, base with two distinct 1–3 mm long auricles, apex acute to acuminate, lamina with 1(–2) pair(s) of lateral primary veins, often papillose below, petioles 5–10(–20) cm long. Inflorescences many-flowered terminal paniculate cymes, often with red axis and somewhat umbellate, peduncle 1.5–3 cm long. Flower 4 merous, 4–5 mm long, bracts and bracteoles 1–1.5 mm long, lanceolate and red-brown furfuraceous. Hypanthium campanulate, 1.5–2 x 1.5 mm, slightly constricted above ovary, papillose, calyx rim with 4 triangular thickened lobes or cusps (< 0.3 mm), ovary globose, ca 1 mm in diameter, completely adnate to the hypanthium, stamen pockets lacking. Petals thin, obovate, acute at the tip, papillose on both surfaces, 3–5 mm long, orange-red to yellow. Stamens 8, subequal, 2–3.5 mm long, anthers cylindrical with a dorsal tuft of multicellular papillae on the lower third of connective, connective sometimes thickened at the insertion zone of the papills. Berry 4–6 mm in diam., globose, capped by the calyx neck, turning green to dark red while ripening.",general,EN,"S.S. Renner, G. Clausing, N. Cellinese, K.Meyer",,Forest Herbarium,2021-07-31,Rachun Pooma,ref-THA-0000158045,7,3,"Pachycentria pulverulenta. Flora of Thailand. Vol. 7. Part 3, 2001. Pg. 464. Accessed 2021-07-31",All rights reserved,Forest Herbarium,https://botany.dnp.go.th/eflora/floraspecies.html?tdcode=02652
wfo-0000161429,"Epiphytic shrubs, occasionally terrestrial, scandent or erect, to 4.5 m high, climbing with adventitious roots, roots sometimes swollen and tuberous, branchlets terete, smooth, glabrous, becoming ridged and wrinkled when older, drying reddish. Leaves lanceolate or ovate, 5–10 x 2–5 cm, base narrowed or slightly rounded, apex short to long-acuminate, lamina with 1 pair of lateral primary veins, subcoriaceous to fleshy and coriaceous, above often with a rugose surface and dark green except for the reddish midrib, below reddish, margip sometimes serrulate when dry, petioles 1–1.7 cm long. Inflorescences few-flowered terminal cymes, 2–6 cm long, or rarely solitary flowers, axes terete, often succulent, glabrous, peduncle 1–3 cm long. Flowers 4 merous, 14–22 mm long, bracts and bracteoles lanceolate, 1–3 mm long. Hypanthium 4–8 mm x ca 2 mm, urceolate, constricted above the ovary, calyx rim 1–1.5 mm high, truncate, undulate or with 4 triangular lobes or cusps, rarely ciliate, ovary globose, ¼ as long as the hypanthium, 1–2 mm across and completely adnate to the hypanthium, stamen pockets lacking. Petals ovate, 12–18 mm long, base truncate, apex acuminate, dorsally with thickened cusps, changing from pink to white from the base to the tip. Stamens 8, subequal, with a rostrate tip, connective ventrally bilobed, dorsally with a produced spur, presence and length of the dorsal spur differing within single flowers, episepalous (outer) stamens with 6–10 mm long anthers, anthers either light yellow or purplish, epipetalous (inner) stamens with 5–7 mm long anthers. Berry 6–8 mm in diam, subglobose and with a distinct, 2–3 mm high and 4–5 mm wide neck, pericarp glabrous, rugose when dry, green turning red.",general,EN,"S.S. Renner, G. Clausing, N. Cellinese, K.Meyer",,Forest Herbarium,2021-07-31,Rachun Pooma,ref-THA-0000161429,7,3,"Pachycentria varingaefolia. Flora of Thailand. Vol. 7. Part 3, 2001. Pg. 466. Accessed 2021-07-31",All rights reserved,Forest Herbarium,https://botany.dnp.go.th/eflora/floraspecies.html?tdcode=02653
wfo-0000476060,"Annual herb to undershrub, 1–1.5 m high; few branches, glabrescent; bark smooth, greenish-brown, fibrous. Leaves hastate-lanceolate, trilobed and narrow lanceolate, 3–14 x 0.5–1.5 cm, apex acuminate or cuspidate, base obtuse or cuneate, chartaceous, sparsely hairy both sides, serrate to serrulate; nerves and veins conspicuous on lower surface. Petiole 1–10 mm long, hairy. Buds ovoid, 5–7 x 3–5 mm, hairy. Flowers pink. Sepals 5, narrowly triangular, 5–7 x 2–3 mm, apex hooked and curved outward. Petals bowl-shaped, 5–15 x 5–15 mm, rounded or truncate at apex. Stamens in 5 groups; staminodes 5 inserted between the group of stamens both surrounding the ovary. Ovary ovoid, hairy, 5-locular. Fruit a globose capsule, depressed at both ends, hairy, 1–1.5 x 1–1.5 cm, fruiting calyx persistent. Seeds 10 or more.",general,EN,C. Phengklai,,Forest Herbarium,2021-07-31,Rachun Pooma,ref-THA-0000476060,7,3,"Pentapetes phoenicea. Flora of Thailand. Vol. 7. Part 3, 2001. Pg. 595. Accessed 2021-07-31",All rights reserved,Forest Herbarium,https://botany.dnp.go.th/eflora/floraspecies.html?tdcode=02771
wfo-0001267526,"Herb, 15–30 cm tall, lower part of the stem fleshy and prostrate. Leaves ovate to suborbiculate, sometimes one of a pair reduced, 10–45 x 8–35 cm, base cordate or rounded, apex acuminate, margin entire or finely serrulate, lamina with 2–4 pairs of lateral primary veins, shining dark green above, often anthocyanin red below, above glabrous, below sparsely hairy or glabrous, petioles 6–7 cm long and with conspicuous setae. Inflorescence an axillary umbellate cyme on a fleshy, reddish peduncle ca 15 cm long, subtended by 2–6 bracts, and with isolated hispid hairs (<a href=""../image/flora/7/MELA_Fig38.jpg"" target=_blank >Fig. 38A</a>). Flowers 4-merous, occasionally 5-merous. Hypanthium 4-ribbed or 4-angular, rarely 5-angular, ca 5 mm long, subglabrous; calyx lobes triangular, about 3 mm long, with a terminal bristle, caducous. Petals ovate, about 9 mm long, white or pale pink. Stamens 8 (or 10), isomorphic (<a href=""../image/flora/7/MELA_Fig38.jpg"" target=_blank >Fig. 38C</a>), anthers 3–4 mm long, yellow, the connective with short dorsal spur. Ovary fully united with the hypanthium, apically crowned by 4 scales surrounding the style base. Capsules 4–7 x 4–5 mm, crowned by the 4- or 5-angled, funnel-like ovary outgrowth.",general,EN,"S.S. Renner, G. Clausing, N. Cellinese, K.Meyer",,Forest Herbarium,2021-07-31,Rachun Pooma,ref-THA-0001267526,7,3,"Phyllagathis rotundifolia. Flora of Thailand. Vol. 7. Part 3, 2001. Pg. 469. Accessed 2021-07-31",All rights reserved,Forest Herbarium,https://botany.dnp.go.th/eflora/floraspecies.html?tdcode=02656
wfo-0001237632,"Acaulescent herb, 30–40 cm tall, sparsely hairy (<a href=""../image/flora/7/MELA_Fig39.jpg"" target=_blank >Fig. 39A</a>). Leaves one or two (in the single specimen known), broadly ovate, 25–30 x 17–20 cm, base broadly cordate, apex acuminate, margin denticulate, lamina with 4–5 pairs of lateral primary veins, above and below finely and loosely pilose, petioles about 14 cm long, densely covered by short hairs. Inflorescence an axillary umbellate cyme, the peduncle 9–15 cm long, sparsely pilose. Flowers 4-merous, bracts subulate and minute, pedicels 5–7 mm long. Hypanthium campanulate, about 2.5 mm long, sparsely hairy, calyx teeth about 0.7 mm long. Petals broadly ovate, known only from buds, pink. Stamens 4, isomorphic (<a href=""../image/flora/7/MELA_Fig39.jpg"" target=_blank >Fig. 39D</a>), anthers about 2 mm long, yellow, base slightly bilobed, connective dorsally enlarged into a flat ridge. Ovary 4-locular, fully adnate to the hypanthium, crowned by 4 large quadrangular lobes surrounding the style base. Capsules subquadrangular (<a href=""../image/flora/7/MELA_Fig39.jpg"" target=_blank >Fig. 39C</a>), about 3 x 3 mm.",general,EN,"S.S. Renner, G. Clausing, N. Cellinese, K.Meyer",,Forest Herbarium,2021-07-31,Rachun Pooma,ref-THA-0001237632,7,3,"Phyllagathis siamensis. Flora of Thailand. Vol. 7. Part 3, 2001. Pg. 472. Accessed 2021-07-31",All rights reserved,Forest Herbarium,https://botany.dnp.go.th/eflora/floraspecies.html?tdcode=02657
wfo-0001237630,"Tiny acaulescent herb, 3–8 cm tall, sparsely hairy, with a tuberous rhizome (<a href=""../image/flora/7/MELA_Fig40.jpg"" target=_blank >Fig. 40A</a>). Leaves one to three (in the single specimen known), ovate, 2–5 x 1–3 cm, base truncate or slightly irregularly subcordate, apex acute, margin entire, finely ciliate, lamina with (1–) 2 pairs of lateral primary veins, membranaceous, above and below loosely pilose, petioles reddish, 1–3 cm long, pilose. Inflorescence a scorpioid cyme with 3–7 flowers, peduncle 2–6 cm long, sparsely pilose. Flowers 4-merous, subtended by two linear bracts about 1 mm long, pedicels about 4 mm long. Hypanthium campanulate, 1–2 mm long, sparsely covered with long hairs; calyx lobes about 0.2–3 mm long, acuminate. Petals ovate, 3.5 mm long, acute, pink. Stamens 4, isomorphic (<a href=""../image/flora/7/MELA_Fig40.jpg"" target=_blank >Fig. 40C</a>), anthers 0.6–0.7 mm long, yellow, connective with a small dorsal appendage. Ovary 4-locular, almost completely adnate to the hypanthium, apically rounded. Capsules campanulate, about 1.5 mm long and wide.",general,EN,"S.S. Renner, G. Clausing, N. Cellinese, K.Meyer",,Forest Herbarium,2021-07-31,Rachun Pooma,ref-THA-0001237630,7,3,"Phyllagathis tuberosa. Flora of Thailand. Vol. 7. Part 3, 2001. Pg. 472. Accessed 2021-07-31",All rights reserved,Forest Herbarium,https://botany.dnp.go.th/eflora/floraspecies.html?tdcode=02658
wfo-0001219788,"Erect shrub 1–5 m. Twigs, shortly hairy, glabrescent. Leaves ovate to elliptic to slightly obovate, apex acuminate, base cuneate to rounded, midrib slightly sunken on upper surface, hairy, lamina glabrous to sparsely appressed hairy, especially on veins and towards margin, 5–13 (rarely to 18) by 1.5–8.5 cm; petiole 5–10 mm. Inflorescence terminal or axillary, with 10–60 flowers, unbranched, rather slender and lax, erect to pendulous, but never reflexed at base, shortly hairy, to 20 cm; bracts caducous, ovate-caudate, up to 2.8 mm. Flowers yellow, 14–19 mm, pedicel 4–5 mm. Outer sepals sparsely hairy, ciliate, unequal, the two lower oblong to ovate 3.5–4.5 mm, the upper markedly saccate at the base, 6–8 mm. Alae obovate, cucullate, minutely ciliate, 11–14 mm. Upper petals glabrous or slightly hairy at base, 11–14 mm, free parts oblong 5–6 mm. Keel 12–16 mm, appendage finely divided with more or less connate lobes, 1.7–2.3 mm. Stamens 11–14 mm. Disk annular, 0.7 mm. Ovary oblong to orbicular, winged, glabrous or ciliate, 2.0–2.2 by 1.6–2.2 mm; style 9–11 mm. Capsule green, more or less purple-tinged, oblong, more or less two lobed, glabrous, with prominent concentric ridges, 9–11 by 11–15 mm, wing ribbed, up to 4 mm. Seeds spheroid, glabrous, 4.0–4.5 by 5.0 mm; aril bright orange, helmet-shaped and apically projecting and covering up to half the seed, 2–5 mm.",general,EN,C.A. Pendry,,Forest Herbarium,2021-07-31,Rachun Pooma,ref-THA-0001219788,7,3,"Polygala arillata. Flora of Thailand. Vol. 7. Part 3, 2001. Pg. 501. Accessed 2021-07-31",All rights reserved,Forest Herbarium,https://botany.dnp.go.th/eflora/floraspecies.html?tdcode=02686
wfo-0000484514,"Erect dichotomously or trichotomously branched herb, 10–30 cm. Stem ridged, glabrous. Leaves ovate, apex acute, mucronate, base attenuate; margin and sometimes upper surface with flattened scale-like hairs, glaucous below, 1.0–4.0 by 0.8–1.6 mm; petiole 5–10 mm. Inflorescence axillary or terminal, unbranched, glabrous, with 20–100 flowers, to 15 cm; bracts linear, soon caducous, 0.7 mm. Flowers yellow, 3.0–3.5 mm; pedicel 0.5 mm. Outer sepals almost equal, broadly ovate, glabrous or sparsely ciliate at apex, 1.0–1.2 mm. Alae obovate, to oblong or elliptic and shortly stalked, 3.0–3.2 mm. Upper petals spathulate, more or less sinuate, 3.0–3.5 mm, free parts 1.5–1.8 mm. Keel 3.0–3.5 mm, appendage 2-lobed, adnate to keel, 1 mm. Stamens equally connate, ca 2.6 mm. Disk of a single, oblong lobe on upper side of receptacle, persistent in fruit, 0.5 mm. Ovary obcordate, 0.9–1.2 by 0.8–1.3 mm; style curved, inflated at apex, 1.8 mm. Capsule obcordate, with prominent concentric ridges, 2.2–3.3 by 2.6–3.6 mm, wing up to 0.6 mm wide, markedly ribbed. Seeds ellipsoid, 1.2–1.5 mm, dark grey or black, tuberculate, glabrous, with shiny black strophiole, 0.2 mm by 0.6 mm. Aril apically projecting, shortly lobed, to 0.5 mm.",general,EN,C.A. Pendry,,Forest Herbarium,2021-07-31,Rachun Pooma,ref-THA-0000484514,7,3,"Polygala cardiocarpa. Flora of Thailand. Vol. 7. Part 3, 2001. Pg. 502. Accessed 2021-07-31",All rights reserved,Forest Herbarium,https://botany.dnp.go.th/eflora/floraspecies.html?tdcode=02687
wfo-0001240219,"Erect sometimes woody herb 15–60 cm. Stems terete, indumentum of short curved and long patent hairs, especially on young parts. Leaves alternate to subopposite, elliptic to narrowly ovate or obovate, apex mucronate, acute to rounded or occasionally retuse, base cuneate to rounded or scarcely cordate, midrib flat or prominent above, margin inrolled, glabrous or ciliate, lamina sparsely to rather densely appressed hairy, glaucous below, 0.9–7.0 by 0.6–2.4 cm, length:width ratio 2–12; petiole with short curved hairs, 1.0-2.0 mm. Inflorescence supra-axillary, with 3–20 flowers, dense, unbranched, glabrescent or with short curved or long patent hairs, 0.5–3.0 cm; bracts very early caducous, broadly ovate or triangular, ciliate, 0.5–0.7 mm. Flowers greenish, white or pink, 3.5–4.5 mm; pedicel 0.5–1.5 mm. Outer sepals unequal, ovate, acuminate, ciliate, the two lower 1.4–2.1 mm, the upper 1.9–2.8 mm. Alae ovate or oblong, oblique, apex acuminate, margin ciliate, shortly hairy, or rarely with long, straight hairs, 4.2–7.0 by 1.1–2.3 mm. Upper petals spathulate or obtriangular, hairy in lower half, 3.2–5.0 mm, free parts 2.7–4.0 mm. Keel more or less auriculate, 4.7–5.5 mm, appendage of two more or less connate brush-like bundles, 2.0–2.5 mm. Stamens irregularly connate to about half-way, 4.4–6.0 mm. Disk absent. Ovary orbicular, densely long ciliate along margin towards apex, 0.7–1.0 by 0.8–1.0 mm; style curved, strongly reflexed apically, 3.5–5.5 mm. Capsule with persistent calyx, wider than long, orbicular or rectangular, emarginate, ciliate, sparsely short hairy and rarely with long straight hairs, 3.2–4.4 by 3.7–4.7 mm. Seeds ovoid to almost globular, black with short, white hairs, 2.1–3.3 by 1.4–2.1 mm; aril irregularly 3-lobed, the lobes 0.5–1.7 mm long.",general,EN,C.A. Pendry,,Forest Herbarium,2021-07-31,Rachun Pooma,ref-THA-0001240219,7,3,"Polygala chinensis. Flora of Thailand. Vol. 7. Part 3, 2001. Pg. 503. Accessed 2021-07-31",All rights reserved,Forest Herbarium,https://botany.dnp.go.th/eflora/floraspecies.html?tdcode=02688
wfo-0001239618,"Suffruticose perennial to 20 cm. Stems terete, with indumentum of short, curved and at least occasional long, spreading hairs. Leaves elliptic to obovate, apex rounded or acute to apiculate, occasionally emarginate, base cuneate, glaucescent below, ciliate, the lamina hairy to almost glabrous, 1.5–7.5 by 1.0–2.5 cm, largest leaf exceeding 2.5 cm; petiole with short, curved and some long, spreading hairs, 1.0–2.0 mm. Inflorescence supra-axillary or terminal, unbranched, dense, with long, spreading or short, appressed hairs, with 15–40 flowers, 2–3 cm; bracts persistent, narrowly ovate, more or less pubescent, ciliate, 1–1.5 mm. Flowers green with violet extremities, 5–7 mm; pedicel with long spreading hairs or almost glabrous, 1 5–3.0 mm. Outer sepals shortly pubescent to almost glabrous, ciliate, subequal, the two lower sepals elliptic to obovate, 1.9–2.6 mm, the upper boat-shaped, 2.5–3.0 mm. Alae orbicular to obovate, more or less oblique, shortly pubescent, ciliate, 4.5–6 by 3.2–4.5 mm. Upper petals hairy at junction with staminal sheath, 3.2–4.0 mm, constricted at base of oblong to triangular lobe 2.0–3.0 mm. Keel auriculate, glabrous or slightly hairy at base of hood, 3.5–5.0 mm, appendage brush-like, 1.5–2.3 mm. Stamens slightly more connate towards centre of staminal sheath, 3.0–3.5 mm. Disk absent. Ovary oblong to orbicular, ciliate, 0.9–1.0 by 0.6–0.8 mm, style almost straight or sharply bent, 3.0–4.0 mm. Capsule enclosed by persistent calyx, orbicular, ciliate but otherwise glabrous, 3.3–4.0 by 3.3–4.0 mm, wing 0.2–0.4 mm. Seeds oblong or ovoid, black with short white hairs, 2.4–3.3 by 1.2–2.2 mm; aril unequally 3-lobed, the lobes 0.3–1.1 mm.",general,EN,C.A. Pendry,,Forest Herbarium,2021-07-31,Rachun Pooma,ref-THA-0001239618,7,3,"Polygala crotalarioides. Flora of Thailand. Vol. 7. Part 3, 2001. Pg. 505. Accessed 2021-07-31",All rights reserved,Forest Herbarium,https://botany.dnp.go.th/eflora/floraspecies.html?tdcode=02689
wfo-0000484329,"Herb, tall, erect and little-branched or short and bushy, 10–30 cm; densely hairy throughout, with short curved and longer spreading hairs. Stems terete. Leaves obovate to elliptic or linear, midrib sunken on upper surface, margin inrolled, somewhat glaucous and more or less hairy, 0.8–3.0 by 0.2–0.9 cm; petiole densely hairy, 0.8–1.0 mm. Inflorescences supra-axillary, unbranched, numerous, densely hairy, with one to 15 flowers, up to 1 cm; bracts persistent, elliptic or ovate, ciliate, hairy, 0.6–0.8 mm. Flowers pale green of white, with purple margins and crest, 3.5–4.5 mm; pedicel hairy, 1.5–3 mm. Outer sepals unequal, with short curved and longer spreading hairs, ciliate, the two lower sepals elliptic, 1.2–1.9 mm, the upper boat-shaped, 1.5–2.6 mm. Alae obovate, oblique, shortly stalked, mucronate, ciliate, hairy inside and out, the hairs shorter inside. Upper petals oblong, abruptly narrowed and hairy at base of free part, 2.3–3.2 mm, free parts 1.3–2.2 mm. Keel auriculate and there slightly hairy inside, also along midrib outside, 3–4.1 mm, appendage brush-like, 1 mm. Stamens equally connate, hairy along edge of staminal sheath, 3.0–3.8 mm. Disk annular, obscure, 0.1 mm. Ovary orbicular, oblong or ovate, densely hairy, ciliate, 0.7–0.9 by 0.4–0.6 mm, style hook-shaped, 3.0–3.2 mm. Capsule with persistent calyx, elliptic or ovate, emarginate, scarcely winged (< 0.1 mm), ciliate, hairy, 3.0–3.6 by 2.2–2.6 mm. Seeds oblong to ellipsoid or ovoid, black, densely covered with stiff white hairs, 2.5–3.1 by 1–1.3 mm; aril unequally 3-lobed, 0.4–0.9 mm.",general,EN,C.A. Pendry,,Forest Herbarium,2021-07-31,Rachun Pooma,ref-THA-0000484329,7,3,"Polygala erioptera. Flora of Thailand. Vol. 7. Part 3, 2001. Pg. 506. Accessed 2021-07-31",All rights reserved,Forest Herbarium,https://botany.dnp.go.th/eflora/floraspecies.html?tdcode=02690
wfo-0000488686,"Prostrate herb to 15 cm. Stems terete or slightly ridged. Leaves obovate, narrowly elliptic or linear, apex acuminate or obtuse and mucronate, base cuneate to attenuate, margin inrolled, glaucous above and below, 0.7–4.5 by 0.2–0.8 cm; petiole 0.5 mm. Inflorescence supra-axillary, with 3–15 flowers, very lax, 1–6 cm; bracts persistent, narrowly ovate, acuminate to caudate, ciliate, 0.5–1.5 mm. Flowers yellow, 3–4 mm; pedicel 2.2–3.0 mm. Outer sepals subequal, ovate, caudate, ciliate, 1.2–1.8 mm. Alae elliptic to semicircular, oblique, apex pointed, glabrescent with short curved hairs, ciliate, 2.6–4.0 mm. Upper petals obtriangular with somewhat rounded free parts, sparsely hairy inside in lower half, 2.0–3.3 mm, connate to staminal sheath for 0.5–0.7 mm. Keel more or less auriculate, 3.0–4.0 mm, appendage of 6–8 bilobed branches in two bundles, 0.8–1.5 mm. Stamens more connate towards centre of staminal sheath, 3.5–4.0 mm. Disk absent. Ovary oblong or obcordate, with short curved hairs on margin, 0.6–0.8 by 0.4–0.7 mm, style curved and apically strongly reflexed, 2.5–3.4 mm. Capsule elliptic, emarginate, 3.0–3.5 by 2.4–3.4 mm, wing <0.1 mm. Seeds oblong or ellipsoid, black with dense long, stiff, white hairs, 2.6–3.1 by 0.8–1.2 mm; aril unequally 3-lobed, the lobes 0.4–1.0 mm.",general,EN,C.A. Pendry,,Forest Herbarium,2021-07-31,Rachun Pooma,ref-THA-0000488686,7,3,"Polygala glaucoides. Flora of Thailand. Vol. 7. Part 3, 2001. Pg. 506. Accessed 2021-07-31",All rights reserved,Forest Herbarium,https://botany.dnp.go.th/eflora/floraspecies.html?tdcode=02691
wfo-0001251634,"Stems, leaves, petioles and inflorescence with an indumentum of short curved hairs and 1 mm long, stiff, straight hairs. Ovary and capsule with short, curled and long, straight hairs on margin.",general,EN,C.A. Pendry,,Forest Herbarium,2021-07-31,Rachun Pooma,ref-THA-0001251634,7,3,"Polygala glaucoides laotica. Flora of Thailand. Vol. 7. Part 3, 2001. Pg. 507. Accessed 2021-07-31",All rights reserved,Forest Herbarium,https://botany.dnp.go.th/eflora/florainfra.html?tdcode=02693
wfo-0000488758,"Tap-rooted shrub to 15 cm, strongly branched from base. Stems with a dense indumentum of short, curled hairs. Leaves elliptic or oblong towards apex, ovate or orbicular at base, apex acute or rounded, mucronate or shortly apiculate, base cuneate or obtuse, margin inrolled, secondary and sometimes tertiary venation prominent on upper surface, sparse indumentum of minute, curved hairs on both surfaces, glaucous below, 0.6–2.5 by 0.3–1.6 mm; petiole densely hairy, ca 0.5 mm in basal leaves, 1.0 mm in upper leaves. Inflorescence terminal or supra-axillary, unbranched, with a dense indumentum, 8–15 flowers, 1–3 cm; bracts soon caducous, ovate, ciliate, hairy, 0.7–0.5 mm. Flowers pink, violet or purple, 4–5.5 mm; pedicel 1–3 mm. Outer sepals subequal, ciliate, hairy, the two lower sepals oblong to very narrowly ovate, 1.9–2.8 mm, the upper sepal slightly boat-shaped, 2.0–2.7 mm. Alae ovate, obovate or oblong-elliptic, apex rounded, mucronate, glabrous or ciliate, 4–5 mm. Upper petals glabrous to very hairy in lower half, 3.5–5 mm, the free parts oblong, narrow, 1.9–3 mm. Keel slightly auriculate, 4.8–5.5 mm; appendage finely divided, sometimes rather bushy, 0.8–1.8 mm. Stamens 3.2–4.2 mm, completely connate or almost so, rarely free for up to 1 mm. Disk absent. Ovary glabrous, oblong or obovate, 0.8–1.2 by 0.6 mm; style almost straight, 2–2.4 mm; the stigmas knob-like, one apical, the other lateral, 0.5–1 mm apart. Capsule with persistent calyx, more or less orbicular, emarginate, glabrous, 4.5–6 by 4.5–6 mm, wing ribbed, up to 1.4 mm. Seeds ovoid, more or less densely hairy, 3–3.6 by 1.6–1.8 mm; aril with three very narrow unequal lobes, the two shorter 2.3–2.5 mm, the longer 2.6–3.0 mm.",general,EN,C.A. Pendry,,Forest Herbarium,2021-07-31,Rachun Pooma,ref-THA-0000488758,7,3,"Polygala japonica. Flora of Thailand. Vol. 7. Part 3, 2001. Pg. 508. Accessed 2021-07-31",All rights reserved,Forest Herbarium,https://botany.dnp.go.th/eflora/floraspecies.html?tdcode=02694
wfo-0001284220,"Erect shrub, 0.3–1.5 m. Twigs terete or slightly ridged, glabrescent. Leaves elliptic, acuminate, with cuneate to attenuate base, sparse, somewhat flattened hairs towards margin on upper surface, glaucous and occasionally minutely, sparsely hairy on lower surface, midrib sunken on upper surface, 1.5–13 by 0.5–4.5 cm; petiole glabrous, 7–15 mm. Inflorescence terminal, axillary or supra-axillary, solitary or with up to 10 racemes clustered at the end of a twig, shortly hairy, 2–14 cm; bracts caducous, ciliate, 2.5–10 mm. Flowers white, yellow or violet-red, 14–21 mm; pedicel 2.5–4.5 mm. Outer sepals glabrous or rarely ciliate, unequal, the two lower sepals oblong to obovate, 2.5–3 mm, the upper boat-shaped, 4–6 mm. Alae obovate, slightly cucullate, glabrous, 14–16 mm. Upper petals 14–20 mm, the free parts oblong, 4–5 mm. Keel 14-21 mm, appendage 4–8 lobed, 1.7–2.2 mm. Stamens more connate towards centre of staminal sheath. Disk annular, 0.5–0.7 mm. Ovary oblong to orbicular, completely winged, 1.7–2.0 by 1.3–1.7 mm, style apically curved, 17–20 mm. Capsule orbicular, face smooth, 8–9 mm, emarginate with a ribbed wing up to 2 mm. Seeds obovoid, black, sparsely soft hairy ca 2.7 mm; aril irregularly lobed and projecting apically, up to 1.5 mm.",general,EN,C.A. Pendry,,Forest Herbarium,2021-07-31,Rachun Pooma,ref-THA-0001284220,7,3,"Polygala karensium. Flora of Thailand. Vol. 7. Part 3, 2001. Pg. 510. Accessed 2021-07-31",All rights reserved,Forest Herbarium,https://botany.dnp.go.th/eflora/floraspecies.html?tdcode=02695
wfo-0001239621,"Erect herb, 10–100 cm. Stem ridged, glabrescent. Leaves elliptic to linear, apex acute to mucronate, base cuneate to attenuate, margin inrolled, sparsely short hairy, glaucous below, 1.2–3.0 by 0.1–0.3 cm, leaves longest and relatively narrower on upper part of stem; petiole shortly hairy, 0.5–1.2 mm. Inflorescence terminal or axillary, with 15–80 flowers, unbranched, rather dense, to 10 cm; bracts soon caducous or very rarely persistent, narrowly ovate to subulate, shortly hairy, ciliate, 1.1–2.0 mm. Flowers violet to purple, 2.5–3 mm; pedicel glabrous, 0.6–1.2 mm. Outer sepals unequal, ciliate, the two lower sepals ovate, 1.1–1.5 mm, upper boat-shaped, 1.6–3.2 mm. Alae obovate, unequal, glabrous or ciliate, ca 2.5 by 1.5 mm and up to 4.0 by 2.1 mm in fruit. Upper petals spathulate, glabrous or slightly hairy at base of lobe 3.0–3.1 mm, free parts 1.4–2.0 mm. Keel 2.0–2.8 mm, appendage of 4–6 more or less connate lobes, 1.0–1.5 mm. Stamens equally connate, 2.0–2.8 mm. Disk absent. Ovary obovate or oblong, glabrous, sometimes slightly winged, 0.7–1.2 by 0.5–0.7 mm, style curved or hooked, 1.3–1.9 mm. Capsule with persistent calyx, obovoid, glabrous, 2.8–3.5 by 2.1–2.4 mm, wing up to 0.5 mm. Seeds oblong, black with a sparse indumentum of stiff, white hairs, 1.9–2.1 by 0.8–1.0 mm; aril almost equally 3-lobed, 0.4–0.5 mm.",general,EN,C.A. Pendry,,Forest Herbarium,2021-07-31,Rachun Pooma,ref-THA-0001239621,7,3,"Polygala longifolia. Flora of Thailand. Vol. 7. Part 3, 2001. Pg. 511. Accessed 2021-07-31",All rights reserved,Forest Herbarium,https://botany.dnp.go.th/eflora/floraspecies.html?tdcode=02696
wfo-0000488513,"Erect herb to 25 cm. Stems glabrous, dichotomously or trichotomously branched. Leaves elliptic to ovate, apex acute, often mucronate, base obtuse to attenuate, upper surface with an indumentum of minute, flattened hairs especially towards margin, glabrous and glaucous below, 2–9 by 1.2–4 cm; petiole glabrous, 0.5–1.5 cm. Inflorescence terminal or axillary, unbranched, glabrous, dense, with up to ca 80 flowers, 14 cm; bracts narrowly ovate, glabrous, caducous, 1.5 mm. Flowers yellow or orange, 3 mm; pedicel 0.5 mm. Outer sepals slightly unequal, ovate, glabrous, the two lower sepals 0.6–0.9 mm, the upper sepal 0.9–1.0 mm. Alae obovate, cucullate, glabrous, 1.9–2.6 mm. Upper petals glabrous, 2.1–2.6 mm, the free parts oblong or obovate, 0.8–1.2 mm. Keel sometimes slightly auriculate, 2.4–2.9 mm; appendage of two more or less divided lamellae, 0.5 mm. Stamens glabrous or hairy along margin of staminal sheath, 2.2–2.4 mm. Disk annular, more developed on one side, persistent in fruit, to 0.3 mm. Ovary more or less obovate, 0.7–0.8 by 0.5 mm; style curved and strongly expanded apically. Capsule obcordate, more or less emarginate, glabrous, smooth, 2.5–3 by 2.2–3.1 mm; wing ribbed, up to 0.4 mm. Seeds black, ellipsoid, tuberculate, slightly hairy, 1.7–2.2 by 0.8–0.9 mm; aril lobes almost equal, 0.5–0.7 mm; strophiole hollow, shiny black, sparsely hairy, apex with sunken circular lamella, 0.6 mm.",general,EN,C.A. Pendry,,Forest Herbarium,2021-07-31,Rachun Pooma,ref-THA-0000488513,7,3,"Polygala malesiana. Flora of Thailand. Vol. 7. Part 3, 2001. Pg. 512. Accessed 2021-07-31",All rights reserved,Forest Herbarium,https://botany.dnp.go.th/eflora/floraspecies.html?tdcode=02697
wfo-0001100620,"Erect herb, 20–80 cm. Stem ridged, with short, curved hairs. Leaves elliptic, apex acuminate to mucronate, base attenuate, margin flat or inrolled, ciliate, lamina glaucous on lower surface and sparsely hairy, especially on veins, 2.0–6.0 by 0.4–1.0; petiole 1.0–1.5 mm, shortly pubescent. Inflorescence axillary or terminal, lax, with 15–20 flowers, unbranched, with dense indumentum of short curved hairs, to 10 cm; bracts persistent, ovate-caudate, ciliate, shortly pubescent, 1.5–2.0 mm. Flowers violet red to purple, 3–5 mm; pedicel with short curved hairs, 2.5–4.0 mm. Outer sepals unequal, glabrous or minutely hairy, ciliate, the two lower sepals ovate to oblong, obtuse, 1.6–2.5 mm, the upper boat-shaped, 2.3–3.0 mm. Alae unequal, broadly elliptic to suborbicular, glabrous, sometimes minutely papillose, 4.0–5.0 by 2.8–4.0 mm, up to 7.0 by 5.0 mm in fruit. Upper petals expanded towards apex, somewhat auriculate, hairy in lower half, 3.0–4.0 mm, free parts 2.5–3.0 mm. Keel auriculate and sometimes hairy there, 3.5–4.7 mm, appendage finely divided, 1.0 mm. Stamens equally connate, 3.5–5.0 mm. Disk absent. Ovary oblong, glabrous or ciliate, 1.0–1.4 by 0.6–0.8 mm; style slightly bent to strongly curved, thickened in middle part, 3.0-4.5 mm. Capsule with persistent calyx, broadly elliptic, ciliate, 4.0–5.0 by 3.3–4.4 mm, wing up to 0.4 mm. Seeds oblong, black with a dense indumentum of long, stiff, white hairs, 3.5–3.8 by ca 1.5 mm; aril equally 3-lobed, the lobes 0.6–0.8 mm.",general,EN,C.A. Pendry,,Forest Herbarium,2021-07-31,Rachun Pooma,ref-THA-0001100620,7,3,"Polygala persicariifolia. Flora of Thailand. Vol. 7. Part 3, 2001. Pg. 514. Accessed 2021-07-31",All rights reserved,Forest Herbarium,https://botany.dnp.go.th/eflora/floraspecies.html?tdcode=02698
wfo-0001229597,"Erect herb, 5–25 cm. Stem terete with dense indumentum of short curved hairs. Leaves oblong, elliptic or narrowly obovate, apex rounded to acute, mucronate, base cuneate, margin inrolled, minutely sparsely pubescent, glaucous below, 0.6–1.6 by 0.2–0.5 cm; petiole with short curled hairs, 0.5 mm. Inflorescence axillary, supra-axillary, or opposite the leaves, with 3–10 flowers, dense, unbranched, glabrous, 0.5–2.0 cm; bracts caducous, ovate, ciliate, 0.6–0.7 mm. Flowers pale blue, darker towards apex, 3–4 mm; pedicel 0.6–1.0 mm. Outer sepals unequal, ovate, caudate, ciliate and minutely sparsely hairy, the lower sepals 1.5–1.7 mm, the upper 1.9–2.6 mm. Alae ovate to somewhat semicircular, the apex sharply pointed, ciliate, minutely sparsely hairy, 3.1–4.0 mm. Upper petals obtriangular, 1.6–1.9 mm, the free parts 1.0–1.4 mm. Keel scarcely auriculate, 3.0–3.4 mm, appendage finely divided, 1.0–1.1 mm. Stamens unequally connate, the two central anthers on separate filaments, the lateral anthers sessile on two bundles of three anthers, 2.5–2.8 mm. Disk absent. Ovary orbicular, minutely hairy towards margin, 0.6–0.7 by 0.5–0.6 mm; style curved, inflated at apex, 1.9–2.2 mm. Capsule orbicular to ovoid, emarginate, 1.8 by 1.9-2.0 mm, wing less than 0.1 mm. Seeds oblong to ovoid, black with short, white hairs, 1.6–1.9 by 0.9–1.0 mm; aril somewhat unequally 3-lobed, the lobes 0.4–0.8 mm.",general,EN,C.A. Pendry,,Forest Herbarium,2021-07-31,Rachun Pooma,ref-THA-0001229597,7,3,"Polygala polifolia. Flora of Thailand. Vol. 7. Part 3, 2001. Pg. 514. Accessed 2021-07-31",All rights reserved,Forest Herbarium,https://botany.dnp.go.th/eflora/floraspecies.html?tdcode=02699
wfo-0001219762,"Small woody climber, stem diameter ca 2 cm. Stems terete, shortly hairy, glabrescent. Leaves oblong, elliptic or slightly obovate, midrib deeply impressed on the upper surface, densely short-hairy, lamina glabrous, 6–15 by 2.5–6 cm; petiole 5–6 mm, shortly hairy. Inflorescence a terminal panicle of 10–150 flowers with up to 14 branches, minutely hairy; bracts broadly triangular, very soon caducous, 1.5 mm. Flowers dark purple, with yellow keel, 12–17 mm; pedicel 4–6 mm. Outer sepals unequal, ciliate, the two lower rounded, 3.0–4.0 by 3.5–5 mm, the upper saccate, 7–8 mm. Alae obovate or elliptic, cucullate, glabrous, 12–15 mm. Upper petals slightly spathulate, densely hairy at the base, 12 mm with free parts 5–6 mm. Keel 13–14 mm, appendage shortly stalked, finely divided, 3.0–3.5 mm. Stamens slightly more connate towards centre of staminal sheath, 12 mm. Disk annular, 0.5–1.0 mm. Ovary oblong to ovate, glabrous, 2–3 by 1–2.8 mm, style straight in the lower part, curved in the upper half, 8–9 mm. Capsule with prominent concentric ridges, glabrous, 14 by 16 mm, wing up to 1.5–2.0 mm wide, ribbed. Seeds black, spheroidal, with slight basal depression, sparsely short-hairy, 3 by 4 mm; aril projecting apically, to 6 mm.",general,EN,C.A. Pendry,,Forest Herbarium,2021-07-31,Rachun Pooma,ref-THA-0001219762,7,3,"Polygala tricholopha. Flora of Thailand. Vol. 7. Part 3, 2001. Pg. 516. Accessed 2021-07-31",All rights reserved,Forest Herbarium,https://botany.dnp.go.th/eflora/floraspecies.html?tdcode=02700
wfo-0001284231,"Decumbent or erect woody herb to 30 cm. Stems terete with a dense indumentum of long and short curved or rarely straight hairs. Leaves narrowly elliptic, oblong or linear, apex acute and mucronate, base cuneate to attenuate, margin usually inrolled, glaucous, with more or less dense curved and apressed hairs, 0.7–5.0 by 0.1–0.6 cm; petiole with curved hairs, 1 mm. Inflorescence axillary or supra-axillary, with 3–15 flowers, unbranched, dense or rather lax, 0.8–2.0 (rarely to 3) cm; bracts persistent, narrowly ovate or triangular, acuminate or caudate, ciliate, sometimes minutely hairy, 0.8–1.0 mm. Flowers yellow, 3.5–5 mm; pedicel glabrous, 1.5–2.5 mm. Outer sepals subequal, ciliate, minutely hairy, oblong, ovate or triangular, caudate, the two lower 1.6–1.8 mm, the upper 1.9–2.2 mm. Alae elliptic to semicircular, oblique, apex pointed, ciliate, sparsely hairy, 4.5–6.3 mm. Upper petals obtriangular to spathulate, hairy at base, 3.5–4.5 mm, connate to staminal sheath for 1.0 mm. Keel auriculate, 4.0–5.0 mm; appendage of two finely divided bundles, 1.1–2.0 mm. Stamens more connate towards centre of staminal sheath, 4.5–5.0 mm. Disk absent. Ovary quadrangular or oblong to obcordate, margin long ciliate and with shorter curved hairs, 0.9–1.2 by 0.8–0.9 mm; style curved, apically strongly reflexed, 4.5–5.0 mm. Capsule with persistent calyx, elliptic, emarginate, one lobe frequently slightly longer, the margin ciliate and with shorter curved hairs, 3.5–4.8 by 2.7–3.8 mm; wing 0.2–0.3 mm. Seeds ovoid, black with long, stiff, white hairs, 3.0–3.5 by 1.1–1.6 mm; aril unequally 3-lobed, the lobes 0.5–1.5 mm.",general,EN,C.A. Pendry,,Forest Herbarium,2021-07-31,Rachun Pooma,ref-THA-0001284231,7,3,"Polygala triflora. Flora of Thailand. Vol. 7. Part 3, 2001. Pg. 516. Accessed 2021-07-31",All rights reserved,Forest Herbarium,https://botany.dnp.go.th/eflora/floraspecies.html?tdcode=02701
wfo-0001219807,"Erect herb, 10–30 cm. Stem ridged, glabrous, dichotomously or trichotomously branched. Leaves elliptic to ovate, apex acuminate and mucronate, base attenuate, 1–7.5 by 0.7–3.5 cm, upper surface with flattened, triangular hairs towards margin, glabrous and glaucous below; petiole 5–20 mm. Inflorescence axillary, unbranched, with 20–80 flowers, to 8 cm; bracts narrowly ovate, 1 mm, caducous or rarely persistent. Flowers yellow, turning orange, 3.0–3.5 mm; pedicel glabrous, 1 mm. Outer sepals almost equal, ovate to oblong, glabrous, 1.1–1.5 mm. Alae obovate to ovate or orbicular with a short stalk, apex rounded, glabrous, 2.0–3.5 cm. Upper petals 2.5–3.5 mm, free parts oblong, 1.5–2.0 mm. Keel 3.0–4.0 mm, appendage of two lobes each with two points, 0.8–1.0 mm. Stamens equally connate 2.5–3.2 mm. Disk of two triangular lateral lobes, persistent in fruit, 0.3 mm. Ovary obovate to oblong, emarginate, 1.0–1.5 mm, style bent, inflated in middle and constricted at apex, 2.0–2.5 mm. Capsule obovate to orbicular or oblong, emarginate, face smooth, or with indistinct ribs from apex, 2.1–3.2 by 2.6–3.4 mm, wing smooth or ribbed, up to 0.6 mm wide. Seeds black, ovoid, smooth or tuberculate, with sparse white hairs, 1.1–2.1 mm; aril unequally 3-lobed, the lobes 0.4–1.2 mm; strophiole hollow, shiny-black, sparsely hairy, apex with sunken reniform lamella, 0.7 mm, or rarely strophiole rudimentary, vermiform, ca 0.1 mm.",general,EN,C.A. Pendry,,Forest Herbarium,2021-07-31,Rachun Pooma,ref-THA-0001219807,7,3,"Polygala umbonata. Flora of Thailand. Vol. 7. Part 3, 2001. Pg. 518. Accessed 2021-07-31",All rights reserved,Forest Herbarium,https://botany.dnp.go.th/eflora/floraspecies.html?tdcode=02702
wfo-0000488169,"Shrub 1–2.5 m. Twigs terete, minutely sparsely hairy, glabrescent. Leaves elliptic to obovate, acute to shortly acuminate, base cuneate or shortly attenuate, glabrous, glaucescent below, 15–34 by 4.5–12 cm; petiole sparsely short hairy or glabrous, 15–20 mm. Inflorescence supra-axillary, dense, stout, pendulous and reflexed at base, glabrous, 5–15 cm; bracts triangular, 2.5 mm, very soon caducous, leaving prominent crescent-shaped scars. Flowers white and often purple or yellow tinged, 13–21 mm; pedicel minutely hairy, 11–12 mm. Outer sepals ciliate, unequal, the two lower broadly ovate, 3.0–3.5 by 4.0 mm, the upper markedly saccate at the base, 8.5 mm. Alae obovate, cucullate, minutely ciliate, 12–17 mm. Upper petals 11–14 mm, free parts 4–5 mm. Keel 11-14 mm, appendage of two undivided, fleshy lobes, 2.8–4 mm. Stamens 10–14 mm. Disk annular 0.6 mm. Ovary oblong to obcordate, glabrous or ciliate, partially winged, 1.5–3 by 1.8–3, style straight in lower part, sickle-shaped above, 10–12 mm. Capsule oblong, emarginate, more or less two lobed, glabrous with concentric ridges, 7–8 by 11–13 mm, wing up to 1.5 mm. Seeds obovoid, laterally compressed, black, glabrous, finely ridged and tuberculate, 4.5–5 by 3–4 mm; aril bright orange, helmet-shaped, covering at least half of seed, to 5 mm long.",general,EN,C.A. Pendry,,Forest Herbarium,2021-07-31,Rachun Pooma,ref-THA-0000488169,7,3,"Polygala venenosa. Flora of Thailand. Vol. 7. Part 3, 2001. Pg. 519. Accessed 2021-07-31",All rights reserved,Forest Herbarium,https://botany.dnp.go.th/eflora/floraspecies.html?tdcode=02703
wfo-0000769780,"Stems dark reddish-green, mostly branched above, flattened, unridged, ca 100 cm by 1–2 mm. Leaves sessile, submersed, light to dark green, blades linear, serrate, 3–5 veined, with 2–5 rows of lacunae each side of midrib, 1.2–9 by 0.4–1 cm, apex round to round-acute, base attenuate, stipules light brown, ca 0.5 cm by ca 2 mm. Turions axillary or terminal, 1.5–3 by ca 2 cm, inner leaves rolled into a hardened, linear, terete structure, outer leaves 1–4 per side. Inflorescences terminal or rarely axillary; peduncles cylindric, erect or ascending, 2.5–4 cm by 1.5–2 mm; spikes cylindrical, 1–1.5 by 0.3–0.5 cm; verticels 3–6 ca 1.5 mm apart. Flowers loosely arranged; perianth segments clawed, 2–2.5 by 1–2.5 mm. Fruit obovate, red to reddish-brown, without dorsal keel and lateral ridges, ca 6 by 2.5 mm; beak erect, ventral, ca 3 by 1 mm; sides depressed; wall textures smooth; embryo with one full spiral.",general,EN,R.R. Haynes,,Forest Herbarium,2021-07-31,Rachun Pooma,ref-THA-0000769780,7,3,"Potamogeton crispus. Flora of Thailand. Vol. 7. Part 3, 2001. Pg. 388. Accessed 2021-07-31",All rights reserved,Forest Herbarium,https://botany.dnp.go.th/eflora/floraspecies.html?tdcode=02565
wfo-0000769889,"Stems green-brown, occasionally branched above, terete, unridged, ca 100 cm by 1–2 mm. Leaves petiolate, submersed dark green-brown, blades lance-elliptic, 7–13 veined, with 2–5 rows of lacunae each side of midrib, 8–12 by 1–3 cm, apex acuminate, base acute; petiole terete, 1.5–3 cm by ca 2 mm; stipules light brown, 2–6 cm by 3–5 mm. Turions absent. Inflorescences terminal or rarely axillary; peduncles cylindric, erect to ascending, to 5 cm by 1–2 mm; spikes cylindrical, 2–5 by 0.8–1 cm; verticels 10–17, ca 2 mm apart. Flowers compact; perianth segments clawed, ca 2.5 by ca 1.5 mm. Fruit obovate, greenish to brown, with well developed dorsal and lateral ridges, ca 3 mm long; beak erect, central; sides plump.",general,EN,R.R. Haynes,,Forest Herbarium,2021-07-31,Rachun Pooma,ref-THA-0000769889,7,3,"Potamogeton malaianus. Flora of Thailand. Vol. 7. Part 3, 2001. Pg. 388. Accessed 2021-07-31",All rights reserved,Forest Herbarium,https://botany.dnp.go.th/eflora/floraspecies.html?tdcode=02566
wfo-0000769912,"Stems dark green, mostly branched above, terete, unridged, ca 100 cm by 1–2 mm. Leaves petiolate, both submersed and floating; submersed leaves light to dark green, the blades linear lanceolate to lance-elliptic, 7–15-veined, with 2–5 rows of lacunae each side of midrib, 9–20 by 1–3.5 cm, apex acute, base acute; petiole terete, 2–13 by ca 2.8 mm; stipules light brown, non-fibrous, non-shredding at tip, free from blade, convolute, 3–9 cm by 1.5–4.8 mm; floating leaves light green above, coriaceous, blades lenticular to elliptical, 9–12-veined, mostly without lacunae, 3–11 by 1.5–4.5 cm, apex acute to rounded, base cuneate to rounded; petiole terete, 3.5–26 cm by 0.9–3 mm; stipules light brown, non-fibrous, non-shredding at tip, free from blade, convolute, 2.8–4.1 cm by 3–7 mm. Turions absent. Inflorescences terminal or rarely axillary; peduncles cylindric, erect to ascending, 3–15 cm by 1.5–3.1 mm, spikes cylindrical, 2–17 by 0.8–1 cm; verticels 10–17, ca 2.5 mm apart. Flowers compact; perianth segments clawed, ca 2.5 by 1.4–2.6 mm, stamens with anthers 1–1.4 by ca 0.4 mm. Fruit obovate, red to reddish-brown, with well developed dorsal keel and muricate lateral ridges, 2.7–4.3 by 2.5–3 mm; beak erect, ventral, ca 1.7 by 0.5 mm; sides plump; wall textures rough; embryo with one full spiral.",general,EN,R.R. Haynes,,Forest Herbarium,2021-07-31,Rachun Pooma,ref-THA-0000769912,7,3,"Potamogeton nodosus. Flora of Thailand. Vol. 7. Part 3, 2001. Pg. 390. Accessed 2021-07-31",All rights reserved,Forest Herbarium,https://botany.dnp.go.th/eflora/floraspecies.html?tdcode=02567
wfo-0001083361,"Shrub, 0.3–4 m tall, spreading or sometimes scrambling, the young branchlets terete and glabrous, leaf nodes with distinct interpetiolar lines and minute bristles. Leaves ovate or lanceolate, 6–10 x 1.5–3 cm, base cuneate or rounded, apex acuminate, the drip tip to 1.5 cm long, margin serrulate to subentire, lamina with 2 pairs of lateral primary veins, mature glabrous on both surfaces, petioles 0.4–0.9 cm long. Inflorescences axillary or terminal 1–5-flowered cymes, 2–5 cm long. Flowers with pedicels about 1 cm long, bracts minute and subulate. Hypanthium campanulate, about 5 mm long, calyx rim with 4 shallow lobes; ovary ⅔ as long as the hypanthium, apically depressed-concave. Petals obovate, about 6 mm long. Stamens subequal, outer ones about 13 mm long, inner ones about 11 mm long, connective ventrally minutely bilobed. Berry ovoid to urceolate, about 7 mm long.",general,EN,"S.S. Renner, G. Clausing, N. Cellinese, K.Meyer",,Forest Herbarium,2021-07-31,Rachun Pooma,ref-THA-0001083361,7,3,"Pseudodissochaeta septentrionalis. Flora of Thailand. Vol. 7. Part 3, 2001. Pg. 475. Accessed 2021-07-31",All rights reserved,Forest Herbarium,https://botany.dnp.go.th/eflora/floraspecies.html?tdcode=02660
wfo-0001083360,"Shrub, 2–4 m tall, sometimes scrambling, with thin sharply 4-angled branchlets, subglabrous, leaf nodes with distinct interpetiolar lines. Leaves lanceolate to ovate, 14–18.5 x 3–4 cm, subsessile, base rounded to cordate, apex acuminate, drip tip to 1 cm long, margin loosely denticulate, lamina with 2 pairs of lateral primary veins, above glabrous except for a few hairs along the midrib and main veins and near the blade base, below sparsely pilose with simple brown hairs. Inflorescences terminal many flowered paniculate cymes, 15–28 cm long. Flowers 4-merous, pedicels about 2 mm long. Hypanthium campanulate, 3–4 mm high; calyx rim with minute triangular lobes, fmely puberulous; ovary ⅔ as long as the hypanthium. Petals obovate to suborbicular with a basal claw, 2.7–3 mm long, apex rounded. Stamens subequal, about 4–5 mm long, connective dorsally minutely spurred. Berries globose, about 6 x 5 mm.",general,EN,"S.S. Renner, G. Clausing, N. Cellinese, K.Meyer",,Forest Herbarium,2021-07-31,Rachun Pooma,ref-THA-0001083360,7,3,"Pseudodissochaeta subsessilis. Flora of Thailand. Vol. 7. Part 3, 2001. Pg. 476. Accessed 2021-07-31",All rights reserved,Forest Herbarium,https://botany.dnp.go.th/eflora/floraspecies.html?tdcode=02661
wfo-0001083363,"Tree, 4–10(–20) m tall and reaching a diameter of 40–90 cm, or a shrub, bark smooth or scaly and grey. Leaves elliptic, (5–)8–18(–25) x 3–11(–15) cm, base and apex acute, lamina with 1 pair of lateral primary veins, chartaceous, subcoriaceous, or coriaceous, glabrous, petioles 0.5–1 cm long. Inflorescences glomerulate to paniculate cymes, in the leaf axils or on leafless nodes. Flowers 4-merous, pedicels 1–4 mm long, bracts minute. Hypanthium campanulate and smooth, 2.5–4 mm long, calyx truncate or shortly 4-dentate. Petals broadly ovate, 2–6 mm long, pale lilac to dark blue, apex acute to mucronate. Stamens 8, anthers 2–3 mm long, cream-coloured, opening by short slits. Berry globose, 4–6 mm in diam., dark blue.",general,EN,"S.S. Renner, G. Clausing, N. Cellinese, K.Meyer",,Forest Herbarium,2021-07-31,Rachun Pooma,ref-THA-0001083363,7,3,"Pternandra caerulescens. Flora of Thailand. Vol. 7. Part 3, 2001. Pg. 477. Accessed 2021-07-31",All rights reserved,Forest Herbarium,https://botany.dnp.go.th/eflora/floraspecies.html?tdcode=02663
wfo-0000161686,"Tree, 6(–20) m tall and reaching a diameter of up to 50 cm, or a scrambling shrub; bark shallowly fissured, smooth, grey to brown; branchlets terete and glabrous. Leaves broadly lanceolate to ovate, 6–12(–19) x 3–6(–9.5) cm, base rounded to cordate, apex acuminate, tip 6–10 mm long, lamina subcoriaceous, with 1(–2) pair(s) of lateral primary veins, on both surfaces glabrous, petioles about 0.5 cm long. Inflorescences axillary or terminal few- to many-flowered cymes, 1–2.5 cm long. Flowers 4-merous, pedicels 2–3 mm long, floral bracts 2–3 mm long. Hypanthium campanulate, 4-5 mm long, covered with minutely puberulous, often appressed tubercles to 2 mm long, calyx calyptrate, splitting into 4 triangular lobes upon flowering. Petals broadly ovate with an acute apex, 4–5 mm long, purplish or light blue. Stamens 8, anthers about 2 mm long, yellow, opening by short slits. Fleshy capsule 7–8 mm long and verruculose.",general,EN,"S.S. Renner, G. Clausing, N. Cellinese, K.Meyer",,Forest Herbarium,2021-07-31,Rachun Pooma,ref-THA-0000161686,7,3,"Pternandra tuberculata. Flora of Thailand. Vol. 7. Part 3, 2001. Pg. 478. Accessed 2021-07-31",All rights reserved,Forest Herbarium,https://botany.dnp.go.th/eflora/floraspecies.html?tdcode=02665
wfo-0000476084,"Tree, up to 45 m high, 300 cm girth, always with straight bole; bark grey, smooth, and flaking near base, lenticellate; twigs stout, pubescent, with prominently raised, large leaf scars. Stipules subulate, caducous. Leaves ovate or cordate, 5–17 x 8–12 cm, subcoriaceous, apex acute to acuminate, base cordate, with soft hairs on lower surface 6 nerves at base, nerves and scalariform veins prominent on lower surface. Petiole 6–9 cm., glabrescent. Inflorescences terminal and axillary in upper leaf scars, erect, ca 9 cm long. Buds ellipsoid, 10 x 7 mm, glabrescent except along edge of calyx lobes. Sepals 5, united ⅔ at base, narrowly funnel-shaped, 3-3.5 cm, hairy along margin. Male flowers with (8–)10 stamens. Female flowers with 5, free carpels, obovate, pubescent at the end of androgynophore; style hook-like, on side of carpel; stigma swollen, curved towards the base of style. Fruit a large boat-shaped follicle with a hook or spur, membranous, 5–8 x 1.5–2 cm. Seed 1–2, at base of follicle, wingless.",general,EN,C. Phengklai,,Forest Herbarium,2021-07-31,Rachun Pooma,ref-THA-0000476084,7,3,"Pterocymbium macranthum. Flora of Thailand. Vol. 7. Part 3, 2001. Pg. 597. Accessed 2021-07-31",All rights reserved,Forest Herbarium,https://botany.dnp.go.th/eflora/floraspecies.html?tdcode=02773
wfo-0000476033,"Tree, 15–30 m high, usually with straight bole, buttressed; bark greyish, smooth; young twigs slender and terete with prominently raised leaf scars, hairy then glabrescent. Leaves peltate, 20–30 x 17–24 cm, rounded or obtuse at both ends, coriaceous, hairy then glabrescent except along nerves on the upper surface, hairy on lower surface; nerves and scalariform vein strongly prominent on lower surface. Flower buds oblong, ca 2 x 0.7 cm, surrounded by 3 persisting laciniate and hairy, 2–3 x 1–1.5 cm bracts. Sepals 5, lanceolate, 5–6 x 0.5 cm, hairy on both surfaces. Petals 5, white or yellowish, slightly spathulate, 4.5–5 x 0.6–0.8 cm, free, glabrous on both surfaces. Stamens 15, up to 4 cm long; staminodes 5, with pellucid glands along filaments. Ovary ovoid, ca 10 x 4 mm, hairy; 5 locules, each with many ovules; style slender, up to 5 cm long, glabrous; stigmas 5, twisted. Fruits woody, oblong ca 18 x 7.5 cm, with 5 prominent longitudinal angles. Seeds many, ovate with a thin wing, ca 5 x 1.5 cm.",general,EN,C. Phengklai,,Forest Herbarium,2021-07-31,Rachun Pooma,ref-THA-0000476033,7,3,"Pterospermum acerifolium. Flora of Thailand. Vol. 7. Part 3, 2001. Pg. 602. Accessed 2021-07-31",All rights reserved,Forest Herbarium,https://botany.dnp.go.th/eflora/floraspecies.html?tdcode=02776
wfo-0000476041,"Tree, 5–10 m high; young twigs terete, hairy then glabrescent. Leaves ovate to ovate oblong, 7–15 x 3–6 cm, acute to acuminate and not lobed toward apex, oblique and obtuse or slightly auriculate base, sparsely hairs then glabrescent on lower surface, entire margin; nerves and scalariform veins finely prominent on lower surface and depressed on upper surface. Flower buds oblong 1.5–2 x 0.5 cm, hairy, first surrounded with 3 lanceolate bracts then caducous. Sepals 5, lanceolate, 3.5–4 x 0.4–0.6 cm, free, hairy on both sides. Petals 5, white, oblanceolate, 3–3.5 x 0.8–1 cm, free, glabrous on both sides. Stamens 15, up to 2.5 cm long; staminodes 5, 2.5–3.5 cm long, pellucid glands along filaments. Ovary ovoid, ca 5 x 3 mm, hairy; 5 locules, each with many ovules; styles slender ca 2 cm long, glabrous stigmas 5, twisted. Fruits woody, fusiform or ovoid, ca 4.5 x 2 cm, not angles but with 5 longitudinal grooved, densely indumentum then glabrescent, fruiting calyx caducous. Seeds many, ovate with a thin wing, up to 2 x 0.5 cm.",general,EN,C. Phengklai,,Forest Herbarium,2021-07-31,Rachun Pooma,ref-THA-0000476041,7,3,"Pterospermum cinnamomeum. Flora of Thailand. Vol. 7. Part 3, 2001. Pg. 602. Accessed 2021-07-31",All rights reserved,Forest Herbarium,https://botany.dnp.go.th/eflora/floraspecies.html?tdcode=02777
wfo-0000476043,"Tree, 8–30 m high; crown with low branches; twigs slender densely hairy. Leaves obovate, ovate, ovate-oblong to elliptic, 15–30 x 10–17 cm, apex acute to broadly acute, base cordate to slightly oblique, margin entire, hairy then glabrescent on both surfaces; nerves and veins finely distinct on both surfaces. Flowers buds tubular, 2–5 x 0.6–1 cm, surrounded by 3 caducous lanceolate bracts. Sepals 5, lanceolate, 8–17 x 0.5–0.8 cm, free or nearly so, hairy on both surfaces. Petals 5, white, oblanceolate, 7–14 x 0.7–1 cm, free, hairy on outer surface. Stamens 15, 4–6 cm long; staminodes 5, 4–8 cm long, pellucid glands. Ovary ovoid, ca 10 x 4 mm, hairy; 5-locules, each with many ovules; styles slender, 3–4 cm long, densely hairy on lower half; stigmas 5, twisted. Fruits woody, oblong, 10–20 x 5.5–9 cm, with 5 straight longitudinal angles, hairy then glabrescent. Seeds many, ovate with a thin wing, 2–5 x 1 cm.",general,EN,C. Phengklai,,Forest Herbarium,2021-07-31,Rachun Pooma,ref-THA-0000476043,7,3,"Pterospermum diversifolium. Flora of Thailand. Vol. 7. Part 3, 2001. Pg. 604. Accessed 2021-07-31",All rights reserved,Forest Herbarium,https://botany.dnp.go.th/eflora/floraspecies.html?tdcode=02778
wfo-0000476020,"Tree, 8–15 m high; twigs stout, conspicuous leaf scars, hairy then glabrescent. Leaves peltate, 18–30 x 15–25 cm, broadly ovate to truncate at both ends, hairy on lower surface, margin crenate and undulate; nerves and scalariform veins depress on upper surface and prominent on lower surface, glaucous on lower surface. Petiole 5–10 cm long, hairy. Flower buds ovate, ca 4 x 2 cm, densely rusty hairs, first surrounded by 3 lanceolate bracts then caducous. Sepals 5, elliptic oblong, united near base, 8–10 x 2–2.5 cm, hairy on both surfaces. Petals 5, white, obovate-oblong, 8–10 x 2–2.5 cm, free, glabrous on both surfaces. Stamens 15, up to 3 cm long; staminodes 5, 4–5 cm long, pellucid glands along filaments. Ovary ovoid, 1.5–2.5 x 1–1.5 cm, hairy; 5 locules, each with many ovules. Styles slender, 2–3 cm long, glabrous; stigmas 5, twisted. Fruits woody, cylindrical, 13–14 x 6–6.5 cm, not angled but with 5 longitudinal grooved, densely indumentum; fruiting calyx still remained. Seeds many, ovate with a thin wing, 5.5–6 x 1.5 cm.",general,EN,C. Phengklai,,Forest Herbarium,2021-07-31,Rachun Pooma,ref-THA-0000476020,7,3,"Pterospermum grande. Flora of Thailand. Vol. 7. Part 3, 2001. Pg. 607. Accessed 2021-07-31",All rights reserved,Forest Herbarium,https://botany.dnp.go.th/eflora/floraspecies.html?tdcode=02779
wfo-0000476021,"Tree, 7–25 m high; crown with low branches; twigs terete, hairy. Leaves wedge shaped, 8–25 x 5.5–15 cm, 3(–5) acute or acuminate with lobes toward apex, base cuneate and oblique, entire or margin undulate, hairy then glabrescent, glaucous on lower surface; nerves and scalariform veins prominent on lower surface. Flower buds tubular, 1.5–2 x 0.6–0.7 cm, surrounded with 3 persisting laciniate bracts. Sepals 5, lanceolate, 4–15 x 0.3–0.4 cm, free or neary so, hairy on both surfaces. Petals 5, white, oblanceolate, 4–12 x 0.4 cm, free, glabrous on both surfaces. Stamens 15, 1.2–2 cm long; staminodes 5, 2–2.5 cm long, with pellucid glands. Ovary ovoid, ca 5 x 2.5 mm, hairy; styles slender, ca 3 cm long, glabrous; stigmas 5, spreading. Fruits woody, elliptical, 9–14 x 4.5–6 cm, hairy, with 5 straight longitudinal angles. Seeds many, ovate with a thin wing, 5–6 x 1 cm.",general,EN,C. Phengklai,,Forest Herbarium,2021-07-31,Rachun Pooma,ref-THA-0000476021,7,3,"Pterospermum grandiflorum. Flora of Thailand. Vol. 7. Part 3, 2001. Pg. 607. Accessed 2021-07-31",All rights reserved,Forest Herbarium,https://botany.dnp.go.th/eflora/floraspecies.html?tdcode=02780
wfo-0001141130,"Tree 5–20 m high; young twigs terete and hairy. Leaves oblong lanceolate to oblanceolate, 8–20 x 3.5–7 cm, acute, acuminate to cuspidate apex, slightly oblique or auriculate base, sparingly hairs then glabrescent on lower surface, serrate margin on the upper half; nerves and scalariform veins depressed on upper surface and prominent on lower surface. Flower buds ovate-oblong, ca 15 x 8 mm, hairy, surrounded with 3 long bracts, up to 2 x 1 cm in blooming stage. Sepals 5, lanceolate 3.5–4 x 0.4–0.6 cm, free, hairy on both sides. Petals yellowish, oblanceolate or spathulate, 3–3.5 x 0.8–1 cm, free, hairy on outer part. Stamens 15, up to 2.5 cm long; staminodes 5, 2.5–3.5 cm long, pellucid glands along filaments. Ovary ovoid or ellipsoid, ca 5 x 2–3 mm, hairy, 5 locules, each with many ovules; styles slender, ca 2 cm long, hairy; stigmas 5, twisted. Fruits woody, tubular, 5–7 x 2.5–3 cm, not angled but with 5 longitudinal grooved, densely hairy, fruiting calyx caducous. Seeds many, ovate with a thin wing, up to 2–2.5 x 0.5–0.8 cm.",general,EN,C. Phengklai,,Forest Herbarium,2021-07-31,Rachun Pooma,ref-THA-0001141130,7,3,"Pterospermum lanceifolium. Flora of Thailand. Vol. 7. Part 3, 2001. Pg. 610. Accessed 2021-07-31",All rights reserved,Forest Herbarium,https://botany.dnp.go.th/eflora/floraspecies.html?tdcode=02781
wfo-0001390644,"This variety differs from var. littorale in its oblong to oblanceolate leaves, and petals glabrous.",general,EN,C. Phengklai,,Forest Herbarium,2021-07-31,Rachun Pooma,ref-THA-0001390644,7,3,"Pterospermum littorale venustrum. Flora of Thailand. Vol. 7. Part 3, 2001. Pg. 613. Accessed 2021-07-31",All rights reserved,Forest Herbarium,https://botany.dnp.go.th/eflora/florainfra.html?tdcode=02784
wfo-0000475821,"Tree, 8–15 m high; twigs terete, hairy then glabrescent. Leaves ovate, 7–10 x 2.5–5.5 cm, apex acute to acuminate, base broadly obtuse and slightly oblique, margin entire, glaucous and glabrescent on lower surface; nerves and scalariform veins finely prominent on lower surface. Flower buds ovate-oblong, 1–1.5 x 0.5–0.7 cm, surrounded with 3 caducous lanceolate bracts. Sepals 5, lanceolate, 2–2.5 x 0.4–0.5 cm, free, hairy on both surfaces. Petals 5, white or yellowish, oblong, 1.5–2 x 0.5–0.7 cm, free, hairy on outer surface. Stamens 15, ca 1.5 cm long; staminodes 5, slender, ca 2 cm long, pellucid glands along filaments. Ovary ovoid to oblong, ca 5 x 3 mm, hairy; 5 locules, each with many ovules; styles slender, 2–2.5 cm long, densely hairy on lower half; stigmas 5, twisted. Fruits woody, elliptic or oblong, 6–10 x 3–5 cm, 5 wavy longitudinal left and right or plicate angles, densely indumentum, then glabrescent; fruiting calyx caducous. Seeds many, ovate with a thin wing, 2–4 by 1 cm.",general,EN,C. Phengklai,,Forest Herbarium,2021-07-31,Rachun Pooma,ref-THA-0000475821,7,3,"Pterospermum pecteniforme. Flora of Thailand. Vol. 7. Part 3, 2001. Pg. 613. Accessed 2021-07-31",All rights reserved,Forest Herbarium,https://botany.dnp.go.th/eflora/floraspecies.html?tdcode=02785
wfo-0000475857,"Tree, 5–15 m high; young twigs hairy then glabrescent. Leaves oblong to oblong lanceolate, 16–25 x 4–7 cm, apex acute to cuspidate, base strongly sagittate, hairy especially on lower surface; nerves and veins depressed on upper surface and prominent on lower surface. Flower buds ovate oblong, 2–4 by 1–1.5 cm, densely rusty-hairy all over, surrounded with 3 laciniate long bracts, bracts up to 5 x 3 cm in flower. Sepals 5, lanceolate, 4–8 x 0.5–1 cm, free, hairy on both surfaces. Petals white, oblanceolate or spathulate, 4.5–6 x 1.5–2.5 cm, free, hairy on outer surfaces. Stamens 12, up to 3 cm long; staminodes 5, 4.5–5 cm long, sparsely with pellucid glands along filaments. Ovary ovoid or tubular, ca 10 x 5 mm, hairy; 5 locules, each with many ovules, style slender, up to 5 cm long, hairy on lower half; stigmas 5, spreading. Fruits cylindrical or elliptical 6–8 x 3.5–5.5 cm, not angled but with 5 longitudinal grooved, densely hairy, fruiting calyx still remained. Seeds many, ovoid, with a thin wing, up to 2–3 x 1 cm.",general,EN,C. Phengklai,,Forest Herbarium,2021-07-31,Rachun Pooma,ref-THA-0000475857,7,3,"Pterospermum semisagittatum. Flora of Thailand. Vol. 7. Part 3, 2001. Pg. 615. Accessed 2021-07-31",All rights reserved,Forest Herbarium,https://botany.dnp.go.th/eflora/floraspecies.html?tdcode=02786
wfo-0000475845,"Tree, up to 30 m high, 200 cm girth; buttressed; usually straight bole; bark grey, shallowly fissured; twigs slender with prominently raised leaf scars, young parts with golden stellate hairs. Stipules subulate, caducous. Leaves broadly ovate, 10–30 x 10–22 cm, apex acute to broady acute, margin entire, base cordate or truncate, coriaceous with green upper surface, paler on lower surface, sparsely hairy then glabrescent; (3–)5(–7) nerves at base, scalariform veins prominent on lower surface. Petiole 4-20 cm long, usually swollen at both ends. Inflorescences in axils of upper leaf scars and the end of twigs, up to 20 cm long. Buds ovate-oblong, 1.5–2 x 0.6–1 cm, hairy. Bracteoles caducous. Sepals 5, linear-lanceolate, ca 20 x 5 mm, hairy on both surfaces. Stamens 20, in 5 groups, on a staminal column around a sterile ovary; anthers sessile. Carpels 5, free, hairy; locule with many ovules; staminodes as many as stamens; style short and curved outwards; stigma rounded. Fruits consisting of 5 follicles borne on a common stalk, each globose-ellipsoid, depressed on both sides, woody, pubescent, 8–9 x 5–6 cm and 4.5–5 cm thick. Seeds many, ovoid, ca 2 x 1.5 cm, with a terminal spathulate wing, 2.5–3 x 1.5 cm.",general,EN,C. Phengklai,,Forest Herbarium,2021-07-31,Rachun Pooma,ref-THA-0000475845,7,3,"Pterygota alata. Flora of Thailand. Vol. 7. Part 3, 2001. Pg. 617. Accessed 2021-07-31",All rights reserved,Forest Herbarium,https://botany.dnp.go.th/eflora/floraspecies.html?tdcode=02788
wfo-0001141259,"Shrub to small tree up to 5 m high; young twigs densely hairy, then glabrescent, lenticellate. Leaves ovate or elliptic-ovate, 5–9 x 2–4 cm, apex acuminate, base obtuse, sparsely hairy then glabrescent on upper surface, densely hairy and glaucous on lower surface; secondary nerves straight and prominent with slightly scalariform veins on lower surface. Petiole at an angle to midrib. Inflorescences terminal up to 3.5 x 7 cm, hairy on all parts. Flowers pinkish, 5-merous. Sepals campanulate, 5–6 x 5 mm, hairy outside; calyx lobes ca ⅓ of calyx tube. Petals spathulate marked with angled bars, 15–20 x 2–3 mm, hairy especially on the lower half outside. Stamens 10–15, surrounding the ovary on the end of gynandrophore. Ovary oblong, hairy; style indistinct; stigma flattened, with 5 lobes. Fruit not seen.",general,EN,C. Phengklai,,Forest Herbarium,2021-07-31,Rachun Pooma,ref-THA-0001141259,7,3,"Reevesia pubescens pubescens. Flora of Thailand. Vol. 7. Part 3, 2001. Pg. 619. Accessed 2021-07-31",All rights reserved,Forest Herbarium,https://botany.dnp.go.th/eflora/florainfra.html?tdcode=02791
wfo-0001141223,"Small tree, 5–12 m high; young twigs densely hairy, then glabrescent, lenticellate. Leaves elliptic, ovate to oblong, 6–20 x 3–8 cm, apex acute to acuminate, base obtuse, glabrous on both surfaces; secondary nerves arched, slightly distinct on lower surface. Petiole swollen at both ends and usually making an angle with midrib. Inflorescence terminal, 4–5 x 10–13 cm. Flowers white. Sepals campanulate, 5–7 x 5 mm, hairy outside; calyx lobes ⅓ of calyx tube. Petals spathulate, marked with angled bars, 10–25 x 3–5 mm, glabrous. Stamens 10–15, sessile, surrounding the ovary on the end of gynandrophore. Ovary ovoid, hairy; style distinct up to 5 mm long; stigma narrow. Fruit obovoid, woody, 2–4 x 1.2–1.5 cm; 5 longitudinal lobes, covered with dense indumentum.",general,EN,C. Phengklai,,Forest Herbarium,2021-07-31,Rachun Pooma,ref-THA-0001141223,7,3,"Reevesia pubescens siamensis. Flora of Thailand. Vol. 7. Part 3, 2001. Pg. 619. Accessed 2021-07-31",All rights reserved,Forest Herbarium,https://botany.dnp.go.th/eflora/florainfra.html?tdcode=02792
wfo-0000770507,"Perennial herbs, glabrous or sparsely pubescent, to 50 cm tall; corms 2.5 by 3 cm. Leaves submerged or floating; submerged leaves sessile, pale green to greenish-brown, phyllodial, 4–7 by 4–8 mm, the veins 3–5, apex round acute to obtuse, basal lobes present, the basal sheath absent; floating leaves petiolate, the petioles triangular, to 42 cm by 0.5–6 mm, basal sheath to 10 cm, blades pale green, sagittate, 3.5–10.5 by 1.5–8.5 cm, veins 11–13, apex round-acute, the basal lobes present, tips separated by 0.7–6.5 cm, with 3–4 veins. Inflorescence a simple scape of 1–7 whorls, floating, 0.9–9 by 0.6–4 cm, whorls with 3 flowers; peduncles terete, 10.9–22 cm by 0.9–5.5 mm; staminate bracts separate, lanceolate to linear, delicate, 2.8–5.5 mm long, apex round acute to obtuse; carpellate bracts separate, broadly lanceolate, delicate, 9.4–15 mm long, apex obtuse; staminate pedicels spreading to erect, cylindric, glabrous to densely pubescent, 7.1–18 by 0.4–1.2 mm; carpellate pedicels erect to spreading in flower, spreading to reflexed in fruit, cylindric, glabrous or rarely pubescent, 0.6–2.1 cm by 1.2–2.1 mm. Flowers imperfect: staminate flowers with sterile carpels centrally, sepals erect, 5.5–10 by 3.8–5.2 mm, petals without claws, 6–8.4 by 4–6 mm, stamens 6, filaments glabrous, cylindric, anthers linear, apex round acute; carpellate flowers with ring of sterile stamens, sepals erect in flower and fruit, 4.5–10 mm, petals without claws, 0.8–1 by 0.5–0.7 cm. Fruit aggregate 0.5–1.8 cm diam, achenes oblanceolate, beaked, keeled, 1.7–2.2 by 1.2–1.5 mm, faces tuberculate, without glands, with 1–3 lateral wings, margins echinate, beak lateral, erect, 0.2–0.6 mm long.",general,EN,R.R. Haynes,,Forest Herbarium,2021-07-31,Rachun Pooma,ref-THA-0000770507,7,3,"Sagittaria guayanensis lappula. Flora of Thailand. Vol. 7. Part 3, 2001. Pg. 356. Accessed 2021-07-31",All rights reserved,Forest Herbarium,https://botany.dnp.go.th/eflora/florainfra.html?tdcode=02518
wfo-0000771081,"Glabrous or sparsely pubescent herbs to 100 cm tall; corms to 2.5 by 3 cm; stolons to 18 by 0.3 cm, often terminated by tubers, tubers elongate, ca 5–7 cm long. Leaves submerged, floating or emerged; submerged leaves phylloidial, sessile, to 15 by 0.7 cm; floating leaves petiolate, the petioles terete, to 28 cm long, the base with sheaths to 7 cm long, the blades green-brown, mostly sagittate, 3–5.5 by 0.9–1.5 cm, with 3–5 veins, the apex obtuse to acute, the basal lobes 0.7–1.4 cm long, with 1–2 veins, tips separated by 0.4–0.9 cm; emerged leaves petiolate, petiole triangular, to 80 cm by 1.5–3 mm, base with sheath to 20 cm, blades green-brown, sagittate, 3.5–16 by 1.2–8 cm, veins 5–9, apex acute, the basal lobes 4.5–15 cm long with 1–4 veins, tips separated by 1.5–23 cm. Inflorescence a simple or rarely paniculate scape of 2–10 whorls, emergent, 4–35 by 0.7–15 cm, whorls with 3 flowers; peduncles triangular, 5–30 cm by 1.1–3 mm; staminate bracts separate, lanceolate to linear, delicate, 2–4 mm long, apex acute; carpellate bracts separate, broadly lanceolate, delicate, ca 5 mm long, apex round acute; staminate pedicels spreading to erect, cylindric, glabrous 5–10 by ca 0.2 mm; carpellate pedicels erect to spreading, in flower and fruit, cylindric, glabrous, 0.5–1 cm by ca 0.3 mm. Flowers imperfect; staminate flowers without sterile carpels centrally, sepals erect to reflexed, ca 3 by 2 mm, the petals clawed, 0.8–1.3 by 0.7–0.9 cm, stamens numerous, filaments glabrous, cylindric, anthers linear, apex round acute; carpellate flowers without ring of sterile stamens, sepals erect in flower and fruit, ca 3 by 2 mm, petals clawed, 0.8–1 by 0.5–0.9 cm, claw purple to red, ca 1.5 mm long. Fruit aggregate ca 0.9 cm diam; achenes oblanceolate, beaked, keeled, ca 2.5 by ca 1.5 mm, faces etuberculate, with 0–3 glands, without lateral wings, margins entire, beak lateral, erect, 0.3–0.4 mm long.",general,EN,R.R. Haynes,,Forest Herbarium,2021-07-31,Rachun Pooma,ref-THA-0000771081,7,3,"Sagittaria sagittifolia leucopetala. Flora of Thailand. Vol. 7. Part 3, 2001. Pg. 358. Accessed 2021-07-31",All rights reserved,Forest Herbarium,https://botany.dnp.go.th/eflora/florainfra.html?tdcode=02520
wfo-0001100626,"Herb to 30 cm, often much branched and spreading; glabrous throughout. Stem 3 winged. Leaves broadly triangular to cordate, base truncate to cordate, apex acute and mucronate, margin entire or slightly sinuate, 3–5(–7) veined; petioles 1–3 mm; largest leaf 9–24 by 8–16 mm, length:width ratio 1.0–1.7. Inflorescence 1–11 cm; bracts 0.6–1.0 mm. Flowers pink-purple, occasionally yellow; sepals 0.4–0.6 mm, almost equal; corolla 1.8–2.5 mm. Capsule 1.5–2.2 mm by 0.8–1.3 mm, faces with ? prominent reticulate venation and sometimes with erect minute hairs; 4–14 straight or slightly hooked spines on each locule margin, up to 0.1–0.7 mm long.",general,EN,C.A. Pendry,,Forest Herbarium,2021-07-31,Rachun Pooma,ref-THA-0001100626,7,3,"Salomonia cantoniensis. Flora of Thailand. Vol. 7. Part 3, 2001. Pg. 521. Accessed 2021-07-31",All rights reserved,Forest Herbarium,https://botany.dnp.go.th/eflora/floraspecies.html?tdcode=02705
wfo-0001242094,"Herb to 30 cm, branched or not. Stem angular, glabrous or with scattered hairs. Leaves sessile to very shortly petiolate (to 0.5 mm), ovate to oblong, base rounded to cuneate, apex mucronate, acute to acuminate, basal leaves sometimes orbicular, margin entire or occasionally slightly ciliate; largest leaf 4–12 mm by 1–4 mm, length:width ratio 2.5 to 9. Inflorescence 1–8 cm; bracts 0.8–1.4 mm. Flowers pink or occasionally white; sepals 0.8–1.4 mm; corolla 1.8–2.3 mm. Capsule 1.5–2.0 mm by 0.6–0.9 mm, faces glabrous or with minute erect hairs; 5–9 straight or slightly hooked spines on each locule margin, up to 0.3–0.7 mm long.",general,EN,C.A. Pendry,,Forest Herbarium,2021-07-31,Rachun Pooma,ref-THA-0001242094,7,3,"Salomonia ciliata. Flora of Thailand. Vol. 7. Part 3, 2001. Pg. 522. Accessed 2021-07-31",All rights reserved,Forest Herbarium,https://botany.dnp.go.th/eflora/floraspecies.html?tdcode=02706
wfo-0000503496,"Erect herb to 30 cm, usually little-branched; glabrous throughout. Stem angular to strongly 3-winged. Leaves sessile or shortly petiolate (to 1 mm), broadly cordate, apex acute and mucronate, margin entire, 5–7-veined; largest leaf 4–10 mm by 4–12 mm, length:width ratio 0.8–1.0. Inflorescence 1–17 cm; bracts 0.7–1.0 mm. Flowers pink; sepals 0.4–0.6 mm, almost equal; corolla pink, 2.0–2.7 mm. Capsule 2.3–2.8 mm by 1.1–1.5 mm, with ? appressed spine-like appendage on the faces of each locule, faces glabrous or with minute erect hairs; 6–9 spines on each locule margin, up to 0.7–0.8 mm long, markedly hooked or coiled.",general,EN,C.A. Pendry,,Forest Herbarium,2021-07-31,Rachun Pooma,ref-THA-0000503496,7,3,"Salomonia kradungensis. Flora of Thailand. Vol. 7. Part 3, 2001. Pg. 522. Accessed 2021-07-31",All rights reserved,Forest Herbarium,https://botany.dnp.go.th/eflora/floraspecies.html?tdcode=02707
wfo-0000503494,"Herb to 25 cm. Stem ridged to strongly 3-winged, ciliate, branched or not. Leaves sessile to shortly petiolate (to 1 mm), ovate to obovate, base rounded to cuneate, apex rounded to acute, basal leaves orbicular, margin ciliate; largest leaf 6–15 mm by 4–10 mm, length:width ratio 1.0 to 2.4. Inflorescence 1–6 cm; bracts 0.9–1.4 mm. Flowers pink to purple; sepals 0.8–1.7 mm; corolla 1.8–2.5 mm. Capsule 1.5–2.0 mm by 0.7–1.1 mm, faces of lower locule with ?appressed spine-like appendage(s); faces both locules with minute erect hairs; 5–9 hooked spines on each locule margin, to 0.2–0.9 mm.",general,EN,C.A. Pendry,,Forest Herbarium,2021-07-31,Rachun Pooma,ref-THA-0000503494,7,3,"Salomonia longiciliata. Flora of Thailand. Vol. 7. Part 3, 2001. Pg. 523. Accessed 2021-07-31",All rights reserved,Forest Herbarium,https://botany.dnp.go.th/eflora/floraspecies.html?tdcode=02708
wfo-0000503511,"Herb to 25 cm. Stem ridged, glabrous, branched or not. Leaves sessile, elliptic or lanceolate, base rounded-acute, apex acuminate, margin entire; largest leaf 10 mm by 3.5–4 mm, length:width ratio 2.5–2.9. Inflorescence 1–10 cm; bracts 0.7–1.2 mm. Flowers pink or violet; sepals 0.6–1.0 mm; corolla, 2.5–3.5 mm. Capsule 2.1–2.2 mm by 1.1 mm, faces of lower locule with ?appressed spine-like appendage(s); faces of both locules with minute erect hairs; 5–8 hooked or coiled spines on each locule margin, up to 1.3–2.0 mm.",general,EN,C.A. Pendry,,Forest Herbarium,2021-07-31,Rachun Pooma,ref-THA-0000503511,7,3,"Salomonia thailandica. Flora of Thailand. Vol. 7. Part 3, 2001. Pg. 523. Accessed 2021-07-31",All rights reserved,Forest Herbarium,https://botany.dnp.go.th/eflora/floraspecies.html?tdcode=02709
wfo-0001083366,"Terrestrial herb, 2–40 cm tall, with a perennial rhizome and annual stems, leaves sometimes spotted white, stem fleshy, occasionally corky, quadrangular to winged, sometimes rooting at the nodes, glabrous. Leaves of a pair sometimes slightly unequal in size, elliptic, larger ones (1.7–)3.5–9(–13.3) x 0.8–6 cm, smaller ones 1.2–6 x 0.6–5 cm, base attenuate to broadly rounded, apex acuminate or acute, margin entire or serrulate, lamina with 1(–2) pair(s) of lateral primary veins, glabrous or with a few hairs and minute sessile glands, petioles 0.4–4(–6) cm long. Inflorescences terminal or axillary few-flowered fascicles, peduncle 1–2(–8) cm long. Flowers 4-merous, bracts leaf-like, pedicels 1–12(–20) mm long. Hypanthium campanulate, usually 4-winged, 1.4–2.5(–4) mm long. Petals broadly obovate, 5–13 mm long, apiculate, glabrous, pink. Stamens 8, isomorphic, anthers 1–2 mm long, yellow, connective with a dorsal spur 0.6–1.2 mm long (<a href=""../image/flora/7/MELA_Fig42.jpg"" target=_blank >Fig. 402C</a>). Ovary 4-locular, fully united with the hypanthium for half its length, apically deeply depressed and with a crown of 4 thick lobes, glabrous or with minute sessile glands. Capsules quadrangular, 4–7 mm long, crowned by a tetrapterous disk; calyx lobes persistent and forming a 2–5 mm broad protruding fringe (<a href=""../image/flora/7/MELA_Fig42.jpg"" target=_blank >Fig. 42D & E</a>).",general,EN,"S.S. Renner, G. Clausing, N. Cellinese, K.Meyer",,Forest Herbarium,2021-07-31,Rachun Pooma,ref-THA-0001083366,7,3,"Sarcopyramis nepalensis. Flora of Thailand. Vol. 7. Part 3, 2001. Pg. 480. Accessed 2021-07-31",All rights reserved,Forest Herbarium,https://botany.dnp.go.th/eflora/floraspecies.html?tdcode=02667
wfo-0000492035,"Tree, up to 30 m high, 200 cm girth; always straight bole; bark grey, fissured and scaly, inner bark whitish; twigs stout, pubescent, with prominently raised, large leaf scars. Stipules subulate, caducous. Leaves heart-shaped, 15–22 x 12–14 cm, apex broadly acute to subrounded, base deeply cordate, coriaceous, glabrescent; 3(–7) nerves at base, scalariform veins prominent on lower surface. Petiole 3–5 cm long, usually swollen at both ends. Inflorescences in upper leaf scars and terminal, lax, slightly pendulous, up to 20 cm long. Buds ovate, 5 x 4–7 mm, pubescent. Sepals 5, scarcely united at base, 5–8 x 3-4 mm, pubescent externally. Stamens 8–10–15; staminodes 8–10. Ovary with 5 free carpels in female flowers, glabrous, at the end of androgynophore. Fruit a large follicle, 15–20 x 4–4.5 cm, soon dehiscing after fertilization, boat-shaped and membranous. Seed pubescent, wingless.",general,EN,C. Phengklai,,Forest Herbarium,2021-07-31,Rachun Pooma,ref-THA-0000492035,7,3,"Scaphium linearicarpum. Flora of Thailand. Vol. 7. Part 3, 2001. Pg. 621. Accessed 2021-07-31",All rights reserved,Forest Herbarium,https://botany.dnp.go.th/eflora/floraspecies.html?tdcode=02794
wfo-0000734154,"Tree, up to 35 m high, 250 cm girth; always straight bole; buttresses up to 7 m; bark grey, dippled and scaly, inner bark whitish; twigs stout, glabrescent, with prominently raised, large leaf scars. Stipules subulate, caducous. Leaves ovate to ovate-oblong, young leaves on saplings sometimes tri-lobed, 15–24 x 5–11 cm, apex acute to acuminate, base obtuse to truncate, subcoriaceous, glabrescent; 3-nerved at base, scalariform veins prominent on lower surface. Petiole 5–12 cm long, usually swollen at both ends. Inflorescences axillary and terminal, rather dense, up to 20 cm long, erect. Buds ovate, 5 x 4–7 mm, pubescent. Sepals 5, slightly united at base, 5–8 x 3–4 mm, pubescent. Stamens 10–15; anthers 2-celled; staminodes 8–10. Ovary with 5 free carpels in female flowers, glabrous, at the end of the androgynophore. Fruit a large follicle, 14–22 x 3–5 cm, soon dehiscing, boat-shaped and membraneous. Seed pubescent, wingless.",general,EN,C. Phengklai,,Forest Herbarium,2021-07-31,Rachun Pooma,ref-THA-0000734154,7,3,"Scaphium scaphigerum. Flora of Thailand. Vol. 7. Part 3, 2001. Pg. 623. Accessed 2021-07-31",All rights reserved,Forest Herbarium,https://botany.dnp.go.th/eflora/floraspecies.html?tdcode=02795
wfo-0001244534,"Nodal glands protruding to somewhat inconspicuous. Leaves ovate to obovate, but usually oblong; apex shortly acuminate, base cuneate to rounded; 4–14 by 2–6 cm, length:width ratio 1.4 to 3.1; margin occasionally slightly inrolled; midrib sunken on the upper surface; sparsely pubescent on upper and lower surfaces, denser on the lower, petioles slightly pubescent, to 1.1 mm. Inflorescence pubescent, 5–30 cm; bracts pubescent, ca 1 mm, early caducous. Flowers pink to purple; pedicel 8–12 mm; outer sepals ovate to orbicular, ciliate, sparsely to densely pubescent, ca 2 mm by 2 mm; alae ovate to orbicular, glabrous or occasionally pubescent on the inside at the base, 5–6 mm; upper petals spathulate, ca 5 mm, the boat-shaped keel up to 8 mm, including the apical crest. Stamens free for a quarter to a half of their length. Samara wing up to 85 mm by 25 mm, green or somewhat reddish. Seed ellipsoid.",general,EN,C.A. Pendry,,Forest Herbarium,2021-07-31,Rachun Pooma,ref-THA-0001244534,7,3,"Securidaca inappendiculata. Flora of Thailand. Vol. 7. Part 3, 2001. Pg. 524. Accessed 2021-07-31",All rights reserved,Forest Herbarium,https://botany.dnp.go.th/eflora/floraspecies.html?tdcode=02711
wfo-0000161994,"Slender herb, 20–30 cm tall, the stem subangular, glabrous and tinged purplish tan, the internodes to 6 cm long. Leaves mostly clustered at nodes, those of a pair isomorphic, obovate or broadly rounded, (1.2–)3–5 x 1.5–2(–4) cm, sessile or petiolate, the petiole to 2 cm long, base rounded or attenuate, apex acute, margin denticulate and ciliate, lamina pinnately veined with 2–4 pairs of lateral primary veins departing above the blade base, above sparsely fine pilose, the hairs 1–2 mm long (as also along the leaf margin), often with white stripes along the midrib and veins, below glabrous and reddish-purple or green. Inflorescence a terminal scorpioid cyme with 3–9 flowers, peduncle 3–5.5 cm long, glabrous. Hypanthium campanulate, 4–5 mm long and 2–2.2 mm in diam., glabrous; calyx lobes broadly triangular, about 1 mm long; pedicels 2–3 mm long. Petals elliptic and shortly acuminate, 1–1.3 cm long, purple. Stamens 3, 4.5–5 mm long, cordate or bilobed at the base, yellow. Capsule cylindrical or with six inconspicuous longitudinal ribs, 5–6 mm long, crowned by the persistent calyx lobes, smooth and glabrous.",general,EN,"S.S. Renner, G. Clausing, N. Cellinese, K.Meyer",,Forest Herbarium,2021-07-31,Rachun Pooma,ref-THA-0000161994,7,3,"Sonerila calophylla. Flora of Thailand. Vol. 7. Part 3, 2001. Pg. 483. Accessed 2021-07-31",All rights reserved,Forest Herbarium,https://botany.dnp.go.th/eflora/floraspecies.html?tdcode=02669
wfo-0001280639,"An erect, usually much-branched herb, 5–50 cm tall, branchlets ± quadrangular, glandular-pilose or puberulous. Leaves distributed along the branchlets, those of a pair isomorphic, thinly membranous, elliptic-oblong, lanceolate, or linear, 0.6–3 x 0.4–2 cm, base acute, cuneate, or attenuate, apex acute or rounded, margin finely serrate or remotely coarsly ciliate, with 1(–2) pair(s) of lateral primary veins departing from the blade base, sparsely setose on the upper surface, more densely so below, or glabrous, petioles 0.2–0.4 cm long. Inflorescence a terminal cincinnus to 11 cm long, 3–7 flowered with the flowers arranged in two rows, peduncle 0.5–1.5 cm long, hairy. Hypanthium very slender, cylindrical, 3.5–6 mm long, sparsely glandular-setose; calyx lobes ovate-triangular, 1–1.5 mm long; pedicels 1–3 mm long. Petals ovate, 4–5(–7) mm long, pink. Stamens 3, anthers ca 2.5 mm long, yellow. Capsule cylindrical and slender, 6–11 mm long and ca 2.3 mm wide, obtusely ribbed, smooth, sometimes sparsely pilose.",general,EN,"S.S. Renner, G. Clausing, N. Cellinese, K.Meyer",,Forest Herbarium,2021-07-31,Rachun Pooma,ref-THA-0001280639,7,3,"Sonerila erecta. Flora of Thailand. Vol. 7. Part 3, 2001. Pg. 484. Accessed 2021-07-31",All rights reserved,Forest Herbarium,https://botany.dnp.go.th/eflora/floraspecies.html?tdcode=02670
wfo-0000162034,"A slender acaulescent herb or with a short succulent or rhizomatous stem, 4–10(–15) cm tall, the stem sparsely minute-setose, sometimes winged, the wings drying transparently. Leaves often forming a basal rosette, sometimes opposite, membranous, those of a pair subisomorphic, ovate or elliptic, 2.5–8 x 2–4.5 cm, base usually rounded, apex acute or obtuse, margin denticulate and finely ciliate, ± distinctly pinnately veined, with 24 pairs of lateral primary veins departing from near the base and up to half way up the blade, with scattered bristly hairs above, subglabrous beneath, often purplish red, petioles 0.8–2.5 cm long, sparsely pilose. Inflorescence a terminal 3–6-flowered umbelliform cyme, the peduncle 4–7 cm long. Hypanthium campanulate oblong, 4–7 mm long, sparsely setose; calyx lobes broadly triangular, about 1 mm long; pedicels ca 3 mm long. Petals elliptic, acute, about 7–17 mm long, pink or lavender. Stamens 3, anthers 6–9 mm long, long attenuate and basally deeply cordate, yellow. Capsule ovoid to cylindrical, obtusely or distinctly ribbed, 4–6 mm long, smooth.",general,EN,"S.S. Renner, G. Clausing, N. Cellinese, K.Meyer",,Forest Herbarium,2021-07-31,Rachun Pooma,ref-THA-0000162034,7,3,"Sonerila griffithii. Flora of Thailand. Vol. 7. Part 3, 2001. Pg. 486. Accessed 2021-07-31",All rights reserved,Forest Herbarium,https://botany.dnp.go.th/eflora/floraspecies.html?tdcode=02671
wfo-0000162040,"Branched woody subshrub, to 30 cm tall, stem terete, densely reddish pilose. Leaves distributed along the stem or crowded at the tips of branchlets, isomorphic and rather thick (for the genus), ovate, 1–3.5 x 0.6–2.5 cm, base acute or obtuse, apex acute, margin minutely serrulate, lamina with 1(–2) pair(s) of lateral primary veins arising at the blade base, on both surfaces reddish-pilose, especially on the nerves below, petioles 0.5–2 cm long, densely pubescent. Inflorescence an axillary 6–8-flowered cyme, peduncle 1.2–2.5 cm long, densely pubescent. Hypanthium cylindrical, 4–6 mm long and 3–4 mm in diam., covered by minute hairs; calyx lobes triangular, ca 1.2 mm long; pedicels 1.5–4 mm long. Petals elliptic, 9.5–11 mm long, pink. Stamens 3, anthers 7–8 mm long, basally deeply cordate, yellow. Capsule funnel-shaped, 6–9 mm long, smooth and reddish-pilose.",general,EN,"S.S. Renner, G. Clausing, N. Cellinese, K.Meyer",,Forest Herbarium,2021-07-31,Rachun Pooma,ref-THA-0000162040,7,3,"Sonerila helferi. Flora of Thailand. Vol. 7. Part 3, 2001. Pg. 487. Accessed 2021-07-31",All rights reserved,Forest Herbarium,https://botany.dnp.go.th/eflora/floraspecies.html?tdcode=02672
wfo-0001238701,"Branched semi-woody subshrub, to 40 cm tall, stem angular, densely brown-pilose. Leaves distributed along the stem, chartaceous, those of a pair strongly anisomorphic, plants sometimes appearing as altemate-leaved, large leaves lanceolate, 12–20 x 4–8 cm base slightly asymmetric, apex acute or acuminate, small leaves ovate, 0.5–1 x 0.5–1 cm, the margin entire, sometimes with widely spaced mnute setae, the lamina with 2 pairs of lateral primary veins arising at the blade base, the outer (submarginal) pair very faint, lamina on both surfaces glabrous except for the minutely strigulose nerves below, petioles 2.5–3.5 cm long, brown pubescent, the hairs sometimes to 5 mm long and curled. Inflorescence an axillary unilateral cyme with 16–20 sessile flowers in two rows, the peduncle 1–2 cm long, sparsely pubescent. Hypanthium broadly campanulate or ovoid, 3–4 mm long and 4–6 mm in diam., glabrescent; calyx lobes triangular, 1 mm long; pedicels 3–4 mm long, with sparse spreading glandular hairs. Petals elliptic or oblong, about 6 mm long, pink. Stamens 3, anthers 2.3–3 mm long, basally deeply cordate, yellow. Capsule broadly campanulate or semiglobose, 3.5–4.8 mm long, glabrous, with minute pustules.",general,EN,"S.S. Renner, G. Clausing, N. Cellinese, K.Meyer",,Forest Herbarium,2021-07-31,Rachun Pooma,ref-THA-0001238701,7,3,"Sonerila integrifolia. Flora of Thailand. Vol. 7. Part 3, 2001. Pg. 487. Accessed 2021-07-31",All rights reserved,Forest Herbarium,https://botany.dnp.go.th/eflora/floraspecies.html?tdcode=02673
wfo-0001081790,"Erect branched or unbranched herb (sometimes drying somewhat woody), 20–60 cm tall, rarely appearing creeping due to vegetative reproduction, stem quadrangular, often ± winged, covered with 2–3 mm long whitish hairs or furfuraceous-puberulous, often reddish. Leaves crowded and in a rosette or distributed along the stem, those of a pair subequal, membranous, elliptic, oblong or lanceolate, 2.5–11 x 2–5.5 cm, base cuneate, acute, or slightly rounded, sometimes asymmetrically attenuate, apex acute or acuminate, margin coarsely serrate or serrulate, minutely ciliate, lamina with 2–3 pairs of lateral primary veins, the innermost pair departing 1–2.5 cm above the blade base, the cross-veins inconspicuous, glabrous or with some hairs on the veins, often with white spots on the lamina or with white streaks along the midrib, petioles 1–5(–9) cm long, minutely pilose or subglabrous. Inflorescence a terminal or axillary scorpioid cyme with up to 15 flowers, peduncle 3–9 cm long, with scattered short hairs. Hypanthium obconical, 4–7 mm long, covered with minute glands; calyx lobes triangular, 1–1.5 mm long; pedicels 3–4 mm long. Petals ovate or oblong, 8–10 mm long, pink. Stamens 3, anthers 5–10 mm long, bilobed at the base, yellow. Capsule obpyramidal or funnel shaped, obtusely 6-ribbed, 4–7 mm long, on a 3–4 mm long tapering stalk, glabrous or rarely setose.",general,EN,"S.S. Renner, G. Clausing, N. Cellinese, K.Meyer",,Forest Herbarium,2021-07-31,Rachun Pooma,ref-THA-0001081790,7,3,"Sonerila maculata. Flora of Thailand. Vol. 7. Part 3, 2001. Pg. 488. Accessed 2021-07-31",All rights reserved,Forest Herbarium,https://botany.dnp.go.th/eflora/floraspecies.html?tdcode=02674
wfo-0000162077,"Low rhizomatous herb, to 20 cm tall, stem quadrangular, entire plant softly reddish long-pilose, except for the upper leaf surfaces. Leaves crowded at stem apices, those of a pair dimorphic and asymmetric, obliquely oblong or ovate, 6–14 x 3–7.5 cm, base asymmetric, auriculate on one side, apex acuminate, margin serrulate and ciliate, lamina with 2–3 pairs of lateral primary veins departing above the blade base, above sparsely pilose or glabrous, below on the nerves densely appressed pilose with reddish hairs, petioles 15–4 cm long, setose. Inflorescence a terminal or axillary cincinnus to 11 cm long, with few to many flowers in two rows, peduncle 0.5–6 cm long, with two small bracts at the base. Hypanthium cylindrical to campanulate, 3–4 mm long, muricate; calyx lobes ovate-triangular, 1 mm long; pedicel 1–4 mm long, glabrous. Petals ovate to oblong, 6–7 mm long, white or pink. Stamens 3, anthers 2.5–3 mm long, yellow. Capsule broadly campanulate or ovoid, 4–6 mm long (excluding the 2–4 mm long stalk), muricate with whitish pustules or tubercles.",general,EN,"S.S. Renner, G. Clausing, N. Cellinese, K.Meyer",,Forest Herbarium,2021-07-31,Rachun Pooma,ref-THA-0000162077,7,3,"Sonerila moluccana. Flora of Thailand. Vol. 7. Part 3, 2001. Pg. 490. Accessed 2021-07-31",All rights reserved,Forest Herbarium,https://botany.dnp.go.th/eflora/floraspecies.html?tdcode=02675
wfo-0000162091,"Succulent herb, 15–45 cm tall, stem subquadrangular, glabrous. Leaves distributed along the stem, those of a pair somewhat dimorphic, thinly membranous, ovate to oblong, 4–10 x 3–6 cm, base asymmetrically cuneate, apex acuminate, margin entire or minutely serrulate, laming with 2–3 pairs of lateral primary veins arising at or near the blade base, the numerous pairs of transversal secondary veins in regularly spaced parallel rows and distinctly visible on both surfaces, subglabrous and often drying dark green with white spots on the upper side and pale green with purplish veins on the lower, petioles 2–3 cm long. Inflorescence an axillary or pseudoterminal scorpioid cyme, 2–5.5 cm long and with up to 20 flowers in two rows, peduncle 1–1.5 cm long, glabrous or furfuraceous. Hypanthium ovoid to broadly campanulate, 4–5 mm long; calyx lobes broadly triangular, pedicels < 1 mm long. Petals obovate, 6–8 mm long, pale violet to pink. Stamens 6, anthers 3.5–4 mm long, outer stamens straight and purple, base unappendaged, inner stamens curved and yellow, bilobed at the base, connective dorso-basally minutely spurred. Capsule obpyramidal, 4–7 mm long, smooth.",general,EN,"S.S. Renner, G. Clausing, N. Cellinese, K.Meyer",,Forest Herbarium,2021-07-31,Rachun Pooma,ref-THA-0000162091,7,3,"Sonerila obliqua. Flora of Thailand. Vol. 7. Part 3, 2001. Pg. 492. Accessed 2021-07-31",All rights reserved,Forest Herbarium,https://botany.dnp.go.th/eflora/floraspecies.html?tdcode=02676
wfo-0001083386,"Succulent herb, to 40 cm tall, sometimes creeping, thick-succulent stem (to 9 mm in diam.) elongate and early-defoliate, terete, glabrous. Leaves usually crowded at the end of the stem, those of a pair subisomorphic or dimorphic in size, thinly-membranous, rotundate, 8–18 x 5–10 cm, base symmetrically deepely cordate or emarginate, apex acuminate, margin setose-serrulate, lamina with 2–4 pairs of lateral primary veins departing near and slightly above the blade base, cross-veins inconspicuous, glabrous, petioles 4–10 cm long, distinctly winged, glabrous. Inflorescence a terminal scorpiod cyme with up 5–8 flowers, peduncle 3–9 cm long, with scattered short hairs. Hypanthium cylindrical, 6–7 mm long; calyx lobes triangular, ca 1 mm long; pedicels 3–4 mm long. Petals ovate or oblong, 10–11 mm long, pink. Stamens 3, anthers 7–8 mm long, apically long attenuate, basally deeply cordate, yellow. Capsule ovoid or cylindrical, obtusely ribbed, 7–8 mm long and apically 5 mm wide, glabrous.",general,EN,"S.S. Renner, G. Clausing, N. Cellinese, K.Meyer",,Forest Herbarium,2021-07-31,Rachun Pooma,ref-THA-0001083386,7,3,"Sonerila plagiocardia. Flora of Thailand. Vol. 7. Part 3, 2001. Pg. 493. Accessed 2021-07-31",All rights reserved,Forest Herbarium,https://botany.dnp.go.th/eflora/floraspecies.html?tdcode=02677
wfo-0000162118,"Acaulescent glabrous herb, ca 22 cm tall, with a short bulbous rhizome. Leaves usually few, membranaceous, ovate, 2.8–8.3 x 1.6–4.5 cm, base obliquely truncate to subcordate, apex acute, margin denticulate, lamina with 3–5 pairs of lateral primary veins departing at the blade base, glabrous, nerves reddish, upper surface dark green, lower surface pale green, petioles subquadrangular, 6–12.3 cm long. Inflorescence a 3–9-flowered umbel, the peduncle 5–10 cm long. Hypanthium cylindric, 3–4 long and 2 mm in diam.; calyx lobes triangular, less than 1 mm long; pedicels ca 3 mm long, with few stiff bristly hairs, glabrescent. Petals elliptic with an acuminate tip, 0.8–1.2 x 0.5–0.6 cm, pink. Stamens 3, anthers 5–8 mm long, pale yellow, slender and attenuate, pollen sacs prolonged and free at the base. Capsule globose, about 4 x 3 mm large.",general,EN,"S.S. Renner, G. Clausing, N. Cellinese, K.Meyer",,Forest Herbarium,2021-07-31,Rachun Pooma,ref-THA-0000162118,7,3,"Sonerila rheedei. Flora of Thailand. Vol. 7. Part 3, 2001. Pg. 493. Accessed 2021-07-31",All rights reserved,Forest Herbarium,https://botany.dnp.go.th/eflora/floraspecies.html?tdcode=02678
wfo-0000162137,"Woody, coarsely setose subshrubs, to 50 cm tall, stem subquadrangular, reddish, and densely setose with 2–3 mm long thin hairs. Leaves distributed along the stem, those of a pair isomorphic, membranous, elliptic to lanceolate, 1.8–3 x 0.5–1.5 cm, subsessile, base cuneate, apex acute, margin serrulate, lamina with 1 pair of inconspicuous lateral primary veins departing at the blade base, transverse veins inconspicuous, glabrous, the lower surface drying much paler than the upper surface. Inflorescence a 2–3-flowered raceme, 2–5 cm long, the peduncle 1–2 cm long, glabrous. Hypanthium campanulate, 0.8–1 cm long, glabrous; calyx lobes broadly triangular, 1.5–2 mm long; pedicels 0.5–1 mm long. Petals obovate, ca 1.5 cm long. Stamens 3, anthers 1.8–2 cm long, bilobed at the base, yellow. Capsule unknown.",general,EN,"S.S. Renner, G. Clausing, N. Cellinese, K.Meyer",,Forest Herbarium,2021-07-31,Rachun Pooma,ref-THA-0000162137,7,3,"Sonerila spectabilis. Flora of Thailand. Vol. 7. Part 3, 2001. Pg. 495. Accessed 2021-07-31",All rights reserved,Forest Herbarium,https://botany.dnp.go.th/eflora/floraspecies.html?tdcode=02679
wfo-0001237633,"Erect, branched herb, to 50 cm tall, basally slightly woody, stem subterete, glandular-pilose mainly along two opposite longitudinal lines. Leaves distributed along the stem, those of a pair subisomorphic, membranous, lanceolate, 1.2–4.3 x 0.6–1.5 cm, base acute or attenuate, apex acute to acuminate, margin serrulate and ciliate, lamina with 1 pair of lateral primary veins departing at the blade base, transverse veins inconspicuous, sparsely covered by minute glands, petioles 0.2–0.9 cm long, with sparse glandular hairs. Inflorescence a terminal 2–7-flowered scorpioid cyme, about 3 cm long, the peduncle 2.5–5.3 cm long, subtended by two asymmetrical bracteoles. Hypanthium suburceolate, about 6.5 mm long and 3 mm in diam.; calyx lobes triangular, ca 1 mm long; pedicels 2–3 mm long. Petals ovate with an acuminate tip, about 1.3 x 0.6 cm, purple. Stamens 3, anthers 10–13 mm long, yellow, pollen sacs with a distinct apical constriction, slightly prolonged and free at their base. Capsule urceolate, 8–9 mm long, crowned by the persistent calyx lobes, smooth.",general,EN,"S.S. Renner, G. Clausing, N. Cellinese, K.Meyer",,Forest Herbarium,2021-07-31,Rachun Pooma,ref-THA-0001237633,7,3,"Sonerila urceolata. Flora of Thailand. Vol. 7. Part 3, 2001. Pg. 495. Accessed 2021-07-31",All rights reserved,Forest Herbarium,https://botany.dnp.go.th/eflora/floraspecies.html?tdcode=02680
wfo-0000162161,"Somewhat succulent rhizomatous herb, 10–18 cm tall, the stem thick and covered with conspicuous 4–6 mm long, reddish-brown setae, especially at the nodes. Leaves crowded near the ends of branches, thin-chartaceous, those of a pair isomorphic, ovate or elliptic-ovate, 3–8(–11) 1.5–4(–7) cm, base obtuse or cuneate, apex acute or obtuse, margin finely serrate, lamina in small leaves pinnately veined, in large leaves with 2–3 pairs of lateral primary veins arising at or above the blade base, above with sparse minute bristly hairs, below ± glabrous and often drying reddish or purplish, petioles 1–7 cm long. Inflorescences scorpioid cymes borne in the upper leaf axils, 1–9-flowered, peduncle 2–9 cm long. Hypanthium campanulate, 5–6 mm long; calyx lobes triangular, about 1 mm long; pedicels 2–3 mm long. Petals oblong or ovate, acuminate, 0.8–1 cm long, purple. Stamens 3, anthers 3.5–6 mm long, cordate at the base, yellow. Capsule narrowly funnel-shaped, 6–7 mm long, smooth.",general,EN,"S.S. Renner, G. Clausing, N. Cellinese, K.Meyer",,Forest Herbarium,2021-07-31,Rachun Pooma,ref-THA-0000162161,7,3,"Sonerila violifolia. Flora of Thailand. Vol. 7. Part 3, 2001. Pg. 497. Accessed 2021-07-31",All rights reserved,Forest Herbarium,https://botany.dnp.go.th/eflora/floraspecies.html?tdcode=02681
wfo-0000313527,"Fronds rounded or pointed at apex, 3–10 mm long, 1–1.5 times as long as wide, flat or rarely gibbous, sometimes with a red spot in the center of the upper surface; roots up to 3 cm long, 1(–2) perforate the scale. Turions sometimes present, small (1–3 mm long), circular to reniform, brownish to olive, rootless. Flowers very rare, 1–2-ovulate. Fruit 1–1.5 mm long, laterally winged to the top; seed with 12–20 distinct ribs.",general,EN,E. Landolt,,Forest Herbarium,2021-07-31,Rachun Pooma,ref-THA-0000313527,7,3,"Spirodela polyrhiza. Flora of Thailand. Vol. 7. Part 3, 2001. Pg. 397. Accessed 2021-07-31",All rights reserved,Forest Herbarium,https://botany.dnp.go.th/eflora/floraspecies.html?tdcode=02578
wfo-0000491701,"Evergreen tree, 6–20 m high; bark greyish brown, smooth, sparsely lenticelate; twigs cylindrical, rusty red tomentose then glabrescent, leaf scars distinct. Stipules awn-shaped, caducous. Leaves elliptic oblong to obovate-oblong, coriaceous, densely stellate hairy on both surfaces, then glabrous except along midrib and nerves on upper surface, densely hairy on lower surface; 10–30 x 3–15 cm, apex blunt acute, acuminate to caudate, base slightly cuneate or obtuse, secondary nerves 9–17 pairs, arched and anastomosing at margin, midrib, nerves and scalariform veins prominent on under surface and usually depressed on upper surface. Petiole 1–3 cm, swollen at both ends, geniculate, hairy. Inflorescence axillary and terminal, paniculate, lax and pendulous, 10–20 cm long; peduncle and pedicels filiform, the latter 5–15 mm long. Flower buds globose or ovoid, ca 5 x 3–4 mm, densely hairy. Calyx campanulate, 7–10 mm long, lobes ½ or down to base of tube, always cohering by hairs at apex, densely hairy; inner surface of calyx-tube glabrous. Male flowers with 10 stamens; anthers sessile; staminodes 10. Female flowers with 5 free carpels, on a glabrous gynandrophore; each globose, hairy, with 4–8 ovules; styles cohering, densely hairy; stigmas 5-lobed. Follicles (2–3–)5 on one stalk, oblong, narrowed at both ends, curved upward, 5–9 x 2–3 cm, densely dark brown tomentose. Seeds 3–6, ellipsoid, 1–1.5 x 1–1.2 cm, black.",general,EN,C. Phengklai,,Forest Herbarium,2021-07-31,Rachun Pooma,ref-THA-0000491701,7,3,"Sterculia balanghas. Flora of Thailand. Vol. 7. Part 3, 2001. Pg. 626. Accessed 2021-07-31",All rights reserved,Forest Herbarium,https://botany.dnp.go.th/eflora/floraspecies.html?tdcode=02797
wfo-0000491935,"Deciduous tree, up to 20 m high; always with straight bole; bark light to dark brown, finely cracked; twigs reddish brown stellate hairs and prominently raised large leaf scars. Stipules ensiform, caducous. Leaves ovate, elliptic to elliptic-oblong, coriaceous, glabrous except along midrib on upper surface, long stellate hairy on under surface; 10–15 x 7–10 cm; apex broadly acute or rounded with abruptly acuminate; base broadly obtuse or subcordate, secondary nerves 8–12 pairs, straight, and anastomosing at margin. Petiole straight, 3–3.5 cm long, densely tomentose. Inflorescences terminal and at upper leaf scars, paniculate, pendulous, 10–15 cm long, much branched, densely stellate hairy; bracts narrow lanceolate, hairy. Flower buds globose; pedicel 3–4 mm long; hairy. Calyx campanulate to obconical; lobes ca ⅓ of calyx, erect; hairy on both surfaces. Male flowers 10(–12) stamens; anthers sessile; staminodes 10. Female flowers with 5 free ovaries. Ovary globose, pubescent; each locules with 10 ovules; style cohering, pubescent; stigmas 5 lobed. Follicles (3–)5, on one stalk, obovoid or pyriform, leathery, curved upward, densely brown tomentose, 4–10 x 2–5 cm. Seeds 5–10, ellipsoid, brown 11–13 x 5–6 mm.",general,EN,C. Phengklai,,Forest Herbarium,2021-07-31,Rachun Pooma,ref-THA-0000491935,7,3,"Sterculia cordata. Flora of Thailand. Vol. 7. Part 3, 2001. Pg. 626. Accessed 2021-07-31",All rights reserved,Forest Herbarium,https://botany.dnp.go.th/eflora/floraspecies.html?tdcode=02798
wfo-0000491589,"Deciduous tree, up to 30 m high; always with straight clear bole; bark smooth, brownish-grey; twigs stout, pubescent, with prominently raised, large leaf scars. Stipules subulate, caducous. Leaves digitate, with (5–6–7) leaflets, leaflet elliptic or elliptic-oblong, coriaceous, glabrous or glabrescent; 10–20 x 3.5–6 cm, apex acute or cuspidate, base cuneate, secondary nerves arched, anastomosing and conspicuous on both sides; petiolules ca 5 mm long. Petiole 13–20 cm long, glabrous. Inflorescences terminal and at upper leaf scars, always lax, 10–30 cm long. Flower buds ovoid, ca 10 x 5 mm; pedicel 1–1.5 cm long, glabrous. Calyx obconical, 5-lobed; lobes spreading 10–15 x 3–4 mm, hairy especially near apex. Male flowers with 14(–15) stamens on a globose head; staminodes 14. Female flowers with 5 free carpels, each ovate, hairy, with ca 20-ovules; styles cohering, ca 5 mm long, hairy; stigmas 5 lobes or flattened. Follicles (3–)5 kidney-shaped, woody, brick-red and glabrous at maturity, 8–10 x 6–9 cm, dehiscing. Seeds ca 20, cylindrical, 2.5 by 1.3 cm, black.",general,EN,C. Phengklai,,Forest Herbarium,2021-07-31,Rachun Pooma,ref-THA-0000491589,7,3,"Sterculia foetida. Flora of Thailand. Vol. 7. Part 3, 2001. Pg. 628. Accessed 2021-07-31",All rights reserved,Forest Herbarium,https://botany.dnp.go.th/eflora/floraspecies.html?tdcode=02799
wfo-0000491639,"Deciduous tree, up to 20 m high; bark dark grey, smooth; twigs slender, rusty tomentose then glabrescent, distinctly lenticelate and with prominent leaf scars. Stipules lanceolate, stellate hairy, caducous. Leaves elliptic, ovate or obovate, chartacous, glabrous except along midrib on upper surface, glaucous and sparsely stellate hairy by pale indumentum on under surface; 8–14 x 3.5–8.5 cm, apex blunt acute, base obtuse truncate to subcordate, secondary nerves 7–12 pairs, both midrib and nerves reddish brown and prominent on under surface. Petiole 2–3 cm., swollen at both ends and slightly geniculate, glabrescent. Inflorescences axillary and terminal paniculate, slender, up to 10 cm long, pendulous, densely stellate hairy; bracts narrow lanceolate, caducous. Flower buds globose, ca 2 x 2 mm; pedicel 2–3 mm long, hairy. Calyx obconical or campanulate, lobes lanceolate, as long as or up to ¾ of calyx, converging and usually cohering by hairy at apex, hairy on both surfaces; the inner surface of calyx-tube glabrous. Male flowers with 10 stamens; anthers sessile; staminodes 10. Female flowers with 5 free carpels, each globose, hairy, with 2–3 ovules; styles cohering, hairy; stigmas with 5 recurved lobes. Follicles 3–5, obovoid, 3 x 1.5 cm, leathery, curved upward, densely red tomentose outside. Seeds ellipsoid, black.",general,EN,C. Phengklai,,Forest Herbarium,2021-07-31,Rachun Pooma,ref-THA-0000491639,7,3,"Sterculia gilva. Flora of Thailand. Vol. 7. Part 3, 2001. Pg. 630. Accessed 2021-07-31",All rights reserved,Forest Herbarium,https://botany.dnp.go.th/eflora/floraspecies.html?tdcode=02800
wfo-0000491653,"Deciduous tree, up to 15 m high; always with straight bole; bark grey, furrowed; twigs stout, rusty stellate hairy then glabrescent, with prominently raised large leaf scars. Stipules ensiform, caducous. Leaves broadly ovate to ovate-oblong, chartaceous, sparsely hairy on upper surface, long stellate hairy on under surface; 15–18 x 8–9 cm, apex acute or shortly cuspidate; base obtuse to slightly cordate, 3-nerved from base, secondary nerves 8–12 pairs, straight and anastomosing at margin. Petiole 2.5–6 cm, densely dark brown hairy; usually geniculate. Inflorescences terminal and at upper leaf scars, paniculate, erect, 5–13 cm long, nearly unbranched, densely curved hairy. Flower buds ovoid; pedicel 2–3 mm long; hairy. Calyx campanulate, lobes narrow triangular, first cohering at apex then spreading; hairy both surfaces; calyx-tube glabrous inside. Male flowers with 10(–12) stamens; anthers sessile; staminodes 10. Female flowers with (3–)5. Ovary globose with 6 ovules; style cohering, glabrous; stigmas (3-)5 lobes. Follicles (2–3–)5, on one stalk, each ensiform, leathery, densely soft hairy, 7–8 x 2.5–3.5 cm, curved upward, bright red. Seeds 4–6, ellipsoid, 1.5–2 x 1.5 cm, black.",general,EN,C. Phengklai,,Forest Herbarium,2021-07-31,Rachun Pooma,ref-THA-0000491653,7,3,"Sterculia guttata. Flora of Thailand. Vol. 7. Part 3, 2001. Pg. 630. Accessed 2021-07-31",All rights reserved,Forest Herbarium,https://botany.dnp.go.th/eflora/floraspecies.html?tdcode=02801
wfo-0000491627,"Deciduous tree, up to 20 m high; bark smooth, brownish-grey; twigs stout, densely hairy, with prominently raised large leaf scars. Stipules lanceolate, caducous. Leaves palmately lobed, nearly orbicular, in outline, deeply 5–7-lobed; lobes ± 1/1 or more of lamina, coriaceous or subcoriaceous, scabrid on upper surface, soft long-hairy ana glaucous on lower surface; 20–30 x 20–30 cm; apex acuminate to cuspidate; base deeply cordate 5 (7) nerved from base, nerves and veins prominent on lower surface. Petiole 20–30 cm long, hairy then glabrescent. Inflorescence terminal and at upper leaf scars, lax and pendulous, up to 35 cm long, reddish brown hairy. Flower buds ovoid ca 4 x 3 mm; pedicel ca 5 mm long, hairy. Calyx tubular or urceolate, lobes narrow triangular 2–3 x 1 mm, as long as calyx-tube; hairy outside. Male flowers with 10 stamens on a globose head; anthers sessile; staminodes 10. Female flowers with 5 free carpels, each ovoid, hairy, 5–6 ovules, styles cohering, ca 4 mm long, scattered with glandular hairs; stigmas flattened or with 5 lobes. Follicles 3–5, spreading horizontally, oblong, leathery, tomentose, ca 5 x 2 cm, dehiscing. Seeds, 3–5, ovoid, ca 15 x 12 mm, black.",general,EN,C. Phengklai,,Forest Herbarium,2021-07-31,Rachun Pooma,ref-THA-0000491627,7,3,"Sterculia hypochroa. Flora of Thailand. Vol. 7. Part 3, 2001. Pg. 633. Accessed 2021-07-31",All rights reserved,Forest Herbarium,https://botany.dnp.go.th/eflora/floraspecies.html?tdcode=02802
wfo-0001141279,"Evergreen shrub, 1–3 m high; bark brown, smooth, sparsely lenticellate; twigs cylindric, glabrous or glabrescent. Stipules lanceolate, caducous. Leaves oblong or elliptic, chartaceous to subcoriaceous, sparsely hairy then glabrescent; 8–22 by 3.5–6.5 cm, slightly narrow then caudate or cuspidate at apex, base obtuse or slightly cuneate; secondary nerves 10–17 pairs, arched and anastomosing well away from margin, midrib nerves and reticulate veins distinct on under surface. Petiole 1–5 cm, swollen and dark at both end, genicilate, glabrous. Inflorescence axillary on upper leaf scars and terminal, paniculate, pendulous, lax, 5–10 cm long, glabrescent; peduncle and pedicels filiform, the latter 1–2 cm long. Flower buds ovoid, 3–5 x 2–3 mm, glabrescent. Calyx 5, free, spreading, glabrous or glabrescent; sepals ovate-oblong, 6–8 x 1–2 mm. Male flowers with 10 stamens; anthers sessile; staminodes 10. Female flowers with 5 free carpels, each globose, hairy, 5–6 ovuled; styles cohering, hairy; stigmas with 5 reflexed lobes. Follicle (2–3–)5, oblong, narrowed at both ends, leathery, pubescent; 4–8 x 1.5–2 cm, curved upwards, red or dark brown. Seeds 3–5, ellipsoid, 12–15 x 7–8 mm, black.",general,EN,C. Phengklai,,Forest Herbarium,2021-07-31,Rachun Pooma,ref-THA-0001141279,7,3,"Sterculia lanceolata. Flora of Thailand. Vol. 7. Part 3, 2001. Pg. 635. Accessed 2021-07-31",All rights reserved,Forest Herbarium,https://botany.dnp.go.th/eflora/floraspecies.html?tdcode=02803
wfo-0000491851,"This variety differs from var. lanceolata in buds oblong, 7–10 x 3–4 mm; mature flowers obconical; lobes 2–3 times length of calyx-tube, cohering at the tip or sometimes reflexed, calyx hairy on both surfaces, but glabrous on the upper part of tube.",general,EN,C. Phengklai,,Forest Herbarium,2021-07-31,Rachun Pooma,ref-THA-0000491851,7,3,"Sterculia lanceolata coccinea. Flora of Thailand. Vol. 7. Part 3, 2001. Pg. 635. Accessed 2021-07-31",All rights reserved,Forest Herbarium,https://botany.dnp.go.th/eflora/florainfra.html?tdcode=02804
wfo-0001281831,"This variety differs from var. lanceolata in rusty red twigs becoming glabrescent; leaves oblanceolate, up to 32 x 8 cm; calyx lobes 1–1.5 cm long, hairy externally.",general,EN,C. Phengklai,,Forest Herbarium,2021-07-31,Rachun Pooma,ref-THA-0001281831,7,3,"Sterculia lanceolata principis. Flora of Thailand. Vol. 7. Part 3, 2001. Pg. 638. Accessed 2021-07-31",All rights reserved,Forest Herbarium,https://botany.dnp.go.th/eflora/florainfra.html?tdcode=02805
wfo-0000491919,"Deciduous tree, up to 30 m high; always with straight bole; buttresses up to 3 m high; bark smooth, greyish to greyish-brown; twigs stout, first rusty stellate hairy then glabrescent, with prominently raised large leaf scars. Stipules lanceolate, glabrous, caducous. Leaves broadly ovate or heart-shaped, chartaceous to sub-coriaceous, glabrescent, but hairy along nerves on upper surface, densely hairy on lower surface; 16–35 x 13–30 cm, apex blunt or broadly acute, base cordate, 3–(5)-nerved from base, secondary nerves 6–10 pairs, straight and gradually curved near margin, all nerves and scalariform veins prominent on lower surface and depressed on upper surface. Petiole 10–16 cm long, densely tomentose, straight and smooth. Inflorescences terminal and axillary, paniculate, much-branched, erect, 20–40 cm long; branches 2–8 cm long, hairy; bracts lanceolate, caducous. Flower buds globose; pedicels 2–3 mm long. Calyx obconical or campanulate; lobes erect or spreading, as long as calyx-tube, hairy on both surfaces. Male flowers with (5–)10 stamens; anthers sessile; staminodes 10. Female flowers with 5 free carpels, each globose, pubescent, with 2–17 ovules; styles cohering, sparsely hairy; stigmas 5 curved lobes. Follicles with 3–5, globose or ellipsoid, 5–6 x 4.5–5 cm, leathery woody; covered with red or dark brown tomentum. Seeds 1–9, ellipsoid, 12–20 by 8–12 mm, black.",general,EN,C. Phengklai,,Forest Herbarium,2021-07-31,Rachun Pooma,ref-THA-0000491919,7,3,"Sterculia macrophylla. Flora of Thailand. Vol. 7. Part 3, 2001. Pg. 638. Accessed 2021-07-31",All rights reserved,Forest Herbarium,https://botany.dnp.go.th/eflora/floraspecies.html?tdcode=02806
wfo-0001281825,"Evergreen tree, up to 10 m high; twigs slender, glabrous. Stipules awn-shaped, caducous. Leaves broadly elliptic to elliptic-oblong, coriaceous, sparsely hairy then glabrescent on both surfaces; 15–30 6–14 cm, apex broadly acute with shortly acuminate, base obtuse, 3-nerved at base, secondary nerves 8–14 pairs, arched and anastomosing well away from the margin. Petiole 2–5 cm, glabrescent, swollen at both ends, geniculate. Inflorescence axillary and terminal, paniculate, pendulous, up to 30 cm long, with many long branches, glabrous or glabrescent. Flower buds ellipsoid, 3–5 x 2–3 mm; pedicel ca 1 cm long, glabrescent. Calyx campanulate to obconical, lobes narrow lanceolate, cohering by hairs at apex, ca ⅔ length of calyx-tube, long hairy along margin, otherwise glabrescent. Male flowers with 10 stamens on a globose head, at the end of a glabrous and slender androphore; anthers sessile; staminodes 10. Female flowers with 5 free carpels on a glabrous gynandrophore, each globose, hairy, with 5 ovules; styles cohering, sparsely hairy; stigmas with 5 reflexed lobes. Follicles 1–5, oblong, 8–10 x 3–4 cm, narrowed at both ends, reddish tomentose. Seeds 1–(4), ellipsoid, 3-3.5 x 2 cm, dark brown to black.",general,EN,C. Phengklai,,Forest Herbarium,2021-07-31,Rachun Pooma,ref-THA-0001281825,7,3,"Sterculia monosperma. Flora of Thailand. Vol. 7. Part 3, 2001. Pg. 641. Accessed 2021-07-31",All rights reserved,Forest Herbarium,https://botany.dnp.go.th/eflora/floraspecies.html?tdcode=02807
wfo-0001269330,"Deciduous tree, up to 30 m high; always with straight bole; bark greyish-brown, smooth; twigs cylindrical, red-brown stellate hairy, then glabrescent, leaf scars conspicuous; young shoots ferruginous-tomentose. Stipules lanceolate, caducous. Leaves elliptic-oblong, subcoriaceous, sparsely pubescent then glabrescent on both surfaces; 10–22 x 5.5–10 cm, apex acute or shortly acuminate, base obtuse, 3-nerved at base, secondary nerves slender, 8–15 pairs, arched and anastomosing well away from the margin. Petiole 2.5–10 cm, sparsely pubescent then glabrescent, swollen at both ends, geniculate. Inflorescence terminal or axillary, paniculate, erect, up to 15 cm long, branches 2–3 cm long, hairy then glabrescent. Flower buds globose; pedicel 1–5 mm long; hairy. Calyx urceolate, lobes linear-lanceolate, inflexed, as long as the tube, hairy outside and glabrous within. Male flowers with 10 stamens; anthers sessile; staminodes 10. Female flowers with 5 free carpels. Ovary globose, glabrous, 6-ovuled; styles cohering, glabrous; stigmas 5-lobed. Follicles (1–3)5 on one stalk, oblong, leathery, pubescent, 7–10 x 3–4 cm, curved upward, orange to bright red. Seeds 3–4, ellipsoid, 1.5–2 x 1.2 cm, black.",general,EN,C. Phengklai,,Forest Herbarium,2021-07-31,Rachun Pooma,ref-THA-0001269330,7,3,"Sterculia parviflora. Flora of Thailand. Vol. 7. Part 3, 2001. Pg. 641. Accessed 2021-07-31",All rights reserved,Forest Herbarium,https://botany.dnp.go.th/eflora/floraspecies.html?tdcode=02808
wfo-0001141261,"Deciduous tree, up to 20 m high; with straight bole; bark smooth, grey; twigs stout, pubescent, with lenticels and prominently raised large leaf scars. Stipules lanceolate, caducous. Leaves digitate with 6–9 leaflets; leaflet oblanceolate, subcoriaceous, hairy especially on lower surface; 8–25 x 3–6.5 cm, apex acute, acuminate to cuspidate; base cuneate, secondary nerves parallel, anastomosing and prominent on lower surface. Petiole 10–30 cm long, glabrescent; petiolule 1–2 mm long. Inflorescence terminal and at upper leaf scars, lax, 20–30 cm long. Flower buds globose, ca 3 mm across; pedicels sessile or subsessile. Calyx campanulate, 5-lobed; lobes as long as calyx-tube, cohering by hairy at apex; 4–5 x 2–2.5 mm, hairy on both surfaces. Male flowers with 14–15 stamens; staminodes 14–15. Female flowers with 5 free carpels, each with ± 20 ovules; stigmas sessile with 5 lobes. Follicles (3–)5, thick leathery, kidney-shaped, greenish hairy and erect, both sides dehiscing, 4–5 x 2.5 cm. Seeds 20, white (young).",general,EN,C. Phengklai,,Forest Herbarium,2021-07-31,Rachun Pooma,ref-THA-0001141261,7,3,"Sterculia pexa. Flora of Thailand. Vol. 7. Part 3, 2001. Pg. 644. Accessed 2021-07-31",All rights reserved,Forest Herbarium,https://botany.dnp.go.th/eflora/floraspecies.html?tdcode=02809
wfo-0001390645,"Differs from var. urena in the slender and pendulous inflorescences, up to 30 cm long; calyx with oblong lobes divided to or near base.",general,EN,C. Phengklai,,Forest Herbarium,2021-07-31,Rachun Pooma,ref-THA-0001390645,7,3,"Sterculia urena thorelii. Flora of Thailand. Vol. 7. Part 3, 2001. Pg. 646. Accessed 2021-07-31",All rights reserved,Forest Herbarium,https://botany.dnp.go.th/eflora/florainfra.html?tdcode=02812
wfo-0001140523,"Deciduous tree, up to 20 m high; bark smooth, brownish-grey; twigs stout, densely hairy, with prominently raised large leaf scars. Stipules lanceolate, caducous. Leaves palmately lobed, nearly orbicular in outline, deeply 5–7 lobed; lobes ± 1/1 or more of lamina, coriaceous or subcoriaceous, scabrid on upper surface, soft long-hairy and pale on under surface, 20–30 x 20–30 cm; apex acuminate to cuspidate; base deeply cordate, 5–(7)-nerved from base; all nerves and veins prominent on under surface. Petiole 20–30 cm long, hairy then glabrescent. Inflorescences terminal and at upper leaf scars, lax and pendulous, up to 30 cm long, rusty-hairy. Flower buds ovoid, ca 4 x 3 mm; pedicel ca 5 mm, hairy. Calyx obconical or broadly campanulate, lobes ovate, 5–10 x 2–5 mm, more or as long as calyx tube, hairy outside. Male flowers with 10 stamens; anthers sessile; staminodes 10. Female flowers with 5 free carpels, hairy. Ovary ovate, with 5–6 ovules; style cohering, ± 4 mm long, hairy; stigmas flattened or with 5 lobes. Follicles 3–5, drooping, oblong, leathery, densely villous, ca 5 x 2 cm, dehiscent. Seeds 3–5, ovoid, ca 15 x 12 mm, black.",general,EN,C. Phengklai,,Forest Herbarium,2021-07-31,Rachun Pooma,ref-THA-0001140523,7,3,"Sterculia villosa. Flora of Thailand. Vol. 7. Part 3, 2001. Pg. 649. Accessed 2021-07-31",All rights reserved,Forest Herbarium,https://botany.dnp.go.th/eflora/floraspecies.html?tdcode=02813
wfo-0001065306,"Evergreen tree, 5–15 m high, low-branched; bark grey, smooth; twigs densely stellate-hairy then glabrescent. Stipules lanceolate, 2–5 x 1–2 mm, glabrescent. Leaves elliptic, oblong to slightly lanceolate, 5–11 x 1.2–3 cm, coriaceous, glabrous above, sometimes stellate-pubescent beneath along midrib, apex acute to acuminate, base acute to slightly cuneate margin entire, often recurved; secondary nerves 6–10 pairs, arched and anastomosing well away form the margin, conspicuous on both sides. Flowers male, female or hermaphrodite, in spikes or racemes, 3–6-flowered. Stamens when present, 4–10. Ovary when present, enveloped by the receptacle, 2-locular, locule with one ovule. Capsule ellipsoid, woody, ca 1 x 1 cm, the lower half or whole surrounded by the receptacle.",general,EN,C. Phengklai,,Forest Herbarium,2021-07-31,Rachun Pooma,ref-THA-0001065306,7,3,"Sycopsis dunnii. Flora of Thailand. Vol. 7. Part 3, 2001. Pg. 408. Accessed 2021-07-31",All rights reserved,Forest Herbarium,https://botany.dnp.go.th/eflora/floraspecies.html?tdcode=02591
wfo-0001065311,"Evergreen tree, 15–30 m high; bark dark brown, shallowly fissured and flaking, twigs glabrous, thickened at the nodes. Stipules obovate to oblanceolate, thick, flattend, 1.5–2.5 x 1 cm, glabrescent. Leaves broadly ovate or tri-lobed, 5–16 x 4–12 cm, coriaceous, glabrous, apex acute, base obtuse, rounded or subcordate, margin entire or lobed; 3–5-nerved from base, impressed above, prominent on lower surface, secondary nerves 2–5 pairs, faintly distinct; petiole 2–6 cm long, glabrous, with a red tinge. Hermaphrodite flowers in globose heads, up to 1.5 cm diam, at or near end of shoots. Petals 2–7, linear to spathulate, 2–3 0.5 mm. Stamens 10–14. Ovary conical, half inferior, hairy, styles 2, glabrous. Capsules 7–11 per head, glabrous; head 2–2.5 cm diam, woody; stalk 1.5–2.5 cm. Seeds ellipsoid, fertile ones winged, sterile ones wingless.",general,EN,C. Phengklai,,Forest Herbarium,2021-07-31,Rachun Pooma,ref-THA-0001065311,7,3,"Symingtonia populnea. Flora of Thailand. Vol. 7. Part 3, 2001. Pg. 408. Accessed 2021-07-31",All rights reserved,Forest Herbarium,https://botany.dnp.go.th/eflora/floraspecies.html?tdcode=02593
wfo-0000770146,"Rhizomes elongate, 3–5 mm thick. Leaves 10–40 cm by 4–12 mm, 10–17-veined; margins entire. Staminate inflorescence with peduncles ca 3 cm long, 1-flowered; carpellate inflorescence with peduncles 1–1.5 cm long, 1-flowered. Staminate flowers with 3–12 stamens, pedicels 2–3 cm long; carpellate flowers subsessile, with 6 styles. Fruit light green, 2–2.5 by 1.4–3.2 cm, splitting into 8–20 valves; beak 1–2 mm long.",general,EN,R.R. Haynes,,Forest Herbarium,2021-07-31,Rachun Pooma,ref-THA-0000770146,7,3,"Thalassia hemprichii. Flora of Thailand. Vol. 7. Part 3, 2001. Pg. 381. Accessed 2021-07-31",All rights reserved,Forest Herbarium,https://botany.dnp.go.th/eflora/floraspecies.html?tdcode=02557
wfo-0000458440,"Small tree, up to 10 m high; crown bushy. Leaves oblong, 17–28 x 7–10 cm, apex acute to broadly acute, base obtuse, sub-coriaceous, glabrescent; 3-nerved at base, midrib and nerves prominently ridged when dry. Inflorescences simple, on main stem and branches, 1–7-flowered; pedicel 1–1.5 cm long. Buds ovate; ca 6 x 4 mm, hairy. Flowers white or yellowish. Sepals linear-lanceolate; 5–7 x 1–1.5 mm, hairy on outer part. Petals in 2 part; the upper obtrullate, ca 8 x 2 mm; the lower part bowl-shaped; these two parts connected by an appendix. Ovary ovoid, hairy, style single up to 1 mm long; stigma with narrow apex. Fruit pear-shaped, ca 25 x 10 cm, fleshy and indehiscent. Seeds ovoid, up to 1 cm long.",general,EN,C. Phengklai,,Forest Herbarium,2021-07-31,Rachun Pooma,ref-THA-0000458440,7,3,"Theobroma cacao. Flora of Thailand. Vol. 7. Part 3, 2001. Pg. 651. Accessed 2021-07-31",All rights reserved,Forest Herbarium,https://botany.dnp.go.th/eflora/floraspecies.html?tdcode=02815
wfo-0000427365,"Herbs or undershrubs, up to 1 m high. Stipules caducous. Leaves simple, alternate, ovate to oblong, 3–7 x 2–3.5 cm, subcoriaceous, apex acute to obtuse, base cordate or obtuse, woolly especially on lower surface, serrate, doubly serrate or crenate; 3–(5) basal nerves, secondary nerves 3–5 pairs, ascending, scalariform conspicuous on lower surface. Petioles 0.5–2 cm, hairy. Inflorescences in a sessile or pedunculate cluster, axillary and terminal. Flowers yellow to reddish-yellow, each surrounded by a pair of hairy bracts. Calyx with 5 narrow triangular lobes on the upper half, hispid. Petals free, linear or spoon-shaped with a shallow hook upward, 1.5–3 x 0.5 mm, hairy externally and glabrous within, ciliate along margin. Ovary oblong, ca 5 x 1 mm, hispid; style subulate with a narrow pointed stigma, hairy. Fruit ovoid, with an acute, hooked apex, ca 2 x 1 mm. Seed black, shining.",general,EN,C. Phengklai,,Forest Herbarium,2021-07-31,Rachun Pooma,ref-THA-0000427365,7,3,"Waltheria indica. Flora of Thailand. Vol. 7. Part 3, 2001. Pg. 651. Accessed 2021-07-31",All rights reserved,Forest Herbarium,https://botany.dnp.go.th/eflora/floraspecies.html?tdcode=02817
wfo-0000334447,"Fronds boat-shaped, 0.5–0.8 mm long, 1.6–2.5 times as long as wide, 2–3 times as deep as wide, the greatest width at the surface of the water, with 8–10(–25) stomata, whitish green on the surface with more intensely green margins. Flowers rare.",general,EN,E. Landolt,,Forest Herbarium,2021-07-31,Rachun Pooma,ref-THA-0000334447,7,3,"Wolffia angusta. Flora of Thailand. Vol. 7. Part 3, 2001. Pg. 398. Accessed 2021-07-31",All rights reserved,Forest Herbarium,https://botany.dnp.go.th/eflora/floraspecies.html?tdcode=02580
wfo-0000334465,"Fronds ellipsoid, 0.4–0.8 mm long, 1.3–2 times as long as wide, 1–1.5 times as deep as wide, the greatest width slightly below the surface of the water, with 1–10(–30) stomata, rather pale and somewhat transparently green on the surface. Flowers rare.",general,EN,E. Landolt,,Forest Herbarium,2021-07-31,Rachun Pooma,ref-THA-0000334465,7,3,"Wolffia globosa. Flora of Thailand. Vol. 7. Part 3, 2001. Pg. 398. Accessed 2021-07-31",All rights reserved,Forest Herbarium,https://botany.dnp.go.th/eflora/floraspecies.html?tdcode=02581
wfo-0000428558,"Trees to 30 m. Axillary buds glabrous or scales with a ciliate margin, 0.7–1.1 mm long, sometimes up to 0.7 mm stipitate, usually in axil or occasionally up to 1 mm above it. Axil occasionally swollen, nodal glands ca 0.5 by 1 mm. Leaves ovate to elliptic; apex acuminate (tip 0.5–2.0 cm long); base rounded or cuneate becoming attenuate, 5–11 by 2–4 cm, length to width ratio 2.2–3.8; margin undulate due to glands which appear as thickenings along margin; underside smooth or minutely papillose, but not glaucous, with 2–9 glands on lamina, 0–8 on margin, 0.3–0.8 mm; midrib sunken above, prominent below; secondary veins 6–9, forming an intramarginal vein from halfway or in the upper third; tertiary veins reticulate, almost as prominent as secondaries; petiole 5–7 mm. Inflorescence terminal or axillary, rarely branched, but occasionally 2 inflorescences per axil, glabrous to sparsely short hairy, nodal glands present. Flowers white, blackish-red when dried; pedicel 2.5–3 mm, outer sepals 3.8–4.5 mm, inner sepals ca 5.5 mm, upper petals 7–9 mm; lateral petals 6.5–10 mm; keel 6.5–7 mm; keel equal to shorter than other petals. Sepals glabrous inside and out, with ciliate margins; upper petals glabrous outside, densely hairy to near the apex inside; lateral petals glabrous or hairy almost to apex inside; keel glabrous outside, shortly hairy along middle inside. Stamens 6–7 mm, triadelphous, with the upper and lateral epipetalous stamens connate with the alternipetalous stamens, and the keel stamens connate with each other, anthers 0.4 mm. Gynoecium 6–7 mm, stipe 0.5–1.0 mm, ovules 8–14; ovary and style glabrous. Fruit globular, to 2 cm diameter, glabrous; seed 1.",general,EN,C.A. Pendry,,Forest Herbarium,2021-07-31,Rachun Pooma,ref-THA-0000428558,7,3,"Xanthophyllum ellipticum. Flora of Thailand. Vol. 7. Part 3, 2001. Pg. 526. Accessed 2021-07-31",All rights reserved,Forest Herbarium,https://botany.dnp.go.th/eflora/floraspecies.html?tdcode=02713
wfo-0000428556,"Tree to 20 m. Axillary buds and sometimes base of petiole and axil hairy, buds 0.5–0.9 mm long, not stalked, all buds within the axil. Leaves ovate to elliptic-oblong, occasionally obovate; apex acuminate (tip 0.5–2.0 cm long); base rounded or cuneate, 6–11 by 2–5.5 cm, length to width ratio 1.7–3.5; margin undulate; underside smooth, with 1–5 glands, 0.2–0.4 mm, or up to 0.5 mm along veins; midrib sunken or flat with central groove above; secondary veins 3–6, looping and forming a distinct intramarginal vein; tertiary veins reticulate; petiole 4–10 mm. Inflorescence terminal or axillary, usually solitary, occasionally 2-branched, very short sparsely to densely patently hairy. Flowers white, upper petals yellow inside at base, keel sometimes with pink hue, orange-yellow when dried; pedicel 2–3 mm, outer sepals 1.5–2.5 mm, inner sepals 3.0–3.5 mm; upper petals 6–8 mm, hairy only inside at base; lateral petals 6–8 mm, glabrous or hairy inside at base; keel 6.5–8 mm, hairy inside at base or sparsely throughout, outside only along middle in upper half; keel usually almost equal to other petals. Stamens 6–8 mm; anthers 0.4–0.5 mm. Gynoecium 6–7.5 mm, shortly stipitate (ca. 0.5 mm), ovules 4; ovary densely hairy, style sparsely hairy. Fruit globular, to 2 cm diameter, more or less tuberculate, densely shortly hairy, grey green; seeds 1 or 2.",general,EN,C.A. Pendry,,Forest Herbarium,2021-07-31,Rachun Pooma,ref-THA-0000428556,7,3,"Xanthophyllum eurhynchum. Flora of Thailand. Vol. 7. Part 3, 2001. Pg. 527. Accessed 2021-07-31",All rights reserved,Forest Herbarium,https://botany.dnp.go.th/eflora/floraspecies.html?tdcode=02714
wfo-0000428552,"Tree to 30 m. Axillary buds densely hairy or occasionally glabrous, 0.6–1.6 mm long, not stalked, all buds within the axil. Leaves elliptic, oblong, ovate or obovate; apex blunt or acuminate (tip to 1.5 cm long); base attenuate or cuneate; 4.5–20 by 1.5–10 cm, length to width ratio 2.4–3.8; margin flat or undulate; underside smooth, with 0–17 glands, sometimes with a basal pair, 0.3–1.5 mm; midrib slightly prominent above; secondary veins 4–10, usually forming an intramarginal vein from halfway, but sometimes intramarginal vein indistinct; tertiary veins scalariform; petioles sometimes minutely hairy, 6–11 mm. Inflorescence with up to 4 branches, occasionally 2 inflorescences per axil, with sparse erect hairs or densely grey or yellow downy, glabrescent or persistent, occasionally with nodal glands. Flowers white or yellow, yellow-orange when dried; pedicel 3–7 mm, outer sepals 2.5–4.0 mm, inner sepals 3.0–5.5 mm; upper petals 6–11 mm, inside glabrous or hairy in lower half, outside glabrous or hairy at apex; lateral petals 6.5–14 mm, inside glabrous or hairy at base, outside glabrous or hairy at base; keel 6–13 mm, hairiness variable, but always hairy in upper half outside; lateral petals longest, either keel or upper petals shortest. Stamens 5.5–12 mm; anthers 0.4–0.9 mm. Gynoecium 6–10 mm, stipe 0.5–1.0 mm, ovules 8–12; ovary glabrous, style densely hairy. Fruit globular or markedly beaked, 1–2 cm in diameter, smooth or ribbed, glabrous except at apex or on ribs, seeds 1 or 2.",general,EN,C.A. Pendry,,Forest Herbarium,2021-07-31,Rachun Pooma,ref-THA-0000428552,7,3,"Xanthophyllum flavescens. Flora of Thailand. Vol. 7. Part 3, 2001. Pg. 529. Accessed 2021-07-31",All rights reserved,Forest Herbarium,https://botany.dnp.go.th/eflora/floraspecies.html?tdcode=02715
wfo-0000428546,"Tree to 15 m. Axillary buds almost glabrous or very shortly hairy, sometimes shortly stipitate, 2.5–5(–7) mm long, within axil. Leaves elliptic to lanceolate; apex acuminate (tip 0.5–0.7 cm long); base attenuate; 6.5–18 by 2.0–5.5 cm, length to width ratio 2.7–4.0; margin slightly undulate, sometimes inrolled at base; underside glaucous papillose, with 2–16(–30) rather indistinct glands 0.15–0.2 mm, sometimes with a basal pair, 0.5 by 0.7 mm; midrib slightly raised above; secondary veins (4–)6–9, forming an indistinct intramarginal vein in apical half; tertiary veins reticulate; petioles 10–15 mm. Inflorescence with up to 7 branches, shortly patent hairy, glabrescent, nodal glands absent. Flowers white, the upper petals yellow towards the base yellow, yellow or orange when dried; pedicel 2.5–3.0 mm, outer sepals 2.5 mm, inner sepals 3.5 mm; upper petals 6.0–7.0 mm, hairy only inside at base; lateral petals 7.0 mm, hairy only inside at base; keel 6.0 mm, hairy at the base inside and along the middle outside. Stamens 6.5 mm; anthers 0.6–0.7 mm. Gynoecium 6.0 mm, stipe 0.5 mm, ovules 4; ovary densely hairy, style sparsely hairy. Fruit globular, ca 2 cm in diameter, green, slightly glaucous, sparsely hairy; seeds 1 or 2.",general,EN,C.A. Pendry,,Forest Herbarium,2021-07-31,Rachun Pooma,ref-THA-0000428546,7,3,"Xanthophyllum geesinkii. Flora of Thailand. Vol. 7. Part 3, 2001. Pg. 531. Accessed 2021-07-31",All rights reserved,Forest Herbarium,https://botany.dnp.go.th/eflora/floraspecies.html?tdcode=02716
wfo-0000428545,"Tree to 20 m. Twigs glabrous. Axillary buds 3–4, slightly hairy, to 2 mm long, the upper bud usually stipitate and up to 4 mm supra-axillary, though sometimes all buds sessile and axillary. Leaves oblong to elliptic, though sometimes rather irregularly shaped; apex acuminate (tip to 1 cm long); base cuneate; 6–14 by 1.8–4 cm, length to width ratio 3.3–4.5; margin somewhat irregular, slightly inrolled; underside glaucous papillose, with 5–20 glands, 0.1–0.6 mm, basal pair absent; midrib prominent above; secondary veins 5–8, not forming a distinct intramarginal vein; tertiary veins reticulate; petiole glabrous, 5–7 mm. Inflorescence terminal or axillary, up to 12-branched, longer or shorter than leaves, rather sparsely hairy. Flowers white, orange-red when dried; pedicel 2.5–4 mm, outer sepals 1–2 mm, inner sepals 1.8–3 mm; upper petals ca 5–7 mm, sparsely hairy inside to halfway or densely hairy to apex and with a tuft of hairs outside at apex; lateral petals 5–7 mm, completely glabrous or hairy inside to halfway; keel 4–7 mm, auriculate, densely hairy outside at apex, more sparsely along midrib inside and outside. Stamens 3.5–7 mm, hairy in basal half or almost glabrous, anthers 0.2–0.5 mm. Gynoecium 4–6 mm, very shortly stipitate (ca. 0.2 mm), ovules 4; ovary and style almost glabrous, with a few loosely appressed hairs. Fruit unknown.",general,EN,C.A. Pendry,,Forest Herbarium,2021-07-31,Rachun Pooma,ref-THA-0000428545,7,3,"Xanthophyllum geminatum. Flora of Thailand. Vol. 7. Part 3, 2001. Pg. 532. Accessed 2021-07-31",All rights reserved,Forest Herbarium,https://botany.dnp.go.th/eflora/floraspecies.html?tdcode=02717
wfo-0000428582,"Tree to 25 m. Axillary buds glabrous, 2–6 mm long, not stalked, sometimes within axil and enclosed by slight swelling of the twig. Leaves ovate to elliptic; apex acute to shortly acuminate (tip to 0.3 cm long); base rounded or truncate, shortly attenuate; 4–8.5 by 1.8–5.5 cm, length to width ratio 1.6–2.2; margin flat or undulate, smooth below, with 4–6 glands, sometimes with a basal pair, 0.2 mm; midrib slightly raised above; secondary veins 5–6, forming an indistinct intramarginal vein in apical half; tertiary veins reticulate; petiole 8–13 mm. Inflorescence longer than the leaves, with up to 5 branches, shortly patently hairy, nodal glands absent. Flowers white with a yellow apex; pedicel 1–4.5 mm, outer sepals 1.6–2.5 mm, inner sepals 2.6–3.3 mm; petals up to 6.5–7.8 mm, the keel densely hairy outside, other petals glabrous or hairy at apex outside. Stamens widened above the base, with a densely hairy swelling on the inside, above sparsely hairy only below anthers; anthers 0.4 mm. Gynoecium 6–7 mm, stipe 0.5–2.0 mm, ovules 4; ovary densely hairy, style sparsely hairy. Fruit brown, globular, to 1.1 cm in diameter, appressed hairy; seeds 1 or 2.",general,EN,C.A. Pendry,,Forest Herbarium,2021-07-31,Rachun Pooma,ref-THA-0000428582,7,3,"Xanthophyllum griffithii. Flora of Thailand. Vol. 7. Part 3, 2001. Pg. 532. Accessed 2021-07-31",All rights reserved,Forest Herbarium,https://botany.dnp.go.th/eflora/floraspecies.html?tdcode=02718
wfo-0000428586,"Tree to 15 m. Axillary buds hairy, 0.8–1.5 mm long, not stalked, buds within axil, or very rarely up to 2 mm above it. Leaves 3–13 by 1.0–4.5 cm, length to width ratio 1.6–5.8; elliptic to lanceolate; apex rounded to shortly (tip to 0.3 cm long) acuminate; base attenuate or cuneate; margin flat, inrolled at base; underside glaucous papillose, with 4–40 glands, sometimes with a basal pair, 0.2–0.5 mm; midrib flat or sunken; secondary veins 8–13, forming an indistinct intramarginal vein for whole length; tertiary veins reticulate; petiole 3–7 mm. Inflorescence longer than the leaves, with up to 6 branches, densely patent to sparsely appressed hairy, nodal glands absent. Flowers white or purple-white, turning yellow, yellow or orange when dried; pedicel 1–2 mm, outer sepals 1.8–2.0 mm, inner sepals 2.5–3.4 mm; upper petals 7.5–9.5 mm, glabrous, or hairy inside at base and outside at apex; lateral petals 7.0–9.5 mm, glabrous, or hairy inside at base and outside at apex, occasionally also inside at apex; keel 6.5–8.0 mm, hairy inside at base or along middle, outside densely hairy especially in middle; upper petals longest and keel shortest. Stamens 6–8 mm; anthers 0.3–0.6 mm. Gynoecium 6–7 mm, stipe 0.2–0.3 mm, ovules 4; ovary densely hairy, style sparsely hairy. Fruit globular, 1.7–3.8 cm in diameter, green, glabrous; seeds 1 or 2.",general,EN,C.A. Pendry,,Forest Herbarium,2021-07-31,Rachun Pooma,ref-THA-0000428586,7,3,"Xanthophyllum lanceatum. Flora of Thailand. Vol. 7. Part 3, 2001. Pg. 533. Accessed 2021-07-31",All rights reserved,Forest Herbarium,https://botany.dnp.go.th/eflora/floraspecies.html?tdcode=02719
wfo-0000428356,"Tree to ca 50 m. Pitted nodal glands 0.3 x 0.6 mm usually present. Axillary bud scales with a ciliate margin but otherwise glabrous, 1.0–2.0 mm long, not stalked, all buds within the axil. Leaves ovate to elliptic; apex rounded to shortly (tip to 0.5 cm long) acuminate; base cuneate to attenuate; 5–19 by 2–7.5 cm, length to width ratio 2.0–3.3; margin slightly undulate; underside smooth, with 0–8 glands, 0.4–0.5 mm, without a basal pair; midrib prominent above and below, shallowly grooved above; secondary veins 5–9, not forming a distinct intramarginal vein except sometimes at apex; tertiary veins reticulate and obscure; petiole 6–11 mm. Inflorescence unbranched, sparsely minutely hairy, without nodal glands. Flowers white, drying blackish-red; pedicel ca 5 mm, outer sepals ca 4.0 mm, inner sepals ca 6.0 mm; upper petals ca 13 mm, glabrous or densely hairy at base and apex; lateral petals ca 15 mm, glabrous; keel ca 13 mm, glabrous. Stamens 8–9 mm; anthers 1.0 mm. Gynoecium 8.0 mm, stipe 1.0, ovules 8–18; ovary and style glabrous. Fruit globular, to 10 cm diameter, glabrous; seeds 8–16.",general,EN,C.A. Pendry,,Forest Herbarium,2021-07-31,Rachun Pooma,ref-THA-0000428356,7,3,"Xanthophyllum obscurum. Flora of Thailand. Vol. 7. Part 3, 2001. Pg. 534. Accessed 2021-07-31",All rights reserved,Forest Herbarium,https://botany.dnp.go.th/eflora/floraspecies.html?tdcode=02720
wfo-0000428386,"Tree to 10 m. Axillary buds 2–4, glabrous to hairy, 0.7–1.5 mm long, occasionally on a stalk up to 1.5 mm long, the uppermost bud 1–6 mm above axil. Leaves ovate or lanceolate to elliptic; apex acute to acuminate (tip to 0.8 cm long); base cuneate to attenuate; 5–10 by 2–5 cm, length to width ratio 2.1–3.5; margin slightly undulate; underside glaucous papillose, with 0–45 glands, 0.1–0.2 mm, without a basal pair; midrib sunken, flat or slightly raised above; secondary veins 5–7, forming an intramarginal vein in the top third or occasionally top half of the leaf; tertiary veins reticulate; petiole 5–12 mm. Inflorescence shorter than the leaves, with up to 3 branches, but may have up to 7 inflorescences on a leafless twig giving the impression of a long, very branched inflorescence, yellowish patently hairy, usually markedly more dense on pedicel, without nodal glands. Flowers white, drying yellow or orange; pedicel 4.5–6 mm, outer sepals 3–4 mm, inner sepals 4.5–5 mm; upper petals 12–14 mm, hairy inside and outside in lower half, sometimes outside at apex; lateral petals 10–13 mm, hairy inside at base, outside at base and apex; keel 9–12 mm, hairy inside at base and along middle, outside at apex or throughout; either all petals equal or keel shortest. Stamens 7–11 mm; anthers 0.5–0.7 mm. Gynoecium 9–11 mm, stipe 0.5–1.0 mm, ovules 4; ovary densely hairy, style densely to sparsely hairy. Fruit globular, to 1.6 cm diameter, glabrous; seeds 1.",general,EN,C.A. Pendry,,Forest Herbarium,2021-07-31,Rachun Pooma,ref-THA-0000428386,7,3,"Xanthophyllum punctatum. Flora of Thailand. Vol. 7. Part 3, 2001. Pg. 535. Accessed 2021-07-31",All rights reserved,Forest Herbarium,https://botany.dnp.go.th/eflora/floraspecies.html?tdcode=02721
wfo-0000428312,"Tree to 30 m. Patent nodal appendages (0.1 mm diameter) usually present. Axillary buds glabrous or with a tuft of hairs at the apex, sometimes with a ciliate margin, 0.8–1.3 mm long, not stalked, all buds within 1.5 mm of the axil. Leaves ovate or elliptic to oblong; apex acuminate (tip 0.4–1 cm long); base rounded to cuneate; 5–15 by 2–5.5 cm, length to width ratio 1.9–3.8; margin flat to slightly undulate; underside smooth, with few to numerous (40) glands, 0.2–0.3 mm or up to 0.7 mm along veins, without a basal pair; midrib above slightly raised to almost flat, with a pronounced central groove towards the base; secondary veins 7–9, intramarginal vein in the upper half or indistinct; tertiary veins reticulate; petiole 4–8 mm. Inflorescence with up to 4 branches, very densely patently hairy, without nodal glands. Flowers white, yellow at the base of the upper petals, drying yellow or orange; pedicel 2–2.5 mm, outer sepals 1.5–2.1 mm, inner sepals 2–2.2 mm; upper petals 6–7 mm, glabrous or hairy inside at base; lateral petals 6–7 mm, hairy inside at base, sometimes outside at apex; keel 6 mm, hairy inside at base or along middle, outside along middle; either all petals equal or keel shortest. Stamens 4–5 mm; anthers 0.3 mm. Gynoecium 5.5 mm, stipe < 0.3 mm, ovules 4; ovary densely hairy, style sparsely hairy. Fruit globular, to 7 cm long, glabrous; seeds 1–4.",general,EN,C.A. Pendry,,Forest Herbarium,2021-07-31,Rachun Pooma,ref-THA-0000428312,7,3,"Xanthophyllum sylvestre. Flora of Thailand. Vol. 7. Part 3, 2001. Pg. 535. Accessed 2021-07-31",All rights reserved,Forest Herbarium,https://botany.dnp.go.th/eflora/floraspecies.html?tdcode=02722
wfo-0000428350,"Tree to 30 m. Axillary buds glabrous, 0.8–2.1 mm long, sometimes on a stalk up to 0.8 mm, the uppermost bud 2–15 mm above the axil. Leaves ovate to elliptic or obovate, sometimes rather irregularly formed; apex acute to acuminate (tip to 1 cm long); base rounded to attenuate, sometimes unequal; 7–20 by 2–6.5 cm, length to width ratio 2.1–4.5; margin flat to slightly undulate; underside smooth to papillose glaucous, with 2–6 glands of diameter 0.3–0.6 mm, or up to 40 smaller (0.1–0.2 mm) glands which are irregularly formed and appear as distortions along the veins; occasionally with a basal pair; midrib above very slightly raised, with or without grooves in basal part; secondary veins (4–)5–13 , intramarginal vein in the upper half or indistinct; tertiary veins reticulate; petioles 4–12 mm. Inflorescence terminal or supra axillary, shorter or longer than the leaves, with up to 8 branches, but may have up to 10 inflorescences on one leafless twig; moderately dense yellow patently hairy, without nodal glands. Flowers white or pale lilac, yellow at the base of the upper petals, drying yellow, orange or rarely pale pink; pedicel 3–4 mm, outer sepals 1–2 mm, inner sepals 1.5–2.5 mm; upper petals 5–7 mm, hairy only inside at base; lateral petals 5–7.5 mm, glabrous or only hairy inside at base; keel 5.5–7 mm, inside glabrous or hairy at base or apex, outside hairy in upper third; keel may be either the shortest or longest petal. Stamens 4.5–7 mm; anthers 0.4–0.5 mm. Gynoecium 5–7 mm, stipe 0.3–0.6 mm, ovules 4; ovary densely hairy, style glabrous to hairy. Fruit globular up to 3.5 cm diameter, glabrous to glaucous or very shortly sparsely hairy, pale green; seeds 1 or 2.",general,EN,C.A. Pendry,,Forest Herbarium,2021-07-31,Rachun Pooma,ref-THA-0000428350,7,3,"Xanthophyllum virens. Flora of Thailand. Vol. 7. Part 3, 2001. Pg. 536. Accessed 2021-07-31",All rights reserved,Forest Herbarium,https://botany.dnp.go.th/eflora/floraspecies.html?tdcode=02723
wfo-0000428348,"Tree to 30 m. Axillary buds glabrous, strongly thickened at the base, not stalked, all buds within the axil, 3–11 mm long. Leaves elliptic to oblong, apex acute to acuminate (tip to 1.0 cm long); base rounded or acute, slightly decurrent; 7–14 by 3–6 cm, length to width ratio 2.0–2.6; margin slightly undulate; underside smooth, with 3–8 glands of diameter 0.2–0.5 mm, sometimes with a basal pair; midrib above prominent and without grooves; secondary veins 6–9, intramarginal vein distinct in apical half; tertiary veins reticulate; petiole glabrous 8–12 mm. Inflorescence with up to 6 branches; densely patently hairy, without nodal glands. Flowers yellow, drying orange red; pedicel 1–2 mm, outer sepals 1.7–2 mm, inner sepals 2.3–3 mm; upper petals ca 8 mm, glabrous except outside at apex and occasionally sparsely at base; lateral petals ca 7.5 mm, glabrous outside except at apex, inside glabrous; keel 6.5 mm, hairy outside along middle, glabrous inside; keel shorter than the other petals. Stamens swollen above base and hairy there, ca 6 mm; anthers ca 0.5 mm. Gynoecium 6 mm, stipe 0.3 mm, ovules 4; ovary densely patently hairy, style sparsely hairy in basal half only. Fruit globular, up to 1.5 cm diameter, glabrous and densely tuberculate; seeds 1 or 2.",general,EN,C.A. Pendry,,Forest Herbarium,2021-07-31,Rachun Pooma,ref-THA-0000428348,7,3,"Xanthophyllum vitellinum. Flora of Thailand. Vol. 7. Part 3, 2001. Pg. 537. Accessed 2021-07-31",All rights reserved,Forest Herbarium,https://botany.dnp.go.th/eflora/floraspecies.html?tdcode=02724
wfo-0000428346,"Tree to 10 m. Axillary buds hairy to densely hairy, 0.8–2.0 mm long, not stalked, all buds within the axil. Leaves ovate to oblong, apex acute to acuminate (tip to 2.5 cm long); base rounded to truncate or cordate; 6–28 by 2.3–10 cm, length to width ratio 2.0–3.1; margin almost flat; underside smooth or minutely hairy, with 0 or 1 gland of diameter 0.4–0.6 mm; midrib above sunken and hairy, especially towards base; secondary veins 6–13, with many intermediate veins not reaching margin, intramarginal vein usually distinct from the base; tertiary veins reticulate; petiole stout and hairy, at least in the upper groove, 6–12 mm. Inflorescence with up to 2 branches, densely patently hairy, without nodal glands. Flowers white or lilac, yellow at the base of the upper petals, drying yellow or orange; pedicel ca 2 mm, outer sepals 2–3.5 mm, inner sepals 3–4 mm; upper petals 7–10 mm, hairy inside to at least half-way, outside at apex and occasionally at base; lateral petals 6.5–9.5 mm, inside hairy at least at base, outside glabrous or hairy at apex; keel 6–9 mm, hairy outside throughout, inside along middle; keel equal to or shorter than the other petals. Stamens 5.5–8 mm; anthers 0.4–0.6 mm. Gynoecium 5.5–7.5 mm, stipe 0.6–0.8 mm, ovules 4; ovary densely hairy, style sparsely hairy. Fruit globular, up to 1.5 cm diameter, glabrous and densely tuberculate; seeds 1 or 2.",general,EN,C.A. Pendry,,Forest Herbarium,2021-07-31,Rachun Pooma,ref-THA-0000428346,7,3,"Xanthophyllum wrayi. Flora of Thailand. Vol. 7. Part 3, 2001. Pg. 537. Accessed 2021-07-31",All rights reserved,Forest Herbarium,https://botany.dnp.go.th/eflora/floraspecies.html?tdcode=02725
