WFOID,vernacularName,identifier,isPreferredName,source,language,countryCode,uri,bibliographicCitation,rights,license
wfo-0000764069,chuanchom (ชวนชม)(Bangkok),ver-THA-0000764069.01,0.0,ref-THA-0000764069,TH,THA,https://botany.dnp.go.th/eflora/floraspecies.html?tdcode=02205,"Adenium obesum. Flora of Thailand. Vol. 7. Part 1, 1999. Pg. 78. Accessed 2021-07-31",Forest Herbarium,All rights reserved
wfo-0000764069,lanthom daeng (ลั่นทมแดง)(Bangkok),ver-THA-0000764069.02,0.0,ref-THA-0000764069,TH,THA,https://botany.dnp.go.th/eflora/floraspecies.html?tdcode=02205,"Adenium obesum. Flora of Thailand. Vol. 7. Part 1, 1999. Pg. 78. Accessed 2021-07-31",Forest Herbarium,All rights reserved
wfo-0000764069,lanthom yawa (ลั่นทมยะวา)(Bangkok),ver-THA-0000764069.03,0.0,ref-THA-0000764069,TH,THA,https://botany.dnp.go.th/eflora/floraspecies.html?tdcode=02205,"Adenium obesum. Flora of Thailand. Vol. 7. Part 1, 1999. Pg. 78. Accessed 2021-07-31",Forest Herbarium,All rights reserved
wfo-0000896264,som lom (ส้มลม)(Northeastern),ver-THA-0000896264.01,0.0,ref-THA-0000896264,TH,THA,https://botany.dnp.go.th/eflora/floraspecies.html?tdcode=02281,"Aganonerion polymorphum. Flora of Thailand. Vol. 7. Part 1, 1999. Pg. 141. Accessed 2021-07-31",Forest Herbarium,All rights reserved
wfo-0000897552,khua nang nuan (เครือนางนวล)(Lampang),ver-THA-0000897552.01,0.0,ref-THA-0000897552,TH,THA,https://botany.dnp.go.th/eflora/floraspecies.html?tdcode=02238,"Aganosma cymosa. Flora of Thailand. Vol. 7. Part 1, 1999. Pg. 105. Accessed 2021-07-31",Forest Herbarium,All rights reserved
wfo-0000899440,khruea sai ton (เครือไส้ตัน)(Northern),ver-THA-0000899440.01,0.0,ref-THA-0000899440,TH,THA,https://botany.dnp.go.th/eflora/floraspecies.html?tdcode=02239,"Aganosma marginata. Flora of Thailand. Vol. 7. Part 1, 1999. Pg. 106. Accessed 2021-07-31",Forest Herbarium,All rights reserved
wfo-0000899440,duadin (เดื่อดิน)(Northern),ver-THA-0000899440.02,0.0,ref-THA-0000899440,TH,THA,https://botany.dnp.go.th/eflora/floraspecies.html?tdcode=02239,"Aganosma marginata. Flora of Thailand. Vol. 7. Part 1, 1999. Pg. 106. Accessed 2021-07-31",Forest Herbarium,All rights reserved
wfo-0000899440,duanam (เดื่อน้ำ)(Northern),ver-THA-0000899440.03,0.0,ref-THA-0000899440,TH,THA,https://botany.dnp.go.th/eflora/floraspecies.html?tdcode=02239,"Aganosma marginata. Flora of Thailand. Vol. 7. Part 1, 1999. Pg. 106. Accessed 2021-07-31",Forest Herbarium,All rights reserved
wfo-0000899440,duakhruea (เดื่อเครือ)(Northern),ver-THA-0000899440.04,0.0,ref-THA-0000899440,TH,THA,https://botany.dnp.go.th/eflora/floraspecies.html?tdcode=02239,"Aganosma marginata. Flora of Thailand. Vol. 7. Part 1, 1999. Pg. 106. Accessed 2021-07-31",Forest Herbarium,All rights reserved
wfo-0000899440,sai tan (ไส้ตัน)(Nakhon Ratchasima),ver-THA-0000899440.05,0.0,ref-THA-0000899440,TH,THA,https://botany.dnp.go.th/eflora/floraspecies.html?tdcode=02239,"Aganosma marginata. Flora of Thailand. Vol. 7. Part 1, 1999. Pg. 106. Accessed 2021-07-31",Forest Herbarium,All rights reserved
wfo-0000899440,yan dueai bit (ย่านเดือยบิด)(Surat Thani),ver-THA-0000899440.06,0.0,ref-THA-0000899440,TH,THA,https://botany.dnp.go.th/eflora/floraspecies.html?tdcode=02239,"Aganosma marginata. Flora of Thailand. Vol. 7. Part 1, 1999. Pg. 106. Accessed 2021-07-31",Forest Herbarium,All rights reserved
wfo-0000899440,dueai dip (เดือยดิบ)(Krabi),ver-THA-0000899440.07,0.0,ref-THA-0000899440,TH,THA,https://botany.dnp.go.th/eflora/floraspecies.html?tdcode=02239,"Aganosma marginata. Flora of Thailand. Vol. 7. Part 1, 1999. Pg. 106. Accessed 2021-07-31",Forest Herbarium,All rights reserved
wfo-0000900824,takloi yan (ตะคล้อยย่าน)(Surat Thani),ver-THA-0000900824.01,0.0,ref-THA-0000900824,TH,THA,https://botany.dnp.go.th/eflora/floraspecies.html?tdcode=02242,"Aganosma wallichii. Flora of Thailand. Vol. 7. Part 1, 1999. Pg. 108. Accessed 2021-07-31",Forest Herbarium,All rights reserved
wfo-0000900824,thao man daeng (เถามันแดง)(Surat Thani),ver-THA-0000900824.02,0.0,ref-THA-0000900824,TH,THA,https://botany.dnp.go.th/eflora/floraspecies.html?tdcode=02242,"Aganosma wallichii. Flora of Thailand. Vol. 7. Part 1, 1999. Pg. 108. Accessed 2021-07-31",Forest Herbarium,All rights reserved
wfo-0000900824,khao hai (เขาฮาย)(Pattani),ver-THA-0000900824.03,0.0,ref-THA-0000900824,TH,THA,https://botany.dnp.go.th/eflora/floraspecies.html?tdcode=02242,"Aganosma wallichii. Flora of Thailand. Vol. 7. Part 1, 1999. Pg. 108. Accessed 2021-07-31",Forest Herbarium,All rights reserved
wfo-0000943159,ban buri lueang (บานบุรีเหลือง)(General),ver-THA-0000943159.01,0.0,ref-THA-0000943159,TH,THA,https://botany.dnp.go.th/eflora/floraspecies.html?tdcode=02197,"Allamanda cathartica. Flora of Thailand. Vol. 7. Part 1, 1999. Pg. 70. Accessed 2021-07-31",Forest Herbarium,All rights reserved
wfo-0000943361,ban phara (บานพารา)(Bangkok),ver-THA-0000943361.01,0.0,ref-THA-0000943361,TH,THA,https://botany.dnp.go.th/eflora/floraspecies.html?tdcode=02198,"Allamanda schottii. Flora of Thailand. Vol. 7. Part 1, 1999. Pg. 72. Accessed 2021-07-31",Forest Herbarium,All rights reserved
wfo-0000951882,tin pet lek (ตีนเป็ดเล็ก)(Songkhla),ver-THA-0000951882.01,0.0,ref-THA-0000951882,TH,THA,https://botany.dnp.go.th/eflora/floraspecies.html?tdcode=02163,"Alstonia angustiloba. Flora of Thailand. Vol. 7. Part 1, 1999. Pg. 42. Accessed 2021-07-31",Forest Herbarium,All rights reserved
wfo-0000952530,kratung fa hai (กระทุ้งฟ้าไห้)(Peninsular),ver-THA-0000952530.01,0.0,ref-THA-0000952530,TH,THA,https://botany.dnp.go.th/eflora/floraspecies.html?tdcode=02165,"Alstonia macrophylla. Flora of Thailand. Vol. 7. Part 1, 1999. Pg. 44. Accessed 2021-07-31",Forest Herbarium,All rights reserved
wfo-0000952530,tung fa (ทุ้งฟ้า)(Peninsular),ver-THA-0000952530.02,0.0,ref-THA-0000952530,TH,THA,https://botany.dnp.go.th/eflora/floraspecies.html?tdcode=02165,"Alstonia macrophylla. Flora of Thailand. Vol. 7. Part 1, 1999. Pg. 44. Accessed 2021-07-31",Forest Herbarium,All rights reserved
wfo-0000952530,tung fa kai (ทุ้งฟ้าไก่)(Chumphon),ver-THA-0000952530.03,0.0,ref-THA-0000952530,TH,THA,https://botany.dnp.go.th/eflora/floraspecies.html?tdcode=02165,"Alstonia macrophylla. Flora of Thailand. Vol. 7. Part 1, 1999. Pg. 44. Accessed 2021-07-31",Forest Herbarium,All rights reserved
wfo-0000952530,tin thian (ตีนเทียน)(Songkhla),ver-THA-0000952530.04,0.0,ref-THA-0000952530,TH,THA,https://botany.dnp.go.th/eflora/floraspecies.html?tdcode=02165,"Alstonia macrophylla. Flora of Thailand. Vol. 7. Part 1, 1999. Pg. 44. Accessed 2021-07-31",Forest Herbarium,All rights reserved
wfo-0001257712,chaba (ชบา)(Central),ver-THA-0001257712.01,0.0,ref-THA-0001257712,TH,THA,https://botany.dnp.go.th/eflora/floraspecies.html?tdcode=02168,"Alstonia scholaris. Flora of Thailand. Vol. 7. Part 1, 1999. Pg. 45. Accessed 2021-07-31",Forest Herbarium,All rights reserved
wfo-0001257712,phayasataban (พญาสัตบรรณ)(Central),ver-THA-0001257712.02,0.0,ref-THA-0001257712,TH,THA,https://botany.dnp.go.th/eflora/floraspecies.html?tdcode=02168,"Alstonia scholaris. Flora of Thailand. Vol. 7. Part 1, 1999. Pg. 45. Accessed 2021-07-31",Forest Herbarium,All rights reserved
wfo-0001257712,tin pet (ตีนเป็ด)(Central),ver-THA-0001257712.03,0.0,ref-THA-0001257712,TH,THA,https://botany.dnp.go.th/eflora/floraspecies.html?tdcode=02168,"Alstonia scholaris. Flora of Thailand. Vol. 7. Part 1, 1999. Pg. 45. Accessed 2021-07-31",Forest Herbarium,All rights reserved
wfo-0001257712,tin pet khao (ตีนเป็ดขาว)(Yala),ver-THA-0001257712.04,0.0,ref-THA-0001257712,TH,THA,https://botany.dnp.go.th/eflora/floraspecies.html?tdcode=02168,"Alstonia scholaris. Flora of Thailand. Vol. 7. Part 1, 1999. Pg. 45. Accessed 2021-07-31",Forest Herbarium,All rights reserved
wfo-0001257712,"ba-sa (บะซา)(Malay-Yala, Pattani)",ver-THA-0001257712.05,0.0,ref-THA-0001257712,TH,THA,https://botany.dnp.go.th/eflora/floraspecies.html?tdcode=02168,"Alstonia scholaris. Flora of Thailand. Vol. 7. Part 1, 1999. Pg. 45. Accessed 2021-07-31",Forest Herbarium,All rights reserved
wfo-0001257712,"pu-la (ปูลา)(Malay-Yala, Pattani)",ver-THA-0001257712.06,0.0,ref-THA-0001257712,TH,THA,https://botany.dnp.go.th/eflora/floraspecies.html?tdcode=02168,"Alstonia scholaris. Flora of Thailand. Vol. 7. Part 1, 1999. Pg. 45. Accessed 2021-07-31",Forest Herbarium,All rights reserved
wfo-0001257712,"pu-lae (ปูแล)(Malay-Yala, Pattani)",ver-THA-0001257712.07,0.0,ref-THA-0001257712,TH,THA,https://botany.dnp.go.th/eflora/floraspecies.html?tdcode=02168,"Alstonia scholaris. Flora of Thailand. Vol. 7. Part 1, 1999. Pg. 45. Accessed 2021-07-31",Forest Herbarium,All rights reserved
wfo-0001257712,"sattaban (สัตบรรณ)(Central, Khmer-Chanthaburi)",ver-THA-0001257712.08,0.0,ref-THA-0001257712,TH,THA,https://botany.dnp.go.th/eflora/floraspecies.html?tdcode=02168,"Alstonia scholaris. Flora of Thailand. Vol. 7. Part 1, 1999. Pg. 45. Accessed 2021-07-31",Forest Herbarium,All rights reserved
wfo-0000953059,sia (เซียะ)(Peninsular),ver-THA-0000953059.01,0.0,ref-THA-0000953059,TH,THA,https://botany.dnp.go.th/eflora/floraspecies.html?tdcode=02169,"Alstonia spatulata. Flora of Thailand. Vol. 7. Part 1, 1999. Pg. 46. Accessed 2021-07-31",Forest Herbarium,All rights reserved
wfo-0000953059,tinpet phru (ตีนเป็ดพรุ)(Peninsular),ver-THA-0000953059.02,0.0,ref-THA-0000953059,TH,THA,https://botany.dnp.go.th/eflora/floraspecies.html?tdcode=02169,"Alstonia spatulata. Flora of Thailand. Vol. 7. Part 1, 1999. Pg. 46. Accessed 2021-07-31",Forest Herbarium,All rights reserved
wfo-0000953059,thia (เทียะ)(Peninsular),ver-THA-0000953059.03,0.0,ref-THA-0000953059,TH,THA,https://botany.dnp.go.th/eflora/floraspecies.html?tdcode=02169,"Alstonia spatulata. Flora of Thailand. Vol. 7. Part 1, 1999. Pg. 46. Accessed 2021-07-31",Forest Herbarium,All rights reserved
wfo-0000956024,"chalut (ชะลูด)(Central, Trat)",ver-THA-0000956024.01,0.0,ref-THA-0000956024,TH,THA,https://botany.dnp.go.th/eflora/floraspecies.html?tdcode=02179,"Alyxia reinwardtii. Flora of Thailand. Vol. 7. Part 1, 1999. Pg. 55. Accessed 2021-07-31",Forest Herbarium,All rights reserved
wfo-0000956024,lut (ลูด)(Pattani),ver-THA-0000956024.02,0.0,ref-THA-0000956024,TH,THA,https://botany.dnp.go.th/eflora/floraspecies.html?tdcode=02179,"Alyxia reinwardtii. Flora of Thailand. Vol. 7. Part 1, 1999. Pg. 55. Accessed 2021-07-31",Forest Herbarium,All rights reserved
wfo-0000956024,"nut (นูด)(Trang, Surat Thani)",ver-THA-0000956024.03,0.0,ref-THA-0000956024,TH,THA,https://botany.dnp.go.th/eflora/floraspecies.html?tdcode=02179,"Alyxia reinwardtii. Flora of Thailand. Vol. 7. Part 1, 1999. Pg. 55. Accessed 2021-07-31",Forest Herbarium,All rights reserved
wfo-0000956428,khruea khao muak (เครือข้าวมวก)(Chiang Mai),ver-THA-0000956428.01,0.0,ref-THA-0000956428,TH,THA,https://botany.dnp.go.th/eflora/floraspecies.html?tdcode=02181,"Alyxia siamensis. Flora of Thailand. Vol. 7. Part 1, 1999. Pg. 58. Accessed 2021-07-31",Forest Herbarium,All rights reserved
wfo-0000957585,khruea kio kha (เครือกิ่วคา)(Chiang Mai),ver-THA-0000957585.01,0.0,ref-THA-0000957585,TH,THA,https://botany.dnp.go.th/eflora/floraspecies.html?tdcode=02262,"Amalocalyx microlobus. Flora of Thailand. Vol. 7. Part 1, 1999. Pg. 125. Accessed 2021-07-31",Forest Herbarium,All rights reserved
wfo-0000957585,khruea khao nueng (เครือข้าวนึ่ง)(Chiang Mai),ver-THA-0000957585.02,0.0,ref-THA-0000957585,TH,THA,https://botany.dnp.go.th/eflora/floraspecies.html?tdcode=02262,"Amalocalyx microlobus. Flora of Thailand. Vol. 7. Part 1, 1999. Pg. 125. Accessed 2021-07-31",Forest Herbarium,All rights reserved
wfo-0000957585,yang samut (หยั่งสมุทร)(Chiang Mai),ver-THA-0000957585.03,0.0,ref-THA-0000957585,TH,THA,https://botany.dnp.go.th/eflora/floraspecies.html?tdcode=02262,"Amalocalyx microlobus. Flora of Thailand. Vol. 7. Part 1, 1999. Pg. 125. Accessed 2021-07-31",Forest Herbarium,All rights reserved
wfo-0000957585,taeng thuan (แตงเถื่อน)(Chiang Rai),ver-THA-0000957585.04,0.0,ref-THA-0000957585,TH,THA,https://botany.dnp.go.th/eflora/floraspecies.html?tdcode=02262,"Amalocalyx microlobus. Flora of Thailand. Vol. 7. Part 1, 1999. Pg. 125. Accessed 2021-07-31",Forest Herbarium,All rights reserved
wfo-0000957585,ma kha naeng (มะคะแนง)(Northern),ver-THA-0000957585.05,0.0,ref-THA-0000957585,TH,THA,https://botany.dnp.go.th/eflora/floraspecies.html?tdcode=02262,"Amalocalyx microlobus. Flora of Thailand. Vol. 7. Part 1, 1999. Pg. 125. Accessed 2021-07-31",Forest Herbarium,All rights reserved
wfo-0000957585,ma chinda (มะจินดา)(Northern),ver-THA-0000957585.06,0.0,ref-THA-0000957585,TH,THA,https://botany.dnp.go.th/eflora/floraspecies.html?tdcode=02262,"Amalocalyx microlobus. Flora of Thailand. Vol. 7. Part 1, 1999. Pg. 125. Accessed 2021-07-31",Forest Herbarium,All rights reserved
wfo-0000957585,som ma ngaeng (ส้มมะแง่ง)(Northern),ver-THA-0000957585.07,0.0,ref-THA-0000957585,TH,THA,https://botany.dnp.go.th/eflora/floraspecies.html?tdcode=02262,"Amalocalyx microlobus. Flora of Thailand. Vol. 7. Part 1, 1999. Pg. 125. Accessed 2021-07-31",Forest Herbarium,All rights reserved
wfo-0000957585,som chinda (ส้มจินดา)(Northern),ver-THA-0000957585.08,0.0,ref-THA-0000957585,TH,THA,https://botany.dnp.go.th/eflora/floraspecies.html?tdcode=02262,"Amalocalyx microlobus. Flora of Thailand. Vol. 7. Part 1, 1999. Pg. 125. Accessed 2021-07-31",Forest Herbarium,All rights reserved
wfo-0000957585,som chi (ส้มจี)(Northern),ver-THA-0000957585.09,0.0,ref-THA-0000957585,TH,THA,https://botany.dnp.go.th/eflora/floraspecies.html?tdcode=02262,"Amalocalyx microlobus. Flora of Thailand. Vol. 7. Part 1, 1999. Pg. 125. Accessed 2021-07-31",Forest Herbarium,All rights reserved
wfo-0000957585,som pong (ส้มป่อง)(Northern),ver-THA-0000957585.10,0.0,ref-THA-0000957585,TH,THA,https://botany.dnp.go.th/eflora/floraspecies.html?tdcode=02262,"Amalocalyx microlobus. Flora of Thailand. Vol. 7. Part 1, 1999. Pg. 125. Accessed 2021-07-31",Forest Herbarium,All rights reserved
wfo-0000957585,som sian (ส้มเสี้ยน)(Northern),ver-THA-0000957585.11,0.0,ref-THA-0000957585,TH,THA,https://botany.dnp.go.th/eflora/floraspecies.html?tdcode=02262,"Amalocalyx microlobus. Flora of Thailand. Vol. 7. Part 1, 1999. Pg. 125. Accessed 2021-07-31",Forest Herbarium,All rights reserved
wfo-0000530896,mai Khan (ไม้ขัน)(Peninsular),ver-THA-0000530896.01,0.0,ref-THA-0000530896,TH,THA,https://botany.dnp.go.th/eflora/floraspecies.html?tdcode=02329,"Amesiodendron chinense. Flora of Thailand. Vol. 7. Part 1, 1999. Pg. 183. Accessed 2021-07-31",Forest Herbarium,All rights reserved
wfo-0000530896,khan (ขัน)(Peninsular),ver-THA-0000530896.02,0.0,ref-THA-0000530896,TH,THA,https://botany.dnp.go.th/eflora/floraspecies.html?tdcode=02329,"Amesiodendron chinense. Flora of Thailand. Vol. 7. Part 1, 1999. Pg. 183. Accessed 2021-07-31",Forest Herbarium,All rights reserved
wfo-0000216131,phi-pha-du (พิผะดุ่)(Karen-Chiang Mai),ver-THA-0000216131.01,0.0,ref-THA-0000216131,TH,THA,https://botany.dnp.go.th/eflora/floraspecies.html?tdcode=02268,"Anodendron paniculatum. Flora of Thailand. Vol. 7. Part 1, 1999. Pg. 129. Accessed 2021-07-31",Forest Herbarium,All rights reserved
wfo-0000216131,yang nong thao (ยางน่องเถา)(Prachinburi),ver-THA-0000216131.02,0.0,ref-THA-0000216131,TH,THA,https://botany.dnp.go.th/eflora/floraspecies.html?tdcode=02268,"Anodendron paniculatum. Flora of Thailand. Vol. 7. Part 1, 1999. Pg. 129. Accessed 2021-07-31",Forest Herbarium,All rights reserved
wfo-0000216131,thao yang nong (เถายางน่อง)(Trat),ver-THA-0000216131.03,0.0,ref-THA-0000216131,TH,THA,https://botany.dnp.go.th/eflora/floraspecies.html?tdcode=02268,"Anodendron paniculatum. Flora of Thailand. Vol. 7. Part 1, 1999. Pg. 129. Accessed 2021-07-31",Forest Herbarium,All rights reserved
wfo-0000216131,yan tum (ย่านตุ่ม)(Trang),ver-THA-0000216131.04,0.0,ref-THA-0000216131,TH,THA,https://botany.dnp.go.th/eflora/floraspecies.html?tdcode=02268,"Anodendron paniculatum. Flora of Thailand. Vol. 7. Part 1, 1999. Pg. 129. Accessed 2021-07-31",Forest Herbarium,All rights reserved
wfo-0000546980,chang phueak (ช้างเผือก)(Northern),ver-THA-0000546980.01,0.0,ref-THA-0000546980,TH,THA,https://botany.dnp.go.th/eflora/floraspecies.html?tdcode=02331,"Arfeuillea arborescens. Flora of Thailand. Vol. 7. Part 1, 1999. Pg. 185. Accessed 2021-07-31",Forest Herbarium,All rights reserved
wfo-0000546980,talai khongkha (ตะไลคงคา)(Northern),ver-THA-0000546980.02,0.0,ref-THA-0000546980,TH,THA,https://botany.dnp.go.th/eflora/floraspecies.html?tdcode=02331,"Arfeuillea arborescens. Flora of Thailand. Vol. 7. Part 1, 1999. Pg. 185. Accessed 2021-07-31",Forest Herbarium,All rights reserved
wfo-0000546980,samui kui (สมุยกุย)(Eastern),ver-THA-0000546980.03,0.0,ref-THA-0000546980,TH,THA,https://botany.dnp.go.th/eflora/floraspecies.html?tdcode=02331,"Arfeuillea arborescens. Flora of Thailand. Vol. 7. Part 1, 1999. Pg. 185. Accessed 2021-07-31",Forest Herbarium,All rights reserved
wfo-0000546980,maklek maknoi (หมากเล็กหมากน้อย)(Southwestern),ver-THA-0000546980.04,0.0,ref-THA-0000546980,TH,THA,https://botany.dnp.go.th/eflora/floraspecies.html?tdcode=02331,"Arfeuillea arborescens. Flora of Thailand. Vol. 7. Part 1, 1999. Pg. 185. Accessed 2021-07-31",Forest Herbarium,All rights reserved
wfo-0000546980,talai (ตะไล)(Southwestern),ver-THA-0000546980.05,0.0,ref-THA-0000546980,TH,THA,https://botany.dnp.go.th/eflora/floraspecies.html?tdcode=02331,"Arfeuillea arborescens. Flora of Thailand. Vol. 7. Part 1, 1999. Pg. 185. Accessed 2021-07-31",Forest Herbarium,All rights reserved
wfo-0000546980,khongkha dueat (คงคาเดือด)(Central),ver-THA-0000546980.06,0.0,ref-THA-0000546980,TH,THA,https://botany.dnp.go.th/eflora/floraspecies.html?tdcode=02331,"Arfeuillea arborescens. Flora of Thailand. Vol. 7. Part 1, 1999. Pg. 185. Accessed 2021-07-31",Forest Herbarium,All rights reserved
wfo-0000550703,si puk dong (ซิปักดอง)(Northern),ver-THA-0000550703.01,0.0,ref-THA-0000550703,TH,THA,https://botany.dnp.go.th/eflora/floraspecies.html?tdcode=02333,"Arytera litoralis. Flora of Thailand. Vol. 7. Part 1, 1999. Pg. 187. Accessed 2021-07-31",Forest Herbarium,All rights reserved
wfo-0000550703,kho kan (คอก่าน)(South eastern),ver-THA-0000550703.02,0.0,ref-THA-0000550703,TH,THA,https://botany.dnp.go.th/eflora/floraspecies.html?tdcode=02333,"Arytera litoralis. Flora of Thailand. Vol. 7. Part 1, 1999. Pg. 187. Accessed 2021-07-31",Forest Herbarium,All rights reserved
wfo-0000550703,taet ling (แตดลิง)(Peninsular),ver-THA-0000550703.03,0.0,ref-THA-0000550703,TH,THA,https://botany.dnp.go.th/eflora/floraspecies.html?tdcode=02333,"Arytera litoralis. Flora of Thailand. Vol. 7. Part 1, 1999. Pg. 187. Accessed 2021-07-31",Forest Herbarium,All rights reserved
wfo-0000550703,sifan (สีฟัน)(Peninsular),ver-THA-0000550703.04,0.0,ref-THA-0000550703,TH,THA,https://botany.dnp.go.th/eflora/floraspecies.html?tdcode=02333,"Arytera litoralis. Flora of Thailand. Vol. 7. Part 1, 1999. Pg. 187. Accessed 2021-07-31",Forest Herbarium,All rights reserved
wfo-0000550703,thop thap (ถอบแถบ)(Peninsular),ver-THA-0000550703.05,0.0,ref-THA-0000550703,TH,THA,https://botany.dnp.go.th/eflora/floraspecies.html?tdcode=02333,"Arytera litoralis. Flora of Thailand. Vol. 7. Part 1, 1999. Pg. 187. Accessed 2021-07-31",Forest Herbarium,All rights reserved
wfo-0000550703,ka-lue-pa-ya-mo (กาลือปายาเมาะ)(Malay-Peninsular),ver-THA-0000550703.06,0.0,ref-THA-0000550703,TH,THA,https://botany.dnp.go.th/eflora/floraspecies.html?tdcode=02333,"Arytera litoralis. Flora of Thailand. Vol. 7. Part 1, 1999. Pg. 187. Accessed 2021-07-31",Forest Herbarium,All rights reserved
wfo-0000321708,hiranyika (หิรัญญิการ์)(Central),ver-THA-0000321708.01,0.0,ref-THA-0000321708,TH,THA,https://botany.dnp.go.th/eflora/floraspecies.html?tdcode=02232,"Beaumontia grandiflora. Flora of Thailand. Vol. 7. Part 1, 1999. Pg. 101. Accessed 2021-07-31",Forest Herbarium,All rights reserved
wfo-0000321708,tao tum yam chang (เถาตุ้มยำช้าง)(Northern),ver-THA-0000321708.02,0.0,ref-THA-0000321708,TH,THA,https://botany.dnp.go.th/eflora/floraspecies.html?tdcode=02232,"Beaumontia grandiflora. Flora of Thailand. Vol. 7. Part 1, 1999. Pg. 101. Accessed 2021-07-31",Forest Herbarium,All rights reserved
wfo-0000321774,muan tum (มวนตุ้ม)(Peninsular),ver-THA-0000321774.01,0.0,ref-THA-0000321774,TH,THA,https://botany.dnp.go.th/eflora/floraspecies.html?tdcode=02233,"Beaumontia macrantha. Flora of Thailand. Vol. 7. Part 1, 1999. Pg. 101. Accessed 2021-07-31",Forest Herbarium,All rights reserved
wfo-0000587875,luplip khruea (ลูบลีบเครือ)(Northern),ver-THA-0000587875.01,0.0,ref-THA-0000587875,TH,THA,https://botany.dnp.go.th/eflora/floraspecies.html?tdcode=02335,"Cardiospermum halicacabum. Flora of Thailand. Vol. 7. Part 1, 1999. Pg. 189. Accessed 2021-07-31",Forest Herbarium,All rights reserved
wfo-0000587875,ka khom (กะคอม)(Central),ver-THA-0000587875.02,0.0,ref-THA-0000587875,TH,THA,https://botany.dnp.go.th/eflora/floraspecies.html?tdcode=02335,"Cardiospermum halicacabum. Flora of Thailand. Vol. 7. Part 1, 1999. Pg. 189. Accessed 2021-07-31",Forest Herbarium,All rights reserved
wfo-0000587875,"khok kra om (โคกกระออม)(Central, Peninsular)",ver-THA-0000587875.03,0.0,ref-THA-0000587875,TH,THA,https://botany.dnp.go.th/eflora/floraspecies.html?tdcode=02335,"Cardiospermum halicacabum. Flora of Thailand. Vol. 7. Part 1, 1999. Pg. 189. Accessed 2021-07-31",Forest Herbarium,All rights reserved
wfo-0000587875,wiwi (วิวี)(Southeastern),ver-THA-0000587875.04,0.0,ref-THA-0000587875,TH,THA,https://botany.dnp.go.th/eflora/floraspecies.html?tdcode=02335,"Cardiospermum halicacabum. Flora of Thailand. Vol. 7. Part 1, 1999. Pg. 189. Accessed 2021-07-31",Forest Herbarium,All rights reserved
wfo-0000587875,pho om (โพออม)(Peninsular),ver-THA-0000587875.05,0.0,ref-THA-0000587875,TH,THA,https://botany.dnp.go.th/eflora/floraspecies.html?tdcode=02335,"Cardiospermum halicacabum. Flora of Thailand. Vol. 7. Part 1, 1999. Pg. 189. Accessed 2021-07-31",Forest Herbarium,All rights reserved
wfo-0000803077,manao mairuho (มะนาวไม่รู้โห่)(Central),ver-THA-0000803077.01,0.0,ref-THA-0000803077,TH,THA,https://botany.dnp.go.th/eflora/floraspecies.html?tdcode=02127,"Carissa carandas. Flora of Thailand. Vol. 7. Part 1, 1999. Pg. 11. Accessed 2021-07-31",Forest Herbarium,All rights reserved
wfo-0000803077,manao ho (มะนาวโห่)(Peninsular),ver-THA-0000803077.02,0.0,ref-THA-0000803077,TH,THA,https://botany.dnp.go.th/eflora/floraspecies.html?tdcode=02127,"Carissa carandas. Flora of Thailand. Vol. 7. Part 1, 1999. Pg. 11. Accessed 2021-07-31",Forest Herbarium,All rights reserved
wfo-0000803077,nam khihaet (หนามขี้แฮด)(Chiang Mai),ver-THA-0000803077.03,0.0,ref-THA-0000803077,TH,THA,https://botany.dnp.go.th/eflora/floraspecies.html?tdcode=02127,"Carissa carandas. Flora of Thailand. Vol. 7. Part 1, 1999. Pg. 11. Accessed 2021-07-31",Forest Herbarium,All rights reserved
wfo-0000803077,nam daeng (หนามแดง)(Bangkok),ver-THA-0000803077.04,0.0,ref-THA-0000803077,TH,THA,https://botany.dnp.go.th/eflora/floraspecies.html?tdcode=02127,"Carissa carandas. Flora of Thailand. Vol. 7. Part 1, 1999. Pg. 11. Accessed 2021-07-31",Forest Herbarium,All rights reserved
wfo-0000803913,khihaet (ขี้แฮด)(Northern),ver-THA-0000803913.01,0.0,ref-THA-0000803913,TH,THA,https://botany.dnp.go.th/eflora/floraspecies.html?tdcode=02128,"Carissa spinarum. Flora of Thailand. Vol. 7. Part 1, 1999. Pg. 11. Accessed 2021-07-31",Forest Herbarium,All rights reserved
wfo-0000803913,"phrom (พรม)(Northeastern, Central, Southeastern)",ver-THA-0000803913.02,0.0,ref-THA-0000803913,TH,THA,https://botany.dnp.go.th/eflora/floraspecies.html?tdcode=02128,"Carissa spinarum. Flora of Thailand. Vol. 7. Part 1, 1999. Pg. 11. Accessed 2021-07-31",Forest Herbarium,All rights reserved
wfo-0000803913,"nam phrom (หนามพรม)(Northeastern, Central, Southeastern)",ver-THA-0000803913.03,0.0,ref-THA-0000803913,TH,THA,https://botany.dnp.go.th/eflora/floraspecies.html?tdcode=02128,"Carissa spinarum. Flora of Thailand. Vol. 7. Part 1, 1999. Pg. 11. Accessed 2021-07-31",Forest Herbarium,All rights reserved
wfo-0000834469,rak khao (รักขาว)(Chanthaburi),ver-THA-0000834469.01,0.0,ref-THA-0000834469,TH,THA,https://botany.dnp.go.th/eflora/floraspecies.html?tdcode=02192,"Cerbera manghas. Flora of Thailand. Vol. 7. Part 1, 1999. Pg. 67. Accessed 2021-07-31",Forest Herbarium,All rights reserved
wfo-0000834469,pakpet (ปากเป็ด)(Trat),ver-THA-0000834469.02,0.0,ref-THA-0000834469,TH,THA,https://botany.dnp.go.th/eflora/floraspecies.html?tdcode=02192,"Cerbera manghas. Flora of Thailand. Vol. 7. Part 1, 1999. Pg. 67. Accessed 2021-07-31",Forest Herbarium,All rights reserved
wfo-0000834469,nien nu (เนียนหนู)(Satun),ver-THA-0000834469.03,0.0,ref-THA-0000834469,TH,THA,https://botany.dnp.go.th/eflora/floraspecies.html?tdcode=02192,"Cerbera manghas. Flora of Thailand. Vol. 7. Part 1, 1999. Pg. 67. Accessed 2021-07-31",Forest Herbarium,All rights reserved
wfo-0000834469,thian nu (เทียนหนู)(Satun),ver-THA-0000834469.04,0.0,ref-THA-0000834469,TH,THA,https://botany.dnp.go.th/eflora/floraspecies.html?tdcode=02192,"Cerbera manghas. Flora of Thailand. Vol. 7. Part 1, 1999. Pg. 67. Accessed 2021-07-31",Forest Herbarium,All rights reserved
wfo-0000834469,ma-ta-ko (มะตากอ)(Malay-Narathiwat),ver-THA-0000834469.05,0.0,ref-THA-0000834469,TH,THA,https://botany.dnp.go.th/eflora/floraspecies.html?tdcode=02192,"Cerbera manghas. Flora of Thailand. Vol. 7. Part 1, 1999. Pg. 67. Accessed 2021-07-31",Forest Herbarium,All rights reserved
wfo-0000834592,tinpet (ตีนเป็ด)(Central),ver-THA-0000834592.01,0.0,ref-THA-0000834592,TH,THA,https://botany.dnp.go.th/eflora/floraspecies.html?tdcode=02193,"Cerbera odollam. Flora of Thailand. Vol. 7. Part 1, 1999. Pg. 67. Accessed 2021-07-31",Forest Herbarium,All rights reserved
wfo-0000834592,tinpet nam (ตีนเป็ดน้ำ)(Central),ver-THA-0000834592.02,0.0,ref-THA-0000834592,TH,THA,https://botany.dnp.go.th/eflora/floraspecies.html?tdcode=02193,"Cerbera odollam. Flora of Thailand. Vol. 7. Part 1, 1999. Pg. 67. Accessed 2021-07-31",Forest Herbarium,All rights reserved
wfo-0000834592,tinpet thale (ตีนเป็ดทะเล)(Central),ver-THA-0000834592.03,0.0,ref-THA-0000834592,TH,THA,https://botany.dnp.go.th/eflora/floraspecies.html?tdcode=02193,"Cerbera odollam. Flora of Thailand. Vol. 7. Part 1, 1999. Pg. 67. Accessed 2021-07-31",Forest Herbarium,All rights reserved
wfo-0000834592,sang la (สั่งลา)(Krabi),ver-THA-0000834592.04,0.0,ref-THA-0000834592,TH,THA,https://botany.dnp.go.th/eflora/floraspecies.html?tdcode=02193,"Cerbera odollam. Flora of Thailand. Vol. 7. Part 1, 1999. Pg. 67. Accessed 2021-07-31",Forest Herbarium,All rights reserved
wfo-0000843313,kop nang (กอบนาง)(Nakhon Si Thammarat),ver-THA-0000843313.01,0.0,ref-THA-0000843313,TH,THA,https://botany.dnp.go.th/eflora/floraspecies.html?tdcode=02145,"Chilocarpus costatus. Flora of Thailand. Vol. 7. Part 1, 1999. Pg. 26. Accessed 2021-07-31",Forest Herbarium,All rights reserved
wfo-0000843313,yan kop nang (ย่านกอบนาง)(Nakhon Si Thammarat),ver-THA-0000843313.02,0.0,ref-THA-0000843313,TH,THA,https://botany.dnp.go.th/eflora/floraspecies.html?tdcode=02145,"Chilocarpus costatus. Flora of Thailand. Vol. 7. Part 1, 1999. Pg. 26. Accessed 2021-07-31",Forest Herbarium,All rights reserved
wfo-0000843376,yan plong thong (ย่านปล้องทอง)(Phangnga),ver-THA-0000843376.01,0.0,ref-THA-0000843376,TH,THA,https://botany.dnp.go.th/eflora/floraspecies.html?tdcode=02146,"Chilocarpus denudatus. Flora of Thailand. Vol. 7. Part 1, 1999. Pg. 27. Accessed 2021-07-31",Forest Herbarium,All rights reserved
wfo-0000851743,mok doi (โมกดอย)(Chiang Mai),ver-THA-0000851743.01,0.0,ref-THA-0000851743,TH,THA,https://botany.dnp.go.th/eflora/floraspecies.html?tdcode=02258,"Chonemorpha griffithii. Flora of Thailand. Vol. 7. Part 1, 1999. Pg. 122. Accessed 2021-07-31",Forest Herbarium,All rights reserved
wfo-0000653170,chumhet le (ชุมเห็ดเล)(Peninsular),ver-THA-0000653170.01,0.0,ref-THA-0000653170,TH,THA,https://botany.dnp.go.th/eflora/floraspecies.html?tdcode=02345,"Dodonaea viscosa. Flora of Thailand. Vol. 7. Part 1, 1999. Pg. 196. Accessed 2021-07-31",Forest Herbarium,All rights reserved
wfo-0000653170,mai khwat (ไม้ขวาด)(Peninsular),ver-THA-0000653170.02,0.0,ref-THA-0000653170,TH,THA,https://botany.dnp.go.th/eflora/floraspecies.html?tdcode=02345,"Dodonaea viscosa. Flora of Thailand. Vol. 7. Part 1, 1999. Pg. 196. Accessed 2021-07-31",Forest Herbarium,All rights reserved
wfo-0000653170,tam sao nu (ตำเสาหนู)(Peninsular),ver-THA-0000653170.03,0.0,ref-THA-0000653170,TH,THA,https://botany.dnp.go.th/eflora/floraspecies.html?tdcode=02345,"Dodonaea viscosa. Flora of Thailand. Vol. 7. Part 1, 1999. Pg. 196. Accessed 2021-07-31",Forest Herbarium,All rights reserved
wfo-0000946993,tinpet daeng (ตีนเป็ดแดง)(Peninsular),ver-THA-0000946993.01,0.0,ref-THA-0000946993,TH,THA,https://botany.dnp.go.th/eflora/floraspecies.html?tdcode=02158,"Dyera costulata. Flora of Thailand. Vol. 7. Part 1, 1999. Pg. 37. Accessed 2021-07-31",Forest Herbarium,All rights reserved
wfo-0000946993,"jelutong (เยลูตง)(Malay Yala, Pattani)",ver-THA-0000946993.02,0.0,ref-THA-0000946993,TH,THA,https://botany.dnp.go.th/eflora/floraspecies.html?tdcode=02158,"Dyera costulata. Flora of Thailand. Vol. 7. Part 1, 1999. Pg. 37. Accessed 2021-07-31",Forest Herbarium,All rights reserved
wfo-0000946993,lutong (ลูตง)(Malay-Narathiwat),ver-THA-0000946993.03,0.0,ref-THA-0000946993,TH,THA,https://botany.dnp.go.th/eflora/floraspecies.html?tdcode=02158,"Dyera costulata. Flora of Thailand. Vol. 7. Part 1, 1999. Pg. 37. Accessed 2021-07-31",Forest Herbarium,All rights reserved
wfo-0000951905,yan mu (ย่านมุ)(Nakhon Si Thammarat),ver-THA-0000951905.01,0.0,ref-THA-0000951905,TH,THA,https://botany.dnp.go.th/eflora/floraspecies.html?tdcode=02253,"Epigynum auritum. Flora of Thailand. Vol. 7. Part 1, 1999. Pg. 118. Accessed 2021-07-31",Forest Herbarium,All rights reserved
wfo-0000951905,khem tao (เข็มเถา)(Trat),ver-THA-0000951905.02,0.0,ref-THA-0000951905,TH,THA,https://botany.dnp.go.th/eflora/floraspecies.html?tdcode=02253,"Epigynum auritum. Flora of Thailand. Vol. 7. Part 1, 1999. Pg. 118. Accessed 2021-07-31",Forest Herbarium,All rights reserved
wfo-0000951905,mok khao (โมกเขา)(Surat Thani),ver-THA-0000951905.03,0.0,ref-THA-0000951905,TH,THA,https://botany.dnp.go.th/eflora/floraspecies.html?tdcode=02253,"Epigynum auritum. Flora of Thailand. Vol. 7. Part 1, 1999. Pg. 118. Accessed 2021-07-31",Forest Herbarium,All rights reserved
wfo-0000951905,nuan khao (นวลขาว)(Surat Thani),ver-THA-0000951905.04,0.0,ref-THA-0000951905,TH,THA,https://botany.dnp.go.th/eflora/floraspecies.html?tdcode=02253,"Epigynum auritum. Flora of Thailand. Vol. 7. Part 1, 1999. Pg. 118. Accessed 2021-07-31",Forest Herbarium,All rights reserved
wfo-0000951905,yan kho laen (ย่านคอแลน)(Trang),ver-THA-0000951905.05,0.0,ref-THA-0000951905,TH,THA,https://botany.dnp.go.th/eflora/floraspecies.html?tdcode=02253,"Epigynum auritum. Flora of Thailand. Vol. 7. Part 1, 1999. Pg. 118. Accessed 2021-07-31",Forest Herbarium,All rights reserved
wfo-0000951914,thao tao hai (เถาเต่าไห้)(Chanthaburi),ver-THA-0000951914.01,0.0,ref-THA-0000951914,TH,THA,https://botany.dnp.go.th/eflora/floraspecies.html?tdcode=02255,"Epigynum griffithianum. Flora of Thailand. Vol. 7. Part 1, 1999. Pg. 121. Accessed 2021-07-31",Forest Herbarium,All rights reserved
wfo-0000951914,malo (มะลอ)(Pattani),ver-THA-0000951914.02,0.0,ref-THA-0000951914,TH,THA,https://botany.dnp.go.th/eflora/floraspecies.html?tdcode=02255,"Epigynum griffithianum. Flora of Thailand. Vol. 7. Part 1, 1999. Pg. 121. Accessed 2021-07-31",Forest Herbarium,All rights reserved
wfo-0000690971,tan sian (ตานเสี้ยน)(Central),ver-THA-0000690971.01,0.0,ref-THA-0000690971,TH,THA,https://botany.dnp.go.th/eflora/floraspecies.html?tdcode=02347,"Filicium decipiens. Flora of Thailand. Vol. 7. Part 1, 1999. Pg. 198. Accessed 2021-07-31",Forest Herbarium,All rights reserved
wfo-0000694102,sadao daeng (สะเดาแดง)(Peninsular),ver-THA-0000694102.01,0.0,ref-THA-0000694102,TH,THA,https://botany.dnp.go.th/eflora/floraspecies.html?tdcode=02349,"Ganophyllum falcatum. Flora of Thailand. Vol. 7. Part 1, 1999. Pg. 200. Accessed 2021-07-31",Forest Herbarium,All rights reserved
wfo-0000711881,"taet ling (แตดลิง)(Southeastern, Peninsular)",ver-THA-0000711881.01,0.0,ref-THA-0000711881,TH,THA,https://botany.dnp.go.th/eflora/floraspecies.html?tdcode=02355,"Guioa pleuropteris. Flora of Thailand. Vol. 7. Part 1, 1999. Pg. 205. Accessed 2021-07-31",Forest Herbarium,All rights reserved
wfo-0000711881,dok din (ดอกดิน)(Peninsular),ver-THA-0000711881.02,0.0,ref-THA-0000711881,TH,THA,https://botany.dnp.go.th/eflora/floraspecies.html?tdcode=02355,"Guioa pleuropteris. Flora of Thailand. Vol. 7. Part 1, 1999. Pg. 205. Accessed 2021-07-31",Forest Herbarium,All rights reserved
wfo-0000711881,ka ling (กะลิง)(Peninsular),ver-THA-0000711881.03,0.0,ref-THA-0000711881,TH,THA,https://botany.dnp.go.th/eflora/floraspecies.html?tdcode=02355,"Guioa pleuropteris. Flora of Thailand. Vol. 7. Part 1, 1999. Pg. 205. Accessed 2021-07-31",Forest Herbarium,All rights reserved
wfo-0000711881,ka-lu-pae ya-mo (กะลูแปยาโมะ)(Malay-Narathiwat),ver-THA-0000711881.04,0.0,ref-THA-0000711881,TH,THA,https://botany.dnp.go.th/eflora/floraspecies.html?tdcode=02355,"Guioa pleuropteris. Flora of Thailand. Vol. 7. Part 1, 1999. Pg. 205. Accessed 2021-07-31",Forest Herbarium,All rights reserved
wfo-0000711881,ling (ลิง)(Peninsular),ver-THA-0000711881.05,0.0,ref-THA-0000711881,TH,THA,https://botany.dnp.go.th/eflora/floraspecies.html?tdcode=02355,"Guioa pleuropteris. Flora of Thailand. Vol. 7. Part 1, 1999. Pg. 205. Accessed 2021-07-31",Forest Herbarium,All rights reserved
wfo-0000711881,mai sifan (ไม้สีฟัน)(Peninsular),ver-THA-0000711881.06,0.0,ref-THA-0000711881,TH,THA,https://botany.dnp.go.th/eflora/floraspecies.html?tdcode=02355,"Guioa pleuropteris. Flora of Thailand. Vol. 7. Part 1, 1999. Pg. 205. Accessed 2021-07-31",Forest Herbarium,All rights reserved
wfo-0000711881,pa tae ling (พะแต้ลิง)(Peninsular),ver-THA-0000711881.07,0.0,ref-THA-0000711881,TH,THA,https://botany.dnp.go.th/eflora/floraspecies.html?tdcode=02355,"Guioa pleuropteris. Flora of Thailand. Vol. 7. Part 1, 1999. Pg. 205. Accessed 2021-07-31",Forest Herbarium,All rights reserved
wfo-0000711881,sifan (สีฟัน)(Peninsular),ver-THA-0000711881.08,0.0,ref-THA-0000711881,TH,THA,https://botany.dnp.go.th/eflora/floraspecies.html?tdcode=02355,"Guioa pleuropteris. Flora of Thailand. Vol. 7. Part 1, 1999. Pg. 205. Accessed 2021-07-31",Forest Herbarium,All rights reserved
wfo-0000711881,som ling (ส้มลิง)(Peninsular),ver-THA-0000711881.09,0.0,ref-THA-0000711881,TH,THA,https://botany.dnp.go.th/eflora/floraspecies.html?tdcode=02355,"Guioa pleuropteris. Flora of Thailand. Vol. 7. Part 1, 1999. Pg. 205. Accessed 2021-07-31",Forest Herbarium,All rights reserved
wfo-0000711881,thop taep (ถอบแถบ)(Peninsular),ver-THA-0000711881.10,0.0,ref-THA-0000711881,TH,THA,https://botany.dnp.go.th/eflora/floraspecies.html?tdcode=02355,"Guioa pleuropteris. Flora of Thailand. Vol. 7. Part 1, 1999. Pg. 205. Accessed 2021-07-31",Forest Herbarium,All rights reserved
wfo-0000715815,hang kaen (หางแก่น)(Northern),ver-THA-0000715815.01,0.0,ref-THA-0000715815,TH,THA,https://botany.dnp.go.th/eflora/floraspecies.html?tdcode=02357,"Harpullia arborea. Flora of Thailand. Vol. 7. Part 1, 1999. Pg. 209. Accessed 2021-07-31",Forest Herbarium,All rights reserved
wfo-0000715815,hom klai dong (หอมไกลดง)(Northern),ver-THA-0000715815.02,0.0,ref-THA-0000715815,TH,THA,https://botany.dnp.go.th/eflora/floraspecies.html?tdcode=02357,"Harpullia arborea. Flora of Thailand. Vol. 7. Part 1, 1999. Pg. 209. Accessed 2021-07-31",Forest Herbarium,All rights reserved
wfo-0000715815,krapok ma (กระโปกหมา)(Northern),ver-THA-0000715815.03,0.0,ref-THA-0000715815,TH,THA,https://botany.dnp.go.th/eflora/floraspecies.html?tdcode=02357,"Harpullia arborea. Flora of Thailand. Vol. 7. Part 1, 1999. Pg. 209. Accessed 2021-07-31",Forest Herbarium,All rights reserved
wfo-0000715815,"krapok ling (กระโปกลิง)(Northeastern, Central)",ver-THA-0000715815.04,0.0,ref-THA-0000715815,TH,THA,https://botany.dnp.go.th/eflora/floraspecies.html?tdcode=02357,"Harpullia arborea. Flora of Thailand. Vol. 7. Part 1, 1999. Pg. 209. Accessed 2021-07-31",Forest Herbarium,All rights reserved
wfo-0000715826,ba han than (บาหานธาร)(Northern),ver-THA-0000715826.01,0.0,ref-THA-0000715826,TH,THA,https://botany.dnp.go.th/eflora/floraspecies.html?tdcode=02358,"Harpullia cupanioides. Flora of Thailand. Vol. 7. Part 1, 1999. Pg. 211. Accessed 2021-07-31",Forest Herbarium,All rights reserved
wfo-0000715826,khang khao (ขางขาว)(Northern),ver-THA-0000715826.02,0.0,ref-THA-0000715826,TH,THA,https://botany.dnp.go.th/eflora/floraspecies.html?tdcode=02358,"Harpullia cupanioides. Flora of Thailand. Vol. 7. Part 1, 1999. Pg. 211. Accessed 2021-07-31",Forest Herbarium,All rights reserved
wfo-0000715826,luk kapok ma (ลูกกะโปกม้า)(Southeastern),ver-THA-0000715826.03,0.0,ref-THA-0000715826,TH,THA,https://botany.dnp.go.th/eflora/floraspecies.html?tdcode=02358,"Harpullia cupanioides. Flora of Thailand. Vol. 7. Part 1, 1999. Pg. 211. Accessed 2021-07-31",Forest Herbarium,All rights reserved
wfo-0000715826,mai phrik pa (ไม้พริกป่า)(Southeastern),ver-THA-0000715826.04,0.0,ref-THA-0000715826,TH,THA,https://botany.dnp.go.th/eflora/floraspecies.html?tdcode=02358,"Harpullia cupanioides. Flora of Thailand. Vol. 7. Part 1, 1999. Pg. 211. Accessed 2021-07-31",Forest Herbarium,All rights reserved
wfo-0000715826,ngonkai dong (หงอนไก่ดง)(Peninsular),ver-THA-0000715826.05,0.0,ref-THA-0000715826,TH,THA,https://botany.dnp.go.th/eflora/floraspecies.html?tdcode=02358,"Harpullia cupanioides. Flora of Thailand. Vol. 7. Part 1, 1999. Pg. 211. Accessed 2021-07-31",Forest Herbarium,All rights reserved
wfo-0000982759,num nom suea (น้ำนมเสือ)(Phitsanulok),ver-THA-0000982759.01,0.0,ref-THA-0000982759,TH,THA,https://botany.dnp.go.th/eflora/floraspecies.html?tdcode=02200,"Holarrhena curtisii. Flora of Thailand. Vol. 7. Part 1, 1999. Pg. 73. Accessed 2021-07-31",Forest Herbarium,All rights reserved
wfo-0000982759,mok noi (โมกน้อย)(Northern),ver-THA-0000982759.02,0.0,ref-THA-0000982759,TH,THA,https://botany.dnp.go.th/eflora/floraspecies.html?tdcode=02200,"Holarrhena curtisii. Flora of Thailand. Vol. 7. Part 1, 1999. Pg. 73. Accessed 2021-07-31",Forest Herbarium,All rights reserved
wfo-0000982759,phut na (พุดนา)(Central),ver-THA-0000982759.03,0.0,ref-THA-0000982759,TH,THA,https://botany.dnp.go.th/eflora/floraspecies.html?tdcode=02200,"Holarrhena curtisii. Flora of Thailand. Vol. 7. Part 1, 1999. Pg. 73. Accessed 2021-07-31",Forest Herbarium,All rights reserved
wfo-0000982759,phut tung (พุดทุ่ง)(Central),ver-THA-0000982759.04,0.0,ref-THA-0000982759,TH,THA,https://botany.dnp.go.th/eflora/floraspecies.html?tdcode=02200,"Holarrhena curtisii. Flora of Thailand. Vol. 7. Part 1, 1999. Pg. 73. Accessed 2021-07-31",Forest Herbarium,All rights reserved
wfo-0000982759,phut rak sah (พุทธรักษา)(Surat Thani),ver-THA-0000982759.05,0.0,ref-THA-0000982759,TH,THA,https://botany.dnp.go.th/eflora/floraspecies.html?tdcode=02200,"Holarrhena curtisii. Flora of Thailand. Vol. 7. Part 1, 1999. Pg. 73. Accessed 2021-07-31",Forest Herbarium,All rights reserved
wfo-0000982759,hat sakhun yai (หัสคุณใหญ่)(Surat Thani),ver-THA-0000982759.06,0.0,ref-THA-0000982759,TH,THA,https://botany.dnp.go.th/eflora/floraspecies.html?tdcode=02200,"Holarrhena curtisii. Flora of Thailand. Vol. 7. Part 1, 1999. Pg. 73. Accessed 2021-07-31",Forest Herbarium,All rights reserved
wfo-0000982759,hat sakhun tet (หัสคุณเทศ)(Phangnga),ver-THA-0000982759.07,0.0,ref-THA-0000982759,TH,THA,https://botany.dnp.go.th/eflora/floraspecies.html?tdcode=02200,"Holarrhena curtisii. Flora of Thailand. Vol. 7. Part 1, 1999. Pg. 73. Accessed 2021-07-31",Forest Herbarium,All rights reserved
wfo-0000982759,sap pha khun (สรรพคุณ)(Songkhla),ver-THA-0000982759.08,0.0,ref-THA-0000982759,TH,THA,https://botany.dnp.go.th/eflora/floraspecies.html?tdcode=02200,"Holarrhena curtisii. Flora of Thailand. Vol. 7. Part 1, 1999. Pg. 73. Accessed 2021-07-31",Forest Herbarium,All rights reserved
wfo-0000982759,mok tia (โมกเตี้ย)(Peninsular),ver-THA-0000982759.09,0.0,ref-THA-0000982759,TH,THA,https://botany.dnp.go.th/eflora/floraspecies.html?tdcode=02200,"Holarrhena curtisii. Flora of Thailand. Vol. 7. Part 1, 1999. Pg. 73. Accessed 2021-07-31",Forest Herbarium,All rights reserved
wfo-0000982782,mok man (โมกมัน)(Central),ver-THA-0000982782.01,0.0,ref-THA-0000982782,TH,THA,https://botany.dnp.go.th/eflora/floraspecies.html?tdcode=02201,"Holarrhena pubescens. Flora of Thailand. Vol. 7. Part 1, 1999. Pg. 75. Accessed 2021-07-31",Forest Herbarium,All rights reserved
wfo-0000982782,mok yai (โมกใหญ่)(Central),ver-THA-0000982782.02,0.0,ref-THA-0000982782,TH,THA,https://botany.dnp.go.th/eflora/floraspecies.html?tdcode=02201,"Holarrhena pubescens. Flora of Thailand. Vol. 7. Part 1, 1999. Pg. 75. Accessed 2021-07-31",Forest Herbarium,All rights reserved
wfo-0000982782,mok luang (โมกหลวง)(Central),ver-THA-0000982782.03,0.0,ref-THA-0000982782,TH,THA,https://botany.dnp.go.th/eflora/floraspecies.html?tdcode=02201,"Holarrhena pubescens. Flora of Thailand. Vol. 7. Part 1, 1999. Pg. 75. Accessed 2021-07-31",Forest Herbarium,All rights reserved
wfo-0000982782,mok man luang (โมกมันหลวง)(Central),ver-THA-0000982782.04,0.0,ref-THA-0000982782,TH,THA,https://botany.dnp.go.th/eflora/floraspecies.html?tdcode=02201,"Holarrhena pubescens. Flora of Thailand. Vol. 7. Part 1, 1999. Pg. 75. Accessed 2021-07-31",Forest Herbarium,All rights reserved
wfo-0000982782,phuttha raksa (พุทธรักษา)(Phetchaburi),ver-THA-0000982782.05,0.0,ref-THA-0000982782,TH,THA,https://botany.dnp.go.th/eflora/floraspecies.html?tdcode=02201,"Holarrhena pubescens. Flora of Thailand. Vol. 7. Part 1, 1999. Pg. 75. Accessed 2021-07-31",Forest Herbarium,All rights reserved
wfo-0000982782,nam nua (หนามเนื้อ)(Shan-Northern),ver-THA-0000982782.06,0.0,ref-THA-0000982782,TH,THA,https://botany.dnp.go.th/eflora/floraspecies.html?tdcode=02201,"Holarrhena pubescens. Flora of Thailand. Vol. 7. Part 1, 1999. Pg. 75. Accessed 2021-07-31",Forest Herbarium,All rights reserved
wfo-0000215683,yang khao (ยางขาว)(Chanthaburi),ver-THA-0000215683.01,0.0,ref-THA-0000215683,TH,THA,https://botany.dnp.go.th/eflora/floraspecies.html?tdcode=02143,"Hunteria zeylanica. Flora of Thailand. Vol. 7. Part 1, 1999. Pg. 24. Accessed 2021-07-31",Forest Herbarium,All rights reserved
wfo-0000217289,kruea chen (เครือเจ็น)(Chiang Mai),ver-THA-0000217289.01,0.0,ref-THA-0000217289,TH,THA,https://botany.dnp.go.th/eflora/floraspecies.html?tdcode=02247,"Ichnocarpus frutescens. Flora of Thailand. Vol. 7. Part 1, 1999. Pg. 113. Accessed 2021-07-31",Forest Herbarium,All rights reserved
wfo-0000217289,chai song (ชัยสง)(Loei),ver-THA-0000217289.02,0.0,ref-THA-0000217289,TH,THA,https://botany.dnp.go.th/eflora/floraspecies.html?tdcode=02247,"Ichnocarpus frutescens. Flora of Thailand. Vol. 7. Part 1, 1999. Pg. 113. Accessed 2021-07-31",Forest Herbarium,All rights reserved
wfo-0000217289,khruea sut (เครือซุด)(Loei),ver-THA-0000217289.03,0.0,ref-THA-0000217289,TH,THA,https://botany.dnp.go.th/eflora/floraspecies.html?tdcode=02247,"Ichnocarpus frutescens. Flora of Thailand. Vol. 7. Part 1, 1999. Pg. 113. Accessed 2021-07-31",Forest Herbarium,All rights reserved
wfo-0000217289,khruea sut daeng (เครือซุดแดง)(Loei),ver-THA-0000217289.04,0.0,ref-THA-0000217289,TH,THA,https://botany.dnp.go.th/eflora/floraspecies.html?tdcode=02247,"Ichnocarpus frutescens. Flora of Thailand. Vol. 7. Part 1, 1999. Pg. 113. Accessed 2021-07-31",Forest Herbarium,All rights reserved
wfo-0000217289,thao yot daeng (เถายอดแดง)(Ang Thong),ver-THA-0000217289.05,0.0,ref-THA-0000217289,TH,THA,https://botany.dnp.go.th/eflora/floraspecies.html?tdcode=02247,"Ichnocarpus frutescens. Flora of Thailand. Vol. 7. Part 1, 1999. Pg. 113. Accessed 2021-07-31",Forest Herbarium,All rights reserved
wfo-0000217289,hun nam (หุนน้ำ)(Saraburi),ver-THA-0000217289.06,0.0,ref-THA-0000217289,TH,THA,https://botany.dnp.go.th/eflora/floraspecies.html?tdcode=02247,"Ichnocarpus frutescens. Flora of Thailand. Vol. 7. Part 1, 1999. Pg. 113. Accessed 2021-07-31",Forest Herbarium,All rights reserved
wfo-0000217289,thao wan daeng (เถาวัลย์แดง)(Chon Buri),ver-THA-0000217289.07,0.0,ref-THA-0000217289,TH,THA,https://botany.dnp.go.th/eflora/floraspecies.html?tdcode=02247,"Ichnocarpus frutescens. Flora of Thailand. Vol. 7. Part 1, 1999. Pg. 113. Accessed 2021-07-31",Forest Herbarium,All rights reserved
wfo-0000217289,hua khwan (หัวขวาน)(Chon Buri),ver-THA-0000217289.08,0.0,ref-THA-0000217289,TH,THA,https://botany.dnp.go.th/eflora/floraspecies.html?tdcode=02247,"Ichnocarpus frutescens. Flora of Thailand. Vol. 7. Part 1, 1999. Pg. 113. Accessed 2021-07-31",Forest Herbarium,All rights reserved
wfo-0000217289,tao hai (เต่าไห้)(Trat),ver-THA-0000217289.09,0.0,ref-THA-0000217289,TH,THA,https://botany.dnp.go.th/eflora/floraspecies.html?tdcode=02247,"Ichnocarpus frutescens. Flora of Thailand. Vol. 7. Part 1, 1999. Pg. 113. Accessed 2021-07-31",Forest Herbarium,All rights reserved
wfo-0000217318,yan ta suea (ย่านตาเสือ)(Peninsular),ver-THA-0000217318.01,0.0,ref-THA-0000217318,TH,THA,https://botany.dnp.go.th/eflora/floraspecies.html?tdcode=02250,"Ichnocarpus serpyllifolius. Flora of Thailand. Vol. 7. Part 1, 1999. Pg. 117. Accessed 2021-07-31",Forest Herbarium,All rights reserved
wfo-0000220959,ba-du-bu-wae (บาดูบูแว)(Malay-Narathiwat),ver-THA-0000220959.01,0.0,ref-THA-0000220959,TH,THA,https://botany.dnp.go.th/eflora/floraspecies.html?tdcode=02220,"Kibatalia arborea. Flora of Thailand. Vol. 7. Part 1, 1999. Pg. 91. Accessed 2021-07-31",Forest Herbarium,All rights reserved
wfo-0000220969,nga chang (งาช้าง)(Surat Thani),ver-THA-0000220969.01,0.0,ref-THA-0000220969,TH,THA,https://botany.dnp.go.th/eflora/floraspecies.html?tdcode=02221,"Kibatalia laurifolia. Flora of Thailand. Vol. 7. Part 1, 1999. Pg. 91. Accessed 2021-07-31",Forest Herbarium,All rights reserved
wfo-0000220973,muk yai (มูกใหญ่)(Northern),ver-THA-0000220973.01,0.0,ref-THA-0000220973,TH,THA,https://botany.dnp.go.th/eflora/floraspecies.html?tdcode=02222,"Kibatalia macrophylla. Flora of Thailand. Vol. 7. Part 1, 1999. Pg. 92. Accessed 2021-07-31",Forest Herbarium,All rights reserved
wfo-0000221354,madi khwai (มะดีควาย)(Northern),ver-THA-0000221354.01,0.0,ref-THA-0000221354,TH,THA,https://botany.dnp.go.th/eflora/floraspecies.html?tdcode=02185,"Kopsia arborea. Flora of Thailand. Vol. 7. Part 1, 1999. Pg. 61. Accessed 2021-07-31",Forest Herbarium,All rights reserved
wfo-0000221354,phut dong (พุดดง)(Chaiyaphum),ver-THA-0000221354.02,0.0,ref-THA-0000221354,TH,THA,https://botany.dnp.go.th/eflora/floraspecies.html?tdcode=02185,"Kopsia arborea. Flora of Thailand. Vol. 7. Part 1, 1999. Pg. 61. Accessed 2021-07-31",Forest Herbarium,All rights reserved
wfo-0001038657,cham ma liang (ชำมะเลียง)(General),ver-THA-0001038657.01,0.0,ref-THA-0001038657,TH,THA,https://botany.dnp.go.th/eflora/floraspecies.html?tdcode=02361,"Lepisanthes fruticosa. Flora of Thailand. Vol. 7. Part 1, 1999. Pg. 213. Accessed 2021-07-31",Forest Herbarium,All rights reserved
wfo-0001038657,ma thao (มะเถ้า)(Northern),ver-THA-0001038657.02,0.0,ref-THA-0001038657,TH,THA,https://botany.dnp.go.th/eflora/floraspecies.html?tdcode=02361,"Lepisanthes fruticosa. Flora of Thailand. Vol. 7. Part 1, 1999. Pg. 213. Accessed 2021-07-31",Forest Herbarium,All rights reserved
wfo-0001038657,phu wiang (พูเวียง)(Eastern),ver-THA-0001038657.03,0.0,ref-THA-0001038657,TH,THA,https://botany.dnp.go.th/eflora/floraspecies.html?tdcode=02361,"Lepisanthes fruticosa. Flora of Thailand. Vol. 7. Part 1, 1999. Pg. 213. Accessed 2021-07-31",Forest Herbarium,All rights reserved
wfo-0001038657,cha ma liang ban (ชะมะเลียงบ้าน)(Central),ver-THA-0001038657.04,0.0,ref-THA-0001038657,TH,THA,https://botany.dnp.go.th/eflora/floraspecies.html?tdcode=02361,"Lepisanthes fruticosa. Flora of Thailand. Vol. 7. Part 1, 1999. Pg. 213. Accessed 2021-07-31",Forest Herbarium,All rights reserved
wfo-0001038657,phum riang suan (พุมเรียงสวน)(Central),ver-THA-0001038657.05,0.0,ref-THA-0001038657,TH,THA,https://botany.dnp.go.th/eflora/floraspecies.html?tdcode=02361,"Lepisanthes fruticosa. Flora of Thailand. Vol. 7. Part 1, 1999. Pg. 213. Accessed 2021-07-31",Forest Herbarium,All rights reserved
wfo-0001038657,"khom riang (โคมเรียง)(Southeastern, Peninsular)",ver-THA-0001038657.06,0.0,ref-THA-0001038657,TH,THA,https://botany.dnp.go.th/eflora/floraspecies.html?tdcode=02361,"Lepisanthes fruticosa. Flora of Thailand. Vol. 7. Part 1, 1999. Pg. 213. Accessed 2021-07-31",Forest Herbarium,All rights reserved
wfo-0001038657,phumriang (พุมเรียง)(Peninsular),ver-THA-0001038657.07,0.0,ref-THA-0001038657,TH,THA,https://botany.dnp.go.th/eflora/floraspecies.html?tdcode=02361,"Lepisanthes fruticosa. Flora of Thailand. Vol. 7. Part 1, 1999. Pg. 213. Accessed 2021-07-31",Forest Herbarium,All rights reserved
wfo-0001105703,kham nam (คำน้ำ)(Loei),ver-THA-0001105703.01,0.0,ref-THA-0001105703,TH,THA,https://botany.dnp.go.th/eflora/floraspecies.html?tdcode=02305,"Lysimachia debilis. Flora of Thailand. Vol. 7. Part 1, 1999. Pg. 161. Accessed 2021-07-31",Forest Herbarium,All rights reserved
wfo-0001105703,som pho noi (ส้มพอน้อย)(Loei),ver-THA-0001105703.02,0.0,ref-THA-0001105703,TH,THA,https://botany.dnp.go.th/eflora/floraspecies.html?tdcode=02305,"Lysimachia debilis. Flora of Thailand. Vol. 7. Part 1, 1999. Pg. 161. Accessed 2021-07-31",Forest Herbarium,All rights reserved
wfo-0001105587,dok mai wai (ดอกไม้ไหว)(Chiang Mai),ver-THA-0001105587.01,0.0,ref-THA-0001105587,TH,THA,https://botany.dnp.go.th/eflora/floraspecies.html?tdcode=02297,"Lysimachia lancifolia. Flora of Thailand. Vol. 7. Part 1, 1999. Pg. 157. Accessed 2021-07-31",Forest Herbarium,All rights reserved
wfo-0000240135,khruea-khang-puk (เครือขางปุก)(Shan-Mae Hong Son),ver-THA-0000240135.01,0.0,ref-THA-0000240135,TH,THA,https://botany.dnp.go.th/eflora/floraspecies.html?tdcode=02132,"Melodinus cambodiensis. Flora of Thailand. Vol. 7. Part 1, 1999. Pg. 16. Accessed 2021-07-31",Forest Herbarium,All rights reserved
wfo-0000240143,nat-to-che (นัดโต๊ะเจ๊ะ)(Karen-Chiang Mai),ver-THA-0000240143.01,0.0,ref-THA-0000240143,TH,THA,https://botany.dnp.go.th/eflora/floraspecies.html?tdcode=02133,"Melodinus cochinchinensis. Flora of Thailand. Vol. 7. Part 1, 1999. Pg. 16. Accessed 2021-07-31",Forest Herbarium,All rights reserved
wfo-0000240143,ham moei (หำเมย)(Loei),ver-THA-0000240143.02,0.0,ref-THA-0000240143,TH,THA,https://botany.dnp.go.th/eflora/floraspecies.html?tdcode=02133,"Melodinus cochinchinensis. Flora of Thailand. Vol. 7. Part 1, 1999. Pg. 16. Accessed 2021-07-31",Forest Herbarium,All rights reserved
wfo-0001135240,cha ma lamyai (ชะมะลำไย)(Northern),ver-THA-0001135240.01,0.0,ref-THA-0001135240,TH,THA,https://botany.dnp.go.th/eflora/floraspecies.html?tdcode=02368,"Mischocarpus pentapetalus. Flora of Thailand. Vol. 7. Part 1, 1999. Pg. 222. Accessed 2021-07-31",Forest Herbarium,All rights reserved
wfo-0001135240,mai khuea dong (ไม้เกื้อดง)(Northern),ver-THA-0001135240.02,0.0,ref-THA-0001135240,TH,THA,https://botany.dnp.go.th/eflora/floraspecies.html?tdcode=02368,"Mischocarpus pentapetalus. Flora of Thailand. Vol. 7. Part 1, 1999. Pg. 222. Accessed 2021-07-31",Forest Herbarium,All rights reserved
wfo-0001135240,tho phra ne (ตอพระเน)(Northern),ver-THA-0001135240.03,0.0,ref-THA-0001135240,TH,THA,https://botany.dnp.go.th/eflora/floraspecies.html?tdcode=02368,"Mischocarpus pentapetalus. Flora of Thailand. Vol. 7. Part 1, 1999. Pg. 222. Accessed 2021-07-31",Forest Herbarium,All rights reserved
wfo-0001135240,lamyai dong (ลําใยดง)(Northeastern),ver-THA-0001135240.04,0.0,ref-THA-0001135240,TH,THA,https://botany.dnp.go.th/eflora/floraspecies.html?tdcode=02368,"Mischocarpus pentapetalus. Flora of Thailand. Vol. 7. Part 1, 1999. Pg. 222. Accessed 2021-07-31",Forest Herbarium,All rights reserved
wfo-0001135240,mai kho laen (ไม้คอแลน)(Northeastern),ver-THA-0001135240.05,0.0,ref-THA-0001135240,TH,THA,https://botany.dnp.go.th/eflora/floraspecies.html?tdcode=02368,"Mischocarpus pentapetalus. Flora of Thailand. Vol. 7. Part 1, 1999. Pg. 222. Accessed 2021-07-31",Forest Herbarium,All rights reserved
wfo-0001135240,sa kaeo (สาแก้ว)(Northeastern),ver-THA-0001135240.06,0.0,ref-THA-0001135240,TH,THA,https://botany.dnp.go.th/eflora/floraspecies.html?tdcode=02368,"Mischocarpus pentapetalus. Flora of Thailand. Vol. 7. Part 1, 1999. Pg. 222. Accessed 2021-07-31",Forest Herbarium,All rights reserved
wfo-0001135240,pha bang (พะบ้าง)(Eastern),ver-THA-0001135240.07,0.0,ref-THA-0001135240,TH,THA,https://botany.dnp.go.th/eflora/floraspecies.html?tdcode=02368,"Mischocarpus pentapetalus. Flora of Thailand. Vol. 7. Part 1, 1999. Pg. 222. Accessed 2021-07-31",Forest Herbarium,All rights reserved
wfo-0001135240,taet ling (แตดลิง)(Southeastern),ver-THA-0001135240.08,0.0,ref-THA-0001135240,TH,THA,https://botany.dnp.go.th/eflora/floraspecies.html?tdcode=02368,"Mischocarpus pentapetalus. Flora of Thailand. Vol. 7. Part 1, 1999. Pg. 222. Accessed 2021-07-31",Forest Herbarium,All rights reserved
wfo-0001135240,tho pa (ต่อพะ)(Southeastern),ver-THA-0001135240.09,0.0,ref-THA-0001135240,TH,THA,https://botany.dnp.go.th/eflora/floraspecies.html?tdcode=02368,"Mischocarpus pentapetalus. Flora of Thailand. Vol. 7. Part 1, 1999. Pg. 222. Accessed 2021-07-31",Forest Herbarium,All rights reserved
wfo-0001135240,kam san phu (กำซำพู)(Peninsular),ver-THA-0001135240.10,0.0,ref-THA-0001135240,TH,THA,https://botany.dnp.go.th/eflora/floraspecies.html?tdcode=02368,"Mischocarpus pentapetalus. Flora of Thailand. Vol. 7. Part 1, 1999. Pg. 222. Accessed 2021-07-31",Forest Herbarium,All rights reserved
wfo-0001135240,khan (ขัน)(Peninsular),ver-THA-0001135240.11,0.0,ref-THA-0001135240,TH,THA,https://botany.dnp.go.th/eflora/floraspecies.html?tdcode=02368,"Mischocarpus pentapetalus. Flora of Thailand. Vol. 7. Part 1, 1999. Pg. 222. Accessed 2021-07-31",Forest Herbarium,All rights reserved
wfo-0001135240,krai (ไคร)(Peninsular),ver-THA-0001135240.12,0.0,ref-THA-0001135240,TH,THA,https://botany.dnp.go.th/eflora/floraspecies.html?tdcode=02368,"Mischocarpus pentapetalus. Flora of Thailand. Vol. 7. Part 1, 1999. Pg. 222. Accessed 2021-07-31",Forest Herbarium,All rights reserved
wfo-0001135240,phum riang (พุมเรียง)(Peninsular),ver-THA-0001135240.13,0.0,ref-THA-0001135240,TH,THA,https://botany.dnp.go.th/eflora/floraspecies.html?tdcode=02368,"Mischocarpus pentapetalus. Flora of Thailand. Vol. 7. Part 1, 1999. Pg. 222. Accessed 2021-07-31",Forest Herbarium,All rights reserved
wfo-0001135240,sai (ไส)(Peninsular),ver-THA-0001135240.14,0.0,ref-THA-0001135240,TH,THA,https://botany.dnp.go.th/eflora/floraspecies.html?tdcode=02368,"Mischocarpus pentapetalus. Flora of Thailand. Vol. 7. Part 1, 1999. Pg. 222. Accessed 2021-07-31",Forest Herbarium,All rights reserved
wfo-0000453189,kho laen haen (คอแลนแฮน)(South eastern),ver-THA-0000453189.01,0.0,ref-THA-0000453189,TH,THA,https://botany.dnp.go.th/eflora/floraspecies.html?tdcode=02369,"Mischocarpus sundaicus. Flora of Thailand. Vol. 7. Part 1, 1999. Pg. 223. Accessed 2021-07-31",Forest Herbarium,All rights reserved
wfo-0000453189,mai nat ling (ไม้หนาดลิง)(South eastern),ver-THA-0000453189.02,0.0,ref-THA-0000453189,TH,THA,https://botany.dnp.go.th/eflora/floraspecies.html?tdcode=02369,"Mischocarpus sundaicus. Flora of Thailand. Vol. 7. Part 1, 1999. Pg. 223. Accessed 2021-07-31",Forest Herbarium,All rights reserved
wfo-0000453189,baek phrai (แบกไพร)(Peninsular),ver-THA-0000453189.03,0.0,ref-THA-0000453189,TH,THA,https://botany.dnp.go.th/eflora/floraspecies.html?tdcode=02369,"Mischocarpus sundaicus. Flora of Thailand. Vol. 7. Part 1, 1999. Pg. 223. Accessed 2021-07-31",Forest Herbarium,All rights reserved
wfo-0000453189,iti (อีติ)(Peninsular),ver-THA-0000453189.04,0.0,ref-THA-0000453189,TH,THA,https://botany.dnp.go.th/eflora/floraspecies.html?tdcode=02369,"Mischocarpus sundaicus. Flora of Thailand. Vol. 7. Part 1, 1999. Pg. 223. Accessed 2021-07-31",Forest Herbarium,All rights reserved
wfo-0000453189,khao kwang (เขากวาง)(Peninsular),ver-THA-0000453189.05,0.0,ref-THA-0000453189,TH,THA,https://botany.dnp.go.th/eflora/floraspecies.html?tdcode=02369,"Mischocarpus sundaicus. Flora of Thailand. Vol. 7. Part 1, 1999. Pg. 223. Accessed 2021-07-31",Forest Herbarium,All rights reserved
wfo-0000453189,sam ling (ซำลิง)(Peninsular),ver-THA-0000453189.06,0.0,ref-THA-0000453189,TH,THA,https://botany.dnp.go.th/eflora/floraspecies.html?tdcode=02369,"Mischocarpus sundaicus. Flora of Thailand. Vol. 7. Part 1, 1999. Pg. 223. Accessed 2021-07-31",Forest Herbarium,All rights reserved
wfo-0000453189,sithan (สีทัน)(Peninsular),ver-THA-0000453189.07,0.0,ref-THA-0000453189,TH,THA,https://botany.dnp.go.th/eflora/floraspecies.html?tdcode=02369,"Mischocarpus sundaicus. Flora of Thailand. Vol. 7. Part 1, 1999. Pg. 223. Accessed 2021-07-31",Forest Herbarium,All rights reserved
wfo-0000381187,ngo pa (เงาะป่า)(Peninsular),ver-THA-0000381187.01,0.0,ref-THA-0000381187,TH,THA,https://botany.dnp.go.th/eflora/floraspecies.html?tdcode=02371,"Nephelium cuspidatum. Flora of Thailand. Vol. 7. Part 1, 1999. Pg. 226. Accessed 2021-07-31",Forest Herbarium,All rights reserved
wfo-0000381187,phleon (เพลิน)(Peninsular),ver-THA-0000381187.02,0.0,ref-THA-0000381187,TH,THA,https://botany.dnp.go.th/eflora/floraspecies.html?tdcode=02371,"Nephelium cuspidatum. Flora of Thailand. Vol. 7. Part 1, 1999. Pg. 226. Accessed 2021-07-31",Forest Herbarium,All rights reserved
wfo-0000381187,sang thong (สังทอง)(Peninsular),ver-THA-0000381187.03,0.0,ref-THA-0000381187,TH,THA,https://botany.dnp.go.th/eflora/floraspecies.html?tdcode=02371,"Nephelium cuspidatum. Flora of Thailand. Vol. 7. Part 1, 1999. Pg. 226. Accessed 2021-07-31",Forest Herbarium,All rights reserved
wfo-0000381187,song kathong (กะทอง)(Peninsular),ver-THA-0000381187.04,0.0,ref-THA-0000381187,TH,THA,https://botany.dnp.go.th/eflora/floraspecies.html?tdcode=02371,"Nephelium cuspidatum. Flora of Thailand. Vol. 7. Part 1, 1999. Pg. 226. Accessed 2021-07-31",Forest Herbarium,All rights reserved
wfo-0000381273,kho laen (คอแลน)(General),ver-THA-0000381273.01,0.0,ref-THA-0000381273,TH,THA,https://botany.dnp.go.th/eflora/floraspecies.html?tdcode=02372,"Nephelium hypoleucum. Flora of Thailand. Vol. 7. Part 1, 1999. Pg. 227. Accessed 2021-07-31",Forest Herbarium,All rights reserved
wfo-0000381273,mai khao lang(ไม้ขาวลาง),ver-THA-0000381273.02,0.0,ref-THA-0000381273,TH,THA,https://botany.dnp.go.th/eflora/floraspecies.html?tdcode=02372,"Nephelium hypoleucum. Flora of Thailand. Vol. 7. Part 1, 1999. Pg. 227. Accessed 2021-07-31",Forest Herbarium,All rights reserved
wfo-0000381273,ma ngaeo (มะแงว)(Northeastern),ver-THA-0000381273.03,0.0,ref-THA-0000381273,TH,THA,https://botany.dnp.go.th/eflora/floraspecies.html?tdcode=02372,"Nephelium hypoleucum. Flora of Thailand. Vol. 7. Part 1, 1999. Pg. 227. Accessed 2021-07-31",Forest Herbarium,All rights reserved
wfo-0000381273,muk ngan (หมักงาน)(Northeastern),ver-THA-0000381273.04,0.0,ref-THA-0000381273,TH,THA,https://botany.dnp.go.th/eflora/floraspecies.html?tdcode=02372,"Nephelium hypoleucum. Flora of Thailand. Vol. 7. Part 1, 1999. Pg. 227. Accessed 2021-07-31",Forest Herbarium,All rights reserved
wfo-0000381273,ma ngae (มะแงะ)(Eastern),ver-THA-0000381273.05,0.0,ref-THA-0000381273,TH,THA,https://botany.dnp.go.th/eflora/floraspecies.html?tdcode=02372,"Nephelium hypoleucum. Flora of Thailand. Vol. 7. Part 1, 1999. Pg. 227. Accessed 2021-07-31",Forest Herbarium,All rights reserved
wfo-0000381273,mak waeo (หมักแวว)(Eastern),ver-THA-0000381273.06,0.0,ref-THA-0000381273,TH,THA,https://botany.dnp.go.th/eflora/floraspecies.html?tdcode=02372,"Nephelium hypoleucum. Flora of Thailand. Vol. 7. Part 1, 1999. Pg. 227. Accessed 2021-07-31",Forest Herbarium,All rights reserved
wfo-0000381273,"mak ngaeo (หมักแงว)(Eastern, Central)",ver-THA-0000381273.07,0.0,ref-THA-0000381273,TH,THA,https://botany.dnp.go.th/eflora/floraspecies.html?tdcode=02372,"Nephelium hypoleucum. Flora of Thailand. Vol. 7. Part 1, 1999. Pg. 227. Accessed 2021-07-31",Forest Herbarium,All rights reserved
wfo-0000381273,kho laen tua phu (คอแลนตัวผู้)(Southeastern),ver-THA-0000381273.08,0.0,ref-THA-0000381273,TH,THA,https://botany.dnp.go.th/eflora/floraspecies.html?tdcode=02372,"Nephelium hypoleucum. Flora of Thailand. Vol. 7. Part 1, 1999. Pg. 227. Accessed 2021-07-31",Forest Herbarium,All rights reserved
wfo-0000381273,linchi pa (ลิ้นจี่ป่า)(Southeastern),ver-THA-0000381273.09,0.0,ref-THA-0000381273,TH,THA,https://botany.dnp.go.th/eflora/floraspecies.html?tdcode=02372,"Nephelium hypoleucum. Flora of Thailand. Vol. 7. Part 1, 1999. Pg. 227. Accessed 2021-07-31",Forest Herbarium,All rights reserved
wfo-0000381273,ka ben (กะเบน)(Peninsular),ver-THA-0000381273.10,0.0,ref-THA-0000381273,TH,THA,https://botany.dnp.go.th/eflora/floraspecies.html?tdcode=02372,"Nephelium hypoleucum. Flora of Thailand. Vol. 7. Part 1, 1999. Pg. 227. Accessed 2021-07-31",Forest Herbarium,All rights reserved
wfo-0000381273,kho rang (คอรั้ง)(Peninsular),ver-THA-0000381273.11,0.0,ref-THA-0000381273,TH,THA,https://botany.dnp.go.th/eflora/floraspecies.html?tdcode=02372,"Nephelium hypoleucum. Flora of Thailand. Vol. 7. Part 1, 1999. Pg. 227. Accessed 2021-07-31",Forest Herbarium,All rights reserved
wfo-0000381273,sang kriat khon (สังเครียดขอน)(Peninsular),ver-THA-0000381273.12,0.0,ref-THA-0000381273,TH,THA,https://botany.dnp.go.th/eflora/floraspecies.html?tdcode=02372,"Nephelium hypoleucum. Flora of Thailand. Vol. 7. Part 1, 1999. Pg. 227. Accessed 2021-07-31",Forest Herbarium,All rights reserved
wfo-0000381268,"ngo (เงาะ)(Southeastern, Peninsular)",ver-THA-0000381268.01,0.0,ref-THA-0000381268,TH,THA,https://botany.dnp.go.th/eflora/floraspecies.html?tdcode=02373,"Nephelium lappaceum. Flora of Thailand. Vol. 7. Part 1, 1999. Pg. 229. Accessed 2021-07-31",Forest Herbarium,All rights reserved
wfo-0000381268,"ngo pa (เงาะป่า)(Southeastern, Peninsular)",ver-THA-0000381268.02,0.0,ref-THA-0000381268,TH,THA,https://botany.dnp.go.th/eflora/floraspecies.html?tdcode=02373,"Nephelium lappaceum. Flora of Thailand. Vol. 7. Part 1, 1999. Pg. 229. Accessed 2021-07-31",Forest Herbarium,All rights reserved
wfo-0000381268,mo-tae (เมาะแต)(Malay-Pattani),ver-THA-0000381268.03,0.0,ref-THA-0000381268,TH,THA,https://botany.dnp.go.th/eflora/floraspecies.html?tdcode=02373,"Nephelium lappaceum. Flora of Thailand. Vol. 7. Part 1, 1999. Pg. 229. Accessed 2021-07-31",Forest Herbarium,All rights reserved
wfo-0000381268,a-mo-tae (อาเมาะแต)(Malay-Pattani),ver-THA-0000381268.04,0.0,ref-THA-0000381268,TH,THA,https://botany.dnp.go.th/eflora/floraspecies.html?tdcode=02373,"Nephelium lappaceum. Flora of Thailand. Vol. 7. Part 1, 1999. Pg. 229. Accessed 2021-07-31",Forest Herbarium,All rights reserved
wfo-0000381268,ka-mo-tae (กะเมาะแต)(Malay-Pattani),ver-THA-0000381268.05,0.0,ref-THA-0000381268,TH,THA,https://botany.dnp.go.th/eflora/floraspecies.html?tdcode=02373,"Nephelium lappaceum. Flora of Thailand. Vol. 7. Part 1, 1999. Pg. 229. Accessed 2021-07-31",Forest Herbarium,All rights reserved
wfo-0000381268,mai ngo pa (ไม้เงาะป่า)(Peninsular),ver-THA-0000381268.06,0.0,ref-THA-0000381268,TH,THA,https://botany.dnp.go.th/eflora/floraspecies.html?tdcode=02373,"Nephelium lappaceum. Flora of Thailand. Vol. 7. Part 1, 1999. Pg. 229. Accessed 2021-07-31",Forest Herbarium,All rights reserved
wfo-0000381268,phom ngo (ผมเงาะ)(Peninsular),ver-THA-0000381268.07,0.0,ref-THA-0000381268,TH,THA,https://botany.dnp.go.th/eflora/floraspecies.html?tdcode=02373,"Nephelium lappaceum. Flora of Thailand. Vol. 7. Part 1, 1999. Pg. 229. Accessed 2021-07-31",Forest Herbarium,All rights reserved
wfo-0000381268,phruan (พรวน)(Peninsular),ver-THA-0000381268.08,0.0,ref-THA-0000381268,TH,THA,https://botany.dnp.go.th/eflora/floraspecies.html?tdcode=02373,"Nephelium lappaceum. Flora of Thailand. Vol. 7. Part 1, 1999. Pg. 229. Accessed 2021-07-31",Forest Herbarium,All rights reserved
wfo-0000381213,kae dae (แกแด)(Peninsular),ver-THA-0000381213.01,0.0,ref-THA-0000381213,TH,THA,https://botany.dnp.go.th/eflora/floraspecies.html?tdcode=02375,"Nephelium maingayi. Flora of Thailand. Vol. 7. Part 1, 1999. Pg. 230. Accessed 2021-07-31",Forest Herbarium,All rights reserved
wfo-0000381219,kho laen (คอแลน)(Eastern),ver-THA-0000381219.01,0.0,ref-THA-0000381219,TH,THA,https://botany.dnp.go.th/eflora/floraspecies.html?tdcode=02376,"Nephelium melliferum. Flora of Thailand. Vol. 7. Part 1, 1999. Pg. 231. Accessed 2021-07-31",Forest Herbarium,All rights reserved
wfo-0000381219,ngo pa (เงาะป่า)(Eastern),ver-THA-0000381219.02,0.0,ref-THA-0000381219,TH,THA,https://botany.dnp.go.th/eflora/floraspecies.html?tdcode=02376,"Nephelium melliferum. Flora of Thailand. Vol. 7. Part 1, 1999. Pg. 231. Accessed 2021-07-31",Forest Herbarium,All rights reserved
wfo-0000381219,ngo pa thao (เงาะป่าเทา)(Southeastern),ver-THA-0000381219.03,0.0,ref-THA-0000381219,TH,THA,https://botany.dnp.go.th/eflora/floraspecies.html?tdcode=02376,"Nephelium melliferum. Flora of Thailand. Vol. 7. Part 1, 1999. Pg. 231. Accessed 2021-07-31",Forest Herbarium,All rights reserved
wfo-0000381219,kamlang (กำลัง)(Peninsular),ver-THA-0000381219.04,0.0,ref-THA-0000381219,TH,THA,https://botany.dnp.go.th/eflora/floraspecies.html?tdcode=02376,"Nephelium melliferum. Flora of Thailand. Vol. 7. Part 1, 1999. Pg. 231. Accessed 2021-07-31",Forest Herbarium,All rights reserved
wfo-0001243912,kho laen (คอแลน)(Peninsular),ver-THA-0001243912.01,0.0,ref-THA-0001243912,TH,THA,https://botany.dnp.go.th/eflora/floraspecies.html?tdcode=02377,"Nephelium ramboutan-ake. Flora of Thailand. Vol. 7. Part 1, 1999. Pg. 231. Accessed 2021-07-31",Forest Herbarium,All rights reserved
wfo-0001243912,krat (กรัด)(Peninsular),ver-THA-0001243912.02,0.0,ref-THA-0001243912,TH,THA,https://botany.dnp.go.th/eflora/floraspecies.html?tdcode=02377,"Nephelium ramboutan-ake. Flora of Thailand. Vol. 7. Part 1, 1999. Pg. 231. Accessed 2021-07-31",Forest Herbarium,All rights reserved
wfo-0001243912,ngo khon san (เงาะขนสั้น)(Peninsular),ver-THA-0001243912.03,0.0,ref-THA-0001243912,TH,THA,https://botany.dnp.go.th/eflora/floraspecies.html?tdcode=02377,"Nephelium ramboutan-ake. Flora of Thailand. Vol. 7. Part 1, 1999. Pg. 231. Accessed 2021-07-31",Forest Herbarium,All rights reserved
wfo-0000251577,yitho (ยี่โถ)(Central),ver-THA-0000251577.01,0.0,ref-THA-0000251577,TH,THA,https://botany.dnp.go.th/eflora/floraspecies.html?tdcode=02207,"Nerium oleander. Flora of Thailand. Vol. 7. Part 1, 1999. Pg. 79. Accessed 2021-07-31",Forest Herbarium,All rights reserved
wfo-0000251577,yitho farang (ยี่โถฝรั่ง)(Central),ver-THA-0000251577.02,0.0,ref-THA-0000251577,TH,THA,https://botany.dnp.go.th/eflora/floraspecies.html?tdcode=02207,"Nerium oleander. Flora of Thailand. Vol. 7. Part 1, 1999. Pg. 79. Accessed 2021-07-31",Forest Herbarium,All rights reserved
wfo-0000264467,khruea khao muak (เครือเขามวก)(Northern),ver-THA-0000264467.01,0.0,ref-THA-0000264467,TH,THA,https://botany.dnp.go.th/eflora/floraspecies.html?tdcode=02291,"Parameria laevigata. Flora of Thailand. Vol. 7. Part 1, 1999. Pg. 151. Accessed 2021-07-31",Forest Herbarium,All rights reserved
wfo-0000264467,khruea khao muak khao (เครือเขามวกขาว)(Northern),ver-THA-0000264467.02,0.0,ref-THA-0000264467,TH,THA,https://botany.dnp.go.th/eflora/floraspecies.html?tdcode=02291,"Parameria laevigata. Flora of Thailand. Vol. 7. Part 1, 1999. Pg. 151. Accessed 2021-07-31",Forest Herbarium,All rights reserved
wfo-0000264467,khao muak khao (เขามวกขาว)(Northern),ver-THA-0000264467.03,0.0,ref-THA-0000264467,TH,THA,https://botany.dnp.go.th/eflora/floraspecies.html?tdcode=02291,"Parameria laevigata. Flora of Thailand. Vol. 7. Part 1, 1999. Pg. 151. Accessed 2021-07-31",Forest Herbarium,All rights reserved
wfo-0000264467,tang tu khruea (ตั่งตู่เครือ)(Northern),ver-THA-0000264467.04,0.0,ref-THA-0000264467,TH,THA,https://botany.dnp.go.th/eflora/floraspecies.html?tdcode=02291,"Parameria laevigata. Flora of Thailand. Vol. 7. Part 1, 1999. Pg. 151. Accessed 2021-07-31",Forest Herbarium,All rights reserved
wfo-0000264467,"khruea sut (เครือซูด)(Central, Eastern)",ver-THA-0000264467.05,0.0,ref-THA-0000264467,TH,THA,https://botany.dnp.go.th/eflora/floraspecies.html?tdcode=02291,"Parameria laevigata. Flora of Thailand. Vol. 7. Part 1, 1999. Pg. 151. Accessed 2021-07-31",Forest Herbarium,All rights reserved
wfo-0000264467,"khuea chut (เครือชูด)(Central, Eastern)",ver-THA-0000264467.06,0.0,ref-THA-0000264467,TH,THA,https://botany.dnp.go.th/eflora/floraspecies.html?tdcode=02291,"Parameria laevigata. Flora of Thailand. Vol. 7. Part 1, 1999. Pg. 151. Accessed 2021-07-31",Forest Herbarium,All rights reserved
wfo-0000264467,thao pralam phi (เถาประหล่ำผี)(Central),ver-THA-0000264467.07,0.0,ref-THA-0000264467,TH,THA,https://botany.dnp.go.th/eflora/floraspecies.html?tdcode=02291,"Parameria laevigata. Flora of Thailand. Vol. 7. Part 1, 1999. Pg. 151. Accessed 2021-07-31",Forest Herbarium,All rights reserved
wfo-0000264467,muak (มวก)(Prachin Buri),ver-THA-0000264467.08,0.0,ref-THA-0000264467,TH,THA,https://botany.dnp.go.th/eflora/floraspecies.html?tdcode=02291,"Parameria laevigata. Flora of Thailand. Vol. 7. Part 1, 1999. Pg. 151. Accessed 2021-07-31",Forest Herbarium,All rights reserved
wfo-0000264467,som lom (ส้มลม)(Prachin Buri),ver-THA-0000264467.09,0.0,ref-THA-0000264467,TH,THA,https://botany.dnp.go.th/eflora/floraspecies.html?tdcode=02291,"Parameria laevigata. Flora of Thailand. Vol. 7. Part 1, 1999. Pg. 151. Accessed 2021-07-31",Forest Herbarium,All rights reserved
wfo-0000264467,tang tid (ตังติด)(Chanthaburi),ver-THA-0000264467.10,0.0,ref-THA-0000264467,TH,THA,https://botany.dnp.go.th/eflora/floraspecies.html?tdcode=02291,"Parameria laevigata. Flora of Thailand. Vol. 7. Part 1, 1999. Pg. 151. Accessed 2021-07-31",Forest Herbarium,All rights reserved
wfo-0000264467,wo-kan cha-ruk (วอร์กั้นจรูก)(Khmer-Prachin Buri),ver-THA-0000264467.11,0.0,ref-THA-0000264467,TH,THA,https://botany.dnp.go.th/eflora/floraspecies.html?tdcode=02291,"Parameria laevigata. Flora of Thailand. Vol. 7. Part 1, 1999. Pg. 151. Accessed 2021-07-31",Forest Herbarium,All rights reserved
wfo-0000264467,wan-cha-ruk (วันจรูก)(Khmer Chanthaburi),ver-THA-0000264467.12,0.0,ref-THA-0000264467,TH,THA,https://botany.dnp.go.th/eflora/floraspecies.html?tdcode=02291,"Parameria laevigata. Flora of Thailand. Vol. 7. Part 1, 1999. Pg. 151. Accessed 2021-07-31",Forest Herbarium,All rights reserved
wfo-0000471138,ka-ha (กะฮาร์)(Malay-Yala),ver-THA-0000471138.01,0.0,ref-THA-0000471138,TH,THA,https://botany.dnp.go.th/eflora/floraspecies.html?tdcode=02379,"Paranephelium macrophyllum. Flora of Thailand. Vol. 7. Part 1, 1999. Pg. 233. Accessed 2021-07-31",Forest Herbarium,All rights reserved
wfo-0000471138,ka thon ling (กะท้อนลิง)(Peninsular),ver-THA-0000471138.02,0.0,ref-THA-0000471138,TH,THA,https://botany.dnp.go.th/eflora/floraspecies.html?tdcode=02379,"Paranephelium macrophyllum. Flora of Thailand. Vol. 7. Part 1, 1999. Pg. 233. Accessed 2021-07-31",Forest Herbarium,All rights reserved
wfo-0000471138,khan (ขัน)(Peninsular),ver-THA-0000471138.03,0.0,ref-THA-0000471138,TH,THA,https://botany.dnp.go.th/eflora/floraspecies.html?tdcode=02379,"Paranephelium macrophyllum. Flora of Thailand. Vol. 7. Part 1, 1999. Pg. 233. Accessed 2021-07-31",Forest Herbarium,All rights reserved
wfo-0000471138,ku-ping ya-si (กุปิงยะซิ)(Malay-Pattani),ver-THA-0000471138.04,0.0,ref-THA-0000471138,TH,THA,https://botany.dnp.go.th/eflora/floraspecies.html?tdcode=02379,"Paranephelium macrophyllum. Flora of Thailand. Vol. 7. Part 1, 1999. Pg. 233. Accessed 2021-07-31",Forest Herbarium,All rights reserved
wfo-0000471137,kho mai (เคาะมาย)(Northern),ver-THA-0000471137.01,0.0,ref-THA-0000471137,TH,THA,https://botany.dnp.go.th/eflora/floraspecies.html?tdcode=02381,"Paranephelium xestophyllum. Flora of Thailand. Vol. 7. Part 1, 1999. Pg. 235. Accessed 2021-07-31",Forest Herbarium,All rights reserved
wfo-0000471137,ma hang kaen (มะหางแก้น)(Northern),ver-THA-0000471137.02,0.0,ref-THA-0000471137,TH,THA,https://botany.dnp.go.th/eflora/floraspecies.html?tdcode=02381,"Paranephelium xestophyllum. Flora of Thailand. Vol. 7. Part 1, 1999. Pg. 235. Accessed 2021-07-31",Forest Herbarium,All rights reserved
wfo-0000471137,ma kho laen (มะคอแลน)(Northern),ver-THA-0000471137.03,0.0,ref-THA-0000471137,TH,THA,https://botany.dnp.go.th/eflora/floraspecies.html?tdcode=02381,"Paranephelium xestophyllum. Flora of Thailand. Vol. 7. Part 1, 1999. Pg. 235. Accessed 2021-07-31",Forest Herbarium,All rights reserved
wfo-0000471137,thai he (ไทเฮะ)(Karen-Southwestern),ver-THA-0000471137.04,0.0,ref-THA-0000471137,TH,THA,https://botany.dnp.go.th/eflora/floraspecies.html?tdcode=02381,"Paranephelium xestophyllum. Flora of Thailand. Vol. 7. Part 1, 1999. Pg. 235. Accessed 2021-07-31",Forest Herbarium,All rights reserved
wfo-0000471137,lamyai pa (ลำไยป่า)(Central),ver-THA-0000471137.05,0.0,ref-THA-0000471137,TH,THA,https://botany.dnp.go.th/eflora/floraspecies.html?tdcode=02381,"Paranephelium xestophyllum. Flora of Thailand. Vol. 7. Part 1, 1999. Pg. 235. Accessed 2021-07-31",Forest Herbarium,All rights reserved
wfo-0000264703,nuan nok khao (นวลนกเขา)(Chumphon),ver-THA-0000264703.01,0.0,ref-THA-0000264703,TH,THA,https://botany.dnp.go.th/eflora/floraspecies.html?tdcode=02275,"Parsonsia alboflavescens. Flora of Thailand. Vol. 7. Part 1, 1999. Pg. 136. Accessed 2021-07-31",Forest Herbarium,All rights reserved
wfo-0000264853,khao mai (เขาใหม่)(Central),ver-THA-0000264853.01,0.0,ref-THA-0000264853,TH,THA,https://botany.dnp.go.th/eflora/floraspecies.html?tdcode=02276,"Parsonsia penangiana. Flora of Thailand. Vol. 7. Part 1, 1999. Pg. 138. Accessed 2021-07-31",Forest Herbarium,All rights reserved
wfo-0000279164,lan thom khao (ลั่นทมขาว)(Central),ver-THA-0000279164.01,0.0,ref-THA-0000279164,TH,THA,https://botany.dnp.go.th/eflora/floraspecies.html?tdcode=02160,"Plumeria obtusa. Flora of Thailand. Vol. 7. Part 1, 1999. Pg. 39. Accessed 2021-07-31",Forest Herbarium,All rights reserved
wfo-0000279184,champa lao (จำปาลาว)(Northern),ver-THA-0000279184.01,0.0,ref-THA-0000279184,TH,THA,https://botany.dnp.go.th/eflora/floraspecies.html?tdcode=02161,"Plumeria rubra. Flora of Thailand. Vol. 7. Part 1, 1999. Pg. 39. Accessed 2021-07-31",Forest Herbarium,All rights reserved
wfo-0000279184,champai (จำปาย)(Khmer),ver-THA-0000279184.02,0.0,ref-THA-0000279184,TH,THA,https://botany.dnp.go.th/eflora/floraspecies.html?tdcode=02161,"Plumeria rubra. Flora of Thailand. Vol. 7. Part 1, 1999. Pg. 39. Accessed 2021-07-31",Forest Herbarium,All rights reserved
wfo-0000279184,chong pa (จงป่า)(Karen-Kanchanaburi),ver-THA-0000279184.03,0.0,ref-THA-0000279184,TH,THA,https://botany.dnp.go.th/eflora/floraspecies.html?tdcode=02161,"Plumeria rubra. Flora of Thailand. Vol. 7. Part 1, 1999. Pg. 39. Accessed 2021-07-31",Forest Herbarium,All rights reserved
wfo-0000279184,champa khom (จำปาขอม)(Peninsular),ver-THA-0000279184.04,0.0,ref-THA-0000279184,TH,THA,https://botany.dnp.go.th/eflora/floraspecies.html?tdcode=02161,"Plumeria rubra. Flora of Thailand. Vol. 7. Part 1, 1999. Pg. 39. Accessed 2021-07-31",Forest Herbarium,All rights reserved
wfo-0000279184,chin (จีน)(Peninsular),ver-THA-0000279184.05,0.0,ref-THA-0000279184,TH,THA,https://botany.dnp.go.th/eflora/floraspecies.html?tdcode=02161,"Plumeria rubra. Flora of Thailand. Vol. 7. Part 1, 1999. Pg. 39. Accessed 2021-07-31",Forest Herbarium,All rights reserved
wfo-0000279184,champa khao (จำปาเขา)(Central),ver-THA-0000279184.06,0.0,ref-THA-0000279184,TH,THA,https://botany.dnp.go.th/eflora/floraspecies.html?tdcode=02161,"Plumeria rubra. Flora of Thailand. Vol. 7. Part 1, 1999. Pg. 39. Accessed 2021-07-31",Forest Herbarium,All rights reserved
wfo-0000279184,lan thom (ลั่นทม)(Central),ver-THA-0000279184.07,0.0,ref-THA-0000279184,TH,THA,https://botany.dnp.go.th/eflora/floraspecies.html?tdcode=02161,"Plumeria rubra. Flora of Thailand. Vol. 7. Part 1, 1999. Pg. 39. Accessed 2021-07-31",Forest Herbarium,All rights reserved
wfo-0000279184,lan thom daeng (ลั่นทมแดง)(Central),ver-THA-0000279184.08,0.0,ref-THA-0000279184,TH,THA,https://botany.dnp.go.th/eflora/floraspecies.html?tdcode=02161,"Plumeria rubra. Flora of Thailand. Vol. 7. Part 1, 1999. Pg. 39. Accessed 2021-07-31",Forest Herbarium,All rights reserved
wfo-0000279184,pho-bo ue (พอบ่ออึง)(Karen-Mae Hong Son),ver-THA-0000279184.09,0.0,ref-THA-0000279184,TH,THA,https://botany.dnp.go.th/eflora/floraspecies.html?tdcode=02161,"Plumeria rubra. Flora of Thailand. Vol. 7. Part 1, 1999. Pg. 39. Accessed 2021-07-31",Forest Herbarium,All rights reserved
wfo-0000279184,ma-yo (มะยอ)(Malay-Narathiwat),ver-THA-0000279184.10,0.0,ref-THA-0000279184,TH,THA,https://botany.dnp.go.th/eflora/floraspecies.html?tdcode=02161,"Plumeria rubra. Flora of Thailand. Vol. 7. Part 1, 1999. Pg. 39. Accessed 2021-07-31",Forest Herbarium,All rights reserved
wfo-0000279184,mo-yo (มอยอ)(Malay-Narathiwat),ver-THA-0000279184.11,0.0,ref-THA-0000279184,TH,THA,https://botany.dnp.go.th/eflora/floraspecies.html?tdcode=02161,"Plumeria rubra. Flora of Thailand. Vol. 7. Part 1, 1999. Pg. 39. Accessed 2021-07-31",Forest Herbarium,All rights reserved
wfo-0000279184,mok-cham-ka (มอกจ๋ามก๋า)(Shan-Mae Hong Son),ver-THA-0000279184.12,0.0,ref-THA-0000279184,TH,THA,https://botany.dnp.go.th/eflora/floraspecies.html?tdcode=02161,"Plumeria rubra. Flora of Thailand. Vol. 7. Part 1, 1999. Pg. 39. Accessed 2021-07-31",Forest Herbarium,All rights reserved
wfo-0000471438,daeng nam (แดงน้ำ)(Northern),ver-THA-0000471438.01,0.0,ref-THA-0000471438,TH,THA,https://botany.dnp.go.th/eflora/floraspecies.html?tdcode=02383,"Pometia pinnata. Flora of Thailand. Vol. 7. Part 1, 1999. Pg. 236. Accessed 2021-07-31",Forest Herbarium,All rights reserved
wfo-0000471438,"saen ta lom (แสนตาล้อม)(Northern, Peninsular)",ver-THA-0000471438.02,0.0,ref-THA-0000471438,TH,THA,https://botany.dnp.go.th/eflora/floraspecies.html?tdcode=02383,"Pometia pinnata. Flora of Thailand. Vol. 7. Part 1, 1999. Pg. 236. Accessed 2021-07-31",Forest Herbarium,All rights reserved
wfo-0000471438,ko (เคาะ)(Peninsular),ver-THA-0000471438.03,0.0,ref-THA-0000471438,TH,THA,https://botany.dnp.go.th/eflora/floraspecies.html?tdcode=02383,"Pometia pinnata. Flora of Thailand. Vol. 7. Part 1, 1999. Pg. 236. Accessed 2021-07-31",Forest Herbarium,All rights reserved
wfo-0000471438,mai sai (ไม้สาย)(Peninsular),ver-THA-0000471438.04,0.0,ref-THA-0000471438,TH,THA,https://botany.dnp.go.th/eflora/floraspecies.html?tdcode=02383,"Pometia pinnata. Flora of Thailand. Vol. 7. Part 1, 1999. Pg. 236. Accessed 2021-07-31",Forest Herbarium,All rights reserved
wfo-0000471438,sai (สาย)(Peninsular),ver-THA-0000471438.05,0.0,ref-THA-0000471438,TH,THA,https://botany.dnp.go.th/eflora/floraspecies.html?tdcode=02383,"Pometia pinnata. Flora of Thailand. Vol. 7. Part 1, 1999. Pg. 236. Accessed 2021-07-31",Forest Herbarium,All rights reserved
wfo-0000471438,sang ma (สั่งมา)(Peninsular),ver-THA-0000471438.06,0.0,ref-THA-0000471438,TH,THA,https://botany.dnp.go.th/eflora/floraspecies.html?tdcode=02383,"Pometia pinnata. Flora of Thailand. Vol. 7. Part 1, 1999. Pg. 236. Accessed 2021-07-31",Forest Herbarium,All rights reserved
wfo-0000471438,thrai (ทรัย)(Peninsular),ver-THA-0000471438.07,0.0,ref-THA-0000471438,TH,THA,https://botany.dnp.go.th/eflora/floraspecies.html?tdcode=02383,"Pometia pinnata. Flora of Thailand. Vol. 7. Part 1, 1999. Pg. 236. Accessed 2021-07-31",Forest Herbarium,All rights reserved
wfo-0000471434,sai (สาย)(Peninsular),ver-THA-0000471434.01,0.0,ref-THA-0000471434,TH,THA,https://botany.dnp.go.th/eflora/floraspecies.html?tdcode=02384,"Pometia ridleyi. Flora of Thailand. Vol. 7. Part 1, 1999. Pg. 238. Accessed 2021-07-31",Forest Herbarium,All rights reserved
wfo-0000471434,ta suea (ตาเสือ)(Peninsular),ver-THA-0000471434.02,0.0,ref-THA-0000471434,TH,THA,https://botany.dnp.go.th/eflora/floraspecies.html?tdcode=02384,"Pometia ridleyi. Flora of Thailand. Vol. 7. Part 1, 1999. Pg. 238. Accessed 2021-07-31",Forest Herbarium,All rights reserved
wfo-0000482735,pim sai (พิมสาย)(Chiang Mai),ver-THA-0000482735.01,0.0,ref-THA-0000482735,TH,THA,https://botany.dnp.go.th/eflora/floraspecies.html?tdcode=02313,"Primula siamensis. Flora of Thailand. Vol. 7. Part 1, 1999. Pg. 167. Accessed 2021-07-31",Forest Herbarium,All rights reserved
wfo-0000295013,kha yom luang (ขะย่อมหลวง)(Northeastern),ver-THA-0000295013.01,0.0,ref-THA-0000295013,TH,THA,https://botany.dnp.go.th/eflora/floraspecies.html?tdcode=02173,"Rauvolfia cambodiana. Flora of Thailand. Vol. 7. Part 1, 1999. Pg. 51. Accessed 2021-07-31",Forest Herbarium,All rights reserved
wfo-0000295013,kha yom tin ma (ขะย่อมตีนหมา)(Northern),ver-THA-0000295013.02,0.0,ref-THA-0000295013,TH,THA,https://botany.dnp.go.th/eflora/floraspecies.html?tdcode=02173,"Rauvolfia cambodiana. Flora of Thailand. Vol. 7. Part 1, 1999. Pg. 51. Accessed 2021-07-31",Forest Herbarium,All rights reserved
wfo-0000295013,nang yaem (นางแย้ม)(Nakhon Ratchasima),ver-THA-0000295013.03,0.0,ref-THA-0000295013,TH,THA,https://botany.dnp.go.th/eflora/floraspecies.html?tdcode=02173,"Rauvolfia cambodiana. Flora of Thailand. Vol. 7. Part 1, 1999. Pg. 51. Accessed 2021-07-31",Forest Herbarium,All rights reserved
wfo-0000295013,rayom (ระย่อม)(Trat),ver-THA-0000295013.04,0.0,ref-THA-0000295013,TH,THA,https://botany.dnp.go.th/eflora/floraspecies.html?tdcode=02173,"Rauvolfia cambodiana. Flora of Thailand. Vol. 7. Part 1, 1999. Pg. 51. Accessed 2021-07-31",Forest Herbarium,All rights reserved
wfo-0000295174,ko-me (กอเหม่)(Karen-Mae Hong Son),ver-THA-0000295174.01,0.0,ref-THA-0000295174,TH,THA,https://botany.dnp.go.th/eflora/floraspecies.html?tdcode=02175,"Rauvolfia serpentina. Flora of Thailand. Vol. 7. Part 1, 1999. Pg. 53. Accessed 2021-07-31",Forest Herbarium,All rights reserved
wfo-0000295174,ka yom (กะย่อม)(Peninsular),ver-THA-0000295174.02,0.0,ref-THA-0000295174,TH,THA,https://botany.dnp.go.th/eflora/floraspecies.html?tdcode=02175,"Rauvolfia serpentina. Flora of Thailand. Vol. 7. Part 1, 1999. Pg. 53. Accessed 2021-07-31",Forest Herbarium,All rights reserved
wfo-0000295174,khem daeng (เข็มแดง)(Northern),ver-THA-0000295174.03,0.0,ref-THA-0000295174,TH,THA,https://botany.dnp.go.th/eflora/floraspecies.html?tdcode=02175,"Rauvolfia serpentina. Flora of Thailand. Vol. 7. Part 1, 1999. Pg. 53. Accessed 2021-07-31",Forest Herbarium,All rights reserved
wfo-0000295174,khlan (คลาน)(Karen-Kanchanaburi),ver-THA-0000295174.04,0.0,ref-THA-0000295174,TH,THA,https://botany.dnp.go.th/eflora/floraspecies.html?tdcode=02175,"Rauvolfia serpentina. Flora of Thailand. Vol. 7. Part 1, 1999. Pg. 53. Accessed 2021-07-31",Forest Herbarium,All rights reserved
wfo-0000295174,tum khlan (ตูมคลาน)(Karen-Kanchanaburi),ver-THA-0000295174.05,0.0,ref-THA-0000295174,TH,THA,https://botany.dnp.go.th/eflora/floraspecies.html?tdcode=02175,"Rauvolfia serpentina. Flora of Thailand. Vol. 7. Part 1, 1999. Pg. 53. Accessed 2021-07-31",Forest Herbarium,All rights reserved
wfo-0000295174,ma ong-thee (มะโอ่งที)(Karen-Kanchanaburi),ver-THA-0000295174.06,0.0,ref-THA-0000295174,TH,THA,https://botany.dnp.go.th/eflora/floraspecies.html?tdcode=02175,"Rauvolfia serpentina. Flora of Thailand. Vol. 7. Part 1, 1999. Pg. 53. Accessed 2021-07-31",Forest Herbarium,All rights reserved
wfo-0000295174,sa-mo-u (สะมออู)(Karen-Kanchanaburi),ver-THA-0000295174.07,0.0,ref-THA-0000295174,TH,THA,https://botany.dnp.go.th/eflora/floraspecies.html?tdcode=02175,"Rauvolfia serpentina. Flora of Thailand. Vol. 7. Part 1, 1999. Pg. 53. Accessed 2021-07-31",Forest Herbarium,All rights reserved
wfo-0000295174,rayom (ระย่อม)(Central),ver-THA-0000295174.08,0.0,ref-THA-0000295174,TH,THA,https://botany.dnp.go.th/eflora/floraspecies.html?tdcode=02175,"Rauvolfia serpentina. Flora of Thailand. Vol. 7. Part 1, 1999. Pg. 53. Accessed 2021-07-31",Forest Herbarium,All rights reserved
wfo-0000295190,ra yom tinpet (ระย่อมตีนเป็ด)(Bangkok),ver-THA-0000295190.01,0.0,ref-THA-0000295190,TH,THA,https://botany.dnp.go.th/eflora/floraspecies.html?tdcode=02176,"Rauvolfia sumatrana. Flora of Thailand. Vol. 7. Part 1, 1999. Pg. 53. Accessed 2021-07-31",Forest Herbarium,All rights reserved
wfo-0000295201,chaek (แฉก)(Trang),ver-THA-0000295201.01,0.0,ref-THA-0000295201,TH,THA,https://botany.dnp.go.th/eflora/floraspecies.html?tdcode=02177,"Rauvolfia verticillata. Flora of Thailand. Vol. 7. Part 1, 1999. Pg. 54. Accessed 2021-07-31",Forest Herbarium,All rights reserved
wfo-0000295201,chipuk (จี้ปุก)(Northern),ver-THA-0000295201.02,0.0,ref-THA-0000295201,TH,THA,https://botany.dnp.go.th/eflora/floraspecies.html?tdcode=02177,"Rauvolfia verticillata. Flora of Thailand. Vol. 7. Part 1, 1999. Pg. 54. Accessed 2021-07-31",Forest Herbarium,All rights reserved
wfo-0000295201,phut noi (พุดน้อย)(Lampang),ver-THA-0000295201.03,0.0,ref-THA-0000295201,TH,THA,https://botany.dnp.go.th/eflora/floraspecies.html?tdcode=02177,"Rauvolfia verticillata. Flora of Thailand. Vol. 7. Part 1, 1999. Pg. 54. Accessed 2021-07-31",Forest Herbarium,All rights reserved
wfo-0000295201,ya kae rhak khom (ยาแก้ฮากขม)(Chiang Mai),ver-THA-0000295201.04,0.0,ref-THA-0000295201,TH,THA,https://botany.dnp.go.th/eflora/floraspecies.html?tdcode=02177,"Rauvolfia verticillata. Flora of Thailand. Vol. 7. Part 1, 1999. Pg. 54. Accessed 2021-07-31",Forest Herbarium,All rights reserved
wfo-0001135253,cha-sae (ชะแซ)(Karen-Mae Hong Son),ver-THA-0001135253.01,0.0,ref-THA-0001135253,TH,THA,https://botany.dnp.go.th/eflora/floraspecies.html?tdcode=02386,"Sapindus rarak. Flora of Thailand. Vol. 7. Part 1, 1999. Pg. 239. Accessed 2021-07-31",Forest Herbarium,All rights reserved
wfo-0001135253,sa-le-de (ซะเหล่เด)(Karen-Mae Hong Son),ver-THA-0001135253.02,0.0,ref-THA-0001135253,TH,THA,https://botany.dnp.go.th/eflora/floraspecies.html?tdcode=02386,"Sapindus rarak. Flora of Thailand. Vol. 7. Part 1, 1999. Pg. 239. Accessed 2021-07-31",Forest Herbarium,All rights reserved
wfo-0001135253,ma sak (หมากซัก)(Northern),ver-THA-0001135253.03,0.0,ref-THA-0001135253,TH,THA,https://botany.dnp.go.th/eflora/floraspecies.html?tdcode=02386,"Sapindus rarak. Flora of Thailand. Vol. 7. Part 1, 1999. Pg. 239. Accessed 2021-07-31",Forest Herbarium,All rights reserved
wfo-0001135253,ma sak (มะซัก)(Northern),ver-THA-0001135253.04,0.0,ref-THA-0001135253,TH,THA,https://botany.dnp.go.th/eflora/floraspecies.html?tdcode=02386,"Sapindus rarak. Flora of Thailand. Vol. 7. Part 1, 1999. Pg. 239. Accessed 2021-07-31",Forest Herbarium,All rights reserved
wfo-0001135253,sompoi thet (ส้มป่อยเทศ)(Northern),ver-THA-0001135253.05,0.0,ref-THA-0001135253,TH,THA,https://botany.dnp.go.th/eflora/floraspecies.html?tdcode=02386,"Sapindus rarak. Flora of Thailand. Vol. 7. Part 1, 1999. Pg. 239. Accessed 2021-07-31",Forest Herbarium,All rights reserved
wfo-0001135253,"makham di khwai (มะคำดีควาย)(Northern, Central)",ver-THA-0001135253.06,0.0,ref-THA-0001135253,TH,THA,https://botany.dnp.go.th/eflora/floraspecies.html?tdcode=02386,"Sapindus rarak. Flora of Thailand. Vol. 7. Part 1, 1999. Pg. 239. Accessed 2021-07-31",Forest Herbarium,All rights reserved
wfo-0001135253,prakham di khwai (ประคำดีควาย)(Central),ver-THA-0001135253.07,0.0,ref-THA-0001135253,TH,THA,https://botany.dnp.go.th/eflora/floraspecies.html?tdcode=02386,"Sapindus rarak. Flora of Thailand. Vol. 7. Part 1, 1999. Pg. 239. Accessed 2021-07-31",Forest Herbarium,All rights reserved
wfo-0001134603,"kho (ค้อ, เคาะ)(General)",ver-THA-0001134603.01,0.0,ref-THA-0001134603,TH,THA,https://botany.dnp.go.th/eflora/floraspecies.html?tdcode=02388,"Schleichera oleosa. Flora of Thailand. Vol. 7. Part 1, 1999. Pg. 241. Accessed 2021-07-31",Forest Herbarium,All rights reserved
wfo-0001134603,ta khro (ตะคร้อ)(General),ver-THA-0001134603.02,0.0,ref-THA-0001134603,TH,THA,https://botany.dnp.go.th/eflora/floraspecies.html?tdcode=02388,"Schleichera oleosa. Flora of Thailand. Vol. 7. Part 1, 1999. Pg. 241. Accessed 2021-07-31",Forest Herbarium,All rights reserved
wfo-0001134603,"chok (โจ๊ก)(Northern, Northeastern)",ver-THA-0001134603.03,0.0,ref-THA-0001134603,TH,THA,https://botany.dnp.go.th/eflora/floraspecies.html?tdcode=02388,"Schleichera oleosa. Flora of Thailand. Vol. 7. Part 1, 1999. Pg. 241. Accessed 2021-07-31",Forest Herbarium,All rights reserved
wfo-0001134603,"kho som (คอส้ม)(Northern, Northeastern)",ver-THA-0001134603.04,0.0,ref-THA-0001134603,TH,THA,https://botany.dnp.go.th/eflora/floraspecies.html?tdcode=02388,"Schleichera oleosa. Flora of Thailand. Vol. 7. Part 1, 1999. Pg. 241. Accessed 2021-07-31",Forest Herbarium,All rights reserved
wfo-0001134603,"kho chok (เคาะโจ๊ก)(Northern, Northeastern)",ver-THA-0001134603.05,0.0,ref-THA-0001134603,TH,THA,https://botany.dnp.go.th/eflora/floraspecies.html?tdcode=02388,"Schleichera oleosa. Flora of Thailand. Vol. 7. Part 1, 1999. Pg. 241. Accessed 2021-07-31",Forest Herbarium,All rights reserved
wfo-0001134603,"ma chok (มะโจ๊ก)(Northern, Northeastern)",ver-THA-0001134603.06,0.0,ref-THA-0001134603,TH,THA,https://botany.dnp.go.th/eflora/floraspecies.html?tdcode=02388,"Schleichera oleosa. Flora of Thailand. Vol. 7. Part 1, 1999. Pg. 241. Accessed 2021-07-31",Forest Herbarium,All rights reserved
wfo-0001134603,"ma kho (มะเคาะ)(Northern, Northeastern)",ver-THA-0001134603.07,0.0,ref-THA-0001134603,TH,THA,https://botany.dnp.go.th/eflora/floraspecies.html?tdcode=02388,"Schleichera oleosa. Flora of Thailand. Vol. 7. Part 1, 1999. Pg. 241. Accessed 2021-07-31",Forest Herbarium,All rights reserved
wfo-0001134603,"mai ta khro (ไม้ตะคร้อ)(Northern, Northeastern)",ver-THA-0001134603.08,0.0,ref-THA-0001134603,TH,THA,https://botany.dnp.go.th/eflora/floraspecies.html?tdcode=02388,"Schleichera oleosa. Flora of Thailand. Vol. 7. Part 1, 1999. Pg. 241. Accessed 2021-07-31",Forest Herbarium,All rights reserved
wfo-0001134603,sa-u-sek (ซะอู่เส่ก)(Karen-Mae Hong Son),ver-THA-0001134603.09,0.0,ref-THA-0001134603,TH,THA,https://botany.dnp.go.th/eflora/floraspecies.html?tdcode=02388,"Schleichera oleosa. Flora of Thailand. Vol. 7. Part 1, 1999. Pg. 241. Accessed 2021-07-31",Forest Herbarium,All rights reserved
wfo-0001134603,"mai kho (ไม้เคาะ)(Northern, Northeastern)",ver-THA-0001134603.10,0.0,ref-THA-0001134603,TH,THA,https://botany.dnp.go.th/eflora/floraspecies.html?tdcode=02388,"Schleichera oleosa. Flora of Thailand. Vol. 7. Part 1, 1999. Pg. 241. Accessed 2021-07-31",Forest Herbarium,All rights reserved
wfo-0001134603,ka-so (กาซ้อ)(Karen-Kanchanaburi),ver-THA-0001134603.11,0.0,ref-THA-0001134603,TH,THA,https://botany.dnp.go.th/eflora/floraspecies.html?tdcode=02388,"Schleichera oleosa. Flora of Thailand. Vol. 7. Part 1, 1999. Pg. 241. Accessed 2021-07-31",Forest Herbarium,All rights reserved
wfo-0001134603,ka-song (กาซ้อง)(Karen-Kanchanaburi),ver-THA-0001134603.12,0.0,ref-THA-0001134603,TH,THA,https://botany.dnp.go.th/eflora/floraspecies.html?tdcode=02388,"Schleichera oleosa. Flora of Thailand. Vol. 7. Part 1, 1999. Pg. 241. Accessed 2021-07-31",Forest Herbarium,All rights reserved
wfo-0001134603,khui (คุ้ย)(Karen-Kanchanaburi),ver-THA-0001134603.13,0.0,ref-THA-0001134603,TH,THA,https://botany.dnp.go.th/eflora/floraspecies.html?tdcode=02388,"Schleichera oleosa. Flora of Thailand. Vol. 7. Part 1, 1999. Pg. 241. Accessed 2021-07-31",Forest Herbarium,All rights reserved
wfo-0001134603,pan-rong (ปันโรง)(Khmer Buri Ram),ver-THA-0001134603.14,0.0,ref-THA-0001134603,TH,THA,https://botany.dnp.go.th/eflora/floraspecies.html?tdcode=02388,"Schleichera oleosa. Flora of Thailand. Vol. 7. Part 1, 1999. Pg. 241. Accessed 2021-07-31",Forest Herbarium,All rights reserved
wfo-0001134603,pan-rua (ปันรัว)(Khmer-Surin),ver-THA-0001134603.15,0.0,ref-THA-0001134603,TH,THA,https://botany.dnp.go.th/eflora/floraspecies.html?tdcode=02388,"Schleichera oleosa. Flora of Thailand. Vol. 7. Part 1, 1999. Pg. 241. Accessed 2021-07-31",Forest Herbarium,All rights reserved
wfo-0001134603,ta khro khai (ตะคร้อไข่)(Southwestern),ver-THA-0001134603.16,0.0,ref-THA-0001134603,TH,THA,https://botany.dnp.go.th/eflora/floraspecies.html?tdcode=02388,"Schleichera oleosa. Flora of Thailand. Vol. 7. Part 1, 1999. Pg. 241. Accessed 2021-07-31",Forest Herbarium,All rights reserved
wfo-0000493154,takhro nam (ตะคร้อหนาม)(General),ver-THA-0000493154.01,0.0,ref-THA-0000493154,TH,THA,https://botany.dnp.go.th/eflora/floraspecies.html?tdcode=02390,"Sisyrolepis muricata. Flora of Thailand. Vol. 7. Part 1, 1999. Pg. 243. Accessed 2021-07-31",Forest Herbarium,All rights reserved
wfo-0000493154,kho nam (เคาะหนาม)(Northern),ver-THA-0000493154.02,0.0,ref-THA-0000493154,TH,THA,https://botany.dnp.go.th/eflora/floraspecies.html?tdcode=02390,"Sisyrolepis muricata. Flora of Thailand. Vol. 7. Part 1, 1999. Pg. 243. Accessed 2021-07-31",Forest Herbarium,All rights reserved
wfo-0000493154,kho yum (เคาะหยุม)(Northern),ver-THA-0000493154.03,0.0,ref-THA-0000493154,TH,THA,https://botany.dnp.go.th/eflora/floraspecies.html?tdcode=02390,"Sisyrolepis muricata. Flora of Thailand. Vol. 7. Part 1, 1999. Pg. 243. Accessed 2021-07-31",Forest Herbarium,All rights reserved
wfo-0000493154,ma chok nam (มะโจ๊กหนาม)(Northern),ver-THA-0000493154.04,0.0,ref-THA-0000493154,TH,THA,https://botany.dnp.go.th/eflora/floraspecies.html?tdcode=02390,"Sisyrolepis muricata. Flora of Thailand. Vol. 7. Part 1, 1999. Pg. 243. Accessed 2021-07-31",Forest Herbarium,All rights reserved
wfo-0000493154,ma chok yum (มะโจ๊กหยุม)(Northern),ver-THA-0000493154.05,0.0,ref-THA-0000493154,TH,THA,https://botany.dnp.go.th/eflora/floraspecies.html?tdcode=02390,"Sisyrolepis muricata. Flora of Thailand. Vol. 7. Part 1, 1999. Pg. 243. Accessed 2021-07-31",Forest Herbarium,All rights reserved
wfo-0000493154,ma kho yum (มะ เคาะหยุม)(Northern),ver-THA-0000493154.06,0.0,ref-THA-0000493154,TH,THA,https://botany.dnp.go.th/eflora/floraspecies.html?tdcode=02390,"Sisyrolepis muricata. Flora of Thailand. Vol. 7. Part 1, 1999. Pg. 243. Accessed 2021-07-31",Forest Herbarium,All rights reserved
wfo-0000493154,takhro (ตะคร้อ)(Northern),ver-THA-0000493154.07,0.0,ref-THA-0000493154,TH,THA,https://botany.dnp.go.th/eflora/floraspecies.html?tdcode=02390,"Sisyrolepis muricata. Flora of Thailand. Vol. 7. Part 1, 1999. Pg. 243. Accessed 2021-07-31",Forest Herbarium,All rights reserved
wfo-0000493154,kho nam (ค้อหนาม)(Northeastern),ver-THA-0000493154.08,0.0,ref-THA-0000493154,TH,THA,https://botany.dnp.go.th/eflora/floraspecies.html?tdcode=02390,"Sisyrolepis muricata. Flora of Thailand. Vol. 7. Part 1, 1999. Pg. 243. Accessed 2021-07-31",Forest Herbarium,All rights reserved
wfo-0000493154,pan-rua (ปันรัว)(Khmer-Surin),ver-THA-0000493154.09,0.0,ref-THA-0000493154,TH,THA,https://botany.dnp.go.th/eflora/floraspecies.html?tdcode=02390,"Sisyrolepis muricata. Flora of Thailand. Vol. 7. Part 1, 1999. Pg. 243. Accessed 2021-07-31",Forest Herbarium,All rights reserved
wfo-0000493154,ta kho (ตะค้อ)(Southwestern),ver-THA-0000493154.10,0.0,ref-THA-0000493154,TH,THA,https://botany.dnp.go.th/eflora/floraspecies.html?tdcode=02390,"Sisyrolepis muricata. Flora of Thailand. Vol. 7. Part 1, 1999. Pg. 243. Accessed 2021-07-31",Forest Herbarium,All rights reserved
wfo-0000313531,phetcha hueng (เพชรหึง)(Chanthaburi),ver-THA-0000313531.01,0.0,ref-THA-0000313531,TH,THA,https://botany.dnp.go.th/eflora/floraspecies.html?tdcode=02203,"Spirolobium cambodianum. Flora of Thailand. Vol. 7. Part 1, 1999. Pg. 76. Accessed 2021-07-31",Forest Herbarium,All rights reserved
wfo-0000313531,phetcha hueng tak kat (เพชรหึงตักกาด)(Trat),ver-THA-0000313531.02,0.0,ref-THA-0000313531,TH,THA,https://botany.dnp.go.th/eflora/floraspecies.html?tdcode=02203,"Spirolobium cambodianum. Flora of Thailand. Vol. 7. Part 1, 1999. Pg. 76. Accessed 2021-07-31",Forest Herbarium,All rights reserved
wfo-0000313531,hat sakhun (หัสคุณ)(Songkhla),ver-THA-0000313531.03,0.0,ref-THA-0000313531,TH,THA,https://botany.dnp.go.th/eflora/floraspecies.html?tdcode=02203,"Spirolobium cambodianum. Flora of Thailand. Vol. 7. Part 1, 1999. Pg. 76. Accessed 2021-07-31",Forest Herbarium,All rights reserved
wfo-0000317354,yan yang luang (ย่ายางหลวง)(Peninsular),ver-THA-0000317354.01,0.0,ref-THA-0000317354,TH,THA,https://botany.dnp.go.th/eflora/floraspecies.html?tdcode=02230,"Strophanthus wallichii. Flora of Thailand. Vol. 7. Part 1, 1999. Pg. 98. Accessed 2021-07-31",Forest Herbarium,All rights reserved
wfo-0000319756,khem dong (เข็มดง)(Tak),ver-THA-0000319756.01,0.0,ref-THA-0000319756,TH,THA,https://botany.dnp.go.th/eflora/floraspecies.html?tdcode=02149,"Tabernaemontana bufalina. Flora of Thailand. Vol. 7. Part 1, 1999. Pg. 30. Accessed 2021-07-31",Forest Herbarium,All rights reserved
wfo-0000319756,sa hom (ซ้าฮ่อม)(Tak),ver-THA-0000319756.02,0.0,ref-THA-0000319756,TH,THA,https://botany.dnp.go.th/eflora/floraspecies.html?tdcode=02149,"Tabernaemontana bufalina. Flora of Thailand. Vol. 7. Part 1, 1999. Pg. 30. Accessed 2021-07-31",Forest Herbarium,All rights reserved
wfo-0000319756,phrik nai pran (พริกนายพราน)(Prachuap Khiri Khan),ver-THA-0000319756.03,0.0,ref-THA-0000319756,TH,THA,https://botany.dnp.go.th/eflora/floraspecies.html?tdcode=02149,"Tabernaemontana bufalina. Flora of Thailand. Vol. 7. Part 1, 1999. Pg. 30. Accessed 2021-07-31",Forest Herbarium,All rights reserved
wfo-0000319756,phrik pran (พริกพราน)(Prachuap Khiri Khan),ver-THA-0000319756.04,0.0,ref-THA-0000319756,TH,THA,https://botany.dnp.go.th/eflora/floraspecies.html?tdcode=02149,"Tabernaemontana bufalina. Flora of Thailand. Vol. 7. Part 1, 1999. Pg. 30. Accessed 2021-07-31",Forest Herbarium,All rights reserved
wfo-0000319756,phrik pa yai (พริกป่าใหญ่)(Chon Buri),ver-THA-0000319756.05,0.0,ref-THA-0000319756,TH,THA,https://botany.dnp.go.th/eflora/floraspecies.html?tdcode=02149,"Tabernaemontana bufalina. Flora of Thailand. Vol. 7. Part 1, 1999. Pg. 30. Accessed 2021-07-31",Forest Herbarium,All rights reserved
wfo-0000319756,phrik pa lek (พริกป่าเล็ก)(Chon Buri),ver-THA-0000319756.06,0.0,ref-THA-0000319756,TH,THA,https://botany.dnp.go.th/eflora/floraspecies.html?tdcode=02149,"Tabernaemontana bufalina. Flora of Thailand. Vol. 7. Part 1, 1999. Pg. 30. Accessed 2021-07-31",Forest Herbarium,All rights reserved
wfo-0000319756,phut noi (พุดน้อย)(Ubon Ratchathani),ver-THA-0000319756.07,0.0,ref-THA-0000319756,TH,THA,https://botany.dnp.go.th/eflora/floraspecies.html?tdcode=02149,"Tabernaemontana bufalina. Flora of Thailand. Vol. 7. Part 1, 1999. Pg. 30. Accessed 2021-07-31",Forest Herbarium,All rights reserved
wfo-0000319756,phut pa (พุดป่า)(Loei),ver-THA-0000319756.08,0.0,ref-THA-0000319756,TH,THA,https://botany.dnp.go.th/eflora/floraspecies.html?tdcode=02149,"Tabernaemontana bufalina. Flora of Thailand. Vol. 7. Part 1, 1999. Pg. 30. Accessed 2021-07-31",Forest Herbarium,All rights reserved
wfo-0000319756,mali farang (มะลิฝรั่ง)(Bangkok),ver-THA-0000319756.09,0.0,ref-THA-0000319756,TH,THA,https://botany.dnp.go.th/eflora/floraspecies.html?tdcode=02149,"Tabernaemontana bufalina. Flora of Thailand. Vol. 7. Part 1, 1999. Pg. 30. Accessed 2021-07-31",Forest Herbarium,All rights reserved
wfo-0000319835,phut pa (พุดป่า)(Lampang),ver-THA-0000319835.01,0.0,ref-THA-0000319835,TH,THA,https://botany.dnp.go.th/eflora/floraspecies.html?tdcode=02151,"Tabernaemontana divaricata. Flora of Thailand. Vol. 7. Part 1, 1999. Pg. 31. Accessed 2021-07-31",Forest Herbarium,All rights reserved
wfo-0000319835,phut chip (พุดจีบ)(Central),ver-THA-0000319835.02,0.0,ref-THA-0000319835,TH,THA,https://botany.dnp.go.th/eflora/floraspecies.html?tdcode=02151,"Tabernaemontana divaricata. Flora of Thailand. Vol. 7. Part 1, 1999. Pg. 31. Accessed 2021-07-31",Forest Herbarium,All rights reserved
wfo-0000319835,phut son (พุดซ้อน)(Central),ver-THA-0000319835.03,0.0,ref-THA-0000319835,TH,THA,https://botany.dnp.go.th/eflora/floraspecies.html?tdcode=02151,"Tabernaemontana divaricata. Flora of Thailand. Vol. 7. Part 1, 1999. Pg. 31. Accessed 2021-07-31",Forest Herbarium,All rights reserved
wfo-0000319835,phut suan (พุดสวน)(Central),ver-THA-0000319835.04,0.0,ref-THA-0000319835,TH,THA,https://botany.dnp.go.th/eflora/floraspecies.html?tdcode=02151,"Tabernaemontana divaricata. Flora of Thailand. Vol. 7. Part 1, 1999. Pg. 31. Accessed 2021-07-31",Forest Herbarium,All rights reserved
wfo-0000319835,phut sa (พุดสา)(Central),ver-THA-0000319835.05,0.0,ref-THA-0000319835,TH,THA,https://botany.dnp.go.th/eflora/floraspecies.html?tdcode=02151,"Tabernaemontana divaricata. Flora of Thailand. Vol. 7. Part 1, 1999. Pg. 31. Accessed 2021-07-31",Forest Herbarium,All rights reserved
wfo-0000320046,prik pa (พริกป่า)(Rayong),ver-THA-0000320046.01,0.0,ref-THA-0000320046,TH,THA,https://botany.dnp.go.th/eflora/floraspecies.html?tdcode=02154,"Tabernaemontana pauciflora. Flora of Thailand. Vol. 7. Part 1, 1999. Pg. 33. Accessed 2021-07-31",Forest Herbarium,All rights reserved
wfo-0000320046,prik ka (พริกกา)(Chon Buri),ver-THA-0000320046.02,0.0,ref-THA-0000320046,TH,THA,https://botany.dnp.go.th/eflora/floraspecies.html?tdcode=02154,"Tabernaemontana pauciflora. Flora of Thailand. Vol. 7. Part 1, 1999. Pg. 33. Accessed 2021-07-31",Forest Herbarium,All rights reserved
wfo-0000320046,prik pa nok (พริกป่านก)(Chon Buri),ver-THA-0000320046.03,0.0,ref-THA-0000320046,TH,THA,https://botany.dnp.go.th/eflora/floraspecies.html?tdcode=02154,"Tabernaemontana pauciflora. Flora of Thailand. Vol. 7. Part 1, 1999. Pg. 33. Accessed 2021-07-31",Forest Herbarium,All rights reserved
wfo-0000323136,sae nawa (แซน่าวา)(Northern),ver-THA-0000323136.01,0.0,ref-THA-0000323136,TH,THA,https://botany.dnp.go.th/eflora/floraspecies.html?tdcode=02195,"Thevetia peruviana. Flora of Thailand. Vol. 7. Part 1, 1999. Pg. 69. Accessed 2021-07-31",Forest Herbarium,All rights reserved
wfo-0000323136,sae sala (แซะศาลา)(Northern),ver-THA-0000323136.02,0.0,ref-THA-0000323136,TH,THA,https://botany.dnp.go.th/eflora/floraspecies.html?tdcode=02195,"Thevetia peruviana. Flora of Thailand. Vol. 7. Part 1, 1999. Pg. 69. Accessed 2021-07-31",Forest Herbarium,All rights reserved
wfo-0000323136,krabok (กระบอก)(Bangkok),ver-THA-0000323136.03,0.0,ref-THA-0000323136,TH,THA,https://botany.dnp.go.th/eflora/floraspecies.html?tdcode=02195,"Thevetia peruviana. Flora of Thailand. Vol. 7. Part 1, 1999. Pg. 69. Accessed 2021-07-31",Forest Herbarium,All rights reserved
wfo-0000323136,ka thok (กะทอก)(Bangkok),ver-THA-0000323136.04,0.0,ref-THA-0000323136,TH,THA,https://botany.dnp.go.th/eflora/floraspecies.html?tdcode=02195,"Thevetia peruviana. Flora of Thailand. Vol. 7. Part 1, 1999. Pg. 69. Accessed 2021-07-31",Forest Herbarium,All rights reserved
wfo-0000323136,ban buri (บานบุรี)(Bangkok),ver-THA-0000323136.05,0.0,ref-THA-0000323136,TH,THA,https://botany.dnp.go.th/eflora/floraspecies.html?tdcode=02195,"Thevetia peruviana. Flora of Thailand. Vol. 7. Part 1, 1999. Pg. 69. Accessed 2021-07-31",Forest Herbarium,All rights reserved
wfo-0000323136,yitho farang (ยี่โถฝรั่ง)(Bangkok),ver-THA-0000323136.06,0.0,ref-THA-0000323136,TH,THA,https://botany.dnp.go.th/eflora/floraspecies.html?tdcode=02195,"Thevetia peruviana. Flora of Thailand. Vol. 7. Part 1, 1999. Pg. 69. Accessed 2021-07-31",Forest Herbarium,All rights reserved
wfo-0000323136,ram phon (รำพน)(Central),ver-THA-0000323136.07,0.0,ref-THA-0000323136,TH,THA,https://botany.dnp.go.th/eflora/floraspecies.html?tdcode=02195,"Thevetia peruviana. Flora of Thailand. Vol. 7. Part 1, 1999. Pg. 69. Accessed 2021-07-31",Forest Herbarium,All rights reserved
wfo-0000323136,ram phoei (รำเพย)(Central),ver-THA-0000323136.08,0.0,ref-THA-0000323136,TH,THA,https://botany.dnp.go.th/eflora/floraspecies.html?tdcode=02195,"Thevetia peruviana. Flora of Thailand. Vol. 7. Part 1, 1999. Pg. 69. Accessed 2021-07-31",Forest Herbarium,All rights reserved
wfo-0000330487,yang yut (ยางยุด)(Northern),ver-THA-0000330487.01,0.0,ref-THA-0000330487,TH,THA,https://botany.dnp.go.th/eflora/floraspecies.html?tdcode=02283,"Urceola latifolia. Flora of Thailand. Vol. 7. Part 1, 1999. Pg. 143. Accessed 2021-07-31",Forest Herbarium,All rights reserved
wfo-0000330495,yang yuet (ยางยืด)(Chiang Mai),ver-THA-0000330495.01,0.0,ref-THA-0000330495,TH,THA,https://botany.dnp.go.th/eflora/floraspecies.html?tdcode=02285,"Urceola micrantha. Flora of Thailand. Vol. 7. Part 1, 1999. Pg. 145. Accessed 2021-07-31",Forest Herbarium,All rights reserved
wfo-0000330495,katang katio (กะตังกะติ้ว)(Nakhon Ratchasima),ver-THA-0000330495.02,0.0,ref-THA-0000330495,TH,THA,https://botany.dnp.go.th/eflora/floraspecies.html?tdcode=02285,"Urceola micrantha. Flora of Thailand. Vol. 7. Part 1, 1999. Pg. 145. Accessed 2021-07-31",Forest Herbarium,All rights reserved
wfo-0000330504,khruea dok saeng (เครือดอกแซ้ง)(Chiang Rai),ver-THA-0000330504.01,0.0,ref-THA-0000330504,TH,THA,https://botany.dnp.go.th/eflora/floraspecies.html?tdcode=02288,"Urceola rosea. Flora of Thailand. Vol. 7. Part 1, 1999. Pg. 149. Accessed 2021-07-31",Forest Herbarium,All rights reserved
wfo-0000330504,khruea khao muak noi (เครือเขามวกน้อย)(Lampang),ver-THA-0000330504.02,0.0,ref-THA-0000330504,TH,THA,https://botany.dnp.go.th/eflora/floraspecies.html?tdcode=02288,"Urceola rosea. Flora of Thailand. Vol. 7. Part 1, 1999. Pg. 149. Accessed 2021-07-31",Forest Herbarium,All rights reserved
wfo-0000330504,muak daeng (มวกแดง)(Lampang),ver-THA-0000330504.03,0.0,ref-THA-0000330504,TH,THA,https://botany.dnp.go.th/eflora/floraspecies.html?tdcode=02288,"Urceola rosea. Flora of Thailand. Vol. 7. Part 1, 1999. Pg. 149. Accessed 2021-07-31",Forest Herbarium,All rights reserved
wfo-0000330504,som kiap (ส้มเกียบ)(Trang),ver-THA-0000330504.04,0.0,ref-THA-0000330504,TH,THA,https://botany.dnp.go.th/eflora/floraspecies.html?tdcode=02288,"Urceola rosea. Flora of Thailand. Vol. 7. Part 1, 1999. Pg. 149. Accessed 2021-07-31",Forest Herbarium,All rights reserved
wfo-0000330938,chammanat (ชำมะนาด)(Northern),ver-THA-0000330938.01,0.0,ref-THA-0000330938,TH,THA,https://botany.dnp.go.th/eflora/floraspecies.html?tdcode=02225,"Vallaris glabra. Flora of Thailand. Vol. 7. Part 1, 1999. Pg. 94. Accessed 2021-07-31",Forest Herbarium,All rights reserved
wfo-0000330938,chammanat klang (ชำมะนาดกลาง)(Northern),ver-THA-0000330938.02,0.0,ref-THA-0000330938,TH,THA,https://botany.dnp.go.th/eflora/floraspecies.html?tdcode=02225,"Vallaris glabra. Flora of Thailand. Vol. 7. Part 1, 1999. Pg. 94. Accessed 2021-07-31",Forest Herbarium,All rights reserved
wfo-0000330938,chammanat farang (ชํามะนาดฝรั่ง)(Northern),ver-THA-0000330938.03,0.0,ref-THA-0000330938,TH,THA,https://botany.dnp.go.th/eflora/floraspecies.html?tdcode=02225,"Vallaris glabra. Flora of Thailand. Vol. 7. Part 1, 1999. Pg. 94. Accessed 2021-07-31",Forest Herbarium,All rights reserved
wfo-0000330938,dok khao mai (ดอกข้าวใหม่)(Northern),ver-THA-0000330938.04,0.0,ref-THA-0000330938,TH,THA,https://botany.dnp.go.th/eflora/floraspecies.html?tdcode=02225,"Vallaris glabra. Flora of Thailand. Vol. 7. Part 1, 1999. Pg. 94. Accessed 2021-07-31",Forest Herbarium,All rights reserved
wfo-0000330951,ya chang noi (หญ้าช้างน้อย)(Northern),ver-THA-0000330951.01,0.0,ref-THA-0000330951,TH,THA,https://botany.dnp.go.th/eflora/floraspecies.html?tdcode=02226,"Vallaris solanacea. Flora of Thailand. Vol. 7. Part 1, 1999. Pg. 95. Accessed 2021-07-31",Forest Herbarium,All rights reserved
wfo-0000330951,ya chang yoi (หญ้าช้างย้อย)(Northern),ver-THA-0000330951.02,0.0,ref-THA-0000330951,TH,THA,https://botany.dnp.go.th/eflora/floraspecies.html?tdcode=02226,"Vallaris solanacea. Flora of Thailand. Vol. 7. Part 1, 1999. Pg. 95. Accessed 2021-07-31",Forest Herbarium,All rights reserved
wfo-0000330951,hang men khruea (หางเม่นเครือ)(Northern),ver-THA-0000330951.03,0.0,ref-THA-0000330951,TH,THA,https://botany.dnp.go.th/eflora/floraspecies.html?tdcode=02226,"Vallaris solanacea. Flora of Thailand. Vol. 7. Part 1, 1999. Pg. 95. Accessed 2021-07-31",Forest Herbarium,All rights reserved
wfo-0000330951,fum fum (ฟูมฟูม)(Northeastern),ver-THA-0000330951.04,0.0,ref-THA-0000330951,TH,THA,https://botany.dnp.go.th/eflora/floraspecies.html?tdcode=02226,"Vallaris solanacea. Flora of Thailand. Vol. 7. Part 1, 1999. Pg. 95. Accessed 2021-07-31",Forest Herbarium,All rights reserved
wfo-0000330951,um fum (อู่มฟูม)(Northeastern),ver-THA-0000330951.05,0.0,ref-THA-0000330951,TH,THA,https://botany.dnp.go.th/eflora/floraspecies.html?tdcode=02226,"Vallaris solanacea. Flora of Thailand. Vol. 7. Part 1, 1999. Pg. 95. Accessed 2021-07-31",Forest Herbarium,All rights reserved
wfo-0000330951,chammanat lek (ชำมะนาดเล็ก)(Central),ver-THA-0000330951.06,0.0,ref-THA-0000330951,TH,THA,https://botany.dnp.go.th/eflora/floraspecies.html?tdcode=02226,"Vallaris solanacea. Flora of Thailand. Vol. 7. Part 1, 1999. Pg. 95. Accessed 2021-07-31",Forest Herbarium,All rights reserved
wfo-0000334368,khui (คุย)(Peninsular),ver-THA-0000334368.01,0.0,ref-THA-0000334368,TH,THA,https://botany.dnp.go.th/eflora/floraspecies.html?tdcode=02137,"Willughbeia coriacea. Flora of Thailand. Vol. 7. Part 1, 1999. Pg. 19. Accessed 2021-07-31",Forest Herbarium,All rights reserved
wfo-0000334368,a-ka kue-lo (อากากือเลาะ)(Malay-Pattani),ver-THA-0000334368.02,0.0,ref-THA-0000334368,TH,THA,https://botany.dnp.go.th/eflora/floraspecies.html?tdcode=02137,"Willughbeia coriacea. Flora of Thailand. Vol. 7. Part 1, 1999. Pg. 19. Accessed 2021-07-31",Forest Herbarium,All rights reserved
wfo-0000334368,gut-ta ga-roo (กัตตากาโร)(Malay),ver-THA-0000334368.03,0.0,ref-THA-0000334368,TH,THA,https://botany.dnp.go.th/eflora/floraspecies.html?tdcode=02137,"Willughbeia coriacea. Flora of Thailand. Vol. 7. Part 1, 1999. Pg. 19. Accessed 2021-07-31",Forest Herbarium,All rights reserved
wfo-0000334372,ka tang ka tio (กะตังกะตั้ว)(Central),ver-THA-0000334372.01,0.0,ref-THA-0000334372,TH,THA,https://botany.dnp.go.th/eflora/floraspecies.html?tdcode=02138,"Willughbeia edulis. Flora of Thailand. Vol. 7. Part 1, 1999. Pg. 20. Accessed 2021-07-31",Forest Herbarium,All rights reserved
wfo-0000334372,khui (คุย)(Peninsular),ver-THA-0000334372.02,0.0,ref-THA-0000334372,TH,THA,https://botany.dnp.go.th/eflora/floraspecies.html?tdcode=02138,"Willughbeia edulis. Flora of Thailand. Vol. 7. Part 1, 1999. Pg. 20. Accessed 2021-07-31",Forest Herbarium,All rights reserved
wfo-0000334372,khui chang (คุยช้าง)(Prachin Buri),ver-THA-0000334372.03,0.0,ref-THA-0000334372,TH,THA,https://botany.dnp.go.th/eflora/floraspecies.html?tdcode=02138,"Willughbeia edulis. Flora of Thailand. Vol. 7. Part 1, 1999. Pg. 20. Accessed 2021-07-31",Forest Herbarium,All rights reserved
wfo-0000334372,khui nang (คุยหนัง)(Rayong),ver-THA-0000334372.04,0.0,ref-THA-0000334372,TH,THA,https://botany.dnp.go.th/eflora/floraspecies.html?tdcode=02138,"Willughbeia edulis. Flora of Thailand. Vol. 7. Part 1, 1999. Pg. 20. Accessed 2021-07-31",Forest Herbarium,All rights reserved
wfo-0000334509,muk noi (มูกน้อย)(General),ver-THA-0000334509.01,0.0,ref-THA-0000334509,TH,THA,https://botany.dnp.go.th/eflora/floraspecies.html?tdcode=02209,"Wrightia arborea. Flora of Thailand. Vol. 7. Part 1, 1999. Pg. 81. Accessed 2021-07-31",Forest Herbarium,All rights reserved
wfo-0000334509,mok noi (โมกน้อย)(General),ver-THA-0000334509.02,0.0,ref-THA-0000334509,TH,THA,https://botany.dnp.go.th/eflora/floraspecies.html?tdcode=02209,"Wrightia arborea. Flora of Thailand. Vol. 7. Part 1, 1999. Pg. 81. Accessed 2021-07-31",Forest Herbarium,All rights reserved
wfo-0000334509,mok man (โมกมัน)(General),ver-THA-0000334509.03,0.0,ref-THA-0000334509,TH,THA,https://botany.dnp.go.th/eflora/floraspecies.html?tdcode=02209,"Wrightia arborea. Flora of Thailand. Vol. 7. Part 1, 1999. Pg. 81. Accessed 2021-07-31",Forest Herbarium,All rights reserved
wfo-0000334509,muk man (มูกมัน)(General),ver-THA-0000334509.04,0.0,ref-THA-0000334509,TH,THA,https://botany.dnp.go.th/eflora/floraspecies.html?tdcode=02209,"Wrightia arborea. Flora of Thailand. Vol. 7. Part 1, 1999. Pg. 81. Accessed 2021-07-31",Forest Herbarium,All rights reserved
wfo-0000334509,se-thue (เส่ทือ)(Karen-Mae Hong Son),ver-THA-0000334509.05,0.0,ref-THA-0000334509,TH,THA,https://botany.dnp.go.th/eflora/floraspecies.html?tdcode=02209,"Wrightia arborea. Flora of Thailand. Vol. 7. Part 1, 1999. Pg. 81. Accessed 2021-07-31",Forest Herbarium,All rights reserved
wfo-0000334509,nae-kae (แนแก)(Karen-Mae Hong Son),ver-THA-0000334509.06,0.0,ref-THA-0000334509,TH,THA,https://botany.dnp.go.th/eflora/floraspecies.html?tdcode=02209,"Wrightia arborea. Flora of Thailand. Vol. 7. Part 1, 1999. Pg. 81. Accessed 2021-07-31",Forest Herbarium,All rights reserved
wfo-0000334526,mok pa (โมกป่า)(Chanthaburi),ver-THA-0000334526.01,0.0,ref-THA-0000334526,TH,THA,https://botany.dnp.go.th/eflora/floraspecies.html?tdcode=02211,"Wrightia dubia. Flora of Thailand. Vol. 7. Part 1, 1999. Pg. 83. Accessed 2021-07-31",Forest Herbarium,All rights reserved
wfo-0000334526,mu (มุ)(Peninsular),ver-THA-0000334526.02,0.0,ref-THA-0000334526,TH,THA,https://botany.dnp.go.th/eflora/floraspecies.html?tdcode=02211,"Wrightia dubia. Flora of Thailand. Vol. 7. Part 1, 1999. Pg. 83. Accessed 2021-07-31",Forest Herbarium,All rights reserved
wfo-0000334526,muk (มูก)(Peninsular),ver-THA-0000334526.03,0.0,ref-THA-0000334526,TH,THA,https://botany.dnp.go.th/eflora/floraspecies.html?tdcode=02211,"Wrightia dubia. Flora of Thailand. Vol. 7. Part 1, 1999. Pg. 83. Accessed 2021-07-31",Forest Herbarium,All rights reserved
wfo-0000334526,mok daeng (โมกแดง)(Peninsular),ver-THA-0000334526.04,0.0,ref-THA-0000334526,TH,THA,https://botany.dnp.go.th/eflora/floraspecies.html?tdcode=02211,"Wrightia dubia. Flora of Thailand. Vol. 7. Part 1, 1999. Pg. 83. Accessed 2021-07-31",Forest Herbarium,All rights reserved
wfo-0000334542,mok khao (โมกเขา)(Pachuap Khiri Khan),ver-THA-0000334542.01,0.0,ref-THA-0000334542,TH,THA,https://botany.dnp.go.th/eflora/floraspecies.html?tdcode=02213,"Wrightia lanceolata. Flora of Thailand. Vol. 7. Part 1, 1999. Pg. 85. Accessed 2021-07-31",Forest Herbarium,All rights reserved
wfo-0000334559,muk (มูก)(Central),ver-THA-0000334559.01,0.0,ref-THA-0000334559,TH,THA,https://botany.dnp.go.th/eflora/floraspecies.html?tdcode=02215,"Wrightia pubescens. Flora of Thailand. Vol. 7. Part 1, 1999. Pg. 86. Accessed 2021-07-31",Forest Herbarium,All rights reserved
wfo-0000334559,mok (โมก)(Central),ver-THA-0000334559.02,0.0,ref-THA-0000334559,TH,THA,https://botany.dnp.go.th/eflora/floraspecies.html?tdcode=02215,"Wrightia pubescens. Flora of Thailand. Vol. 7. Part 1, 1999. Pg. 86. Accessed 2021-07-31",Forest Herbarium,All rights reserved
wfo-0000334559,mok man (โมกมัน)(Chon Buri),ver-THA-0000334559.03,0.0,ref-THA-0000334559,TH,THA,https://botany.dnp.go.th/eflora/floraspecies.html?tdcode=02215,"Wrightia pubescens. Flora of Thailand. Vol. 7. Part 1, 1999. Pg. 86. Accessed 2021-07-31",Forest Herbarium,All rights reserved
wfo-0000334559,muk kuea (มูกเกื้อ)(Chanthaburi),ver-THA-0000334559.04,0.0,ref-THA-0000334559,TH,THA,https://botany.dnp.go.th/eflora/floraspecies.html?tdcode=02215,"Wrightia pubescens. Flora of Thailand. Vol. 7. Part 1, 1999. Pg. 86. Accessed 2021-07-31",Forest Herbarium,All rights reserved
wfo-0000334567,pit-chong-wa (ปิดจงวา)(Khmer-Surin),ver-THA-0000334567.01,0.0,ref-THA-0000334567,TH,THA,https://botany.dnp.go.th/eflora/floraspecies.html?tdcode=02216,"Wrightia religiosa. Flora of Thailand. Vol. 7. Part 1, 1999. Pg. 88. Accessed 2021-07-31",Forest Herbarium,All rights reserved
wfo-0000334567,lak pa (หลักป่า)(Rayong),ver-THA-0000334567.02,0.0,ref-THA-0000334567,TH,THA,https://botany.dnp.go.th/eflora/floraspecies.html?tdcode=02216,"Wrightia religiosa. Flora of Thailand. Vol. 7. Part 1, 1999. Pg. 88. Accessed 2021-07-31",Forest Herbarium,All rights reserved
wfo-0000334567,mok son (โมกซ้อน)(Central),ver-THA-0000334567.03,0.0,ref-THA-0000334567,TH,THA,https://botany.dnp.go.th/eflora/floraspecies.html?tdcode=02216,"Wrightia religiosa. Flora of Thailand. Vol. 7. Part 1, 1999. Pg. 88. Accessed 2021-07-31",Forest Herbarium,All rights reserved
wfo-0000334567,mok ban (โมกบ้าน)(Central),ver-THA-0000334567.04,0.0,ref-THA-0000334567,TH,THA,https://botany.dnp.go.th/eflora/floraspecies.html?tdcode=02216,"Wrightia religiosa. Flora of Thailand. Vol. 7. Part 1, 1999. Pg. 88. Accessed 2021-07-31",Forest Herbarium,All rights reserved
wfo-0000428410,kho laen (คอแลน)(General),ver-THA-0000428410.01,0.0,ref-THA-0000428410,TH,THA,https://botany.dnp.go.th/eflora/floraspecies.html?tdcode=02393,"Xerospermum noronhianum. Flora of Thailand. Vol. 7. Part 1, 1999. Pg. 246. Accessed 2021-07-31",Forest Herbarium,All rights reserved
wfo-0000428410,mak kho laen (หมักคอแลน)(Northern),ver-THA-0000428410.02,0.0,ref-THA-0000428410,TH,THA,https://botany.dnp.go.th/eflora/floraspecies.html?tdcode=02393,"Xerospermum noronhianum. Flora of Thailand. Vol. 7. Part 1, 1999. Pg. 246. Accessed 2021-07-31",Forest Herbarium,All rights reserved
wfo-0000428410,kaem sang (แคมซาง)(Southeastern),ver-THA-0000428410.03,0.0,ref-THA-0000428410,TH,THA,https://botany.dnp.go.th/eflora/floraspecies.html?tdcode=02393,"Xerospermum noronhianum. Flora of Thailand. Vol. 7. Part 1, 1999. Pg. 246. Accessed 2021-07-31",Forest Herbarium,All rights reserved
wfo-0000428410,kha yao (ขะเหย้า)(Southeastern),ver-THA-0000428410.04,0.0,ref-THA-0000428410,TH,THA,https://botany.dnp.go.th/eflora/floraspecies.html?tdcode=02393,"Xerospermum noronhianum. Flora of Thailand. Vol. 7. Part 1, 1999. Pg. 246. Accessed 2021-07-31",Forest Herbarium,All rights reserved
wfo-0000428410,kho hia (คอเหี้ย)(Southeastern),ver-THA-0000428410.05,0.0,ref-THA-0000428410,TH,THA,https://botany.dnp.go.th/eflora/floraspecies.html?tdcode=02393,"Xerospermum noronhianum. Flora of Thailand. Vol. 7. Part 1, 1999. Pg. 246. Accessed 2021-07-31",Forest Herbarium,All rights reserved
wfo-0000428410,sa la man (สะละมาน)(Southeastern),ver-THA-0000428410.06,0.0,ref-THA-0000428410,TH,THA,https://botany.dnp.go.th/eflora/floraspecies.html?tdcode=02393,"Xerospermum noronhianum. Flora of Thailand. Vol. 7. Part 1, 1999. Pg. 246. Accessed 2021-07-31",Forest Herbarium,All rights reserved
wfo-0000428410,cha luan (ช้าลวน)(Peninsular),ver-THA-0000428410.07,0.0,ref-THA-0000428410,TH,THA,https://botany.dnp.go.th/eflora/floraspecies.html?tdcode=02393,"Xerospermum noronhianum. Flora of Thailand. Vol. 7. Part 1, 1999. Pg. 246. Accessed 2021-07-31",Forest Herbarium,All rights reserved
wfo-0000428410,chet mon tan (เชตมอนตาล)(Peninsular),ver-THA-0000428410.08,0.0,ref-THA-0000428410,TH,THA,https://botany.dnp.go.th/eflora/floraspecies.html?tdcode=02393,"Xerospermum noronhianum. Flora of Thailand. Vol. 7. Part 1, 1999. Pg. 246. Accessed 2021-07-31",Forest Herbarium,All rights reserved
wfo-0000428410,kho laen khao (คอแลนเขา)(Peninsular),ver-THA-0000428410.09,0.0,ref-THA-0000428410,TH,THA,https://botany.dnp.go.th/eflora/floraspecies.html?tdcode=02393,"Xerospermum noronhianum. Flora of Thailand. Vol. 7. Part 1, 1999. Pg. 246. Accessed 2021-07-31",Forest Herbarium,All rights reserved
wfo-0000428410,laen ban (แลนบาน)(Peninsular),ver-THA-0000428410.10,0.0,ref-THA-0000428410,TH,THA,https://botany.dnp.go.th/eflora/floraspecies.html?tdcode=02393,"Xerospermum noronhianum. Flora of Thailand. Vol. 7. Part 1, 1999. Pg. 246. Accessed 2021-07-31",Forest Herbarium,All rights reserved
wfo-0000428410,mai ai dong (ไม้ไอ้ดง)(Peninsular),ver-THA-0000428410.11,0.0,ref-THA-0000428410,TH,THA,https://botany.dnp.go.th/eflora/floraspecies.html?tdcode=02393,"Xerospermum noronhianum. Flora of Thailand. Vol. 7. Part 1, 1999. Pg. 246. Accessed 2021-07-31",Forest Herbarium,All rights reserved
wfo-0000429322,khi non (ขี้หนอน)(General),ver-THA-0000429322.01,0.0,ref-THA-0000429322,TH,THA,https://botany.dnp.go.th/eflora/floraspecies.html?tdcode=02395,"Zollingeria dongnaiensis. Flora of Thailand. Vol. 7. Part 1, 1999. Pg. 248. Accessed 2021-07-31",Forest Herbarium,All rights reserved
wfo-0000429322,"khi mot (ขี้มด)(Northeastern, Eastern)",ver-THA-0000429322.02,0.0,ref-THA-0000429322,TH,THA,https://botany.dnp.go.th/eflora/floraspecies.html?tdcode=02395,"Zollingeria dongnaiensis. Flora of Thailand. Vol. 7. Part 1, 1999. Pg. 248. Accessed 2021-07-31",Forest Herbarium,All rights reserved
