WFOID,identifier,vernacularName,isPreferredName,source,language,countryCode,url,rights,license
wfo-0000510862,vrn-0000510862.01,Okra,1,Flora by Common Names. Leon Levy Native Plant Preserve.,EN,BS,https://levypreserve.org/flora-by-common-name/,Leon Levy Native Plant Preserve.,All rights Preserved
wfo-0000336880,vrn-0000336880.01,Flat Spiked Rush,1,Flora by Common Names. Leon Levy Native Plant Preserve.,EN,BS,https://levypreserve.org/flora-by-common-name/,Leon Levy Native Plant Preserve.,All rights Preserved
wfo-0000178702,vrn-0000178702.01,Black Eyed Susan,1,Flora by Common Names. Leon Levy Native Plant Preserve.,EN,BS,https://levypreserve.org/flora-by-common-name/,Leon Levy Native Plant Preserve.,All rights Preserved
wfo-0000178702,vrn-0000178702.02,Crabs Eyes,1,Flora by Common Names. Leon Levy Native Plant Preserve.,EN,BS,https://levypreserve.org/flora-by-common-name/,Leon Levy Native Plant Preserve.,All rights Preserved
wfo-0000178702,vrn-0000178702.03,Rosary Pea,1,Flora by Common Names. Leon Levy Native Plant Preserve.,EN,BS,https://levypreserve.org/flora-by-common-name/,Leon Levy Native Plant Preserve.,All rights Preserved
wfo-0000512187,vrn-0000512187.01,Coastal Indian Mallow,1,Flora by Common Names. Leon Levy Native Plant Preserve.,EN,BS,https://levypreserve.org/flora-by-common-name/,Leon Levy Native Plant Preserve.,All rights Preserved
wfo-0001277401,vrn-0001277401.01,Pork and Dough Boy,1,Flora by Common Names. Leon Levy Native Plant Preserve.,EN,BS,https://levypreserve.org/flora-by-common-name/,Leon Levy Native Plant Preserve.,All rights Preserved
wfo-0001277401,vrn-0001277401.02,Cassip,1,Flora by Common Names. Leon Levy Native Plant Preserve.,EN,BS,https://levypreserve.org/flora-by-common-name/,Leon Levy Native Plant Preserve.,All rights Preserved
wfo-0001277401,vrn-0001277401.03,Rosewood,1,Flora by Common Names. Leon Levy Native Plant Preserve.,EN,BS,https://levypreserve.org/flora-by-common-name/,Leon Levy Native Plant Preserve.,All rights Preserved
wfo-0001277421,vrn-0001277421.01,Cinnecord,1,Flora by Common Names. Leon Levy Native Plant Preserve.,EN,BS,https://levypreserve.org/flora-by-common-name/,Leon Levy Native Plant Preserve.,All rights Preserved
wfo-0001277421,vrn-0001277421.02,Tamarindillo,1,Flora by Common Names. Leon Levy Native Plant Preserve.,EN,BS,https://levypreserve.org/flora-by-common-name/,Leon Levy Native Plant Preserve.,All rights Preserved
wfo-0000254905,vrn-0000254905.01,Copper Leaf,1,Flora by Common Names. Leon Levy Native Plant Preserve.,EN,BS,https://levypreserve.org/flora-by-common-name/,Leon Levy Native Plant Preserve.,All rights Preserved
wfo-0000254905,vrn-0000254905.02,Joseph's Coat of Many Colors,1,Flora by Common Names. Leon Levy Native Plant Preserve.,EN,BS,https://levypreserve.org/flora-by-common-name/,Leon Levy Native Plant Preserve.,All rights Preserved
wfo-0000254905,vrn-0000254905.03,Match Me If You Can,1,Flora by Common Names. Leon Levy Native Plant Preserve.,EN,BS,https://levypreserve.org/flora-by-common-name/,Leon Levy Native Plant Preserve.,All rights Preserved
wfo-0000516177,vrn-0000516177.01,Blunt Leaved Achyranthes,1,Flora by Common Names. Leon Levy Native Plant Preserve.,EN,BS,https://levypreserve.org/flora-by-common-name/,Leon Levy Native Plant Preserve.,All rights Preserved
wfo-0001109379,vrn-0001109379.01,Giant Leather Fern,1,Flora by Common Names. Leon Levy Native Plant Preserve.,EN,BS,https://levypreserve.org/flora-by-common-name/,Leon Levy Native Plant Preserve.,All rights Preserved
wfo-0001109469,vrn-0001109469.01,Maiden Hair Fern ,1,Flora by Common Names. Leon Levy Native Plant Preserve.,EN,BS,https://levypreserve.org/flora-by-common-name/,Leon Levy Native Plant Preserve.,All rights Preserved
wfo-0000337742,vrn-0000337742.01,West Indian Living Vase ,1,Flora by Common Names. Leon Levy Native Plant Preserve.,EN,BS,https://levypreserve.org/flora-by-common-name/,Leon Levy Native Plant Preserve.,All rights Preserved
wfo-0000522793,vrn-0000522793.01,Salt Marsh Agalinis,1,Flora by Common Names. Leon Levy Native Plant Preserve.,EN,BS,https://levypreserve.org/flora-by-common-name/,Leon Levy Native Plant Preserve.,All rights Preserved
wfo-0000754171,vrn-0000754171.01,Bahama Century Plant,1,Flora by Common Names. Leon Levy Native Plant Preserve.,EN,BS,https://levypreserve.org/flora-by-common-name/,Leon Levy Native Plant Preserve.,All rights Preserved
wfo-0000754811,vrn-0000754811.01,Sisal,1,Flora by Common Names. Leon Levy Native Plant Preserve.,EN,BS,https://levypreserve.org/flora-by-common-name/,Leon Levy Native Plant Preserve.,All rights Preserved
wfo-0000184271,vrn-0000184271.01,Woman’s Tongue,1,Flora by Common Names. Leon Levy Native Plant Preserve.,EN,BS,https://levypreserve.org/flora-by-common-name/,Leon Levy Native Plant Preserve.,All rights Preserved
wfo-0000184271,vrn-0000184271.02,Whistling Bean,1,Flora by Common Names. Leon Levy Native Plant Preserve.,EN,BS,https://levypreserve.org/flora-by-common-name/,Leon Levy Native Plant Preserve.,All rights Preserved
wfo-0000184271,vrn-0000184271.03,Singing Tree,1,Flora by Common Names. Leon Levy Native Plant Preserve.,EN,BS,https://levypreserve.org/flora-by-common-name/,Leon Levy Native Plant Preserve.,All rights Preserved
wfo-0000755301,vrn-0000755301.01,Southern Colic Root,1,Flora by Common Names. Leon Levy Native Plant Preserve.,EN,BS,https://levypreserve.org/flora-by-common-name/,Leon Levy Native Plant Preserve.,All rights Preserved
wfo-0000758977,vrn-0000758977.01,Aloe vera,1,Flora by Common Names. Leon Levy Native Plant Preserve.,EN,BS,https://levypreserve.org/flora-by-common-name/,Leon Levy Native Plant Preserve.,All rights Preserved
wfo-0000758977,vrn-0000758977.02,Bitter Aloes,1,Flora by Common Names. Leon Levy Native Plant Preserve.,EN,BS,https://levypreserve.org/flora-by-common-name/,Leon Levy Native Plant Preserve.,All rights Preserved
wfo-0000758977,vrn-0000758977.03,Aloevis,1,Flora by Common Names. Leon Levy Native Plant Preserve.,EN,BS,https://levypreserve.org/flora-by-common-name/,Leon Levy Native Plant Preserve.,All rights Preserved
wfo-0000758977,vrn-0000758977.04,Aloe,1,Flora by Common Names. Leon Levy Native Plant Preserve.,EN,BS,https://levypreserve.org/flora-by-common-name/,Leon Levy Native Plant Preserve.,All rights Preserved
wfo-0000528645,vrn-0000528645.01,Beach Alternanthera,1,Flora by Common Names. Leon Levy Native Plant Preserve.,EN,BS,https://levypreserve.org/flora-by-common-name/,Leon Levy Native Plant Preserve.,All rights Preserved
wfo-0000529101,vrn-0000529101.01,Alvaradoa,1,Flora by Common Names. Leon Levy Native Plant Preserve.,EN,BS,https://levypreserve.org/flora-by-common-name/,Leon Levy Native Plant Preserve.,All rights Preserved
wfo-0000530495,vrn-0000530495.01,Calalue,1,Flora by Common Names. Leon Levy Native Plant Preserve.,EN,BS,https://levypreserve.org/flora-by-common-name/,Leon Levy Native Plant Preserve.,All rights Preserved
wfo-0000137401,vrn-0000137401.01,Sweet Bay,1,Flora by Common Names. Leon Levy Native Plant Preserve.,EN,BS,https://levypreserve.org/flora-by-common-name/,Leon Levy Native Plant Preserve.,All rights Preserved
wfo-0000137401,vrn-0000137401.02,Bay Gerina,1,Flora by Common Names. Leon Levy Native Plant Preserve.,EN,BS,https://levypreserve.org/flora-by-common-name/,Leon Levy Native Plant Preserve.,All rights Preserved
wfo-0000137401,vrn-0000137401.03,Bay Tansy,1,Flora by Common Names. Leon Levy Native Plant Preserve.,EN,BS,https://levypreserve.org/flora-by-common-name/,Leon Levy Native Plant Preserve.,All rights Preserved
wfo-0000137401,vrn-0000137401.04,Wormwood,1,Flora by Common Names. Leon Levy Native Plant Preserve.,EN,BS,https://levypreserve.org/flora-by-common-name/,Leon Levy Native Plant Preserve.,All rights Preserved
wfo-0000137401,vrn-0000137401.05,Soap Bush,1,Flora by Common Names. Leon Levy Native Plant Preserve.,EN,BS,https://levypreserve.org/flora-by-common-name/,Leon Levy Native Plant Preserve.,All rights Preserved
wfo-0000530955,vrn-0000530955.01,Tooth Cup,1,Flora by Common Names. Leon Levy Native Plant Preserve.,EN,BS,https://levypreserve.org/flora-by-common-name/,Leon Levy Native Plant Preserve.,All rights Preserved
wfo-0000532633,vrn-0000532633.01,White Torch,1,Flora by Common Names. Leon Levy Native Plant Preserve.,EN,BS,https://levypreserve.org/flora-by-common-name/,Leon Levy Native Plant Preserve.,All rights Preserved
wfo-0000532633,vrn-0000532633.023,Torchwood,1,Flora by Common Names. Leon Levy Native Plant Preserve.,EN,BS,https://levypreserve.org/flora-by-common-name/,Leon Levy Native Plant Preserve.,All rights Preserved
wfo-0000532633,vrn-0000532633.01,White Candle Wood,1,Flora by Common Names. Leon Levy Native Plant Preserve.,EN,BS,https://levypreserve.org/flora-by-common-name/,Leon Levy Native Plant Preserve.,All rights Preserved
wfo-0000010845,vrn-0000010845.01,Caraja Bush,1,Flora by Common Names. Leon Levy Native Plant Preserve.,EN,BS,https://levypreserve.org/flora-by-common-name/,Leon Levy Native Plant Preserve.,All rights Preserved
wfo-0000846663,vrn-0000846663.01,Bushy Beard Grass,1,Flora by Common Names. Leon Levy Native Plant Preserve.,EN,BS,https://levypreserve.org/flora-by-common-name/,Leon Levy Native Plant Preserve.,All rights Preserved
wfo-0000846663,vrn-0000846663.02,Bed Grass,1,Flora by Common Names. Leon Levy Native Plant Preserve.,EN,BS,https://levypreserve.org/flora-by-common-name/,Leon Levy Native Plant Preserve.,All rights Preserved
wfo-0000847756,vrn-0000847756.01,Virginia Beard Grass,1,Flora by Common Names. Leon Levy Native Plant Preserve.,EN,BS,https://levypreserve.org/flora-by-common-name/,Leon Levy Native Plant Preserve.,All rights Preserved
wfo-0000847756,vrn-0000847756.02,Broom Sedge,1,Flora by Common Names. Leon Levy Native Plant Preserve.,EN,BS,https://levypreserve.org/flora-by-common-name/,Leon Levy Native Plant Preserve.,All rights Preserved
wfo-0001110607,vrn-0001110607.01,Maidenhair Anemia,1,Flora by Common Names. Leon Levy Native Plant Preserve.,EN,BS,https://levypreserve.org/flora-by-common-name/,Leon Levy Native Plant Preserve.,All rights Preserved
wfo-0000536042,vrn-0000536042.01,Dill,1,Flora by Common Names. Leon Levy Native Plant Preserve.,EN,BS,https://levypreserve.org/flora-by-common-name/,Leon Levy Native Plant Preserve.,All rights Preserved
wfo-1000078326,vrn-1000078326.01,Lice Root,1,Flora by Common Names. Leon Levy Native Plant Preserve.,EN,BS,https://levypreserve.org/flora-by-common-name/,Leon Levy Native Plant Preserve.,All rights Preserved
wfo-0000537770,vrn-0000537770.01,Pond Apple,1,Flora by Common Names. Leon Levy Native Plant Preserve.,EN,BS,https://levypreserve.org/flora-by-common-name/,Leon Levy Native Plant Preserve.,All rights Preserved
wfo-0000537848,vrn-0000537848.01,Sour Sop,1,Flora by Common Names. Leon Levy Native Plant Preserve.,EN,BS,https://levypreserve.org/flora-by-common-name/,Leon Levy Native Plant Preserve.,All rights Preserved
wfo-0000537947,vrn-0000537947.01,Sugar Apple,1,Flora by Common Names. Leon Levy Native Plant Preserve.,EN,BS,https://levypreserve.org/flora-by-common-name/,Leon Levy Native Plant Preserve.,All rights Preserved
wfo-0000538920,vrn-0000538920.01,Bee Bush,1,Flora by Common Names. Leon Levy Native Plant Preserve.,EN,BS,https://levypreserve.org/flora-by-common-name/,Leon Levy Native Plant Preserve.,All rights Preserved
wfo-0000538920,vrn-0000538920.02,Coral Vine,1,Flora by Common Names. Leon Levy Native Plant Preserve.,EN,BS,https://levypreserve.org/flora-by-common-name/,Leon Levy Native Plant Preserve.,All rights Preserved
wfo-0000538920,vrn-0000538920.03,Coral Creeper,1,Flora by Common Names. Leon Levy Native Plant Preserve.,EN,BS,https://levypreserve.org/flora-by-common-name/,Leon Levy Native Plant Preserve.,All rights Preserved
wfo-0000538920,vrn-0000538920.04,Corallina,1,Flora by Common Names. Leon Levy Native Plant Preserve.,EN,BS,https://levypreserve.org/flora-by-common-name/,Leon Levy Native Plant Preserve.,All rights Preserved
wfo-0000316671,vrn-0000316671.01,Marlberry,1,Flora by Common Names. Leon Levy Native Plant Preserve.,EN,BS,https://levypreserve.org/flora-by-common-name/,Leon Levy Native Plant Preserve.,All rights Preserved
wfo-0000316671,vrn-0000316671.02,Dog Berry,1,Flora by Common Names. Leon Levy Native Plant Preserve.,EN,BS,https://levypreserve.org/flora-by-common-name/,Leon Levy Native Plant Preserve.,All rights Preserved
wfo-0000547034,vrn-0000547034.01,Mexican Poppy,1,Flora by Common Names. Leon Levy Native Plant Preserve.,EN,BS,https://levypreserve.org/flora-by-common-name/,Leon Levy Native Plant Preserve.,All rights Preserved
wfo-0000547034,vrn-0000547034.02,Donkey Thistle,1,Flora by Common Names. Leon Levy Native Plant Preserve.,EN,BS,https://levypreserve.org/flora-by-common-name/,Leon Levy Native Plant Preserve.,All rights Preserved
wfo-0000410543,vrn-0000410543.01,Bay Lavendar,1,Flora by Common Names. Leon Levy Native Plant Preserve.,EN,BS,https://levypreserve.org/flora-by-common-name/,Leon Levy Native Plant Preserve.,All rights Preserved
wfo-0000548176,vrn-0000548176.01,Dutchmans Pipe,1,Flora by Common Names. Leon Levy Native Plant Preserve.,EN,BS,https://levypreserve.org/flora-by-common-name/,Leon Levy Native Plant Preserve.,All rights Preserved
wfo-0000548189,vrn-0000548189.01,Pitcher Plant,1,Flora by Common Names. Leon Levy Native Plant Preserve.,EN,BS,https://levypreserve.org/flora-by-common-name/,Leon Levy Native Plant Preserve.,All rights Preserved
wfo-0001428787,vrn-0001428787.01,Old Mans Beard,1,Flora by Common Names. Leon Levy Native Plant Preserve.,EN,BS,https://levypreserve.org/flora-by-common-name/,Leon Levy Native Plant Preserve.,All rights Preserved
wfo-0000551246,vrn-0000551246.01,Wild Ipecac,1,Flora by Common Names. Leon Levy Native Plant Preserve.,EN,BS,https://levypreserve.org/flora-by-common-name/,Leon Levy Native Plant Preserve.,All rights Preserved
wfo-0000551246,vrn-0000551246.02,Hippo,1,Flora by Common Names. Leon Levy Native Plant Preserve.,EN,BS,https://levypreserve.org/flora-by-common-name/,Leon Levy Native Plant Preserve.,All rights Preserved
wfo-0000551246,vrn-0000551246.03,Milk Weed,1,Flora by Common Names. Leon Levy Native Plant Preserve.,EN,BS,https://levypreserve.org/flora-by-common-name/,Leon Levy Native Plant Preserve.,All rights Preserved
wfo-0000632151,vrn-0000632151.01,Foxtail Fern,1,Flora by Common Names. Leon Levy Native Plant Preserve.,EN,BS,https://levypreserve.org/flora-by-common-name/,Leon Levy Native Plant Preserve.,All rights Preserved
wfo-0000632151,vrn-0000632151.02,Asparagus Fern,1,Flora by Common Names. Leon Levy Native Plant Preserve.,EN,BS,https://levypreserve.org/flora-by-common-name/,Leon Levy Native Plant Preserve.,All rights Preserved
wfo-0000632151,vrn-0000632151.03,Plume Asparagus,1,Flora by Common Names. Leon Levy Native Plant Preserve.,EN,BS,https://levypreserve.org/flora-by-common-name/,Leon Levy Native Plant Preserve.,All rights Preserved
wfo-0000634742,vrn-0000634742.01,Asparagus Fern,1,Flora by Common Names. Leon Levy Native Plant Preserve.,EN,BS,https://levypreserve.org/flora-by-common-name/,Leon Levy Native Plant Preserve.,All rights Preserved
wfo-0000634742,vrn-0000634742.02,Asparagus Grass,1,Flora by Common Names. Leon Levy Native Plant Preserve.,EN,BS,https://levypreserve.org/flora-by-common-name/,Leon Levy Native Plant Preserve.,All rights Preserved
wfo-0000634742,vrn-0000634742.03,Lace Fern,1,Flora by Common Names. Leon Levy Native Plant Preserve.,EN,BS,https://levypreserve.org/flora-by-common-name/,Leon Levy Native Plant Preserve.,All rights Preserved
wfo-0000634742,vrn-0000634742.04,Climbing Asparagus,1,Flora by Common Names. Leon Levy Native Plant Preserve.,EN,BS,https://levypreserve.org/flora-by-common-name/,Leon Levy Native Plant Preserve.,All rights Preserved
wfo-0000173879,vrn-0000173879.01,Stinking Pea Root,1,Flora by Common Names. Leon Levy Native Plant Preserve.,EN,BS,https://levypreserve.org/flora-by-common-name/,Leon Levy Native Plant Preserve.,All rights Preserved
wfo-0000556888,vrn-0000556888.01,Bahamas Reynosia,1,Flora by Common Names. Leon Levy Native Plant Preserve.,EN,BS,https://levypreserve.org/flora-by-common-name/,Leon Levy Native Plant Preserve.,All rights Preserved
wfo-0000462343,vrn-0000462343.01,Bahamas Reynosia,1,Flora by Common Names. Leon Levy Native Plant Preserve.,EN,BS,https://levypreserve.org/flora-by-common-name/,Leon Levy Native Plant Preserve.,All rights Preserved
wfo-0000302902,vrn-0000302902.01,Black Mangrove,1,Flora by Common Names. Leon Levy Native Plant Preserve.,EN,BS,https://levypreserve.org/flora-by-common-name/,Leon Levy Native Plant Preserve.,All rights Preserved
wfo-0000137991,vrn-0000137991.01,Broom Bush,1,Flora by Common Names. Leon Levy Native Plant Preserve.,EN,BS,https://levypreserve.org/flora-by-common-name/,Leon Levy Native Plant Preserve.,All rights Preserved
wfo-0000558282,vrn-0000558282.01,Hyssop,1,Flora by Common Names. Leon Levy Native Plant Preserve.,EN,BS,https://levypreserve.org/flora-by-common-name/,Leon Levy Native Plant Preserve.,All rights Preserved
wfo-0000558375,vrn-0000558375.01,Dragum,1,Flora by Common Names. Leon Levy Native Plant Preserve.,EN,BS,https://levypreserve.org/flora-by-common-name/,Leon Levy Native Plant Preserve.,All rights Preserved
wfo-0000558375,vrn-0000558375.02,Strip Me Naked,1,Flora by Common Names. Leon Levy Native Plant Preserve.,EN,BS,https://levypreserve.org/flora-by-common-name/,Leon Levy Native Plant Preserve.,All rights Preserved
wfo-0000320463,vrn-0000320463.01,Salt Wort,1,Flora by Common Names. Leon Levy Native Plant Preserve.,EN,BS,https://levypreserve.org/flora-by-common-name/,Leon Levy Native Plant Preserve.,All rights Preserved
wfo-0000320463,vrn-0000320463.02,Turtle Weed,1,Flora by Common Names. Leon Levy Native Plant Preserve.,EN,BS,https://levypreserve.org/flora-by-common-name/,Leon Levy Native Plant Preserve.,All rights Preserved
wfo-0000326277,vrn-0000326277.01,Caribbean Myrtle Croton,1,Flora by Common Names. Leon Levy Native Plant Preserve.,EN,BS,https://levypreserve.org/flora-by-common-name/,Leon Levy Native Plant Preserve.,All rights Preserved
wfo-0000000074,vrn-0000000074.01,Shepherds Needle,1,Flora by Common Names. Leon Levy Native Plant Preserve.,EN,BS,https://levypreserve.org/flora-by-common-name/,Leon Levy Native Plant Preserve.,All rights Preserved
wfo-0000000074,vrn-0000000074.02,Beggars Tick,1,Flora by Common Names. Leon Levy Native Plant Preserve.,EN,BS,https://levypreserve.org/flora-by-common-name/,Leon Levy Native Plant Preserve.,All rights Preserved
wfo-0001109503,vrn-0001109503.01,Marsh Fern,1,Flora by Common Names. Leon Levy Native Plant Preserve.,EN,BS,https://levypreserve.org/flora-by-common-name/,Leon Levy Native Plant Preserve.,All rights Preserved
wfo-0000345854,vrn-0000345854.01,Pineyard Pink ,1,Flora by Common Names. Leon Levy Native Plant Preserve.,EN,BS,https://levypreserve.org/flora-by-common-name/,Leon Levy Native Plant Preserve.,All rights Preserved
wfo-0000567008,vrn-0000567008.01,Salt Weed,1,Flora by Common Names. Leon Levy Native Plant Preserve.,EN,BS,https://levypreserve.org/flora-by-common-name/,Leon Levy Native Plant Preserve.,All rights Preserved
wfo-0000567008,vrn-0000567008.02,Sampire,1,Flora by Common Names. Leon Levy Native Plant Preserve.,EN,BS,https://levypreserve.org/flora-by-common-name/,Leon Levy Native Plant Preserve.,All rights Preserved
wfo-0000567916,vrn-0000567916.01,Hog Weed,1,Flora by Common Names. Leon Levy Native Plant Preserve.,EN,BS,https://levypreserve.org/flora-by-common-name/,Leon Levy Native Plant Preserve.,All rights Preserved
wfo-0000352644,vrn-0000352644.01,Buttonweed,1,Flora by Common Names. Leon Levy Native Plant Preserve.,EN,BS,https://levypreserve.org/flora-by-common-name/,Leon Levy Native Plant Preserve.,All rights Preserved
wfo-0000312516,vrn-0000312516.01,Buttonweed,1,Flora by Common Names. Leon Levy Native Plant Preserve.,EN,BS,https://levypreserve.org/flora-by-common-name/,Leon Levy Native Plant Preserve.,All rights Preserved
wfo-0000087708,vrn-0000087708.01,Sea Ox-eye ,1,Flora by Common Names. Leon Levy Native Plant Preserve.,EN,BS,https://levypreserve.org/flora-by-common-name/,Leon Levy Native Plant Preserve.,All rights Preserved
wfo-0000087708,vrn-0000087708.02,Bay Marigold,1,Flora by Common Names. Leon Levy Native Plant Preserve.,EN,BS,https://levypreserve.org/flora-by-common-name/,Leon Levy Native Plant Preserve.,All rights Preserved
wfo-0000570028,vrn-0000570028.01,Strong Back,1,Flora by Common Names. Leon Levy Native Plant Preserve.,EN,BS,https://levypreserve.org/flora-by-common-name/,Leon Levy Native Plant Preserve.,All rights Preserved
wfo-0000434536,vrn-0000434536.01,Linden's Cattleyopsis,1,Flora by Common Names. Leon Levy Native Plant Preserve.,EN,BS,https://levypreserve.org/flora-by-common-name/,Leon Levy Native Plant Preserve.,All rights Preserved
wfo-0000573618,vrn-0000573618.01,Blue Heart,1,Flora by Common Names. Leon Levy Native Plant Preserve.,EN,BS,https://levypreserve.org/flora-by-common-name/,Leon Levy Native Plant Preserve.,All rights Preserved
wfo-0000408851,vrn-0000408851.01,Ming Tree,1,Flora by Common Names. Leon Levy Native Plant Preserve.,EN,BS,https://levypreserve.org/flora-by-common-name/,Leon Levy Native Plant Preserve.,All rights Preserved
wfo-0000408851,vrn-0000408851.02,Brier Tree,1,Flora by Common Names. Leon Levy Native Plant Preserve.,EN,BS,https://levypreserve.org/flora-by-common-name/,Leon Levy Native Plant Preserve.,All rights Preserved
wfo-0000408851,vrn-0000408851.03,Prickly Tree,1,Flora by Common Names. Leon Levy Native Plant Preserve.,EN,BS,https://levypreserve.org/flora-by-common-name/,Leon Levy Native Plant Preserve.,All rights Preserved
wfo-0000408851,vrn-0000408851.04,Spiny Black Olive,1,Flora by Common Names. Leon Levy Native Plant Preserve.,EN,BS,https://levypreserve.org/flora-by-common-name/,Leon Levy Native Plant Preserve.,All rights Preserved
wfo-0000310562,vrn-0000310562.01,Wild Saffron,1,Flora by Common Names. Leon Levy Native Plant Preserve.,EN,BS,https://levypreserve.org/flora-by-common-name/,Leon Levy Native Plant Preserve.,All rights Preserved
wfo-0000310562,vrn-0000310562.02,Milk Berry,1,Flora by Common Names. Leon Levy Native Plant Preserve.,EN,BS,https://levypreserve.org/flora-by-common-name/,Leon Levy Native Plant Preserve.,All rights Preserved
wfo-0000310767,vrn-0000310767.01,Green Thorn,1,Flora by Common Names. Leon Levy Native Plant Preserve.,EN,BS,https://levypreserve.org/flora-by-common-name/,Leon Levy Native Plant Preserve.,All rights Preserved
wfo-0000310767,vrn-0000310767.02,Shake Hand,1,Flora by Common Names. Leon Levy Native Plant Preserve.,EN,BS,https://levypreserve.org/flora-by-common-name/,Leon Levy Native Plant Preserve.,All rights Preserved
wfo-0000310975,vrn-0000310975.01,Willow Bustic,1,Flora by Common Names. Leon Levy Native Plant Preserve.,EN,BS,https://levypreserve.org/flora-by-common-name/,Leon Levy Native Plant Preserve.,All rights Preserved
wfo-0000576316,vrn-0000576316.01,Gum Elemi,1,Flora by Common Names. Leon Levy Native Plant Preserve.,EN,BS,https://levypreserve.org/flora-by-common-name/,Leon Levy Native Plant Preserve.,All rights Preserved
wfo-0000576316,vrn-0000576316.02,Gammalamme,1,Flora by Common Names. Leon Levy Native Plant Preserve.,EN,BS,https://levypreserve.org/flora-by-common-name/,Leon Levy Native Plant Preserve.,All rights Preserved
wfo-0000576316,vrn-0000576316.03,Gumbo limbo,1,Flora by Common Names. Leon Levy Native Plant Preserve.,EN,BS,https://levypreserve.org/flora-by-common-name/,Leon Levy Native Plant Preserve.,All rights Preserved
wfo-0000576316,vrn-0000576316.04,Tourist tree,1,Flora by Common Names. Leon Levy Native Plant Preserve.,EN,BS,https://levypreserve.org/flora-by-common-name/,Leon Levy Native Plant Preserve.,All rights Preserved
wfo-0000576454,vrn-0000576454.01,Box Wood,1,Flora by Common Names. Leon Levy Native Plant Preserve.,EN,BS,https://levypreserve.org/flora-by-common-name/,Leon Levy Native Plant Preserve.,All rights Preserved
wfo-0000576928,vrn-0000576928.01,Guanaberry,1,Flora by Common Names. Leon Levy Native Plant Preserve.,EN,BS,https://levypreserve.org/flora-by-common-name/,Leon Levy Native Plant Preserve.,All rights Preserved
wfo-0000576928,vrn-0000576928.02,Locust Berry,1,Flora by Common Names. Leon Levy Native Plant Preserve.,EN,BS,https://levypreserve.org/flora-by-common-name/,Leon Levy Native Plant Preserve.,All rights Preserved
wfo-0000576928,vrn-0000576928.03,Candle Berry,1,Flora by Common Names. Leon Levy Native Plant Preserve.,EN,BS,https://levypreserve.org/flora-by-common-name/,Leon Levy Native Plant Preserve.,All rights Preserved
wfo-0000576928,vrn-0000576928.04,Plum Berry,1,Flora by Common Names. Leon Levy Native Plant Preserve.,EN,BS,https://levypreserve.org/flora-by-common-name/,Leon Levy Native Plant Preserve.,All rights Preserved
wfo-0000576928,vrn-0000576928.05,Goose Berry,1,Flora by Common Names. Leon Levy Native Plant Preserve.,EN,BS,https://levypreserve.org/flora-by-common-name/,Leon Levy Native Plant Preserve.,All rights Preserved
wfo-0000173965,vrn-0000173965.01,Bahama Brasiletto,1,Flora by Common Names. Leon Levy Native Plant Preserve.,EN,BS,https://levypreserve.org/flora-by-common-name/,Leon Levy Native Plant Preserve.,All rights Preserved
wfo-0001429040,vrn-0001429040.01,Grey Knickers,1,Flora by Common Names. Leon Levy Native Plant Preserve.,EN,BS,https://levypreserve.org/flora-by-common-name/,Leon Levy Native Plant Preserve.,All rights Preserved
wfo-0001429040,vrn-0001429040.02,Knicker Bean,1,Flora by Common Names. Leon Levy Native Plant Preserve.,EN,BS,https://levypreserve.org/flora-by-common-name/,Leon Levy Native Plant Preserve.,All rights Preserved
wfo-0001429040,vrn-0001429040.03,Brier ,1,Flora by Common Names. Leon Levy Native Plant Preserve.,EN,BS,https://levypreserve.org/flora-by-common-name/,Leon Levy Native Plant Preserve.,All rights Preserved
wfo-0001049596,vrn-0001049596.01,Yellow Knickers,1,Flora by Common Names. Leon Levy Native Plant Preserve.,EN,BS,https://levypreserve.org/flora-by-common-name/,Leon Levy Native Plant Preserve.,All rights Preserved
wfo-0001049596,vrn-0001049596.02,Yellow Knicker Bean,1,Flora by Common Names. Leon Levy Native Plant Preserve.,EN,BS,https://levypreserve.org/flora-by-common-name/,Leon Levy Native Plant Preserve.,All rights Preserved
wfo-0001443825,vrn-0001443825.01,Spineless Yellow Knickers,1,Flora by Common Names. Leon Levy Native Plant Preserve.,EN,BS,https://levypreserve.org/flora-by-common-name/,Leon Levy Native Plant Preserve.,All rights Preserved
wfo-0001330440,vrn-0001330440.01,Brasilletto ,1,Flora by Common Names. Leon Levy Native Plant Preserve.,EN,BS,https://levypreserve.org/flora-by-common-name/,Leon Levy Native Plant Preserve.,All rights Preserved
wfo-0000578708,vrn-0000578708.01,Sea Rocket ,1,Flora by Common Names. Leon Levy Native Plant Preserve.,EN,BS,https://levypreserve.org/flora-by-common-name/,Leon Levy Native Plant Preserve.,All rights Preserved
wfo-0000578708,vrn-0000578708.02,Gardena,1,Flora by Common Names. Leon Levy Native Plant Preserve.,EN,BS,https://levypreserve.org/flora-by-common-name/,Leon Levy Native Plant Preserve.,All rights Preserved
wfo-0000578708,vrn-0000578708.03,Pork Bush,1,Flora by Common Names. Leon Levy Native Plant Preserve.,EN,BS,https://levypreserve.org/flora-by-common-name/,Leon Levy Native Plant Preserve.,All rights Preserved
wfo-0000179451,vrn-0000179451.01,White Zapoteca,1,Flora by Common Names. Leon Levy Native Plant Preserve.,EN,BS,https://levypreserve.org/flora-by-common-name/,Leon Levy Native Plant Preserve.,All rights Preserved
wfo-0000769187,vrn-0000769187.01,Hog Bush,1,Flora by Common Names. Leon Levy Native Plant Preserve.,EN,BS,https://levypreserve.org/flora-by-common-name/,Leon Levy Native Plant Preserve.,All rights Preserved
wfo-0000769187,vrn-0000769187.02,Boar Hog Bush,1,Flora by Common Names. Leon Levy Native Plant Preserve.,EN,BS,https://levypreserve.org/flora-by-common-name/,Leon Levy Native Plant Preserve.,All rights Preserved
wfo-0000780265,vrn-0000780265.01,Southern Grass Pink,1,Flora by Common Names. Leon Levy Native Plant Preserve.,EN,BS,https://levypreserve.org/flora-by-common-name/,Leon Levy Native Plant Preserve.,All rights Preserved
wfo-0000581500,vrn-0000581500.01,Giant Milk Weed,1,Flora by Common Names. Leon Levy Native Plant Preserve.,EN,BS,https://levypreserve.org/flora-by-common-name/,Leon Levy Native Plant Preserve.,All rights Preserved
wfo-0000581500,vrn-0000581500.02,Wild Down,1,Flora by Common Names. Leon Levy Native Plant Preserve.,EN,BS,https://levypreserve.org/flora-by-common-name/,Leon Levy Native Plant Preserve.,All rights Preserved
wfo-0000581500,vrn-0000581500.03,Wild Cotton,1,Flora by Common Names. Leon Levy Native Plant Preserve.,EN,BS,https://levypreserve.org/flora-by-common-name/,Leon Levy Native Plant Preserve.,All rights Preserved
wfo-0000581500,vrn-0000581500.04,St. Thomas Bush,1,Flora by Common Names. Leon Levy Native Plant Preserve.,EN,BS,https://levypreserve.org/flora-by-common-name/,Leon Levy Native Plant Preserve.,All rights Preserved
wfo-0000127155,vrn-0000127155.01,Horse Herb,1,Flora by Common Names. Leon Levy Native Plant Preserve.,EN,BS,https://levypreserve.org/flora-by-common-name/,Leon Levy Native Plant Preserve.,All rights Preserved
wfo-0000127155,vrn-0000127155.02,Straggler Daisy,1,Flora by Common Names. Leon Levy Native Plant Preserve.,EN,BS,https://levypreserve.org/flora-by-common-name/,Leon Levy Native Plant Preserve.,All rights Preserved
wfo-0000127155,vrn-0000127155.03,Lawn Flower,1,Flora by Common Names. Leon Levy Native Plant Preserve.,EN,BS,https://levypreserve.org/flora-by-common-name/,Leon Levy Native Plant Preserve.,All rights Preserved
wfo-0000127155,vrn-0000127155.04,Creeping Cinderella Weed,1,Flora by Common Names. Leon Levy Native Plant Preserve.,EN,BS,https://levypreserve.org/flora-by-common-name/,Leon Levy Native Plant Preserve.,All rights Preserved
wfo-1200008287,vrn-1200008287.01,Spicewood,1,Flora by Common Names. Leon Levy Native Plant Preserve.,EN,BS,https://levypreserve.org/flora-by-common-name/,Leon Levy Native Plant Preserve.,All rights Preserved
wfo-1200008287,vrn-1200008287.02,White Stopper,1,Flora by Common Names. Leon Levy Native Plant Preserve.,EN,BS,https://levypreserve.org/flora-by-common-name/,Leon Levy Native Plant Preserve.,All rights Preserved
wfo-0001425010,vrn-0001425010.01,Myrtle of the River ,1,Flora by Common Names. Leon Levy Native Plant Preserve.,EN,BS,https://levypreserve.org/flora-by-common-name/,Leon Levy Native Plant Preserve.,All rights Preserved
wfo-0001425010,vrn-0001425010.02,Spicewood,1,Flora by Common Names. Leon Levy Native Plant Preserve.,EN,BS,https://levypreserve.org/flora-by-common-name/,Leon Levy Native Plant Preserve.,All rights Preserved
wfo-0001109511,vrn-0001109511.01,Strap Fern,1,Flora by Common Names. Leon Levy Native Plant Preserve.,EN,BS,https://levypreserve.org/flora-by-common-name/,Leon Levy Native Plant Preserve.,All rights Preserved
wfo-0000189858,vrn-0000189858.01,Bay Bean ,1,Flora by Common Names. Leon Levy Native Plant Preserve.,EN,BS,https://levypreserve.org/flora-by-common-name/,Leon Levy Native Plant Preserve.,All rights Preserved
wfo-0000189858,vrn-0000189858.02,Beach Pea,1,Flora by Common Names. Leon Levy Native Plant Preserve.,EN,BS,https://levypreserve.org/flora-by-common-name/,Leon Levy Native Plant Preserve.,All rights Preserved
wfo-0000583977,vrn-0000583977.01,Cinnamon Bark,1,Flora by Common Names. Leon Levy Native Plant Preserve.,EN,BS,https://levypreserve.org/flora-by-common-name/,Leon Levy Native Plant Preserve.,All rights Preserved
wfo-0000583977,vrn-0000583977.02,Wild Cinnamon,1,Flora by Common Names. Leon Levy Native Plant Preserve.,EN,BS,https://levypreserve.org/flora-by-common-name/,Leon Levy Native Plant Preserve.,All rights Preserved
wfo-0000583977,vrn-0000583977.03,White Wood Bark,1,Flora by Common Names. Leon Levy Native Plant Preserve.,EN,BS,https://levypreserve.org/flora-by-common-name/,Leon Levy Native Plant Preserve.,All rights Preserved
wfo-0000583977,vrn-0000583977.04,Pepper Cinnamon,1,Flora by Common Names. Leon Levy Native Plant Preserve.,EN,BS,https://levypreserve.org/flora-by-common-name/,Leon Levy Native Plant Preserve.,All rights Preserved
wfo-0000583977,vrn-0000583977.05,Caneel,1,Flora by Common Names. Leon Levy Native Plant Preserve.,EN,BS,https://levypreserve.org/flora-by-common-name/,Leon Levy Native Plant Preserve.,All rights Preserved
wfo-0001423854,vrn-0001423854.01,Caper Tree,1,Flora by Common Names. Leon Levy Native Plant Preserve.,EN,BS,https://levypreserve.org/flora-by-common-name/,Leon Levy Native Plant Preserve.,All rights Preserved
wfo-0001423854,vrn-0001423854.02,Black Willow,1,Flora by Common Names. Leon Levy Native Plant Preserve.,EN,BS,https://levypreserve.org/flora-by-common-name/,Leon Levy Native Plant Preserve.,All rights Preserved
wfo-0001423854,vrn-0001423854.03,Wild Orange,1,Flora by Common Names. Leon Levy Native Plant Preserve.,EN,BS,https://levypreserve.org/flora-by-common-name/,Leon Levy Native Plant Preserve.,All rights Preserved
wfo-0001423854,vrn-0001423854.04,Jamaican Caper,1,Flora by Common Names. Leon Levy Native Plant Preserve.,EN,BS,https://levypreserve.org/flora-by-common-name/,Leon Levy Native Plant Preserve.,All rights Preserved
wfo-0001423854,vrn-0001423854.05,Mustard Tree,1,Flora by Common Names. Leon Levy Native Plant Preserve.,EN,BS,https://levypreserve.org/flora-by-common-name/,Leon Levy Native Plant Preserve.,All rights Preserved
wfo-0001423854,vrn-0001423854.06,Headache bush,1,Flora by Common Names. Leon Levy Native Plant Preserve.,EN,BS,https://levypreserve.org/flora-by-common-name/,Leon Levy Native Plant Preserve.,All rights Preserved
wfo-0000375822,vrn-0000375822.01,Caper Tree ,1,Flora by Common Names. Leon Levy Native Plant Preserve.,EN,BS,https://levypreserve.org/flora-by-common-name/,Leon Levy Native Plant Preserve.,All rights Preserved
wfo-0000585310,vrn-0000585310.01,Goat Weed,1,Flora by Common Names. Leon Levy Native Plant Preserve.,EN,BS,https://levypreserve.org/flora-by-common-name/,Leon Levy Native Plant Preserve.,All rights Preserved
wfo-0000585310,vrn-0000585310.02,Stow Weed,1,Flora by Common Names. Leon Levy Native Plant Preserve.,EN,BS,https://levypreserve.org/flora-by-common-name/,Leon Levy Native Plant Preserve.,All rights Preserved
wfo-0000588009,vrn-0000588009.01,Papaya,1,Flora by Common Names. Leon Levy Native Plant Preserve.,EN,BS,https://levypreserve.org/flora-by-common-name/,Leon Levy Native Plant Preserve.,All rights Preserved
wfo-0000588009,vrn-0000588009.02,Pawpaw,1,Flora by Common Names. Leon Levy Native Plant Preserve.,EN,BS,https://levypreserve.org/flora-by-common-name/,Leon Levy Native Plant Preserve.,All rights Preserved
wfo-0000803551,vrn-0000803551.01,Natal Plum,1,Flora by Common Names. Leon Levy Native Plant Preserve.,EN,BS,https://levypreserve.org/flora-by-common-name/,Leon Levy Native Plant Preserve.,All rights Preserved
wfo-0000803551,vrn-0000803551.02,American Cherry,1,Flora by Common Names. Leon Levy Native Plant Preserve.,EN,BS,https://levypreserve.org/flora-by-common-name/,Leon Levy Native Plant Preserve.,All rights Preserved
wfo-0000809944,vrn-0000809944.01,Seven-year Apple,1,Flora by Common Names. Leon Levy Native Plant Preserve.,EN,BS,https://levypreserve.org/flora-by-common-name/,Leon Levy Native Plant Preserve.,All rights Preserved
wfo-0000924123,vrn-0000924123.01,Smooth Casearia,1,Flora by Common Names. Leon Levy Native Plant Preserve.,EN,BS,https://levypreserve.org/flora-by-common-name/,Leon Levy Native Plant Preserve.,All rights Preserved
wfo-0000923925,vrn-0000923925.01,Smooth Casearia,1,Flora by Common Names. Leon Levy Native Plant Preserve.,EN,BS,https://levypreserve.org/flora-by-common-name/,Leon Levy Native Plant Preserve.,All rights Preserved
wfo-0001040951,vrn-0001040951.01,Stinking Pea,1,Flora by Common Names. Leon Levy Native Plant Preserve.,EN,BS,https://levypreserve.org/flora-by-common-name/,Leon Levy Native Plant Preserve.,All rights Preserved
wfo-0001040951,vrn-0001040951.02,Bahamas Senna,1,Flora by Common Names. Leon Levy Native Plant Preserve.,EN,BS,https://levypreserve.org/flora-by-common-name/,Leon Levy Native Plant Preserve.,All rights Preserved
wfo-0000589782,vrn-0000589782.01,Love Vine ,1,Flora by Common Names. Leon Levy Native Plant Preserve.,EN,BS,https://levypreserve.org/flora-by-common-name/,Leon Levy Native Plant Preserve.,All rights Preserved
wfo-0000589782,vrn-0000589782.02,Woe Vine,1,Flora by Common Names. Leon Levy Native Plant Preserve.,EN,BS,https://levypreserve.org/flora-by-common-name/,Leon Levy Native Plant Preserve.,All rights Preserved
wfo-0000590663,vrn-0000590663.01,Australian Pine,1,Flora by Common Names. Leon Levy Native Plant Preserve.,EN,BS,https://levypreserve.org/flora-by-common-name/,Leon Levy Native Plant Preserve.,All rights Preserved
wfo-0000590663,vrn-0000590663.02,Cedar,1,Flora by Common Names. Leon Levy Native Plant Preserve.,EN,BS,https://levypreserve.org/flora-by-common-name/,Leon Levy Native Plant Preserve.,All rights Preserved
wfo-0000590663,vrn-0000590663.03,Beef-Wood ,1,Flora by Common Names. Leon Levy Native Plant Preserve.,EN,BS,https://levypreserve.org/flora-by-common-name/,Leon Levy Native Plant Preserve.,All rights Preserved
wfo-0000819260,vrn-0000819260.01,Small Flower Lily Thorn,1,Flora by Common Names. Leon Levy Native Plant Preserve.,EN,BS,https://levypreserve.org/flora-by-common-name/,Leon Levy Native Plant Preserve.,All rights Preserved
wfo-0000819260,vrn-0000819260.02,Dune Lily Thorn,1,Flora by Common Names. Leon Levy Native Plant Preserve.,EN,BS,https://levypreserve.org/flora-by-common-name/,Leon Levy Native Plant Preserve.,All rights Preserved
wfo-0000819313,vrn-0000819313.01,Prickly Apple,1,Flora by Common Names. Leon Levy Native Plant Preserve.,EN,BS,https://levypreserve.org/flora-by-common-name/,Leon Levy Native Plant Preserve.,All rights Preserved
wfo-0000819313,vrn-0000819313.02,Spanish Guava,1,Flora by Common Names. Leon Levy Native Plant Preserve.,EN,BS,https://levypreserve.org/flora-by-common-name/,Leon Levy Native Plant Preserve.,All rights Preserved
wfo-0000819442,vrn-0000819442.01,Madagascar Periwinkle,1,Flora by Common Names. Leon Levy Native Plant Preserve.,EN,BS,https://levypreserve.org/flora-by-common-name/,Leon Levy Native Plant Preserve.,All rights Preserved
wfo-0000819442,vrn-0000819442.02,Periwinkle,1,Flora by Common Names. Leon Levy Native Plant Preserve.,EN,BS,https://levypreserve.org/flora-by-common-name/,Leon Levy Native Plant Preserve.,All rights Preserved
wfo-0000819442,vrn-0000819442.03,Old Maid,1,Flora by Common Names. Leon Levy Native Plant Preserve.,EN,BS,https://levypreserve.org/flora-by-common-name/,Leon Levy Native Plant Preserve.,All rights Preserved
wfo-0001218673,vrn-0001218673.01,Mealy Wild Pine,1,Flora by Common Names. Leon Levy Native Plant Preserve.,EN,BS,https://levypreserve.org/flora-by-common-name/,Leon Levy Native Plant Preserve.,All rights Preserved
wfo-0000591609,vrn-0000591609.01,Melon Leaf,1,Flora by Common Names. Leon Levy Native Plant Preserve.,EN,BS,https://levypreserve.org/flora-by-common-name/,Leon Levy Native Plant Preserve.,All rights Preserved
wfo-0000858591,vrn-0000858591.01,Southern Sand Burr,1,Flora by Common Names. Leon Levy Native Plant Preserve.,EN,BS,https://levypreserve.org/flora-by-common-name/,Leon Levy Native Plant Preserve.,All rights Preserved
wfo-0000858591,vrn-0000858591.02,Spiny Sand Burr,1,Flora by Common Names. Leon Levy Native Plant Preserve.,EN,BS,https://levypreserve.org/flora-by-common-name/,Leon Levy Native Plant Preserve.,All rights Preserved
wfo-0000858615,vrn-0000858615.01,Slender Sand Burr,1,Flora by Common Names. Leon Levy Native Plant Preserve.,EN,BS,https://levypreserve.org/flora-by-common-name/,Leon Levy Native Plant Preserve.,All rights Preserved
wfo-0000858715,vrn-0000858715.01,Sand Burr,1,Flora by Common Names. Leon Levy Native Plant Preserve.,EN,BS,https://levypreserve.org/flora-by-common-name/,Leon Levy Native Plant Preserve.,All rights Preserved
wfo-0000594096,vrn-0000594096.01,Marsh Pennywort,1,Flora by Common Names. Leon Levy Native Plant Preserve.,EN,BS,https://levypreserve.org/flora-by-common-name/,Leon Levy Native Plant Preserve.,All rights Preserved
wfo-0000167701,vrn-0000167701.01,Butterfly Pea,1,Flora by Common Names. Leon Levy Native Plant Preserve.,EN,BS,https://levypreserve.org/flora-by-common-name/,Leon Levy Native Plant Preserve.,All rights Preserved
wfo-0000179164,vrn-0000179164.01,Butterfly Pea,1,Flora by Common Names. Leon Levy Native Plant Preserve.,EN,BS,https://levypreserve.org/flora-by-common-name/,Leon Levy Native Plant Preserve.,All rights Preserved
wfo-0001423017,vrn-0001423017.01,Southern Lip Fern,1,Flora by Common Names. Leon Levy Native Plant Preserve.,EN,BS,https://levypreserve.org/flora-by-common-name/,Leon Levy Native Plant Preserve.,All rights Preserved
wfo-0000601534,vrn-0000601534.01,Worms Seed,1,Flora by Common Names. Leon Levy Native Plant Preserve.,EN,BS,https://levypreserve.org/flora-by-common-name/,Leon Levy Native Plant Preserve.,All rights Preserved
wfo-0000601534,vrn-0000601534.02,Sow Bane,1,Flora by Common Names. Leon Levy Native Plant Preserve.,EN,BS,https://levypreserve.org/flora-by-common-name/,Leon Levy Native Plant Preserve.,All rights Preserved
wfo-0000601534,vrn-0000601534.03,Greens,1,Flora by Common Names. Leon Levy Native Plant Preserve.,EN,BS,https://levypreserve.org/flora-by-common-name/,Leon Levy Native Plant Preserve.,All rights Preserved
wfo-0000844784,vrn-0000844784.01,Snow Berry,1,Flora by Common Names. Leon Levy Native Plant Preserve.,EN,BS,https://levypreserve.org/flora-by-common-name/,Leon Levy Native Plant Preserve.,All rights Preserved
wfo-0000844784,vrn-0000844784.02,Snake Root,1,Flora by Common Names. Leon Levy Native Plant Preserve.,EN,BS,https://levypreserve.org/flora-by-common-name/,Leon Levy Native Plant Preserve.,All rights Preserved
wfo-0000844784,vrn-0000844784.03,Pissabed,1,Flora by Common Names. Leon Levy Native Plant Preserve.,EN,BS,https://levypreserve.org/flora-by-common-name/,Leon Levy Native Plant Preserve.,All rights Preserved
wfo-0000844784,vrn-0000844784.04,Rat Root,1,Flora by Common Names. Leon Levy Native Plant Preserve.,EN,BS,https://levypreserve.org/flora-by-common-name/,Leon Levy Native Plant Preserve.,All rights Preserved
wfo-0000845321,vrn-0000845321.01,Pineland Snow Berry,1,Flora by Common Names. Leon Levy Native Plant Preserve.,EN,BS,https://levypreserve.org/flora-by-common-name/,Leon Levy Native Plant Preserve.,All rights Preserved
wfo-0000830291,vrn-0000830291.01,Coco Plum,1,Flora by Common Names. Leon Levy Native Plant Preserve.,EN,BS,https://levypreserve.org/flora-by-common-name/,Leon Levy Native Plant Preserve.,All rights Preserved
wfo-0000830291,vrn-0000830291.02,Pork Fat Apple ,1,Flora by Common Names. Leon Levy Native Plant Preserve.,EN,BS,https://levypreserve.org/flora-by-common-name/,Leon Levy Native Plant Preserve.,All rights Preserved
wfo-0000856745,vrn-0000856745.01,Satin Leaf,1,Flora by Common Names. Leon Levy Native Plant Preserve.,EN,BS,https://levypreserve.org/flora-by-common-name/,Leon Levy Native Plant Preserve.,All rights Preserved
wfo-0000856745,vrn-0000856745.02,Saffron Tree,1,Flora by Common Names. Leon Levy Native Plant Preserve.,EN,BS,https://levypreserve.org/flora-by-common-name/,Leon Levy Native Plant Preserve.,All rights Preserved
wfo-0000604681,vrn-0000604681.01,Yucatan Fly Mallow,1,Flora by Common Names. Leon Levy Native Plant Preserve.,EN,BS,https://levypreserve.org/flora-by-common-name/,Leon Levy Native Plant Preserve.,All rights Preserved
wfo-0000005479,vrn-0000005479.01,Bull Thistle,1,Flora by Common Names. Leon Levy Native Plant Preserve.,EN,BS,https://levypreserve.org/flora-by-common-name/,Leon Levy Native Plant Preserve.,All rights Preserved
wfo-0000606414,vrn-0000606414.01,Treebine,1,Flora by Common Names. Leon Levy Native Plant Preserve.,EN,BS,https://levypreserve.org/flora-by-common-name/,Leon Levy Native Plant Preserve.,All rights Preserved
wfo-0000606414,vrn-0000606414.02,Bull Vine,1,Flora by Common Names. Leon Levy Native Plant Preserve.,EN,BS,https://levypreserve.org/flora-by-common-name/,Leon Levy Native Plant Preserve.,All rights Preserved
wfo-0000606535,vrn-0000606535.01,Thick Leaved Cissus,1,Flora by Common Names. Leon Levy Native Plant Preserve.,EN,BS,https://levypreserve.org/flora-by-common-name/,Leon Levy Native Plant Preserve.,All rights Preserved
wfo-0000868468,vrn-0000868468.01,Fiddle Wood,1,Flora by Common Names. Leon Levy Native Plant Preserve.,EN,BS,https://levypreserve.org/flora-by-common-name/,,
wfo-0000868468,vrn-0000868468.02,Long Tom,1,Flora by Common Names. Leon Levy Native Plant Preserve.,EN,BS,https://levypreserve.org/flora-by-common-name/,,
wfo-0000868468,vrn-0000868468.03,Trash-a-Berry,1,Flora by Common Names. Leon Levy Native Plant Preserve.,EN,BS,https://levypreserve.org/flora-by-common-name/,,
wfo-0000606982,vrn-0000606982.01,Cow Itch Vine,1,Flora by Common Names. Leon Levy Native Plant Preserve.,EN,BS,https://levypreserve.org/flora-by-common-name/,Leon Levy Native Plant Preserve.,All rights Preserved
wfo-0000356458,vrn-0000356458.01,Saw Grass,1,Flora by Common Names. Leon Levy Native Plant Preserve.,EN,BS,https://levypreserve.org/flora-by-common-name/,Leon Levy Native Plant Preserve.,All rights Preserved
wfo-0000610519,vrn-0000610519.01,Bahama Virgin’s Bower,1,Flora by Common Names. Leon Levy Native Plant Preserve.,EN,BS,https://levypreserve.org/flora-by-common-name/,Leon Levy Native Plant Preserve.,All rights Preserved
wfo-0000890933,vrn-0000890933.01,West Indian Thyme,1,Flora by Common Names. Leon Levy Native Plant Preserve.,EN,BS,https://levypreserve.org/flora-by-common-name/,Leon Levy Native Plant Preserve.,All rights Preserved
wfo-0000179216,vrn-0000179216.01,Blue Pea,1,Flora by Common Names. Leon Levy Native Plant Preserve.,EN,BS,https://levypreserve.org/flora-by-common-name/,Leon Levy Native Plant Preserve.,All rights Preserved
wfo-0000179216,vrn-0000179216.02,Butterfly Pea,1,Flora by Common Names. Leon Levy Native Plant Preserve.,EN,BS,https://levypreserve.org/flora-by-common-name/,Leon Levy Native Plant Preserve.,All rights Preserved
wfo-0000179216,vrn-0000179216.03,Blue Clit,1,Flora by Common Names. Leon Levy Native Plant Preserve.,EN,BS,https://levypreserve.org/flora-by-common-name/,Leon Levy Native Plant Preserve.,All rights Preserved
wfo-0000612436,vrn-0000612436.01,Pitch Apple,1,Flora by Common Names. Leon Levy Native Plant Preserve.,EN,BS,https://levypreserve.org/flora-by-common-name/,Leon Levy Native Plant Preserve.,All rights Preserved
wfo-0000612436,vrn-0000612436.02,Balsam Apple,1,Flora by Common Names. Leon Levy Native Plant Preserve.,EN,BS,https://levypreserve.org/flora-by-common-name/,Leon Levy Native Plant Preserve.,All rights Preserved
wfo-0000612436,vrn-0000612436.03,Autograph Tree,1,Flora by Common Names. Leon Levy Native Plant Preserve.,EN,BS,https://levypreserve.org/flora-by-common-name/,Leon Levy Native Plant Preserve.,All rights Preserved
wfo-0000612436,vrn-0000612436.04,Wild Mamee,1,Flora by Common Names. Leon Levy Native Plant Preserve.,EN,BS,https://levypreserve.org/flora-by-common-name/,Leon Levy Native Plant Preserve.,All rights Preserved
wfo-0000612436,vrn-0000612436.05,Monkey Apple,1,Flora by Common Names. Leon Levy Native Plant Preserve.,EN,BS,https://levypreserve.org/flora-by-common-name/,Leon Levy Native Plant Preserve.,All rights Preserved
wfo-0000612436,vrn-0000612436.06,Signature Tree,1,Flora by Common Names. Leon Levy Native Plant Preserve.,EN,BS,https://levypreserve.org/flora-by-common-name/,Leon Levy Native Plant Preserve.,All rights Preserved
wfo-0000612436,vrn-0000612436.07,Scotch Attorney,1,Flora by Common Names. Leon Levy Native Plant Preserve.,EN,BS,https://levypreserve.org/flora-by-common-name/,Leon Levy Native Plant Preserve.,All rights Preserved
wfo-0000612436,vrn-0000612436.08,Copey,1,Flora by Common Names. Leon Levy Native Plant Preserve.,EN,BS,https://levypreserve.org/flora-by-common-name/,Leon Levy Native Plant Preserve.,All rights Preserved
wfo-0000613093,vrn-0000613093.01,Pigeon Plum,1,Flora by Common Names. Leon Levy Native Plant Preserve.,EN,BS,https://levypreserve.org/flora-by-common-name/,Leon Levy Native Plant Preserve.,All rights Preserved
wfo-0000613093,vrn-0000613093.02,Plum Bush,1,Flora by Common Names. Leon Levy Native Plant Preserve.,EN,BS,https://levypreserve.org/flora-by-common-name/,Leon Levy Native Plant Preserve.,All rights Preserved
wfo-0000613093,vrn-0000613093.03,Dove Plum,1,Flora by Common Names. Leon Levy Native Plant Preserve.,EN,BS,https://levypreserve.org/flora-by-common-name/,Leon Levy Native Plant Preserve.,All rights Preserved
wfo-0000613171,vrn-0000613171.01,Bow Pigeon,1,Flora by Common Names. Leon Levy Native Plant Preserve.,EN,BS,https://levypreserve.org/flora-by-common-name/,Leon Levy Native Plant Preserve.,All rights Preserved
wfo-0000613171,vrn-0000613171.02,Crabwood,1,Flora by Common Names. Leon Levy Native Plant Preserve.,EN,BS,https://levypreserve.org/flora-by-common-name/,Leon Levy Native Plant Preserve.,All rights Preserved
wfo-0000613416,vrn-0000613416.01,Tie Tongue,1,Flora by Common Names. Leon Levy Native Plant Preserve.,EN,BS,https://levypreserve.org/flora-by-common-name/,Leon Levy Native Plant Preserve.,All rights Preserved
wfo-0000613423,vrn-0000613423.01,Bahama Pigeon Plum,1,Flora by Common Names. Leon Levy Native Plant Preserve.,EN,BS,https://levypreserve.org/flora-by-common-name/,Leon Levy Native Plant Preserve.,All rights Preserved
wfo-0000613437,vrn-0000613437.01,Sea Grape,1,Flora by Common Names. Leon Levy Native Plant Preserve.,EN,BS,https://levypreserve.org/flora-by-common-name/,Leon Levy Native Plant Preserve.,All rights Preserved
wfo-0000900697,vrn-0000900697.01,Silver Thatch,1,Flora by Common Names. Leon Levy Native Plant Preserve.,EN,BS,https://levypreserve.org/flora-by-common-name/,Leon Levy Native Plant Preserve.,All rights Preserved
wfo-0000900697,vrn-0000900697.02,Silver Top,1,Flora by Common Names. Leon Levy Native Plant Preserve.,EN,BS,https://levypreserve.org/flora-by-common-name/,Leon Levy Native Plant Preserve.,All rights Preserved
wfo-0000901089,vrn-0000901089.01,Thatch Palm,1,Flora by Common Names. Leon Levy Native Plant Preserve.,EN,BS,https://levypreserve.org/flora-by-common-name/,Leon Levy Native Plant Preserve.,All rights Preserved
wfo-0000903570,vrn-0000903570.01,Coconut,1,Flora by Common Names. Leon Levy Native Plant Preserve.,EN,BS,https://levypreserve.org/flora-by-common-name/,Leon Levy Native Plant Preserve.,All rights Preserved
wfo-0000615210,vrn-0000615210.01,Common Snake Bark,1,Flora by Common Names. Leon Levy Native Plant Preserve.,EN,BS,https://levypreserve.org/flora-by-common-name/,Leon Levy Native Plant Preserve.,All rights Preserved
wfo-0000615210,vrn-0000615210.02,Bitters,1,Flora by Common Names. Leon Levy Native Plant Preserve.,EN,BS,https://levypreserve.org/flora-by-common-name/,Leon Levy Native Plant Preserve.,All rights Preserved
wfo-0000615210,vrn-0000615210.03,Soap Bush,1,Flora by Common Names. Leon Levy Native Plant Preserve.,EN,BS,https://levypreserve.org/flora-by-common-name/,Leon Levy Native Plant Preserve.,All rights Preserved
wfo-0000358795,vrn-0000358795.01,Large Day Flower,1,Flora by Common Names. Leon Levy Native Plant Preserve.,EN,BS,https://levypreserve.org/flora-by-common-name/,Leon Levy Native Plant Preserve.,All rights Preserved
wfo-0000358795,vrn-0000358795.02,French Grass,1,Flora by Common Names. Leon Levy Native Plant Preserve.,EN,BS,https://levypreserve.org/flora-by-common-name/,Leon Levy Native Plant Preserve.,All rights Preserved
wfo-0000618338,vrn-0000618338.01,Buttonwood,1,Flora by Common Names. Leon Levy Native Plant Preserve.,EN,BS,https://levypreserve.org/flora-by-common-name/,Leon Levy Native Plant Preserve.,All rights Preserved
wfo-0000619501,vrn-0000619501.01,Millspaugh's Prickly-Pear,1,Flora by Common Names. Leon Levy Native Plant Preserve.,EN,BS,https://levypreserve.org/flora-by-common-name/,Leon Levy Native Plant Preserve.,All rights Preserved
wfo-0000619993,vrn-0000619993.01,Jute,1,Flora by Common Names. Leon Levy Native Plant Preserve.,EN,BS,https://levypreserve.org/flora-by-common-name/,Leon Levy Native Plant Preserve.,All rights Preserved
wfo-0000620071,vrn-0000620071.01,Wooly Booger,1,Flora by Common Names. Leon Levy Native Plant Preserve.,EN,BS,https://levypreserve.org/flora-by-common-name/,Leon Levy Native Plant Preserve.,All rights Preserved
wfo-0000620071,vrn-0000620071.02,Jack Switch,1,Flora by Common Names. Leon Levy Native Plant Preserve.,EN,BS,https://levypreserve.org/flora-by-common-name/,Leon Levy Native Plant Preserve.,All rights Preserved
wfo-0000620178,vrn-0000620178.01,Slippery Dick,1,Flora by Common Names. Leon Levy Native Plant Preserve.,EN,BS,https://levypreserve.org/flora-by-common-name/,Leon Levy Native Plant Preserve.,All rights Preserved
wfo-0000620178,vrn-0000620178.02,Slippery Burr,1,Flora by Common Names. Leon Levy Native Plant Preserve.,EN,BS,https://levypreserve.org/flora-by-common-name/,Leon Levy Native Plant Preserve.,All rights Preserved
wfo-0001276242,vrn-0001276242.01,Granny Bush,1,Flora by Common Names. Leon Levy Native Plant Preserve.,EN,BS,https://levypreserve.org/flora-by-common-name/,Leon Levy Native Plant Preserve.,All rights Preserved
wfo-0001276242,vrn-0001276242.02,Cocobey,1,Flora by Common Names. Leon Levy Native Plant Preserve.,EN,BS,https://levypreserve.org/flora-by-common-name/,Leon Levy Native Plant Preserve.,All rights Preserved
wfo-0000620951,vrn-0000620951.01,Geiger Tree,1,Flora by Common Names. Leon Levy Native Plant Preserve.,EN,BS,https://levypreserve.org/flora-by-common-name/,Leon Levy Native Plant Preserve.,All rights Preserved
wfo-0000620951,vrn-0000620951.02,Geranium Tree,1,Flora by Common Names. Leon Levy Native Plant Preserve.,EN,BS,https://levypreserve.org/flora-by-common-name/,Leon Levy Native Plant Preserve.,All rights Preserved
wfo-0000620951,vrn-0000620951.03,Anaconda,1,Flora by Common Names. Leon Levy Native Plant Preserve.,EN,BS,https://levypreserve.org/flora-by-common-name/,Leon Levy Native Plant Preserve.,All rights Preserved
wfo-0000620951,vrn-0000620951.04,Spanish Cordia,1,Flora by Common Names. Leon Levy Native Plant Preserve.,EN,BS,https://levypreserve.org/flora-by-common-name/,Leon Levy Native Plant Preserve.,All rights Preserved
wfo-0000620951,vrn-0000620951.05,Broadleaf,1,Flora by Common Names. Leon Levy Native Plant Preserve.,EN,BS,https://levypreserve.org/flora-by-common-name/,Leon Levy Native Plant Preserve.,All rights Preserved
wfo-0000626468,vrn-0000626468.01,Wild Cherry,1,Flora by Common Names. Leon Levy Native Plant Preserve.,EN,BS,https://levypreserve.org/flora-by-common-name/,Leon Levy Native Plant Preserve.,All rights Preserved
wfo-0000626468,vrn-0000626468.02,Poison Cherry,1,Flora by Common Names. Leon Levy Native Plant Preserve.,EN,BS,https://levypreserve.org/flora-by-common-name/,Leon Levy Native Plant Preserve.,All rights Preserved
wfo-0000207414,vrn-0000207414.01,Gamba Pea,1,Flora by Common Names. Leon Levy Native Plant Preserve.,EN,BS,https://levypreserve.org/flora-by-common-name/,,
wfo-0000207414,vrn-0000207414.02,Rattle Box,1,Flora by Common Names. Leon Levy Native Plant Preserve.,EN,BS,https://levypreserve.org/flora-by-common-name/,,
wfo-0000207244,vrn-0000207244.01,Velvety Rattle Box,1,Flora by Common Names. Leon Levy Native Plant Preserve.,EN,BS,https://levypreserve.org/flora-by-common-name/,Leon Levy Native Plant Preserve.,All rights Preserved
wfo-0000209124,vrn-0000209124.01,Smooth Rattle Box,1,Flora by Common Names. Leon Levy Native Plant Preserve.,EN,BS,https://levypreserve.org/flora-by-common-name/,Leon Levy Native Plant Preserve.,All rights Preserved
wfo-0000174078,vrn-0000174078.01,Low Rattle Box,1,Flora by Common Names. Leon Levy Native Plant Preserve.,EN,BS,https://levypreserve.org/flora-by-common-name/,Leon Levy Native Plant Preserve.,All rights Preserved
wfo-0000927911,vrn-0000927911.01,Cascarilla,1,Flora by Common Names. Leon Levy Native Plant Preserve.,EN,BS,https://levypreserve.org/flora-by-common-name/,Leon Levy Native Plant Preserve.,All rights Preserved
wfo-0000931277,vrn-0000931277.01,Pepper Bush,1,Flora by Common Names. Leon Levy Native Plant Preserve.,EN,BS,https://levypreserve.org/flora-by-common-name/,Leon Levy Native Plant Preserve.,All rights Preserved
wfo-0000931505,vrn-0000931505.01,Granny Bush ,1,Flora by Common Names. Leon Levy Native Plant Preserve.,EN,BS,https://levypreserve.org/flora-by-common-name/,Leon Levy Native Plant Preserve.,All rights Preserved
wfo-0000931505,vrn-0000931505.02,Bay Wormwood,1,Flora by Common Names. Leon Levy Native Plant Preserve.,EN,BS,https://levypreserve.org/flora-by-common-name/,Leon Levy Native Plant Preserve.,All rights Preserved
wfo-0000931505,vrn-0000931505.03,White Granny Bush,1,Flora by Common Names. Leon Levy Native Plant Preserve.,EN,BS,https://levypreserve.org/flora-by-common-name/,Leon Levy Native Plant Preserve.,All rights Preserved
wfo-0000931505,vrn-0000931505.04,Rosemary,1,Flora by Common Names. Leon Levy Native Plant Preserve.,EN,BS,https://levypreserve.org/flora-by-common-name/,Leon Levy Native Plant Preserve.,All rights Preserved
wfo-0000931547,vrn-0000931547.01,Fire bush,1,Flora by Common Names. Leon Levy Native Plant Preserve.,EN,BS,https://levypreserve.org/flora-by-common-name/,Leon Levy Native Plant Preserve.,All rights Preserved
wfo-0000630273,vrn-0000630273.01,Strong Back Leave,1,Flora by Common Names. Leon Levy Native Plant Preserve.,EN,BS,https://levypreserve.org/flora-by-common-name/,Leon Levy Native Plant Preserve.,All rights Preserved
wfo-0000630273,vrn-0000630273.02,Island Wax Weed,1,Flora by Common Names. Leon Levy Native Plant Preserve.,EN,BS,https://levypreserve.org/flora-by-common-name/,Leon Levy Native Plant Preserve.,All rights Preserved
wfo-0001297192,vrn-0001297192.01,Dodder,1,Flora by Common Names. Leon Levy Native Plant Preserve.,EN,BS,https://levypreserve.org/flora-by-common-name/,Leon Levy Native Plant Preserve.,All rights Preserved
wfo-0000051035,vrn-0000051035.01,Little Iron Weed,1,Flora by Common Names. Leon Levy Native Plant Preserve.,EN,BS,https://levypreserve.org/flora-by-common-name/,Leon Levy Native Plant Preserve.,All rights Preserved
wfo-0000860994,vrn-0000860994.01,Lemon Grass,1,Flora by Common Names. Leon Levy Native Plant Preserve.,EN,BS,https://levypreserve.org/flora-by-common-name/,Leon Levy Native Plant Preserve.,All rights Preserved
wfo-0000860994,vrn-0000860994.02,Fever Grass,1,Flora by Common Names. Leon Levy Native Plant Preserve.,EN,BS,https://levypreserve.org/flora-by-common-name/,Leon Levy Native Plant Preserve.,All rights Preserved
wfo-0001337138,vrn-0001337138.01,Marsh Metastelma,1,Flora by Common Names. Leon Levy Native Plant Preserve.,EN,BS,https://levypreserve.org/flora-by-common-name/,Leon Levy Native Plant Preserve.,All rights Preserved
wfo-0000861178,vrn-0000861178.01,Bermuda Grass,1,Flora by Common Names. Leon Levy Native Plant Preserve.,EN,BS,https://levypreserve.org/flora-by-common-name/,Leon Levy Native Plant Preserve.,All rights Preserved
wfo-0000370355,vrn-0000370355.01,Bootle Bay Sedge,1,Flora by Common Names. Leon Levy Native Plant Preserve.,EN,BS,https://levypreserve.org/flora-by-common-name/,Leon Levy Native Plant Preserve.,All rights Preserved
wfo-0000376965,vrn-0000376965.01,Large Cyperus,1,Flora by Common Names. Leon Levy Native Plant Preserve.,EN,BS,https://levypreserve.org/flora-by-common-name/,Leon Levy Native Plant Preserve.,All rights Preserved
wfo-0000861704,vrn-0000861704.01,Crow Foot Grass,1,Flora by Common Names. Leon Levy Native Plant Preserve.,EN,BS,https://levypreserve.org/flora-by-common-name/,Leon Levy Native Plant Preserve.,All rights Preserved
wfo-0000861704,vrn-0000861704.02,Egyptian Grass,1,Flora by Common Names. Leon Levy Native Plant Preserve.,EN,BS,https://levypreserve.org/flora-by-common-name/,Leon Levy Native Plant Preserve.,All rights Preserved
wfo-0000166389,vrn-0000166389.01,Royal Poinciana ,1,Flora by Common Names. Leon Levy Native Plant Preserve.,EN,BS,https://levypreserve.org/flora-by-common-name/,Leon Levy Native Plant Preserve.,All rights Preserved
wfo-0000166389,vrn-0000166389.02,Flamboyant Tree,1,Flora by Common Names. Leon Levy Native Plant Preserve.,EN,BS,https://levypreserve.org/flora-by-common-name/,Leon Levy Native Plant Preserve.,All rights Preserved
wfo-0000175857,vrn-0000175857.01,Virgate Mimosa ,1,Flora by Common Names. Leon Levy Native Plant Preserve.,EN,BS,https://levypreserve.org/flora-by-common-name/,Leon Levy Native Plant Preserve.,All rights Preserved
wfo-0000184175,vrn-0000177034.01,Tick Trefoil,1,Flora by Common Names. Leon Levy Native Plant Preserve.,EN,BS,https://levypreserve.org/flora-by-common-name/,Leon Levy Native Plant Preserve.,All rights Preserved
wfo-0000184175,vrn-0000177034.02,Wild Granite,1,Flora by Common Names. Leon Levy Native Plant Preserve.,EN,BS,https://levypreserve.org/flora-by-common-name/,Leon Levy Native Plant Preserve.,All rights Preserved
wfo-0000863807,vrn-0000863807.01,Southern Crab Grass,1,Flora by Common Names. Leon Levy Native Plant Preserve.,EN,BS,https://levypreserve.org/flora-by-common-name/,Leon Levy Native Plant Preserve.,All rights Preserved
wfo-0000864051,vrn-0000864051.01,Sour Grass,1,Flora by Common Names. Leon Levy Native Plant Preserve.,EN,BS,https://levypreserve.org/flora-by-common-name/,Leon Levy Native Plant Preserve.,All rights Preserved
wfo-0000904077,vrn-0000904077.01,Sour Grass,1,Flora by Common Names. Leon Levy Native Plant Preserve.,EN,BS,https://levypreserve.org/flora-by-common-name/,Leon Levy Native Plant Preserve.,All rights Preserved
wfo-0000864516,vrn-0000864516.01,Shaggy Crab Grass,1,Flora by Common Names. Leon Levy Native Plant Preserve.,EN,BS,https://levypreserve.org/flora-by-common-name/,Leon Levy Native Plant Preserve.,All rights Preserved
wfo-0000392476,vrn-0000392476.01,Wild Yam,1,Flora by Common Names. Leon Levy Native Plant Preserve.,EN,BS,https://levypreserve.org/flora-by-common-name/,Leon Levy Native Plant Preserve.,All rights Preserved
wfo-0000509193,vrn-0000509193.01,Wild Yam,1,Flora by Common Names. Leon Levy Native Plant Preserve.,EN,BS,https://levypreserve.org/flora-by-common-name/,Leon Levy Native Plant Preserve.,All rights Preserved
wfo-0000648730,vrn-0000648730.01,Stiff Cock,1,Flora by Common Names. Leon Levy Native Plant Preserve.,EN,BS,https://levypreserve.org/flora-by-common-name/,Leon Levy Native Plant Preserve.,All rights Preserved
wfo-0000648730,vrn-0000648730.02,Feather Bed,1,Flora by Common Names. Leon Levy Native Plant Preserve.,EN,BS,https://levypreserve.org/flora-by-common-name/,Leon Levy Native Plant Preserve.,All rights Preserved
wfo-0000648730,vrn-0000648730.03,Boa Wood,1,Flora by Common Names. Leon Levy Native Plant Preserve.,EN,BS,https://levypreserve.org/flora-by-common-name/,Leon Levy Native Plant Preserve.,All rights Preserved
wfo-0000650478,vrn-0000650478.01,Sand Rocket,1,Flora by Common Names. Leon Levy Native Plant Preserve.,EN,BS,https://levypreserve.org/flora-by-common-name/,Leon Levy Native Plant Preserve.,All rights Preserved
wfo-0000653170,vrn-0000653170.01,Hop Bush,1,Flora by Common Names. Leon Levy Native Plant Preserve.,EN,BS,https://levypreserve.org/flora-by-common-name/,Leon Levy Native Plant Preserve.,All rights Preserved
wfo-0001424423,vrn-0001424423.01,Mother In Laws Tongue,1,Flora by Common Names. Leon Levy Native Plant Preserve.,EN,BS,https://levypreserve.org/flora-by-common-name/,Leon Levy Native Plant Preserve.,All rights Preserved
wfo-0001424423,vrn-0001424423.02,African Bow String Hemp,1,Flora by Common Names. Leon Levy Native Plant Preserve.,EN,BS,https://levypreserve.org/flora-by-common-name/,Leon Levy Native Plant Preserve.,All rights Preserved
wfo-0000946828,vrn-0000946828.01,Golden Dew Drop ,1,Flora by Common Names. Leon Levy Native Plant Preserve.,EN,BS,https://levypreserve.org/flora-by-common-name/,Leon Levy Native Plant Preserve.,All rights Preserved
wfo-0000946828,vrn-0000946828.02,Pigeon Berry,1,Flora by Common Names. Leon Levy Native Plant Preserve.,EN,BS,https://levypreserve.org/flora-by-common-name/,Leon Levy Native Plant Preserve.,All rights Preserved
wfo-0000041883,vrn-0000041883.01,Dog Weed,1,Flora by Common Names. Leon Levy Native Plant Preserve.,EN,BS,https://levypreserve.org/flora-by-common-name/,Leon Levy Native Plant Preserve.,All rights Preserved
wfo-0000041883,vrn-0000041883.02,Fetid Marigold,1,Flora by Common Names. Leon Levy Native Plant Preserve.,EN,BS,https://levypreserve.org/flora-by-common-name/,Leon Levy Native Plant Preserve.,All rights Preserved
wfo-0000766369,vrn-0000766369.01,Bur-head,1,Flora by Common Names. Leon Levy Native Plant Preserve.,EN,BS,https://levypreserve.org/flora-by-common-name/,Leon Levy Native Plant Preserve.,All rights Preserved
wfo-0000947877,vrn-0000947877.01,Devils Potato,1,Flora by Common Names. Leon Levy Native Plant Preserve.,EN,BS,https://levypreserve.org/flora-by-common-name/,Leon Levy Native Plant Preserve.,All rights Preserved
wfo-0000947877,vrn-0000947877.02,Wild Potato,1,Flora by Common Names. Leon Levy Native Plant Preserve.,EN,BS,https://levypreserve.org/flora-by-common-name/,Leon Levy Native Plant Preserve.,All rights Preserved
wfo-0000947877,vrn-0000947877.03,Rubber Vine,1,Flora by Common Names. Leon Levy Native Plant Preserve.,EN,BS,https://levypreserve.org/flora-by-common-name/,Leon Levy Native Plant Preserve.,All rights Preserved
wfo-0000947877,vrn-0000947877.04,Danish,1,Flora by Common Names. Leon Levy Native Plant Preserve.,EN,BS,https://levypreserve.org/flora-by-common-name/,Leon Levy Native Plant Preserve.,All rights Preserved
wfo-0000404186,vrn-0000404186.01,Capitate Spike Rush,1,Flora by Common Names. Leon Levy Native Plant Preserve.,EN,BS,https://levypreserve.org/flora-by-common-name/,Leon Levy Native Plant Preserve.,All rights Preserved
wfo-0000403349,vrn-0000403349.01,Round Stem Spikerush,1,Flora by Common Names. Leon Levy Native Plant Preserve.,EN,BS,https://levypreserve.org/flora-by-common-name/,Leon Levy Native Plant Preserve.,All rights Preserved
wfo-0000403349,vrn-0000403349.02,Spike Rush,1,Flora by Common Names. Leon Levy Native Plant Preserve.,EN,BS,https://levypreserve.org/flora-by-common-name/,Leon Levy Native Plant Preserve.,All rights Preserved
wfo-0000404421,vrn-0000404421.01,Knotted Spike Rush,1,Flora by Common Names. Leon Levy Native Plant Preserve.,EN,BS,https://levypreserve.org/flora-by-common-name/,Leon Levy Native Plant Preserve.,All rights Preserved
wfo-0000865718,vrn-0000865718.01,Goose Grass,1,Flora by Common Names. Leon Levy Native Plant Preserve.,EN,BS,https://levypreserve.org/flora-by-common-name/,Leon Levy Native Plant Preserve.,All rights Preserved
wfo-0000084726,vrn-0000084726.01,Tassel Flower,1,Flora by Common Names. Leon Levy Native Plant Preserve.,EN,BS,https://levypreserve.org/flora-by-common-name/,Leon Levy Native Plant Preserve.,All rights Preserved
wfo-0000084726,vrn-0000084726.02,Purple Emilia,1,Flora by Common Names. Leon Levy Native Plant Preserve.,EN,BS,https://levypreserve.org/flora-by-common-name/,Leon Levy Native Plant Preserve.,All rights Preserved
wfo-0000948591,vrn-0000948591.01,Christmas Orchid,1,Flora by Common Names. Leon Levy Native Plant Preserve.,EN,BS,https://levypreserve.org/flora-by-common-name/,Leon Levy Native Plant Preserve.,All rights Preserved
wfo-0000283521,vrn-0000283521.01,Money Orchid,1,Flora by Common Names. Leon Levy Native Plant Preserve.,EN,BS,https://levypreserve.org/flora-by-common-name/,Leon Levy Native Plant Preserve.,All rights Preserved
wfo-0000283521,vrn-0000283521.02,Dollar Orchid,1,Flora by Common Names. Leon Levy Native Plant Preserve.,EN,BS,https://levypreserve.org/flora-by-common-name/,Leon Levy Native Plant Preserve.,All rights Preserved
wfo-0000283538,vrn-0000283538.01,Shell Orchid,1,Flora by Common Names. Leon Levy Native Plant Preserve.,EN,BS,https://levypreserve.org/flora-by-common-name/,Leon Levy Native Plant Preserve.,All rights Preserved
wfo-0000948917,vrn-0000948917.01,Rufous Orchid,1,Flora by Common Names. Leon Levy Native Plant Preserve.,EN,BS,https://levypreserve.org/flora-by-common-name/,Leon Levy Native Plant Preserve.,All rights Preserved
wfo-0000948917,vrn-0000948917.02,Butterfly Orchid,1,Flora by Common Names. Leon Levy Native Plant Preserve.,EN,BS,https://levypreserve.org/flora-by-common-name/,Leon Levy Native Plant Preserve.,All rights Preserved
wfo-0000950829,vrn-0000950829.01,Night Scented Orchid,1,Flora by Common Names. Leon Levy Native Plant Preserve.,EN,BS,https://levypreserve.org/flora-by-common-name/,Leon Levy Native Plant Preserve.,All rights Preserved
wfo-0000951265,vrn-0000951265.01,Stiff Flower Star Orchid,1,Flora by Common Names. Leon Levy Native Plant Preserve.,EN,BS,https://levypreserve.org/flora-by-common-name/,Leon Levy Native Plant Preserve.,All rights Preserved
wfo-0000867558,vrn-0000867558.01,Fringed Love Grass,1,Flora by Common Names. Leon Levy Native Plant Preserve.,EN,BS,https://levypreserve.org/flora-by-common-name/,Leon Levy Native Plant Preserve.,All rights Preserved
wfo-0000003474,vrn-0000003474.01,Flea Bane,1,Flora by Common Names. Leon Levy Native Plant Preserve.,EN,BS,https://levypreserve.org/flora-by-common-name/,Leon Levy Native Plant Preserve.,All rights Preserved
wfo-0000953764,vrn-0000953764.01,Black Torch,1,Flora by Common Names. Leon Levy Native Plant Preserve.,EN,BS,https://levypreserve.org/flora-by-common-name/,Leon Levy Native Plant Preserve.,All rights Preserved
wfo-0000953764,vrn-0000953764.02,Pigeon Berry,1,Flora by Common Names. Leon Levy Native Plant Preserve.,EN,BS,https://levypreserve.org/flora-by-common-name/,Leon Levy Native Plant Preserve.,All rights Preserved
wfo-0000953764,vrn-0000953764.03,Parrot Apple,1,Flora by Common Names. Leon Levy Native Plant Preserve.,EN,BS,https://levypreserve.org/flora-by-common-name/,Leon Levy Native Plant Preserve.,All rights Preserved
wfo-0000953791,vrn-0000953791.01,Golden Creeper,1,Flora by Common Names. Leon Levy Native Plant Preserve.,EN,BS,https://levypreserve.org/flora-by-common-name/,Leon Levy Native Plant Preserve.,All rights Preserved
wfo-0000953791,vrn-0000953791.02,Beach Creeper,1,Flora by Common Names. Leon Levy Native Plant Preserve.,EN,BS,https://levypreserve.org/flora-by-common-name/,Leon Levy Native Plant Preserve.,All rights Preserved
wfo-0000953791,vrn-0000953791.03,Common Ernodea,1,Flora by Common Names. Leon Levy Native Plant Preserve.,EN,BS,https://levypreserve.org/flora-by-common-name/,Leon Levy Native Plant Preserve.,All rights Preserved
wfo-0000679681,vrn-0000679681.01,Swamp Redwood,1,Flora by Common Names. Leon Levy Native Plant Preserve.,EN,BS,https://levypreserve.org/flora-by-common-name/,Leon Levy Native Plant Preserve.,All rights Preserved
wfo-0000679681,vrn-0000679681.02,False Cocaine,1,Flora by Common Names. Leon Levy Native Plant Preserve.,EN,BS,https://levypreserve.org/flora-by-common-name/,Leon Levy Native Plant Preserve.,All rights Preserved
wfo-0000679681,vrn-0000679681.03,Smoke Wood,1,Flora by Common Names. Leon Levy Native Plant Preserve.,EN,BS,https://levypreserve.org/flora-by-common-name/,Leon Levy Native Plant Preserve.,All rights Preserved
wfo-0000680090,vrn-0000680090.01,Rat Wood,1,Flora by Common Names. Leon Levy Native Plant Preserve.,EN,BS,https://levypreserve.org/flora-by-common-name/,Leon Levy Native Plant Preserve.,All rights Preserved
wfo-0000680090,vrn-0000680090.02,Swamp Redwood,1,Flora by Common Names. Leon Levy Native Plant Preserve.,EN,BS,https://levypreserve.org/flora-by-common-name/,Leon Levy Native Plant Preserve.,All rights Preserved
wfo-0000956446,vrn-0000956446.01,White Stopper,1,Flora by Common Names. Leon Levy Native Plant Preserve.,EN,BS,https://levypreserve.org/flora-by-common-name/,Leon Levy Native Plant Preserve.,All rights Preserved
wfo-0000956446,vrn-0000956446.02,Wattle,1,Flora by Common Names. Leon Levy Native Plant Preserve.,EN,BS,https://levypreserve.org/flora-by-common-name/,Leon Levy Native Plant Preserve.,All rights Preserved
wfo-0000956446,vrn-0000956446.03,Stopper Bush,1,Flora by Common Names. Leon Levy Native Plant Preserve.,EN,BS,https://levypreserve.org/flora-by-common-name/,Leon Levy Native Plant Preserve.,All rights Preserved
wfo-0000956446,vrn-0000956446.04,Stopper,1,Flora by Common Names. Leon Levy Native Plant Preserve.,EN,BS,https://levypreserve.org/flora-by-common-name/,Leon Levy Native Plant Preserve.,All rights Preserved
wfo-0000957334,vrn-0000957334.01,Spanish Stopper,1,Flora by Common Names. Leon Levy Native Plant Preserve.,EN,BS,https://levypreserve.org/flora-by-common-name/,Leon Levy Native Plant Preserve.,All rights Preserved
wfo-0000957334,vrn-0000957334.02,Black Wattle,1,Flora by Common Names. Leon Levy Native Plant Preserve.,EN,BS,https://levypreserve.org/flora-by-common-name/,Leon Levy Native Plant Preserve.,All rights Preserved
wfo-0000957334,vrn-0000957334.03,Stopper Bush,1,Flora by Common Names. Leon Levy Native Plant Preserve.,EN,BS,https://levypreserve.org/flora-by-common-name/,Leon Levy Native Plant Preserve.,All rights Preserved
wfo-0000957334,vrn-0000957334.04,Box leaf Stopper,1,Flora by Common Names. Leon Levy Native Plant Preserve.,EN,BS,https://levypreserve.org/flora-by-common-name/,Leon Levy Native Plant Preserve.,All rights Preserved
wfo-0000957334,vrn-0000957334.05,Gurgeon Stopper,1,Flora by Common Names. Leon Levy Native Plant Preserve.,EN,BS,https://levypreserve.org/flora-by-common-name/,Leon Levy Native Plant Preserve.,All rights Preserved
wfo-0000959912,vrn-0000959912.01,Chinese Crown Orchid,1,Flora by Common Names. Leon Levy Native Plant Preserve.,EN,BS,https://levypreserve.org/flora-by-common-name/,Leon Levy Native Plant Preserve.,All rights Preserved
wfo-0000067484,vrn-0000067484.01,Bitter Bush,1,Flora by Common Names. Leon Levy Native Plant Preserve.,EN,BS,https://levypreserve.org/flora-by-common-name/,Leon Levy Native Plant Preserve.,All rights Preserved
wfo-0000067484,vrn-0000067484.02,Tonka Bean,1,Flora by Common Names. Leon Levy Native Plant Preserve.,EN,BS,https://levypreserve.org/flora-by-common-name/,Leon Levy Native Plant Preserve.,All rights Preserved
wfo-0000132933,vrn-0000132933.01,Jack-Ma-Da,1,Flora by Common Names. Leon Levy Native Plant Preserve.,EN,BS,https://levypreserve.org/flora-by-common-name/,Leon Levy Native Plant Preserve.,All rights Preserved
wfo-0000132933,vrn-0000132933.02,Bitter Sage,1,Flora by Common Names. Leon Levy Native Plant Preserve.,EN,BS,https://levypreserve.org/flora-by-common-name/,Leon Levy Native Plant Preserve.,All rights Preserved
wfo-0000132933,vrn-0000132933.03,Thoroughwort,1,Flora by Common Names. Leon Levy Native Plant Preserve.,EN,BS,https://levypreserve.org/flora-by-common-name/,Leon Levy Native Plant Preserve.,All rights Preserved
wfo-0000961261,vrn-0000961261.01,Bahama Spurge,1,Flora by Common Names. Leon Levy Native Plant Preserve.,EN,BS,https://levypreserve.org/flora-by-common-name/,Leon Levy Native Plant Preserve.,All rights Preserved
wfo-0000962981,vrn-0000962981.01,Pin Weed Spurge,1,Flora by Common Names. Leon Levy Native Plant Preserve.,EN,BS,https://levypreserve.org/flora-by-common-name/,Leon Levy Native Plant Preserve.,All rights Preserved
wfo-0000962344,vrn-0000962344.01,Diamond Frost,1,Flora by Common Names. Leon Levy Native Plant Preserve.,EN,BS,https://levypreserve.org/flora-by-common-name/,Leon Levy Native Plant Preserve.,All rights Preserved
wfo-0000962515,vrn-0000962515.01,Jacob’s Ladder,1,Flora by Common Names. Leon Levy Native Plant Preserve.,EN,BS,https://levypreserve.org/flora-by-common-name/,Leon Levy Native Plant Preserve.,All rights Preserved
wfo-0000962515,vrn-0000962515.02,Governor Grant’s Livery,1,Flora by Common Names. Leon Levy Native Plant Preserve.,EN,BS,https://levypreserve.org/flora-by-common-name/,Leon Levy Native Plant Preserve.,All rights Preserved
wfo-0000962656,vrn-0000962656.01,Hyssop Leaf Sandmat,1,Flora by Common Names. Leon Levy Native Plant Preserve.,EN,BS,https://levypreserve.org/flora-by-common-name/,Leon Levy Native Plant Preserve.,All rights Preserved
wfo-0000962913,vrn-0000962913.01,Mottled Spurge,1,Flora by Common Names. Leon Levy Native Plant Preserve.,EN,BS,https://levypreserve.org/flora-by-common-name/,Leon Levy Native Plant Preserve.,All rights Preserved
wfo-0000962913,vrn-0000962913.02,Dragon Bones Tree,1,Flora by Common Names. Leon Levy Native Plant Preserve.,EN,BS,https://levypreserve.org/flora-by-common-name/,Leon Levy Native Plant Preserve.,All rights Preserved
wfo-0000963326,vrn-0000963326.01,Milky Weed,1,Flora by Common Names. Leon Levy Native Plant Preserve.,EN,BS,https://levypreserve.org/flora-by-common-name/,Leon Levy Native Plant Preserve.,All rights Preserved
wfo-0000963326,vrn-0000963326.02,Milky Bush,1,Flora by Common Names. Leon Levy Native Plant Preserve.,EN,BS,https://levypreserve.org/flora-by-common-name/,Leon Levy Native Plant Preserve.,All rights Preserved
wfo-0000963326,vrn-0000963326.03,Coast Spurge ,1,Flora by Common Names. Leon Levy Native Plant Preserve.,EN,BS,https://levypreserve.org/flora-by-common-name/,Leon Levy Native Plant Preserve.,All rights Preserved
wfo-0000965116,vrn-0000965116.01,Pencil Cactus,1,Flora by Common Names. Leon Levy Native Plant Preserve.,EN,BS,https://levypreserve.org/flora-by-common-name/,Leon Levy Native Plant Preserve.,All rights Preserved
wfo-0000965116,vrn-0000965116.02,Pencil Tree,1,Flora by Common Names. Leon Levy Native Plant Preserve.,EN,BS,https://levypreserve.org/flora-by-common-name/,Leon Levy Native Plant Preserve.,All rights Preserved
wfo-0000965116,vrn-0000965116.03,Milk Bush,1,Flora by Common Names. Leon Levy Native Plant Preserve.,EN,BS,https://levypreserve.org/flora-by-common-name/,Leon Levy Native Plant Preserve.,All rights Preserved
wfo-0000965116,vrn-0000965116.04,Naked Lady,1,Flora by Common Names. Leon Levy Native Plant Preserve.,EN,BS,https://levypreserve.org/flora-by-common-name/,Leon Levy Native Plant Preserve.,All rights Preserved
wfo-0000963723,vrn-0000963723.01,Sandmat Spurge,1,Flora by Common Names. Leon Levy Native Plant Preserve.,EN,BS,https://levypreserve.org/flora-by-common-name/,Leon Levy Native Plant Preserve.,All rights Preserved
wfo-0000961329,vrn-0000961329.01,Lay Flat Spurge,1,Flora by Common Names. Leon Levy Native Plant Preserve.,EN,BS,https://levypreserve.org/flora-by-common-name/,Leon Levy Native Plant Preserve.,All rights Preserved
wfo-0000965260,vrn-0000965260.01,Sheathed Spurge,1,Flora by Common Names. Leon Levy Native Plant Preserve.,EN,BS,https://levypreserve.org/flora-by-common-name/,Leon Levy Native Plant Preserve.,All rights Preserved
wfo-0000683516,vrn-0000683516.01,Marsh Gentian,1,Flora by Common Names. Leon Levy Native Plant Preserve.,EN,BS,https://levypreserve.org/flora-by-common-name/,Leon Levy Native Plant Preserve.,All rights Preserved
wfo-0001296659,vrn-0001296659.01,Dwarf Morning Glory ,1,Flora by Common Names. Leon Levy Native Plant Preserve.,EN,BS,https://levypreserve.org/flora-by-common-name/,Leon Levy Native Plant Preserve.,All rights Preserved
wfo-0001297240,vrn-0001297240.01,Money-wort Evolvulus,1,Flora by Common Names. Leon Levy Native Plant Preserve.,EN,BS,https://levypreserve.org/flora-by-common-name/,Leon Levy Native Plant Preserve.,All rights Preserved
wfo-0001252186,vrn-0001252186.01,Broom Bush,1,Flora by Common Names. Leon Levy Native Plant Preserve.,EN,BS,https://levypreserve.org/flora-by-common-name/,Leon Levy Native Plant Preserve.,All rights Preserved
wfo-0000966139,vrn-0000966139.01,Prince Wood,1,Flora by Common Names. Leon Levy Native Plant Preserve.,EN,BS,https://levypreserve.org/flora-by-common-name/,Leon Levy Native Plant Preserve.,All rights Preserved
wfo-0000684512,vrn-0000684512.01,Butter Bough,1,Flora by Common Names. Leon Levy Native Plant Preserve.,EN,BS,https://levypreserve.org/flora-by-common-name/,Leon Levy Native Plant Preserve.,All rights Preserved
wfo-0000684512,vrn-0000684512.02,Wild Ginep,1,Flora by Common Names. Leon Levy Native Plant Preserve.,EN,BS,https://levypreserve.org/flora-by-common-name/,Leon Levy Native Plant Preserve.,All rights Preserved
wfo-0000684512,vrn-0000684512.03,Ink Wood,1,Flora by Common Names. Leon Levy Native Plant Preserve.,EN,BS,https://levypreserve.org/flora-by-common-name/,Leon Levy Native Plant Preserve.,All rights Preserved
wfo-0000684512,vrn-0000684512.04,Iron Wood,1,Flora by Common Names. Leon Levy Native Plant Preserve.,EN,BS,https://levypreserve.org/flora-by-common-name/,Leon Levy Native Plant Preserve.,All rights Preserved
wfo-0000687419,vrn-0000687419.01,Golden Wild Fig,1,Flora by Common Names. Leon Levy Native Plant Preserve.,EN,BS,https://levypreserve.org/flora-by-common-name/,Leon Levy Native Plant Preserve.,All rights Preserved
wfo-0000687419,vrn-0000687419.02,Strangler Fig,1,Flora by Common Names. Leon Levy Native Plant Preserve.,EN,BS,https://levypreserve.org/flora-by-common-name/,Leon Levy Native Plant Preserve.,All rights Preserved
wfo-0000687501,vrn-0000687501.01,Bayan Tree,1,Flora by Common Names. Leon Levy Native Plant Preserve.,EN,BS,https://levypreserve.org/flora-by-common-name/,Leon Levy Native Plant Preserve.,All rights Preserved
wfo-0000687833,vrn-0000687833.01,Wild Fig,1,Flora by Common Names. Leon Levy Native Plant Preserve.,EN,BS,https://levypreserve.org/flora-by-common-name/,Leon Levy Native Plant Preserve.,All rights Preserved
wfo-0000687833,vrn-0000687833.02,Short-leaved Wild Fig,1,Flora by Common Names. Leon Levy Native Plant Preserve.,EN,BS,https://levypreserve.org/flora-by-common-name/,Leon Levy Native Plant Preserve.,All rights Preserved
wfo-0000687833,vrn-0000687833.03,Whittle Fig,1,Flora by Common Names. Leon Levy Native Plant Preserve.,EN,BS,https://levypreserve.org/flora-by-common-name/,Leon Levy Native Plant Preserve.,All rights Preserved
wfo-0000419850,vrn-0000419850.01,Hurricane Grass,1,Flora by Common Names. Leon Levy Native Plant Preserve.,EN,BS,https://levypreserve.org/flora-by-common-name/,Leon Levy Native Plant Preserve.,All rights Preserved
wfo-0000420815,vrn-0000420815.01,Rusty Sedge,1,Flora by Common Names. Leon Levy Native Plant Preserve.,EN,BS,https://levypreserve.org/flora-by-common-name/,Leon Levy Native Plant Preserve.,All rights Preserved
wfo-0000032105,vrn-0000032105.01,Yellow Top,1,Flora by Common Names. Leon Levy Native Plant Preserve.,EN,BS,https://levypreserve.org/flora-by-common-name/,Leon Levy Native Plant Preserve.,All rights Preserved
wfo-0000832165,vrn-0000832165.01,Ink Bush,1,Flora by Common Names. Leon Levy Native Plant Preserve.,EN,BS,https://levypreserve.org/flora-by-common-name/,Leon Levy Native Plant Preserve.,All rights Preserved
wfo-0000832165,vrn-0000832165.02,Ink Berry,1,Flora by Common Names. Leon Levy Native Plant Preserve.,EN,BS,https://levypreserve.org/flora-by-common-name/,Leon Levy Native Plant Preserve.,All rights Preserved
wfo-0000832165,vrn-0000832165.03,Pen and Ink,1,Flora by Common Names. Leon Levy Native Plant Preserve.,EN,BS,https://levypreserve.org/flora-by-common-name/,Leon Levy Native Plant Preserve.,All rights Preserved
wfo-0000020805,vrn-0000020805.01,Indian Blanket,1,Flora by Common Names. Leon Levy Native Plant Preserve.,EN,BS,https://levypreserve.org/flora-by-common-name/,Leon Levy Native Plant Preserve.,All rights Preserved
wfo-0000020805,vrn-0000020805.02,Fire Wheel,1,Flora by Common Names. Leon Levy Native Plant Preserve.,EN,BS,https://levypreserve.org/flora-by-common-name/,Leon Levy Native Plant Preserve.,All rights Preserved
wfo-0000693641,vrn-0000693641.01,Bahama Milk Pea,1,Flora by Common Names. Leon Levy Native Plant Preserve.,EN,BS,https://levypreserve.org/flora-by-common-name/,Leon Levy Native Plant Preserve.,All rights Preserved
wfo-1000003016,vrn-1000003016.01,Red Milk Pea,1,Flora by Common Names. Leon Levy Native Plant Preserve.,EN,BS,https://levypreserve.org/flora-by-common-name/,Leon Levy Native Plant Preserve.,All rights Preserved
wfo-0000170578,vrn-0000170578.01,Spiciform Milk Pea,1,Flora by Common Names. Leon Levy Native Plant Preserve.,EN,BS,https://levypreserve.org/flora-by-common-name/,Leon Levy Native Plant Preserve.,All rights Preserved
wfo-0000968435,vrn-0000968435.01,Bedstraw,1,Flora by Common Names. Leon Levy Native Plant Preserve.,EN,BS,https://levypreserve.org/flora-by-common-name/,Leon Levy Native Plant Preserve.,All rights Preserved
wfo-0000693979,vrn-0000693979.01,Gold Shower,1,Flora by Common Names. Leon Levy Native Plant Preserve.,EN,BS,https://levypreserve.org/flora-by-common-name/,Leon Levy Native Plant Preserve.,All rights Preserved
wfo-0000693979,vrn-0000693979.02,Shower of Gold,1,Flora by Common Names. Leon Levy Native Plant Preserve.,EN,BS,https://levypreserve.org/flora-by-common-name/,Leon Levy Native Plant Preserve.,All rights Preserved
wfo-0000055196,vrn-0000055196.01,Carajo Bush,1,Flora by Common Names. Leon Levy Native Plant Preserve.,EN,BS,https://levypreserve.org/flora-by-common-name/,Leon Levy Native Plant Preserve.,All rights Preserved
wfo-0000707931,vrn-0000707931.01,Cotton,1,Flora by Common Names. Leon Levy Native Plant Preserve.,EN,BS,https://levypreserve.org/flora-by-common-name/,Leon Levy Native Plant Preserve.,All rights Preserved
wfo-0000708315,vrn-0000708315.01,Chew Stick,1,Flora by Common Names. Leon Levy Native Plant Preserve.,EN,BS,https://levypreserve.org/flora-by-common-name/,Leon Levy Native Plant Preserve.,All rights Preserved
wfo-0000975561,vrn-0000975561.01,Little Manchineel,1,Flora by Common Names. Leon Levy Native Plant Preserve.,EN,BS,https://levypreserve.org/flora-by-common-name/,Leon Levy Native Plant Preserve.,All rights Preserved
wfo-0000975561,vrn-0000975561.02,Poison Bush,1,Flora by Common Names. Leon Levy Native Plant Preserve.,EN,BS,https://levypreserve.org/flora-by-common-name/,Leon Levy Native Plant Preserve.,All rights Preserved
wfo-0000975561,vrn-0000975561.03,Grimms Tree,1,Flora by Common Names. Leon Levy Native Plant Preserve.,EN,BS,https://levypreserve.org/flora-by-common-name/,Leon Levy Native Plant Preserve.,All rights Preserved
wfo-0000710683,vrn-0000710683.01,Lignum Vitae,1,Flora by Common Names. Leon Levy Native Plant Preserve.,EN,BS,https://levypreserve.org/flora-by-common-name/,Leon Levy Native Plant Preserve.,All rights Preserved
wfo-0000710712,vrn-0000710712.01,Small Leaved Blolly,1,Flora by Common Names. Leon Levy Native Plant Preserve.,EN,BS,https://levypreserve.org/flora-by-common-name/,Leon Levy Native Plant Preserve.,All rights Preserved
wfo-0000710751,vrn-0000710751.01,Big Leaf Blolly,1,Flora by Common Names. Leon Levy Native Plant Preserve.,EN,BS,https://levypreserve.org/flora-by-common-name/,Leon Levy Native Plant Preserve.,All rights Preserved
wfo-0000710751,vrn-0000710751.02,Broad Leaf Blolly,1,Flora by Common Names. Leon Levy Native Plant Preserve.,EN,BS,https://levypreserve.org/flora-by-common-name/,Leon Levy Native Plant Preserve.,All rights Preserved
wfo-0000710751,vrn-0000710751.03,Beefwood,1,Flora by Common Names. Leon Levy Native Plant Preserve.,EN,BS,https://levypreserve.org/flora-by-common-name/,Leon Levy Native Plant Preserve.,All rights Preserved
wfo-0000710751,vrn-0000710751.04,Blood Berry,1,Flora by Common Names. Leon Levy Native Plant Preserve.,EN,BS,https://levypreserve.org/flora-by-common-name/,Leon Levy Native Plant Preserve.,All rights Preserved
wfo-0000710751,vrn-0000710751.05,Beef Tree,1,Flora by Common Names. Leon Levy Native Plant Preserve.,EN,BS,https://levypreserve.org/flora-by-common-name/,Leon Levy Native Plant Preserve.,All rights Preserved
wfo-0000976093,vrn-0000976093.01,Smooth Velvet Seed,1,Flora by Common Names. Leon Levy Native Plant Preserve.,EN,BS,https://levypreserve.org/flora-by-common-name/,Leon Levy Native Plant Preserve.,All rights Preserved
wfo-0000976093,vrn-0000976093.02,Common Velvet Seed,1,Flora by Common Names. Leon Levy Native Plant Preserve.,EN,BS,https://levypreserve.org/flora-by-common-name/,Leon Levy Native Plant Preserve.,All rights Preserved
wfo-0000976141,vrn-0000976141.01,Frog Wood,1,Flora by Common Names. Leon Levy Native Plant Preserve.,EN,BS,https://levypreserve.org/flora-by-common-name/,Leon Levy Native Plant Preserve.,All rights Preserved
wfo-0000976141,vrn-0000976141.02,Frog Bush,1,Flora by Common Names. Leon Levy Native Plant Preserve.,EN,BS,https://levypreserve.org/flora-by-common-name/,Leon Levy Native Plant Preserve.,All rights Preserved
wfo-0000976141,vrn-0000976141.03,Frog Tree,1,Flora by Common Names. Leon Levy Native Plant Preserve.,EN,BS,https://levypreserve.org/flora-by-common-name/,Leon Levy Native Plant Preserve.,All rights Preserved
wfo-0000976242,vrn-0000976242.01,Rough Leaf Velvet Seed,1,Flora by Common Names. Leon Levy Native Plant Preserve.,EN,BS,https://levypreserve.org/flora-by-common-name/,Leon Levy Native Plant Preserve.,All rights Preserved
wfo-0000976242,vrn-0000976242.02,Velvet Berry,1,Flora by Common Names. Leon Levy Native Plant Preserve.,EN,BS,https://levypreserve.org/flora-by-common-name/,Leon Levy Native Plant Preserve.,All rights Preserved
wfo-0000063690,vrn-0000063690.01,Horse Bush,1,Flora by Common Names. Leon Levy Native Plant Preserve.,EN,BS,https://levypreserve.org/flora-by-common-name/,Leon Levy Native Plant Preserve.,All rights Preserved
wfo-0000712103,vrn-0000712103.01,False Boxwood,1,Flora by Common Names. Leon Levy Native Plant Preserve.,EN,BS,https://levypreserve.org/flora-by-common-name/,Leon Levy Native Plant Preserve.,All rights Preserved
wfo-0000712103,vrn-0000712103.02,Walla Berry,1,Flora by Common Names. Leon Levy Native Plant Preserve.,EN,BS,https://levypreserve.org/flora-by-common-name/,Leon Levy Native Plant Preserve.,All rights Preserved
wfo-0000712103,vrn-0000712103.03,West Indian False Box,1,Flora by Common Names. Leon Levy Native Plant Preserve.,EN,BS,https://levypreserve.org/flora-by-common-name/,Leon Levy Native Plant Preserve.,All rights Preserved
wfo-0000976758,vrn-0000976758.01,Crab Wood,1,Flora by Common Names. Leon Levy Native Plant Preserve.,EN,BS,https://levypreserve.org/flora-by-common-name/,Leon Levy Native Plant Preserve.,All rights Preserved
wfo-0000976758,vrn-0000976758.02,Oyster Wood,1,Flora by Common Names. Leon Levy Native Plant Preserve.,EN,BS,https://levypreserve.org/flora-by-common-name/,Leon Levy Native Plant Preserve.,All rights Preserved
wfo-0000976758,vrn-0000976758.03,False Lignum Vitae,1,Flora by Common Names. Leon Levy Native Plant Preserve.,EN,BS,https://levypreserve.org/flora-by-common-name/,Leon Levy Native Plant Preserve.,All rights Preserved
wfo-0000168536,vrn-0000168536.01,Log Wood,1,Flora by Common Names. Leon Levy Native Plant Preserve.,EN,BS,https://levypreserve.org/flora-by-common-name/,Leon Levy Native Plant Preserve.,All rights Preserved
wfo-0000979110,vrn-0000979110.01,Fire Bush,1,Flora by Common Names. Leon Levy Native Plant Preserve.,EN,BS,https://levypreserve.org/flora-by-common-name/,Leon Levy Native Plant Preserve.,All rights Preserved
wfo-0001289819,vrn-0001289819.01,Brooks Dildo,1,Flora by Common Names. Leon Levy Native Plant Preserve.,EN,BS,https://levypreserve.org/flora-by-common-name/,Leon Levy Native Plant Preserve.,All rights Preserved
wfo-0001289819,vrn-0001289819.02,Apple Cactus,1,Flora by Common Names. Leon Levy Native Plant Preserve.,EN,BS,https://levypreserve.org/flora-by-common-name/,Leon Levy Native Plant Preserve.,All rights Preserved
wfo-0000255432,vrn-0000255432.01,Creeping Bluet,1,Flora by Common Names. Leon Levy Native Plant Preserve.,EN,BS,https://levypreserve.org/flora-by-common-name/,Leon Levy Native Plant Preserve.,All rights Preserved
wfo-0000718115,vrn-0000718115.01,Salz-Bush,1,Flora by Common Names. Leon Levy Native Plant Preserve.,EN,BS,https://levypreserve.org/flora-by-common-name/,Leon Levy Native Plant Preserve.,All rights Preserved
wfo-0000718115,vrn-0000718115.02,Cow Bush,1,Flora by Common Names. Leon Levy Native Plant Preserve.,EN,BS,https://levypreserve.org/flora-by-common-name/,Leon Levy Native Plant Preserve.,All rights Preserved
wfo-0000718115,vrn-0000718115.03,Blind-eye Bush ,1,Flora by Common Names. Leon Levy Native Plant Preserve.,EN,BS,https://levypreserve.org/flora-by-common-name/,Leon Levy Native Plant Preserve.,All rights Preserved
wfo-0001140621,vrn-0001140621.01,Wild Salve,1,Flora by Common Names. Leon Levy Native Plant Preserve.,EN,BS,https://levypreserve.org/flora-by-common-name/,Leon Levy Native Plant Preserve.,All rights Preserved
wfo-0000718386,vrn-0000718386.01,Sore Bush,1,Flora by Common Names. Leon Levy Native Plant Preserve.,EN,BS,https://levypreserve.org/flora-by-common-name/,Leon Levy Native Plant Preserve.,All rights Preserved
wfo-0000718386,vrn-0000718386.02,Scorpion Tail,1,Flora by Common Names. Leon Levy Native Plant Preserve.,EN,BS,https://levypreserve.org/flora-by-common-name/,Leon Levy Native Plant Preserve.,All rights Preserved
wfo-0000718386,vrn-0000718386.03,Rooster Comb,1,Flora by Common Names. Leon Levy Native Plant Preserve.,EN,BS,https://levypreserve.org/flora-by-common-name/,Leon Levy Native Plant Preserve.,All rights Preserved
wfo-0000718386,vrn-0000718386.04,Cat Tongue,1,Flora by Common Names. Leon Levy Native Plant Preserve.,EN,BS,https://levypreserve.org/flora-by-common-name/,Leon Levy Native Plant Preserve.,All rights Preserved
wfo-0000718386,vrn-0000718386.05,Bright Eye Bush,1,Flora by Common Names. Leon Levy Native Plant Preserve.,EN,BS,https://levypreserve.org/flora-by-common-name/,Leon Levy Native Plant Preserve.,All rights Preserved
wfo-0000718508,vrn-0000718508.01,Seaside Heliotrope,1,Flora by Common Names. Leon Levy Native Plant Preserve.,EN,BS,https://levypreserve.org/flora-by-common-name/,Leon Levy Native Plant Preserve.,All rights Preserved
wfo-0000718508,vrn-0000718508.02,Pond Weed,1,Flora by Common Names. Leon Levy Native Plant Preserve.,EN,BS,https://levypreserve.org/flora-by-common-name/,Leon Levy Native Plant Preserve.,All rights Preserved
wfo-0000720286,vrn-0000720286.01,Bladder Mallow,1,Flora by Common Names. Leon Levy Native Plant Preserve.,EN,BS,https://levypreserve.org/flora-by-common-name/,Leon Levy Native Plant Preserve.,All rights Preserved
wfo-0000022894,vrn-0000022894.01,Grass Leaved Golden Aster,1,Flora by Common Names. Leon Levy Native Plant Preserve.,EN,BS,https://levypreserve.org/flora-by-common-name/,Leon Levy Native Plant Preserve.,All rights Preserved
wfo-0001077055,vrn-0001077055.01,Bahama Hibiscus,1,Flora by Common Names. Leon Levy Native Plant Preserve.,EN,BS,https://levypreserve.org/flora-by-common-name/,Leon Levy Native Plant Preserve.,All rights Preserved
wfo-0000982521,vrn-0000982521.01,Manchineel,1,Flora by Common Names. Leon Levy Native Plant Preserve.,EN,BS,https://levypreserve.org/flora-by-common-name/,Leon Levy Native Plant Preserve.,All rights Preserved
wfo-0000982521,vrn-0000982521.02,Little Apple of Death,1,Flora by Common Names. Leon Levy Native Plant Preserve.,EN,BS,https://levypreserve.org/flora-by-common-name/,Leon Levy Native Plant Preserve.,All rights Preserved
wfo-0001434109,vrn-0001434109.01,Nigh Blooming Cereus,1,Flora by Common Names. Leon Levy Native Plant Preserve.,EN,BS,https://levypreserve.org/flora-by-common-name/,Leon Levy Native Plant Preserve.,All rights Preserved
wfo-0000666424,vrn-0000666424.01,Spider Lily,1,Flora by Common Names. Leon Levy Native Plant Preserve.,EN,BS,https://levypreserve.org/flora-by-common-name/,Leon Levy Native Plant Preserve.,All rights Preserved
wfo-0000666424,vrn-0000666424.02,Bay Lily,1,Flora by Common Names. Leon Levy Native Plant Preserve.,EN,BS,https://levypreserve.org/flora-by-common-name/,Leon Levy Native Plant Preserve.,All rights Preserved
wfo-0000666424,vrn-0000666424.03,Sea Lily,1,Flora by Common Names. Leon Levy Native Plant Preserve.,EN,BS,https://levypreserve.org/flora-by-common-name/,Leon Levy Native Plant Preserve.,All rights Preserved
wfo-0000727199,vrn-0000727199.01,White Iron Wood,1,Flora by Common Names. Leon Levy Native Plant Preserve.,EN,BS,https://levypreserve.org/flora-by-common-name/,Leon Levy Native Plant Preserve.,All rights Preserved
wfo-0000727199,vrn-0000727199.02,Ebony,1,Flora by Common Names. Leon Levy Native Plant Preserve.,EN,BS,https://levypreserve.org/flora-by-common-name/,Leon Levy Native Plant Preserve.,All rights Preserved
wfo-0000727755,vrn-0000727755.01,St. Andrews Cross,1,Flora by Common Names. Leon Levy Native Plant Preserve.,EN,BS,https://levypreserve.org/flora-by-common-name/,Leon Levy Native Plant Preserve.,All rights Preserved
wfo-0000242198,vrn-0000242198.01,Comb Bush Mint,1,Flora by Common Names. Leon Levy Native Plant Preserve.,EN,BS,https://levypreserve.org/flora-by-common-name/,Leon Levy Native Plant Preserve.,All rights Preserved
wfo-0000195655,vrn-0000195655.01,Wild Indigo,1,Flora by Common Names. Leon Levy Native Plant Preserve.,EN,BS,https://levypreserve.org/flora-by-common-name/,Leon Levy Native Plant Preserve.,All rights Preserved
wfo-0001296668,vrn-0001296668.01,Scarlet Morning Glory,1,Flora by Common Names. Leon Levy Native Plant Preserve.,EN,BS,https://levypreserve.org/flora-by-common-name/,Leon Levy Native Plant Preserve.,All rights Preserved
wfo-0001297294,vrn-0001297294.01,Beach Morning Glory,1,Flora by Common Names. Leon Levy Native Plant Preserve.,EN,BS,https://levypreserve.org/flora-by-common-name/,Leon Levy Native Plant Preserve.,All rights Preserved
wfo-0001297295,vrn-0001297295.01,Morning Glory,1,Flora by Common Names. Leon Levy Native Plant Preserve.,EN,BS,https://levypreserve.org/flora-by-common-name/,Leon Levy Native Plant Preserve.,All rights Preserved
wfo-0001297252,vrn-0001297252.01,Wild Potato,1,Flora by Common Names. Leon Levy Native Plant Preserve.,EN,BS,https://levypreserve.org/flora-by-common-name/,Leon Levy Native Plant Preserve.,All rights Preserved
wfo-0001296638,vrn-0001296638.01,Railroad Vine,1,Flora by Common Names. Leon Levy Native Plant Preserve.,EN,BS,https://levypreserve.org/flora-by-common-name/,Leon Levy Native Plant Preserve.,All rights Preserved
wfo-0001296638,vrn-0001296638.02,Goats Foot,1,Flora by Common Names. Leon Levy Native Plant Preserve.,EN,BS,https://levypreserve.org/flora-by-common-name/,Leon Levy Native Plant Preserve.,All rights Preserved
wfo-0001296638,vrn-0001296638.03,Bay Hops,1,Flora by Common Names. Leon Levy Native Plant Preserve.,EN,BS,https://levypreserve.org/flora-by-common-name/,Leon Levy Native Plant Preserve.,All rights Preserved
wfo-0001296638,vrn-0001296638.04,Bay Winders,1,Flora by Common Names. Leon Levy Native Plant Preserve.,EN,BS,https://levypreserve.org/flora-by-common-name/,Leon Levy Native Plant Preserve.,All rights Preserved
wfo-0001297271,vrn-0001297271.01,Little Bell,1,Flora by Common Names. Leon Levy Native Plant Preserve.,EN,BS,https://levypreserve.org/flora-by-common-name/,Leon Levy Native Plant Preserve.,All rights Preserved
wfo-0001046047,vrn-0001046047.01,Coastal Iresine,1,Flora by Common Names. Leon Levy Native Plant Preserve.,EN,BS,https://levypreserve.org/flora-by-common-name/,Leon Levy Native Plant Preserve.,All rights Preserved
wfo-0000063804,vrn-0000063804.01,Beach Iva,1,Flora by Common Names. Leon Levy Native Plant Preserve.,EN,BS,https://levypreserve.org/flora-by-common-name/,Leon Levy Native Plant Preserve.,All rights Preserved
wfo-0000063804,vrn-0000063804.02,Sea Coast Marsh Elder,1,Flora by Common Names. Leon Levy Native Plant Preserve.,EN,BS,https://levypreserve.org/flora-by-common-name/,Leon Levy Native Plant Preserve.,All rights Preserved
wfo-0000063804,vrn-0000063804.03,Dune Marsh Elder,1,Flora by Common Names. Leon Levy Native Plant Preserve.,EN,BS,https://levypreserve.org/flora-by-common-name/,Leon Levy Native Plant Preserve.,All rights Preserved
wfo-0000778816,vrn-0000778816.01,Cancer Tree,1,Flora by Common Names. Leon Levy Native Plant Preserve.,EN,BS,https://levypreserve.org/flora-by-common-name/,Leon Levy Native Plant Preserve.,All rights Preserved
wfo-0000778816,vrn-0000778816.02,What O’clock,1,Flora by Common Names. Leon Levy Native Plant Preserve.,EN,BS,https://levypreserve.org/flora-by-common-name/,Leon Levy Native Plant Preserve.,All rights Preserved
wfo-0000778816,vrn-0000778816.03,Clock Bush,1,Flora by Common Names. Leon Levy Native Plant Preserve.,EN,BS,https://levypreserve.org/flora-by-common-name/,Leon Levy Native Plant Preserve.,All rights Preserved
wfo-0000778816,vrn-0000778816.04,Knucker Box,1,Flora by Common Names. Leon Levy Native Plant Preserve.,EN,BS,https://levypreserve.org/flora-by-common-name/,Leon Levy Native Plant Preserve.,All rights Preserved
wfo-0001297070,vrn-0001297070.01,Sandy Plain Cluster Vine,1,Flora by Common Names. Leon Levy Native Plant Preserve.,EN,BS,https://levypreserve.org/flora-by-common-name/,Leon Levy Native Plant Preserve.,All rights Preserved
wfo-0001297277,vrn-0001297277.01,Havanna Cluster Vine,1,Flora by Common Names. Leon Levy Native Plant Preserve.,EN,BS,https://levypreserve.org/flora-by-common-name/,Leon Levy Native Plant Preserve.,All rights Preserved
wfo-0000355259,vrn-0000355259.01,Bert's Joe Wood,1,Flora by Common Names. Leon Levy Native Plant Preserve.,EN,BS,https://levypreserve.org/flora-by-common-name/,Leon Levy Native Plant Preserve.,All rights Preserved
wfo-0000355243,vrn-0000355243.01,Joe Wood,1,Flora by Common Names. Leon Levy Native Plant Preserve.,EN,BS,https://levypreserve.org/flora-by-common-name/,Leon Levy Native Plant Preserve.,All rights Preserved
wfo-0000355243,vrn-0000355243.02,Joe Bush,1,Flora by Common Names. Leon Levy Native Plant Preserve.,EN,BS,https://levypreserve.org/flora-by-common-name/,Leon Levy Native Plant Preserve.,All rights Preserved
wfo-0000355243,vrn-0000355243.03,Iron Wood,1,Flora by Common Names. Leon Levy Native Plant Preserve.,EN,BS,https://levypreserve.org/flora-by-common-name/,Leon Levy Native Plant Preserve.,All rights Preserved
wfo-0000355243,vrn-0000355243.04,Wash Wood,1,Flora by Common Names. Leon Levy Native Plant Preserve.,EN,BS,https://levypreserve.org/flora-by-common-name/,Leon Levy Native Plant Preserve.,All rights Preserved
wfo-0000355243,vrn-0000355243.05,Cudjoe Wood,1,Flora by Common Names. Leon Levy Native Plant Preserve.,EN,BS,https://levypreserve.org/flora-by-common-name/,Leon Levy Native Plant Preserve.,All rights Preserved
wfo-0000813884,vrn-0000813884.01,Azors Jasmine,1,Flora by Common Names. Leon Levy Native Plant Preserve.,EN,BS,https://levypreserve.org/flora-by-common-name/,Leon Levy Native Plant Preserve.,All rights Preserved
wfo-0000355559,vrn-0000355559.01,Red Cedar,1,Flora by Common Names. Leon Levy Native Plant Preserve.,EN,BS,https://levypreserve.org/flora-by-common-name/,Leon Levy Native Plant Preserve.,All rights Preserved
wfo-0000357656,vrn-0000357656.01,Life Leaf,1,Flora by Common Names. Leon Levy Native Plant Preserve.,EN,BS,https://levypreserve.org/flora-by-common-name/,Leon Levy Native Plant Preserve.,All rights Preserved
wfo-0000357656,vrn-0000357656.02,Leaf of Life,1,Flora by Common Names. Leon Levy Native Plant Preserve.,EN,BS,https://levypreserve.org/flora-by-common-name/,Leon Levy Native Plant Preserve.,All rights Preserved
wfo-0000357656,vrn-0000357656.03,Life Plant,1,Flora by Common Names. Leon Levy Native Plant Preserve.,EN,BS,https://levypreserve.org/flora-by-common-name/,Leon Levy Native Plant Preserve.,All rights Preserved
wfo-0000356032,vrn-0000356032.01,Ironwood,1,Flora by Common Names. Leon Levy Native Plant Preserve.,EN,BS,https://levypreserve.org/flora-by-common-name/,Leon Levy Native Plant Preserve.,All rights Preserved
wfo-0000356032,vrn-0000356032.02,Leadwood,1,Flora by Common Names. Leon Levy Native Plant Preserve.,EN,BS,https://levypreserve.org/flora-by-common-name/,Leon Levy Native Plant Preserve.,All rights Preserved
wfo-0000356032,vrn-0000356032.03,Black Ironwood,1,Flora by Common Names. Leon Levy Native Plant Preserve.,EN,BS,https://levypreserve.org/flora-by-common-name/,Leon Levy Native Plant Preserve.,All rights Preserved
wfo-0000008040,vrn-0000008040.01,Chicory,1,Flora by Common Names. Leon Levy Native Plant Preserve.,EN,BS,https://levypreserve.org/flora-by-common-name/,Leon Levy Native Plant Preserve.,All rights Preserved
wfo-0000008040,vrn-0000008040.02,Wild Lettuce,1,Flora by Common Names. Leon Levy Native Plant Preserve.,EN,BS,https://levypreserve.org/flora-by-common-name/,Leon Levy Native Plant Preserve.,All rights Preserved
wfo-0000358854,vrn-0000358854.01,White Mangrove,1,Flora by Common Names. Leon Levy Native Plant Preserve.,EN,BS,https://levypreserve.org/flora-by-common-name/,Leon Levy Native Plant Preserve.,All rights Preserved
wfo-0000222990,vrn-0000222990.01,Wild Sage,1,Flora by Common Names. Leon Levy Native Plant Preserve.,EN,BS,https://levypreserve.org/flora-by-common-name/,Leon Levy Native Plant Preserve.,All rights Preserved
wfo-0000222998,vrn-0000222998.01,Inagua Sage,1,Flora by Common Names. Leon Levy Native Plant Preserve.,EN,BS,https://levypreserve.org/flora-by-common-name/,Leon Levy Native Plant Preserve.,All rights Preserved
wfo-0000223103,vrn-0000223103.01,Bahama Sagebrush,1,Flora by Common Names. Leon Levy Native Plant Preserve.,EN,BS,https://levypreserve.org/flora-by-common-name/,Leon Levy Native Plant Preserve.,All rights Preserved
wfo-0000223194,vrn-0000223194.01,White Sage,1,Flora by Common Names. Leon Levy Native Plant Preserve.,EN,BS,https://levypreserve.org/flora-by-common-name/,Leon Levy Native Plant Preserve.,All rights Preserved
wfo-0000223194,vrn-0000223194.01,Big Sage,1,Flora by Common Names. Leon Levy Native Plant Preserve.,EN,BS,https://levypreserve.org/flora-by-common-name/,Leon Levy Native Plant Preserve.,All rights Preserved
wfo-0000877532,vrn-0000877532.01,Bamboo Grass,1,Flora by Common Names. Leon Levy Native Plant Preserve.,EN,BS,https://levypreserve.org/flora-by-common-name/,Leon Levy Native Plant Preserve.,All rights Preserved
wfo-0000877532,vrn-0000877532.02,Wild Cane,1,Flora by Common Names. Leon Levy Native Plant Preserve.,EN,BS,https://levypreserve.org/flora-by-common-name/,Leon Levy Native Plant Preserve.,All rights Preserved
wfo-0000877532,vrn-0000877532.03,Cane Grass,1,Flora by Common Names. Leon Levy Native Plant Preserve.,EN,BS,https://levypreserve.org/flora-by-common-name/,Leon Levy Native Plant Preserve.,All rights Preserved
wfo-0000877532,vrn-0000877532.04,Tibisee,1,Flora by Common Names. Leon Levy Native Plant Preserve.,EN,BS,https://levypreserve.org/flora-by-common-name/,Leon Levy Native Plant Preserve.,All rights Preserved
wfo-0000224027,vrn-0000224027.01,Wild Oak,1,Flora by Common Names. Leon Levy Native Plant Preserve.,EN,BS,https://levypreserve.org/flora-by-common-name/,Leon Levy Native Plant Preserve.,All rights Preserved
wfo-0000224027,vrn-0000224027.02,Lightwood,1,Flora by Common Names. Leon Levy Native Plant Preserve.,EN,BS,https://levypreserve.org/flora-by-common-name/,Leon Levy Native Plant Preserve.,All rights Preserved
wfo-0000224027,vrn-0000224027.03,Bitters,1,Flora by Common Names. Leon Levy Native Plant Preserve.,EN,BS,https://levypreserve.org/flora-by-common-name/,Leon Levy Native Plant Preserve.,All rights Preserved
wfo-0000422338,vrn-0000422338.01,Parasitic Ghost Plant,1,Flora by Common Names. Leon Levy Native Plant Preserve.,EN,BS,https://levypreserve.org/flora-by-common-name/,Leon Levy Native Plant Preserve.,All rights Preserved
wfo-0000360833,vrn-0000360833.01,Wild Pepper Grass,1,Flora by Common Names. Leon Levy Native Plant Preserve.,EN,BS,https://levypreserve.org/flora-by-common-name/,Leon Levy Native Plant Preserve.,All rights Preserved
wfo-0000906645,vrn-0000906645.01,Spike Grass,1,Flora by Common Names. Leon Levy Native Plant Preserve.,EN,BS,https://levypreserve.org/flora-by-common-name/,Leon Levy Native Plant Preserve.,All rights Preserved
wfo-0000164084,vrn-0000164084.01,Jumbay,1,Flora by Common Names. Leon Levy Native Plant Preserve.,EN,BS,https://levypreserve.org/flora-by-common-name/,Leon Levy Native Plant Preserve.,All rights Preserved
wfo-0000164084,vrn-0000164084.02,Cow Bush,1,Flora by Common Names. Leon Levy Native Plant Preserve.,EN,BS,https://levypreserve.org/flora-by-common-name/,Leon Levy Native Plant Preserve.,All rights Preserved
wfo-0000164084,vrn-0000164084.03,Jump and Go Jumbie Bean,1,Flora by Common Names. Leon Levy Native Plant Preserve.,EN,BS,https://levypreserve.org/flora-by-common-name/,Leon Levy Native Plant Preserve.,All rights Preserved
wfo-0000164084,vrn-0000164084.04,Lead Tree,1,Flora by Common Names. Leon Levy Native Plant Preserve.,EN,BS,https://levypreserve.org/flora-by-common-name/,Leon Levy Native Plant Preserve.,All rights Preserved
wfo-0000813266,vrn-0000813266.01,Thatch Palm,1,Flora by Common Names. Leon Levy Native Plant Preserve.,EN,BS,https://levypreserve.org/flora-by-common-name/,Leon Levy Native Plant Preserve.,All rights Preserved
wfo-0000813266,vrn-0000813266.02,Buffalo Top,1,Flora by Common Names. Leon Levy Native Plant Preserve.,EN,BS,https://levypreserve.org/flora-by-common-name/,Leon Levy Native Plant Preserve.,All rights Preserved
wfo-0001272291,vrn-0001272291.01,Bahama Flax,1,Flora by Common Names. Leon Levy Native Plant Preserve.,EN,BS,https://levypreserve.org/flora-by-common-name/,Leon Levy Native Plant Preserve.,All rights Preserved
wfo-0001046051,vrn-0001046051.01,Moss like Lithophila,1,Flora by Common Names. Leon Levy Native Plant Preserve.,EN,BS,https://levypreserve.org/flora-by-common-name/,Leon Levy Native Plant Preserve.,All rights Preserved
wfo-0000183559,vrn-0000183559.01,Geno-Geno,1,Flora by Common Names. Leon Levy Native Plant Preserve.,EN,BS,https://levypreserve.org/flora-by-common-name/,Leon Levy Native Plant Preserve.,All rights Preserved
wfo-0000443162,vrn-0000443162.01,Primrose,1,Flora by Common Names. Leon Levy Native Plant Preserve.,EN,BS,https://levypreserve.org/flora-by-common-name/,Leon Levy Native Plant Preserve.,All rights Preserved
wfo-0000183523,vrn-0000183523.01,Wild Tamarind,1,Flora by Common Names. Leon Levy Native Plant Preserve.,EN,BS,https://levypreserve.org/flora-by-common-name/,Leon Levy Native Plant Preserve.,All rights Preserved
wfo-0000182223,vrn-0000182223.01,Horse Flesh,1,Flora by Common Names. Leon Levy Native Plant Preserve.,EN,BS,https://levypreserve.org/flora-by-common-name/,Leon Levy Native Plant Preserve.,All rights Preserved
wfo-0000182223,vrn-0000182223.02,Horse Flesh Mahogany,1,Flora by Common Names. Leon Levy Native Plant Preserve.,EN,BS,https://levypreserve.org/flora-by-common-name/,Leon Levy Native Plant Preserve.,All rights Preserved
wfo-0000181730,vrn-0000181730.01,Wild Bush Bean,1,Flora by Common Names. Leon Levy Native Plant Preserve.,EN,BS,https://levypreserve.org/flora-by-common-name/,Leon Levy Native Plant Preserve.,All rights Preserved
wfo-0001249857,vrn-0001249857.01,Touch Me Not,1,Flora by Common Names. Leon Levy Native Plant Preserve.,EN,BS,https://levypreserve.org/flora-by-common-name/,Leon Levy Native Plant Preserve.,All rights Preserved
wfo-0001249857,vrn-0001249857.02,Wild Cherry,1,Flora by Common Names. Leon Levy Native Plant Preserve.,EN,BS,https://levypreserve.org/flora-by-common-name/,Leon Levy Native Plant Preserve.,All rights Preserved
wfo-0000449489,vrn-0000449489.01,False Mallow,1,Flora by Common Names. Leon Levy Native Plant Preserve.,EN,BS,https://levypreserve.org/flora-by-common-name/,Leon Levy Native Plant Preserve.,All rights Preserved
wfo-0000449492,vrn-0000449492.01,Wax Mallow,1,Flora by Common Names. Leon Levy Native Plant Preserve.,EN,BS,https://levypreserve.org/flora-by-common-name/,Leon Levy Native Plant Preserve.,All rights Preserved
wfo-0000449492,vrn-0000449492.02,Turk's Turban,1,Flora by Common Names. Leon Levy Native Plant Preserve.,EN,BS,https://levypreserve.org/flora-by-common-name/,Leon Levy Native Plant Preserve.,All rights Preserved
wfo-0001287101,vrn-0001287101.01,Wooly Nipple Cactus,1,Flora by Common Names. Leon Levy Native Plant Preserve.,EN,BS,https://levypreserve.org/flora-by-common-name/,Leon Levy Native Plant Preserve.,All rights Preserved
wfo-0000371248,vrn-0000371248.01,Mango,1,Flora by Common Names. Leon Levy Native Plant Preserve.,EN,BS,https://levypreserve.org/flora-by-common-name/,Leon Levy Native Plant Preserve.,All rights Preserved
wfo-0000235813,vrn-0000235813.01,Wild Dilly,1,Flora by Common Names. Leon Levy Native Plant Preserve.,EN,BS,https://levypreserve.org/flora-by-common-name/,Leon Levy Native Plant Preserve.,All rights Preserved
wfo-0000235813,vrn-0000235813.02,Wild Sapodilly,1,Flora by Common Names. Leon Levy Native Plant Preserve.,EN,BS,https://levypreserve.org/flora-by-common-name/,Leon Levy Native Plant Preserve.,All rights Preserved
wfo-0000235995,vrn-0000235995.01,Dilly,1,Flora by Common Names. Leon Levy Native Plant Preserve.,EN,BS,https://levypreserve.org/flora-by-common-name/,Leon Levy Native Plant Preserve.,All rights Preserved
wfo-0000235995,vrn-0000235995.02,Sapodilla,1,Flora by Common Names. Leon Levy Native Plant Preserve.,EN,BS,https://levypreserve.org/flora-by-common-name/,Leon Levy Native Plant Preserve.,All rights Preserved
wfo-0000235995,vrn-0000235995.03,Chicle,1,Flora by Common Names. Leon Levy Native Plant Preserve.,EN,BS,https://levypreserve.org/flora-by-common-name/,Leon Levy Native Plant Preserve.,All rights Preserved
wfo-0000235995,vrn-0000235995.04,Neesberry,1,Flora by Common Names. Leon Levy Native Plant Preserve.,EN,BS,https://levypreserve.org/flora-by-common-name/,Leon Levy Native Plant Preserve.,All rights Preserved
wfo-0000147424,vrn-0000147424.01,Nash's Pepperwort,1,Flora by Common Names. Leon Levy Native Plant Preserve.,EN,BS,https://levypreserve.org/flora-by-common-name/,Leon Levy Native Plant Preserve.,All rights Preserved
wfo-0000310731,vrn-0000310731.01,Mastic,1,Flora by Common Names. Leon Levy Native Plant Preserve.,EN,BS,https://levypreserve.org/flora-by-common-name/,Leon Levy Native Plant Preserve.,All rights Preserved
wfo-0000310731,vrn-0000310731.02,Mastic Bully,1,Flora by Common Names. Leon Levy Native Plant Preserve.,EN,BS,https://levypreserve.org/flora-by-common-name/,Leon Levy Native Plant Preserve.,All rights Preserved
wfo-0000239797,vrn-0000239797.01,Paper Bark Tree,1,Flora by Common Names. Leon Levy Native Plant Preserve.,EN,BS,https://levypreserve.org/flora-by-common-name/,Leon Levy Native Plant Preserve.,All rights Preserved
wfo-0000239797,vrn-0000239797.02,Punk Tree,1,Flora by Common Names. Leon Levy Native Plant Preserve.,EN,BS,https://levypreserve.org/flora-by-common-name/,Leon Levy Native Plant Preserve.,All rights Preserved
wfo-0000239797,vrn-0000239797.03,Cajeput Tree,1,Flora by Common Names. Leon Levy Native Plant Preserve.,EN,BS,https://levypreserve.org/flora-by-common-name/,Leon Levy Native Plant Preserve.,All rights Preserved
wfo-0000450150,vrn-0000450150.01,Pride of India,1,Flora by Common Names. Leon Levy Native Plant Preserve.,EN,BS,https://levypreserve.org/flora-by-common-name/,Leon Levy Native Plant Preserve.,All rights Preserved
wfo-0000450150,vrn-0000450150.02,China Berry,1,Flora by Common Names. Leon Levy Native Plant Preserve.,EN,BS,https://levypreserve.org/flora-by-common-name/,Leon Levy Native Plant Preserve.,All rights Preserved
wfo-0000879582,vrn-0000879582.01,Natal Grass,1,Flora by Common Names. Leon Levy Native Plant Preserve.,EN,BS,https://levypreserve.org/flora-by-common-name/,Leon Levy Native Plant Preserve.,All rights Preserved
wfo-0001287105,vrn-0001287105.01,Turk's Head Cactus,1,Flora by Common Names. Leon Levy Native Plant Preserve.,EN,BS,https://levypreserve.org/flora-by-common-name/,Leon Levy Native Plant Preserve.,All rights Preserved
wfo-0001287105,vrn-0001287105.02,Turk's Cap,1,Flora by Common Names. Leon Levy Native Plant Preserve.,EN,BS,https://levypreserve.org/flora-by-common-name/,Leon Levy Native Plant Preserve.,All rights Preserved
wfo-0000452214,vrn-0000452214.01,Velvety Melochia,1,Flora by Common Names. Leon Levy Native Plant Preserve.,EN,BS,https://levypreserve.org/flora-by-common-name/,Leon Levy Native Plant Preserve.,All rights Preserved
wfo-0000452214,vrn-0000452214.02,Tea Bush,1,Flora by Common Names. Leon Levy Native Plant Preserve.,EN,BS,https://levypreserve.org/flora-by-common-name/,Leon Levy Native Plant Preserve.,All rights Preserved
wfo-0000452214,vrn-0000452214.03,Pyramid Bush,1,Flora by Common Names. Leon Levy Native Plant Preserve.,EN,BS,https://levypreserve.org/flora-by-common-name/,Leon Levy Native Plant Preserve.,All rights Preserved
wfo-0001296683,vrn-0001296683.01,Noyau Vine,1,Flora by Common Names. Leon Levy Native Plant Preserve.,EN,BS,https://levypreserve.org/flora-by-common-name/,Leon Levy Native Plant Preserve.,All rights Preserved
wfo-0001296683,vrn-0001296683.02,Cut-leaf Morning Glory,1,Flora by Common Names. Leon Levy Native Plant Preserve.,EN,BS,https://levypreserve.org/flora-by-common-name/,Leon Levy Native Plant Preserve.,All rights Preserved
wfo-0001296683,vrn-0001296683.03,Wood Rose,1,Flora by Common Names. Leon Levy Native Plant Preserve.,EN,BS,https://levypreserve.org/flora-by-common-name/,Leon Levy Native Plant Preserve.,All rights Preserved
wfo-0001050939,vrn-0001050939.01,Poison Wood,1,Flora by Common Names. Leon Levy Native Plant Preserve.,EN,BS,https://levypreserve.org/flora-by-common-name/,Leon Levy Native Plant Preserve.,All rights Preserved
wfo-0001050939,vrn-0001050939.02,Poison Tree,1,Flora by Common Names. Leon Levy Native Plant Preserve.,EN,BS,https://levypreserve.org/flora-by-common-name/,Leon Levy Native Plant Preserve.,All rights Preserved
wfo-0000009030,vrn-0000009030.01,Climbing Hemp Weed,1,Flora by Common Names. Leon Levy Native Plant Preserve.,EN,BS,https://levypreserve.org/flora-by-common-name/,Leon Levy Native Plant Preserve.,All rights Preserved
wfo-0000169652,vrn-0000169652.01,Haul Back,1,Flora by Common Names. Leon Levy Native Plant Preserve.,EN,BS,https://levypreserve.org/flora-by-common-name/,Leon Levy Native Plant Preserve.,All rights Preserved
wfo-0000169652,vrn-0000169652.02,Bahama Mimosa,1,Flora by Common Names. Leon Levy Native Plant Preserve.,EN,BS,https://levypreserve.org/flora-by-common-name/,Leon Levy Native Plant Preserve.,All rights Preserved
wfo-0000165372,vrn-0000165372.01,Sensitive Plant,1,Flora by Common Names. Leon Levy Native Plant Preserve.,EN,BS,https://levypreserve.org/flora-by-common-name/,Leon Levy Native Plant Preserve.,All rights Preserved
wfo-0000165372,vrn-0000165372.02,Shy Plant,1,Flora by Common Names. Leon Levy Native Plant Preserve.,EN,BS,https://levypreserve.org/flora-by-common-name/,Leon Levy Native Plant Preserve.,All rights Preserved
wfo-0000165372,vrn-0000165372.03,Sleepy Plant,1,Flora by Common Names. Leon Levy Native Plant Preserve.,EN,BS,https://levypreserve.org/flora-by-common-name/,Leon Levy Native Plant Preserve.,All rights Preserved
wfo-0000376916,vrn-0000376916.01,Cerasee,1,Flora by Common Names. Leon Levy Native Plant Preserve.,EN,BS,https://levypreserve.org/flora-by-common-name/,Leon Levy Native Plant Preserve.,All rights Preserved
wfo-0000376916,vrn-0000376916.02,Wild Balsam Apple,1,Flora by Common Names. Leon Levy Native Plant Preserve.,EN,BS,https://levypreserve.org/flora-by-common-name/,Leon Levy Native Plant Preserve.,All rights Preserved
wfo-0000447382,vrn-0000447382.01,Wax Myrtle,1,Flora by Common Names. Leon Levy Native Plant Preserve.,EN,BS,https://levypreserve.org/flora-by-common-name/,Leon Levy Native Plant Preserve.,All rights Preserved
wfo-0000447382,vrn-0000447382.02,Bay Berry,1,Flora by Common Names. Leon Levy Native Plant Preserve.,EN,BS,https://levypreserve.org/flora-by-common-name/,Leon Levy Native Plant Preserve.,All rights Preserved
wfo-0000447382,vrn-0000447382.03,Wax Berry,1,Flora by Common Names. Leon Levy Native Plant Preserve.,EN,BS,https://levypreserve.org/flora-by-common-name/,Leon Levy Native Plant Preserve.,All rights Preserved
wfo-0000447382,vrn-0000447382.04,Mickle Berry,1,Flora by Common Names. Leon Levy Native Plant Preserve.,EN,BS,https://levypreserve.org/flora-by-common-name/,Leon Levy Native Plant Preserve.,All rights Preserved
wfo-0000447382,vrn-0000447382.05,Muckle Bush,1,Flora by Common Names. Leon Levy Native Plant Preserve.,EN,BS,https://levypreserve.org/flora-by-common-name/,Leon Levy Native Plant Preserve.,All rights Preserved
wfo-0000447382,vrn-0000447382.06,Wild Tea,1,Flora by Common Names. Leon Levy Native Plant Preserve.,EN,BS,https://levypreserve.org/flora-by-common-name/,Leon Levy Native Plant Preserve.,All rights Preserved
wfo-0000245941,vrn-0000245941.01,Noni,1,Flora by Common Names. Leon Levy Native Plant Preserve.,EN,BS,https://levypreserve.org/flora-by-common-name/,Leon Levy Native Plant Preserve.,All rights Preserved
wfo-0000246073,vrn-0000246073.01,Wild Mulberry,1,Flora by Common Names. Leon Levy Native Plant Preserve.,EN,BS,https://levypreserve.org/flora-by-common-name/,Leon Levy Native Plant Preserve.,All rights Preserved
wfo-0000246073,vrn-0000246073.02,Rhubarb,1,Flora by Common Names. Leon Levy Native Plant Preserve.,EN,BS,https://levypreserve.org/flora-by-common-name/,Leon Levy Native Plant Preserve.,All rights Preserved
wfo-0001085051,vrn-0001085051.01,Horseradish Tree,1,Flora by Common Names. Leon Levy Native Plant Preserve.,EN,BS,https://levypreserve.org/flora-by-common-name/,Leon Levy Native Plant Preserve.,All rights Preserved
wfo-0001085051,vrn-0001085051.02,Moringa,1,Flora by Common Names. Leon Levy Native Plant Preserve.,EN,BS,https://levypreserve.org/flora-by-common-name/,Leon Levy Native Plant Preserve.,All rights Preserved
wfo-0001085051,vrn-0001085051.03,Drumstick Tree,1,Flora by Common Names. Leon Levy Native Plant Preserve.,EN,BS,https://levypreserve.org/flora-by-common-name/,Leon Levy Native Plant Preserve.,All rights Preserved
wfo-0001085051,vrn-0001085051.04,Miracle Tree,1,Flora by Common Names. Leon Levy Native Plant Preserve.,EN,BS,https://levypreserve.org/flora-by-common-name/,Leon Levy Native Plant Preserve.,All rights Preserved
wfo-0000246325,vrn-0000246325.01,Sweet Margaret,1,Flora by Common Names. Leon Levy Native Plant Preserve.,EN,BS,https://levypreserve.org/flora-by-common-name/,Leon Levy Native Plant Preserve.,All rights Preserved
wfo-0000246325,vrn-0000246325.02,Wild Guava,1,Flora by Common Names. Leon Levy Native Plant Preserve.,EN,BS,https://levypreserve.org/flora-by-common-name/,Leon Levy Native Plant Preserve.,All rights Preserved
wfo-0000248020,vrn-0000248020.01,Pale Stopper,1,Flora by Common Names. Leon Levy Native Plant Preserve.,EN,BS,https://levypreserve.org/flora-by-common-name/,Leon Levy Native Plant Preserve.,All rights Preserved
wfo-0000248020,vrn-0000248020.02,Naked Wood,1,Flora by Common Names. Leon Levy Native Plant Preserve.,EN,BS,https://levypreserve.org/flora-by-common-name/,Leon Levy Native Plant Preserve.,All rights Preserved
wfo-0000248020,vrn-0000248020.03,Twin Berry Stopper,1,Flora by Common Names. Leon Levy Native Plant Preserve.,EN,BS,https://levypreserve.org/flora-by-common-name/,Leon Levy Native Plant Preserve.,All rights Preserved
wfo-0000248020,vrn-0000248020.04,Twin Berry,1,Flora by Common Names. Leon Levy Native Plant Preserve.,EN,BS,https://levypreserve.org/flora-by-common-name/,Leon Levy Native Plant Preserve.,All rights Preserved
wfo-0000248020,vrn-0000248020.05,Cherry,1,Flora by Common Names. Leon Levy Native Plant Preserve.,EN,BS,https://levypreserve.org/flora-by-common-name/,Leon Levy Native Plant Preserve.,All rights Preserved
wfo-0001215702,vrn-0001215702.01,Soldier Vine,1,Flora by Common Names. Leon Levy Native Plant Preserve.,EN,BS,https://levypreserve.org/flora-by-common-name/,Leon Levy Native Plant Preserve.,All rights Preserved
wfo-0000449055,vrn-0000449055.01,Colic Wood,1,Flora by Common Names. Leon Levy Native Plant Preserve.,EN,BS,https://levypreserve.org/flora-by-common-name/,Leon Levy Native Plant Preserve.,All rights Preserved
wfo-0000249454,vrn-0000249454.01,Moujean Tea,1,Flora by Common Names. Leon Levy Native Plant Preserve.,EN,BS,https://levypreserve.org/flora-by-common-name/,Leon Levy Native Plant Preserve.,All rights Preserved
wfo-0001347159,vrn-0001347159.01,Lance Wood,1,Flora by Common Names. Leon Levy Native Plant Preserve.,EN,BS,https://levypreserve.org/flora-by-common-name/,Leon Levy Native Plant Preserve.,All rights Preserved
wfo-0001347159,vrn-0001347159.02,Bastard Torch,1,Flora by Common Names. Leon Levy Native Plant Preserve.,EN,BS,https://levypreserve.org/flora-by-common-name/,Leon Levy Native Plant Preserve.,All rights Preserved
wfo-0001347159,vrn-0001347159.03,Sweet Torch Wood,1,Flora by Common Names. Leon Levy Native Plant Preserve.,EN,BS,https://levypreserve.org/flora-by-common-name/,Leon Levy Native Plant Preserve.,All rights Preserved
wfo-0000174148,vrn-0000174148.01,Bashful Bush,1,Flora by Common Names. Leon Levy Native Plant Preserve.,EN,BS,https://levypreserve.org/flora-by-common-name/,Leon Levy Native Plant Preserve.,All rights Preserved
wfo-0000251577,vrn-0000251577.01,Oleander,1,Flora by Common Names. Leon Levy Native Plant Preserve.,EN,BS,https://levypreserve.org/flora-by-common-name/,Leon Levy Native Plant Preserve.,All rights Preserved
wfo-0000060874,vrn-0000060874.01,Salve Bush,1,Flora by Common Names. Leon Levy Native Plant Preserve.,EN,BS,https://levypreserve.org/flora-by-common-name/,Leon Levy Native Plant Preserve.,All rights Preserved
wfo-0000060874,vrn-0000060874.02,Bushy Fleabane,1,Flora by Common Names. Leon Levy Native Plant Preserve.,EN,BS,https://levypreserve.org/flora-by-common-name/,Leon Levy Native Plant Preserve.,All rights Preserved
wfo-0000060874,vrn-0000060874.03,Sour Bush,1,Flora by Common Names. Leon Levy Native Plant Preserve.,EN,BS,https://levypreserve.org/flora-by-common-name/,Leon Levy Native Plant Preserve.,All rights Preserved
wfo-0000060874,vrn-0000060874.04,Cough Bush,1,Flora by Common Names. Leon Levy Native Plant Preserve.,EN,BS,https://levypreserve.org/flora-by-common-name/,Leon Levy Native Plant Preserve.,All rights Preserved
wfo-0000060874,vrn-0000060874.05,Wild Tobacco,1,Flora by Common Names. Leon Levy Native Plant Preserve.,EN,BS,https://levypreserve.org/flora-by-common-name/,Leon Levy Native Plant Preserve.,All rights Preserved
wfo-0000381455,vrn-0000381455.01,White Water Lily,1,Flora by Common Names. Leon Levy Native Plant Preserve.,EN,BS,https://levypreserve.org/flora-by-common-name/,Leon Levy Native Plant Preserve.,All rights Preserved
wfo-0001086854,vrn-0001086854.01,Blue Water Lily,1,Flora by Common Names. Leon Levy Native Plant Preserve.,EN,BS,https://levypreserve.org/flora-by-common-name/,Leon Levy Native Plant Preserve.,All rights Preserved
wfo-0001228162,vrn-0001228162.01,Bahamas Floating Heart,1,Flora by Common Names. Leon Levy Native Plant Preserve.,EN,BS,https://levypreserve.org/flora-by-common-name/,Leon Levy Native Plant Preserve.,All rights Preserved
wfo-0000960055,vrn-0000960055.01,African Spotted Orchid,1,Flora by Common Names. Leon Levy Native Plant Preserve.,EN,BS,https://levypreserve.org/flora-by-common-name/,Leon Levy Native Plant Preserve.,All rights Preserved
wfo-0000255938,vrn-0000255938.01,The Rich Flowering Oncidium,1,Flora by Common Names. Leon Levy Native Plant Preserve.,EN,BS,https://levypreserve.org/flora-by-common-name/,Leon Levy Native Plant Preserve.,All rights Preserved
wfo-0001044468,vrn-0001044468.01,Prickle Bush,1,Flora by Common Names. Leon Levy Native Plant Preserve.,EN,BS,https://levypreserve.org/flora-by-common-name/,Leon Levy Native Plant Preserve.,All rights Preserved
wfo-0001044468,vrn-0001044468.02,Prickly Bush,1,Flora by Common Names. Leon Levy Native Plant Preserve.,EN,BS,https://levypreserve.org/flora-by-common-name/,Leon Levy Native Plant Preserve.,All rights Preserved
wfo-0000386573,vrn-0000386573.01,Prickly Pear,1,Flora by Common Names. Leon Levy Native Plant Preserve.,EN,BS,https://levypreserve.org/flora-by-common-name/,Leon Levy Native Plant Preserve.,All rights Preserved
wfo-0000386573,vrn-0000386573.02,Scurgeons Needle,1,Flora by Common Names. Leon Levy Native Plant Preserve.,EN,BS,https://levypreserve.org/flora-by-common-name/,Leon Levy Native Plant Preserve.,All rights Preserved
wfo-0000385755,vrn-0000385755.01,Common Prickly Pear,1,Flora by Common Names. Leon Levy Native Plant Preserve.,EN,BS,https://levypreserve.org/flora-by-common-name/,Leon Levy Native Plant Preserve.,All rights Preserved
wfo-0000387203,vrn-0000387203.01,Horned Yellow Wood Sorrel,1,Flora by Common Names. Leon Levy Native Plant Preserve.,EN,BS,https://levypreserve.org/flora-by-common-name/,Leon Levy Native Plant Preserve.,All rights Preserved
wfo-0001332875,vrn-0001332875.01,Water Dropwort,1,Flora by Common Names. Leon Levy Native Plant Preserve.,EN,BS,https://levypreserve.org/flora-by-common-name/,Leon Levy Native Plant Preserve.,All rights Preserved
wfo-0000920697,vrn-0000920697.01,Hairy Wild Coffee,1,Flora by Common Names. Leon Levy Native Plant Preserve.,EN,BS,https://levypreserve.org/flora-by-common-name/,Leon Levy Native Plant Preserve.,All rights Preserved
wfo-0000882966,vrn-0000882966.01,Sea Beach Grass,1,Flora by Common Names. Leon Levy Native Plant Preserve.,EN,BS,https://levypreserve.org/flora-by-common-name/,Leon Levy Native Plant Preserve.,All rights Preserved
wfo-0000170206,vrn-0000170206.01,Jerusalem Thorn,1,Flora by Common Names. Leon Levy Native Plant Preserve.,EN,BS,https://levypreserve.org/flora-by-common-name/,Leon Levy Native Plant Preserve.,All rights Preserved
wfo-0000065156,vrn-0000065156.01,Pound Cake Bush,1,Flora by Common Names. Leon Levy Native Plant Preserve.,EN,BS,https://levypreserve.org/flora-by-common-name/,Leon Levy Native Plant Preserve.,All rights Preserved
wfo-0000887348,vrn-0000887348.01,Crown Grass,1,Flora by Common Names. Leon Levy Native Plant Preserve.,EN,BS,https://levypreserve.org/flora-by-common-name/,Leon Levy Native Plant Preserve.,All rights Preserved
wfo-0000887678,vrn-0000887678.01,Panama Crown Grass,1,Flora by Common Names. Leon Levy Native Plant Preserve.,EN,BS,https://levypreserve.org/flora-by-common-name/,Leon Levy Native Plant Preserve.,All rights Preserved
wfo-0001091173,vrn-0001091173.01,Bahama Passion Flower,1,Flora by Common Names. Leon Levy Native Plant Preserve.,EN,BS,https://levypreserve.org/flora-by-common-name/,Leon Levy Native Plant Preserve.,All rights Preserved
wfo-0001091149,vrn-0001091149.01,Devils Pumpkin,1,Flora by Common Names. Leon Levy Native Plant Preserve.,EN,BS,https://levypreserve.org/flora-by-common-name/,Leon Levy Native Plant Preserve.,All rights Preserved
wfo-0001091149,vrn-0001091149.02,Wild Watermelon,1,Flora by Common Names. Leon Levy Native Plant Preserve.,EN,BS,https://levypreserve.org/flora-by-common-name/,Leon Levy Native Plant Preserve.,All rights Preserved
wfo-0001091400,vrn-0001091400.01,Wild Apricot,1,Flora by Common Names. Leon Levy Native Plant Preserve.,EN,BS,https://levypreserve.org/flora-by-common-name/,Leon Levy Native Plant Preserve.,All rights Preserved
wfo-0001091400,vrn-0001091400.02,Pectinate Passion Flower,1,Flora by Common Names. Leon Levy Native Plant Preserve.,EN,BS,https://levypreserve.org/flora-by-common-name/,Leon Levy Native Plant Preserve.,All rights Preserved
wfo-0000480120,vrn-0000480120.01,Juniper Berry,1,Flora by Common Names. Leon Levy Native Plant Preserve.,EN,BS,https://levypreserve.org/flora-by-common-name/,Leon Levy Native Plant Preserve.,All rights Preserved
wfo-0000480120,vrn-0000480120.02,Corky Passion Flower,1,Flora by Common Names. Leon Levy Native Plant Preserve.,EN,BS,https://levypreserve.org/flora-by-common-name/,Leon Levy Native Plant Preserve.,All rights Preserved
wfo-0000480120,vrn-0000480120.03,Small Passion Flower,1,Flora by Common Names. Leon Levy Native Plant Preserve.,EN,BS,https://levypreserve.org/flora-by-common-name/,Leon Levy Native Plant Preserve.,All rights Preserved
wfo-0001076857,vrn-0001076857.01,Bahama Swamp Bush,1,Flora by Common Names. Leon Levy Native Plant Preserve.,EN,BS,https://levypreserve.org/flora-by-common-name/,Leon Levy Native Plant Preserve.,All rights Preserved
wfo-0001114631,vrn-0001114631.01,Comb Fern,1,Flora by Common Names. Leon Levy Native Plant Preserve.,EN,BS,https://levypreserve.org/flora-by-common-name/,Leon Levy Native Plant Preserve.,All rights Preserved
wfo-0001232734,vrn-0001232734.01,Sarah's Toes,1,Flora by Common Names. Leon Levy Native Plant Preserve.,EN,BS,https://levypreserve.org/flora-by-common-name/,Leon Levy Native Plant Preserve.,All rights Preserved
wfo-0001232734,vrn-0001232734.02,Horsebush,1,Flora by Common Names. Leon Levy Native Plant Preserve.,EN,BS,https://levypreserve.org/flora-by-common-name/,Leon Levy Native Plant Preserve.,All rights Preserved
wfo-0000266801,vrn-0000266801.01,Wild Alamanda,1,Flora by Common Names. Leon Levy Native Plant Preserve.,EN,BS,https://levypreserve.org/flora-by-common-name/,Leon Levy Native Plant Preserve.,All rights Preserved
wfo-0000266801,vrn-0000266801.02,Wild Unction,1,Flora by Common Names. Leon Levy Native Plant Preserve.,EN,BS,https://levypreserve.org/flora-by-common-name/,Leon Levy Native Plant Preserve.,All rights Preserved
wfo-0000266801,vrn-0000266801.03,Catesby’s Vine,1,Flora by Common Names. Leon Levy Native Plant Preserve.,EN,BS,https://levypreserve.org/flora-by-common-name/,Leon Levy Native Plant Preserve.,All rights Preserved
wfo-0000267122,vrn-0000267122.01,Black Ebony,1,Flora by Common Names. Leon Levy Native Plant Preserve.,EN,BS,https://levypreserve.org/flora-by-common-name/,Leon Levy Native Plant Preserve.,All rights Preserved
wfo-0000488415,vrn-0000488415.01,Knotweed,1,Flora by Common Names. Leon Levy Native Plant Preserve.,EN,BS,https://levypreserve.org/flora-by-common-name/,Leon Levy Native Plant Preserve.,All rights Preserved
wfo-0000267822,vrn-0000267822.01,Bastard Stopper,1,Flora by Common Names. Leon Levy Native Plant Preserve.,EN,BS,https://levypreserve.org/flora-by-common-name/,Leon Levy Native Plant Preserve.,All rights Preserved
wfo-0000267822,vrn-0000267822.02,Wild Guava,1,Flora by Common Names. Leon Levy Native Plant Preserve.,EN,BS,https://levypreserve.org/flora-by-common-name/,Leon Levy Native Plant Preserve.,All rights Preserved
wfo-0000268379,vrn-0000268379.01,Candlewood,1,Flora by Common Names. Leon Levy Native Plant Preserve.,EN,BS,https://levypreserve.org/flora-by-common-name/,Leon Levy Native Plant Preserve.,All rights Preserved
wfo-0000268379,vrn-0000268379.02,False Resin Leaf,1,Flora by Common Names. Leon Levy Native Plant Preserve.,EN,BS,https://levypreserve.org/flora-by-common-name/,Leon Levy Native Plant Preserve.,All rights Preserved
wfo-0001109224,vrn-0001109224.01,Serpent Fern,1,Flora by Common Names. Leon Levy Native Plant Preserve.,EN,BS,https://levypreserve.org/flora-by-common-name/,Leon Levy Native Plant Preserve.,All rights Preserved
wfo-0001109224,vrn-0001109224.02,Golden Polypoidy,1,Flora by Common Names. Leon Levy Native Plant Preserve.,EN,BS,https://levypreserve.org/flora-by-common-name/,Leon Levy Native Plant Preserve.,All rights Preserved
wfo-0000270345,vrn-0000270345.01,Capeweed,1,Flora by Common Names. Leon Levy Native Plant Preserve.,EN,BS,https://levypreserve.org/flora-by-common-name/,Leon Levy Native Plant Preserve.,All rights Preserved
wfo-0000229168,vrn-0000229168.01,Marsh Phyla,1,Flora by Common Names. Leon Levy Native Plant Preserve.,EN,BS,https://levypreserve.org/flora-by-common-name/,Leon Levy Native Plant Preserve.,All rights Preserved
wfo-0000229168,vrn-0000229168.02,Southern Frog Fruit,1,Flora by Common Names. Leon Levy Native Plant Preserve.,EN,BS,https://levypreserve.org/flora-by-common-name/,Leon Levy Native Plant Preserve.,All rights Preserved
wfo-0000229168,vrn-0000229168.03,Southern Matchsticks,1,Flora by Common Names. Leon Levy Native Plant Preserve.,EN,BS,https://levypreserve.org/flora-by-common-name/,Leon Levy Native Plant Preserve.,All rights Preserved
wfo-0000270441,vrn-0000270441.01,Gale-O-Wind,1,Flora by Common Names. Leon Levy Native Plant Preserve.,EN,BS,https://levypreserve.org/flora-by-common-name/,Leon Levy Native Plant Preserve.,All rights Preserved
wfo-0000270441,vrn-0000270441.02,Hurricane Weed,1,Flora by Common Names. Leon Levy Native Plant Preserve.,EN,BS,https://levypreserve.org/flora-by-common-name/,Leon Levy Native Plant Preserve.,All rights Preserved
wfo-0000270937,vrn-0000270937.01,Rock Bush,1,Flora by Common Names. Leon Levy Native Plant Preserve.,EN,BS,https://levypreserve.org/flora-by-common-name/,Leon Levy Native Plant Preserve.,All rights Preserved
wfo-0000270937,vrn-0000270937.02,Hard Head Bush,1,Flora by Common Names. Leon Levy Native Plant Preserve.,EN,BS,https://levypreserve.org/flora-by-common-name/,Leon Levy Native Plant Preserve.,All rights Preserved
wfo-0000270937,vrn-0000270937.03,Abraham Bush,1,Flora by Common Names. Leon Levy Native Plant Preserve.,EN,BS,https://levypreserve.org/flora-by-common-name/,Leon Levy Native Plant Preserve.,All rights Preserved
wfo-0000270937,vrn-0000270937.04,Sword Bush,1,Flora by Common Names. Leon Levy Native Plant Preserve.,EN,BS,https://levypreserve.org/flora-by-common-name/,Leon Levy Native Plant Preserve.,All rights Preserved
wfo-0000270937,vrn-0000270937.05,Scipio Bush,1,Flora by Common Names. Leon Levy Native Plant Preserve.,EN,BS,https://levypreserve.org/flora-by-common-name/,Leon Levy Native Plant Preserve.,All rights Preserved
wfo-0000271776,vrn-0000271776.01,Tufted Phyllanthus,1,Flora by Common Names. Leon Levy Native Plant Preserve.,EN,BS,https://levypreserve.org/flora-by-common-name/,Leon Levy Native Plant Preserve.,All rights Preserved
wfo-0001024566,vrn-0001024566.01,Poppers,1,Flora by Common Names. Leon Levy Native Plant Preserve.,EN,BS,https://levypreserve.org/flora-by-common-name/,Leon Levy Native Plant Preserve.,All rights Preserved
wfo-0001024566,vrn-0001024566.02,Cut Leaved Ground Cherry,1,Flora by Common Names. Leon Levy Native Plant Preserve.,EN,BS,https://levypreserve.org/flora-by-common-name/,Leon Levy Native Plant Preserve.,All rights Preserved
wfo-0000474744,vrn-0000474744.01,Snake Root,1,Flora by Common Names. Leon Levy Native Plant Preserve.,EN,BS,https://levypreserve.org/flora-by-common-name/,Leon Levy Native Plant Preserve.,All rights Preserved
wfo-0000474744,vrn-0000474744.02,Bitter Bush,1,Flora by Common Names. Leon Levy Native Plant Preserve.,EN,BS,https://levypreserve.org/flora-by-common-name/,Leon Levy Native Plant Preserve.,All rights Preserved
wfo-0000474744,vrn-0000474744.03,Doctor Bar,1,Flora by Common Names. Leon Levy Native Plant Preserve.,EN,BS,https://levypreserve.org/flora-by-common-name/,Leon Levy Native Plant Preserve.,All rights Preserved
wfo-0000273293,vrn-0000273293.01,Black Wood,1,Flora by Common Names. Leon Levy Native Plant Preserve.,EN,BS,https://levypreserve.org/flora-by-common-name/,Leon Levy Native Plant Preserve.,All rights Preserved
wfo-0001289057,vrn-0001289057.01,Millspaugh’s Dildo,1,Flora by Common Names. Leon Levy Native Plant Preserve.,EN,BS,https://levypreserve.org/flora-by-common-name/,Leon Levy Native Plant Preserve.,All rights Preserved
wfo-0001289057,vrn-0001289057.02,Wild Fig,1,Flora by Common Names. Leon Levy Native Plant Preserve.,EN,BS,https://levypreserve.org/flora-by-common-name/,Leon Levy Native Plant Preserve.,All rights Preserved
wfo-0001289057,vrn-0001289057.03,Old Man Cactus,1,Flora by Common Names. Leon Levy Native Plant Preserve.,EN,BS,https://levypreserve.org/flora-by-common-name/,Leon Levy Native Plant Preserve.,All rights Preserved
wfo-0001072705,vrn-0001072705.01,Low Butterwort,1,Flora by Common Names. Leon Levy Native Plant Preserve.,EN,BS,https://levypreserve.org/flora-by-common-name/,Leon Levy Native Plant Preserve.,All rights Preserved
wfo-0000490091,vrn-0000490091.01,Bahamian Pine,1,Flora by Common Names. Leon Levy Native Plant Preserve.,EN,BS,https://levypreserve.org/flora-by-common-name/,Leon Levy Native Plant Preserve.,All rights Preserved
wfo-0000490091,vrn-0000490091.02,Caribbean Pine,1,Flora by Common Names. Leon Levy Native Plant Preserve.,EN,BS,https://levypreserve.org/flora-by-common-name/,Leon Levy Native Plant Preserve.,All rights Preserved
wfo-0000490091,vrn-0000490091.03,Pine,1,Flora by Common Names. Leon Levy Native Plant Preserve.,EN,BS,https://levypreserve.org/flora-by-common-name/,Leon Levy Native Plant Preserve.,All rights Preserved
wfo-0000168417,vrn-0000168417.01,Dogwood,1,Flora by Common Names. Leon Levy Native Plant Preserve.,EN,BS,https://levypreserve.org/flora-by-common-name/,Leon Levy Native Plant Preserve.,All rights Preserved
wfo-0000168417,vrn-0000168417.02,Jamaican Dogwood,1,Flora by Common Names. Leon Levy Native Plant Preserve.,EN,BS,https://levypreserve.org/flora-by-common-name/,Leon Levy Native Plant Preserve.,All rights Preserved
wfo-0000168417,vrn-0000168417.03,Fish Poison,1,Flora by Common Names. Leon Levy Native Plant Preserve.,EN,BS,https://levypreserve.org/flora-by-common-name/,Leon Levy Native Plant Preserve.,All rights Preserved
wfo-0000168417,vrn-0000168417.04,Fish Fuddle,1,Flora by Common Names. Leon Levy Native Plant Preserve.,EN,BS,https://levypreserve.org/flora-by-common-name/,Leon Levy Native Plant Preserve.,All rights Preserved
wfo-0000187109,vrn-0000187109.01,Rams Horn,1,Flora by Common Names. Leon Levy Native Plant Preserve.,EN,BS,https://levypreserve.org/flora-by-common-name/,Leon Levy Native Plant Preserve.,All rights Preserved
wfo-0001120029,vrn-0001120029.01,Resurrection Fern,1,Flora by Common Names. Leon Levy Native Plant Preserve.,EN,BS,https://levypreserve.org/flora-by-common-name/,Leon Levy Native Plant Preserve.,All rights Preserved
wfo-0001120029,vrn-0001120029.02,Miracle Fern,1,Flora by Common Names. Leon Levy Native Plant Preserve.,EN,BS,https://levypreserve.org/flora-by-common-name/,Leon Levy Native Plant Preserve.,All rights Preserved
wfo-0001120029,vrn-0001120029.03,Gray Polypody,1,Flora by Common Names. Leon Levy Native Plant Preserve.,EN,BS,https://levypreserve.org/flora-by-common-name/,Leon Levy Native Plant Preserve.,All rights Preserved
wfo-0000065816,vrn-0000065816.01,Marsh Fleabane,1,Flora by Common Names. Leon Levy Native Plant Preserve.,EN,BS,https://levypreserve.org/flora-by-common-name/,Leon Levy Native Plant Preserve.,All rights Preserved
wfo-0000487062,vrn-0000487062.01,Cape Leadwort,1,Flora by Common Names. Leon Levy Native Plant Preserve.,EN,BS,https://levypreserve.org/flora-by-common-name/,Leon Levy Native Plant Preserve.,All rights Preserved
wfo-0000487062,vrn-0000487062.02,Cape Plumbago,1,Flora by Common Names. Leon Levy Native Plant Preserve.,EN,BS,https://levypreserve.org/flora-by-common-name/,Leon Levy Native Plant Preserve.,All rights Preserved
wfo-0000487119,vrn-0000487119.03,Blue Plumbago,1,Flora by Common Names. Leon Levy Native Plant Preserve.,EN,BS,https://levypreserve.org/flora-by-common-name/,Leon Levy Native Plant Preserve.,All rights Preserved
wfo-0000279164,vrn-0000279164.01,Frangipnai,1,Flora by Common Names. Leon Levy Native Plant Preserve.,EN,BS,https://levypreserve.org/flora-by-common-name/,Leon Levy Native Plant Preserve.,All rights Preserved
wfo-0000279184,vrn-0000279184.01,Red Frangipanni,1,Flora by Common Names. Leon Levy Native Plant Preserve.,EN,BS,https://levypreserve.org/flora-by-common-name/,Leon Levy Native Plant Preserve.,All rights Preserved
wfo-0000279184,vrn-0000279184.02,Red Plumeria,1,Flora by Common Names. Leon Levy Native Plant Preserve.,EN,BS,https://levypreserve.org/flora-by-common-name/,Leon Levy Native Plant Preserve.,All rights Preserved
wfo-0000279184,vrn-0000279184.03,Spanish Jasmine,1,Flora by Common Names. Leon Levy Native Plant Preserve.,EN,BS,https://levypreserve.org/flora-by-common-name/,Leon Levy Native Plant Preserve.,All rights Preserved
wfo-0000469120,vrn-0000469120.01,Juniper Leaf,1,Flora by Common Names. Leon Levy Native Plant Preserve.,EN,BS,https://levypreserve.org/flora-by-common-name/,Leon Levy Native Plant Preserve.,All rights Preserved
wfo-0000469120,vrn-0000469120.02,Rust Weed,1,Flora by Common Names. Leon Levy Native Plant Preserve.,EN,BS,https://levypreserve.org/flora-by-common-name/,Leon Levy Native Plant Preserve.,All rights Preserved
wfo-0000280378,vrn-0000280378.01,Lesser Yellow Spike Orchid,1,Flora by Common Names. Leon Levy Native Plant Preserve.,EN,BS,https://levypreserve.org/flora-by-common-name/,Leon Levy Native Plant Preserve.,All rights Preserved
wfo-0000280890,vrn-0000280890.01,Mrs. Britton’s Shadow Witch,1,Flora by Common Names. Leon Levy Native Plant Preserve.,EN,BS,https://levypreserve.org/flora-by-common-name/,Leon Levy Native Plant Preserve.,All rights Preserved
wfo-0000484425,vrn-0000484425.01,Purslane,1,Flora by Common Names. Leon Levy Native Plant Preserve.,EN,BS,https://levypreserve.org/flora-by-common-name/,Leon Levy Native Plant Preserve.,All rights Preserved
wfo-0000484425,vrn-0000484425.02,Parsely,1,Flora by Common Names. Leon Levy Native Plant Preserve.,EN,BS,https://levypreserve.org/flora-by-common-name/,Leon Levy Native Plant Preserve.,All rights Preserved
wfo-0000484425,vrn-0000484425.03,Pussley,1,Flora by Common Names. Leon Levy Native Plant Preserve.,EN,BS,https://levypreserve.org/flora-by-common-name/,Leon Levy Native Plant Preserve.,All rights Preserved
wfo-0000489372,vrn-0000489372.01,Brown Seed Portulaca,1,Flora by Common Names. Leon Levy Native Plant Preserve.,EN,BS,https://levypreserve.org/flora-by-common-name/,Leon Levy Native Plant Preserve.,All rights Preserved
wfo-0000283329,vrn-0000283329.01,Bur Vervain,1,Flora by Common Names. Leon Levy Native Plant Preserve.,EN,BS,https://levypreserve.org/flora-by-common-name/,Leon Levy Native Plant Preserve.,All rights Preserved
wfo-0000283329,vrn-0000283329.02,Cat’s Tongue,1,Flora by Common Names. Leon Levy Native Plant Preserve.,EN,BS,https://levypreserve.org/flora-by-common-name/,Leon Levy Native Plant Preserve.,All rights Preserved
wfo-0000551972,vrn-0000551972.01,Milkwort,1,Flora by Common Names. Leon Levy Native Plant Preserve.,EN,BS,https://levypreserve.org/flora-by-common-name/,Leon Levy Native Plant Preserve.,All rights Preserved
wfo-0000551972,vrn-0000551972.02,Showy Milkwort,1,Flora by Common Names. Leon Levy Native Plant Preserve.,EN,BS,https://levypreserve.org/flora-by-common-name/,Leon Levy Native Plant Preserve.,All rights Preserved
wfo-0000284169,vrn-0000284169.01,Buccaneer Palm,1,Flora by Common Names. Leon Levy Native Plant Preserve.,EN,BS,https://levypreserve.org/flora-by-common-name/,Leon Levy Native Plant Preserve.,All rights Preserved
wfo-0000284169,vrn-0000284169.02,Hog Palmetto,1,Flora by Common Names. Leon Levy Native Plant Preserve.,EN,BS,https://levypreserve.org/flora-by-common-name/,Leon Levy Native Plant Preserve.,All rights Preserved
wfo-0000284169,vrn-0000284169.03,Hog Cabbage Palm,1,Flora by Common Names. Leon Levy Native Plant Preserve.,EN,BS,https://levypreserve.org/flora-by-common-name/,Leon Levy Native Plant Preserve.,All rights Preserved
wfo-0000284421,vrn-0000284421.01,Guava,1,Flora by Common Names. Leon Levy Native Plant Preserve.,EN,BS,https://levypreserve.org/flora-by-common-name/,Leon Levy Native Plant Preserve.,All rights Preserved
wfo-0000396576,vrn-0000396576.01,Pygmy Melon,1,Flora by Common Names. Leon Levy Native Plant Preserve.,EN,BS,https://levypreserve.org/flora-by-common-name/,Leon Levy Native Plant Preserve.,All rights Preserved
wfo-0001109597,vrn-0001109597.01,Whisk Fern,1,Flora by Common Names. Leon Levy Native Plant Preserve.,EN,BS,https://levypreserve.org/flora-by-common-name/,Leon Levy Native Plant Preserve.,All rights Preserved
wfo-0000286416,vrn-0000286416.01,Smooth Wild Coffee,1,Flora by Common Names. Leon Levy Native Plant Preserve.,EN,BS,https://levypreserve.org/flora-by-common-name/,Leon Levy Native Plant Preserve.,All rights Preserved
wfo-0000286803,vrn-0000286803.01,Wild Coffee,1,Flora by Common Names. Leon Levy Native Plant Preserve.,EN,BS,https://levypreserve.org/flora-by-common-name/,Leon Levy Native Plant Preserve.,All rights Preserved
wfo-0001107402,vrn-0001107402.01,Bracken Fern,1,Flora by Common Names. Leon Levy Native Plant Preserve.,EN,BS,https://levypreserve.org/flora-by-common-name/,Leon Levy Native Plant Preserve.,All rights Preserved
wfo-0001107402,vrn-0001107402.02,Southern Bracken,1,Flora by Common Names. Leon Levy Native Plant Preserve.,EN,BS,https://levypreserve.org/flora-by-common-name/,Leon Levy Native Plant Preserve.,All rights Preserved
wfo-0000468843,vrn-0000468843.01,Pomegranate,1,Flora by Common Names. Leon Levy Native Plant Preserve.,EN,BS,https://levypreserve.org/flora-by-common-name/,Leon Levy Native Plant Preserve.,All rights Preserved
wfo-0000294284,vrn-0000294284.01,Box Briar,1,Flora by Common Names. Leon Levy Native Plant Preserve.,EN,BS,https://levypreserve.org/flora-by-common-name/,Leon Levy Native Plant Preserve.,All rights Preserved
wfo-0000294284,vrn-0000294284.02,White Indigo Berry,1,Flora by Common Names. Leon Levy Native Plant Preserve.,EN,BS,https://levypreserve.org/flora-by-common-name/,Leon Levy Native Plant Preserve.,All rights Preserved
wfo-0000294284,vrn-0000294284.03,Indigo Berry,1,Flora by Common Names. Leon Levy Native Plant Preserve.,EN,BS,https://levypreserve.org/flora-by-common-name/,Leon Levy Native Plant Preserve.,All rights Preserved
wfo-0000294284,vrn-0000294284.04,Ink Berry,1,Flora by Common Names. Leon Levy Native Plant Preserve.,EN,BS,https://levypreserve.org/flora-by-common-name/,Leon Levy Native Plant Preserve.,All rights Preserved
wfo-0000294284,vrn-0000294284.05,Steel Wood,1,Flora by Common Names. Leon Levy Native Plant Preserve.,EN,BS,https://levypreserve.org/flora-by-common-name/,Leon Levy Native Plant Preserve.,All rights Preserved
wfo-0000294284,vrn-0000294284.06,Prickle Bush,1,Flora by Common Names. Leon Levy Native Plant Preserve.,EN,BS,https://levypreserve.org/flora-by-common-name/,Leon Levy Native Plant Preserve.,All rights Preserved
wfo-0000295109,vrn-0000295109.01,Smooth Rauvolfia,1,Flora by Common Names. Leon Levy Native Plant Preserve.,EN,BS,https://levypreserve.org/flora-by-common-name/,Leon Levy Native Plant Preserve.,All rights Preserved
wfo-0000295109,vrn-0000295109.02,Bitter Bush,1,Flora by Common Names. Leon Levy Native Plant Preserve.,EN,BS,https://levypreserve.org/flora-by-common-name/,Leon Levy Native Plant Preserve.,All rights Preserved
wfo-0000295109,vrn-0000295109.03,Milk Bush,1,Flora by Common Names. Leon Levy Native Plant Preserve.,EN,BS,https://levypreserve.org/flora-by-common-name/,Leon Levy Native Plant Preserve.,All rights Preserved
wfo-0000295854,vrn-0000295854.01,Wild Thyme,1,Flora by Common Names. Leon Levy Native Plant Preserve.,EN,BS,https://levypreserve.org/flora-by-common-name/,Leon Levy Native Plant Preserve.,All rights Preserved
wfo-0000295854,vrn-0000295854.02,Sand Flea Bush,1,Flora by Common Names. Leon Levy Native Plant Preserve.,EN,BS,https://levypreserve.org/flora-by-common-name/,Leon Levy Native Plant Preserve.,All rights Preserved
wfo-0000295854,vrn-0000295854.03,Hog Bush,1,Flora by Common Names. Leon Levy Native Plant Preserve.,EN,BS,https://levypreserve.org/flora-by-common-name/,Leon Levy Native Plant Preserve.,All rights Preserved
wfo-0000295854,vrn-0000295854.04,Salt Water Bush,1,Flora by Common Names. Leon Levy Native Plant Preserve.,EN,BS,https://levypreserve.org/flora-by-common-name/,Leon Levy Native Plant Preserve.,All rights Preserved
wfo-0001130931,vrn-0001130931.01,Darling Plum,1,Flora by Common Names. Leon Levy Native Plant Preserve.,EN,BS,https://levypreserve.org/flora-by-common-name/,Leon Levy Native Plant Preserve.,All rights Preserved
wfo-0000460362,vrn-0000460362.01,Red Mangrove,1,Flora by Common Names. Leon Levy Native Plant Preserve.,EN,BS,https://levypreserve.org/flora-by-common-name/,Leon Levy Native Plant Preserve.,All rights Preserved
wfo-0000589684,vrn-0000589684.01,Moses in a Basket,1,Flora by Common Names. Leon Levy Native Plant Preserve.,EN,BS,https://levypreserve.org/flora-by-common-name/,Leon Levy Native Plant Preserve.,All rights Preserved
wfo-0000589684,vrn-0000589684.02,Boat Lily,1,Flora by Common Names. Leon Levy Native Plant Preserve.,EN,BS,https://levypreserve.org/flora-by-common-name/,Leon Levy Native Plant Preserve.,All rights Preserved
wfo-0000589684,vrn-0000589684.03,Oyster Plant,1,Flora by Common Names. Leon Levy Native Plant Preserve.,EN,BS,https://levypreserve.org/flora-by-common-name/,Leon Levy Native Plant Preserve.,All rights Preserved
wfo-0001049365,vrn-0001049365.01,Poison Ivy,1,Flora by Common Names. Leon Levy Native Plant Preserve.,EN,BS,https://levypreserve.org/flora-by-common-name/,Leon Levy Native Plant Preserve.,All rights Preserved
wfo-0000516598,vrn-0000516598.01,White Top,1,Flora by Common Names. Leon Levy Native Plant Preserve.,EN,BS,https://levypreserve.org/flora-by-common-name/,Leon Levy Native Plant Preserve.,All rights Preserved
wfo-0000516598,vrn-0000516598.02,White-headed Rush ,1,Flora by Common Names. Leon Levy Native Plant Preserve.,EN,BS,https://levypreserve.org/flora-by-common-name/,Leon Levy Native Plant Preserve.,All rights Preserved
wfo-0000297077,vrn-0000297077.01,Castor Bean,1,Flora by Common Names. Leon Levy Native Plant Preserve.,EN,BS,https://levypreserve.org/flora-by-common-name/,Leon Levy Native Plant Preserve.,All rights Preserved
wfo-0000297077,vrn-0000297077.02,Castor Oil Plant,1,Flora by Common Names. Leon Levy Native Plant Preserve.,EN,BS,https://levypreserve.org/flora-by-common-name/,Leon Levy Native Plant Preserve.,All rights Preserved
wfo-0000404539,vrn-0000404539.01,Lipstick Bush,1,Flora by Common Names. Leon Levy Native Plant Preserve.,EN,BS,https://levypreserve.org/flora-by-common-name/,Leon Levy Native Plant Preserve.,All rights Preserved
wfo-0000404539,vrn-0000404539.02,Pigeon Berry,1,Flora by Common Names. Leon Levy Native Plant Preserve.,EN,BS,https://levypreserve.org/flora-by-common-name/,Leon Levy Native Plant Preserve.,All rights Preserved
wfo-0000404539,vrn-0000404539.03,Wild Tomato,1,Flora by Common Names. Leon Levy Native Plant Preserve.,EN,BS,https://levypreserve.org/flora-by-common-name/,Leon Levy Native Plant Preserve.,All rights Preserved
wfo-0000404539,vrn-0000404539.04,Rouge Plant,1,Flora by Common Names. Leon Levy Native Plant Preserve.,EN,BS,https://levypreserve.org/flora-by-common-name/,Leon Levy Native Plant Preserve.,All rights Preserved
wfo-0000404539,vrn-0000404539.05,Blood Berry,1,Flora by Common Names. Leon Levy Native Plant Preserve.,EN,BS,https://levypreserve.org/flora-by-common-name/,Leon Levy Native Plant Preserve.,All rights Preserved
wfo-0000401309,vrn-0000401309.01,Fever Root,1,Flora by Common Names. Leon Levy Native Plant Preserve.,EN,BS,https://levypreserve.org/flora-by-common-name/,Leon Levy Native Plant Preserve.,All rights Preserved
wfo-0000401309,vrn-0000401309.02,Minnie Root,1,Flora by Common Names. Leon Levy Native Plant Preserve.,EN,BS,https://levypreserve.org/flora-by-common-name/,Leon Levy Native Plant Preserve.,All rights Preserved
wfo-0000401309,vrn-0000401309.03,Snapdragon Root,1,Flora by Common Names. Leon Levy Native Plant Preserve.,EN,BS,https://levypreserve.org/flora-by-common-name/,Leon Levy Native Plant Preserve.,All rights Preserved
wfo-0000401309,vrn-0000401309.04,Sheep Potato,1,Flora by Common Names. Leon Levy Native Plant Preserve.,EN,BS,https://levypreserve.org/flora-by-common-name/,Leon Levy Native Plant Preserve.,All rights Preserved
wfo-0000299302,vrn-0000299302.01,Sabal Palm,1,Flora by Common Names. Leon Levy Native Plant Preserve.,EN,BS,https://levypreserve.org/flora-by-common-name/,Leon Levy Native Plant Preserve.,All rights Preserved
wfo-0000299302,vrn-0000299302.02,Cabbage Palm,1,Flora by Common Names. Leon Levy Native Plant Preserve.,EN,BS,https://levypreserve.org/flora-by-common-name/,Leon Levy Native Plant Preserve.,All rights Preserved
wfo-0000299302,vrn-0000299302.01,Swamp Cabbage,1,Flora by Common Names. Leon Levy Native Plant Preserve.,EN,BS,https://levypreserve.org/flora-by-common-name/,Leon Levy Native Plant Preserve.,All rights Preserved
wfo-0001063484,vrn-0001063484.01,Marsh Pink,1,Flora by Common Names. Leon Levy Native Plant Preserve.,EN,BS,https://levypreserve.org/flora-by-common-name/,Leon Levy Native Plant Preserve.,All rights Preserved
wfo-0000736828,vrn-0000736828.01,Lance Leaf,1,Flora by Common Names. Leon Levy Native Plant Preserve.,EN,BS,https://levypreserve.org/flora-by-common-name/,Leon Levy Native Plant Preserve.,All rights Preserved
wfo-0001294624,vrn-0001294624.01,Woody Glasswort,1,Flora by Common Names. Leon Levy Native Plant Preserve.,EN,BS,https://levypreserve.org/flora-by-common-name/,Leon Levy Native Plant Preserve.,All rights Preserved
wfo-0001294624,vrn-0001294624.02,Wild Coral,1,Flora by Common Names. Leon Levy Native Plant Preserve.,EN,BS,https://levypreserve.org/flora-by-common-name/,Leon Levy Native Plant Preserve.,All rights Preserved
wfo-0001294624,vrn-0001294624.03,Guinea Bead,1,Flora by Common Names. Leon Levy Native Plant Preserve.,EN,BS,https://levypreserve.org/flora-by-common-name/,Leon Levy Native Plant Preserve.,All rights Preserved
wfo-0000130484,vrn-0000130484.01,Shanks,1,Flora by Common Names. Leon Levy Native Plant Preserve.,EN,BS,https://levypreserve.org/flora-by-common-name/,Leon Levy Native Plant Preserve.,All rights Preserved
wfo-0000130484,vrn-0000130484.02,Bushy Salmea,1,Flora by Common Names. Leon Levy Native Plant Preserve.,EN,BS,https://levypreserve.org/flora-by-common-name/,Leon Levy Native Plant Preserve.,All rights Preserved
wfo-0000302286,vrn-0000302286.01,Cat Nip,1,Flora by Common Names. Leon Levy Native Plant Preserve.,EN,BS,https://levypreserve.org/flora-by-common-name/,Leon Levy Native Plant Preserve.,All rights Preserved
wfo-0000302286,vrn-0000302286.02,Small White Sage,1,Flora by Common Names. Leon Levy Native Plant Preserve.,EN,BS,https://levypreserve.org/flora-by-common-name/,Leon Levy Native Plant Preserve.,All rights Preserved
wfo-0000302286,vrn-0000302286.03,Cat Nep,1,Flora by Common Names. Leon Levy Native Plant Preserve.,EN,BS,https://levypreserve.org/flora-by-common-name/,Leon Levy Native Plant Preserve.,All rights Preserved
wfo-0000302286,vrn-0000302286.04,Cat Mint,1,Flora by Common Names. Leon Levy Native Plant Preserve.,EN,BS,https://levypreserve.org/flora-by-common-name/,Leon Levy Native Plant Preserve.,All rights Preserved
wfo-0000302286,vrn-0000302286.05,White Cat Nip,1,Flora by Common Names. Leon Levy Native Plant Preserve.,EN,BS,https://levypreserve.org/flora-by-common-name/,Leon Levy Native Plant Preserve.,All rights Preserved
wfo-0000302286,vrn-0000302286.06,West Indian Sage,1,Flora by Common Names. Leon Levy Native Plant Preserve.,EN,BS,https://levypreserve.org/flora-by-common-name/,Leon Levy Native Plant Preserve.,All rights Preserved
wfo-0001105396,vrn-0001105396.01,Water Pimpernel,1,Flora by Common Names. Leon Levy Native Plant Preserve.,EN,BS,https://levypreserve.org/flora-by-common-name/,Leon Levy Native Plant Preserve.,All rights Preserved
wfo-0001105396,vrn-0001105396.02,Limewater Brookweed,1,Flora by Common Names. Leon Levy Native Plant Preserve.,EN,BS,https://levypreserve.org/flora-by-common-name/,Leon Levy Native Plant Preserve.,All rights Preserved
wfo-0000835709,vrn-0000835709.01,Maiden Bush,1,Flora by Common Names. Leon Levy Native Plant Preserve.,EN,BS,https://levypreserve.org/flora-by-common-name/,Leon Levy Native Plant Preserve.,All rights Preserved
wfo-0000497413,vrn-0000497413.01,Black Ink Berry,1,Flora by Common Names. Leon Levy Native Plant Preserve.,EN,BS,https://levypreserve.org/flora-by-common-name/,Leon Levy Native Plant Preserve.,All rights Preserved
wfo-0000497413,vrn-0000497413.02,Black Soap,1,Flora by Common Names. Leon Levy Native Plant Preserve.,EN,BS,https://levypreserve.org/flora-by-common-name/,Leon Levy Native Plant Preserve.,All rights Preserved
wfo-0000497413,vrn-0000497413.03,Mad Moll ,1,Flora by Common Names. Leon Levy Native Plant Preserve.,EN,BS,https://levypreserve.org/flora-by-common-name/,Leon Levy Native Plant Preserve.,All rights Preserved
wfo-0001065157,vrn-0001065157.01,White Ink Berry,1,Flora by Common Names. Leon Levy Native Plant Preserve.,EN,BS,https://levypreserve.org/flora-by-common-name/,Leon Levy Native Plant Preserve.,All rights Preserved
wfo-0001065157,vrn-0001065157.02,Hawaiian Sea Lettuce,1,Flora by Common Names. Leon Levy Native Plant Preserve.,EN,BS,https://levypreserve.org/flora-by-common-name/,Leon Levy Native Plant Preserve.,All rights Preserved
wfo-0001065157,vrn-0001065157.03,Sea Lettuce ,1,Flora by Common Names. Leon Levy Native Plant Preserve.,EN,BS,https://levypreserve.org/flora-by-common-name/,Leon Levy Native Plant Preserve.,All rights Preserved
wfo-0000435798,vrn-0000435798.01,Florida Boxwood,1,Flora by Common Names. Leon Levy Native Plant Preserve.,EN,BS,https://levypreserve.org/flora-by-common-name/,Leon Levy Native Plant Preserve.,All rights Preserved
wfo-0000435798,vrn-0000435798.02,Boxwood,1,Flora by Common Names. Leon Levy Native Plant Preserve.,EN,BS,https://levypreserve.org/flora-by-common-name/,Leon Levy Native Plant Preserve.,All rights Preserved
wfo-0000435798,vrn-0000435798.03,Yellow Wood,1,Flora by Common Names. Leon Levy Native Plant Preserve.,EN,BS,https://levypreserve.org/flora-by-common-name/,Leon Levy Native Plant Preserve.,All rights Preserved
wfo-0000435152,vrn-0000435152.01,Brazilian Pepper,1,Flora by Common Names. Leon Levy Native Plant Preserve.,EN,BS,https://levypreserve.org/flora-by-common-name/,Leon Levy Native Plant Preserve.,All rights Preserved
wfo-0000435152,vrn-0000435152.02,Christmas Berry Tree ,1,Flora by Common Names. Leon Levy Native Plant Preserve.,EN,BS,https://levypreserve.org/flora-by-common-name/,Leon Levy Native Plant Preserve.,All rights Preserved
wfo-0001087300,vrn-0001087300.01,White Beef Wood,1,Flora by Common Names. Leon Levy Native Plant Preserve.,EN,BS,https://levypreserve.org/flora-by-common-name/,Leon Levy Native Plant Preserve.,All rights Preserved
wfo-0000551231,vrn-0000551231.01,Slender Nut Rush,1,Flora by Common Names. Leon Levy Native Plant Preserve.,EN,BS,https://levypreserve.org/flora-by-common-name/,Leon Levy Native Plant Preserve.,All rights Preserved
wfo-0000307879,vrn-0000307879.01,Skull Cap,1,Flora by Common Names. Leon Levy Native Plant Preserve.,EN,BS,https://levypreserve.org/flora-by-common-name/,Leon Levy Native Plant Preserve.,All rights Preserved
wfo-0001109643,vrn-0001109643.01,Spike Moss,1,Flora by Common Names. Leon Levy Native Plant Preserve.,EN,BS,https://levypreserve.org/flora-by-common-name/,Leon Levy Native Plant Preserve.,All rights Preserved
wfo-0000493405,vrn-0000493405.01,Fowl Foot,1,Flora by Common Names. Leon Levy Native Plant Preserve.,EN,BS,https://levypreserve.org/flora-by-common-name/,Leon Levy Native Plant Preserve.,All rights Preserved
wfo-0000493405,vrn-0000493405.02,Roosters Comb,1,Flora by Common Names. Leon Levy Native Plant Preserve.,EN,BS,https://levypreserve.org/flora-by-common-name/,Leon Levy Native Plant Preserve.,All rights Preserved
wfo-0000493405,vrn-0000493405.03,Three Finger Vine,1,Flora by Common Names. Leon Levy Native Plant Preserve.,EN,BS,https://levypreserve.org/flora-by-common-name/,Leon Levy Native Plant Preserve.,All rights Preserved
wfo-0000432992,vrn-0000432992.01,Sea Purslane,1,Flora by Common Names. Leon Levy Native Plant Preserve.,EN,BS,https://levypreserve.org/flora-by-common-name/,Leon Levy Native Plant Preserve.,All rights Preserved
wfo-0000589312,vrn-0000589312.01,Purple Heart,1,Flora by Common Names. Leon Levy Native Plant Preserve.,EN,BS,https://levypreserve.org/flora-by-common-name/,Leon Levy Native Plant Preserve.,All rights Preserved
wfo-0000496936,vrn-0000496936.01,Wire Weed,1,Flora by Common Names. Leon Levy Native Plant Preserve.,EN,BS,https://levypreserve.org/flora-by-common-name/,Leon Levy Native Plant Preserve.,All rights Preserved
wfo-0000501732,vrn-0000501732.01,Fringed Sida,1,Flora by Common Names. Leon Levy Native Plant Preserve.,EN,BS,https://levypreserve.org/flora-by-common-name/,Leon Levy Native Plant Preserve.,All rights Preserved
wfo-0000492142,vrn-0000492142.01,Paradise Tree,1,Flora by Common Names. Leon Levy Native Plant Preserve.,EN,BS,https://levypreserve.org/flora-by-common-name/,Leon Levy Native Plant Preserve.,All rights Preserved
wfo-0000492142,vrn-0000492142.02,Bitter Wood,1,Flora by Common Names. Leon Levy Native Plant Preserve.,EN,BS,https://levypreserve.org/flora-by-common-name/,Leon Levy Native Plant Preserve.,All rights Preserved
wfo-0000492142,vrn-0000492142.03,Dysentery Bark,1,Flora by Common Names. Leon Levy Native Plant Preserve.,EN,BS,https://levypreserve.org/flora-by-common-name/,Leon Levy Native Plant Preserve.,All rights Preserved
wfo-0000786322,vrn-0000786322.01,Blue Eyed Grass,1,Flora by Common Names. Leon Levy Native Plant Preserve.,EN,BS,https://levypreserve.org/flora-by-common-name/,Leon Levy Native Plant Preserve.,All rights Preserved
wfo-0000742659,vrn-0000742659.01,Chaney Briar,1,Flora by Common Names. Leon Levy Native Plant Preserve.,EN,BS,https://levypreserve.org/flora-by-common-name/,Leon Levy Native Plant Preserve.,All rights Preserved
wfo-0001025878,vrn-0001025878.01,Ink Berry,1,Flora by Common Names. Leon Levy Native Plant Preserve.,EN,BS,https://levypreserve.org/flora-by-common-name/,Leon Levy Native Plant Preserve.,All rights Preserved
wfo-0001025878,vrn-0001025878.02,Gooma Bus,1,Flora by Common Names. Leon Levy Native Plant Preserve.,EN,BS,https://levypreserve.org/flora-by-common-name/,Leon Levy Native Plant Preserve.,All rights Preserved
wfo-0001026453,vrn-0001026453.01,Canker Berry,1,Flora by Common Names. Leon Levy Native Plant Preserve.,EN,BS,https://levypreserve.org/flora-by-common-name/,Leon Levy Native Plant Preserve.,All rights Preserved
wfo-0001026453,vrn-0001026453.02,Granny Bush,1,Flora by Common Names. Leon Levy Native Plant Preserve.,EN,BS,https://levypreserve.org/flora-by-common-name/,Leon Levy Native Plant Preserve.,All rights Preserved
wfo-0001029558,vrn-0001029558.01,Cat's Paw,1,Flora by Common Names. Leon Levy Native Plant Preserve.,EN,BS,https://levypreserve.org/flora-by-common-name/,Leon Levy Native Plant Preserve.,All rights Preserved
wfo-0001027834,vrn-0001027834.01,Salve Bush,1,Flora by Common Names. Leon Levy Native Plant Preserve.,EN,BS,https://levypreserve.org/flora-by-common-name/,Leon Levy Native Plant Preserve.,All rights Preserved
wfo-0001027834,vrn-0001027834.02,Wild Tobacco,1,Flora by Common Names. Leon Levy Native Plant Preserve.,EN,BS,https://levypreserve.org/flora-by-common-name/,Leon Levy Native Plant Preserve.,All rights Preserved
wfo-0001027834,vrn-0001027834.03,Mullein Nightshade,1,Flora by Common Names. Leon Levy Native Plant Preserve.,EN,BS,https://levypreserve.org/flora-by-common-name/,Leon Levy Native Plant Preserve.,All rights Preserved
wfo-0000019262,vrn-0000019262.01,Seaside Golden Rod,1,Flora by Common Names. Leon Levy Native Plant Preserve.,EN,BS,https://levypreserve.org/flora-by-common-name/,Leon Levy Native Plant Preserve.,All rights Preserved
wfo-0000019262,vrn-0000019262.02,Golden Rod,1,Flora by Common Names. Leon Levy Native Plant Preserve.,EN,BS,https://levypreserve.org/flora-by-common-name/,Leon Levy Native Plant Preserve.,All rights Preserved
wfo-0000212096,vrn-0000212096.01,Necklace Pod,1,Flora by Common Names. Leon Levy Native Plant Preserve.,EN,BS,https://levypreserve.org/flora-by-common-name/,Leon Levy Native Plant Preserve.,All rights Preserved
wfo-0000504308,vrn-0000504308.01,Bahama Spathelia,1,Flora by Common Names. Leon Levy Native Plant Preserve.,EN,BS,https://levypreserve.org/flora-by-common-name/,Leon Levy Native Plant Preserve.,All rights Preserved
wfo-0000101479,vrn-0000101479.01,Creeping Ox-Eye,1,Flora by Common Names. Leon Levy Native Plant Preserve.,EN,BS,https://levypreserve.org/flora-by-common-name/,Leon Levy Native Plant Preserve.,All rights Preserved
wfo-0000101479,vrn-0000101479.02,Trailing Daisy,1,Flora by Common Names. Leon Levy Native Plant Preserve.,EN,BS,https://levypreserve.org/flora-by-common-name/,Leon Levy Native Plant Preserve.,All rights Preserved
wfo-0001109381,vrn-0001109381.01,Pineland Fern,1,Flora by Common Names. Leon Levy Native Plant Preserve.,EN,BS,https://levypreserve.org/flora-by-common-name/,Leon Levy Native Plant Preserve.,All rights Preserved
wfo-0000503119,vrn-0000503119.01,Pink,1,Flora by Common Names. Leon Levy Native Plant Preserve.,EN,BS,https://levypreserve.org/flora-by-common-name/,Leon Levy Native Plant Preserve.,All rights Preserved
wfo-0000901104,vrn-0000901104.01,Drop Seed Grass,1,Flora by Common Names. Leon Levy Native Plant Preserve.,EN,BS,https://levypreserve.org/flora-by-common-name/,Leon Levy Native Plant Preserve.,All rights Preserved
wfo-0000901566,vrn-0000901566.01,Seashore Rush Grass,1,Flora by Common Names. Leon Levy Native Plant Preserve.,EN,BS,https://levypreserve.org/flora-by-common-name/,Leon Levy Native Plant Preserve.,All rights Preserved
wfo-0000901566,vrn-0000901566.02,Seashore Drop Seed,1,Flora by Common Names. Leon Levy Native Plant Preserve.,EN,BS,https://levypreserve.org/flora-by-common-name/,Leon Levy Native Plant Preserve.,All rights Preserved
wfo-0000901566,vrn-0000901566.03,Sand Couch,1,Flora by Common Names. Leon Levy Native Plant Preserve.,EN,BS,https://levypreserve.org/flora-by-common-name/,Leon Levy Native Plant Preserve.,All rights Preserved
wfo-0000901566,vrn-0000901566.04,Coastal Rat Tail Grass,1,Flora by Common Names. Leon Levy Native Plant Preserve.,EN,BS,https://levypreserve.org/flora-by-common-name/,Leon Levy Native Plant Preserve.,All rights Preserved
wfo-0000314854,vrn-0000314854.01,Bahama Vervain,1,Flora by Common Names. Leon Levy Native Plant Preserve.,EN,BS,https://levypreserve.org/flora-by-common-name/,Leon Levy Native Plant Preserve.,All rights Preserved
wfo-0000314854,vrn-0000314854.02,Blue Rat Tail,1,Flora by Common Names. Leon Levy Native Plant Preserve.,EN,BS,https://levypreserve.org/flora-by-common-name/,Leon Levy Native Plant Preserve.,All rights Preserved
wfo-0000314854,vrn-0000314854.03,Blue Porter Weed,1,Flora by Common Names. Leon Levy Native Plant Preserve.,EN,BS,https://levypreserve.org/flora-by-common-name/,Leon Levy Native Plant Preserve.,All rights Preserved
wfo-0000314894,vrn-0000314894.01,Blue Flower,1,Flora by Common Names. Leon Levy Native Plant Preserve.,EN,BS,https://levypreserve.org/flora-by-common-name/,Leon Levy Native Plant Preserve.,All rights Preserved
wfo-0000314894,vrn-0000314894.02,Rat Tail,1,Flora by Common Names. Leon Levy Native Plant Preserve.,EN,BS,https://levypreserve.org/flora-by-common-name/,Leon Levy Native Plant Preserve.,All rights Preserved
wfo-0000314894,vrn-0000314894.03,Jamaica Vervain,1,Flora by Common Names. Leon Levy Native Plant Preserve.,EN,BS,https://levypreserve.org/flora-by-common-name/,Leon Levy Native Plant Preserve.,All rights Preserved
wfo-0000495202,vrn-0000495202.01,Obeah Bush,1,Flora by Common Names. Leon Levy Native Plant Preserve.,EN,BS,https://levypreserve.org/flora-by-common-name/,Leon Levy Native Plant Preserve.,All rights Preserved
wfo-0001247448,vrn-0001247448.01,Pour Man Strength,1,Flora by Common Names. Leon Levy Native Plant Preserve.,EN,BS,https://levypreserve.org/flora-by-common-name/,Leon Levy Native Plant Preserve.,All rights Preserved
wfo-0001247448,vrn-0001247448.02,Seven Man Strength,1,Flora by Common Names. Leon Levy Native Plant Preserve.,EN,BS,https://levypreserve.org/flora-by-common-name/,Leon Levy Native Plant Preserve.,All rights Preserved
wfo-0000317370,vrn-0000317370.01,Candle Torch,1,Flora by Common Names. Leon Levy Native Plant Preserve.,EN,BS,https://levypreserve.org/flora-by-common-name/,Leon Levy Native Plant Preserve.,All rights Preserved
wfo-0000317370,vrn-0000317370.02,Mosquito Bush,1,Flora by Common Names. Leon Levy Native Plant Preserve.,EN,BS,https://levypreserve.org/flora-by-common-name/,Leon Levy Native Plant Preserve.,All rights Preserved
wfo-0000182089,vrn-0000182089.01,Pencil Flower,1,Flora by Common Names. Leon Levy Native Plant Preserve.,EN,BS,https://levypreserve.org/flora-by-common-name/,Leon Levy Native Plant Preserve.,All rights Preserved
wfo-0001294634,vrn-0001294634.01,Tall Sea Blite,1,Flora by Common Names. Leon Levy Native Plant Preserve.,EN,BS,https://levypreserve.org/flora-by-common-name/,Leon Levy Native Plant Preserve.,All rights Preserved
wfo-0000492128,vrn-0000492128.01,Bay Cedar,1,Flora by Common Names. Leon Levy Native Plant Preserve.,EN,BS,https://levypreserve.org/flora-by-common-name/,Leon Levy Native Plant Preserve.,All rights Preserved
wfo-0000492128,vrn-0000492128.02,Tassel Plant,1,Flora by Common Names. Leon Levy Native Plant Preserve.,EN,BS,https://levypreserve.org/flora-by-common-name/,Leon Levy Native Plant Preserve.,All rights Preserved
wfo-0000505130,vrn-0000505130.01,Mahogany,1,Flora by Common Names. Leon Levy Native Plant Preserve.,EN,BS,https://levypreserve.org/flora-by-common-name/,Leon Levy Native Plant Preserve.,All rights Preserved
wfo-0000090869,vrn-0000090869.01,Pineland Aster,1,Flora by Common Names. Leon Levy Native Plant Preserve.,EN,BS,https://levypreserve.org/flora-by-common-name/,Leon Levy Native Plant Preserve.,All rights Preserved
wfo-0000780134,vrn-0000780134.01,Five Finger,1,Flora by Common Names. Leon Levy Native Plant Preserve.,EN,BS,https://levypreserve.org/flora-by-common-name/,Leon Levy Native Plant Preserve.,All rights Preserved
wfo-0000170926,vrn-0000170926.01,Tamarind,1,Flora by Common Names. Leon Levy Native Plant Preserve.,EN,BS,https://levypreserve.org/flora-by-common-name/,Leon Levy Native Plant Preserve.,All rights Preserved
wfo-0000779838,vrn-0000779838.01,Yellow Elder,1,Flora by Common Names. Leon Levy Native Plant Preserve.,EN,BS,https://levypreserve.org/flora-by-common-name/,Leon Levy Native Plant Preserve.,All rights Preserved
wfo-0000779838,vrn-0000779838.02,Yellow Trumpet Flower,1,Flora by Common Names. Leon Levy Native Plant Preserve.,EN,BS,https://levypreserve.org/flora-by-common-name/,Leon Levy Native Plant Preserve.,All rights Preserved
wfo-0000164219,vrn-0000164219.01,Slender Goat's Rue,1,Flora by Common Names. Leon Levy Native Plant Preserve.,EN,BS,https://levypreserve.org/flora-by-common-name/,Leon Levy Native Plant Preserve.,All rights Preserved
wfo-0001296365,vrn-0001296365.01,Black Olive,1,Flora by Common Names. Leon Levy Native Plant Preserve.,EN,BS,https://levypreserve.org/flora-by-common-name/,Leon Levy Native Plant Preserve.,All rights Preserved
wfo-0001296365,vrn-0001296365.02,Bully Wood,1,Flora by Common Names. Leon Levy Native Plant Preserve.,EN,BS,https://levypreserve.org/flora-by-common-name/,Leon Levy Native Plant Preserve.,All rights Preserved
wfo-0001296365,vrn-0001296365.03,Inagua Oak,1,Flora by Common Names. Leon Levy Native Plant Preserve.,EN,BS,https://levypreserve.org/flora-by-common-name/,Leon Levy Native Plant Preserve.,All rights Preserved
wfo-0000406800,vrn-0000406800.01,West Indian Almond,1,Flora by Common Names. Leon Levy Native Plant Preserve.,EN,BS,https://levypreserve.org/flora-by-common-name/,Leon Levy Native Plant Preserve.,All rights Preserved
wfo-0000406800,vrn-0000406800.02,Indian Almond,1,Flora by Common Names. Leon Levy Native Plant Preserve.,EN,BS,https://levypreserve.org/flora-by-common-name/,Leon Levy Native Plant Preserve.,All rights Preserved
wfo-0000406800,vrn-0000406800.03,Almond Tree ,1,Flora by Common Names. Leon Levy Native Plant Preserve.,EN,BS,https://levypreserve.org/flora-by-common-name/,Leon Levy Native Plant Preserve.,All rights Preserved
wfo-0001040722,vrn-0001040722.01,Wild Guava,1,Flora by Common Names. Leon Levy Native Plant Preserve.,EN,BS,https://levypreserve.org/flora-by-common-name/,Leon Levy Native Plant Preserve.,All rights Preserved
wfo-0001040722,vrn-0001040722.02,Clover Ash,1,Flora by Common Names. Leon Levy Native Plant Preserve.,EN,BS,https://levypreserve.org/flora-by-common-name/,Leon Levy Native Plant Preserve.,All rights Preserved
wfo-0001040722,vrn-0001040722.03,West Indian Lilac,1,Flora by Common Names. Leon Levy Native Plant Preserve.,EN,BS,https://levypreserve.org/flora-by-common-name/,Leon Levy Native Plant Preserve.,All rights Preserved
wfo-1000028324,vrn-1000028324.01,Southern Shield Fern,1,Flora by Common Names. Leon Levy Native Plant Preserve.,EN,BS,https://levypreserve.org/flora-by-common-name/,Leon Levy Native Plant Preserve.,All rights Preserved
wfo-0000455933,vrn-0000455933.01,Seaside Mahoe,1,Flora by Common Names. Leon Levy Native Plant Preserve.,EN,BS,https://levypreserve.org/flora-by-common-name/,Leon Levy Native Plant Preserve.,All rights Preserved
wfo-0000455933,vrn-0000455933.02,Cork Tree,1,Flora by Common Names. Leon Levy Native Plant Preserve.,EN,BS,https://levypreserve.org/flora-by-common-name/,Leon Levy Native Plant Preserve.,All rights Preserved
wfo-0000455933,vrn-0000455933.03,Spanish Cork ,1,Flora by Common Names. Leon Levy Native Plant Preserve.,EN,BS,https://levypreserve.org/flora-by-common-name/,Leon Levy Native Plant Preserve.,All rights Preserved
wfo-0000458860,vrn-0000458860.01,Silver Leaf,1,Flora by Common Names. Leon Levy Native Plant Preserve.,EN,BS,https://levypreserve.org/flora-by-common-name/,Leon Levy Native Plant Preserve.,All rights Preserved
wfo-0000458860,vrn-0000458860.02,Naked Wood,1,Flora by Common Names. Leon Levy Native Plant Preserve.,EN,BS,https://levypreserve.org/flora-by-common-name/,Leon Levy Native Plant Preserve.,All rights Preserved
wfo-0000458860,vrn-0000458860.03,Hard bark,1,Flora by Common Names. Leon Levy Native Plant Preserve.,EN,BS,https://levypreserve.org/flora-by-common-name/,Leon Levy Native Plant Preserve.,All rights Preserved
wfo-0000458860,vrn-0000458860.04,Quicksilver Bush,1,Flora by Common Names. Leon Levy Native Plant Preserve.,EN,BS,https://levypreserve.org/flora-by-common-name/,Leon Levy Native Plant Preserve.,All rights Preserved
wfo-0000458860,vrn-0000458860.05,Three Finger,1,Flora by Common Names. Leon Levy Native Plant Preserve.,EN,BS,https://levypreserve.org/flora-by-common-name/,Leon Levy Native Plant Preserve.,All rights Preserved
wfo-0000458860,vrn-0000458860.06,Gaul in Shank,1,Flora by Common Names. Leon Levy Native Plant Preserve.,EN,BS,https://levypreserve.org/flora-by-common-name/,Leon Levy Native Plant Preserve.,All rights Preserved
wfo-0000574692,vrn-0000574692.01,Cuttle Fish,1,Flora by Common Names. Leon Levy Native Plant Preserve.,EN,BS,https://levypreserve.org/flora-by-common-name/,Leon Levy Native Plant Preserve.,All rights Preserved
wfo-0000576355,vrn-0000576355.01,Silvery Wild Pine,1,Flora by Common Names. Leon Levy Native Plant Preserve.,EN,BS,https://levypreserve.org/flora-by-common-name/,Leon Levy Native Plant Preserve.,All rights Preserved
wfo-0000578417,vrn-0000578417.01,Clustered Wild Pine,1,Flora by Common Names. Leon Levy Native Plant Preserve.,EN,BS,https://levypreserve.org/flora-by-common-name/,Leon Levy Native Plant Preserve.,All rights Preserved
wfo-0000578417,vrn-0000578417.02,Common Wild Pine,1,Flora by Common Names. Leon Levy Native Plant Preserve.,EN,BS,https://levypreserve.org/flora-by-common-name/,Leon Levy Native Plant Preserve.,All rights Preserved
wfo-0000578417,vrn-0000578417.03,Stiff Leaved Wild Pine,1,Flora by Common Names. Leon Levy Native Plant Preserve.,EN,BS,https://levypreserve.org/flora-by-common-name/,Leon Levy Native Plant Preserve.,All rights Preserved
wfo-0000578417,vrn-0000578417.04,Dog Water Drink,1,Flora by Common Names. Leon Levy Native Plant Preserve.,EN,BS,https://levypreserve.org/flora-by-common-name/,Leon Levy Native Plant Preserve.,All rights Preserved
wfo-0000578417,vrn-0000578417.05,Cardinal Airplant,1,Flora by Common Names. Leon Levy Native Plant Preserve.,EN,BS,https://levypreserve.org/flora-by-common-name/,Leon Levy Native Plant Preserve.,All rights Preserved
wfo-0000578510,vrn-0000578510.01,Flexuous Wild Pine,1,Flora by Common Names. Leon Levy Native Plant Preserve.,EN,BS,https://levypreserve.org/flora-by-common-name/,Leon Levy Native Plant Preserve.,All rights Preserved
wfo-0000583812,vrn-0000583812.01,Thread Leaved Wild Pine,1,Flora by Common Names. Leon Levy Native Plant Preserve.,EN,BS,https://levypreserve.org/flora-by-common-name/,Leon Levy Native Plant Preserve.,All rights Preserved
wfo-0000586340,vrn-0000586340.01,Spanish Moss,1,Flora by Common Names. Leon Levy Native Plant Preserve.,EN,BS,https://levypreserve.org/flora-by-common-name/,Leon Levy Native Plant Preserve.,All rights Preserved
wfo-0000586340,vrn-0000586340.02,Old Mans Beard,1,Flora by Common Names. Leon Levy Native Plant Preserve.,EN,BS,https://levypreserve.org/flora-by-common-name/,Leon Levy Native Plant Preserve.,All rights Preserved
wfo-0000586439,vrn-0000586439.01,Wild Pine,1,Flora by Common Names. Leon Levy Native Plant Preserve.,EN,BS,https://levypreserve.org/flora-by-common-name/,Leon Levy Native Plant Preserve.,All rights Preserved
wfo-0000586439,vrn-0000586439.02,Swollen Wild Pine,1,Flora by Common Names. Leon Levy Native Plant Preserve.,EN,BS,https://levypreserve.org/flora-by-common-name/,Leon Levy Native Plant Preserve.,All rights Preserved
wfo-0001143151,vrn-0001143151.01,Pain-in-Back,1,Flora by Common Names. Leon Levy Native Plant Preserve.,EN,BS,https://levypreserve.org/flora-by-common-name/,Leon Levy Native Plant Preserve.,All rights Preserved
wfo-0000457802,vrn-0000457802.01,Fever Plant,1,Flora by Common Names. Leon Levy Native Plant Preserve.,EN,BS,https://levypreserve.org/flora-by-common-name/,Leon Levy Native Plant Preserve.,All rights Preserved
wfo-0000457802,vrn-0000457802.02,Puncture Vine,1,Flora by Common Names. Leon Levy Native Plant Preserve.,EN,BS,https://levypreserve.org/flora-by-common-name/,Leon Levy Native Plant Preserve.,All rights Preserved
wfo-0000086034,vrn-0000086034.01,Goat Bush,1,Flora by Common Names. Leon Levy Native Plant Preserve.,EN,BS,https://levypreserve.org/flora-by-common-name/,Leon Levy Native Plant Preserve.,All rights Preserved
wfo-0000458140,vrn-0000458140.01,Burr Bush,1,Flora by Common Names. Leon Levy Native Plant Preserve.,EN,BS,https://levypreserve.org/flora-by-common-name/,Leon Levy Native Plant Preserve.,All rights Preserved
wfo-0001143048,vrn-0001143048.02,Daimiana,1,Flora by Common Names. Leon Levy Native Plant Preserve.,EN,BS,https://levypreserve.org/flora-by-common-name/,Leon Levy Native Plant Preserve.,All rights Preserved
wfo-0000457708,vrn-0000457708.03,Bahamian Buttercup,1,Flora by Common Names. Leon Levy Native Plant Preserve.,EN,BS,https://levypreserve.org/flora-by-common-name/,Leon Levy Native Plant Preserve.,All rights Preserved
wfo-0000457708,vrn-0000457708.02,Buttercups,1,Flora by Common Names. Leon Levy Native Plant Preserve.,EN,BS,https://levypreserve.org/flora-by-common-name/,Leon Levy Native Plant Preserve.,All rights Preserved
wfo-0000457708,vrn-0000457708.03,Yellow Alder,1,Flora by Common Names. Leon Levy Native Plant Preserve.,EN,BS,https://levypreserve.org/flora-by-common-name/,Leon Levy Native Plant Preserve.,All rights Preserved
wfo-0000594910,vrn-0000594910.01,Cat Tail,1,Flora by Common Names. Leon Levy Native Plant Preserve.,EN,BS,https://levypreserve.org/flora-by-common-name/,Leon Levy Native Plant Preserve.,All rights Preserved
wfo-0000594910,vrn-0000594910.02,Slag,1,Flora by Common Names. Leon Levy Native Plant Preserve.,EN,BS,https://levypreserve.org/flora-by-common-name/,Leon Levy Native Plant Preserve.,All rights Preserved
wfo-0000594910,vrn-0000594910.03,Down,1,Flora by Common Names. Leon Levy Native Plant Preserve.,EN,BS,https://levypreserve.org/flora-by-common-name/,Leon Levy Native Plant Preserve.,All rights Preserved
wfo-0000906627,vrn-0000906627.01,Sea Oats,1,Flora by Common Names. Leon Levy Native Plant Preserve.,EN,BS,https://levypreserve.org/flora-by-common-name/,Leon Levy Native Plant Preserve.,All rights Preserved
wfo-0000415571,vrn-0000415571.01,Cone Spur Bladderwort,1,Flora by Common Names. Leon Levy Native Plant Preserve.,EN,BS,https://levypreserve.org/flora-by-common-name/,Leon Levy Native Plant Preserve.,All rights Preserved
wfo-0001072709,vrn-0001072709.01,Purple Bladderwort,1,Flora by Common Names. Leon Levy Native Plant Preserve.,EN,BS,https://levypreserve.org/flora-by-common-name/,Leon Levy Native Plant Preserve.,All rights Preserved
wfo-0000330954,vrn-0000330954.01,Piss-A-Bed,1,Flora by Common Names. Leon Levy Native Plant Preserve.,EN,BS,https://levypreserve.org/flora-by-common-name/,Leon Levy Native Plant Preserve.,All rights Preserved
wfo-0000330954,vrn-0000330954.02,Pisser Bed,1,Flora by Common Names. Leon Levy Native Plant Preserve.,EN,BS,https://levypreserve.org/flora-by-common-name/,Leon Levy Native Plant Preserve.,All rights Preserved
wfo-0000330954,vrn-0000330954.03,Pearl Berry,1,Flora by Common Names. Leon Levy Native Plant Preserve.,EN,BS,https://levypreserve.org/flora-by-common-name/,Leon Levy Native Plant Preserve.,All rights Preserved
wfo-0000330954,vrn-0000330954.04,Tear Shrub,1,Flora by Common Names. Leon Levy Native Plant Preserve.,EN,BS,https://levypreserve.org/flora-by-common-name/,Leon Levy Native Plant Preserve.,All rights Preserved
wfo-0000331420,vrn-0000331420.01,Vanilla Vine,1,Flora by Common Names. Leon Levy Native Plant Preserve.,EN,BS,https://levypreserve.org/flora-by-common-name/,Leon Levy Native Plant Preserve.,All rights Preserved
wfo-0000331420,vrn-0000331420.02,Worm Vine,1,Flora by Common Names. Leon Levy Native Plant Preserve.,EN,BS,https://levypreserve.org/flora-by-common-name/,Leon Levy Native Plant Preserve.,All rights Preserved
wfo-0000331420,vrn-0000331420.03,Link Vine,1,Flora by Common Names. Leon Levy Native Plant Preserve.,EN,BS,https://levypreserve.org/flora-by-common-name/,Leon Levy Native Plant Preserve.,All rights Preserved
wfo-0000331420,vrn-0000331420.04,Rope Vine,1,Flora by Common Names. Leon Levy Native Plant Preserve.,EN,BS,https://levypreserve.org/flora-by-common-name/,Leon Levy Native Plant Preserve.,All rights Preserved
wfo-0000002270,vrn-0000002270.01,Iron Weed,1,Flora by Common Names. Leon Levy Native Plant Preserve.,EN,BS,https://levypreserve.org/flora-by-common-name/,Leon Levy Native Plant Preserve.,All rights Preserved
wfo-0000188562,vrn-0000188562.01,Hairy Cow Pea,1,Flora by Common Names. Leon Levy Native Plant Preserve.,EN,BS,https://levypreserve.org/flora-by-common-name/,Leon Levy Native Plant Preserve.,All rights Preserved
wfo-0000188562,vrn-0000188562.02,Yellow Vigna,1,Flora by Common Names. Leon Levy Native Plant Preserve.,EN,BS,https://levypreserve.org/flora-by-common-name/,Leon Levy Native Plant Preserve.,All rights Preserved
wfo-0000333504,vrn-0000333504.01,Arabian Lilac,1,Flora by Common Names. Leon Levy Native Plant Preserve.,EN,BS,https://levypreserve.org/flora-by-common-name/,Leon Levy Native Plant Preserve.,All rights Preserved
wfo-0000333504,vrn-0000333504.02,Simple Leaf Chaste Tree,1,Flora by Common Names. Leon Levy Native Plant Preserve.,EN,BS,https://levypreserve.org/flora-by-common-name/,Leon Levy Native Plant Preserve.,All rights Preserved
wfo-0001145478,vrn-0001145478.01,Wild Grape,1,Flora by Common Names. Leon Levy Native Plant Preserve.,EN,BS,https://levypreserve.org/flora-by-common-name/,Leon Levy Native Plant Preserve.,All rights Preserved
wfo-0001112652,vrn-0001112652.01,Shoe String Fern,1,Flora by Common Names. Leon Levy Native Plant Preserve.,EN,BS,https://levypreserve.org/flora-by-common-name/,Leon Levy Native Plant Preserve.,All rights Preserved
wfo-0001112652,vrn-0001112652.02,Grass Fern ,1,Flora by Common Names. Leon Levy Native Plant Preserve.,EN,BS,https://levypreserve.org/flora-by-common-name/,Leon Levy Native Plant Preserve.,All rights Preserved
wfo-0000418042,vrn-0000418042.01,Bahama Waltheria,1,Flora by Common Names. Leon Levy Native Plant Preserve.,EN,BS,https://levypreserve.org/flora-by-common-name/,Leon Levy Native Plant Preserve.,All rights Preserved
wfo-0000427365,vrn-0000427365.01,Sleepy Morning,1,Flora by Common Names. Leon Levy Native Plant Preserve.,EN,BS,https://levypreserve.org/flora-by-common-name/,Leon Levy Native Plant Preserve.,All rights Preserved
wfo-0000018953,vrn-0000018953.01,Rong Bush,1,Flora by Common Names. Leon Levy Native Plant Preserve.,EN,BS,https://levypreserve.org/flora-by-common-name/,Leon Levy Native Plant Preserve.,All rights Preserved
wfo-0000752064,vrn-0000752064.01,Spanish Bayonet,1,Flora by Common Names. Leon Levy Native Plant Preserve.,EN,BS,https://levypreserve.org/flora-by-common-name/,Leon Levy Native Plant Preserve.,All rights Preserved
wfo-0000752064,vrn-0000752064.02,Dagger Plant,1,Flora by Common Names. Leon Levy Native Plant Preserve.,EN,BS,https://levypreserve.org/flora-by-common-name/,Leon Levy Native Plant Preserve.,All rights Preserved
wfo-0000429855,vrn-0000429855.01,Eleuthera Coontie,1,Flora by Common Names. Leon Levy Native Plant Preserve.,EN,BS,https://levypreserve.org/flora-by-common-name/,Leon Levy Native Plant Preserve.,All rights Preserved
wfo-0000429999,vrn-0000429999.01,Coontie,1,Flora by Common Names. Leon Levy Native Plant Preserve.,EN,BS,https://levypreserve.org/flora-by-common-name/,Leon Levy Native Plant Preserve.,All rights Preserved
wfo-0000429999,vrn-0000429999.02,Bay Rush,1,Flora by Common Names. Leon Levy Native Plant Preserve.,EN,BS,https://levypreserve.org/flora-by-common-name/,Leon Levy Native Plant Preserve.,All rights Preserved
wfo-0000429935,vrn-0000429935.01,Long Island Coontie,1,Flora by Common Names. Leon Levy Native Plant Preserve.,EN,BS,https://levypreserve.org/flora-by-common-name/,Leon Levy Native Plant Preserve.,All rights Preserved
wfo-0000429943,vrn-0000429943.01,Coontie,1,Flora by Common Names. Leon Levy Native Plant Preserve.,EN,BS,https://levypreserve.org/flora-by-common-name/,Leon Levy Native Plant Preserve.,All rights Preserved
wfo-0000429943,vrn-0000429943.02,Bay Rush,1,Flora by Common Names. Leon Levy Native Plant Preserve.,EN,BS,https://levypreserve.org/flora-by-common-name/,Leon Levy Native Plant Preserve.,All rights Preserved
wfo-0001132901,vrn-0001132901.01,Hercules Club,1,Flora by Common Names. Leon Levy Native Plant Preserve.,EN,BS,https://levypreserve.org/flora-by-common-name/,Leon Levy Native Plant Preserve.,All rights Preserved
wfo-0001132901,vrn-0001132901.02,Doctors Club,1,Flora by Common Names. Leon Levy Native Plant Preserve.,EN,BS,https://levypreserve.org/flora-by-common-name/,Leon Levy Native Plant Preserve.,All rights Preserved
wfo-0001132901,vrn-0001132901.03,Shake Hand,1,Flora by Common Names. Leon Levy Native Plant Preserve.,EN,BS,https://levypreserve.org/flora-by-common-name/,Leon Levy Native Plant Preserve.,All rights Preserved
wfo-0001132901,vrn-0001132901.04,Leathery Prickly Ash,1,Flora by Common Names. Leon Levy Native Plant Preserve.,EN,BS,https://levypreserve.org/flora-by-common-name/,Leon Levy Native Plant Preserve.,All rights Preserved
wfo-0001238811,vrn-0001238811.01,Cuban Yellow Wood,1,Flora by Common Names. Leon Levy Native Plant Preserve.,EN,BS,https://levypreserve.org/flora-by-common-name/,Leon Levy Native Plant Preserve.,All rights Preserved
wfo-0000429502,vrn-0000429502.01,Wild Lime,1,Flora by Common Names. Leon Levy Native Plant Preserve.,EN,BS,https://levypreserve.org/flora-by-common-name/,Leon Levy Native Plant Preserve.,All rights Preserved
wfo-0000429502,vrn-0000429502.02,Satin Wood,1,Flora by Common Names. Leon Levy Native Plant Preserve.,EN,BS,https://levypreserve.org/flora-by-common-name/,Leon Levy Native Plant Preserve.,All rights Preserved
wfo-0000429502,vrn-0000429502.03,Prickly Ash,1,Flora by Common Names. Leon Levy Native Plant Preserve.,EN,BS,https://levypreserve.org/flora-by-common-name/,Leon Levy Native Plant Preserve.,All rights Preserved
wfo-0000429509,vrn-0000429509.01,Yellow Wood,1,Flora by Common Names. Leon Levy Native Plant Preserve.,EN,BS,https://levypreserve.org/flora-by-common-name/,Leon Levy Native Plant Preserve.,All rights Preserved
wfo-0000429509,vrn-0000429509.02,Satin Wood,1,Flora by Common Names. Leon Levy Native Plant Preserve.,EN,BS,https://levypreserve.org/flora-by-common-name/,Leon Levy Native Plant Preserve.,All rights Preserved
wfo-0000429509,vrn-0000429509.03,Yellow Sanders,1,Flora by Common Names. Leon Levy Native Plant Preserve.,EN,BS,https://levypreserve.org/flora-by-common-name/,Leon Levy Native Plant Preserve.,All rights Preserved
wfo-0000429509,vrn-0000429509.04,Yellow Heart,1,Flora by Common Names. Leon Levy Native Plant Preserve.,EN,BS,https://levypreserve.org/flora-by-common-name/,Leon Levy Native Plant Preserve.,All rights Preserved
wfo-0000752509,vrn-0000752509.01,Rain Lily,1,Flora by Common Names. Leon Levy Native Plant Preserve.,EN,BS,https://levypreserve.org/flora-by-common-name/,Leon Levy Native Plant Preserve.,All rights Preserved
wfo-0000752509,vrn-0000752509.02,Yellow Rain Lily,1,Flora by Common Names. Leon Levy Native Plant Preserve.,EN,BS,https://levypreserve.org/flora-by-common-name/,Leon Levy Native Plant Preserve.,All rights Preserved
wfo-0000752509,vrn-0000752509.03,Shallot,1,Flora by Common Names. Leon Levy Native Plant Preserve.,EN,BS,https://levypreserve.org/flora-by-common-name/,Leon Levy Native Plant Preserve.,All rights Preserved
wfo-0000752509,vrn-0000752509.04,Wild Shallot,1,Flora by Common Names. Leon Levy Native Plant Preserve.,EN,BS,https://levypreserve.org/flora-by-common-name/,Leon Levy Native Plant Preserve.,All rights Preserved
wfo-0000752509,vrn-0000752509.05,Yellow Crocus,1,Flora by Common Names. Leon Levy Native Plant Preserve.,EN,BS,https://levypreserve.org/flora-by-common-name/,Leon Levy Native Plant Preserve.,All rights Preserved
wfo-0000752420,vrn-0000752420.01,White Rain Lily,1,Flora by Common Names. Leon Levy Native Plant Preserve.,EN,BS,https://levypreserve.org/flora-by-common-name/,Leon Levy Native Plant Preserve.,All rights Preserved
wfo-0000752515,vrn-0000752515.01,Pink Rain Lily,1,Flora by Common Names. Leon Levy Native Plant Preserve.,EN,BS,https://levypreserve.org/flora-by-common-name/,Leon Levy Native Plant Preserve.,All rights Preserved
wfo-0000752515,vrn-0000752515.02,Lily Grass,1,Flora by Common Names. Leon Levy Native Plant Preserve.,EN,BS,https://levypreserve.org/flora-by-common-name/,Leon Levy Native Plant Preserve.,All rights Preserved
wfo-0000752515,vrn-0000752515.03,Atamasco Lily,1,Flora by Common Names. Leon Levy Native Plant Preserve.,EN,BS,https://levypreserve.org/flora-by-common-name/,Leon Levy Native Plant Preserve.,All rights Preserved
wfo-0000430303,vrn-0000430303.01,Jujube,1,Flora by Common Names. Leon Levy Native Plant Preserve.,EN,BS,https://levypreserve.org/flora-by-common-name/,Leon Levy Native Plant Preserve.,All rights Preserved
wfo-0000908055,vrn-0000908055.01,Mascarene Grass,1,Flora by Common Names. Leon Levy Native Plant Preserve.,EN,BS,https://levypreserve.org/flora-by-common-name/,Leon Levy Native Plant Preserve.,All rights Preserved
wfo-0000908055,vrn-0000908055.02,Zoysia Grass,1,Flora by Common Names. Leon Levy Native Plant Preserve.,EN,BS,https://levypreserve.org/flora-by-common-name/,Leon Levy Native Plant Preserve.,All rights Preserved
wfo-0000452202,vrn-0000452202.01,Smooth Melochia,1,Flora by Common Names. Leon Levy Native Plant Preserve.,EN,BS,https://levypreserve.org/flora-by-common-name/,Leon Levy Native Plant Preserve.,All rights Preserved
wfo-0001296663,vrn-0001296663.01,Pink Morning Glory,1,Flora by Common Names. Leon Levy Native Plant Preserve.,EN,BS,https://levypreserve.org/flora-by-common-name/,Leon Levy Native Plant Preserve.,All rights Preserved
wfo-0000764396,vrn-0000764396.01,Poison Bulb,1,Flora by Common Names. Leon Levy Native Plant Preserve.,EN,BS,https://levypreserve.org/flora-by-common-name/,Leon Levy Native Plant Preserve.,All rights Preserved
wfo-0000764396,vrn-0000764396.02,Giant Crinum Lily,1,Flora by Common Names. Leon Levy Native Plant Preserve.,EN,BS,https://levypreserve.org/flora-by-common-name/,Leon Levy Native Plant Preserve.,All rights Preserved
wfo-0000764753,vrn-0000764753.01,Crinum Lily,1,Flora by Common Names. Leon Levy Native Plant Preserve.,EN,BS,https://levypreserve.org/flora-by-common-name/,Leon Levy Native Plant Preserve.,All rights Preserved
wfo-0000764753,vrn-0000764753.02,Milk and Wine Lily,1,Flora by Common Names. Leon Levy Native Plant Preserve.,EN,BS,https://levypreserve.org/flora-by-common-name/,Leon Levy Native Plant Preserve.,All rights Preserved
wfo-0000764753,vrn-0000764753.03,Ceylon Swamp Lily,1,Flora by Common Names. Leon Levy Native Plant Preserve.,EN,BS,https://levypreserve.org/flora-by-common-name/,Leon Levy Native Plant Preserve.,All rights Preserved
wfo-0000810099,vrn-0000810099.01,Lucky Nut,1,Flora by Common Names. Leon Levy Native Plant Preserve.,EN,BS,https://levypreserve.org/flora-by-common-name/,Leon Levy Native Plant Preserve.,All rights Preserved
wfo-0000810099,vrn-0000810099.02,Luck Seed,1,Flora by Common Names. Leon Levy Native Plant Preserve.,EN,BS,https://levypreserve.org/flora-by-common-name/,Leon Levy Native Plant Preserve.,All rights Preserved
wfo-0000810099,vrn-0000810099.03,Cathartic Bark,1,Flora by Common Names. Leon Levy Native Plant Preserve.,EN,BS,https://levypreserve.org/flora-by-common-name/,Leon Levy Native Plant Preserve.,All rights Preserved
wfo-0000810099,vrn-0000810099.04,French Trumpet Flower,1,Flora by Common Names. Leon Levy Native Plant Preserve.,EN,BS,https://levypreserve.org/flora-by-common-name/,Leon Levy Native Plant Preserve.,All rights Preserved
wfo-0000628489,vrn-0000628489.01,Rubber Vine,1,Flora by Common Names. Leon Levy Native Plant Preserve.,EN,BS,https://levypreserve.org/flora-by-common-name/,Leon Levy Native Plant Preserve.,All rights Preserved
wfo-0000628489,vrn-0000628489.02,Purple Allamanda,1,Flora by Common Names. Leon Levy Native Plant Preserve.,EN,BS,https://levypreserve.org/flora-by-common-name/,Leon Levy Native Plant Preserve.,All rights Preserved
wfo-0000687511,vrn-0000687511.01,Benjamin Fig,1,Flora by Common Names. Leon Levy Native Plant Preserve.,EN,BS,https://levypreserve.org/flora-by-common-name/,Leon Levy Native Plant Preserve.,All rights Preserved
wfo-0000687511,vrn-0000687511.02,Waringin,1,Flora by Common Names. Leon Levy Native Plant Preserve.,EN,BS,https://levypreserve.org/flora-by-common-name/,Leon Levy Native Plant Preserve.,All rights Preserved
wfo-0000687511,vrn-0000687511.03,Weeping Fig,1,Flora by Common Names. Leon Levy Native Plant Preserve.,EN,BS,https://levypreserve.org/flora-by-common-name/,Leon Levy Native Plant Preserve.,All rights Preserved
wfo-0000567944,vrn-0000567944.01,Smooth Hog Weed,1,Flora by Common Names. Leon Levy Native Plant Preserve.,EN,BS,https://levypreserve.org/flora-by-common-name/,Leon Levy Native Plant Preserve.,All rights Preserved
wfo-0000607033,vrn-0000607033.01,Pudding Vine,1,Flora by Common Names. Leon Levy Native Plant Preserve.,EN,BS,https://levypreserve.org/flora-by-common-name/,Leon Levy Native Plant Preserve.,All rights Preserved
wfo-0000607033,vrn-0000607033.02,Princess Vine,1,Flora by Common Names. Leon Levy Native Plant Preserve.,EN,BS,https://levypreserve.org/flora-by-common-name/,Leon Levy Native Plant Preserve.,All rights Preserved
wfo-0000607033,vrn-0000607033.03,Season Vine,1,Flora by Common Names. Leon Levy Native Plant Preserve.,EN,BS,https://levypreserve.org/flora-by-common-name/,Leon Levy Native Plant Preserve.,All rights Preserved
wfo-0000018279,vrn-0000018279.01,Mexican Sunflower,1,Flora by Common Names. Leon Levy Native Plant Preserve.,EN,BS,https://levypreserve.org/flora-by-common-name/,Leon Levy Native Plant Preserve.,All rights Preserved
wfo-0000018279,vrn-0000018279.02,Tree Marigold,1,Flora by Common Names. Leon Levy Native Plant Preserve.,EN,BS,https://levypreserve.org/flora-by-common-name/,Leon Levy Native Plant Preserve.,All rights Preserved
wfo-0000214363,vrn-0000214363.01,Barbados Pride,1,Flora by Common Names. Leon Levy Native Plant Preserve.,EN,BS,https://levypreserve.org/flora-by-common-name/,Leon Levy Native Plant Preserve.,All rights Preserved
wfo-0000214363,vrn-0000214363.02,Pride of Barbados,1,Flora by Common Names. Leon Levy Native Plant Preserve.,EN,BS,https://levypreserve.org/flora-by-common-name/,Leon Levy Native Plant Preserve.,All rights Preserved
wfo-0000214363,vrn-0000214363.03,Dwarf Poinciana,1,Flora by Common Names. Leon Levy Native Plant Preserve.,EN,BS,https://levypreserve.org/flora-by-common-name/,Leon Levy Native Plant Preserve.,All rights Preserved
wfo-0000116726,vrn-0000116726.01,Sliver Leaf Sunflower,1,Flora by Common Names. Leon Levy Native Plant Preserve.,EN,BS,https://levypreserve.org/flora-by-common-name/,Leon Levy Native Plant Preserve.,All rights Preserved
wfo-0001299505,vrn-0001299505.01,Devil's Back Bone,1,Flora by Common Names. Leon Levy Native Plant Preserve.,EN,BS,https://levypreserve.org/flora-by-common-name/,Leon Levy Native Plant Preserve.,All rights Preserved
wfo-0001299505,vrn-0001299505.02,Mexican Hat Plant,1,Flora by Common Names. Leon Levy Native Plant Preserve.,EN,BS,https://levypreserve.org/flora-by-common-name/,Leon Levy Native Plant Preserve.,All rights Preserved
wfo-0000203743,vrn-0000203743.01,Pigeon Pea,1,Flora by Common Names. Leon Levy Native Plant Preserve.,EN,BS,https://levypreserve.org/flora-by-common-name/,Leon Levy Native Plant Preserve.,All rights Preserved
wfo-0000298327,vrn-0000298327.01,Royal Palm,1,Flora by Common Names. Leon Levy Native Plant Preserve.,EN,BS,https://levypreserve.org/flora-by-common-name/,Leon Levy Native Plant Preserve.,All rights Preserved
wfo-0000298327,vrn-0000298327.02,Cabbage Palm,1,Flora by Common Names. Leon Levy Native Plant Preserve.,EN,BS,https://levypreserve.org/flora-by-common-name/,Leon Levy Native Plant Preserve.,All rights Preserved
wfo-0000898104,vrn-0000898104.01,Wire Blue Stem,1,Flora by Common Names. Leon Levy Native Plant Preserve.,EN,BS,https://levypreserve.org/flora-by-common-name/,Leon Levy Native Plant Preserve.,All rights Preserved
wfo-0000124764,vrn-0000124764.01,Mexican Flame Vine,1,Flora by Common Names. Leon Levy Native Plant Preserve.,EN,BS,https://levypreserve.org/flora-by-common-name/,Leon Levy Native Plant Preserve.,All rights Preserved
wfo-0000474309,vrn-0000474309.01,Virginian Creeper,1,Flora by Common Names. Leon Levy Native Plant Preserve.,EN,BS,https://levypreserve.org/flora-by-common-name/,Leon Levy Native Plant Preserve.,All rights Preserved
wfo-0000412108,vrn-0000412108.01,Snow Bush,1,Flora by Common Names. Leon Levy Native Plant Preserve.,EN,BS,https://levypreserve.org/flora-by-common-name/,Leon Levy Native Plant Preserve.,All rights Preserved
wfo-1000022844,vrn-1000022844.01,Umbrella Tree,1,Flora by Common Names. Leon Levy Native Plant Preserve.,EN,BS,https://levypreserve.org/flora-by-common-name/,Leon Levy Native Plant Preserve.,All rights Preserved
wfo-0000940858,vrn-0000940858.01,Candle Nut,1,Flora by Common Names. Leon Levy Native Plant Preserve.,EN,BS,https://levypreserve.org/flora-by-common-name/,Leon Levy Native Plant Preserve.,All rights Preserved
wfo-0000940858,vrn-0000940858.02,Candle Berry,1,Flora by Common Names. Leon Levy Native Plant Preserve.,EN,BS,https://levypreserve.org/flora-by-common-name/,Leon Levy Native Plant Preserve.,All rights Preserved
wfo-0000940858,vrn-0000940858.03,Varnish Tree,1,Flora by Common Names. Leon Levy Native Plant Preserve.,EN,BS,https://levypreserve.org/flora-by-common-name/,Leon Levy Native Plant Preserve.,All rights Preserved
wfo-0000435489,vrn-0000435489.01,Scarlet Plum,1,Flora by Common Names. Leon Levy Native Plant Preserve.,EN,BS,https://levypreserve.org/flora-by-common-name/,Leon Levy Native Plant Preserve.,All rights Preserved
wfo-0000435489,vrn-0000435489.02,Purple Mombin,1,Flora by Common Names. Leon Levy Native Plant Preserve.,EN,BS,https://levypreserve.org/flora-by-common-name/,Leon Levy Native Plant Preserve.,All rights Preserved
wfo-0000435489,vrn-0000435489.03,Jocote,1,Flora by Common Names. Leon Levy Native Plant Preserve.,EN,BS,https://levypreserve.org/flora-by-common-name/,Leon Levy Native Plant Preserve.,All rights Preserved
wfo-0001077669,vrn-0001077669.01,Mahoe,1,Flora by Common Names. Leon Levy Native Plant Preserve.,EN,BS,https://levypreserve.org/flora-by-common-name/,Leon Levy Native Plant Preserve.,All rights Preserved
wfo-0001077669,vrn-0001077669.02,Sea Hibiscus,1,Flora by Common Names. Leon Levy Native Plant Preserve.,EN,BS,https://levypreserve.org/flora-by-common-name/,Leon Levy Native Plant Preserve.,All rights Preserved
wfo-0001077669,vrn-0001077669.03,Cotton Wood,1,Flora by Common Names. Leon Levy Native Plant Preserve.,EN,BS,https://levypreserve.org/flora-by-common-name/,Leon Levy Native Plant Preserve.,All rights Preserved
wfo-0000905170,vrn-0000905170.01,Croton,1,Flora by Common Names. Leon Levy Native Plant Preserve.,EN,BS,https://levypreserve.org/flora-by-common-name/,Leon Levy Native Plant Preserve.,All rights Preserved
wfo-0000867400,vrn-0000867400.01,Bahama Love Grass,1,Flora by Common Names. Leon Levy Native Plant Preserve.,EN,BS,https://levypreserve.org/flora-by-common-name/,Leon Levy Native Plant Preserve.,All rights Preserved
wfo-0000887298,vrn-0000887298.01,Thick Ditch Crown Grass,1,Flora by Common Names. Leon Levy Native Plant Preserve.,EN,BS,https://levypreserve.org/flora-by-common-name/,Leon Levy Native Plant Preserve.,All rights Preserved
wfo-0000878966,vrn-0000878966.01,Guinea Grass,1,Flora by Common Names. Leon Levy Native Plant Preserve.,EN,BS,https://levypreserve.org/flora-by-common-name/,Leon Levy Native Plant Preserve.,All rights Preserved
wfo-0000878966,vrn-0000878966.02,Panic Grass,1,Flora by Common Names. Leon Levy Native Plant Preserve.,EN,BS,https://levypreserve.org/flora-by-common-name/,Leon Levy Native Plant Preserve.,All rights Preserved
wfo-0000379831,vrn-0000379831.01,Flat Leaf Flat Sedge,1,Flora by Common Names. Leon Levy Native Plant Preserve.,EN,BS,https://levypreserve.org/flora-by-common-name/,Leon Levy Native Plant Preserve.,All rights Preserved
wfo-0000379831,vrn-0000379831.02,Sand Cyperus,1,Flora by Common Names. Leon Levy Native Plant Preserve.,EN,BS,https://levypreserve.org/flora-by-common-name/,Leon Levy Native Plant Preserve.,All rights Preserved
wfo-0000137822,vrn-0000137822.01,Common Tick Seed,1,Flora by Common Names. Leon Levy Native Plant Preserve.,EN,BS,https://levypreserve.org/flora-by-common-name/,Leon Levy Native Plant Preserve.,All rights Preserved
wfo-0000137822,vrn-0000137822.02,Leavenworth’s Tick Seed,1,Flora by Common Names. Leon Levy Native Plant Preserve.,EN,BS,https://levypreserve.org/flora-by-common-name/,Leon Levy Native Plant Preserve.,All rights Preserved
wfo-0000381487,vrn-0000381487.01,Nut Sedge,1,Flora by Common Names. Leon Levy Native Plant Preserve.,EN,BS,https://levypreserve.org/flora-by-common-name/,Leon Levy Native Plant Preserve.,All rights Preserved
wfo-0000381487,vrn-0000381487.02,Nut Grass,1,Flora by Common Names. Leon Levy Native Plant Preserve.,EN,BS,https://levypreserve.org/flora-by-common-name/,Leon Levy Native Plant Preserve.,All rights Preserved
wfo-0000853828,vrn-0000853828.01,Pitted Blue Stem,1,Flora by Common Names. Leon Levy Native Plant Preserve.,EN,BS,https://levypreserve.org/flora-by-common-name/,Leon Levy Native Plant Preserve.,All rights Preserved
wfo-0000474656,vrn-0000474656.01,Banana,1,Flora by Common Names. Leon Levy Native Plant Preserve.,EN,BS,https://levypreserve.org/flora-by-common-name/,Leon Levy Native Plant Preserve.,All rights Preserved
wfo-0000474656,vrn-0000474656.02,Plantain,1,Flora by Common Names. Leon Levy Native Plant Preserve.,EN,BS,https://levypreserve.org/flora-by-common-name/,Leon Levy Native Plant Preserve.,All rights Preserved
wfo-0000581184,vrn-0000581184.01,Tamanu,1,Flora by Common Names. Leon Levy Native Plant Preserve.,EN,BS,https://levypreserve.org/flora-by-common-name/,Leon Levy Native Plant Preserve.,All rights Preserved
wfo-0000581184,vrn-0000581184.02,Mast Wood,1,Flora by Common Names. Leon Levy Native Plant Preserve.,EN,BS,https://levypreserve.org/flora-by-common-name/,Leon Levy Native Plant Preserve.,All rights Preserved
wfo-0000581184,vrn-0000581184.03,Beauty Leaf,1,Flora by Common Names. Leon Levy Native Plant Preserve.,EN,BS,https://levypreserve.org/flora-by-common-name/,Leon Levy Native Plant Preserve.,All rights Preserved
wfo-0000581184,vrn-0000581184.04,Ball Nut,1,Flora by Common Names. Leon Levy Native Plant Preserve.,EN,BS,https://levypreserve.org/flora-by-common-name/,Leon Levy Native Plant Preserve.,All rights Preserved
wfo-0000402425,vrn-0000402425.01,Jointed Charlock,1,Flora by Common Names. Leon Levy Native Plant Preserve.,EN,BS,https://levypreserve.org/flora-by-common-name/,Leon Levy Native Plant Preserve.,All rights Preserved
wfo-0000402425,vrn-0000402425.02,Wild Radish,1,Flora by Common Names. Leon Levy Native Plant Preserve.,EN,BS,https://levypreserve.org/flora-by-common-name/,Leon Levy Native Plant Preserve.,All rights Preserved
wfo-0000574601,vrn-0000574601.01,Sip Che,1,Flora by Common Names. Leon Levy Native Plant Preserve.,EN,BS,https://levypreserve.org/flora-by-common-name/,Leon Levy Native Plant Preserve.,All rights Preserved
wfo-0000574601,vrn-0000574601.02,Peanut Butter Fruit,1,Flora by Common Names. Leon Levy Native Plant Preserve.,EN,BS,https://levypreserve.org/flora-by-common-name/,Leon Levy Native Plant Preserve.,All rights Preserved
wfo-0000823202,vrn-0000823202.01,Country Spinach,1,Flora by Common Names. Leon Levy Native Plant Preserve.,EN,BS,https://levypreserve.org/flora-by-common-name/,Leon Levy Native Plant Preserve.,All rights Preserved
wfo-0000823202,vrn-0000823202.02,Malabar Spinach,1,Flora by Common Names. Leon Levy Native Plant Preserve.,EN,BS,https://levypreserve.org/flora-by-common-name/,Leon Levy Native Plant Preserve.,All rights Preserved
wfo-0000691487,vrn-0000691487.01,Fennel,1,Flora by Common Names. Leon Levy Native Plant Preserve.,EN,BS,https://levypreserve.org/flora-by-common-name/,Leon Levy Native Plant Preserve.,All rights Preserved
wfo-0001069061,vrn-0001069061.01,Marsh Parsley,1,Flora by Common Names. Leon Levy Native Plant Preserve.,EN,BS,https://levypreserve.org/flora-by-common-name/,Leon Levy Native Plant Preserve.,All rights Preserved
wfo-0001069061,vrn-0001069061.02,Slender Celery,1,Flora by Common Names. Leon Levy Native Plant Preserve.,EN,BS,https://levypreserve.org/flora-by-common-name/,Leon Levy Native Plant Preserve.,All rights Preserved
wfo-0001069061,vrn-0001069061.03,Fir Leaf Celery,1,Flora by Common Names. Leon Levy Native Plant Preserve.,EN,BS,https://levypreserve.org/flora-by-common-name/,Leon Levy Native Plant Preserve.,All rights Preserved
wfo-0000375040,vrn-0000375040.01,Mamey,1,Flora by Common Names. Leon Levy Native Plant Preserve.,EN,BS,https://levypreserve.org/flora-by-common-name/,Leon Levy Native Plant Preserve.,All rights Preserved
wfo-0000375040,vrn-0000375040.02,Mammee Apple,1,Flora by Common Names. Leon Levy Native Plant Preserve.,EN,BS,https://levypreserve.org/flora-by-common-name/,Leon Levy Native Plant Preserve.,All rights Preserved
wfo-0000375040,vrn-0000375040.03,South American Apricot,1,Flora by Common Names. Leon Levy Native Plant Preserve.,EN,BS,https://levypreserve.org/flora-by-common-name/,Leon Levy Native Plant Preserve.,All rights Preserved
wfo-0000281610,vrn-0000281610.01,Egg Fruit,1,Flora by Common Names. Leon Levy Native Plant Preserve.,EN,BS,https://levypreserve.org/flora-by-common-name/,Leon Levy Native Plant Preserve.,All rights Preserved
wfo-0000281610,vrn-0000281610.02,Canistel,1,Flora by Common Names. Leon Levy Native Plant Preserve.,EN,BS,https://levypreserve.org/flora-by-common-name/,Leon Levy Native Plant Preserve.,All rights Preserved
wfo-0000327404,vrn-0000327404.01,Field Copper Leaf,1,Flora by Common Names. Leon Levy Native Plant Preserve.,EN,BS,https://levypreserve.org/flora-by-common-name/,Leon Levy Native Plant Preserve.,All rights Preserved
wfo-0000481950,vrn-0000481950.01,Obeah Bush,1,Flora by Common Names. Leon Levy Native Plant Preserve.,EN,BS,https://levypreserve.org/flora-by-common-name/,Leon Levy Native Plant Preserve.,All rights Preserved
wfo-0000481950,vrn-0000481950.02,Bad Obeah Bush,1,Flora by Common Names. Leon Levy Native Plant Preserve.,EN,BS,https://levypreserve.org/flora-by-common-name/,Leon Levy Native Plant Preserve.,All rights Preserved
wfo-0000481950,vrn-0000481950.03,Garlic Weed,1,Flora by Common Names. Leon Levy Native Plant Preserve.,EN,BS,https://levypreserve.org/flora-by-common-name/,Leon Levy Native Plant Preserve.,All rights Preserved
wfo-0000481950,vrn-0000481950.04,Guinea Hen,1,Flora by Common Names. Leon Levy Native Plant Preserve.,EN,BS,https://levypreserve.org/flora-by-common-name/,Leon Levy Native Plant Preserve.,All rights Preserved
wfo-0000886685,vrn-0000886685.01,Flaming Glory Bower,1,Flora by Common Names. Leon Levy Native Plant Preserve.,EN,BS,https://levypreserve.org/flora-by-common-name/,Leon Levy Native Plant Preserve.,All rights Preserved
wfo-0000886685,vrn-0000886685.02,Bleeding Heart Vine,1,Flora by Common Names. Leon Levy Native Plant Preserve.,EN,BS,https://levypreserve.org/flora-by-common-name/,Leon Levy Native Plant Preserve.,All rights Preserved
wfo-0000886685,vrn-0000886685.03,Pagoda Flower,1,Flora by Common Names. Leon Levy Native Plant Preserve.,EN,BS,https://levypreserve.org/flora-by-common-name/,Leon Levy Native Plant Preserve.,All rights Preserved
wfo-0001019982,vrn-0001019982.01,Hot Pepper,1,Flora by Common Names. Leon Levy Native Plant Preserve.,EN,BS,https://levypreserve.org/flora-by-common-name/,Leon Levy Native Plant Preserve.,All rights Preserved
wfo-0001019982,vrn-0001019982.02,Bird Pepper,1,Flora by Common Names. Leon Levy Native Plant Preserve.,EN,BS,https://levypreserve.org/flora-by-common-name/,Leon Levy Native Plant Preserve.,All rights Preserved
wfo-0001019982,vrn-0001019982.03,Chili Pepper,1,Flora by Common Names. Leon Levy Native Plant Preserve.,EN,BS,https://levypreserve.org/flora-by-common-name/,Leon Levy Native Plant Preserve.,All rights Preserved
wfo-0001019982,vrn-0001019982.04,Sweet Pepper,1,Flora by Common Names. Leon Levy Native Plant Preserve.,EN,BS,https://levypreserve.org/flora-by-common-name/,Leon Levy Native Plant Preserve.,All rights Preserved
wfo-0001019982,vrn-0001019982.05,Cayenne Pepper,1,Flora by Common Names. Leon Levy Native Plant Preserve.,EN,BS,https://levypreserve.org/flora-by-common-name/,Leon Levy Native Plant Preserve.,All rights Preserved
wfo-0001019982,vrn-0001019982.06,Bell Pepper,1,Flora by Common Names. Leon Levy Native Plant Preserve.,EN,BS,https://levypreserve.org/flora-by-common-name/,Leon Levy Native Plant Preserve.,All rights Preserved
wfo-0001029216,vrn-0001029216.01,Tomato,1,Flora by Common Names. Leon Levy Native Plant Preserve.,EN,BS,https://levypreserve.org/flora-by-common-name/,Leon Levy Native Plant Preserve.,All rights Preserved
wfo-0000174378,vrn-0000174378.01,Peanut,1,Flora by Common Names. Leon Levy Native Plant Preserve.,EN,BS,https://levypreserve.org/flora-by-common-name/,Leon Levy Native Plant Preserve.,All rights Preserved
wfo-0000174378,vrn-0000174378.02,Ground Nut,1,Flora by Common Names. Leon Levy Native Plant Preserve.,EN,BS,https://levypreserve.org/flora-by-common-name/,Leon Levy Native Plant Preserve.,All rights Preserved
wfo-0000174378,vrn-0000174378.03,Goober,1,Flora by Common Names. Leon Levy Native Plant Preserve.,EN,BS,https://levypreserve.org/flora-by-common-name/,Leon Levy Native Plant Preserve.,All rights Preserved
wfo-0000235507,vrn-0000235507.01,Casava,1,Flora by Common Names. Leon Levy Native Plant Preserve.,EN,BS,https://levypreserve.org/flora-by-common-name/,Leon Levy Native Plant Preserve.,All rights Preserved
wfo-0000235507,vrn-0000235507.02,Manioc,1,Flora by Common Names. Leon Levy Native Plant Preserve.,EN,BS,https://levypreserve.org/flora-by-common-name/,Leon Levy Native Plant Preserve.,All rights Preserved
wfo-0000507501,vrn-0000507501.01,Greater Caltrop,1,Flora by Common Names. Leon Levy Native Plant Preserve.,EN,BS,https://levypreserve.org/flora-by-common-name/,Leon Levy Native Plant Preserve.,All rights Preserved
wfo-0000687690,vrn-0000687690.01,Fig,1,Flora by Common Names. Leon Levy Native Plant Preserve.,EN,BS,https://levypreserve.org/flora-by-common-name/,Leon Levy Native Plant Preserve.,All rights Preserved
wfo-0000687690,vrn-0000687690.02,Common Fig,1,Flora by Common Names. Leon Levy Native Plant Preserve.,EN,BS,https://levypreserve.org/flora-by-common-name/,Leon Levy Native Plant Preserve.,All rights Preserved
wfo-0000687690,vrn-0000687690.03,Fig Tree,1,Flora by Common Names. Leon Levy Native Plant Preserve.,EN,BS,https://levypreserve.org/flora-by-common-name/,Leon Levy Native Plant Preserve.,All rights Preserved
wfo-0000959410,vrn-0000959410.01,Surinam Cherry,1,Flora by Common Names. Leon Levy Native Plant Preserve.,EN,BS,https://levypreserve.org/flora-by-common-name/,Leon Levy Native Plant Preserve.,All rights Preserved
wfo-0000568087,vrn-0000568087.01,Gome Bush,1,Flora by Common Names. Leon Levy Native Plant Preserve.,EN,BS,https://levypreserve.org/flora-by-common-name/,Leon Levy Native Plant Preserve.,All rights Preserved
wfo-0000568087,vrn-0000568087.01,Chick Weed,1,Flora by Common Names. Leon Levy Native Plant Preserve.,EN,BS,https://levypreserve.org/flora-by-common-name/,Leon Levy Native Plant Preserve.,All rights Preserved
wfo-0000901635,vrn-0000901635.01,St. Augustine Grass,1,Flora by Common Names. Leon Levy Native Plant Preserve.,EN,BS,https://levypreserve.org/flora-by-common-name/,Leon Levy Native Plant Preserve.,All rights Preserved
wfo-0000901635,vrn-0000901635.02,Running Crab Grass,1,Flora by Common Names. Leon Levy Native Plant Preserve.,EN,BS,https://levypreserve.org/flora-by-common-name/,Leon Levy Native Plant Preserve.,All rights Preserved
wfo-0000607858,vrn-0000607858.01,Watermelon,1,Flora by Common Names. Leon Levy Native Plant Preserve.,EN,BS,https://levypreserve.org/flora-by-common-name/,Leon Levy Native Plant Preserve.,All rights Preserved
wfo-0000210929,vrn-0000210929.01,Purple Rattle Box,1,Flora by Common Names. Leon Levy Native Plant Preserve.,EN,BS,https://levypreserve.org/flora-by-common-name/,Leon Levy Native Plant Preserve.,All rights Preserved
wfo-0000210929,vrn-0000210929.02,Blue Rattle Weed,1,Flora by Common Names. Leon Levy Native Plant Preserve.,EN,BS,https://levypreserve.org/flora-by-common-name/,Leon Levy Native Plant Preserve.,All rights Preserved
wfo-0000465160,vrn-0000465160.01,Pear,1,Flora by Common Names. Leon Levy Native Plant Preserve.,EN,BS,https://levypreserve.org/flora-by-common-name/,Leon Levy Native Plant Preserve.,All rights Preserved
wfo-0000465160,vrn-0000465160.02,Avocado,1,Flora by Common Names. Leon Levy Native Plant Preserve.,EN,BS,https://levypreserve.org/flora-by-common-name/,Leon Levy Native Plant Preserve.,All rights Preserved
wfo-0000465160,vrn-0000465160.03,Alligator Pear,1,Flora by Common Names. Leon Levy Native Plant Preserve.,EN,BS,https://levypreserve.org/flora-by-common-name/,Leon Levy Native Plant Preserve.,All rights Preserved
wfo-0000452919,vrn-0000452919.01,Genip,1,Flora by Common Names. Leon Levy Native Plant Preserve.,EN,BS,https://levypreserve.org/flora-by-common-name/,Leon Levy Native Plant Preserve.,All rights Preserved
wfo-0000452919,vrn-0000452919.02,Kenip,1,Flora by Common Names. Leon Levy Native Plant Preserve.,EN,BS,https://levypreserve.org/flora-by-common-name/,Leon Levy Native Plant Preserve.,All rights Preserved
wfo-0000452919,vrn-0000452919.03,Spanish Lime,1,Flora by Common Names. Leon Levy Native Plant Preserve.,EN,BS,https://levypreserve.org/flora-by-common-name/,Leon Levy Native Plant Preserve.,All rights Preserved
wfo-0000358882,vrn-0000358882.01,Sponge Gourd,1,Flora by Common Names. Leon Levy Native Plant Preserve.,EN,BS,https://levypreserve.org/flora-by-common-name/,Leon Levy Native Plant Preserve.,All rights Preserved
wfo-0000358882,vrn-0000358882.02,Loofah,1,Flora by Common Names. Leon Levy Native Plant Preserve.,EN,BS,https://levypreserve.org/flora-by-common-name/,Leon Levy Native Plant Preserve.,All rights Preserved
wfo-0000907754,vrn-0000907754.01,Corn,1,Flora by Common Names. Leon Levy Native Plant Preserve.,EN,BS,https://levypreserve.org/flora-by-common-name/,Leon Levy Native Plant Preserve.,All rights Preserved
wfo-0000907754,vrn-0000907754.02,Maize,1,Flora by Common Names. Leon Levy Native Plant Preserve.,EN,BS,https://levypreserve.org/flora-by-common-name/,Leon Levy Native Plant Preserve.,All rights Preserved
wfo-0000449743,vrn-0000449743.01,Barbados Cherry,1,Flora by Common Names. Leon Levy Native Plant Preserve.,EN,BS,https://levypreserve.org/flora-by-common-name/,Leon Levy Native Plant Preserve.,All rights Preserved
wfo-0000402095,vrn-0000402095.01,Green Shrimp Plant,1,Flora by Common Names. Leon Levy Native Plant Preserve.,EN,BS,https://levypreserve.org/flora-by-common-name/,Leon Levy Native Plant Preserve.,All rights Preserved
wfo-0000402095,vrn-0000402095.02,Browne's Blechum,1,Flora by Common Names. Leon Levy Native Plant Preserve.,EN,BS,https://levypreserve.org/flora-by-common-name/,Leon Levy Native Plant Preserve.,All rights Preserved
wfo-0000953774,vrn-0000953774.01,Scented Black Torch,1,Flora by Common Names. Leon Levy Native Plant Preserve.,EN,BS,https://levypreserve.org/flora-by-common-name/,Leon Levy Native Plant Preserve.,All rights Preserved
wfo-0000270405,vrn-0000270405.01,Goose Berry,1,Flora by Common Names. Leon Levy Native Plant Preserve.,EN,BS,https://levypreserve.org/flora-by-common-name/,Leon Levy Native Plant Preserve.,All rights Preserved
wfo-0000270405,vrn-0000270405.02,Star Berry,1,Flora by Common Names. Leon Levy Native Plant Preserve.,EN,BS,https://levypreserve.org/flora-by-common-name/,Leon Levy Native Plant Preserve.,All rights Preserved
wfo-0000295818,vrn-0000295818.01,Mangrove Swamp Vine,1,Flora by Common Names. Leon Levy Native Plant Preserve.,EN,BS,https://levypreserve.org/flora-by-common-name/,Leon Levy Native Plant Preserve.,All rights Preserved
wfo-0000781910,vrn-0000781910.01,Yoke Wood,1,Flora by Common Names. Leon Levy Native Plant Preserve.,EN,BS,https://levypreserve.org/flora-by-common-name/,Leon Levy Native Plant Preserve.,All rights Preserved
wfo-0000781910,vrn-0000781910.02,West Indian Catalpa,1,Flora by Common Names. Leon Levy Native Plant Preserve.,EN,BS,https://levypreserve.org/flora-by-common-name/,Leon Levy Native Plant Preserve.,All rights Preserved
wfo-0001287175,vrn-0001287175.01,Queen of the Night,1,Flora by Common Names. Leon Levy Native Plant Preserve.,EN,BS,https://levypreserve.org/flora-by-common-name/,Leon Levy Native Plant Preserve.,All rights Preserved
wfo-0001287175,vrn-0001287175.02,Princess of the Night,1,Flora by Common Names. Leon Levy Native Plant Preserve.,EN,BS,https://levypreserve.org/flora-by-common-name/,Leon Levy Native Plant Preserve.,All rights Preserved
wfo-0001287175,vrn-0001287175.03,Snake Cactus,1,Flora by Common Names. Leon Levy Native Plant Preserve.,EN,BS,https://levypreserve.org/flora-by-common-name/,Leon Levy Native Plant Preserve.,All rights Preserved
wfo-0000340796,vrn-0000340796.01,Lobed Croton,1,Flora by Common Names. Leon Levy Native Plant Preserve.,EN,BS,https://levypreserve.org/flora-by-common-name/,Leon Levy Native Plant Preserve.,All rights Preserved
wfo-0000133683,vrn-0000133683.01,Yerba de Tago,1,Flora by Common Names. Leon Levy Native Plant Preserve.,EN,BS,https://levypreserve.org/flora-by-common-name/,Leon Levy Native Plant Preserve.,All rights Preserved
wfo-0000133683,vrn-0000133683.02,False Daisy,1,Flora by Common Names. Leon Levy Native Plant Preserve.,EN,BS,https://levypreserve.org/flora-by-common-name/,Leon Levy Native Plant Preserve.,All rights Preserved
wfo-0000177471,vrn-0000177471.01,Twisted Tick Trefoil,1,Flora by Common Names. Leon Levy Native Plant Preserve.,EN,BS,https://levypreserve.org/flora-by-common-name/,Leon Levy Native Plant Preserve.,All rights Preserved
wfo-0000215711,vrn-0000215711.01,Sand Box Tree,1,Flora by Common Names. Leon Levy Native Plant Preserve.,EN,BS,https://levypreserve.org/flora-by-common-name/,Leon Levy Native Plant Preserve.,All rights Preserved
wfo-0000215711,vrn-0000215711.02,Dynamite Tree,1,Flora by Common Names. Leon Levy Native Plant Preserve.,EN,BS,https://levypreserve.org/flora-by-common-name/,Leon Levy Native Plant Preserve.,All rights Preserved
wfo-0000657240,vrn-0000657240.01,West Indian Chick Weed,1,Flora by Common Names. Leon Levy Native Plant Preserve.,EN,BS,https://levypreserve.org/flora-by-common-name/,Leon Levy Native Plant Preserve.,All rights Preserved
wfo-0000473246,vrn-0000473246.01,Lace Plant,1,Flora by Common Names. Leon Levy Native Plant Preserve.,EN,BS,https://levypreserve.org/flora-by-common-name/,Leon Levy Native Plant Preserve.,All rights Preserved
wfo-0000473246,vrn-0000473246.02,Artillery Plant,1,Flora by Common Names. Leon Levy Native Plant Preserve.,EN,BS,https://levypreserve.org/flora-by-common-name/,Leon Levy Native Plant Preserve.,All rights Preserved
wfo-0000473246,vrn-0000473246.03,Rock Weed,1,Flora by Common Names. Leon Levy Native Plant Preserve.,EN,BS,https://levypreserve.org/flora-by-common-name/,Leon Levy Native Plant Preserve.,All rights Preserved
wfo-0000473246,vrn-0000473246.04,Gun Powder Plant,1,Flora by Common Names. Leon Levy Native Plant Preserve.,EN,BS,https://levypreserve.org/flora-by-common-name/,Leon Levy Native Plant Preserve.,All rights Preserved
wfo-0000473535,vrn-0000473535.01,Caribbean Clear Weed,1,Flora by Common Names. Leon Levy Native Plant Preserve.,EN,BS,https://levypreserve.org/flora-by-common-name/,Leon Levy Native Plant Preserve.,All rights Preserved
wfo-0000122132,vrn-0000122132.01,Southern Rag Weed,1,Flora by Common Names. Leon Levy Native Plant Preserve.,EN,BS,https://levypreserve.org/flora-by-common-name/,Leon Levy Native Plant Preserve.,All rights Preserved
wfo-0000275337,vrn-0000275337.01,Kitten,1,Flora by Common Names. Leon Levy Native Plant Preserve.,EN,BS,https://levypreserve.org/flora-by-common-name/,Leon Levy Native Plant Preserve.,All rights Preserved
wfo-0000275337,vrn-0000275337.02,Cat’s Tail,1,Flora by Common Names. Leon Levy Native Plant Preserve.,EN,BS,https://levypreserve.org/flora-by-common-name/,Leon Levy Native Plant Preserve.,All rights Preserved
wfo-0000275337,vrn-0000275337.03,Nastor Grass,1,Flora by Common Names. Leon Levy Native Plant Preserve.,EN,BS,https://levypreserve.org/flora-by-common-name/,Leon Levy Native Plant Preserve.,All rights Preserved
wfo-0000544255,vrn-0000544255.01,Duck's Eyes,1,Flora by Common Names. Leon Levy Native Plant Preserve.,EN,BS,https://levypreserve.org/flora-by-common-name/,Leon Levy Native Plant Preserve.,All rights Preserved
wfo-0000544255,vrn-0000544255.02,Shoe Button,1,Flora by Common Names. Leon Levy Native Plant Preserve.,EN,BS,https://levypreserve.org/flora-by-common-name/,Leon Levy Native Plant Preserve.,All rights Preserved
wfo-0001136805,vrn-0001136805.01,Baby Jump Up,1,Flora by Common Names. Leon Levy Native Plant Preserve.,EN,BS,https://levypreserve.org/flora-by-common-name/,Leon Levy Native Plant Preserve.,All rights Preserved
wfo-0000176915,vrn-0000176915.01,False Money Wort,1,Flora by Common Names. Leon Levy Native Plant Preserve.,EN,BS,https://levypreserve.org/flora-by-common-name/,Leon Levy Native Plant Preserve.,All rights Preserved
wfo-0000367584,vrn-0000367584.01,Umbrella Plant,1,Flora by Common Names. Leon Levy Native Plant Preserve.,EN,BS,https://levypreserve.org/flora-by-common-name/,Leon Levy Native Plant Preserve.,All rights Preserved
wfo-0000383492,vrn-0000383492.01,Tropical Flat Sedge,1,Flora by Common Names. Leon Levy Native Plant Preserve.,EN,BS,https://levypreserve.org/flora-by-common-name/,Leon Levy Native Plant Preserve.,All rights Preserved
wfo-0000380147,vrn-0000380147.01,Bunchy Sedge,1,Flora by Common Names. Leon Levy Native Plant Preserve.,EN,BS,https://levypreserve.org/flora-by-common-name/,Leon Levy Native Plant Preserve.,All rights Preserved
wfo-0000372964,vrn-0000372964.01,Yellow Nut Sedge,1,Flora by Common Names. Leon Levy Native Plant Preserve.,EN,BS,https://levypreserve.org/flora-by-common-name/,Leon Levy Native Plant Preserve.,All rights Preserved
wfo-0000182545,vrn-0000182545.01,Cow Itch,1,Flora by Common Names. Leon Levy Native Plant Preserve.,EN,BS,https://levypreserve.org/flora-by-common-name/,Leon Levy Native Plant Preserve.,All rights Preserved
wfo-0000182545,vrn-0000182545.02,Buffalo Bean,1,Flora by Common Names. Leon Levy Native Plant Preserve.,EN,BS,https://levypreserve.org/flora-by-common-name/,Leon Levy Native Plant Preserve.,All rights Preserved
wfo-0000182545,vrn-0000182545.03,Hell Fire Bean,1,Flora by Common Names. Leon Levy Native Plant Preserve.,EN,BS,https://levypreserve.org/flora-by-common-name/,Leon Levy Native Plant Preserve.,All rights Preserved
wfo-0000182545,vrn-0000182545.04,Itchy Bean,1,Flora by Common Names. Leon Levy Native Plant Preserve.,EN,BS,https://levypreserve.org/flora-by-common-name/,Leon Levy Native Plant Preserve.,All rights Preserved
wfo-0000182545,vrn-0000182545.05,Magic Velvet Bean,1,Flora by Common Names. Leon Levy Native Plant Preserve.,EN,BS,https://levypreserve.org/flora-by-common-name/,Leon Levy Native Plant Preserve.,All rights Preserved
wfo-0000182545,vrn-0000182545.06,Monkey Tamarind,1,Flora by Common Names. Leon Levy Native Plant Preserve.,EN,BS,https://levypreserve.org/flora-by-common-name/,Leon Levy Native Plant Preserve.,All rights Preserved
wfo-0000723007,vrn-0000723007.01,Hibiscus,1,Flora by Common Names. Leon Levy Native Plant Preserve.,EN,BS,https://levypreserve.org/flora-by-common-name/,Leon Levy Native Plant Preserve.,All rights Preserved
wfo-0001025619,vrn-0001025619.01,Chalice Vine,1,Flora by Common Names. Leon Levy Native Plant Preserve.,EN,BS,https://levypreserve.org/flora-by-common-name/,Leon Levy Native Plant Preserve.,All rights Preserved
wfo-0001025619,vrn-0001025619.02,Cup of Gold,1,Flora by Common Names. Leon Levy Native Plant Preserve.,EN,BS,https://levypreserve.org/flora-by-common-name/,Leon Levy Native Plant Preserve.,All rights Preserved
wfo-0001025619,vrn-0001025619.03,Golden Cup,1,Flora by Common Names. Leon Levy Native Plant Preserve.,EN,BS,https://levypreserve.org/flora-by-common-name/,Leon Levy Native Plant Preserve.,All rights Preserved
wfo-0001025619,vrn-0001025619.04,Hawaiian Lily,1,Flora by Common Names. Leon Levy Native Plant Preserve.,EN,BS,https://levypreserve.org/flora-by-common-name/,Leon Levy Native Plant Preserve.,All rights Preserved
wfo-0001025619,vrn-0001025619.05,Golden Chalice Vine,1,Flora by Common Names. Leon Levy Native Plant Preserve.,EN,BS,https://levypreserve.org/flora-by-common-name/,Leon Levy Native Plant Preserve.,All rights Preserved
wfo-0000279178,vrn-0000279178.01,Golden Arrow,1,Flora by Common Names. Leon Levy Native Plant Preserve.,EN,BS,https://levypreserve.org/flora-by-common-name/,Leon Levy Native Plant Preserve.,All rights Preserved
wfo-0000279178,vrn-0000279178.02,Gilded Spoon,1,Flora by Common Names. Leon Levy Native Plant Preserve.,EN,BS,https://levypreserve.org/flora-by-common-name/,Leon Levy Native Plant Preserve.,All rights Preserved
wfo-0000279178,vrn-0000279178.03,Bridal Bouquet,1,Flora by Common Names. Leon Levy Native Plant Preserve.,EN,BS,https://levypreserve.org/flora-by-common-name/,Leon Levy Native Plant Preserve.,All rights Preserved
wfo-0000782030,vrn-0000782030.01,Calabash,1,Flora by Common Names. Leon Levy Native Plant Preserve.,EN,BS,https://levypreserve.org/flora-by-common-name/,Leon Levy Native Plant Preserve.,All rights Preserved
wfo-0000339432,vrn-0000339432.01,Pineapple,1,Flora by Common Names. Leon Levy Native Plant Preserve.,EN,BS,https://levypreserve.org/flora-by-common-name/,Leon Levy Native Plant Preserve.,All rights Preserved
wfo-0000219811,vrn-0000219811.01,Coral Plant,1,Flora by Common Names. Leon Levy Native Plant Preserve.,EN,BS,https://levypreserve.org/flora-by-common-name/,Leon Levy Native Plant Preserve.,All rights Preserved
wfo-0000906782,vrn-0000906782.01,Loose Panic Grass,1,Flora by Common Names. Leon Levy Native Plant Preserve.,EN,BS,https://levypreserve.org/flora-by-common-name/,Leon Levy Native Plant Preserve.,All rights Preserved
wfo-0000194212,vrn-0000194212.01,Caracoli,1,Flora by Common Names. Leon Levy Native Plant Preserve.,EN,BS,https://levypreserve.org/flora-by-common-name/,Leon Levy Native Plant Preserve.,All rights Preserved
wfo-0000641161,vrn-0000641161.01,Smooth Mistletoe,1,Flora by Common Names. Leon Levy Native Plant Preserve.,EN,BS,https://levypreserve.org/flora-by-common-name/,Leon Levy Native Plant Preserve.,All rights Preserved
wfo-0000474454,vrn-0000474454.01,Mrs. Northrop's Mistletoe,1,Flora by Common Names. Leon Levy Native Plant Preserve.,EN,BS,https://levypreserve.org/flora-by-common-name/,Leon Levy Native Plant Preserve.,All rights Preserved
wfo-0000184029,vrn-0000184029.01,Mashaparni,1,Flora by Common Names. Leon Levy Native Plant Preserve.,EN,BS,https://levypreserve.org/flora-by-common-name/,Leon Levy Native Plant Preserve.,All rights Preserved
wfo-0000184029,vrn-0000184029.02,Mashavan,1,Flora by Common Names. Leon Levy Native Plant Preserve.,EN,BS,https://levypreserve.org/flora-by-common-name/,Leon Levy Native Plant Preserve.,All rights Preserved
wfo-0000555197,vrn-0000555197.01,Chinese Violet,1,Flora by Common Names. Leon Levy Native Plant Preserve.,EN,BS,https://levypreserve.org/flora-by-common-name/,Leon Levy Native Plant Preserve.,All rights Preserved
wfo-0000555197,vrn-0000555197.02,Coromandel,1,Flora by Common Names. Leon Levy Native Plant Preserve.,EN,BS,https://levypreserve.org/flora-by-common-name/,Leon Levy Native Plant Preserve.,All rights Preserved
wfo-0000555197,vrn-0000555197.03,Creeping Foxglove,1,Flora by Common Names. Leon Levy Native Plant Preserve.,EN,BS,https://levypreserve.org/flora-by-common-name/,Leon Levy Native Plant Preserve.,All rights Preserved
wfo-0000312796,vrn-0000312796.01,False Button Weed,1,Flora by Common Names. Leon Levy Native Plant Preserve.,EN,BS,https://levypreserve.org/flora-by-common-name/,Leon Levy Native Plant Preserve.,All rights Preserved
wfo-0000187036,vrn-0000187036.01,Red Calliandra,1,Flora by Common Names. Leon Levy Native Plant Preserve.,EN,BS,https://levypreserve.org/flora-by-common-name/,Leon Levy Native Plant Preserve.,All rights Preserved
wfo-0001110456,vrn-0001110456.01,Walking Wood Fern,1,Flora by Common Names. Leon Levy Native Plant Preserve.,EN,BS,https://levypreserve.org/flora-by-common-name/,Leon Levy Native Plant Preserve.,All rights Preserved
wfo-0000116793,vrn-0000116793.01,Salt Marsh Aster,1,Flora by Common Names. Leon Levy Native Plant Preserve.,EN,BS,https://levypreserve.org/flora-by-common-name/,Leon Levy Native Plant Preserve.,All rights Preserved
wfo-0000116793,vrn-0000116793.01,Bushy Starwort,1,Flora by Common Names. Leon Levy Native Plant Preserve.,EN,BS,https://levypreserve.org/flora-by-common-name/,Leon Levy Native Plant Preserve.,All rights Preserved
wfo-0000116793,vrn-0000116793.01,Slender Aster,1,Flora by Common Names. Leon Levy Native Plant Preserve.,EN,BS,https://levypreserve.org/flora-by-common-name/,Leon Levy Native Plant Preserve.,All rights Preserved
wfo-0000357604,vrn-0000357604.01,Mother of Millions,1,Flora by Common Names. Leon Levy Native Plant Preserve.,EN,BS,https://levypreserve.org/flora-by-common-name/,Leon Levy Native Plant Preserve.,All rights Preserved
wfo-0000164399,vrn-0000164399.01,Low Senna,1,Flora by Common Names. Leon Levy Native Plant Preserve.,EN,BS,https://levypreserve.org/flora-by-common-name/,Leon Levy Native Plant Preserve.,All rights Preserved
wfo-0000174041,vrn-0000174041.01,Sensitve Partridge Pea,1,Flora by Common Names. Leon Levy Native Plant Preserve.,EN,BS,https://levypreserve.org/flora-by-common-name/,Leon Levy Native Plant Preserve.,All rights Preserved
wfo-0000273391,vrn-0000273391.01,Allspice,1,Flora by Common Names. Leon Levy Native Plant Preserve.,EN,BS,https://levypreserve.org/flora-by-common-name/,Leon Levy Native Plant Preserve.,All rights Preserved
wfo-0000273391,vrn-0000273391.02,Pimenta,1,Flora by Common Names. Leon Levy Native Plant Preserve.,EN,BS,https://levypreserve.org/flora-by-common-name/,Leon Levy Native Plant Preserve.,All rights Preserved
wfo-0000214728,vrn-0000214728.01,Candle Bush,1,Flora by Common Names. Leon Levy Native Plant Preserve.,EN,BS,https://levypreserve.org/flora-by-common-name/,Leon Levy Native Plant Preserve.,All rights Preserved
wfo-0000214728,vrn-0000214728.02,Christmas Candle,1,Flora by Common Names. Leon Levy Native Plant Preserve.,EN,BS,https://levypreserve.org/flora-by-common-name/,Leon Levy Native Plant Preserve.,All rights Preserved
wfo-0000214728,vrn-0000214728.03,Fleiti,1,Flora by Common Names. Leon Levy Native Plant Preserve.,EN,BS,https://levypreserve.org/flora-by-common-name/,Leon Levy Native Plant Preserve.,All rights Preserved
wfo-0000214728,vrn-0000214728.04,Golden Candle Stick,1,Flora by Common Names. Leon Levy Native Plant Preserve.,EN,BS,https://levypreserve.org/flora-by-common-name/,Leon Levy Native Plant Preserve.,All rights Preserved
wfo-0000214728,vrn-0000214728.05,Ring Worm Bush,1,Flora by Common Names. Leon Levy Native Plant Preserve.,EN,BS,https://levypreserve.org/flora-by-common-name/,Leon Levy Native Plant Preserve.,All rights Preserved
wfo-0000214728,vrn-0000214728.06,Saparilla,1,Flora by Common Names. Leon Levy Native Plant Preserve.,EN,BS,https://levypreserve.org/flora-by-common-name/,Leon Levy Native Plant Preserve.,All rights Preserved
wfo-0000164430,vrn-0000164430.01,Coffee Senna,1,Flora by Common Names. Leon Levy Native Plant Preserve.,EN,BS,https://levypreserve.org/flora-by-common-name/,Leon Levy Native Plant Preserve.,All rights Preserved
wfo-0000164430,vrn-0000164430.02,Wild Coffee,1,Flora by Common Names. Leon Levy Native Plant Preserve.,EN,BS,https://levypreserve.org/flora-by-common-name/,Leon Levy Native Plant Preserve.,All rights Preserved
wfo-0000164430,vrn-0000164430.03,Stinking Weed,1,Flora by Common Names. Leon Levy Native Plant Preserve.,EN,BS,https://levypreserve.org/flora-by-common-name/,Leon Levy Native Plant Preserve.,All rights Preserved
wfo-0000183263,vrn-0000183263.01,Lima Bean,1,Flora by Common Names. Leon Levy Native Plant Preserve.,EN,BS,https://levypreserve.org/flora-by-common-name/,Leon Levy Native Plant Preserve.,All rights Preserved
wfo-0000219653,vrn-0000219653.01,Tattoo Bush,1,Flora by Common Names. Leon Levy Native Plant Preserve.,EN,BS,https://levypreserve.org/flora-by-common-name/,Leon Levy Native Plant Preserve.,All rights Preserved
wfo-0000219653,vrn-0000219653.02,Black Physic Nut,1,Flora by Common Names. Leon Levy Native Plant Preserve.,EN,BS,https://levypreserve.org/flora-by-common-name/,Leon Levy Native Plant Preserve.,All rights Preserved
wfo-0000219653,vrn-0000219653.03,Belly Ache Bush,1,Flora by Common Names. Leon Levy Native Plant Preserve.,EN,BS,https://levypreserve.org/flora-by-common-name/,Leon Levy Native Plant Preserve.,All rights Preserved
wfo-0000530168,vrn-0000530168.01,Huautli,1,Flora by Common Names. Leon Levy Native Plant Preserve.,EN,BS,https://levypreserve.org/flora-by-common-name/,Leon Levy Native Plant Preserve.,All rights Preserved
wfo-0000530168,vrn-0000530168.02,Red Amaranth,1,Flora by Common Names. Leon Levy Native Plant Preserve.,EN,BS,https://levypreserve.org/flora-by-common-name/,Leon Levy Native Plant Preserve.,All rights Preserved
wfo-0000530168,vrn-0000530168.03,Prince’s Feather,1,Flora by Common Names. Leon Levy Native Plant Preserve.,EN,BS,https://levypreserve.org/flora-by-common-name/,Leon Levy Native Plant Preserve.,All rights Preserved
wfo-0000435470,vrn-0000435470.01,Hog Plum,1,Flora by Common Names. Leon Levy Native Plant Preserve.,EN,BS,https://levypreserve.org/flora-by-common-name/,Leon Levy Native Plant Preserve.,All rights Preserved
wfo-0000435470,vrn-0000435470.02,Yellow Mombin,1,Flora by Common Names. Leon Levy Native Plant Preserve.,EN,BS,https://levypreserve.org/flora-by-common-name/,Leon Levy Native Plant Preserve.,All rights Preserved
wfo-0000557668,vrn-0000557668.01,Neem,1,Flora by Common Names. Leon Levy Native Plant Preserve.,EN,BS,https://levypreserve.org/flora-by-common-name/,Leon Levy Native Plant Preserve.,All rights Preserved
wfo-0000214823,vrn-0000214823.01,Christmas Bush,1,Flora by Common Names. Leon Levy Native Plant Preserve.,EN,BS,https://levypreserve.org/flora-by-common-name/,Leon Levy Native Plant Preserve.,All rights Preserved
wfo-0000214823,vrn-0000214823.02,Wild Raisin,1,Flora by Common Names. Leon Levy Native Plant Preserve.,EN,BS,https://levypreserve.org/flora-by-common-name/,Leon Levy Native Plant Preserve.,All rights Preserved
wfo-0000530552,vrn-0000530552.01,Green Amaranth,1,Flora by Common Names. Leon Levy Native Plant Preserve.,EN,BS,https://levypreserve.org/flora-by-common-name/,Leon Levy Native Plant Preserve.,All rights Preserved
wfo-0000530552,vrn-0000530552.02,Slender Amaranth,1,Flora by Common Names. Leon Levy Native Plant Preserve.,EN,BS,https://levypreserve.org/flora-by-common-name/,Leon Levy Native Plant Preserve.,All rights Preserved
wfo-0000456068,vrn-0000456068.01,Cough Vine,1,Flora by Common Names. Leon Levy Native Plant Preserve.,EN,BS,https://levypreserve.org/flora-by-common-name/,Leon Levy Native Plant Preserve.,All rights Preserved
wfo-0000015917,vrn-0000015917.01,Smooth Horse Weed,1,Flora by Common Names. Leon Levy Native Plant Preserve.,EN,BS,https://levypreserve.org/flora-by-common-name/,Leon Levy Native Plant Preserve.,All rights Preserved
wfo-0000091363,vrn-0000091363.01,Pineland Daisy,1,Flora by Common Names. Leon Levy Native Plant Preserve.,EN,BS,https://levypreserve.org/flora-by-common-name/,Leon Levy Native Plant Preserve.,All rights Preserved
wfo-0000950668,vrn-0000950668.01,Chenielle Plant,1,Flora by Common Names. Leon Levy Native Plant Preserve.,EN,BS,https://levypreserve.org/flora-by-common-name/,Leon Levy Native Plant Preserve.,All rights Preserved
wfo-0000950668,vrn-0000950668.02,Red Hot Cat Tail,1,Flora by Common Names. Leon Levy Native Plant Preserve.,EN,BS,https://levypreserve.org/flora-by-common-name/,Leon Levy Native Plant Preserve.,All rights Preserved
wfo-0000950668,vrn-0000950668.03,Red Hot Poker,1,Flora by Common Names. Leon Levy Native Plant Preserve.,EN,BS,https://levypreserve.org/flora-by-common-name/,Leon Levy Native Plant Preserve.,All rights Preserved
wfo-0000173869,vrn-0000173869.01,Red Lucky Bean,1,Flora by Common Names. Leon Levy Native Plant Preserve.,EN,BS,https://levypreserve.org/flora-by-common-name/,Leon Levy Native Plant Preserve.,All rights Preserved
wfo-0000173869,vrn-0000173869.02,False Sandal Wood,1,Flora by Common Names. Leon Levy Native Plant Preserve.,EN,BS,https://levypreserve.org/flora-by-common-name/,Leon Levy Native Plant Preserve.,All rights Preserved
wfo-0000173869,vrn-0000173869.03,Red Sandal Wood,1,Flora by Common Names. Leon Levy Native Plant Preserve.,EN,BS,https://levypreserve.org/flora-by-common-name/,Leon Levy Native Plant Preserve.,All rights Preserved
wfo-0000173869,vrn-0000173869.04,Jumbie Bead,1,Flora by Common Names. Leon Levy Native Plant Preserve.,EN,BS,https://levypreserve.org/flora-by-common-name/,Leon Levy Native Plant Preserve.,All rights Preserved
wfo-0000173869,vrn-0000173869.05,Circassian Seed,1,Flora by Common Names. Leon Levy Native Plant Preserve.,EN,BS,https://levypreserve.org/flora-by-common-name/,Leon Levy Native Plant Preserve.,All rights Preserved
wfo-0000173869,vrn-0000173869.06,Red Bead Tree,1,Flora by Common Names. Leon Levy Native Plant Preserve.,EN,BS,https://levypreserve.org/flora-by-common-name/,Leon Levy Native Plant Preserve.,All rights Preserved
wfo-0000764069,vrn-0000764069.01,Desert Rose,1,Flora by Common Names. Leon Levy Native Plant Preserve.,EN,BS,https://levypreserve.org/flora-by-common-name/,Leon Levy Native Plant Preserve.,All rights Preserved
wfo-0000764069,vrn-0000764069.02,Mock Azalea,1,Flora by Common Names. Leon Levy Native Plant Preserve.,EN,BS,https://levypreserve.org/flora-by-common-name/,Leon Levy Native Plant Preserve.,All rights Preserved
wfo-0000792931,vrn-0000792931.01,Christmas Tree Palm,1,Flora by Common Names. Leon Levy Native Plant Preserve.,EN,BS,https://levypreserve.org/flora-by-common-name/,Leon Levy Native Plant Preserve.,All rights Preserved
wfo-0000792931,vrn-0000792931.02,Dwarf Royal Palm,1,Flora by Common Names. Leon Levy Native Plant Preserve.,EN,BS,https://levypreserve.org/flora-by-common-name/,Leon Levy Native Plant Preserve.,All rights Preserved
wfo-0000792931,vrn-0000792931.03,Manila Palm,1,Flora by Common Names. Leon Levy Native Plant Preserve.,EN,BS,https://levypreserve.org/flora-by-common-name/,Leon Levy Native Plant Preserve.,All rights Preserved
wfo-0000337494,vrn-0000337494.01,Orangeade Bromeliad,1,Flora by Common Names. Leon Levy Native Plant Preserve.,EN,BS,https://levypreserve.org/flora-by-common-name/,Leon Levy Native Plant Preserve.,All rights Preserved
wfo-0000754134,vrn-0000754134.01,Narrow Century Plant,1,Flora by Common Names. Leon Levy Native Plant Preserve.,EN,BS,https://levypreserve.org/flora-by-common-name/,Leon Levy Native Plant Preserve.,All rights Preserved
wfo-0000754134,vrn-0000754134.02,Caribbean Agave,1,Flora by Common Names. Leon Levy Native Plant Preserve.,EN,BS,https://levypreserve.org/flora-by-common-name/,Leon Levy Native Plant Preserve.,All rights Preserved
wfo-0000943132,vrn-0000943132.01,Purple Allamanda,1,Flora by Common Names. Leon Levy Native Plant Preserve.,EN,BS,https://levypreserve.org/flora-by-common-name/,Leon Levy Native Plant Preserve.,All rights Preserved
wfo-0000943132,vrn-0000943132.01,Red Bell,1,Flora by Common Names. Leon Levy Native Plant Preserve.,EN,BS,https://levypreserve.org/flora-by-common-name/,Leon Levy Native Plant Preserve.,All rights Preserved
wfo-0000338850,vrn-0000338850.01,Shell Flower,1,Flora by Common Names. Leon Levy Native Plant Preserve.,EN,BS,https://levypreserve.org/flora-by-common-name/,Leon Levy Native Plant Preserve.,All rights Preserved
wfo-0000338850,vrn-0000338850.01,Shell Ginger,1,Flora by Common Names. Leon Levy Native Plant Preserve.,EN,BS,https://levypreserve.org/flora-by-common-name/,Leon Levy Native Plant Preserve.,All rights Preserved
wfo-0000528483,vrn-0000528483.01,Parrot Leaf,1,Flora by Common Names. Leon Levy Native Plant Preserve.,EN,BS,https://levypreserve.org/flora-by-common-name/,Leon Levy Native Plant Preserve.,All rights Preserved
wfo-0000528483,vrn-0000528483.02,Ruby Leaf,1,Flora by Common Names. Leon Levy Native Plant Preserve.,EN,BS,https://levypreserve.org/flora-by-common-name/,Leon Levy Native Plant Preserve.,All rights Preserved
wfo-0000528483,vrn-0000528483.03,Metal Weed,1,Flora by Common Names. Leon Levy Native Plant Preserve.,EN,BS,https://levypreserve.org/flora-by-common-name/,Leon Levy Native Plant Preserve.,All rights Preserved
wfo-0000528483,vrn-0000528483.04,Purple Joy Weed,1,Flora by Common Names. Leon Levy Native Plant Preserve.,EN,BS,https://levypreserve.org/flora-by-common-name/,Leon Levy Native Plant Preserve.,All rights Preserved
wfo-0000528483,vrn-0000528483.05,Blood Leaf,1,Flora by Common Names. Leon Levy Native Plant Preserve.,EN,BS,https://levypreserve.org/flora-by-common-name/,Leon Levy Native Plant Preserve.,All rights Preserved
wfo-0000528554,vrn-0000528554.01,Joy Weed,1,Flora by Common Names. Leon Levy Native Plant Preserve.,EN,BS,https://levypreserve.org/flora-by-common-name/,Leon Levy Native Plant Preserve.,All rights Preserved
wfo-0000823015,vrn-0000823015.01,Madeira Vine,1,Flora by Common Names. Leon Levy Native Plant Preserve.,EN,BS,https://levypreserve.org/flora-by-common-name/,Leon Levy Native Plant Preserve.,All rights Preserved
wfo-0000823015,vrn-0000823015.02,Sacasile,1,Flora by Common Names. Leon Levy Native Plant Preserve.,EN,BS,https://levypreserve.org/flora-by-common-name/,Leon Levy Native Plant Preserve.,All rights Preserved
wfo-0000550425,vrn-0000550425.01,Bread Fruit,1,Flora by Common Names. Leon Levy Native Plant Preserve.,EN,BS,https://levypreserve.org/flora-by-common-name/,Leon Levy Native Plant Preserve.,All rights Preserved
wfo-0000850932,vrn-0000850932.01,Giant Reed,1,Flora by Common Names. Leon Levy Native Plant Preserve.,EN,BS,https://levypreserve.org/flora-by-common-name/,Leon Levy Native Plant Preserve.,All rights Preserved
wfo-0000850932,vrn-0000850932.02,Carrizo,1,Flora by Common Names. Leon Levy Native Plant Preserve.,EN,BS,https://levypreserve.org/flora-by-common-name/,Leon Levy Native Plant Preserve.,All rights Preserved
wfo-0000551830,vrn-0000551830.01,Butterfly Weed,1,Flora by Common Names. Leon Levy Native Plant Preserve.,EN,BS,https://levypreserve.org/flora-by-common-name/,Leon Levy Native Plant Preserve.,All rights Preserved
wfo-0000429969,vrn-0000429969.01,Carboard Plant,1,Flora by Common Names. Leon Levy Native Plant Preserve.,EN,BS,https://levypreserve.org/flora-by-common-name/,Leon Levy Native Plant Preserve.,All rights Preserved
wfo-0000429969,vrn-0000429969.02,Carboard Sago,1,Flora by Common Names. Leon Levy Native Plant Preserve.,EN,BS,https://levypreserve.org/flora-by-common-name/,Leon Levy Native Plant Preserve.,All rights Preserved
wfo-0000429969,vrn-0000429969.03,Carboard Cycad,1,Flora by Common Names. Leon Levy Native Plant Preserve.,EN,BS,https://levypreserve.org/flora-by-common-name/,Leon Levy Native Plant Preserve.,All rights Preserved
wfo-0000429969,vrn-0000429969.04,Mexican Cycad,1,Flora by Common Names. Leon Levy Native Plant Preserve.,EN,BS,https://levypreserve.org/flora-by-common-name/,Leon Levy Native Plant Preserve.,All rights Preserved
wfo-0000021604,vrn-0000021604.01,Oriental False Hawks Beard,1,Flora by Common Names. Leon Levy Native Plant Preserve.,EN,BS,https://levypreserve.org/flora-by-common-name/,Leon Levy Native Plant Preserve.,All rights Preserved
wfo-0001284776,vrn-0001284776.01,Babul,1,Flora by Common Names. Leon Levy Native Plant Preserve.,EN,BS,https://levypreserve.org/flora-by-common-name/,Leon Levy Native Plant Preserve.,All rights Preserved
wfo-0001284776,vrn-0001284776.02,Egyptian Acacia,1,Flora by Common Names. Leon Levy Native Plant Preserve.,EN,BS,https://levypreserve.org/flora-by-common-name/,Leon Levy Native Plant Preserve.,All rights Preserved
wfo-0001284776,vrn-0001284776.03,Gum Arabic Tree,1,Flora by Common Names. Leon Levy Native Plant Preserve.,EN,BS,https://levypreserve.org/flora-by-common-name/,Leon Levy Native Plant Preserve.,All rights Preserved
wfo-0000182273,vrn-0000182273.01,Sweet Acacia,1,Flora by Common Names. Leon Levy Native Plant Preserve.,EN,BS,https://levypreserve.org/flora-by-common-name/,Leon Levy Native Plant Preserve.,All rights Preserved
wfo-0000182273,vrn-0000182273.02,Cashia,1,Flora by Common Names. Leon Levy Native Plant Preserve.,EN,BS,https://levypreserve.org/flora-by-common-name/,Leon Levy Native Plant Preserve.,All rights Preserved
wfo-0000182273,vrn-0000182273.03,Aroma,1,Flora by Common Names. Leon Levy Native Plant Preserve.,EN,BS,https://levypreserve.org/flora-by-common-name/,Leon Levy Native Plant Preserve.,All rights Preserved
wfo-0000182273,vrn-0000182273.04,Needle Bush,1,Flora by Common Names. Leon Levy Native Plant Preserve.,EN,BS,https://levypreserve.org/flora-by-common-name/,Leon Levy Native Plant Preserve.,All rights Preserved
wfo-0000173754,vrn-0000173754.01,Ear Leaf Acacia,1,Flora by Common Names. Leon Levy Native Plant Preserve.,EN,BS,https://levypreserve.org/flora-by-common-name/,Leon Levy Native Plant Preserve.,All rights Preserved
wfo-0000173754,vrn-0000173754.02,Ear Pod Wattle,1,Flora by Common Names. Leon Levy Native Plant Preserve.,EN,BS,https://levypreserve.org/flora-by-common-name/,Leon Levy Native Plant Preserve.,All rights Preserved
wfo-0000173754,vrn-0000173754.03,Tan Wattle,1,Flora by Common Names. Leon Levy Native Plant Preserve.,EN,BS,https://levypreserve.org/flora-by-common-name/,Leon Levy Native Plant Preserve.,All rights Preserved
wfo-0000456304,vrn-0000456304.01,Hoop Vine,1,Flora by Common Names. Leon Levy Native Plant Preserve.,EN,BS,https://levypreserve.org/flora-by-common-name/,Leon Levy Native Plant Preserve.,All rights Preserved
wfo-0000456304,vrn-0000456304.02,Hoop With,1,Flora by Common Names. Leon Levy Native Plant Preserve.,EN,BS,https://levypreserve.org/flora-by-common-name/,Leon Levy Native Plant Preserve.,All rights Preserved
wfo-0000456304,vrn-0000456304.03,Basket Wiss,1,Flora by Common Names. Leon Levy Native Plant Preserve.,EN,BS,https://levypreserve.org/flora-by-common-name/,Leon Levy Native Plant Preserve.,All rights Preserved
wfo-0000456304,vrn-0000456304.04,Black Basket Wythe,1,Flora by Common Names. Leon Levy Native Plant Preserve.,EN,BS,https://levypreserve.org/flora-by-common-name/,Leon Levy Native Plant Preserve.,All rights Preserved
wfo-0001251112,vrn-0001251112.01,Wandering Dudes,1,Flora by Common Names. Leon Levy Native Plant Preserve.,EN,BS,https://levypreserve.org/flora-by-common-name/,Leon Levy Native Plant Preserve.,All rights Preserved
wfo-0001251112,vrn-0001251112.02,Creeping Charlie,1,Flora by Common Names. Leon Levy Native Plant Preserve.,EN,BS,https://levypreserve.org/flora-by-common-name/,Leon Levy Native Plant Preserve.,All rights Preserved
wfo-0000326329,vrn-0000326329.01,Dancing Lady,1,Flora by Common Names. Leon Levy Native Plant Preserve.,EN,BS,https://levypreserve.org/flora-by-common-name/,Leon Levy Native Plant Preserve.,All rights Preserved
wfo-0000779994,vrn-0000779994.01,Cape Honeysuckle,1,Flora by Common Names. Leon Levy Native Plant Preserve.,EN,BS,https://levypreserve.org/flora-by-common-name/,Leon Levy Native Plant Preserve.,All rights Preserved
wfo-0000502260,vrn-0000502260.01,Orchid Vine,1,Flora by Common Names. Leon Levy Native Plant Preserve.,EN,BS,https://levypreserve.org/flora-by-common-name/,Leon Levy Native Plant Preserve.,All rights Preserved
wfo-0000502260,vrn-0000502260.02,Butterfly Vine,1,Flora by Common Names. Leon Levy Native Plant Preserve.,EN,BS,https://levypreserve.org/flora-by-common-name/,Leon Levy Native Plant Preserve.,All rights Preserved
wfo-0000433977,vrn-0000433977.01,Sundew Stenandrium,1,Flora by Common Names. Leon Levy Native Plant Preserve.,EN,BS,https://levypreserve.org/flora-by-common-name/,Leon Levy Native Plant Preserve.,All rights Preserved
wfo-0000315010,vrn-0000315010.01,Nettle Leaved Vervain,1,Flora by Common Names. Leon Levy Native Plant Preserve.,EN,BS,https://levypreserve.org/flora-by-common-name/,Leon Levy Native Plant Preserve.,All rights Preserved
wfo-0000315010,vrn-0000315010.02,Nettle Leaf Velvet Berry,1,Flora by Common Names. Leon Levy Native Plant Preserve.,EN,BS,https://levypreserve.org/flora-by-common-name/,Leon Levy Native Plant Preserve.,All rights Preserved
wfo-0001031795,vrn-0001031795.01,Pea Aubergine,1,Flora by Common Names. Leon Levy Native Plant Preserve.,EN,BS,https://levypreserve.org/flora-by-common-name/,Leon Levy Native Plant Preserve.,All rights Preserved
wfo-0001031795,vrn-0001031795.02,Gully Bean,1,Flora by Common Names. Leon Levy Native Plant Preserve.,EN,BS,https://levypreserve.org/flora-by-common-name/,Leon Levy Native Plant Preserve.,All rights Preserved
wfo-0001031795,vrn-0001031795.03,Shoo Shoo Bush,1,Flora by Common Names. Leon Levy Native Plant Preserve.,EN,BS,https://levypreserve.org/flora-by-common-name/,Leon Levy Native Plant Preserve.,All rights Preserved
wfo-0001031795,vrn-0001031795.04,Susumber,1,Flora by Common Names. Leon Levy Native Plant Preserve.,EN,BS,https://levypreserve.org/flora-by-common-name/,Leon Levy Native Plant Preserve.,All rights Preserved
wfo-0001031795,vrn-0001031795.05,Turkey Berry,1,Flora by Common Names. Leon Levy Native Plant Preserve.,EN,BS,https://levypreserve.org/flora-by-common-name/,Leon Levy Native Plant Preserve.,All rights Preserved
wfo-0001031795,vrn-0001031795.06,Wild Eggplant,1,Flora by Common Names. Leon Levy Native Plant Preserve.,EN,BS,https://levypreserve.org/flora-by-common-name/,Leon Levy Native Plant Preserve.,All rights Preserved
wfo-0001031795,vrn-0001031795.07,Plate Bush,1,Flora by Common Names. Leon Levy Native Plant Preserve.,EN,BS,https://levypreserve.org/flora-by-common-name/,Leon Levy Native Plant Preserve.,All rights Preserved
wfo-0000178440,vrn-0000178440.01,Silky Sesban,1,Flora by Common Names. Leon Levy Native Plant Preserve.,EN,BS,https://levypreserve.org/flora-by-common-name/,Leon Levy Native Plant Preserve.,All rights Preserved
wfo-0000178440,vrn-0000178440.02,Dangle Pod,1,Flora by Common Names. Leon Levy Native Plant Preserve.,EN,BS,https://levypreserve.org/flora-by-common-name/,Leon Levy Native Plant Preserve.,All rights Preserved
wfo-0000179858,vrn-0000179858.01,Smooth Sesban,1,Flora by Common Names. Leon Levy Native Plant Preserve.,EN,BS,https://levypreserve.org/flora-by-common-name/,Leon Levy Native Plant Preserve.,All rights Preserved
wfo-0000464211,vrn-0000464211.01,Fountain Plant,1,Flora by Common Names. Leon Levy Native Plant Preserve.,EN,BS,https://levypreserve.org/flora-by-common-name/,Leon Levy Native Plant Preserve.,All rights Preserved
wfo-0000464211,vrn-0000464211.02,Fire Cracker Plant,1,Flora by Common Names. Leon Levy Native Plant Preserve.,EN,BS,https://levypreserve.org/flora-by-common-name/,Leon Levy Native Plant Preserve.,All rights Preserved
wfo-0000464211,vrn-0000464211.03,Coral Plant,1,Flora by Common Names. Leon Levy Native Plant Preserve.,EN,BS,https://levypreserve.org/flora-by-common-name/,Leon Levy Native Plant Preserve.,All rights Preserved
wfo-0000464211,vrn-0000464211.04,Coral Fountain,1,Flora by Common Names. Leon Levy Native Plant Preserve.,EN,BS,https://levypreserve.org/flora-by-common-name/,Leon Levy Native Plant Preserve.,All rights Preserved
wfo-0000464211,vrn-0000464211.05,Coral Blow,1,Flora by Common Names. Leon Levy Native Plant Preserve.,EN,BS,https://levypreserve.org/flora-by-common-name/,Leon Levy Native Plant Preserve.,All rights Preserved
wfo-0001109293,vrn-0001109293.01,Long Leaved Brake,1,Flora by Common Names. Leon Levy Native Plant Preserve.,EN,BS,https://levypreserve.org/flora-by-common-name/,Leon Levy Native Plant Preserve.,All rights Preserved
wfo-0001356738,vrn-0001356738.01,Yellow Vein Eranthemum,1,Flora by Common Names. Leon Levy Native Plant Preserve.,EN,BS,https://levypreserve.org/flora-by-common-name/,Leon Levy Native Plant Preserve.,All rights Preserved
wfo-0001356738,vrn-0001356738.02,Golden Pseuderanthemum,1,Flora by Common Names. Leon Levy Native Plant Preserve.,EN,BS,https://levypreserve.org/flora-by-common-name/,Leon Levy Native Plant Preserve.,All rights Preserved
wfo-0000501039,vrn-0000501039.01,Water Hyacinth,1,Flora by Common Names. Leon Levy Native Plant Preserve.,EN,BS,https://levypreserve.org/flora-by-common-name/,Leon Levy Native Plant Preserve.,All rights Preserved
wfo-0000280069,vrn-0000280069.01,Aralia,1,Flora by Common Names. Leon Levy Native Plant Preserve.,EN,BS,https://levypreserve.org/flora-by-common-name/,Leon Levy Native Plant Preserve.,All rights Preserved
wfo-0000280069,vrn-0000280069.02,Geranium Aralia,1,Flora by Common Names. Leon Levy Native Plant Preserve.,EN,BS,https://levypreserve.org/flora-by-common-name/,Leon Levy Native Plant Preserve.,All rights Preserved
wfo-0000280069,vrn-0000280069.03,Wild Coffee,1,Flora by Common Names. Leon Levy Native Plant Preserve.,EN,BS,https://levypreserve.org/flora-by-common-name/,Leon Levy Native Plant Preserve.,All rights Preserved
wfo-0000280069,vrn-0000280069.04,Lace Aralia,1,Flora by Common Names. Leon Levy Native Plant Preserve.,EN,BS,https://levypreserve.org/flora-by-common-name/,Leon Levy Native Plant Preserve.,All rights Preserved
wfo-0000280069,vrn-0000280069.05,Guilfoylei's Oak,1,Flora by Common Names. Leon Levy Native Plant Preserve.,EN,BS,https://levypreserve.org/flora-by-common-name/,Leon Levy Native Plant Preserve.,All rights Preserved
wfo-0001425557,vrn-0001425557.01,Narrow Leaved Brake,1,Flora by Common Names. Leon Levy Native Plant Preserve.,EN,BS,https://levypreserve.org/flora-by-common-name/,Leon Levy Native Plant Preserve.,All rights Preserved
wfo-0001423901,vrn-0001423901.01,Maracaibo Lignum Vitae,1,Flora by Common Names. Leon Levy Native Plant Preserve.,EN,BS,https://levypreserve.org/flora-by-common-name/,Leon Levy Native Plant Preserve.,All rights Preserved
wfo-0000486544,vrn-0000486544.01,Greater Plantain,1,Flora by Common Names. Leon Levy Native Plant Preserve.,EN,BS,https://levypreserve.org/flora-by-common-name/,Leon Levy Native Plant Preserve.,All rights Preserved
wfo-0000486544,vrn-0000486544.02,Common Plantain,1,Flora by Common Names. Leon Levy Native Plant Preserve.,EN,BS,https://levypreserve.org/flora-by-common-name/,Leon Levy Native Plant Preserve.,All rights Preserved
wfo-0000486544,vrn-0000486544.03,Way Bread,1,Flora by Common Names. Leon Levy Native Plant Preserve.,EN,BS,https://levypreserve.org/flora-by-common-name/,Leon Levy Native Plant Preserve.,All rights Preserved
wfo-0000486544,vrn-0000486544.04,Broadleaf Plantain,1,Flora by Common Names. Leon Levy Native Plant Preserve.,EN,BS,https://levypreserve.org/flora-by-common-name/,Leon Levy Native Plant Preserve.,All rights Preserved
wfo-0000486603,vrn-0000486603.01,English Plantain,1,Flora by Common Names. Leon Levy Native Plant Preserve.,EN,BS,https://levypreserve.org/flora-by-common-name/,Leon Levy Native Plant Preserve.,All rights Preserved
wfo-0000486603,vrn-0000486603.02,Ribwort,1,Flora by Common Names. Leon Levy Native Plant Preserve.,EN,BS,https://levypreserve.org/flora-by-common-name/,Leon Levy Native Plant Preserve.,All rights Preserved
wfo-0000486603,vrn-0000486603.03,Narrow Leaf Plantain,1,Flora by Common Names. Leon Levy Native Plant Preserve.,EN,BS,https://levypreserve.org/flora-by-common-name/,Leon Levy Native Plant Preserve.,All rights Preserved
wfo-0000486603,vrn-0000486603.04,Lamb’s Tongue,1,Flora by Common Names. Leon Levy Native Plant Preserve.,EN,BS,https://levypreserve.org/flora-by-common-name/,Leon Levy Native Plant Preserve.,All rights Preserved
wfo-0000486603,vrn-0000486603.05,Buck Horn,1,Flora by Common Names. Leon Levy Native Plant Preserve.,EN,BS,https://levypreserve.org/flora-by-common-name/,Leon Levy Native Plant Preserve.,All rights Preserved
wfo-0000557405,vrn-0000557405.01,Star Fruit,1,Flora by Common Names. Leon Levy Native Plant Preserve.,EN,BS,https://levypreserve.org/flora-by-common-name/,Leon Levy Native Plant Preserve.,All rights Preserved
wfo-0000557405,vrn-0000557405.02,Carambola,1,Flora by Common Names. Leon Levy Native Plant Preserve.,EN,BS,https://levypreserve.org/flora-by-common-name/,Leon Levy Native Plant Preserve.,All rights Preserved
wfo-0000557405,vrn-0000557405.03,Bilimbi,1,Flora by Common Names. Leon Levy Native Plant Preserve.,EN,BS,https://levypreserve.org/flora-by-common-name/,Leon Levy Native Plant Preserve.,All rights Preserved
wfo-0000560242,vrn-0000560242.01,Philippine Violet,1,Flora by Common Names. Leon Levy Native Plant Preserve.,EN,BS,https://levypreserve.org/flora-by-common-name/,Leon Levy Native Plant Preserve.,All rights Preserved
wfo-0000774825,vrn-0000774825.01,Fish Poison Tree,1,Flora by Common Names. Leon Levy Native Plant Preserve.,EN,BS,https://levypreserve.org/flora-by-common-name/,Leon Levy Native Plant Preserve.,All rights Preserved
wfo-0000774825,vrn-0000774825.02,Putat,1,Flora by Common Names. Leon Levy Native Plant Preserve.,EN,BS,https://levypreserve.org/flora-by-common-name/,Leon Levy Native Plant Preserve.,All rights Preserved
wfo-0000213330,vrn-0000213330.01,Poor Man's Orchid,1,Flora by Common Names. Leon Levy Native Plant Preserve.,EN,BS,https://levypreserve.org/flora-by-common-name/,Leon Levy Native Plant Preserve.,All rights Preserved
wfo-0000213330,vrn-0000213330.02,Mountain Ebony,1,Flora by Common Names. Leon Levy Native Plant Preserve.,EN,BS,https://levypreserve.org/flora-by-common-name/,Leon Levy Native Plant Preserve.,All rights Preserved
wfo-0000213330,vrn-0000213330.03,Orchid Tree,1,Flora by Common Names. Leon Levy Native Plant Preserve.,EN,BS,https://levypreserve.org/flora-by-common-name/,Leon Levy Native Plant Preserve.,All rights Preserved
wfo-0000566873,vrn-0000566873.01,Ackee,1,Flora by Common Names. Leon Levy Native Plant Preserve.,EN,BS,https://levypreserve.org/flora-by-common-name/,Leon Levy Native Plant Preserve.,All rights Preserved
wfo-0000566873,vrn-0000566873.02,Acki,1,Flora by Common Names. Leon Levy Native Plant Preserve.,EN,BS,https://levypreserve.org/flora-by-common-name/,Leon Levy Native Plant Preserve.,All rights Preserved
wfo-0000566873,vrn-0000566873.03,Ackee Apple,1,Flora by Common Names. Leon Levy Native Plant Preserve.,EN,BS,https://levypreserve.org/flora-by-common-name/,Leon Levy Native Plant Preserve.,All rights Preserved
wfo-0001019746,vrn-0001019746.01,Angel's Trumpet,1,Flora by Common Names. Leon Levy Native Plant Preserve.,EN,BS,https://levypreserve.org/flora-by-common-name/,Leon Levy Native Plant Preserve.,All rights Preserved
wfo-0000173553,vrn-0000173553.01,Red Powerpuff,1,Flora by Common Names. Leon Levy Native Plant Preserve.,EN,BS,https://levypreserve.org/flora-by-common-name/,Leon Levy Native Plant Preserve.,All rights Preserved
wfo-0000767775,vrn-0000767775.01,Beauty Berry,1,Flora by Common Names. Leon Levy Native Plant Preserve.,EN,BS,https://levypreserve.org/flora-by-common-name/,Leon Levy Native Plant Preserve.,All rights Preserved
wfo-0000767775,vrn-0000767775.02,American Beauty Berry,1,Flora by Common Names. Leon Levy Native Plant Preserve.,EN,BS,https://levypreserve.org/flora-by-common-name/,Leon Levy Native Plant Preserve.,All rights Preserved
wfo-0000767775,vrn-0000767775.03,French Mulberry,1,Flora by Common Names. Leon Levy Native Plant Preserve.,EN,BS,https://levypreserve.org/flora-by-common-name/,Leon Levy Native Plant Preserve.,All rights Preserved
wfo-0000584001,vrn-0000584001.01,Marijuana,1,Flora by Common Names. Leon Levy Native Plant Preserve.,EN,BS,https://levypreserve.org/flora-by-common-name/,Leon Levy Native Plant Preserve.,All rights Preserved
wfo-0000584001,vrn-0000584001.02,Cannabis,1,Flora by Common Names. Leon Levy Native Plant Preserve.,EN,BS,https://levypreserve.org/flora-by-common-name/,Leon Levy Native Plant Preserve.,All rights Preserved
wfo-0000584001,vrn-0000584001.03,Ganja,1,Flora by Common Names. Leon Levy Native Plant Preserve.,EN,BS,https://levypreserve.org/flora-by-common-name/,Leon Levy Native Plant Preserve.,All rights Preserved
wfo-0000584001,vrn-0000584001.04,Herb,1,Flora by Common Names. Leon Levy Native Plant Preserve.,EN,BS,https://levypreserve.org/flora-by-common-name/,Leon Levy Native Plant Preserve.,All rights Preserved
wfo-0000584001,vrn-0000584001.05,Weed,1,Flora by Common Names. Leon Levy Native Plant Preserve.,EN,BS,https://levypreserve.org/flora-by-common-name/,Leon Levy Native Plant Preserve.,All rights Preserved
wfo-0000163802,vrn-0000163802.01,Golden Shower,1,Flora by Common Names. Leon Levy Native Plant Preserve.,EN,BS,https://levypreserve.org/flora-by-common-name/,Leon Levy Native Plant Preserve.,All rights Preserved
wfo-0000163802,vrn-0000163802.02,Pudding Pipe Tree,1,Flora by Common Names. Leon Levy Native Plant Preserve.,EN,BS,https://levypreserve.org/flora-by-common-name/,Leon Levy Native Plant Preserve.,All rights Preserved
wfo-0000590675,vrn-0000590675.01,Brazilian Beef Wood,1,Flora by Common Names. Leon Levy Native Plant Preserve.,EN,BS,https://levypreserve.org/flora-by-common-name/,Leon Levy Native Plant Preserve.,All rights Preserved
wfo-0000590675,vrn-0000590675.02,Gray She Oak,1,Flora by Common Names. Leon Levy Native Plant Preserve.,EN,BS,https://levypreserve.org/flora-by-common-name/,Leon Levy Native Plant Preserve.,All rights Preserved
wfo-0001020453,vrn-0001020453.01,Day Blooming Jasmine,1,Flora by Common Names. Leon Levy Native Plant Preserve.,EN,BS,https://levypreserve.org/flora-by-common-name/,Leon Levy Native Plant Preserve.,All rights Preserved
wfo-0001020453,vrn-0001020453.02,Day Blooming Cestrum,1,Flora by Common Names. Leon Levy Native Plant Preserve.,EN,BS,https://levypreserve.org/flora-by-common-name/,Leon Levy Native Plant Preserve.,All rights Preserved
wfo-0001020728,vrn-0001020728.01,Chinese Ink Berry,1,Flora by Common Names. Leon Levy Native Plant Preserve.,EN,BS,https://levypreserve.org/flora-by-common-name/,Leon Levy Native Plant Preserve.,All rights Preserved
wfo-0001020728,vrn-0001020728.02,Night Cestrum,1,Flora by Common Names. Leon Levy Native Plant Preserve.,EN,BS,https://levypreserve.org/flora-by-common-name/,Leon Levy Native Plant Preserve.,All rights Preserved
wfo-0001020728,vrn-0001020728.03,Lady Of The Night,1,Flora by Common Names. Leon Levy Native Plant Preserve.,EN,BS,https://levypreserve.org/flora-by-common-name/,Leon Levy Native Plant Preserve.,All rights Preserved
wfo-0001020728,vrn-0001020728.04,Poison Berry,1,Flora by Common Names. Leon Levy Native Plant Preserve.,EN,BS,https://levypreserve.org/flora-by-common-name/,Leon Levy Native Plant Preserve.,All rights Preserved
wfo-0000606737,vrn-0000606737.01,Veldt Grape,1,Flora by Common Names. Leon Levy Native Plant Preserve.,EN,BS,https://levypreserve.org/flora-by-common-name/,Leon Levy Native Plant Preserve.,All rights Preserved
wfo-0000611317,vrn-0000611317.01,Spider Flower,1,Flora by Common Names. Leon Levy Native Plant Preserve.,EN,BS,https://levypreserve.org/flora-by-common-name/,Leon Levy Native Plant Preserve.,All rights Preserved
wfo-0000611317,vrn-0000611317.02,Shona Cabbage,1,Flora by Common Names. Leon Levy Native Plant Preserve.,EN,BS,https://levypreserve.org/flora-by-common-name/,Leon Levy Native Plant Preserve.,All rights Preserved
wfo-0000611317,vrn-0000611317.03,African Cabbage,1,Flora by Common Names. Leon Levy Native Plant Preserve.,EN,BS,https://levypreserve.org/flora-by-common-name/,Leon Levy Native Plant Preserve.,All rights Preserved
wfo-0000611317,vrn-0000611317.04,Spider Wisp,1,Flora by Common Names. Leon Levy Native Plant Preserve.,EN,BS,https://levypreserve.org/flora-by-common-name/,Leon Levy Native Plant Preserve.,All rights Preserved
wfo-0000611317,vrn-0000611317.05,Cat’s Whiskers,1,Flora by Common Names. Leon Levy Native Plant Preserve.,EN,BS,https://levypreserve.org/flora-by-common-name/,Leon Levy Native Plant Preserve.,All rights Preserved
wfo-0000611317,vrn-0000611317.06,Stink Weed,1,Flora by Common Names. Leon Levy Native Plant Preserve.,EN,BS,https://levypreserve.org/flora-by-common-name/,Leon Levy Native Plant Preserve.,All rights Preserved
wfo-0000611317,vrn-0000611317.07,Chinsaga,1,Flora by Common Names. Leon Levy Native Plant Preserve.,EN,BS,https://levypreserve.org/flora-by-common-name/,Leon Levy Native Plant Preserve.,All rights Preserved
wfo-0000880458,vrn-0000880458.01,Glory Bower,1,Flora by Common Names. Leon Levy Native Plant Preserve.,EN,BS,https://levypreserve.org/flora-by-common-name/,Leon Levy Native Plant Preserve.,All rights Preserved
wfo-0000880458,vrn-0000880458.02,Wild Jessamine,1,Flora by Common Names. Leon Levy Native Plant Preserve.,EN,BS,https://levypreserve.org/flora-by-common-name/,Leon Levy Native Plant Preserve.,All rights Preserved
wfo-0000764243,vrn-0000764243.01,Cabbage Tree,1,Flora by Common Names. Leon Levy Native Plant Preserve.,EN,BS,https://levypreserve.org/flora-by-common-name/,Leon Levy Native Plant Preserve.,All rights Preserved
wfo-0000764243,vrn-0000764243.02,Purple Cordyline,1,Flora by Common Names. Leon Levy Native Plant Preserve.,EN,BS,https://levypreserve.org/flora-by-common-name/,Leon Levy Native Plant Preserve.,All rights Preserved
wfo-0000626342,vrn-0000626342.01,Fire Cracker Flower,1,Flora by Common Names. Leon Levy Native Plant Preserve.,EN,BS,https://levypreserve.org/flora-by-common-name/,Leon Levy Native Plant Preserve.,All rights Preserved
wfo-0000210930,vrn-0000210930.01,Devil Bean,1,Flora by Common Names. Leon Levy Native Plant Preserve.,EN,BS,https://levypreserve.org/flora-by-common-name/,Leon Levy Native Plant Preserve.,All rights Preserved
wfo-0000210930,vrn-0000210930.02,Large Yellow Rattle Box,1,Flora by Common Names. Leon Levy Native Plant Preserve.,EN,BS,https://levypreserve.org/flora-by-common-name/,Leon Levy Native Plant Preserve.,All rights Preserved
wfo-0000210930,vrn-0000210930.03,Shack Shack,1,Flora by Common Names. Leon Levy Native Plant Preserve.,EN,BS,https://levypreserve.org/flora-by-common-name/,Leon Levy Native Plant Preserve.,All rights Preserved
wfo-0000210930,vrn-0000210930.04,Rattle Weed,1,Flora by Common Names. Leon Levy Native Plant Preserve.,EN,BS,https://levypreserve.org/flora-by-common-name/,Leon Levy Native Plant Preserve.,All rights Preserved
wfo-0000210927,vrn-0000210927.01,Rattle Box,1,Flora by Common Names. Leon Levy Native Plant Preserve.,EN,BS,https://levypreserve.org/flora-by-common-name/,Leon Levy Native Plant Preserve.,All rights Preserved
wfo-0000210927,vrn-0000210927.02,Showy Rattle Pod,1,Flora by Common Names. Leon Levy Native Plant Preserve.,EN,BS,https://levypreserve.org/flora-by-common-name/,Leon Levy Native Plant Preserve.,All rights Preserved
wfo-0000210927,vrn-0000210927.03,Rattle Weed,1,Flora by Common Names. Leon Levy Native Plant Preserve.,EN,BS,https://levypreserve.org/flora-by-common-name/,Leon Levy Native Plant Preserve.,All rights Preserved
wfo-0000210927,vrn-0000210927.04,Cats Bell,1,Flora by Common Names. Leon Levy Native Plant Preserve.,EN,BS,https://levypreserve.org/flora-by-common-name/,Leon Levy Native Plant Preserve.,All rights Preserved
wfo-0000172030,vrn-0000172030.01,Ti - Ti,1,Flora by Common Names. Leon Levy Native Plant Preserve.,EN,BS,https://levypreserve.org/flora-by-common-name/,Leon Levy Native Plant Preserve.,All rights Preserved
wfo-0000172030,vrn-0000172030.02,Coin Vine,1,Flora by Common Names. Leon Levy Native Plant Preserve.,EN,BS,https://levypreserve.org/flora-by-common-name/,Leon Levy Native Plant Preserve.,All rights Preserved
wfo-0000170496,vrn-0000170496.01,Velvety Tick Trefoil,1,Flora by Common Names. Leon Levy Native Plant Preserve.,EN,BS,https://levypreserve.org/flora-by-common-name/,Leon Levy Native Plant Preserve.,All rights Preserved
wfo-0000389411,vrn-0000389411.01,Bitter Yam,1,Flora by Common Names. Leon Levy Native Plant Preserve.,EN,BS,https://levypreserve.org/flora-by-common-name/,Leon Levy Native Plant Preserve.,All rights Preserved
wfo-0000389411,vrn-0000389411.02,Potato Yam,1,Flora by Common Names. Leon Levy Native Plant Preserve.,EN,BS,https://levypreserve.org/flora-by-common-name/,Leon Levy Native Plant Preserve.,All rights Preserved
wfo-0000389411,vrn-0000389411.03,Air Potato,1,Flora by Common Names. Leon Levy Native Plant Preserve.,EN,BS,https://levypreserve.org/flora-by-common-name/,Leon Levy Native Plant Preserve.,All rights Preserved
wfo-0001424455,vrn-0001424455.01,Rock Rosemary,1,Flora by Common Names. Leon Levy Native Plant Preserve.,EN,BS,https://levypreserve.org/flora-by-common-name/,Leon Levy Native Plant Preserve.,All rights Preserved
wfo-0001424432,vrn-0001424432.01,Spanish Arbor Vine,1,Flora by Common Names. Leon Levy Native Plant Preserve.,EN,BS,https://levypreserve.org/flora-by-common-name/,Leon Levy Native Plant Preserve.,All rights Preserved
wfo-0001424432,vrn-0001424432.02,Yellow Morning Glory,1,Flora by Common Names. Leon Levy Native Plant Preserve.,EN,BS,https://levypreserve.org/flora-by-common-name/,Leon Levy Native Plant Preserve.,All rights Preserved
wfo-0001424432,vrn-0001424432.03,Wood Rose,1,Flora by Common Names. Leon Levy Native Plant Preserve.,EN,BS,https://levypreserve.org/flora-by-common-name/,Leon Levy Native Plant Preserve.,All rights Preserved
wfo-0000765906,vrn-0000765906.01,Song of India,1,Flora by Common Names. Leon Levy Native Plant Preserve.,EN,BS,https://levypreserve.org/flora-by-common-name/,Leon Levy Native Plant Preserve.,All rights Preserved
wfo-0000765906,vrn-0000765906.02,Song of Jamaica,1,Flora by Common Names. Leon Levy Native Plant Preserve.,EN,BS,https://levypreserve.org/flora-by-common-name/,Leon Levy Native Plant Preserve.,All rights Preserved
wfo-0000665043,vrn-0000665043.01,Olive Wood,1,Flora by Common Names. Leon Levy Native Plant Preserve.,EN,BS,https://levypreserve.org/flora-by-common-name/,Leon Levy Native Plant Preserve.,All rights Preserved
wfo-0000963015,vrn-0000963015.01,Puno Puno,1,Flora by Common Names. Leon Levy Native Plant Preserve.,EN,BS,https://levypreserve.org/flora-by-common-name/,Leon Levy Native Plant Preserve.,All rights Preserved
wfo-0000963364,vrn-0000963364.01,Crown of Thorns,1,Flora by Common Names. Leon Levy Native Plant Preserve.,EN,BS,https://levypreserve.org/flora-by-common-name/,Leon Levy Native Plant Preserve.,All rights Preserved
wfo-0001296827,vrn-0001296827.01,Blue Daze,1,Flora by Common Names. Leon Levy Native Plant Preserve.,EN,BS,https://levypreserve.org/flora-by-common-name/,Leon Levy Native Plant Preserve.,All rights Preserved
wfo-0001296827,vrn-0001296827.02,Brazilian Dwarf Morning Glory,1,Flora by Common Names. Leon Levy Native Plant Preserve.,EN,BS,https://levypreserve.org/flora-by-common-name/,Leon Levy Native Plant Preserve.,All rights Preserved
wfo-0000687276,vrn-0000687276.01,West Indian Laurel Fig,1,Flora by Common Names. Leon Levy Native Plant Preserve.,EN,BS,https://levypreserve.org/flora-by-common-name/,Leon Levy Native Plant Preserve.,All rights Preserved
wfo-0000687276,vrn-0000687276.02,Jamaica Cherry Fig,1,Flora by Common Names. Leon Levy Native Plant Preserve.,EN,BS,https://levypreserve.org/flora-by-common-name/,Leon Levy Native Plant Preserve.,All rights Preserved
wfo-0000689922,vrn-0000689922.01,Climbing Fig,1,Flora by Common Names. Leon Levy Native Plant Preserve.,EN,BS,https://levypreserve.org/flora-by-common-name/,Leon Levy Native Plant Preserve.,All rights Preserved
wfo-0000689922,vrn-0000689922.02,Creeping Fig,1,Flora by Common Names. Leon Levy Native Plant Preserve.,EN,BS,https://levypreserve.org/flora-by-common-name/,Leon Levy Native Plant Preserve.,All rights Preserved
wfo-0000690026,vrn-0000690026.01,Bo Tree,1,Flora by Common Names. Leon Levy Native Plant Preserve.,EN,BS,https://levypreserve.org/flora-by-common-name/,Leon Levy Native Plant Preserve.,All rights Preserved
wfo-0000690026,vrn-0000690026.02,Sacred Fig,1,Flora by Common Names. Leon Levy Native Plant Preserve.,EN,BS,https://levypreserve.org/flora-by-common-name/,Leon Levy Native Plant Preserve.,All rights Preserved
wfo-0000690026,vrn-0000690026.03,Peepful Tree,1,Flora by Common Names. Leon Levy Native Plant Preserve.,EN,BS,https://levypreserve.org/flora-by-common-name/,Leon Levy Native Plant Preserve.,All rights Preserved
wfo-0000690026,vrn-0000690026.04,Sacred Tree,1,Flora by Common Names. Leon Levy Native Plant Preserve.,EN,BS,https://levypreserve.org/flora-by-common-name/,Leon Levy Native Plant Preserve.,All rights Preserved
wfo-0000925655,vrn-0000925655.01,Governor’s Plum,1,Flora by Common Names. Leon Levy Native Plant Preserve.,EN,BS,https://levypreserve.org/flora-by-common-name/,Leon Levy Native Plant Preserve.,All rights Preserved
wfo-0000925655,vrn-0000925655.02,Madagascar Plum,1,Flora by Common Names. Leon Levy Native Plant Preserve.,EN,BS,https://levypreserve.org/flora-by-common-name/,Leon Levy Native Plant Preserve.,All rights Preserved
wfo-0000925655,vrn-0000925655.03,Ramontchi,1,Flora by Common Names. Leon Levy Native Plant Preserve.,EN,BS,https://levypreserve.org/flora-by-common-name/,Leon Levy Native Plant Preserve.,All rights Preserved
wfo-0000925655,vrn-0000925655.04,Indian Plum,1,Flora by Common Names. Leon Levy Native Plant Preserve.,EN,BS,https://levypreserve.org/flora-by-common-name/,Leon Levy Native Plant Preserve.,All rights Preserved
wfo-0001423675,vrn-0001423675.01,Creeping Tick Trefoil,1,Flora by Common Names. Leon Levy Native Plant Preserve.,EN,BS,https://levypreserve.org/flora-by-common-name/,Leon Levy Native Plant Preserve.,All rights Preserved
wfo-0001423675,vrn-0001423675.02,Three Flowered Beggar Weed,1,Flora by Common Names. Leon Levy Native Plant Preserve.,EN,BS,https://levypreserve.org/flora-by-common-name/,Leon Levy Native Plant Preserve.,All rights Preserved
wfo-0000710677,vrn-0000710677.01,Lignum vitae,1,Flora by Common Names. Leon Levy Native Plant Preserve.,EN,BS,https://levypreserve.org/flora-by-common-name/,Leon Levy Native Plant Preserve.,All rights Preserved
wfo-0000723020,vrn-0000723020.01,Sorrell,1,Flora by Common Names. Leon Levy Native Plant Preserve.,EN,BS,https://levypreserve.org/flora-by-common-name/,Leon Levy Native Plant Preserve.,All rights Preserved
wfo-0000723020,vrn-0000723020.02,Roselle,1,Flora by Common Names. Leon Levy Native Plant Preserve.,EN,BS,https://levypreserve.org/flora-by-common-name/,Leon Levy Native Plant Preserve.,All rights Preserved
wfo-0000723020,vrn-0000723020.03,Florida Cranberry,1,Flora by Common Names. Leon Levy Native Plant Preserve.,EN,BS,https://levypreserve.org/flora-by-common-name/,Leon Levy Native Plant Preserve.,All rights Preserved
wfo-0000723020,vrn-0000723020.04,October Hibiscus,1,Flora by Common Names. Leon Levy Native Plant Preserve.,EN,BS,https://levypreserve.org/flora-by-common-name/,Leon Levy Native Plant Preserve.,All rights Preserved
wfo-0000723020,vrn-0000723020.05,Jamaican Tea,1,Flora by Common Names. Leon Levy Native Plant Preserve.,EN,BS,https://levypreserve.org/flora-by-common-name/,Leon Levy Native Plant Preserve.,All rights Preserved
wfo-0000723020,vrn-0000723020.06,Red Sorrell,1,Flora by Common Names. Leon Levy Native Plant Preserve.,EN,BS,https://levypreserve.org/flora-by-common-name/,Leon Levy Native Plant Preserve.,All rights Preserved
wfo-0001067827,vrn-0001067827.01,Marsh Pennywort,1,Flora by Common Names. Leon Levy Native Plant Preserve.,EN,BS,https://levypreserve.org/flora-by-common-name/,Leon Levy Native Plant Preserve.,All rights Preserved
wfo-0000726617,vrn-0000726617.01,Many Flowered Marsh Pennywort,1,Flora by Common Names. Leon Levy Native Plant Preserve.,EN,BS,https://levypreserve.org/flora-by-common-name/,Leon Levy Native Plant Preserve.,All rights Preserved
wfo-0000726628,vrn-0000726628.01,Whorled Marsh Pennywort,1,Flora by Common Names. Leon Levy Native Plant Preserve.,EN,BS,https://levypreserve.org/flora-by-common-name/,Leon Levy Native Plant Preserve.,All rights Preserved
wfo-0001297447,vrn-0001297447.01,Christmas Vine,1,Flora by Common Names. Leon Levy Native Plant Preserve.,EN,BS,https://levypreserve.org/flora-by-common-name/,Leon Levy Native Plant Preserve.,All rights Preserved
wfo-0000013627,vrn-0000013627.01,Bush Iva,1,Flora by Common Names. Leon Levy Native Plant Preserve.,EN,BS,https://levypreserve.org/flora-by-common-name/,Leon Levy Native Plant Preserve.,All rights Preserved
wfo-0000218302,vrn-0000218302.01,Chinese Ixora,1,Flora by Common Names. Leon Levy Native Plant Preserve.,EN,BS,https://levypreserve.org/flora-by-common-name/,Leon Levy Native Plant Preserve.,All rights Preserved
wfo-0000219712,vrn-0000219712.01,Peregrina,1,Flora by Common Names. Leon Levy Native Plant Preserve.,EN,BS,https://levypreserve.org/flora-by-common-name/,Leon Levy Native Plant Preserve.,All rights Preserved
wfo-0000219712,vrn-0000219712.02,Spicy Jatropha,1,Flora by Common Names. Leon Levy Native Plant Preserve.,EN,BS,https://levypreserve.org/flora-by-common-name/,Leon Levy Native Plant Preserve.,All rights Preserved
wfo-0000366809,vrn-0000366809.01,Crepe Myrtle,1,Flora by Common Names. Leon Levy Native Plant Preserve.,EN,BS,https://levypreserve.org/flora-by-common-name/,Leon Levy Native Plant Preserve.,All rights Preserved
wfo-0000366809,vrn-0000366809.02,Queen Flower,1,Flora by Common Names. Leon Levy Native Plant Preserve.,EN,BS,https://levypreserve.org/flora-by-common-name/,Leon Levy Native Plant Preserve.,All rights Preserved
wfo-0000223016,vrn-0000223016.01,Lantana,1,Flora by Common Names. Leon Levy Native Plant Preserve.,EN,BS,https://levypreserve.org/flora-by-common-name/,Leon Levy Native Plant Preserve.,All rights Preserved
wfo-0000223016,vrn-0000223016.02,Red Sage Brush,1,Flora by Common Names. Leon Levy Native Plant Preserve.,EN,BS,https://levypreserve.org/flora-by-common-name/,Leon Levy Native Plant Preserve.,All rights Preserved
wfo-0000223016,vrn-0000223016.03,Big Sage,1,Flora by Common Names. Leon Levy Native Plant Preserve.,EN,BS,https://levypreserve.org/flora-by-common-name/,Leon Levy Native Plant Preserve.,All rights Preserved
wfo-0000445388,vrn-0000445388.01,West Indian Wood Nettle,1,Flora by Common Names. Leon Levy Native Plant Preserve.,EN,BS,https://levypreserve.org/flora-by-common-name/,Leon Levy Native Plant Preserve.,All rights Preserved
wfo-0000445388,vrn-0000445388.02,Cow Itch,1,Flora by Common Names. Leon Levy Native Plant Preserve.,EN,BS,https://levypreserve.org/flora-by-common-name/,Leon Levy Native Plant Preserve.,All rights Preserved
wfo-0000212700,vrn-0000212700.01,Sweet pea,1,Flora by Common Names. Leon Levy Native Plant Preserve.,EN,BS,https://levypreserve.org/flora-by-common-name/,Leon Levy Native Plant Preserve.,All rights Preserved
wfo-0000224588,vrn-0000224588.01,Lion’s Ear,1,Flora by Common Names. Leon Levy Native Plant Preserve.,EN,BS,https://levypreserve.org/flora-by-common-name/,Leon Levy Native Plant Preserve.,All rights Preserved
wfo-0000224588,vrn-0000224588.02,Hollow Stalk,1,Flora by Common Names. Leon Levy Native Plant Preserve.,EN,BS,https://levypreserve.org/flora-by-common-name/,Leon Levy Native Plant Preserve.,All rights Preserved
wfo-0000224588,vrn-0000224588.03,Hollow Stock,1,Flora by Common Names. Leon Levy Native Plant Preserve.,EN,BS,https://levypreserve.org/flora-by-common-name/,Leon Levy Native Plant Preserve.,All rights Preserved
wfo-0000136383,vrn-0000136383.01,Blazing Star,1,Flora by Common Names. Leon Levy Native Plant Preserve.,EN,BS,https://levypreserve.org/flora-by-common-name/,Leon Levy Native Plant Preserve.,All rights Preserved
wfo-0000136383,vrn-0000136383.02,Garber’s Blazing Star,1,Flora by Common Names. Leon Levy Native Plant Preserve.,EN,BS,https://levypreserve.org/flora-by-common-name/,Leon Levy Native Plant Preserve.,All rights Preserved
wfo-0001292761,vrn-0001292761.01,Box Leaved Maytenus,1,Flora by Common Names. Leon Levy Native Plant Preserve.,EN,BS,https://levypreserve.org/flora-by-common-name/,Leon Levy Native Plant Preserve.,All rights Preserved
wfo-0001292761,vrn-0001292761.02,Spoon Wood,1,Flora by Common Names. Leon Levy Native Plant Preserve.,EN,BS,https://levypreserve.org/flora-by-common-name/,Leon Levy Native Plant Preserve.,All rights Preserved
wfo-0001292761,vrn-0001292761.03,Stinging Apple,1,Flora by Common Names. Leon Levy Native Plant Preserve.,EN,BS,https://levypreserve.org/flora-by-common-name/,Leon Levy Native Plant Preserve.,All rights Preserved
wfo-0001292761,vrn-0001292761.04,Spoon Bush,1,Flora by Common Names. Leon Levy Native Plant Preserve.,EN,BS,https://levypreserve.org/flora-by-common-name/,Leon Levy Native Plant Preserve.,All rights Preserved
wfo-0001292761,vrn-0001292761.05,Smokey Joe Bush,1,Flora by Common Names. Leon Levy Native Plant Preserve.,EN,BS,https://levypreserve.org/flora-by-common-name/,Leon Levy Native Plant Preserve.,All rights Preserved
wfo-0000239912,vrn-0000239912.01,Creek Bottle Brush,1,Flora by Common Names. Leon Levy Native Plant Preserve.,EN,BS,https://levypreserve.org/flora-by-common-name/,Leon Levy Native Plant Preserve.,All rights Preserved
wfo-0000239912,vrn-0000239912.02,Weeping Bottle Brush,1,Flora by Common Names. Leon Levy Native Plant Preserve.,EN,BS,https://levypreserve.org/flora-by-common-name/,Leon Levy Native Plant Preserve.,All rights Preserved
wfo-0000377157,vrn-0000377157.01,Creeping Cucumber,1,Flora by Common Names. Leon Levy Native Plant Preserve.,EN,BS,https://levypreserve.org/flora-by-common-name/,Leon Levy Native Plant Preserve.,All rights Preserved
wfo-0001424452,vrn-0001424452.01,Hairy Wood Rose,1,Flora by Common Names. Leon Levy Native Plant Preserve.,EN,BS,https://levypreserve.org/flora-by-common-name/,Leon Levy Native Plant Preserve.,All rights Preserved
wfo-0001109166,vrn-0001109166.01,Climbing Polypody,1,Flora by Common Names. Leon Levy Native Plant Preserve.,EN,BS,https://levypreserve.org/flora-by-common-name/,Leon Levy Native Plant Preserve.,All rights Preserved
wfo-0001109166,vrn-0001109166.02,wfo-0000451606,1,Flora by Common Names. Leon Levy Native Plant Preserve.,EN,BS,https://levypreserve.org/flora-by-common-name/,Leon Levy Native Plant Preserve.,All rights Preserved
wfo-0000447905,vrn-0000447905.01,Mulberry,1,Flora by Common Names. Leon Levy Native Plant Preserve.,EN,BS,https://levypreserve.org/flora-by-common-name/,Leon Levy Native Plant Preserve.,All rights Preserved
wfo-0000447905,vrn-0000447905.02,Silk Worm Mulberry,1,Flora by Common Names. Leon Levy Native Plant Preserve.,EN,BS,https://levypreserve.org/flora-by-common-name/,Leon Levy Native Plant Preserve.,All rights Preserved
wfo-0000447905,vrn-0000447905.03,White Mulberry,1,Flora by Common Names. Leon Levy Native Plant Preserve.,EN,BS,https://levypreserve.org/flora-by-common-name/,Leon Levy Native Plant Preserve.,All rights Preserved
wfo-0000451606,vrn-0000451606.01,Jamaican Cherry,1,Flora by Common Names. Leon Levy Native Plant Preserve.,EN,BS,https://levypreserve.org/flora-by-common-name/,Leon Levy Native Plant Preserve.,All rights Preserved
wfo-0000451606,vrn-0000451606.02,Panama Berry,1,Flora by Common Names. Leon Levy Native Plant Preserve.,EN,BS,https://levypreserve.org/flora-by-common-name/,Leon Levy Native Plant Preserve.,All rights Preserved
wfo-0000451606,vrn-0000451606.03,Capulin,1,Flora by Common Names. Leon Levy Native Plant Preserve.,EN,BS,https://levypreserve.org/flora-by-common-name/,Leon Levy Native Plant Preserve.,All rights Preserved
wfo-0000453279,vrn-0000453279.01,Mock Orange,1,Flora by Common Names. Leon Levy Native Plant Preserve.,EN,BS,https://levypreserve.org/flora-by-common-name/,Leon Levy Native Plant Preserve.,All rights Preserved
wfo-0000453279,vrn-0000453279.02,Chinese Box,1,Flora by Common Names. Leon Levy Native Plant Preserve.,EN,BS,https://levypreserve.org/flora-by-common-name/,Leon Levy Native Plant Preserve.,All rights Preserved
wfo-0000453279,vrn-0000453279.03,Orange Jasmine,1,Flora by Common Names. Leon Levy Native Plant Preserve.,EN,BS,https://levypreserve.org/flora-by-common-name/,Leon Levy Native Plant Preserve.,All rights Preserved
wfo-0000253112,vrn-0000253112.01,Blood Horn,1,Flora by Common Names. Leon Levy Native Plant Preserve.,EN,BS,https://levypreserve.org/flora-by-common-name/,Leon Levy Native Plant Preserve.,All rights Preserved
wfo-0000253112,vrn-0000253112.02,Pokosola,1,Flora by Common Names. Leon Levy Native Plant Preserve.,EN,BS,https://levypreserve.org/flora-by-common-name/,Leon Levy Native Plant Preserve.,All rights Preserved
wfo-0000253112,vrn-0000253112.03,Lady of the House,1,Flora by Common Names. Leon Levy Native Plant Preserve.,EN,BS,https://levypreserve.org/flora-by-common-name/,Leon Levy Native Plant Preserve.,All rights Preserved
wfo-0000253112,vrn-0000253112.04,Mangrove Ochrasia,1,Flora by Common Names. Leon Levy Native Plant Preserve.,EN,BS,https://levypreserve.org/flora-by-common-name/,Leon Levy Native Plant Preserve.,All rights Preserved
wfo-0000253112,vrn-0000253112.05,Scarlet Wedge Apple,1,Flora by Common Names. Leon Levy Native Plant Preserve.,EN,BS,https://levypreserve.org/flora-by-common-name/,Leon Levy Native Plant Preserve.,All rights Preserved
wfo-0000253112,vrn-0000253112.06,New Caledonia Tree,1,Flora by Common Names. Leon Levy Native Plant Preserve.,EN,BS,https://levypreserve.org/flora-by-common-name/,Leon Levy Native Plant Preserve.,All rights Preserved
wfo-0000253112,vrn-0000253112.07,Berry Wood Tree,1,Flora by Common Names. Leon Levy Native Plant Preserve.,EN,BS,https://levypreserve.org/flora-by-common-name/,Leon Levy Native Plant Preserve.,All rights Preserved
wfo-0001281433,vrn-0001281433.01,Southern Bee Blossom,1,Flora by Common Names. Leon Levy Native Plant Preserve.,EN,BS,https://levypreserve.org/flora-by-common-name/,Leon Levy Native Plant Preserve.,All rights Preserved
wfo-0001109067,vrn-0001109067.01,Royal Fern,1,Flora by Common Names. Leon Levy Native Plant Preserve.,EN,BS,https://levypreserve.org/flora-by-common-name/,Leon Levy Native Plant Preserve.,All rights Preserved
wfo-0001090266,vrn-0001090266.01,Thatch Screw Pine,1,Flora by Common Names. Leon Levy Native Plant Preserve.,EN,BS,https://levypreserve.org/flora-by-common-name/,Leon Levy Native Plant Preserve.,All rights Preserved
wfo-0001090266,vrn-0001090266.02,Tahitian Screw Pine,1,Flora by Common Names. Leon Levy Native Plant Preserve.,EN,BS,https://levypreserve.org/flora-by-common-name/,Leon Levy Native Plant Preserve.,All rights Preserved
wfo-0001090266,vrn-0001090266.03,Pandanus,1,Flora by Common Names. Leon Levy Native Plant Preserve.,EN,BS,https://levypreserve.org/flora-by-common-name/,Leon Levy Native Plant Preserve.,All rights Preserved
wfo-0000479905,vrn-0000479905.01,Passion Fruit,1,Flora by Common Names. Leon Levy Native Plant Preserve.,EN,BS,https://levypreserve.org/flora-by-common-name/,Leon Levy Native Plant Preserve.,All rights Preserved
wfo-0000479879,vrn-0000479879.01,Viscid Passion Flower,1,Flora by Common Names. Leon Levy Native Plant Preserve.,EN,BS,https://levypreserve.org/flora-by-common-name/,Leon Levy Native Plant Preserve.,All rights Preserved
wfo-0000479879,vrn-0000479879.02,Love in a Mist,1,Flora by Common Names. Leon Levy Native Plant Preserve.,EN,BS,https://levypreserve.org/flora-by-common-name/,Leon Levy Native Plant Preserve.,All rights Preserved
wfo-0000479879,vrn-0000479879.03,Stinking Passion Flower,1,Flora by Common Names. Leon Levy Native Plant Preserve.,EN,BS,https://levypreserve.org/flora-by-common-name/,Leon Levy Native Plant Preserve.,All rights Preserved
wfo-0000178769,vrn-0000178769.01,Yellow Poinciana,1,Flora by Common Names. Leon Levy Native Plant Preserve.,EN,BS,https://levypreserve.org/flora-by-common-name/,Leon Levy Native Plant Preserve.,All rights Preserved
wfo-0000266958,vrn-0000266958.01,Egyptian Star Cluster,1,Flora by Common Names. Leon Levy Native Plant Preserve.,EN,BS,https://levypreserve.org/flora-by-common-name/,Leon Levy Native Plant Preserve.,All rights Preserved
wfo-0000266958,vrn-0000266958.02,Star Flower,1,Flora by Common Names. Leon Levy Native Plant Preserve.,EN,BS,https://levypreserve.org/flora-by-common-name/,Leon Levy Native Plant Preserve.,All rights Preserved
wfo-0000474426,vrn-0000474426.01,Big Man,1,Flora by Common Names. Leon Levy Native Plant Preserve.,EN,BS,https://levypreserve.org/flora-by-common-name/,Leon Levy Native Plant Preserve.,All rights Preserved
wfo-0000474426,vrn-0000474426.02,Broad Leaved Mistletoe,1,Flora by Common Names. Leon Levy Native Plant Preserve.,EN,BS,https://levypreserve.org/flora-by-common-name/,Leon Levy Native Plant Preserve.,All rights Preserved
wfo-0000482093,vrn-0000482093.01,Poke Weed,1,Flora by Common Names. Leon Levy Native Plant Preserve.,EN,BS,https://levypreserve.org/flora-by-common-name/,Leon Levy Native Plant Preserve.,All rights Preserved
wfo-0000482093,vrn-0000482093.02,Tropical Poke Weed,1,Flora by Common Names. Leon Levy Native Plant Preserve.,EN,BS,https://levypreserve.org/flora-by-common-name/,Leon Levy Native Plant Preserve.,All rights Preserved
wfo-0000482093,vrn-0000482093.03,Button Poke Weed,1,Flora by Common Names. Leon Levy Native Plant Preserve.,EN,BS,https://levypreserve.org/flora-by-common-name/,Leon Levy Native Plant Preserve.,All rights Preserved
wfo-0000482093,vrn-0000482093.04,Pork Bush,1,Flora by Common Names. Leon Levy Native Plant Preserve.,EN,BS,https://levypreserve.org/flora-by-common-name/,Leon Levy Native Plant Preserve.,All rights Preserved
wfo-0000482093,vrn-0000482093.05,Poke Bush,1,Flora by Common Names. Leon Levy Native Plant Preserve.,EN,BS,https://levypreserve.org/flora-by-common-name/,Leon Levy Native Plant Preserve.,All rights Preserved
wfo-0000476234,vrn-0000476234.01,Cock Spur,1,Flora by Common Names. Leon Levy Native Plant Preserve.,EN,BS,https://levypreserve.org/flora-by-common-name/,Leon Levy Native Plant Preserve.,All rights Preserved
wfo-0000476234,vrn-0000476234.02,Haul Back,1,Flora by Common Names. Leon Levy Native Plant Preserve.,EN,BS,https://levypreserve.org/flora-by-common-name/,Leon Levy Native Plant Preserve.,All rights Preserved
wfo-0000476234,vrn-0000476234.03,Pull Back,1,Flora by Common Names. Leon Levy Native Plant Preserve.,EN,BS,https://levypreserve.org/flora-by-common-name/,Leon Levy Native Plant Preserve.,All rights Preserved
wfo-0000476234,vrn-0000476234.04,Hold Back,1,Flora by Common Names. Leon Levy Native Plant Preserve.,EN,BS,https://levypreserve.org/flora-by-common-name/,Leon Levy Native Plant Preserve.,All rights Preserved
wfo-0000178429,vrn-0000178429.01,Bread and Cheese,1,Flora by Common Names. Leon Levy Native Plant Preserve.,EN,BS,https://levypreserve.org/flora-by-common-name/,Leon Levy Native Plant Preserve.,All rights Preserved
wfo-0000178429,vrn-0000178429.02,Cat Claw Black Bead,1,Flora by Common Names. Leon Levy Native Plant Preserve.,EN,BS,https://levypreserve.org/flora-by-common-name/,Leon Levy Native Plant Preserve.,All rights Preserved
wfo-0000178429,vrn-0000178429.03,Black Bead,1,Flora by Common Names. Leon Levy Native Plant Preserve.,EN,BS,https://levypreserve.org/flora-by-common-name/,Leon Levy Native Plant Preserve.,All rights Preserved
wfo-0000178429,vrn-0000178429.04,Cat's Claw,1,Flora by Common Names. Leon Levy Native Plant Preserve.,EN,BS,https://levypreserve.org/flora-by-common-name/,Leon Levy Native Plant Preserve.,All rights Preserved
wfo-0000178429,vrn-0000178429.05,Crab Pickle,1,Flora by Common Names. Leon Levy Native Plant Preserve.,EN,BS,https://levypreserve.org/flora-by-common-name/,Leon Levy Native Plant Preserve.,All rights Preserved
wfo-0000178429,vrn-0000178429.06,Goat Bush,1,Flora by Common Names. Leon Levy Native Plant Preserve.,EN,BS,https://levypreserve.org/flora-by-common-name/,Leon Levy Native Plant Preserve.,All rights Preserved
wfo-0000341926,vrn-0000341926.01,Pinguin,1,Flora by Common Names. Leon Levy Native Plant Preserve.,EN,BS,https://levypreserve.org/flora-by-common-name/,Leon Levy Native Plant Preserve.,All rights Preserved
wfo-0000341926,vrn-0000341926.02,Wild Pineapple,1,Flora by Common Names. Leon Levy Native Plant Preserve.,EN,BS,https://levypreserve.org/flora-by-common-name/,Leon Levy Native Plant Preserve.,All rights Preserved
wfo-0000341926,vrn-0000341926.03,Piñuela,1,Flora by Common Names. Leon Levy Native Plant Preserve.,EN,BS,https://levypreserve.org/flora-by-common-name/,Leon Levy Native Plant Preserve.,All rights Preserved
wfo-0000341926,vrn-0000341926.04,Piro,1,Flora by Common Names. Leon Levy Native Plant Preserve.,EN,BS,https://levypreserve.org/flora-by-common-name/,Leon Levy Native Plant Preserve.,All rights Preserved
wfo-0000341926,vrn-0000341926.05,Pingwing,1,Flora by Common Names. Leon Levy Native Plant Preserve.,EN,BS,https://levypreserve.org/flora-by-common-name/,Leon Levy Native Plant Preserve.,All rights Preserved
wfo-0000586792,vrn-0000586792.01,Wood Bitter Cress,1,Flora by Common Names. Leon Levy Native Plant Preserve.,EN,BS,https://levypreserve.org/flora-by-common-name/,Leon Levy Native Plant Preserve.,All rights Preserved
wfo-0000586792,vrn-0000586792.02,Bitter Cress,1,Flora by Common Names. Leon Levy Native Plant Preserve.,EN,BS,https://levypreserve.org/flora-by-common-name/,Leon Levy Native Plant Preserve.,All rights Preserved
wfo-0000586792,vrn-0000586792.03,Wavy Bitter Cress,1,Flora by Common Names. Leon Levy Native Plant Preserve.,EN,BS,https://levypreserve.org/flora-by-common-name/,Leon Levy Native Plant Preserve.,All rights Preserved
wfo-0000164126,vrn-0000164126.01,Palawan Cherry,1,Flora by Common Names. Leon Levy Native Plant Preserve.,EN,BS,https://levypreserve.org/flora-by-common-name/,Leon Levy Native Plant Preserve.,All rights Preserved
wfo-0000164126,vrn-0000164126.02,Apple Blossom Tree,1,Flora by Common Names. Leon Levy Native Plant Preserve.,EN,BS,https://levypreserve.org/flora-by-common-name/,Leon Levy Native Plant Preserve.,All rights Preserved
wfo-0000164126,vrn-0000164126.03,Pink and White Shower,1,Flora by Common Names. Leon Levy Native Plant Preserve.,EN,BS,https://levypreserve.org/flora-by-common-name/,Leon Levy Native Plant Preserve.,All rights Preserved
wfo-0000164126,vrn-0000164126.04,Java Cassia,1,Flora by Common Names. Leon Levy Native Plant Preserve.,EN,BS,https://levypreserve.org/flora-by-common-name/,Leon Levy Native Plant Preserve.,All rights Preserved
wfo-0000164126,vrn-0000164126.05,Pink Shower,1,Flora by Common Names. Leon Levy Native Plant Preserve.,EN,BS,https://levypreserve.org/flora-by-common-name/,Leon Levy Native Plant Preserve.,All rights Preserved
wfo-0000164126,vrn-0000164126.06,Rainbow Shower Tree,1,Flora by Common Names. Leon Levy Native Plant Preserve.,EN,BS,https://levypreserve.org/flora-by-common-name/,Leon Levy Native Plant Preserve.,All rights Preserved
wfo-0000615212,vrn-0000615212.01,Asian Snake Wood,1,Flora by Common Names. Leon Levy Native Plant Preserve.,EN,BS,https://levypreserve.org/flora-by-common-name/,Leon Levy Native Plant Preserve.,All rights Preserved
wfo-0000615212,vrn-0000615212.02,Asian Naked Wood,1,Flora by Common Names. Leon Levy Native Plant Preserve.,EN,BS,https://levypreserve.org/flora-by-common-name/,Leon Levy Native Plant Preserve.,All rights Preserved
wfo-0000615212,vrn-0000615212.03,Lather Leaf,1,Flora by Common Names. Leon Levy Native Plant Preserve.,EN,BS,https://levypreserve.org/flora-by-common-name/,Leon Levy Native Plant Preserve.,All rights Preserved
wfo-0001297200,vrn-0001297200.01,Field Dodder,1,Flora by Common Names. Leon Levy Native Plant Preserve.,EN,BS,https://levypreserve.org/flora-by-common-name/,Leon Levy Native Plant Preserve.,All rights Preserved
wfo-0001297200,vrn-0001297200.02,Golden Dodder,1,Flora by Common Names. Leon Levy Native Plant Preserve.,EN,BS,https://levypreserve.org/flora-by-common-name/,Leon Levy Native Plant Preserve.,All rights Preserved
wfo-0001297200,vrn-0001297200.03,Large Seeded Alfafa Dodder,1,Flora by Common Names. Leon Levy Native Plant Preserve.,EN,BS,https://levypreserve.org/flora-by-common-name/,Leon Levy Native Plant Preserve.,All rights Preserved
wfo-0001297200,vrn-0001297200.04,Yellow Dodder,1,Flora by Common Names. Leon Levy Native Plant Preserve.,EN,BS,https://levypreserve.org/flora-by-common-name/,Leon Levy Native Plant Preserve.,All rights Preserved
wfo-0001297200,vrn-0001297200.05,Prairie Dodder,1,Flora by Common Names. Leon Levy Native Plant Preserve.,EN,BS,https://levypreserve.org/flora-by-common-name/,Leon Levy Native Plant Preserve.,All rights Preserved
wfo-0000373464,vrn-0000373464.01,Yellow Flat Sedge,1,Flora by Common Names. Leon Levy Native Plant Preserve.,EN,BS,https://levypreserve.org/flora-by-common-name/,Leon Levy Native Plant Preserve.,All rights Preserved
wfo-0000646036,vrn-0000646036.01,Twin Flower,1,Flora by Common Names. Leon Levy Native Plant Preserve.,EN,BS,https://levypreserve.org/flora-by-common-name/,Leon Levy Native Plant Preserve.,All rights Preserved
wfo-0000646036,vrn-0000646036.02,False Mint,1,Flora by Common Names. Leon Levy Native Plant Preserve.,EN,BS,https://levypreserve.org/flora-by-common-name/,Leon Levy Native Plant Preserve.,All rights Preserved
wfo-0000646036,vrn-0000646036.03,Six Angle Fold Wing,1,Flora by Common Names. Leon Levy Native Plant Preserve.,EN,BS,https://levypreserve.org/flora-by-common-name/,Leon Levy Native Plant Preserve.,All rights Preserved
wfo-0000865220,vrn-0000865220.01,Jungle Rice,1,Flora by Common Names. Leon Levy Native Plant Preserve.,EN,BS,https://levypreserve.org/flora-by-common-name/,Leon Levy Native Plant Preserve.,All rights Preserved
wfo-0000865220,vrn-0000865220.02,Wild Rice,1,Flora by Common Names. Leon Levy Native Plant Preserve.,EN,BS,https://levypreserve.org/flora-by-common-name/,Leon Levy Native Plant Preserve.,All rights Preserved
wfo-0000865220,vrn-0000865220.03,Decan Grass,1,Flora by Common Names. Leon Levy Native Plant Preserve.,EN,BS,https://levypreserve.org/flora-by-common-name/,Leon Levy Native Plant Preserve.,All rights Preserved
wfo-0000865220,vrn-0000865220.04,Awnless Barnyard Grass,1,Flora by Common Names. Leon Levy Native Plant Preserve.,EN,BS,https://levypreserve.org/flora-by-common-name/,Leon Levy Native Plant Preserve.,All rights Preserved
wfo-0000865236,vrn-0000865236.01,Barnyard Grass,1,Flora by Common Names. Leon Levy Native Plant Preserve.,EN,BS,https://levypreserve.org/flora-by-common-name/,Leon Levy Native Plant Preserve.,All rights Preserved
wfo-0000865236,vrn-0000865236.02,Cockspur Grass,1,Flora by Common Names. Leon Levy Native Plant Preserve.,EN,BS,https://levypreserve.org/flora-by-common-name/,Leon Levy Native Plant Preserve.,All rights Preserved
wfo-0000865236,vrn-0000865236.03,Barn Yard Millet,1,Flora by Common Names. Leon Levy Native Plant Preserve.,EN,BS,https://levypreserve.org/flora-by-common-name/,Leon Levy Native Plant Preserve.,All rights Preserved
wfo-0000865236,vrn-0000865236.04,Water Grass,1,Flora by Common Names. Leon Levy Native Plant Preserve.,EN,BS,https://levypreserve.org/flora-by-common-name/,Leon Levy Native Plant Preserve.,All rights Preserved
wfo-0000017704,vrn-0000017704.01,Lilac Tassel Flower,1,Flora by Common Names. Leon Levy Native Plant Preserve.,EN,BS,https://levypreserve.org/flora-by-common-name/,Leon Levy Native Plant Preserve.,All rights Preserved
wfo-0000017704,vrn-0000017704.02,Cupid's Shaving Brush,1,Flora by Common Names. Leon Levy Native Plant Preserve.,EN,BS,https://levypreserve.org/flora-by-common-name/,Leon Levy Native Plant Preserve.,All rights Preserved
wfo-0000040173,vrn-0000040173.01,Fire Weed,1,Flora by Common Names. Leon Levy Native Plant Preserve.,EN,BS,https://levypreserve.org/flora-by-common-name/,Leon Levy Native Plant Preserve.,All rights Preserved
wfo-0000040173,vrn-0000040173.02,American Burn Weed,1,Flora by Common Names. Leon Levy Native Plant Preserve.,EN,BS,https://levypreserve.org/flora-by-common-name/,Leon Levy Native Plant Preserve.,All rights Preserved
wfo-0000040173,vrn-0000040173.03,Pile Wort,1,Flora by Common Names. Leon Levy Native Plant Preserve.,EN,BS,https://levypreserve.org/flora-by-common-name/,Leon Levy Native Plant Preserve.,All rights Preserved
wfo-0000116399,vrn-0000116399.01,Dog Fennel,1,Flora by Common Names. Leon Levy Native Plant Preserve.,EN,BS,https://levypreserve.org/flora-by-common-name/,Leon Levy Native Plant Preserve.,All rights Preserved
wfo-0000964275,vrn-0000964275.01,Poinsettia,1,Flora by Common Names. Leon Levy Native Plant Preserve.,EN,BS,https://levypreserve.org/flora-by-common-name/,Leon Levy Native Plant Preserve.,All rights Preserved
wfo-0000964288,vrn-0000964288.01,Jamaican Poinsettia,1,Flora by Common Names. Leon Levy Native Plant Preserve.,EN,BS,https://levypreserve.org/flora-by-common-name/,Leon Levy Native Plant Preserve.,All rights Preserved
wfo-0001362098,vrn-0001362098.01,Monkey Fiddle,1,Flora by Common Names. Leon Levy Native Plant Preserve.,EN,BS,https://levypreserve.org/flora-by-common-name/,Leon Levy Native Plant Preserve.,All rights Preserved
wfo-0001362098,vrn-0001362098.02,Devil's Backbone,1,Flora by Common Names. Leon Levy Native Plant Preserve.,EN,BS,https://levypreserve.org/flora-by-common-name/,Leon Levy Native Plant Preserve.,All rights Preserved
wfo-0001362098,vrn-0001362098.03,Fiddle Flower,1,Flora by Common Names. Leon Levy Native Plant Preserve.,EN,BS,https://levypreserve.org/flora-by-common-name/,Leon Levy Native Plant Preserve.,All rights Preserved
wfo-0000682800,vrn-0000682800.01,Slender Heliotrope,1,Flora by Common Names. Leon Levy Native Plant Preserve.,EN,BS,https://levypreserve.org/flora-by-common-name/,Leon Levy Native Plant Preserve.,All rights Preserved
wfo-0000682800,vrn-0000682800.02,Four Spike Heliotrope,1,Flora by Common Names. Leon Levy Native Plant Preserve.,EN,BS,https://levypreserve.org/flora-by-common-name/,Leon Levy Native Plant Preserve.,All rights Preserved
wfo-0001297241,vrn-0001297241.01,Silky Dwarf Morning Glory,1,Flora by Common Names. Leon Levy Native Plant Preserve.,EN,BS,https://levypreserve.org/flora-by-common-name/,Leon Levy Native Plant Preserve.,All rights Preserved
wfo-0000768270,vrn-0000768270.01,Wild Sisal,1,Flora by Common Names. Leon Levy Native Plant Preserve.,EN,BS,https://levypreserve.org/flora-by-common-name/,Leon Levy Native Plant Preserve.,All rights Preserved
wfo-0000768270,vrn-0000768270.02,Penco Blanco,1,Flora by Common Names. Leon Levy Native Plant Preserve.,EN,BS,https://levypreserve.org/flora-by-common-name/,Leon Levy Native Plant Preserve.,All rights Preserved
wfo-0000768270,vrn-0000768270.03,Cabuya,1,Flora by Common Names. Leon Levy Native Plant Preserve.,EN,BS,https://levypreserve.org/flora-by-common-name/,Leon Levy Native Plant Preserve.,All rights Preserved
wfo-0000768270,vrn-0000768270.04,Fique,1,Flora by Common Names. Leon Levy Native Plant Preserve.,EN,BS,https://levypreserve.org/flora-by-common-name/,Leon Levy Native Plant Preserve.,All rights Preserved
wfo-0000768270,vrn-0000768270.05,Cuban Hemp,1,Flora by Common Names. Leon Levy Native Plant Preserve.,EN,BS,https://levypreserve.org/flora-by-common-name/,Leon Levy Native Plant Preserve.,All rights Preserved
wfo-0000718525,vrn-0000718525.01,Low Heliotrope,1,Flora by Common Names. Leon Levy Native Plant Preserve.,EN,BS,https://levypreserve.org/flora-by-common-name/,Leon Levy Native Plant Preserve.,All rights Preserved
wfo-0000718773,vrn-0000718773.01,White Pussley,1,Flora by Common Names. Leon Levy Native Plant Preserve.,EN,BS,https://levypreserve.org/flora-by-common-name/,Leon Levy Native Plant Preserve.,All rights Preserved
wfo-0000718773,vrn-0000718773.02,Low Ashy Heliotrope,1,Flora by Common Names. Leon Levy Native Plant Preserve.,EN,BS,https://levypreserve.org/flora-by-common-name/,Leon Levy Native Plant Preserve.,All rights Preserved
wfo-0000671074,vrn-0000671074.01,Southern Yellow Grass,1,Flora by Common Names. Leon Levy Native Plant Preserve.,EN,BS,https://levypreserve.org/flora-by-common-name/,Leon Levy Native Plant Preserve.,All rights Preserved
wfo-0000671074,vrn-0000671074.02,Wright's Star Grass,1,Flora by Common Names. Leon Levy Native Plant Preserve.,EN,BS,https://levypreserve.org/flora-by-common-name/,Leon Levy Native Plant Preserve.,All rights Preserved
wfo-0000671074,vrn-0000671074.03,Bristle Seed Star Grass,1,Flora by Common Names. Leon Levy Native Plant Preserve.,EN,BS,https://levypreserve.org/flora-by-common-name/,Leon Levy Native Plant Preserve.,All rights Preserved
wfo-0000671074,vrn-0000671074.04,Yellow Star Grass,1,Flora by Common Names. Leon Levy Native Plant Preserve.,EN,BS,https://levypreserve.org/flora-by-common-name/,Leon Levy Native Plant Preserve.,All rights Preserved
wfo-0000729281,vrn-0000729281.01,Dahoon Holly,1,Flora by Common Names. Leon Levy Native Plant Preserve.,EN,BS,https://levypreserve.org/flora-by-common-name/,Leon Levy Native Plant Preserve.,All rights Preserved
wfo-0001078442,vrn-0001078442.01,Krug's Holly,1,Flora by Common Names. Leon Levy Native Plant Preserve.,EN,BS,https://levypreserve.org/flora-by-common-name/,Leon Levy Native Plant Preserve.,All rights Preserved
wfo-0001078442,vrn-0001078442.02,Tawn Berry Holly,1,Flora by Common Names. Leon Levy Native Plant Preserve.,EN,BS,https://levypreserve.org/flora-by-common-name/,Leon Levy Native Plant Preserve.,All rights Preserved
wfo-0001032983,vrn-0001032983.01,Puerto Rico Holly,1,Flora by Common Names. Leon Levy Native Plant Preserve.,EN,BS,https://levypreserve.org/flora-by-common-name/,Leon Levy Native Plant Preserve.,All rights Preserved
wfo-0000747940,vrn-0000747940.01,Picotee Morning Glory,1,Flora by Common Names. Leon Levy Native Plant Preserve.,EN,BS,https://levypreserve.org/flora-by-common-name/,Leon Levy Native Plant Preserve.,All rights Preserved
wfo-0000747940,vrn-0000747940.02,Ivy Morning Glory,1,Flora by Common Names. Leon Levy Native Plant Preserve.,EN,BS,https://levypreserve.org/flora-by-common-name/,Leon Levy Native Plant Preserve.,All rights Preserved
wfo-0000747940,vrn-0000747940.03,Ivy Leaf Morning Glory,1,Flora by Common Names. Leon Levy Native Plant Preserve.,EN,BS,https://levypreserve.org/flora-by-common-name/,Leon Levy Native Plant Preserve.,All rights Preserved
wfo-0000747940,vrn-0000747940.04,Japanese Morning Glory,1,Flora by Common Names. Leon Levy Native Plant Preserve.,EN,BS,https://levypreserve.org/flora-by-common-name/,Leon Levy Native Plant Preserve.,All rights Preserved
wfo-0001297260,vrn-0001297260.01,Salt Marsh Morning Glory,1,Flora by Common Names. Leon Levy Native Plant Preserve.,EN,BS,https://levypreserve.org/flora-by-common-name/,Leon Levy Native Plant Preserve.,All rights Preserved
wfo-0000224450,vrn-0000224450.01,Little Duck Weed,1,Flora by Common Names. Leon Levy Native Plant Preserve.,EN,BS,https://levypreserve.org/flora-by-common-name/,Leon Levy Native Plant Preserve.,All rights Preserved
wfo-0000379355,vrn-0000379355.01,Jamaica Weed,1,Flora by Common Names. Leon Levy Native Plant Preserve.,EN,BS,https://levypreserve.org/flora-by-common-name/,Leon Levy Native Plant Preserve.,All rights Preserved
wfo-0000379355,vrn-0000379355.02,Fiddle Leaf,1,Flora by Common Names. Leon Levy Native Plant Preserve.,EN,BS,https://levypreserve.org/flora-by-common-name/,Leon Levy Native Plant Preserve.,All rights Preserved
wfo-0000379355,vrn-0000379355.03,Fiddle Leaf Nama,1,Flora by Common Names. Leon Levy Native Plant Preserve.,EN,BS,https://levypreserve.org/flora-by-common-name/,Leon Levy Native Plant Preserve.,All rights Preserved
wfo-0000184288,vrn-0000184288.01,Bayahonda Blanca,1,Flora by Common Names. Leon Levy Native Plant Preserve.,EN,BS,https://levypreserve.org/flora-by-common-name/,Leon Levy Native Plant Preserve.,All rights Preserved
wfo-0000184288,vrn-0000184288.02,Mesquite,1,Flora by Common Names. Leon Levy Native Plant Preserve.,EN,BS,https://levypreserve.org/flora-by-common-name/,Leon Levy Native Plant Preserve.,All rights Preserved
wfo-0000014938,vrn-0000014938.01,Billy Goat Weed,1,Flora by Common Names. Leon Levy Native Plant Preserve.,EN,BS,https://levypreserve.org/flora-by-common-name/,Leon Levy Native Plant Preserve.,All rights Preserved
wfo-0000014938,vrn-0000014938.02,Goat Bush,1,Flora by Common Names. Leon Levy Native Plant Preserve.,EN,BS,https://levypreserve.org/flora-by-common-name/,Leon Levy Native Plant Preserve.,All rights Preserved
wfo-0000014938,vrn-0000014938.03,Chick Weed,1,Flora by Common Names. Leon Levy Native Plant Preserve.,EN,BS,https://levypreserve.org/flora-by-common-name/,Leon Levy Native Plant Preserve.,All rights Preserved
wfo-0000014938,vrn-0000014938.04,White Weed,1,Flora by Common Names. Leon Levy Native Plant Preserve.,EN,BS,https://levypreserve.org/flora-by-common-name/,Leon Levy Native Plant Preserve.,All rights Preserved
wfo-0000014938,vrn-0000014938.05,Mentrastro,1,Flora by Common Names. Leon Levy Native Plant Preserve.,EN,BS,https://levypreserve.org/flora-by-common-name/,Leon Levy Native Plant Preserve.,All rights Preserved
wfo-0000014938,vrn-0000014938.06,Boston Cat Nip,1,Flora by Common Names. Leon Levy Native Plant Preserve.,EN,BS,https://levypreserve.org/flora-by-common-name/,Leon Levy Native Plant Preserve.,All rights Preserved
wfo-0001108020,vrn-0001108020.01,Nest Fern,1,Flora by Common Names. Leon Levy Native Plant Preserve.,EN,BS,https://levypreserve.org/flora-by-common-name/,Leon Levy Native Plant Preserve.,All rights Preserved
wfo-0001108020,vrn-0001108020.02,Bird's Nest Fern,1,Flora by Common Names. Leon Levy Native Plant Preserve.,EN,BS,https://levypreserve.org/flora-by-common-name/,Leon Levy Native Plant Preserve.,All rights Preserved
wfo-0000342386,vrn-0000342386.01,Bismarck Palm,1,Flora by Common Names. Leon Levy Native Plant Preserve.,EN,BS,https://levypreserve.org/flora-by-common-name/,Leon Levy Native Plant Preserve.,All rights Preserved
wfo-0000173962,vrn-0000173962.01,Jamaican Rain Tree,1,Flora by Common Names. Leon Levy Native Plant Preserve.,EN,BS,https://levypreserve.org/flora-by-common-name/,Leon Levy Native Plant Preserve.,All rights Preserved
wfo-0000173962,vrn-0000173962.02,Cocus Wood,1,Flora by Common Names. Leon Levy Native Plant Preserve.,EN,BS,https://levypreserve.org/flora-by-common-name/,Leon Levy Native Plant Preserve.,All rights Preserved
wfo-0000803077,vrn-0000803077.01,Karonda,1,Flora by Common Names. Leon Levy Native Plant Preserve.,EN,BS,https://levypreserve.org/flora-by-common-name/,Leon Levy Native Plant Preserve.,All rights Preserved
wfo-0000803077,vrn-0000803077.02,Bengal Currant,1,Flora by Common Names. Leon Levy Native Plant Preserve.,EN,BS,https://levypreserve.org/flora-by-common-name/,Leon Levy Native Plant Preserve.,All rights Preserved
wfo-0000803077,vrn-0000803077.03,Carandas Plum,1,Flora by Common Names. Leon Levy Native Plant Preserve.,EN,BS,https://levypreserve.org/flora-by-common-name/,Leon Levy Native Plant Preserve.,All rights Preserved
wfo-0000803077,vrn-0000803077.04,Kanna,1,Flora by Common Names. Leon Levy Native Plant Preserve.,EN,BS,https://levypreserve.org/flora-by-common-name/,Leon Levy Native Plant Preserve.,All rights Preserved
wfo-0000803077,vrn-0000803077.05,Karvanda,1,Flora by Common Names. Leon Levy Native Plant Preserve.,EN,BS,https://levypreserve.org/flora-by-common-name/,Leon Levy Native Plant Preserve.,All rights Preserved
wfo-0000592594,vrn-0000592594.01,Kapok,1,Flora by Common Names. Leon Levy Native Plant Preserve.,EN,BS,https://levypreserve.org/flora-by-common-name/,Leon Levy Native Plant Preserve.,All rights Preserved
wfo-0000592594,vrn-0000592594.02,Silk Cotton Tree,1,Flora by Common Names. Leon Levy Native Plant Preserve.,EN,BS,https://levypreserve.org/flora-by-common-name/,Leon Levy Native Plant Preserve.,All rights Preserved
wfo-0000830046,vrn-0000830046.01,Black Ebony,1,Flora by Common Names. Leon Levy Native Plant Preserve.,EN,BS,https://levypreserve.org/flora-by-common-name/,Leon Levy Native Plant Preserve.,All rights Preserved
wfo-0000025794,vrn-0000025794.01,Bahama Thorough Wort,1,Flora by Common Names. Leon Levy Native Plant Preserve.,EN,BS,https://levypreserve.org/flora-by-common-name/,Leon Levy Native Plant Preserve.,All rights Preserved
wfo-0000616391,vrn-0000616391.01,Rangoon Creeper,1,Flora by Common Names. Leon Levy Native Plant Preserve.,EN,BS,https://levypreserve.org/flora-by-common-name/,Leon Levy Native Plant Preserve.,All rights Preserved
wfo-0000616391,vrn-0000616391.02,Burma Creeper,1,Flora by Common Names. Leon Levy Native Plant Preserve.,EN,BS,https://levypreserve.org/flora-by-common-name/,Leon Levy Native Plant Preserve.,All rights Preserved
wfo-0000616391,vrn-0000616391.03,Chineses Honeysuckle,1,Flora by Common Names. Leon Levy Native Plant Preserve.,EN,BS,https://levypreserve.org/flora-by-common-name/,Leon Levy Native Plant Preserve.,All rights Preserved
wfo-0000948646,vrn-0000948646.01,Wild Shallot,1,Flora by Common Names. Leon Levy Native Plant Preserve.,EN,BS,https://levypreserve.org/flora-by-common-name/,Leon Levy Native Plant Preserve.,All rights Preserved
,,,1,Flora by Common Names. Leon Levy Native Plant Preserve.,EN,BS,https://levypreserve.org/flora-by-common-name/,Leon Levy Native Plant Preserve.,All rights Preserved
,,,1,Flora by Common Names. Leon Levy Native Plant Preserve.,EN,BS,https://levypreserve.org/flora-by-common-name/,Leon Levy Native Plant Preserve.,All rights Preserved
,,,1,Flora by Common Names. Leon Levy Native Plant Preserve.,EN,BS,https://levypreserve.org/flora-by-common-name/,Leon Levy Native Plant Preserve.,All rights Preserved
,,,1,Flora by Common Names. Leon Levy Native Plant Preserve.,EN,BS,https://levypreserve.org/flora-by-common-name/,Leon Levy Native Plant Preserve.,All rights Preserved
,,,1,Flora by Common Names. Leon Levy Native Plant Preserve.,EN,BS,https://levypreserve.org/flora-by-common-name/,Leon Levy Native Plant Preserve.,All rights Preserved
,,,1,Flora by Common Names. Leon Levy Native Plant Preserve.,EN,BS,https://levypreserve.org/flora-by-common-name/,Leon Levy Native Plant Preserve.,All rights Preserved
,,,1,Flora by Common Names. Leon Levy Native Plant Preserve.,EN,BS,https://levypreserve.org/flora-by-common-name/,Leon Levy Native Plant Preserve.,All rights Preserved
,,,1,Flora by Common Names. Leon Levy Native Plant Preserve.,EN,BS,https://levypreserve.org/flora-by-common-name/,Leon Levy Native Plant Preserve.,All rights Preserved
,,,1,Flora by Common Names. Leon Levy Native Plant Preserve.,EN,BS,https://levypreserve.org/flora-by-common-name/,Leon Levy Native Plant Preserve.,All rights Preserved
,,,1,Flora by Common Names. Leon Levy Native Plant Preserve.,EN,BS,https://levypreserve.org/flora-by-common-name/,Leon Levy Native Plant Preserve.,All rights Preserved
,,,1,Flora by Common Names. Leon Levy Native Plant Preserve.,EN,BS,https://levypreserve.org/flora-by-common-name/,Leon Levy Native Plant Preserve.,All rights Preserved
,,,1,Flora by Common Names. Leon Levy Native Plant Preserve.,EN,BS,https://levypreserve.org/flora-by-common-name/,Leon Levy Native Plant Preserve.,All rights Preserved
,,,1,Flora by Common Names. Leon Levy Native Plant Preserve.,EN,BS,https://levypreserve.org/flora-by-common-name/,Leon Levy Native Plant Preserve.,All rights Preserved
,,,1,Flora by Common Names. Leon Levy Native Plant Preserve.,EN,BS,https://levypreserve.org/flora-by-common-name/,Leon Levy Native Plant Preserve.,All rights Preserved
,,,1,Flora by Common Names. Leon Levy Native Plant Preserve.,EN,BS,https://levypreserve.org/flora-by-common-name/,Leon Levy Native Plant Preserve.,All rights Preserved
,,,1,Flora by Common Names. Leon Levy Native Plant Preserve.,EN,BS,https://levypreserve.org/flora-by-common-name/,Leon Levy Native Plant Preserve.,All rights Preserved
,,,1,Flora by Common Names. Leon Levy Native Plant Preserve.,EN,BS,https://levypreserve.org/flora-by-common-name/,Leon Levy Native Plant Preserve.,All rights Preserved
,,,1,Flora by Common Names. Leon Levy Native Plant Preserve.,EN,BS,https://levypreserve.org/flora-by-common-name/,Leon Levy Native Plant Preserve.,All rights Preserved
,,,1,Flora by Common Names. Leon Levy Native Plant Preserve.,EN,BS,https://levypreserve.org/flora-by-common-name/,Leon Levy Native Plant Preserve.,All rights Preserved
,,,1,Flora by Common Names. Leon Levy Native Plant Preserve.,EN,BS,https://levypreserve.org/flora-by-common-name/,Leon Levy Native Plant Preserve.,All rights Preserved
,,,1,Flora by Common Names. Leon Levy Native Plant Preserve.,EN,BS,https://levypreserve.org/flora-by-common-name/,Leon Levy Native Plant Preserve.,All rights Preserved
,,,1,Flora by Common Names. Leon Levy Native Plant Preserve.,EN,BS,https://levypreserve.org/flora-by-common-name/,Leon Levy Native Plant Preserve.,All rights Preserved
,,,1,Flora by Common Names. Leon Levy Native Plant Preserve.,EN,BS,https://levypreserve.org/flora-by-common-name/,Leon Levy Native Plant Preserve.,All rights Preserved
,,,1,Flora by Common Names. Leon Levy Native Plant Preserve.,EN,BS,https://levypreserve.org/flora-by-common-name/,Leon Levy Native Plant Preserve.,All rights Preserved
,,,1,Flora by Common Names. Leon Levy Native Plant Preserve.,EN,BS,https://levypreserve.org/flora-by-common-name/,Leon Levy Native Plant Preserve.,All rights Preserved
,,,1,Flora by Common Names. Leon Levy Native Plant Preserve.,EN,BS,https://levypreserve.org/flora-by-common-name/,Leon Levy Native Plant Preserve.,All rights Preserved
,,,1,Flora by Common Names. Leon Levy Native Plant Preserve.,EN,BS,https://levypreserve.org/flora-by-common-name/,Leon Levy Native Plant Preserve.,All rights Preserved
,,,1,Flora by Common Names. Leon Levy Native Plant Preserve.,EN,BS,https://levypreserve.org/flora-by-common-name/,Leon Levy Native Plant Preserve.,All rights Preserved
,,,1,Flora by Common Names. Leon Levy Native Plant Preserve.,EN,BS,https://levypreserve.org/flora-by-common-name/,Leon Levy Native Plant Preserve.,All rights Preserved
,,,1,Flora by Common Names. Leon Levy Native Plant Preserve.,EN,BS,https://levypreserve.org/flora-by-common-name/,Leon Levy Native Plant Preserve.,All rights Preserved
,,,1,Flora by Common Names. Leon Levy Native Plant Preserve.,EN,BS,https://levypreserve.org/flora-by-common-name/,Leon Levy Native Plant Preserve.,All rights Preserved
,,,1,Flora by Common Names. Leon Levy Native Plant Preserve.,EN,BS,https://levypreserve.org/flora-by-common-name/,Leon Levy Native Plant Preserve.,All rights Preserved
,,,1,Flora by Common Names. Leon Levy Native Plant Preserve.,EN,BS,https://levypreserve.org/flora-by-common-name/,Leon Levy Native Plant Preserve.,All rights Preserved
,,,1,Flora by Common Names. Leon Levy Native Plant Preserve.,EN,BS,https://levypreserve.org/flora-by-common-name/,Leon Levy Native Plant Preserve.,All rights Preserved
,,,1,Flora by Common Names. Leon Levy Native Plant Preserve.,EN,BS,https://levypreserve.org/flora-by-common-name/,Leon Levy Native Plant Preserve.,All rights Preserved
,,,1,Flora by Common Names. Leon Levy Native Plant Preserve.,EN,BS,https://levypreserve.org/flora-by-common-name/,Leon Levy Native Plant Preserve.,All rights Preserved
,,,1,Flora by Common Names. Leon Levy Native Plant Preserve.,EN,BS,https://levypreserve.org/flora-by-common-name/,Leon Levy Native Plant Preserve.,All rights Preserved
,,,1,Flora by Common Names. Leon Levy Native Plant Preserve.,EN,BS,https://levypreserve.org/flora-by-common-name/,Leon Levy Native Plant Preserve.,All rights Preserved
,,,1,Flora by Common Names. Leon Levy Native Plant Preserve.,EN,BS,https://levypreserve.org/flora-by-common-name/,Leon Levy Native Plant Preserve.,All rights Preserved
,,,1,Flora by Common Names. Leon Levy Native Plant Preserve.,EN,BS,https://levypreserve.org/flora-by-common-name/,Leon Levy Native Plant Preserve.,All rights Preserved
,,,1,Flora by Common Names. Leon Levy Native Plant Preserve.,EN,BS,https://levypreserve.org/flora-by-common-name/,Leon Levy Native Plant Preserve.,All rights Preserved
,,,1,Flora by Common Names. Leon Levy Native Plant Preserve.,EN,BS,https://levypreserve.org/flora-by-common-name/,Leon Levy Native Plant Preserve.,All rights Preserved
,,,1,Flora by Common Names. Leon Levy Native Plant Preserve.,EN,BS,https://levypreserve.org/flora-by-common-name/,Leon Levy Native Plant Preserve.,All rights Preserved
,,,1,Flora by Common Names. Leon Levy Native Plant Preserve.,EN,BS,https://levypreserve.org/flora-by-common-name/,Leon Levy Native Plant Preserve.,All rights Preserved
,,,1,Flora by Common Names. Leon Levy Native Plant Preserve.,EN,BS,https://levypreserve.org/flora-by-common-name/,Leon Levy Native Plant Preserve.,All rights Preserved