WFOID,identifier,vernacularName,isPreferredName,source,language,countryCode,uri,rights,license,bibliographicCitation,Volume,Part
wfo-0000511487,ver-THA-0000511487.01,lai thong (ล่ายทง)(Northern),0.0,ref-THA-0000511487,TH,THA,https://botany.dnp.go.th/eflora/floraspecies.html?tdcode=02728,Forest Herbarium,All rights reserved,"Abroma augustum. Flora of Thailand. Vol. 7. Part 3, 2001. Pg. 542. Accessed 2021-07-31",7,3
wfo-0000511487,ver-THA-0000511487.02,mon hok (หมอนฮอก)(Northern),0.0,ref-THA-0000511487,TH,THA,https://botany.dnp.go.th/eflora/floraspecies.html?tdcode=02728,Forest Herbarium,All rights reserved,"Abroma augustum. Flora of Thailand. Vol. 7. Part 3, 2001. Pg. 542. Accessed 2021-07-31",7,3
wfo-0000511487,ver-THA-0000511487.03,thian dam luang (เทียนตำหลวง)(Northern),0.0,ref-THA-0000511487,TH,THA,https://botany.dnp.go.th/eflora/floraspecies.html?tdcode=02728,Forest Herbarium,All rights reserved,"Abroma augustum. Flora of Thailand. Vol. 7. Part 3, 2001. Pg. 542. Accessed 2021-07-31",7,3
wfo-0000511487,ver-THA-0000511487.04,thian dam (เทียนดำ)(Central),0.0,ref-THA-0000511487,TH,THA,https://botany.dnp.go.th/eflora/floraspecies.html?tdcode=02728,Forest Herbarium,All rights reserved,"Abroma augustum. Flora of Thailand. Vol. 7. Part 3, 2001. Pg. 542. Accessed 2021-07-31",7,3
wfo-0000511487,ver-THA-0000511487.05,ta-po-a-su (ตาเปาะอาชู)(Malay-Peninsular),0.0,ref-THA-0000511487,TH,THA,https://botany.dnp.go.th/eflora/floraspecies.html?tdcode=02728,Forest Herbarium,All rights reserved,"Abroma augustum. Flora of Thailand. Vol. 7. Part 3, 2001. Pg. 542. Accessed 2021-07-31",7,3
wfo-0000755470,ver-THA-0000755470.01,ya kong loi (หญ้ากองลอย)(Mae Hong Son),0.0,ref-THA-0000755470,TH,THA,https://botany.dnp.go.th/eflora/floraspecies.html?tdcode=02512,Forest Herbarium,All rights reserved,"Alisma plantago-aquatica. Flora of Thailand. Vol. 7. Part 3, 2001. Pg. 352. Accessed 2021-07-31",7,3
wfo-0000529089,ver-THA-0000529089.01,"hom (หอม)(Northern, Eastern)",0.0,ref-THA-0000529089,TH,THA,https://botany.dnp.go.th/eflora/floraspecies.html?tdcode=02584,Forest Herbarium,All rights reserved,"Altingia excelsa. Flora of Thailand. Vol. 7. Part 3, 2001. Pg. 401. Accessed 2021-07-31",7,3
wfo-0000529089,ver-THA-0000529089.02,"kratuk (กระตุก)(Northern, Eastern)",0.0,ref-THA-0000529089,TH,THA,https://botany.dnp.go.th/eflora/floraspecies.html?tdcode=02584,Forest Herbarium,All rights reserved,"Altingia excelsa. Flora of Thailand. Vol. 7. Part 3, 2001. Pg. 401. Accessed 2021-07-31",7,3
wfo-0000529089,ver-THA-0000529089.03,"nut (นูด)(Northern, Eastern)",0.0,ref-THA-0000529089,TH,THA,https://botany.dnp.go.th/eflora/floraspecies.html?tdcode=02584,Forest Herbarium,All rights reserved,"Altingia excelsa. Flora of Thailand. Vol. 7. Part 3, 2001. Pg. 401. Accessed 2021-07-31",7,3
wfo-0000529089,ver-THA-0000529089.04,"prok (ปรก)(Northern, Eastern)",0.0,ref-THA-0000529089,TH,THA,https://botany.dnp.go.th/eflora/floraspecies.html?tdcode=02584,Forest Herbarium,All rights reserved,"Altingia excelsa. Flora of Thailand. Vol. 7. Part 3, 2001. Pg. 401. Accessed 2021-07-31",7,3
wfo-0000529089,ver-THA-0000529089.05,"satue (สะตือ)(Northern, Eastern)",0.0,ref-THA-0000529089,TH,THA,https://botany.dnp.go.th/eflora/floraspecies.html?tdcode=02584,Forest Herbarium,All rights reserved,"Altingia excelsa. Flora of Thailand. Vol. 7. Part 3, 2001. Pg. 401. Accessed 2021-07-31",7,3
wfo-0000529089,ver-THA-0000529089.06,"sop (สบ)(Northern, Eastern)",0.0,ref-THA-0000529089,TH,THA,https://botany.dnp.go.th/eflora/floraspecies.html?tdcode=02584,Forest Herbarium,All rights reserved,"Altingia excelsa. Flora of Thailand. Vol. 7. Part 3, 2001. Pg. 401. Accessed 2021-07-31",7,3
wfo-0000529089,ver-THA-0000529089.07,"tamyan (ตำยาน)(Northern, Eastern)",0.0,ref-THA-0000529089,TH,THA,https://botany.dnp.go.th/eflora/floraspecies.html?tdcode=02584,Forest Herbarium,All rights reserved,"Altingia excelsa. Flora of Thailand. Vol. 7. Part 3, 2001. Pg. 401. Accessed 2021-07-31",7,3
wfo-0000529089,ver-THA-0000529089.08,"yan (ยาน)(Northern, Eastern)",0.0,ref-THA-0000529089,TH,THA,https://botany.dnp.go.th/eflora/floraspecies.html?tdcode=02584,Forest Herbarium,All rights reserved,"Altingia excelsa. Flora of Thailand. Vol. 7. Part 3, 2001. Pg. 401. Accessed 2021-07-31",7,3
wfo-0001066601,ver-THA-0001066601.01,ya wa (หญ้าวา)(Narathiwat),0.0,ref-THA-0001066601,TH,THA,https://botany.dnp.go.th/eflora/florainfra.html?tdcode=02532,Forest Herbarium,All rights reserved,"Blyxa aubertii aubertii. Flora of Thailand. Vol. 7. Part 3, 2001. Pg. 367. Accessed 2021-07-31",7,3
wfo-0001269413,ver-THA-0001269413.01,rahung khruea (ระหุ่งเครือ)(Eastern),0.0,ref-THA-0001269413,TH,THA,https://botany.dnp.go.th/eflora/floraspecies.html?tdcode=02730,Forest Herbarium,All rights reserved,"Byttneria andamanensis. Flora of Thailand. Vol. 7. Part 3, 2001. Pg. 545. Accessed 2021-07-31",7,3
wfo-0001269413,ver-THA-0001269413.02,kai ploi (ไก่ปล่อย)(Central),0.0,ref-THA-0001269413,TH,THA,https://botany.dnp.go.th/eflora/floraspecies.html?tdcode=02730,Forest Herbarium,All rights reserved,"Byttneria andamanensis. Flora of Thailand. Vol. 7. Part 3, 2001. Pg. 545. Accessed 2021-07-31",7,3
wfo-0001269413,ver-THA-0001269413.03,yan man daeng (ย่านมันแดง)(Peninsular),0.0,ref-THA-0001269413,TH,THA,https://botany.dnp.go.th/eflora/floraspecies.html?tdcode=02730,Forest Herbarium,All rights reserved,"Byttneria andamanensis. Flora of Thailand. Vol. 7. Part 3, 2001. Pg. 545. Accessed 2021-07-31",7,3
wfo-0000577123,ver-THA-0000577123.01,sa duea (สะเดื่อ)(Northern),0.0,ref-THA-0000577123,TH,THA,https://botany.dnp.go.th/eflora/floraspecies.html?tdcode=02731,Forest Herbarium,All rights reserved,"Byttneria aspera. Flora of Thailand. Vol. 7. Part 3, 2001. Pg. 545. Accessed 2021-07-31",7,3
wfo-0000577123,ver-THA-0000577123.02,thurian chub (ทุเรียนจุ๊บ)(Southeastern),0.0,ref-THA-0000577123,TH,THA,https://botany.dnp.go.th/eflora/floraspecies.html?tdcode=02731,Forest Herbarium,All rights reserved,"Byttneria aspera. Flora of Thailand. Vol. 7. Part 3, 2001. Pg. 545. Accessed 2021-07-31",7,3
wfo-0000577123,ver-THA-0000577123.03,thurian thao (ทุเรียนเถา)(Southeastern),0.0,ref-THA-0000577123,TH,THA,https://botany.dnp.go.th/eflora/floraspecies.html?tdcode=02731,Forest Herbarium,All rights reserved,"Byttneria aspera. Flora of Thailand. Vol. 7. Part 3, 2001. Pg. 545. Accessed 2021-07-31",7,3
wfo-0000577179,ver-THA-0000577179.01,mak khi on (หมากขี้อ้น)(Eastern),0.0,ref-THA-0000577179,TH,THA,https://botany.dnp.go.th/eflora/floraspecies.html?tdcode=02732,Forest Herbarium,All rights reserved,"Byttneria echinata. Flora of Thailand. Vol. 7. Part 3, 2001. Pg. 548. Accessed 2021-07-31",7,3
wfo-0000577299,ver-THA-0000577299.01,pan khao kwang (ป่านเขากวาง)(Northern),0.0,ref-THA-0000577299,TH,THA,https://botany.dnp.go.th/eflora/floraspecies.html?tdcode=02733,Forest Herbarium,All rights reserved,"Byttneria pilosa. Flora of Thailand. Vol. 7. Part 3, 2001. Pg. 550. Accessed 2021-07-31",7,3
wfo-0000577299,ver-THA-0000577299.02,cho-tui (ช่อตุ่ย)(Karen-Southwestern),0.0,ref-THA-0000577299,TH,THA,https://botany.dnp.go.th/eflora/floraspecies.html?tdcode=02733,Forest Herbarium,All rights reserved,"Byttneria pilosa. Flora of Thailand. Vol. 7. Part 3, 2001. Pg. 550. Accessed 2021-07-31",7,3
wfo-0001080580,ver-THA-0001080580.01,khlong khleng khon tom (โคลงเคลงขนต่อม)(Peninsular),0.0,ref-THA-0001080580,TH,THA,https://botany.dnp.go.th/eflora/floraspecies.html?tdcode=02601,Forest Herbarium,All rights reserved,"Clidemia hirta. Flora of Thailand. Vol. 7. Part 3, 2001. Pg. 419. Accessed 2021-07-31",7,3
wfo-0000617045,ver-THA-0000617045.01,chong loet (จงเลิด)(Peninsular),0.0,ref-THA-0000617045,TH,THA,https://botany.dnp.go.th/eflora/floraspecies.html?tdcode=02735,Forest Herbarium,All rights reserved,"Commersonia bartramia. Flora of Thailand. Vol. 7. Part 3, 2001. Pg. 550. Accessed 2021-07-31",7,3
wfo-0000617045,ver-THA-0000617045.02,langkhao (ลังเค้า)(Peninsular),0.0,ref-THA-0000617045,TH,THA,https://botany.dnp.go.th/eflora/floraspecies.html?tdcode=02735,Forest Herbarium,All rights reserved,"Commersonia bartramia. Flora of Thailand. Vol. 7. Part 3, 2001. Pg. 550. Accessed 2021-07-31",7,3
wfo-0000158394,ver-THA-0000158394.01,lep yiao (เล็บเหยี่ยว)(Pattani),0.0,ref-THA-0000158394,TH,THA,https://botany.dnp.go.th/eflora/floraspecies.html?tdcode=02603,Forest Herbarium,All rights reserved,"Dissochaeta affinis. Flora of Thailand. Vol. 7. Part 3, 2001. Pg. 421. Accessed 2021-07-31",7,3
wfo-0000159376,ver-THA-0000159376.01,phlong dok dok (พลองดอกดก)(Trang),0.0,ref-THA-0000159376,TH,THA,https://botany.dnp.go.th/eflora/floraspecies.html?tdcode=02604,Forest Herbarium,All rights reserved,"Dissochaeta annulata. Flora of Thailand. Vol. 7. Part 3, 2001. Pg. 422. Accessed 2021-07-31",7,3
wfo-0000158395,ver-THA-0000158395.01,phlong in bai kliang (พลองอินทร์ใบเกลี้ยง)(Yala),0.0,ref-THA-0000158395,TH,THA,https://botany.dnp.go.th/eflora/floraspecies.html?tdcode=02605,Forest Herbarium,All rights reserved,"Dissochaeta conica. Flora of Thailand. Vol. 7. Part 3, 2001. Pg. 423. Accessed 2021-07-31",7,3
wfo-0001280828,ver-THA-0001280828.01,khrong ton (คร้งต้น)(Surat Thani),0.0,ref-THA-0001280828,TH,THA,https://botany.dnp.go.th/eflora/floraspecies.html?tdcode=02606,Forest Herbarium,All rights reserved,"Dissochaeta divaricata. Flora of Thailand. Vol. 7. Part 3, 2001. Pg. 423. Accessed 2021-07-31",7,3
wfo-0001280828,ver-THA-0001280828.02,phlong in (พลองอินทร์)(Trang),0.0,ref-THA-0001280828,TH,THA,https://botany.dnp.go.th/eflora/floraspecies.html?tdcode=02606,Forest Herbarium,All rights reserved,"Dissochaeta divaricata. Flora of Thailand. Vol. 7. Part 3, 2001. Pg. 423. Accessed 2021-07-31",7,3
wfo-0000158396,ver-THA-0000158396.01,phlong lueat nok (พลองเลือดนก)(Peninsular),0.0,ref-THA-0000158396,TH,THA,https://botany.dnp.go.th/eflora/floraspecies.html?tdcode=02607,Forest Herbarium,All rights reserved,"Dissochaeta echinulata. Flora of Thailand. Vol. 7. Part 3, 2001. Pg. 425. Accessed 2021-07-31",7,3
wfo-0000159399,ver-THA-0000159399.01,phlong tang renu (พลองต่างเรณู)(Peninsular),0.0,ref-THA-0000159399,TH,THA,https://botany.dnp.go.th/eflora/floraspecies.html?tdcode=02608,Forest Herbarium,All rights reserved,"Dissochaeta fallax. Flora of Thailand. Vol. 7. Part 3, 2001. Pg. 426. Accessed 2021-07-31",7,3
wfo-0000159403,ver-THA-0000159403.01,phlong on an (พลองอ้อนแอ้น)(Peninsular),0.0,ref-THA-0000159403,TH,THA,https://botany.dnp.go.th/eflora/floraspecies.html?tdcode=02609,Forest Herbarium,All rights reserved,"Dissochaeta gracilis. Flora of Thailand. Vol. 7. Part 3, 2001. Pg. 426. Accessed 2021-07-31",7,3
wfo-0000159408,ver-THA-0000159408.01,phlong tit klip (พลองติดกลีบ)(Peninsular),0.0,ref-THA-0000159408,TH,THA,https://botany.dnp.go.th/eflora/floraspecies.html?tdcode=02610,Forest Herbarium,All rights reserved,"Dissochaeta intermedia. Flora of Thailand. Vol. 7. Part 3, 2001. Pg. 427. Accessed 2021-07-31",7,3
wfo-0000159421,ver-THA-0000159421.01,en aa thao (เอ็นอ้าเถา)(Surat Thani),0.0,ref-THA-0000159421,TH,THA,https://botany.dnp.go.th/eflora/floraspecies.html?tdcode=02611,Forest Herbarium,All rights reserved,"Dissochaeta monticola. Flora of Thailand. Vol. 7. Part 3, 2001. Pg. 428. Accessed 2021-07-31",7,3
wfo-0000159433,ver-THA-0000159433.01,phlong khon dao (พลองขนดาว)(Peninsular),0.0,ref-THA-0000159433,TH,THA,https://botany.dnp.go.th/eflora/floraspecies.html?tdcode=02612,Forest Herbarium,All rights reserved,"Dissochaeta reformata. Flora of Thailand. Vol. 7. Part 3, 2001. Pg. 428. Accessed 2021-07-31",7,3
wfo-0000158397,ver-THA-0000158397.01,phlong kho buam (พลองข้อบวม)(Peninsular),0.0,ref-THA-0000158397,TH,THA,https://botany.dnp.go.th/eflora/floraspecies.html?tdcode=02613,Forest Herbarium,All rights reserved,"Dissochaeta stipularis. Flora of Thailand. Vol. 7. Part 3, 2001. Pg. 431. Accessed 2021-07-31",7,3
wfo-0000158398,ver-THA-0000158398.01,phlong lunk kliang (พลองลูกเกลี้ยง)(Peninsular),0.0,ref-THA-0000158398,TH,THA,https://botany.dnp.go.th/eflora/floraspecies.html?tdcode=02614,Forest Herbarium,All rights reserved,"Dissochaeta viminalis. Flora of Thailand. Vol. 7. Part 3, 2001. Pg. 433. Accessed 2021-07-31",7,3
wfo-0000652410,ver-THA-0000652410.01,khai nok kratha dong (ไข่นกกระทาดง)(Northeastern),0.0,ref-THA-0000652410,TH,THA,https://botany.dnp.go.th/eflora/floraspecies.html?tdcode=02586,Forest Herbarium,All rights reserved,"Distylium annamicum. Flora of Thailand. Vol. 7. Part 3, 2001. Pg. 403. Accessed 2021-07-31",7,3
wfo-0000652423,ver-THA-0000652423.01,khai nok kra tha (ไข่นกกระทา)(General),0.0,ref-THA-0000652423,TH,THA,https://botany.dnp.go.th/eflora/floraspecies.html?tdcode=02587,Forest Herbarium,All rights reserved,"Distylium indicum. Flora of Thailand. Vol. 7. Part 3, 2001. Pg. 403. Accessed 2021-07-31",7,3
wfo-0000770776,ver-THA-0000770776.01,am phan daeng (อำพันแดง)(Peninsular),0.0,ref-THA-0000770776,TH,THA,https://botany.dnp.go.th/eflora/floraspecies.html?tdcode=02538,Forest Herbarium,All rights reserved,"Enhalus acoroides. Flora of Thailand. Vol. 7. Part 3, 2001. Pg. 369. Accessed 2021-07-31",7,3
wfo-0000770776,ver-THA-0000770776.02,am phan hang nu (อำพันหางหนู)(Peninsular),0.0,ref-THA-0000770776,TH,THA,https://botany.dnp.go.th/eflora/floraspecies.html?tdcode=02538,Forest Herbarium,All rights reserved,"Enhalus acoroides. Flora of Thailand. Vol. 7. Part 3, 2001. Pg. 369. Accessed 2021-07-31",7,3
wfo-0000770776,ver-THA-0000770776.03,hua ngu thale (หัวงูทะเล)(Peninsular),0.0,ref-THA-0000770776,TH,THA,https://botany.dnp.go.th/eflora/floraspecies.html?tdcode=02538,Forest Herbarium,All rights reserved,"Enhalus acoroides. Flora of Thailand. Vol. 7. Part 3, 2001. Pg. 369. Accessed 2021-07-31",7,3
wfo-0000675732,ver-THA-0000675732.01,liang fai (เลียงฝ้าย)(Northern),0.0,ref-THA-0000675732,TH,THA,https://botany.dnp.go.th/eflora/floraspecies.html?tdcode=02738,Forest Herbarium,All rights reserved,"Eriolaena candollei. Flora of Thailand. Vol. 7. Part 3, 2001. Pg. 555. Accessed 2021-07-31",7,3
wfo-0000675732,ver-THA-0000675732.02,liang khao (เลียงเขา)(Northern),0.0,ref-THA-0000675732,TH,THA,https://botany.dnp.go.th/eflora/floraspecies.html?tdcode=02738,Forest Herbarium,All rights reserved,"Eriolaena candollei. Flora of Thailand. Vol. 7. Part 3, 2001. Pg. 555. Accessed 2021-07-31",7,3
wfo-0000675732,ver-THA-0000675732.03,po liang (ปอเลียง)(Northern),0.0,ref-THA-0000675732,TH,THA,https://botany.dnp.go.th/eflora/floraspecies.html?tdcode=02738,Forest Herbarium,All rights reserved,"Eriolaena candollei. Flora of Thailand. Vol. 7. Part 3, 2001. Pg. 555. Accessed 2021-07-31",7,3
wfo-0000675732,ver-THA-0000675732.04,so sian (ซ้อเสี้ยน)(Northern),0.0,ref-THA-0000675732,TH,THA,https://botany.dnp.go.th/eflora/floraspecies.html?tdcode=02738,Forest Herbarium,All rights reserved,"Eriolaena candollei. Flora of Thailand. Vol. 7. Part 3, 2001. Pg. 555. Accessed 2021-07-31",7,3
wfo-0000691032,ver-THA-0000691032.01,po fai (ปอฝ้าย)(Northern),0.0,ref-THA-0000691032,TH,THA,https://botany.dnp.go.th/eflora/floraspecies.html?tdcode=02740,Forest Herbarium,All rights reserved,"Firmiana colorata. Flora of Thailand. Vol. 7. Part 3, 2001. Pg. 557. Accessed 2021-07-31",7,3
wfo-0000691032,ver-THA-0000691032.02,po khao (ปอขาว)(Northern),0.0,ref-THA-0000691032,TH,THA,https://botany.dnp.go.th/eflora/floraspecies.html?tdcode=02740,Forest Herbarium,All rights reserved,"Firmiana colorata. Flora of Thailand. Vol. 7. Part 3, 2001. Pg. 557. Accessed 2021-07-31",7,3
wfo-0000691032,ver-THA-0000691032.03,u lok (อุโลก)(Central),0.0,ref-THA-0000691032,TH,THA,https://botany.dnp.go.th/eflora/floraspecies.html?tdcode=02740,Forest Herbarium,All rights reserved,"Firmiana colorata. Flora of Thailand. Vol. 7. Part 3, 2001. Pg. 557. Accessed 2021-07-31",7,3
wfo-0000691032,ver-THA-0000691032.04,kapi (กาปี)(Peninsular),0.0,ref-THA-0000691032,TH,THA,https://botany.dnp.go.th/eflora/floraspecies.html?tdcode=02740,Forest Herbarium,All rights reserved,"Firmiana colorata. Flora of Thailand. Vol. 7. Part 3, 2001. Pg. 557. Accessed 2021-07-31",7,3
wfo-0000691032,ver-THA-0000691032.05,po chet (ปอเจ็ด)(Peninsular),0.0,ref-THA-0000691032,TH,THA,https://botany.dnp.go.th/eflora/floraspecies.html?tdcode=02740,Forest Herbarium,All rights reserved,"Firmiana colorata. Flora of Thailand. Vol. 7. Part 3, 2001. Pg. 557. Accessed 2021-07-31",7,3
wfo-0000691039,ver-THA-0000691039.01,po tap (ปอตั๊บ)(Northern),0.0,ref-THA-0000691039,TH,THA,https://botany.dnp.go.th/eflora/floraspecies.html?tdcode=02741,Forest Herbarium,All rights reserved,"Firmiana kerrii. Flora of Thailand. Vol. 7. Part 3, 2001. Pg. 559. Accessed 2021-07-31",7,3
wfo-0000691049,ver-THA-0000691049.01,po khao (ปอคาว)(Southwestern),0.0,ref-THA-0000691049,TH,THA,https://botany.dnp.go.th/eflora/floraspecies.html?tdcode=02742,Forest Herbarium,All rights reserved,"Firmiana pallens. Flora of Thailand. Vol. 7. Part 3, 2001. Pg. 559. Accessed 2021-07-31",7,3
wfo-0000718077,ver-THA-0000718077.01,pa hiac mong (ป่าเหี้ยวหมอง)(Northern),0.0,ref-THA-0000718077,TH,THA,https://botany.dnp.go.th/eflora/floraspecies.html?tdcode=02744,Forest Herbarium,All rights reserved,"Helicteres angustifolia. Flora of Thailand. Vol. 7. Part 3, 2001. Pg. 563. Accessed 2021-07-31",7,3
wfo-0000718077,ver-THA-0000718077.02,ya hang on (หญ้าหางอ้น)(Northern),0.0,ref-THA-0000718077,TH,THA,https://botany.dnp.go.th/eflora/floraspecies.html?tdcode=02744,Forest Herbarium,All rights reserved,"Helicteres angustifolia. Flora of Thailand. Vol. 7. Part 3, 2001. Pg. 563. Accessed 2021-07-31",7,3
wfo-0000718077,ver-THA-0000718077.03,khi tun (ขี้ตุ่น)(Northeastern),0.0,ref-THA-0000718077,TH,THA,https://botany.dnp.go.th/eflora/floraspecies.html?tdcode=02744,Forest Herbarium,All rights reserved,"Helicteres angustifolia. Flora of Thailand. Vol. 7. Part 3, 2001. Pg. 563. Accessed 2021-07-31",7,3
wfo-0000718077,ver-THA-0000718077.04,mai mut (ไม้หมัด)(Northeastern),0.0,ref-THA-0000718077,TH,THA,https://botany.dnp.go.th/eflora/floraspecies.html?tdcode=02744,Forest Herbarium,All rights reserved,"Helicteres angustifolia. Flora of Thailand. Vol. 7. Part 3, 2001. Pg. 563. Accessed 2021-07-31",7,3
wfo-0000718077,ver-THA-0000718077.05,po khi hai (ปอขี้ไก่)(Northeastern),0.0,ref-THA-0000718077,TH,THA,https://botany.dnp.go.th/eflora/floraspecies.html?tdcode=02744,Forest Herbarium,All rights reserved,"Helicteres angustifolia. Flora of Thailand. Vol. 7. Part 3, 2001. Pg. 563. Accessed 2021-07-31",7,3
wfo-0000718077,ver-THA-0000718077.06,po tạo hai (ปอเต่าไห้)(Northeastern),0.0,ref-THA-0000718077,TH,THA,https://botany.dnp.go.th/eflora/floraspecies.html?tdcode=02744,Forest Herbarium,All rights reserved,"Helicteres angustifolia. Flora of Thailand. Vol. 7. Part 3, 2001. Pg. 563. Accessed 2021-07-31",7,3
wfo-0000718077,ver-THA-0000718077.07,khao ki noi (เข้ากี่น้อย)(Eastern),0.0,ref-THA-0000718077,TH,THA,https://botany.dnp.go.th/eflora/floraspecies.html?tdcode=02744,Forest Herbarium,All rights reserved,"Helicteres angustifolia. Flora of Thailand. Vol. 7. Part 3, 2001. Pg. 563. Accessed 2021-07-31",7,3
wfo-0000718077,ver-THA-0000718077.08,khi on (ขี้อ้น)(Southwestern),0.0,ref-THA-0000718077,TH,THA,https://botany.dnp.go.th/eflora/floraspecies.html?tdcode=02744,Forest Herbarium,All rights reserved,"Helicteres angustifolia. Flora of Thailand. Vol. 7. Part 3, 2001. Pg. 563. Accessed 2021-07-31",7,3
wfo-0000718077,ver-THA-0000718077.09,po mat po (ปอมัดโป)(Southeastern),0.0,ref-THA-0000718077,TH,THA,https://botany.dnp.go.th/eflora/floraspecies.html?tdcode=02744,Forest Herbarium,All rights reserved,"Helicteres angustifolia. Flora of Thailand. Vol. 7. Part 3, 2001. Pg. 563. Accessed 2021-07-31",7,3
wfo-0000718077,ver-THA-0000718077.10,yam yae (ยำแย่)(Peninsular),0.0,ref-THA-0000718077,TH,THA,https://botany.dnp.go.th/eflora/floraspecies.html?tdcode=02744,Forest Herbarium,All rights reserved,"Helicteres angustifolia. Flora of Thailand. Vol. 7. Part 3, 2001. Pg. 563. Accessed 2021-07-31",7,3
wfo-0000718099,ver-THA-0000718099.01,khao chi lek (ข้าวจี้เล็ก)(Northeastern),0.0,ref-THA-0000718099,TH,THA,https://botany.dnp.go.th/eflora/floraspecies.html?tdcode=02745,Forest Herbarium,All rights reserved,"Helicteres elongata. Flora of Thailand. Vol. 7. Part 3, 2001. Pg. 563. Accessed 2021-07-31",7,3
wfo-0000718099,ver-THA-0000718099.02,khi on (ขี้อ้น)(Central),0.0,ref-THA-0000718099,TH,THA,https://botany.dnp.go.th/eflora/floraspecies.html?tdcode=02745,Forest Herbarium,All rights reserved,"Helicteres elongata. Flora of Thailand. Vol. 7. Part 3, 2001. Pg. 563. Accessed 2021-07-31",7,3
wfo-0000718111,ver-THA-0000718111.01,po tao hai (ปอเต่าไห้)(Northeastern),0.0,ref-THA-0000718111,TH,THA,https://botany.dnp.go.th/eflora/floraspecies.html?tdcode=02746,Forest Herbarium,All rights reserved,"Helicteres hirsuta. Flora of Thailand. Vol. 7. Part 3, 2001. Pg. 566. Accessed 2021-07-31",7,3
wfo-0000718111,ver-THA-0000718111.02,chapan (ช้าปาน)(Southeastern),0.0,ref-THA-0000718111,TH,THA,https://botany.dnp.go.th/eflora/floraspecies.html?tdcode=02746,Forest Herbarium,All rights reserved,"Helicteres hirsuta. Flora of Thailand. Vol. 7. Part 3, 2001. Pg. 566. Accessed 2021-07-31",7,3
wfo-0000718111,ver-THA-0000718111.03,khi tun (ขี้ตุ่น)(Southeastern),0.0,ref-THA-0000718111,TH,THA,https://botany.dnp.go.th/eflora/floraspecies.html?tdcode=02746,Forest Herbarium,All rights reserved,"Helicteres hirsuta. Flora of Thailand. Vol. 7. Part 3, 2001. Pg. 566. Accessed 2021-07-31",7,3
wfo-0000718111,ver-THA-0000718111.04,khi on (ขี้อ้น)(Peninsular),0.0,ref-THA-0000718111,TH,THA,https://botany.dnp.go.th/eflora/floraspecies.html?tdcode=02746,Forest Herbarium,All rights reserved,"Helicteres hirsuta. Flora of Thailand. Vol. 7. Part 3, 2001. Pg. 566. Accessed 2021-07-31",7,3
wfo-0000718111,ver-THA-0000718111.05,phang rae (พังแระ)(Peninsular),0.0,ref-THA-0000718111,TH,THA,https://botany.dnp.go.th/eflora/floraspecies.html?tdcode=02746,Forest Herbarium,All rights reserved,"Helicteres hirsuta. Flora of Thailand. Vol. 7. Part 3, 2001. Pg. 566. Accessed 2021-07-31",7,3
wfo-0000718111,ver-THA-0000718111.06,phumi (พูมี่)(Peninsular),0.0,ref-THA-0000718111,TH,THA,https://botany.dnp.go.th/eflora/floraspecies.html?tdcode=02746,Forest Herbarium,All rights reserved,"Helicteres hirsuta. Flora of Thailand. Vol. 7. Part 3, 2001. Pg. 566. Accessed 2021-07-31",7,3
wfo-0000718114,ver-THA-0000718114.01,"ma pit (มะปิด)(Northern, Central)",0.0,ref-THA-0000718114,TH,THA,https://botany.dnp.go.th/eflora/floraspecies.html?tdcode=02747,Forest Herbarium,All rights reserved,"Helicteres isora. Flora of Thailand. Vol. 7. Part 3, 2001. Pg. 568. Accessed 2021-07-31",7,3
wfo-0000718114,ver-THA-0000718114.02,"po pit (ปอปิด)(Northern, Central)",0.0,ref-THA-0000718114,TH,THA,https://botany.dnp.go.th/eflora/floraspecies.html?tdcode=02747,Forest Herbarium,All rights reserved,"Helicteres isora. Flora of Thailand. Vol. 7. Part 3, 2001. Pg. 568. Accessed 2021-07-31",7,3
wfo-0000718114,ver-THA-0000718114.03,"po thap (ปอทับ)(Northern, Central)",0.0,ref-THA-0000718114,TH,THA,https://botany.dnp.go.th/eflora/floraspecies.html?tdcode=02747,Forest Herbarium,All rights reserved,"Helicteres isora. Flora of Thailand. Vol. 7. Part 3, 2001. Pg. 568. Accessed 2021-07-31",7,3
wfo-0000718114,ver-THA-0000718114.04,"so (ซ้อ)(Northern, Central)",0.0,ref-THA-0000718114,TH,THA,https://botany.dnp.go.th/eflora/floraspecies.html?tdcode=02747,Forest Herbarium,All rights reserved,"Helicteres isora. Flora of Thailand. Vol. 7. Part 3, 2001. Pg. 568. Accessed 2021-07-31",7,3
wfo-0000718114,ver-THA-0000718114.05,khi on yai (ขี้อ้นใหญ่)(Northeastern),0.0,ref-THA-0000718114,TH,THA,https://botany.dnp.go.th/eflora/floraspecies.html?tdcode=02747,Forest Herbarium,All rights reserved,"Helicteres isora. Flora of Thailand. Vol. 7. Part 3, 2001. Pg. 568. Accessed 2021-07-31",7,3
wfo-0000718117,ver-THA-0000718117.01,"po kra chao khao (ปอกระเจาขาว)(Northern, Northeastern)",0.0,ref-THA-0000718117,TH,THA,https://botany.dnp.go.th/eflora/floraspecies.html?tdcode=02748,Forest Herbarium,All rights reserved,"Helicteres lanata. Flora of Thailand. Vol. 7. Part 3, 2001. Pg. 568. Accessed 2021-07-31",7,3
wfo-0000718117,ver-THA-0000718117.02,khi maeo (ขี้แมว)(Northeastern),0.0,ref-THA-0000718117,TH,THA,https://botany.dnp.go.th/eflora/floraspecies.html?tdcode=02748,Forest Herbarium,All rights reserved,"Helicteres lanata. Flora of Thailand. Vol. 7. Part 3, 2001. Pg. 568. Accessed 2021-07-31",7,3
wfo-0000718117,ver-THA-0000718117.03,khi tun (ขี้ตุ่น)(Eastern),0.0,ref-THA-0000718117,TH,THA,https://botany.dnp.go.th/eflora/floraspecies.html?tdcode=02748,Forest Herbarium,All rights reserved,"Helicteres lanata. Flora of Thailand. Vol. 7. Part 3, 2001. Pg. 568. Accessed 2021-07-31",7,3
wfo-0000718117,ver-THA-0000718117.04,khi on (ขี้อ้น)(Southwestern),0.0,ref-THA-0000718117,TH,THA,https://botany.dnp.go.th/eflora/floraspecies.html?tdcode=02748,Forest Herbarium,All rights reserved,"Helicteres lanata. Flora of Thailand. Vol. 7. Part 3, 2001. Pg. 568. Accessed 2021-07-31",7,3
wfo-0000718117,ver-THA-0000718117.05,po khieng (ปอเขียง)(Southwestern),0.0,ref-THA-0000718117,TH,THA,https://botany.dnp.go.th/eflora/floraspecies.html?tdcode=02748,Forest Herbarium,All rights reserved,"Helicteres lanata. Flora of Thailand. Vol. 7. Part 3, 2001. Pg. 568. Accessed 2021-07-31",7,3
wfo-0000718119,ver-THA-0000718119.01,di ngu (ดีงู)(South eastern),0.0,ref-THA-0000718119,TH,THA,https://botany.dnp.go.th/eflora/florainfra.html?tdcode=02750,Forest Herbarium,All rights reserved,"Helicteres lanceolata gagnepainiana. Flora of Thailand. Vol. 7. Part 3, 2001. Pg. 571. Accessed 2021-07-31",7,3
wfo-0000718119,ver-THA-0000718119.02,di ngu ton (ดีงูต้น)(South eastern),0.0,ref-THA-0000718119,TH,THA,https://botany.dnp.go.th/eflora/florainfra.html?tdcode=02750,Forest Herbarium,All rights reserved,"Helicteres lanceolata gagnepainiana. Flora of Thailand. Vol. 7. Part 3, 2001. Pg. 571. Accessed 2021-07-31",7,3
wfo-0000718119,ver-THA-0000718119.03,khao chi lek (ข้าวจี่เล็ก)(South eastern),0.0,ref-THA-0000718119,TH,THA,https://botany.dnp.go.th/eflora/florainfra.html?tdcode=02750,Forest Herbarium,All rights reserved,"Helicteres lanceolata gagnepainiana. Flora of Thailand. Vol. 7. Part 3, 2001. Pg. 571. Accessed 2021-07-31",7,3
wfo-0000718157,ver-THA-0000718157.01,khi on (ขี้อ้น)(Northern),0.0,ref-THA-0000718157,TH,THA,https://botany.dnp.go.th/eflora/floraspecies.html?tdcode=02752,Forest Herbarium,All rights reserved,"Helicteres viscida. Flora of Thailand. Vol. 7. Part 3, 2001. Pg. 573. Accessed 2021-07-31",7,3
wfo-0000718157,ver-THA-0000718157.02,po khi on (ปอขี้อ้น)(Northern),0.0,ref-THA-0000718157,TH,THA,https://botany.dnp.go.th/eflora/floraspecies.html?tdcode=02752,Forest Herbarium,All rights reserved,"Helicteres viscida. Flora of Thailand. Vol. 7. Part 3, 2001. Pg. 573. Accessed 2021-07-31",7,3
wfo-0000718157,ver-THA-0000718157.03,mu-re-ta-ro (มูเระตาเราะ)(Peninsular),0.0,ref-THA-0000718157,TH,THA,https://botany.dnp.go.th/eflora/floraspecies.html?tdcode=02752,Forest Herbarium,All rights reserved,"Helicteres viscida. Flora of Thailand. Vol. 7. Part 3, 2001. Pg. 573. Accessed 2021-07-31",7,3
wfo-0000720309,ver-THA-0000720309.01,duhun bai lek (ดุหุนใบเล็ก)(Peninsular),0.0,ref-THA-0000720309,TH,THA,https://botany.dnp.go.th/eflora/floraspecies.html?tdcode=02754,Forest Herbarium,All rights reserved,"Heritiera formes. Flora of Thailand. Vol. 7. Part 3, 2001. Pg. 575. Accessed 2021-07-31",7,3
wfo-0000720309,ver-THA-0000720309.02,ngonkai bai lek (หงอนไก่ใบเล็ก)(Peninsular),0.0,ref-THA-0000720309,TH,THA,https://botany.dnp.go.th/eflora/floraspecies.html?tdcode=02754,Forest Herbarium,All rights reserved,"Heritiera formes. Flora of Thailand. Vol. 7. Part 3, 2001. Pg. 575. Accessed 2021-07-31",7,3
wfo-0000720313,ver-THA-0000720313.01,chum phraek (ชุมแพรก)(Peninsular),0.0,ref-THA-0000720313,TH,THA,https://botany.dnp.go.th/eflora/floraspecies.html?tdcode=02755,Forest Herbarium,All rights reserved,"Heritiera javanica. Flora of Thailand. Vol. 7. Part 3, 2001. Pg. 576. Accessed 2021-07-31",7,3
wfo-0000720313,ver-THA-0000720313.02,loma (โลมา)siat cho (เสียดช่อ)(Peninsular),0.0,ref-THA-0000720313,TH,THA,https://botany.dnp.go.th/eflora/floraspecies.html?tdcode=02755,Forest Herbarium,All rights reserved,"Heritiera javanica. Flora of Thailand. Vol. 7. Part 3, 2001. Pg. 576. Accessed 2021-07-31",7,3
wfo-0000720313,ver-THA-0000720313.03,thong suk (ทองสุข)(Peninsular),0.0,ref-THA-0000720313,TH,THA,https://botany.dnp.go.th/eflora/floraspecies.html?tdcode=02755,Forest Herbarium,All rights reserved,"Heritiera javanica. Flora of Thailand. Vol. 7. Part 3, 2001. Pg. 576. Accessed 2021-07-31",7,3
wfo-0000720317,ver-THA-0000720317.01,"ngonkai (หงอนไก่)(Central, Southeastern, Peninsular)",0.0,ref-THA-0000720317,TH,THA,https://botany.dnp.go.th/eflora/floraspecies.html?tdcode=02756,Forest Herbarium,All rights reserved,"Heritiera littoralis. Flora of Thailand. Vol. 7. Part 3, 2001. Pg. 578. Accessed 2021-07-31",7,3
wfo-0000720317,ver-THA-0000720317.02,"ngonkai thale (หงอนไก่ทะเล)(Central, Southeastern, Peninsular)",0.0,ref-THA-0000720317,TH,THA,https://botany.dnp.go.th/eflora/floraspecies.html?tdcode=02756,Forest Herbarium,All rights reserved,"Heritiera littoralis. Flora of Thailand. Vol. 7. Part 3, 2001. Pg. 578. Accessed 2021-07-31",7,3
wfo-0000720317,ver-THA-0000720317.03,duhun bai yai (ดุนหุนใบใหญ่)(Peninsular),0.0,ref-THA-0000720317,TH,THA,https://botany.dnp.go.th/eflora/floraspecies.html?tdcode=02756,Forest Herbarium,All rights reserved,"Heritiera littoralis. Flora of Thailand. Vol. 7. Part 3, 2001. Pg. 578. Accessed 2021-07-31",7,3
wfo-0000720317,ver-THA-0000720317.04,khai khwai (ไข่ควาย)(Peninsular),0.0,ref-THA-0000720317,TH,THA,https://botany.dnp.go.th/eflora/floraspecies.html?tdcode=02756,Forest Herbarium,All rights reserved,"Heritiera littoralis. Flora of Thailand. Vol. 7. Part 3, 2001. Pg. 578. Accessed 2021-07-31",7,3
wfo-0000720320,ver-THA-0000720320.01,ngonkai fa (หงอนไก้ฟ้า)(Northern),0.0,ref-THA-0000720320,TH,THA,https://botany.dnp.go.th/eflora/floraspecies.html?tdcode=02757,Forest Herbarium,All rights reserved,"Heritiera macrophylla. Flora of Thailand. Vol. 7. Part 3, 2001. Pg. 578. Accessed 2021-07-31",7,3
wfo-0000720328,ver-THA-0000720328.01,ngon kai pa (หงอนไก่ป่า)(Central),0.0,ref-THA-0000720328,TH,THA,https://botany.dnp.go.th/eflora/floraspecies.html?tdcode=02758,Forest Herbarium,All rights reserved,"Heritiera parvifolia. Flora of Thailand. Vol. 7. Part 3, 2001. Pg. 581. Accessed 2021-07-31",7,3
wfo-0000720335,ver-THA-0000720335.01,chum phraek khao (ชุมแพรกเขา)(Northern),0.0,ref-THA-0000720335,TH,THA,https://botany.dnp.go.th/eflora/floraspecies.html?tdcode=02759,Forest Herbarium,All rights reserved,"Heritiera simplicifolia. Flora of Thailand. Vol. 7. Part 3, 2001. Pg. 581. Accessed 2021-07-31",7,3
wfo-0000720338,ver-THA-0000720338.01,chum phraek khao (ชุมแพรกขาว)(Southeastern),0.0,ref-THA-0000720338,TH,THA,https://botany.dnp.go.th/eflora/floraspecies.html?tdcode=02760,Forest Herbarium,All rights reserved,"Heritiera sumatrana. Flora of Thailand. Vol. 7. Part 3, 2001. Pg. 584. Accessed 2021-07-31",7,3
wfo-0000720338,ver-THA-0000720338.02,ngon kai tatum (หงอนไก่ตาตุ่ม)(Peninsular),0.0,ref-THA-0000720338,TH,THA,https://botany.dnp.go.th/eflora/floraspecies.html?tdcode=02760,Forest Herbarium,All rights reserved,"Heritiera sumatrana. Flora of Thailand. Vol. 7. Part 3, 2001. Pg. 584. Accessed 2021-07-31",7,3
wfo-0000720338,ver-THA-0000720338.03,siat cho (เสียดช่อ)(Peninsular),0.0,ref-THA-0000720338,TH,THA,https://botany.dnp.go.th/eflora/floraspecies.html?tdcode=02760,Forest Herbarium,All rights reserved,"Heritiera sumatrana. Flora of Thailand. Vol. 7. Part 3, 2001. Pg. 584. Accessed 2021-07-31",7,3
wfo-0000720338,ver-THA-0000720338.04,siat khang (เสียคค่าง)(Peninsular),0.0,ref-THA-0000720338,TH,THA,https://botany.dnp.go.th/eflora/floraspecies.html?tdcode=02760,Forest Herbarium,All rights reserved,"Heritiera sumatrana. Flora of Thailand. Vol. 7. Part 3, 2001. Pg. 584. Accessed 2021-07-31",7,3
wfo-0000769366,ver-THA-0000769366.01,phak khi tao (ผักขี้เต่า)(Nakhon Ratchasima),0.0,ref-THA-0000769366,TH,THA,https://botany.dnp.go.th/eflora/floraspecies.html?tdcode=02544,Forest Herbarium,All rights reserved,"Hydrilla verticillata. Flora of Thailand. Vol. 7. Part 3, 2001. Pg. 373. Accessed 2021-07-31",7,3
wfo-0000769366,ver-THA-0000769366.02,sarai hang krarok (สาหร่ายหางกระรอก)(Central),0.0,ref-THA-0000769366,TH,THA,https://botany.dnp.go.th/eflora/floraspecies.html?tdcode=02544,Forest Herbarium,All rights reserved,"Hydrilla verticillata. Flora of Thailand. Vol. 7. Part 3, 2001. Pg. 373. Accessed 2021-07-31",7,3
wfo-0000769380,ver-THA-0000769380.01,phak pot ma (ผักปอดม้า)(Northern),0.0,ref-THA-0000769380,TH,THA,https://botany.dnp.go.th/eflora/floraspecies.html?tdcode=02546,Forest Herbarium,All rights reserved,"Hydrocharis dubia. Flora of Thailand. Vol. 7. Part 3, 2001. Pg. 373. Accessed 2021-07-31",7,3
wfo-0000769380,ver-THA-0000769380.02,phak tao (ผักเต่า)(Central),0.0,ref-THA-0000769380,TH,THA,https://botany.dnp.go.th/eflora/floraspecies.html?tdcode=02546,Forest Herbarium,All rights reserved,"Hydrocharis dubia. Flora of Thailand. Vol. 7. Part 3, 2001. Pg. 373. Accessed 2021-07-31",7,3
wfo-0000357456,ver-THA-0000357456.01,cham cha (ฉำฉา)(Central),0.0,ref-THA-0000357456,TH,THA,https://botany.dnp.go.th/eflora/floraspecies.html?tdcode=02762,Forest Herbarium,All rights reserved,"Kleinhovia hospita. Flora of Thailand. Vol. 7. Part 3, 2001. Pg. 586. Accessed 2021-07-31",7,3
wfo-0000357456,ver-THA-0000357456.02,chom phu phuang (ชมพูพวง)(Central),0.0,ref-THA-0000357456,TH,THA,https://botany.dnp.go.th/eflora/floraspecies.html?tdcode=02762,Forest Herbarium,All rights reserved,"Kleinhovia hospita. Flora of Thailand. Vol. 7. Part 3, 2001. Pg. 586. Accessed 2021-07-31",7,3
wfo-0000357456,ver-THA-0000357456.03,po farang (ปอฝรั่ง)(Central),0.0,ref-THA-0000357456,TH,THA,https://botany.dnp.go.th/eflora/floraspecies.html?tdcode=02762,Forest Herbarium,All rights reserved,"Kleinhovia hospita. Flora of Thailand. Vol. 7. Part 3, 2001. Pg. 586. Accessed 2021-07-31",7,3
wfo-0000444793,ver-THA-0000444793.01,phak wan (ผักหวาน)(Peninsular),0.0,ref-THA-0000444793,TH,THA,https://botany.dnp.go.th/eflora/floraspecies.html?tdcode=02764,Forest Herbarium,All rights reserved,"Leptonychia caudata. Flora of Thailand. Vol. 7. Part 3, 2001. Pg. 588. Accessed 2021-07-31",7,3
wfo-0000683301,ver-THA-0000683301.01,bua loi (บัวลอย)(Mae Hong Son),0.0,ref-THA-0000683301,TH,THA,https://botany.dnp.go.th/eflora/floraspecies.html?tdcode=02562,Forest Herbarium,All rights reserved,"Limnocharis flava. Flora of Thailand. Vol. 7. Part 3, 2001. Pg. 385. Accessed 2021-07-31",7,3
wfo-0000683301,ver-THA-0000683301.02,bua khuak (บัวค้วก)(Northern),0.0,ref-THA-0000683301,TH,THA,https://botany.dnp.go.th/eflora/floraspecies.html?tdcode=02562,Forest Herbarium,All rights reserved,"Limnocharis flava. Flora of Thailand. Vol. 7. Part 3, 2001. Pg. 385. Accessed 2021-07-31",7,3
wfo-0000683301,ver-THA-0000683301.03,nang kwak (นางกวัก)(Central),0.0,ref-THA-0000683301,TH,THA,https://botany.dnp.go.th/eflora/floraspecies.html?tdcode=02562,Forest Herbarium,All rights reserved,"Limnocharis flava. Flora of Thailand. Vol. 7. Part 3, 2001. Pg. 385. Accessed 2021-07-31",7,3
wfo-0000683301,ver-THA-0000683301.04,talapat ruesi (ตาลปัตรฤๅษี)(Central),0.0,ref-THA-0000683301,TH,THA,https://botany.dnp.go.th/eflora/floraspecies.html?tdcode=02562,Forest Herbarium,All rights reserved,"Limnocharis flava. Flora of Thailand. Vol. 7. Part 3, 2001. Pg. 385. Accessed 2021-07-31",7,3
wfo-0000683301,ver-THA-0000683301.05,bon chin (บอนจีน)(Pattani),0.0,ref-THA-0000683301,TH,THA,https://botany.dnp.go.th/eflora/floraspecies.html?tdcode=02562,Forest Herbarium,All rights reserved,"Limnocharis flava. Flora of Thailand. Vol. 7. Part 3, 2001. Pg. 385. Accessed 2021-07-31",7,3
wfo-0001065276,ver-THA-0001065276.01,khai nok khao (ไข่นกเขา)(Northeastern),0.0,ref-THA-0001065276,TH,THA,https://botany.dnp.go.th/eflora/floraspecies.html?tdcode=02589,Forest Herbarium,All rights reserved,"Loropetalum chinense. Flora of Thailand. Vol. 7. Part 3, 2001. Pg. 406. Accessed 2021-07-31",7,3
wfo-0000450926,ver-THA-0000450926.01,"chan (จันทน์)(Southwestern, Southeastern)",0.0,ref-THA-0000450926,TH,THA,https://botany.dnp.go.th/eflora/floraspecies.html?tdcode=02766,Forest Herbarium,All rights reserved,"Mansonia gagei. Flora of Thailand. Vol. 7. Part 3, 2001. Pg. 590. Accessed 2021-07-31",7,3
wfo-0000450926,ver-THA-0000450926.02,"chan charmot (จันทน์ชะมด)(Southwestern, Southeastern)",0.0,ref-THA-0000450926,TH,THA,https://botany.dnp.go.th/eflora/floraspecies.html?tdcode=02766,Forest Herbarium,All rights reserved,"Mansonia gagei. Flora of Thailand. Vol. 7. Part 3, 2001. Pg. 590. Accessed 2021-07-31",7,3
wfo-0000450926,ver-THA-0000450926.03,"chan khao (จันทน์ขาว)(Southwestern, Southeastern)",0.0,ref-THA-0000450926,TH,THA,https://botany.dnp.go.th/eflora/floraspecies.html?tdcode=02766,Forest Herbarium,All rights reserved,"Mansonia gagei. Flora of Thailand. Vol. 7. Part 3, 2001. Pg. 590. Accessed 2021-07-31",7,3
wfo-0000450926,ver-THA-0000450926.04,"chan phama (cumuw)(Southwestern, Southeastern)",0.0,ref-THA-0000450926,TH,THA,https://botany.dnp.go.th/eflora/floraspecies.html?tdcode=02766,Forest Herbarium,All rights reserved,"Mansonia gagei. Flora of Thailand. Vol. 7. Part 3, 2001. Pg. 590. Accessed 2021-07-31",7,3
wfo-0000159899,ver-THA-0000159899.01,khleng yoi (เคลงย้อย)(Peninsular),0.0,ref-THA-0000159899,TH,THA,https://botany.dnp.go.th/eflora/floraspecies.html?tdcode=02616,Forest Herbarium,All rights reserved,"Medinilla alpestris. Flora of Thailand. Vol. 7. Part 3, 2001. Pg. 435. Accessed 2021-07-31",7,3
wfo-0001078803,ver-THA-0001078803.01,khleng khoe (เคลงเคอ)(Peninsular),0.0,ref-THA-0001078803,TH,THA,https://botany.dnp.go.th/eflora/floraspecies.html?tdcode=02617,Forest Herbarium,All rights reserved,"Medinilla curtisii. Flora of Thailand. Vol. 7. Part 3, 2001. Pg. 435. Accessed 2021-07-31",7,3
wfo-0000160031,ver-THA-0000160031.01,khleng nong (เคลงน้อง)(General),0.0,ref-THA-0000160031,TH,THA,https://botany.dnp.go.th/eflora/floraspecies.html?tdcode=02618,Forest Herbarium,All rights reserved,"Medinilla laurifolia. Flora of Thailand. Vol. 7. Part 3, 2001. Pg. 436. Accessed 2021-07-31",7,3
wfo-0000160141,ver-THA-0000160141.01,khleng bai wian (เคลงใบเวียน)(Peninsular),0.0,ref-THA-0000160141,TH,THA,https://botany.dnp.go.th/eflora/floraspecies.html?tdcode=02619,Forest Herbarium,All rights reserved,"Medinilla radicans. Flora of Thailand. Vol. 7. Part 3, 2001. Pg. 437. Accessed 2021-07-31",7,3
wfo-0001083237,ver-THA-0001083237.01,khleng hin (เคลงหิน)(General),0.0,ref-THA-0001083237,TH,THA,https://botany.dnp.go.th/eflora/floraspecies.html?tdcode=02620,Forest Herbarium,All rights reserved,"Medinilla rubicunda. Flora of Thailand. Vol. 7. Part 3, 2001. Pg. 437. Accessed 2021-07-31",7,3
wfo-0000160337,ver-THA-0000160337.01,mang re (มังเร่)(Peninsular),0.0,ref-THA-0000160337,TH,THA,https://botany.dnp.go.th/eflora/floraspecies.html?tdcode=02622,Forest Herbarium,All rights reserved,"Melastoma cyanoides. Flora of Thailand. Vol. 7. Part 3, 2001. Pg. 439. Accessed 2021-07-31",7,3
wfo-0001266359,ver-THA-0001266359.01,aa (อ้า)(Northern),0.0,ref-THA-0001266359,TH,THA,https://botany.dnp.go.th/eflora/florainfra.html?tdcode=02625,Forest Herbarium,All rights reserved,"Melastoma malabathricum malabathricum. Flora of Thailand. Vol. 7. Part 3, 2001. Pg. 441. Accessed 2021-07-31",7,3
wfo-0001266359,ver-THA-0001266359.02,aa luang (อ้าหลวง)(Northern),0.0,ref-THA-0001266359,TH,THA,https://botany.dnp.go.th/eflora/florainfra.html?tdcode=02625,Forest Herbarium,All rights reserved,"Melastoma malabathricum malabathricum. Flora of Thailand. Vol. 7. Part 3, 2001. Pg. 441. Accessed 2021-07-31",7,3
wfo-0001266359,ver-THA-0001266359.03,ta-la-do (ตะลาเด๊าะ)(Karen Mae Hong Son),0.0,ref-THA-0001266359,TH,THA,https://botany.dnp.go.th/eflora/florainfra.html?tdcode=02625,Forest Herbarium,All rights reserved,"Melastoma malabathricum malabathricum. Flora of Thailand. Vol. 7. Part 3, 2001. Pg. 441. Accessed 2021-07-31",7,3
wfo-0001266359,ver-THA-0001266359.04,si-sa-pho (ซิซะโพ๊ะ)(Karen-Kanchanaburi),0.0,ref-THA-0001266359,TH,THA,https://botany.dnp.go.th/eflora/florainfra.html?tdcode=02625,Forest Herbarium,All rights reserved,"Melastoma malabathricum malabathricum. Flora of Thailand. Vol. 7. Part 3, 2001. Pg. 441. Accessed 2021-07-31",7,3
wfo-0001266359,ver-THA-0001266359.05,khlong khleng (โคลงเคลง)(Trat),0.0,ref-THA-0001266359,TH,THA,https://botany.dnp.go.th/eflora/florainfra.html?tdcode=02625,Forest Herbarium,All rights reserved,"Melastoma malabathricum malabathricum. Flora of Thailand. Vol. 7. Part 3, 2001. Pg. 441. Accessed 2021-07-31",7,3
wfo-0001266359,ver-THA-0001266359.06,khlong khleng khi ma (โคลงเคลงขี้ม้า)(Trat),0.0,ref-THA-0001266359,TH,THA,https://botany.dnp.go.th/eflora/florainfra.html?tdcode=02625,Forest Herbarium,All rights reserved,"Melastoma malabathricum malabathricum. Flora of Thailand. Vol. 7. Part 3, 2001. Pg. 441. Accessed 2021-07-31",7,3
wfo-0001266359,ver-THA-0001266359.07,khlong khleng khi nok (โคลงเคลงขึ้นก)(Trat),0.0,ref-THA-0001266359,TH,THA,https://botany.dnp.go.th/eflora/florainfra.html?tdcode=02625,Forest Herbarium,All rights reserved,"Melastoma malabathricum malabathricum. Flora of Thailand. Vol. 7. Part 3, 2001. Pg. 441. Accessed 2021-07-31",7,3
wfo-0001266359,ver-THA-0001266359.08,ma-ya (มายะ)(Chong-Trat),0.0,ref-THA-0001266359,TH,THA,https://botany.dnp.go.th/eflora/florainfra.html?tdcode=02625,Forest Herbarium,All rights reserved,"Melastoma malabathricum malabathricum. Flora of Thailand. Vol. 7. Part 3, 2001. Pg. 441. Accessed 2021-07-31",7,3
wfo-0001266359,ver-THA-0001266359.09,be (เบร์)(Peninsular),0.0,ref-THA-0001266359,TH,THA,https://botany.dnp.go.th/eflora/florainfra.html?tdcode=02625,Forest Herbarium,All rights reserved,"Melastoma malabathricum malabathricum. Flora of Thailand. Vol. 7. Part 3, 2001. Pg. 441. Accessed 2021-07-31",7,3
wfo-0001266359,ver-THA-0001266359.10,mang khre (มังเคร่)(Peninsular),0.0,ref-THA-0001266359,TH,THA,https://botany.dnp.go.th/eflora/florainfra.html?tdcode=02625,Forest Herbarium,All rights reserved,"Melastoma malabathricum malabathricum. Flora of Thailand. Vol. 7. Part 3, 2001. Pg. 441. Accessed 2021-07-31",7,3
wfo-0001266359,ver-THA-0001266359.11,mang re (มังเร้)(Peninsular),0.0,ref-THA-0001266359,TH,THA,https://botany.dnp.go.th/eflora/florainfra.html?tdcode=02625,Forest Herbarium,All rights reserved,"Melastoma malabathricum malabathricum. Flora of Thailand. Vol. 7. Part 3, 2001. Pg. 441. Accessed 2021-07-31",7,3
wfo-0001266359,ver-THA-0001266359.12,mare (มะเหร)(Peninsular),0.0,ref-THA-0001266359,TH,THA,https://botany.dnp.go.th/eflora/florainfra.html?tdcode=02625,Forest Herbarium,All rights reserved,"Melastoma malabathricum malabathricum. Flora of Thailand. Vol. 7. Part 3, 2001. Pg. 441. Accessed 2021-07-31",7,3
wfo-0001266359,ver-THA-0001266359.13,samre (สำเร)(Peninsular),0.0,ref-THA-0001266359,TH,THA,https://botany.dnp.go.th/eflora/florainfra.html?tdcode=02625,Forest Herbarium,All rights reserved,"Melastoma malabathricum malabathricum. Flora of Thailand. Vol. 7. Part 3, 2001. Pg. 441. Accessed 2021-07-31",7,3
wfo-0001266359,ver-THA-0001266359.14,sare (สาเร)(Peninsular),0.0,ref-THA-0001266359,TH,THA,https://botany.dnp.go.th/eflora/florainfra.html?tdcode=02625,Forest Herbarium,All rights reserved,"Melastoma malabathricum malabathricum. Flora of Thailand. Vol. 7. Part 3, 2001. Pg. 441. Accessed 2021-07-31",7,3
wfo-0001266359,ver-THA-0001266359.15,"ka-du-do (กาดูโด๊ะ)(Malay-Satun, Pattani)",0.0,ref-THA-0001266359,TH,THA,https://botany.dnp.go.th/eflora/florainfra.html?tdcode=02625,Forest Herbarium,All rights reserved,"Melastoma malabathricum malabathricum. Flora of Thailand. Vol. 7. Part 3, 2001. Pg. 441. Accessed 2021-07-31",7,3
wfo-0001266359,ver-THA-0001266359.16,ka-du-du (กะดูดุ)(Malay-Pattani),0.0,ref-THA-0001266359,TH,THA,https://botany.dnp.go.th/eflora/florainfra.html?tdcode=02625,Forest Herbarium,All rights reserved,"Melastoma malabathricum malabathricum. Flora of Thailand. Vol. 7. Part 3, 2001. Pg. 441. Accessed 2021-07-31",7,3
wfo-0001266360,ver-THA-0001266360.01,aa (อ้า)(Northern),0.0,ref-THA-0001266360,TH,THA,https://botany.dnp.go.th/eflora/florainfra.html?tdcode=02626,Forest Herbarium,All rights reserved,"Melastoma malabathricum normale. Flora of Thailand. Vol. 7. Part 3, 2001. Pg. 443. Accessed 2021-07-31",7,3
wfo-0001266360,ver-THA-0001266360.02,aa luang (อ้าหลวง)(Northern),0.0,ref-THA-0001266360,TH,THA,https://botany.dnp.go.th/eflora/florainfra.html?tdcode=02626,Forest Herbarium,All rights reserved,"Melastoma malabathricum normale. Flora of Thailand. Vol. 7. Part 3, 2001. Pg. 443. Accessed 2021-07-31",7,3
wfo-0001266360,ver-THA-0001266360.03,ka-chang-li (กะช้างลิ)(Karen-Mae Hong Son),0.0,ref-THA-0001266360,TH,THA,https://botany.dnp.go.th/eflora/florainfra.html?tdcode=02626,Forest Herbarium,All rights reserved,"Melastoma malabathricum normale. Flora of Thailand. Vol. 7. Part 3, 2001. Pg. 443. Accessed 2021-07-31",7,3
wfo-0001266360,ver-THA-0001266360.04,po-hi-thae (ปอฮี้แท้)(Karen-Mae Hong Son),0.0,ref-THA-0001266360,TH,THA,https://botany.dnp.go.th/eflora/florainfra.html?tdcode=02626,Forest Herbarium,All rights reserved,"Melastoma malabathricum normale. Flora of Thailand. Vol. 7. Part 3, 2001. Pg. 443. Accessed 2021-07-31",7,3
wfo-0001266360,ver-THA-0001266360.05,so-la-ple (ซอลาเปล)(Karen-Chiang Mai),0.0,ref-THA-0001266360,TH,THA,https://botany.dnp.go.th/eflora/florainfra.html?tdcode=02626,Forest Herbarium,All rights reserved,"Melastoma malabathricum normale. Flora of Thailand. Vol. 7. Part 3, 2001. Pg. 443. Accessed 2021-07-31",7,3
wfo-0001266360,ver-THA-0001266360.06,khan kang (ขันก๋าง)(Phetchaburi),0.0,ref-THA-0001266360,TH,THA,https://botany.dnp.go.th/eflora/florainfra.html?tdcode=02626,Forest Herbarium,All rights reserved,"Melastoma malabathricum normale. Flora of Thailand. Vol. 7. Part 3, 2001. Pg. 443. Accessed 2021-07-31",7,3
wfo-0001266360,ver-THA-0001266360.07,chuk nari (จุกนารี)(Bangkok),0.0,ref-THA-0001266360,TH,THA,https://botany.dnp.go.th/eflora/florainfra.html?tdcode=02626,Forest Herbarium,All rights reserved,"Melastoma malabathricum normale. Flora of Thailand. Vol. 7. Part 3, 2001. Pg. 443. Accessed 2021-07-31",7,3
wfo-0000160503,ver-THA-0000160503.01,khlong khleng tua phu (โคลงเคลงตัวผู้)(Trat),0.0,ref-THA-0000160503,TH,THA,https://botany.dnp.go.th/eflora/floraspecies.html?tdcode=02628,Forest Herbarium,All rights reserved,"Melastoma orientale. Flora of Thailand. Vol. 7. Part 3, 2001. Pg. 444. Accessed 2021-07-31",7,3
wfo-0000158050,ver-THA-0000158050.01,khlong khleng phon haeng (โคลงเคลงผลแห้ง)(General),0.0,ref-THA-0000158050,TH,THA,https://botany.dnp.go.th/eflora/floraspecies.html?tdcode=02629,Forest Herbarium,All rights reserved,"Melastoma pellegrinianum. Flora of Thailand. Vol. 7. Part 3, 2001. Pg. 444. Accessed 2021-07-31",7,3
wfo-0001274025,ver-THA-0001274025.01,khlong khleng yuan (โคลงเคลงยวน)(Eastern),0.0,ref-THA-0001274025,TH,THA,https://botany.dnp.go.th/eflora/floraspecies.html?tdcode=02630,Forest Herbarium,All rights reserved,"Melastoma saigonense. Flora of Thailand. Vol. 7. Part 3, 2001. Pg. 445. Accessed 2021-07-31",7,3
wfo-0001274025,ver-THA-0001274025.02,en aa (เอ็นอ้า)(Eastern),0.0,ref-THA-0001274025,TH,THA,https://botany.dnp.go.th/eflora/floraspecies.html?tdcode=02630,Forest Herbarium,All rights reserved,"Melastoma saigonense. Flora of Thailand. Vol. 7. Part 3, 2001. Pg. 445. Accessed 2021-07-31",7,3
wfo-0001274025,ver-THA-0001274025.03,khlong khleng khon (โคลงเคลงขน)(Prachin Buri),0.0,ref-THA-0001274025,TH,THA,https://botany.dnp.go.th/eflora/floraspecies.html?tdcode=02630,Forest Herbarium,All rights reserved,"Melastoma saigonense. Flora of Thailand. Vol. 7. Part 3, 2001. Pg. 445. Accessed 2021-07-31",7,3
wfo-0001274025,ver-THA-0001274025.04,ma-ya (ม่ายะ)(Chong-Trat),0.0,ref-THA-0001274025,TH,THA,https://botany.dnp.go.th/eflora/floraspecies.html?tdcode=02630,Forest Herbarium,All rights reserved,"Melastoma saigonense. Flora of Thailand. Vol. 7. Part 3, 2001. Pg. 445. Accessed 2021-07-31",7,3
wfo-0001274025,ver-THA-0001274025.05,klong kleng(Moi language),0.0,ref-THA-0001274025,TH,THA,https://botany.dnp.go.th/eflora/floraspecies.html?tdcode=02630,Forest Herbarium,All rights reserved,"Melastoma saigonense. Flora of Thailand. Vol. 7. Part 3, 2001. Pg. 445. Accessed 2021-07-31",7,3
wfo-0001274025,ver-THA-0001274025.06,eng-aai(Moi language),0.0,ref-THA-0001274025,TH,THA,https://botany.dnp.go.th/eflora/floraspecies.html?tdcode=02630,Forest Herbarium,All rights reserved,"Melastoma saigonense. Flora of Thailand. Vol. 7. Part 3, 2001. Pg. 445. Accessed 2021-07-31",7,3
wfo-0001274025,ver-THA-0001274025.07,ti tang(Moi language),0.0,ref-THA-0001274025,TH,THA,https://botany.dnp.go.th/eflora/floraspecies.html?tdcode=02630,Forest Herbarium,All rights reserved,"Melastoma saigonense. Flora of Thailand. Vol. 7. Part 3, 2001. Pg. 445. Accessed 2021-07-31",7,3
wfo-0001083258,ver-THA-0001083258.01,khlong khleng chang (โคลงเคลงช้าง)(Narathiwat),0.0,ref-THA-0001083258,TH,THA,https://botany.dnp.go.th/eflora/floraspecies.html?tdcode=02631,Forest Herbarium,All rights reserved,"Melastoma sanguineum. Flora of Thailand. Vol. 7. Part 3, 2001. Pg. 447. Accessed 2021-07-31",7,3
wfo-0001083258,ver-THA-0001083258.02,bre chang (เบร์ช้าง)(Peninsular),0.0,ref-THA-0001083258,TH,THA,https://botany.dnp.go.th/eflora/floraspecies.html?tdcode=02631,Forest Herbarium,All rights reserved,"Melastoma sanguineum. Flora of Thailand. Vol. 7. Part 3, 2001. Pg. 447. Accessed 2021-07-31",7,3
wfo-0001083258,ver-THA-0001083258.03,mang khre chang (มั่งเคร่ช้าง)(Peninsular),0.0,ref-THA-0001083258,TH,THA,https://botany.dnp.go.th/eflora/floraspecies.html?tdcode=02631,Forest Herbarium,All rights reserved,"Melastoma sanguineum. Flora of Thailand. Vol. 7. Part 3, 2001. Pg. 447. Accessed 2021-07-31",7,3
wfo-0001083258,ver-THA-0001083258.04,rnang khre khan (มังเคร่ขน)(Peninsular),0.0,ref-THA-0001083258,TH,THA,https://botany.dnp.go.th/eflora/floraspecies.html?tdcode=02631,Forest Herbarium,All rights reserved,"Melastoma sanguineum. Flora of Thailand. Vol. 7. Part 3, 2001. Pg. 447. Accessed 2021-07-31",7,3
wfo-0001083258,ver-THA-0001083258.05,meri chang (เมรีช้าง)(Peninsular),0.0,ref-THA-0001083258,TH,THA,https://botany.dnp.go.th/eflora/floraspecies.html?tdcode=02631,Forest Herbarium,All rights reserved,"Melastoma sanguineum. Flora of Thailand. Vol. 7. Part 3, 2001. Pg. 447. Accessed 2021-07-31",7,3
wfo-0001083258,ver-THA-0001083258.06,ka-du-du (กะดูดุ)(Malay-Songkhla),0.0,ref-THA-0001083258,TH,THA,https://botany.dnp.go.th/eflora/floraspecies.html?tdcode=02631,Forest Herbarium,All rights reserved,"Melastoma sanguineum. Flora of Thailand. Vol. 7. Part 3, 2001. Pg. 447. Accessed 2021-07-31",7,3
wfo-0000452175,ver-THA-0000452175.01,khang pak put (ขางปากปุด)(Northern),0.0,ref-THA-0000452175,TH,THA,https://botany.dnp.go.th/eflora/floraspecies.html?tdcode=02768,Forest Herbarium,All rights reserved,"Melochia corchorifolia. Flora of Thailand. Vol. 7. Part 3, 2001. Pg. 592. Accessed 2021-07-31",7,3
wfo-0000452175,ver-THA-0000452175.02,sa-aeng bai mon (สะแองใบมน)(Central),0.0,ref-THA-0000452175,TH,THA,https://botany.dnp.go.th/eflora/floraspecies.html?tdcode=02768,Forest Herbarium,All rights reserved,"Melochia corchorifolia. Flora of Thailand. Vol. 7. Part 3, 2001. Pg. 592. Accessed 2021-07-31",7,3
wfo-0000452175,ver-THA-0000452175.03,seng lek (เส้งเล็ก)(Central),0.0,ref-THA-0000452175,TH,THA,https://botany.dnp.go.th/eflora/floraspecies.html?tdcode=02768,Forest Herbarium,All rights reserved,"Melochia corchorifolia. Flora of Thailand. Vol. 7. Part 3, 2001. Pg. 592. Accessed 2021-07-31",7,3
wfo-0001260558,ver-THA-0001260558.01,sa dam (สาดำ)(Northern),0.0,ref-THA-0001260558,TH,THA,https://botany.dnp.go.th/eflora/floraspecies.html?tdcode=02769,Forest Herbarium,All rights reserved,"Melochia umbellata. Flora of Thailand. Vol. 7. Part 3, 2001. Pg. 592. Accessed 2021-07-31",7,3
wfo-0001260558,ver-THA-0001260558.02,thao yai mom luang (เท้ายายม่อมหลวง)(Northern),0.0,ref-THA-0001260558,TH,THA,https://botany.dnp.go.th/eflora/floraspecies.html?tdcode=02769,Forest Herbarium,All rights reserved,"Melochia umbellata. Flora of Thailand. Vol. 7. Part 3, 2001. Pg. 592. Accessed 2021-07-31",7,3
wfo-0001260558,ver-THA-0001260558.03,fai phi yai (ฝ้ายผีใหญ่)(Southeastern),0.0,ref-THA-0001260558,TH,THA,https://botany.dnp.go.th/eflora/floraspecies.html?tdcode=02769,Forest Herbarium,All rights reserved,"Melochia umbellata. Flora of Thailand. Vol. 7. Part 3, 2001. Pg. 592. Accessed 2021-07-31",7,3
wfo-0001260558,ver-THA-0001260558.04,po dam (ปอดำ)(Peninsular),0.0,ref-THA-0001260558,TH,THA,https://botany.dnp.go.th/eflora/floraspecies.html?tdcode=02769,Forest Herbarium,All rights reserved,"Melochia umbellata. Flora of Thailand. Vol. 7. Part 3, 2001. Pg. 592. Accessed 2021-07-31",7,3
wfo-0001260558,ver-THA-0001260558.05,poe (เปอ)(Peninsular),0.0,ref-THA-0001260558,TH,THA,https://botany.dnp.go.th/eflora/floraspecies.html?tdcode=02769,Forest Herbarium,All rights reserved,"Melochia umbellata. Flora of Thailand. Vol. 7. Part 3, 2001. Pg. 592. Accessed 2021-07-31",7,3
wfo-0000773040,ver-THA-0000773040.01,sarai (สาหร่าย)(Bangkok),0.0,ref-THA-0000773040,TH,THA,https://botany.dnp.go.th/eflora/florainfra.html?tdcode=02549,Forest Herbarium,All rights reserved,"Najas graminea graminea. Flora of Thailand. Vol. 7. Part 3, 2001. Pg. 376. Accessed 2021-07-31",7,3
wfo-0000773040,ver-THA-0000773040.02,sarai hang wua (สาหร่ายหางวัว)(Central),0.0,ref-THA-0000773040,TH,THA,https://botany.dnp.go.th/eflora/florainfra.html?tdcode=02549,Forest Herbarium,All rights reserved,"Najas graminea graminea. Flora of Thailand. Vol. 7. Part 3, 2001. Pg. 376. Accessed 2021-07-31",7,3
wfo-0000769530,ver-THA-0000769530.01,sarai male (สาหร่ายมาเลย์)(General),0.0,ref-THA-0000769530,TH,THA,https://botany.dnp.go.th/eflora/floraspecies.html?tdcode=02551,Forest Herbarium,All rights reserved,"Najas malesiana. Flora of Thailand. Vol. 7. Part 3, 2001. Pg. 377. Accessed 2021-07-31",7,3
wfo-0000161147,ver-THA-0000161147.01,mang le khop phru (มังเลขอบพรุ)(Peninsular),0.0,ref-THA-0000161147,TH,THA,https://botany.dnp.go.th/eflora/floraspecies.html?tdcode=02633,Forest Herbarium,All rights reserved,"Ochthocharis javanica. Flora of Thailand. Vol. 7. Part 3, 2001. Pg. 449. Accessed 2021-07-31",7,3
wfo-0000161187,ver-THA-0000161187.01,aa kha yao (อ้าขายาว)(Northeastern),0.0,ref-THA-0000161187,TH,THA,https://botany.dnp.go.th/eflora/floraspecies.html?tdcode=02635,Forest Herbarium,All rights reserved,"Osbeckia aspericaulis. Flora of Thailand. Vol. 7. Part 3, 2001. Pg. 450. Accessed 2021-07-31",7,3
wfo-0001083278,ver-THA-0001083278.01,aa noi (อ้าน้อย)(Chiang Mai),0.0,ref-THA-0001083278,TH,THA,https://botany.dnp.go.th/eflora/floraspecies.html?tdcode=02636,Forest Herbarium,All rights reserved,"Osbeckia chinensis. Flora of Thailand. Vol. 7. Part 3, 2001. Pg. 451. Accessed 2021-07-31",7,3
wfo-0001083278,ver-THA-0001083278.02,en aa noi (เอ็นอ้าน้อย)(Ubon Ratchathani),0.0,ref-THA-0001083278,TH,THA,https://botany.dnp.go.th/eflora/floraspecies.html?tdcode=02636,Forest Herbarium,All rights reserved,"Osbeckia chinensis. Flora of Thailand. Vol. 7. Part 3, 2001. Pg. 451. Accessed 2021-07-31",7,3
wfo-0001083278,ver-THA-0001083278.03,en aa (เอ็นอ้า)(Prachin Buri),0.0,ref-THA-0001083278,TH,THA,https://botany.dnp.go.th/eflora/floraspecies.html?tdcode=02636,Forest Herbarium,All rights reserved,"Osbeckia chinensis. Flora of Thailand. Vol. 7. Part 3, 2001. Pg. 451. Accessed 2021-07-31",7,3
wfo-0001083278,ver-THA-0001083278.04,ya phlong khon (หญ้าพลองขน)(Chumphon),0.0,ref-THA-0001083278,TH,THA,https://botany.dnp.go.th/eflora/floraspecies.html?tdcode=02636,Forest Herbarium,All rights reserved,"Osbeckia chinensis. Flora of Thailand. Vol. 7. Part 3, 2001. Pg. 451. Accessed 2021-07-31",7,3
wfo-0001039598,ver-THA-0001039598.01,khlong khleng tua phu (โคลงเคลงตัวผู้)(General),0.0,ref-THA-0001039598,TH,THA,https://botany.dnp.go.th/eflora/floraspecies.html?tdcode=02637,Forest Herbarium,All rights reserved,"Osbeckia cochinchinensis. Flora of Thailand. Vol. 7. Part 3, 2001. Pg. 452. Accessed 2021-07-31",7,3
wfo-0001083292,ver-THA-0001083292.01,aa nam (อ้าน้ำ)(Chiang Mai),0.0,ref-THA-0001083292,TH,THA,https://botany.dnp.go.th/eflora/floraspecies.html?tdcode=02638,Forest Herbarium,All rights reserved,"Osbeckia nepalensis. Flora of Thailand. Vol. 7. Part 3, 2001. Pg. 452. Accessed 2021-07-31",7,3
wfo-0001083292,ver-THA-0001083292.02,en aa nam (เอ็นอ้าน้ำ)(Chiang Mai),0.0,ref-THA-0001083292,TH,THA,https://botany.dnp.go.th/eflora/floraspecies.html?tdcode=02638,Forest Herbarium,All rights reserved,"Osbeckia nepalensis. Flora of Thailand. Vol. 7. Part 3, 2001. Pg. 452. Accessed 2021-07-31",7,3
wfo-0000161280,ver-THA-0000161280.01,en aa wi chain (เอ็นอ้าวิเชียร)(Southeastern),0.0,ref-THA-0000161280,TH,THA,https://botany.dnp.go.th/eflora/floraspecies.html?tdcode=02639,Forest Herbarium,All rights reserved,"Osbeckia setoso-annulata. Flora of Thailand. Vol. 7. Part 3, 2001. Pg. 454. Accessed 2021-07-31",7,3
wfo-0001280627,ver-THA-0001280627.01,thao nang hung (เฒ่านั่งฮุ่ง)(Chiang Mai),0.0,ref-THA-0001280627,TH,THA,https://botany.dnp.go.th/eflora/floraspecies.html?tdcode=02640,Forest Herbarium,All rights reserved,"Osbeckia stellata. Flora of Thailand. Vol. 7. Part 3, 2001. Pg. 454. Accessed 2021-07-31",7,3
wfo-0001280627,ver-THA-0001280627.02,en aa khon (เอ็นอ้าขน)(Loei),0.0,ref-THA-0001280627,TH,THA,https://botany.dnp.go.th/eflora/floraspecies.html?tdcode=02640,Forest Herbarium,All rights reserved,"Osbeckia stellata. Flora of Thailand. Vol. 7. Part 3, 2001. Pg. 454. Accessed 2021-07-31",7,3
wfo-0001280627,ver-THA-0001280627.03,khlong khleng hin (โคลงเคลงหิน)(Loei),0.0,ref-THA-0001280627,TH,THA,https://botany.dnp.go.th/eflora/floraspecies.html?tdcode=02640,Forest Herbarium,All rights reserved,"Osbeckia stellata. Flora of Thailand. Vol. 7. Part 3, 2001. Pg. 454. Accessed 2021-07-31",7,3
wfo-0000769606,ver-THA-0000769606.01,phak towa (ผักโตวา)(Nakhon Ratchasima),0.0,ref-THA-0000769606,TH,THA,https://botany.dnp.go.th/eflora/floraspecies.html?tdcode=02554,Forest Herbarium,All rights reserved,"Ottelia alismoides. Flora of Thailand. Vol. 7. Part 3, 2001. Pg. 380. Accessed 2021-07-31",7,3
wfo-0000769606,ver-THA-0000769606.02,santawa bai phai (สันตะวาใบพาย)(Bangkok),0.0,ref-THA-0000769606,TH,THA,https://botany.dnp.go.th/eflora/floraspecies.html?tdcode=02554,Forest Herbarium,All rights reserved,"Ottelia alismoides. Flora of Thailand. Vol. 7. Part 3, 2001. Pg. 380. Accessed 2021-07-31",7,3
wfo-0000769606,ver-THA-0000769606.03,santawa (สันตะวา)(Central),0.0,ref-THA-0000769606,TH,THA,https://botany.dnp.go.th/eflora/floraspecies.html?tdcode=02554,Forest Herbarium,All rights reserved,"Ottelia alismoides. Flora of Thailand. Vol. 7. Part 3, 2001. Pg. 380. Accessed 2021-07-31",7,3
wfo-0001280631,ver-THA-0001280631.01,"mang re sai (มังเร่ทราย)(Northern, Northeastern)",0.0,ref-THA-0001280631,TH,THA,https://botany.dnp.go.th/eflora/floraspecies.html?tdcode=02643,Forest Herbarium,All rights reserved,"Oxyspora balansae. Flora of Thailand. Vol. 7. Part 3, 2001. Pg. 456. Accessed 2021-07-31",7,3
wfo-0000162558,ver-THA-0000162558.01,mang re tham ya (มังเร่ทำยา)(Peninsular),0.0,ref-THA-0000162558,TH,THA,https://botany.dnp.go.th/eflora/floraspecies.html?tdcode=02644,Forest Herbarium,All rights reserved,"Oxyspora bullata. Flora of Thailand. Vol. 7. Part 3, 2001. Pg. 457. Accessed 2021-07-31",7,3
wfo-0001238695,ver-THA-0001238695.01,mang re hin (มังเร่หิน)(Peninsular),0.0,ref-THA-0001238695,TH,THA,https://botany.dnp.go.th/eflora/floraspecies.html?tdcode=02645,Forest Herbarium,All rights reserved,"Oxyspora curtisii. Flora of Thailand. Vol. 7. Part 3, 2001. Pg. 458. Accessed 2021-07-31",7,3
wfo-0001238695,ver-THA-0001238695.02,mare hin (มะเรหิน)(Peninsular),0.0,ref-THA-0001238695,TH,THA,https://botany.dnp.go.th/eflora/floraspecies.html?tdcode=02645,Forest Herbarium,All rights reserved,"Oxyspora curtisii. Flora of Thailand. Vol. 7. Part 3, 2001. Pg. 458. Accessed 2021-07-31",7,3
wfo-0000162561,ver-THA-0000162561.01,kamao khao (กะเมาเขา)(Surat Thani),0.0,ref-THA-0000162561,TH,THA,https://botany.dnp.go.th/eflora/floraspecies.html?tdcode=02646,Forest Herbarium,All rights reserved,"Oxyspora exigua. Flora of Thailand. Vol. 7. Part 3, 2001. Pg. 458. Accessed 2021-07-31",7,3
wfo-0001083300,ver-THA-0001083300.01,mare wao (มะเรเว้า)(Northern),0.0,ref-THA-0001083300,TH,THA,https://botany.dnp.go.th/eflora/floraspecies.html?tdcode=02647,Forest Herbarium,All rights reserved,"Oxyspora howellii. Flora of Thailand. Vol. 7. Part 3, 2001. Pg. 459. Accessed 2021-07-31",7,3
wfo-0000161402,ver-THA-0000161402.01,mare khon khui (มะเรขนขุย)(Peninsular),0.0,ref-THA-0000161402,TH,THA,https://botany.dnp.go.th/eflora/floraspecies.html?tdcode=02648,Forest Herbarium,All rights reserved,"Oxyspora stellulata. Flora of Thailand. Vol. 7. Part 3, 2001. Pg. 461. Accessed 2021-07-31",7,3
wfo-0000162566,ver-THA-0000162566.01,mang le (มังเล)(Nakhon Si Thammarat),0.0,ref-THA-0000162566,TH,THA,https://botany.dnp.go.th/eflora/floraspecies.html?tdcode=02649,Forest Herbarium,All rights reserved,"Oxyspora umbellata. Flora of Thailand. Vol. 7. Part 3, 2001. Pg. 461. Accessed 2021-07-31",7,3
wfo-0000162566,ver-THA-0000162566.02,mang le khuan (มังเลควน)(Pattani),0.0,ref-THA-0000162566,TH,THA,https://botany.dnp.go.th/eflora/floraspecies.html?tdcode=02649,Forest Herbarium,All rights reserved,"Oxyspora umbellata. Flora of Thailand. Vol. 7. Part 3, 2001. Pg. 461. Accessed 2021-07-31",7,3
wfo-0000162566,ver-THA-0000162566.03,mare khuan (มะเรควน)(Pattani),0.0,ref-THA-0000162566,TH,THA,https://botany.dnp.go.th/eflora/floraspecies.html?tdcode=02649,Forest Herbarium,All rights reserved,"Oxyspora umbellata. Flora of Thailand. Vol. 7. Part 3, 2001. Pg. 461. Accessed 2021-07-31",7,3
wfo-0000476060,ver-THA-0000476060.01,po seng (ปอเส้ง)(Central),0.0,ref-THA-0000476060,TH,THA,https://botany.dnp.go.th/eflora/floraspecies.html?tdcode=02771,Forest Herbarium,All rights reserved,"Pentapetes phoenicea. Flora of Thailand. Vol. 7. Part 3, 2001. Pg. 595. Accessed 2021-07-31",7,3
wfo-0000476060,ver-THA-0000476060.02,seng (เส้ง)(Central),0.0,ref-THA-0000476060,TH,THA,https://botany.dnp.go.th/eflora/floraspecies.html?tdcode=02771,Forest Herbarium,All rights reserved,"Pentapetes phoenicea. Flora of Thailand. Vol. 7. Part 3, 2001. Pg. 595. Accessed 2021-07-31",7,3
wfo-0001237632,ver-THA-0001237632.01,kam kung sayam (ก้ามกุ้งสยาม)(Central),0.0,ref-THA-0001237632,TH,THA,https://botany.dnp.go.th/eflora/floraspecies.html?tdcode=02657,Forest Herbarium,All rights reserved,"Phyllagathis siamensis. Flora of Thailand. Vol. 7. Part 3, 2001. Pg. 472. Accessed 2021-07-31",7,3
wfo-0001237630,ver-THA-0001237630.01,kam kung hua (ก้ามกุ้งหัว)(Northern),0.0,ref-THA-0001237630,TH,THA,https://botany.dnp.go.th/eflora/floraspecies.html?tdcode=02658,Forest Herbarium,All rights reserved,"Phyllagathis tuberosa. Flora of Thailand. Vol. 7. Part 3, 2001. Pg. 472. Accessed 2021-07-31",7,3
wfo-0001219788,ver-THA-0001219788.01,tang kai pa (ต่างไก่ป่า)(Loei),0.0,ref-THA-0001219788,TH,THA,https://botany.dnp.go.th/eflora/floraspecies.html?tdcode=02686,Forest Herbarium,All rights reserved,"Polygala arillata. Flora of Thailand. Vol. 7. Part 3, 2001. Pg. 501. Accessed 2021-07-31",7,3
wfo-0000484514,ver-THA-0000484514.01,luk mani (ลูกมณี)(Northern),0.0,ref-THA-0000484514,TH,THA,https://botany.dnp.go.th/eflora/floraspecies.html?tdcode=02687,Forest Herbarium,All rights reserved,"Polygala cardiocarpa. Flora of Thailand. Vol. 7. Part 3, 2001. Pg. 502. Accessed 2021-07-31",7,3
wfo-0001240219,ver-THA-0001240219.01,pik kai dam (ปีกไก่ดำ)(General),0.0,ref-THA-0001240219,TH,THA,https://botany.dnp.go.th/eflora/floraspecies.html?tdcode=02688,Forest Herbarium,All rights reserved,"Polygala chinensis. Flora of Thailand. Vol. 7. Part 3, 2001. Pg. 503. Accessed 2021-07-31",7,3
wfo-0001240219,ver-THA-0001240219.02,kham tia (คำเตี้ย)(Loei),0.0,ref-THA-0001240219,TH,THA,https://botany.dnp.go.th/eflora/floraspecies.html?tdcode=02688,Forest Herbarium,All rights reserved,"Polygala chinensis. Flora of Thailand. Vol. 7. Part 3, 2001. Pg. 503. Accessed 2021-07-31",7,3
wfo-0001239618,ver-THA-0001239618.01,ma mae kam (ม้ามาก่ำ)(Chiang Mai),0.0,ref-THA-0001239618,TH,THA,https://botany.dnp.go.th/eflora/floraspecies.html?tdcode=02689,Forest Herbarium,All rights reserved,"Polygala crotalarioides. Flora of Thailand. Vol. 7. Part 3, 2001. Pg. 505. Accessed 2021-07-31",7,3
wfo-0001284220,ver-THA-0001284220.01,tang kai thuean (ต่างไก่เถื่อน)(Loei),0.0,ref-THA-0001284220,TH,THA,https://botany.dnp.go.th/eflora/floraspecies.html?tdcode=02695,Forest Herbarium,All rights reserved,"Polygala karensium. Flora of Thailand. Vol. 7. Part 3, 2001. Pg. 510. Accessed 2021-07-31",7,3
wfo-0001284220,ver-THA-0001284220.02,bandong lueang (บันดงเหลือง)(Loei),0.0,ref-THA-0001284220,TH,THA,https://botany.dnp.go.th/eflora/floraspecies.html?tdcode=02695,Forest Herbarium,All rights reserved,"Polygala karensium. Flora of Thailand. Vol. 7. Part 3, 2001. Pg. 510. Accessed 2021-07-31",7,3
wfo-0001239621,ver-THA-0001239621.01,ya lueat nai (หญ้าเลือดไม้)(Chiang Mai),0.0,ref-THA-0001239621,TH,THA,https://botany.dnp.go.th/eflora/floraspecies.html?tdcode=02696,Forest Herbarium,All rights reserved,"Polygala longifolia. Flora of Thailand. Vol. 7. Part 3, 2001. Pg. 511. Accessed 2021-07-31",7,3
wfo-0001219762,ver-THA-0001219762.01,khuea chae din (เขือแจ้ดิน)(Chiang Mai),0.0,ref-THA-0001219762,TH,THA,https://botany.dnp.go.th/eflora/floraspecies.html?tdcode=02700,Forest Herbarium,All rights reserved,"Polygala tricholopha. Flora of Thailand. Vol. 7. Part 3, 2001. Pg. 516. Accessed 2021-07-31",7,3
wfo-0001219762,ver-THA-0001219762.02,ma khuea chae khruea (มะเขือแจ้เครือ)(Chiang Mai),0.0,ref-THA-0001219762,TH,THA,https://botany.dnp.go.th/eflora/floraspecies.html?tdcode=02700,Forest Herbarium,All rights reserved,"Polygala tricholopha. Flora of Thailand. Vol. 7. Part 3, 2001. Pg. 516. Accessed 2021-07-31",7,3
wfo-0000488169,ver-THA-0000488169.01,tang kai tai (ต่างไก่ใต้)(Peninsular),0.0,ref-THA-0000488169,TH,THA,https://botany.dnp.go.th/eflora/floraspecies.html?tdcode=02703,Forest Herbarium,All rights reserved,"Polygala venenosa. Flora of Thailand. Vol. 7. Part 3, 2001. Pg. 519. Accessed 2021-07-31",7,3
wfo-0000769780,ver-THA-0000769780.01,naen (แนน)(Nan),0.0,ref-THA-0000769780,TH,THA,https://botany.dnp.go.th/eflora/floraspecies.html?tdcode=02565,Forest Herbarium,All rights reserved,"Potamogeton crispus. Flora of Thailand. Vol. 7. Part 3, 2001. Pg. 388. Accessed 2021-07-31",7,3
wfo-0000769889,ver-THA-0000769889.01,nae pak pet (แหนปากเป็ด)(Central),0.0,ref-THA-0000769889,TH,THA,https://botany.dnp.go.th/eflora/floraspecies.html?tdcode=02566,Forest Herbarium,All rights reserved,"Potamogeton malaianus. Flora of Thailand. Vol. 7. Part 3, 2001. Pg. 388. Accessed 2021-07-31",7,3
wfo-0001083361,ver-THA-0001083361.01,khruea pla sio (เครือปลาซิว)(Nong Khai),0.0,ref-THA-0001083361,TH,THA,https://botany.dnp.go.th/eflora/floraspecies.html?tdcode=02660,Forest Herbarium,All rights reserved,"Pseudodissochaeta septentrionalis. Flora of Thailand. Vol. 7. Part 3, 2001. Pg. 475. Accessed 2021-07-31",7,3
wfo-0001083361,ver-THA-0001083361.02,pradong sip Song (ประดงสิบสอง)(Nong Khai),0.0,ref-THA-0001083361,TH,THA,https://botany.dnp.go.th/eflora/floraspecies.html?tdcode=02660,Forest Herbarium,All rights reserved,"Pseudodissochaeta septentrionalis. Flora of Thailand. Vol. 7. Part 3, 2001. Pg. 475. Accessed 2021-07-31",7,3
wfo-0001083361,ver-THA-0001083361.03,phrik thai som (พริกไทย)(Nakhon Ratchasima),0.0,ref-THA-0001083361,TH,THA,https://botany.dnp.go.th/eflora/floraspecies.html?tdcode=02660,Forest Herbarium,All rights reserved,"Pseudodissochaeta septentrionalis. Flora of Thailand. Vol. 7. Part 3, 2001. Pg. 475. Accessed 2021-07-31",7,3
wfo-0001083363,ver-THA-0001083363.01,phlong kaem on (พลองก้มอ้น)(Chumphon),0.0,ref-THA-0001083363,TH,THA,https://botany.dnp.go.th/eflora/floraspecies.html?tdcode=02663,Forest Herbarium,All rights reserved,"Pternandra caerulescens. Flora of Thailand. Vol. 7. Part 3, 2001. Pg. 477. Accessed 2021-07-31",7,3
wfo-0001083363,ver-THA-0001083363.02,me chang (เม้ฉ่าง)(Surat Thani),0.0,ref-THA-0001083363,TH,THA,https://botany.dnp.go.th/eflora/floraspecies.html?tdcode=02663,Forest Herbarium,All rights reserved,"Pternandra caerulescens. Flora of Thailand. Vol. 7. Part 3, 2001. Pg. 477. Accessed 2021-07-31",7,3
wfo-0001083363,ver-THA-0001083363.03,phlong ing (พลองอิง)(Narathiwat),0.0,ref-THA-0001083363,TH,THA,https://botany.dnp.go.th/eflora/floraspecies.html?tdcode=02663,Forest Herbarium,All rights reserved,"Pternandra caerulescens. Flora of Thailand. Vol. 7. Part 3, 2001. Pg. 477. Accessed 2021-07-31",7,3
wfo-0001083363,ver-THA-0001083363.04,ya-ing (ยะอิง)(Malay-Narathiwat),0.0,ref-THA-0001083363,TH,THA,https://botany.dnp.go.th/eflora/floraspecies.html?tdcode=02663,Forest Herbarium,All rights reserved,"Pternandra caerulescens. Flora of Thailand. Vol. 7. Part 3, 2001. Pg. 477. Accessed 2021-07-31",7,3
wfo-0000476084,ver-THA-0000476084.01,po i keng (ปออีเก้ง)(Northern),0.0,ref-THA-0000476084,TH,THA,https://botany.dnp.go.th/eflora/floraspecies.html?tdcode=02773,Forest Herbarium,All rights reserved,"Pterocymbium macranthum. Flora of Thailand. Vol. 7. Part 3, 2001. Pg. 597. Accessed 2021-07-31",7,3
wfo-0000476084,ver-THA-0000476084.02,po khi liat (ปอขี้เลียด)(Northern),0.0,ref-THA-0000476084,TH,THA,https://botany.dnp.go.th/eflora/floraspecies.html?tdcode=02773,Forest Herbarium,All rights reserved,"Pterocymbium macranthum. Flora of Thailand. Vol. 7. Part 3, 2001. Pg. 597. Accessed 2021-07-31",7,3
wfo-0000476084,ver-THA-0000476084.03,po kradang (ปอกระด้าง)(Northern),0.0,ref-THA-0000476084,TH,THA,https://botany.dnp.go.th/eflora/floraspecies.html?tdcode=02773,Forest Herbarium,All rights reserved,"Pterocymbium macranthum. Flora of Thailand. Vol. 7. Part 3, 2001. Pg. 597. Accessed 2021-07-31",7,3
wfo-0000476033,ver-THA-0000476033.01,champa khaek (จำปาแขก)(Northern),0.0,ref-THA-0000476033,TH,THA,https://botany.dnp.go.th/eflora/floraspecies.html?tdcode=02776,Forest Herbarium,All rights reserved,"Pterospermum acerifolium. Flora of Thailand. Vol. 7. Part 3, 2001. Pg. 602. Accessed 2021-07-31",7,3
wfo-0000476033,ver-THA-0000476033.02,po tao (ปอเต๊า)(Northern),0.0,ref-THA-0000476033,TH,THA,https://botany.dnp.go.th/eflora/floraspecies.html?tdcode=02776,Forest Herbarium,All rights reserved,"Pterospermum acerifolium. Flora of Thailand. Vol. 7. Part 3, 2001. Pg. 602. Accessed 2021-07-31",7,3
wfo-0000476033,ver-THA-0000476033.03,po tup bu chang (ปอตูบหูช้าง)(Northern),0.0,ref-THA-0000476033,TH,THA,https://botany.dnp.go.th/eflora/floraspecies.html?tdcode=02776,Forest Herbarium,All rights reserved,"Pterospermum acerifolium. Flora of Thailand. Vol. 7. Part 3, 2001. Pg. 602. Accessed 2021-07-31",7,3
wfo-0000476033,ver-THA-0000476033.04,sak ka thao (สากกะเท้า)(Northern),0.0,ref-THA-0000476033,TH,THA,https://botany.dnp.go.th/eflora/floraspecies.html?tdcode=02776,Forest Herbarium,All rights reserved,"Pterospermum acerifolium. Flora of Thailand. Vol. 7. Part 3, 2001. Pg. 602. Accessed 2021-07-31",7,3
wfo-0000476033,ver-THA-0000476033.05,sanan dong (สนานคง)(Northern),0.0,ref-THA-0000476033,TH,THA,https://botany.dnp.go.th/eflora/floraspecies.html?tdcode=02776,Forest Herbarium,All rights reserved,"Pterospermum acerifolium. Flora of Thailand. Vol. 7. Part 3, 2001. Pg. 602. Accessed 2021-07-31",7,3
wfo-0000476033,ver-THA-0000476033.06,tongtao (ตองเต้า)(Northern),0.0,ref-THA-0000476033,TH,THA,https://botany.dnp.go.th/eflora/floraspecies.html?tdcode=02776,Forest Herbarium,All rights reserved,"Pterospermum acerifolium. Flora of Thailand. Vol. 7. Part 3, 2001. Pg. 602. Accessed 2021-07-31",7,3
wfo-0000476033,ver-THA-0000476033.07,hu khwai (หูควาย)(Southwestern),0.0,ref-THA-0000476033,TH,THA,https://botany.dnp.go.th/eflora/floraspecies.html?tdcode=02776,Forest Herbarium,All rights reserved,"Pterospermum acerifolium. Flora of Thailand. Vol. 7. Part 3, 2001. Pg. 602. Accessed 2021-07-31",7,3
wfo-0000476033,ver-THA-0000476033.08,kanan pling (กะหนานปลิง)(Southwestern),0.0,ref-THA-0000476033,TH,THA,https://botany.dnp.go.th/eflora/floraspecies.html?tdcode=02776,Forest Herbarium,All rights reserved,"Pterospermum acerifolium. Flora of Thailand. Vol. 7. Part 3, 2001. Pg. 602. Accessed 2021-07-31",7,3
wfo-0000476033,ver-THA-0000476033.09,salak ka phat (สลัดกะพาด)(Central),0.0,ref-THA-0000476033,TH,THA,https://botany.dnp.go.th/eflora/floraspecies.html?tdcode=02776,Forest Herbarium,All rights reserved,"Pterospermum acerifolium. Flora of Thailand. Vol. 7. Part 3, 2001. Pg. 602. Accessed 2021-07-31",7,3
wfo-0000476041,ver-THA-0000476041.01,cha lot (ข้าหลอด)(Northerm),0.0,ref-THA-0000476041,TH,THA,https://botany.dnp.go.th/eflora/floraspecies.html?tdcode=02777,Forest Herbarium,All rights reserved,"Pterospermum cinnamomeum. Flora of Thailand. Vol. 7. Part 3, 2001. Pg. 602. Accessed 2021-07-31",7,3
wfo-0000476041,ver-THA-0000476041.02,nang kua dong (หนังกัวะอง)(Northerm),0.0,ref-THA-0000476041,TH,THA,https://botany.dnp.go.th/eflora/floraspecies.html?tdcode=02777,Forest Herbarium,All rights reserved,"Pterospermum cinnamomeum. Flora of Thailand. Vol. 7. Part 3, 2001. Pg. 602. Accessed 2021-07-31",7,3
wfo-0000476041,ver-THA-0000476041.03,soi phao (สร้อยฟ้าว)(Northerm),0.0,ref-THA-0000476041,TH,THA,https://botany.dnp.go.th/eflora/floraspecies.html?tdcode=02777,Forest Herbarium,All rights reserved,"Pterospermum cinnamomeum. Flora of Thailand. Vol. 7. Part 3, 2001. Pg. 602. Accessed 2021-07-31",7,3
wfo-0000476041,ver-THA-0000476041.04,tong tao khon (ตองเต่าขน)(Northerm),0.0,ref-THA-0000476041,TH,THA,https://botany.dnp.go.th/eflora/floraspecies.html?tdcode=02777,Forest Herbarium,All rights reserved,"Pterospermum cinnamomeum. Flora of Thailand. Vol. 7. Part 3, 2001. Pg. 602. Accessed 2021-07-31",7,3
wfo-0000476041,ver-THA-0000476041.05,tong thao (ตองเต่า)(Peninsular),0.0,ref-THA-0000476041,TH,THA,https://botany.dnp.go.th/eflora/floraspecies.html?tdcode=02777,Forest Herbarium,All rights reserved,"Pterospermum cinnamomeum. Flora of Thailand. Vol. 7. Part 3, 2001. Pg. 602. Accessed 2021-07-31",7,3
wfo-0000476043,ver-THA-0000476043.01,champa thet (จำปาเทศ)(Central),0.0,ref-THA-0000476043,TH,THA,https://botany.dnp.go.th/eflora/floraspecies.html?tdcode=02778,Forest Herbarium,All rights reserved,"Pterospermum diversifolium. Flora of Thailand. Vol. 7. Part 3, 2001. Pg. 604. Accessed 2021-07-31",7,3
wfo-0000476043,ver-THA-0000476043.02,sala pang (สาละป้าง)(Central),0.0,ref-THA-0000476043,TH,THA,https://botany.dnp.go.th/eflora/floraspecies.html?tdcode=02778,Forest Herbarium,All rights reserved,"Pterospermum diversifolium. Flora of Thailand. Vol. 7. Part 3, 2001. Pg. 604. Accessed 2021-07-31",7,3
wfo-0000476043,ver-THA-0000476043.03,salak ka phat (สลักกะพาด)(Central),0.0,ref-THA-0000476043,TH,THA,https://botany.dnp.go.th/eflora/floraspecies.html?tdcode=02778,Forest Herbarium,All rights reserved,"Pterospermum diversifolium. Flora of Thailand. Vol. 7. Part 3, 2001. Pg. 604. Accessed 2021-07-31",7,3
wfo-0000476043,ver-THA-0000476043.04,khanan (ขนาน)(Southeastern),0.0,ref-THA-0000476043,TH,THA,https://botany.dnp.go.th/eflora/floraspecies.html?tdcode=02778,Forest Herbarium,All rights reserved,"Pterospermum diversifolium. Flora of Thailand. Vol. 7. Part 3, 2001. Pg. 604. Accessed 2021-07-31",7,3
wfo-0000476043,ver-THA-0000476043.05,lam pang (ลำป้าง)(Southeastern),0.0,ref-THA-0000476043,TH,THA,https://botany.dnp.go.th/eflora/floraspecies.html?tdcode=02778,Forest Herbarium,All rights reserved,"Pterospermum diversifolium. Flora of Thailand. Vol. 7. Part 3, 2001. Pg. 604. Accessed 2021-07-31",7,3
wfo-0000476043,ver-THA-0000476043.06,lok pang (ลกป้าง)(Southeastern),0.0,ref-THA-0000476043,TH,THA,https://botany.dnp.go.th/eflora/floraspecies.html?tdcode=02778,Forest Herbarium,All rights reserved,"Pterospermum diversifolium. Flora of Thailand. Vol. 7. Part 3, 2001. Pg. 604. Accessed 2021-07-31",7,3
wfo-0000476043,ver-THA-0000476043.07,lueang na (เหลืองนา)(Southeastern),0.0,ref-THA-0000476043,TH,THA,https://botany.dnp.go.th/eflora/floraspecies.html?tdcode=02778,Forest Herbarium,All rights reserved,"Pterospermum diversifolium. Flora of Thailand. Vol. 7. Part 3, 2001. Pg. 604. Accessed 2021-07-31",7,3
wfo-0000476043,ver-THA-0000476043.08,ba yo (บาโย)(Peninsular),0.0,ref-THA-0000476043,TH,THA,https://botany.dnp.go.th/eflora/floraspecies.html?tdcode=02778,Forest Herbarium,All rights reserved,"Pterospermum diversifolium. Flora of Thailand. Vol. 7. Part 3, 2001. Pg. 604. Accessed 2021-07-31",7,3
wfo-0000476043,ver-THA-0000476043.09,champi khaek (จำปีแขก)(Peninsular),0.0,ref-THA-0000476043,TH,THA,https://botany.dnp.go.th/eflora/floraspecies.html?tdcode=02778,Forest Herbarium,All rights reserved,"Pterospermum diversifolium. Flora of Thailand. Vol. 7. Part 3, 2001. Pg. 604. Accessed 2021-07-31",7,3
wfo-0000476043,ver-THA-0000476043.10,lo (ล่อ)(Peninsular),0.0,ref-THA-0000476043,TH,THA,https://botany.dnp.go.th/eflora/floraspecies.html?tdcode=02778,Forest Herbarium,All rights reserved,"Pterospermum diversifolium. Flora of Thailand. Vol. 7. Part 3, 2001. Pg. 604. Accessed 2021-07-31",7,3
wfo-0000476043,ver-THA-0000476043.11,mayo (มะโย)(Peninsular),0.0,ref-THA-0000476043,TH,THA,https://botany.dnp.go.th/eflora/floraspecies.html?tdcode=02778,Forest Herbarium,All rights reserved,"Pterospermum diversifolium. Flora of Thailand. Vol. 7. Part 3, 2001. Pg. 604. Accessed 2021-07-31",7,3
wfo-0000476043,ver-THA-0000476043.12,payu (ปายู)(Peninsular),0.0,ref-THA-0000476043,TH,THA,https://botany.dnp.go.th/eflora/floraspecies.html?tdcode=02778,Forest Herbarium,All rights reserved,"Pterospermum diversifolium. Flora of Thailand. Vol. 7. Part 3, 2001. Pg. 604. Accessed 2021-07-31",7,3
wfo-0000476043,ver-THA-0000476043.13,yu (ยู)(Peninsular),0.0,ref-THA-0000476043,TH,THA,https://botany.dnp.go.th/eflora/floraspecies.html?tdcode=02778,Forest Herbarium,All rights reserved,"Pterospermum diversifolium. Flora of Thailand. Vol. 7. Part 3, 2001. Pg. 604. Accessed 2021-07-31",7,3
wfo-0000476020,ver-THA-0000476020.01,sam tao (สามเต้า)(Northern),0.0,ref-THA-0000476020,TH,THA,https://botany.dnp.go.th/eflora/floraspecies.html?tdcode=02779,Forest Herbarium,All rights reserved,"Pterospermum grande. Flora of Thailand. Vol. 7. Part 3, 2001. Pg. 607. Accessed 2021-07-31",7,3
wfo-0000476020,ver-THA-0000476020.02,tong mom (ตองม่อม)(Northern),0.0,ref-THA-0000476020,TH,THA,https://botany.dnp.go.th/eflora/floraspecies.html?tdcode=02779,Forest Herbarium,All rights reserved,"Pterospermum grande. Flora of Thailand. Vol. 7. Part 3, 2001. Pg. 607. Accessed 2021-07-31",7,3
wfo-0000476021,ver-THA-0000476021.01,sa tao (สะเต้า)(Northern),0.0,ref-THA-0000476021,TH,THA,https://botany.dnp.go.th/eflora/floraspecies.html?tdcode=02780,Forest Herbarium,All rights reserved,"Pterospermum grandiflorum. Flora of Thailand. Vol. 7. Part 3, 2001. Pg. 607. Accessed 2021-07-31",7,3
wfo-0001141130,ver-THA-0001141130.01,khanan (ขนาน)(Peninsular),0.0,ref-THA-0001141130,TH,THA,https://botany.dnp.go.th/eflora/floraspecies.html?tdcode=02781,Forest Herbarium,All rights reserved,"Pterospermum lanceifolium. Flora of Thailand. Vol. 7. Part 3, 2001. Pg. 610. Accessed 2021-07-31",7,3
wfo-0001141130,ver-THA-0001141130.02,phla kwang (พลากวาง)(Peninsular),0.0,ref-THA-0001141130,TH,THA,https://botany.dnp.go.th/eflora/floraspecies.html?tdcode=02781,Forest Herbarium,All rights reserved,"Pterospermum lanceifolium. Flora of Thailand. Vol. 7. Part 3, 2001. Pg. 610. Accessed 2021-07-31",7,3
wfo-0001141130,ver-THA-0001141130.03,phla yuan (พลายวน)(Peninsular),0.0,ref-THA-0001141130,TH,THA,https://botany.dnp.go.th/eflora/floraspecies.html?tdcode=02781,Forest Herbarium,All rights reserved,"Pterospermum lanceifolium. Flora of Thailand. Vol. 7. Part 3, 2001. Pg. 610. Accessed 2021-07-31",7,3
wfo-0001141130,ver-THA-0001141130.04,phlong ta pet (พลองตาเป็ค)(Peninsular),0.0,ref-THA-0001141130,TH,THA,https://botany.dnp.go.th/eflora/floraspecies.html?tdcode=02781,Forest Herbarium,All rights reserved,"Pterospermum lanceifolium. Flora of Thailand. Vol. 7. Part 3, 2001. Pg. 610. Accessed 2021-07-31",7,3
wfo-0001141130,ver-THA-0001141130.05,ta kwang (ตากวาง)(Peninsular),0.0,ref-THA-0001141130,TH,THA,https://botany.dnp.go.th/eflora/floraspecies.html?tdcode=02781,Forest Herbarium,All rights reserved,"Pterospermum lanceifolium. Flora of Thailand. Vol. 7. Part 3, 2001. Pg. 610. Accessed 2021-07-31",7,3
wfo-0001390644,ver-THA-0001390644.01,ham yao (หำยาว)(Northeastern),0.0,ref-THA-0001390644,TH,THA,https://botany.dnp.go.th/eflora/florainfra.html?tdcode=02784,Forest Herbarium,All rights reserved,"Pterospermum littorale venustrum. Flora of Thailand. Vol. 7. Part 3, 2001. Pg. 613. Accessed 2021-07-31",7,3
wfo-0001390644,ver-THA-0001390644.02,sanan (สนั่น)(Southwestern),0.0,ref-THA-0001390644,TH,THA,https://botany.dnp.go.th/eflora/florainfra.html?tdcode=02784,Forest Herbarium,All rights reserved,"Pterospermum littorale venustrum. Flora of Thailand. Vol. 7. Part 3, 2001. Pg. 613. Accessed 2021-07-31",7,3
wfo-0000475821,ver-THA-0000475821.01,yu (ยู)(Peninsular),0.0,ref-THA-0000475821,TH,THA,https://botany.dnp.go.th/eflora/floraspecies.html?tdcode=02785,Forest Herbarium,All rights reserved,"Pterospermum pecteniforme. Flora of Thailand. Vol. 7. Part 3, 2001. Pg. 613. Accessed 2021-07-31",7,3
wfo-0000475857,ver-THA-0000475857.01,ham fan (หำฟาน)(Northern),0.0,ref-THA-0000475857,TH,THA,https://botany.dnp.go.th/eflora/floraspecies.html?tdcode=02786,Forest Herbarium,All rights reserved,"Pterospermum semisagittatum. Flora of Thailand. Vol. 7. Part 3, 2001. Pg. 615. Accessed 2021-07-31",7,3
wfo-0000475857,ver-THA-0000475857.02,ham hok (หำฮอก)(Northern),0.0,ref-THA-0000475857,TH,THA,https://botany.dnp.go.th/eflora/floraspecies.html?tdcode=02786,Forest Herbarium,All rights reserved,"Pterospermum semisagittatum. Flora of Thailand. Vol. 7. Part 3, 2001. Pg. 615. Accessed 2021-07-31",7,3
wfo-0000475857,ver-THA-0000475857.03,ham khua (หำคัวะ)(Northern),0.0,ref-THA-0000475857,TH,THA,https://botany.dnp.go.th/eflora/floraspecies.html?tdcode=02786,Forest Herbarium,All rights reserved,"Pterospermum semisagittatum. Flora of Thailand. Vol. 7. Part 3, 2001. Pg. 615. Accessed 2021-07-31",7,3
wfo-0000475857,ver-THA-0000475857.04,ham ma (หำม้า)(Northern),0.0,ref-THA-0000475857,TH,THA,https://botany.dnp.go.th/eflora/floraspecies.html?tdcode=02786,Forest Herbarium,All rights reserved,"Pterospermum semisagittatum. Flora of Thailand. Vol. 7. Part 3, 2001. Pg. 615. Accessed 2021-07-31",7,3
wfo-0000475857,ver-THA-0000475857.05,kham khua (ขามคัวะ)(Northern),0.0,ref-THA-0000475857,TH,THA,https://botany.dnp.go.th/eflora/floraspecies.html?tdcode=02786,Forest Herbarium,All rights reserved,"Pterospermum semisagittatum. Flora of Thailand. Vol. 7. Part 3, 2001. Pg. 615. Accessed 2021-07-31",7,3
wfo-0000475857,ver-THA-0000475857.06,khanan (ขนาน)(Northern),0.0,ref-THA-0000475857,TH,THA,https://botany.dnp.go.th/eflora/floraspecies.html?tdcode=02786,Forest Herbarium,All rights reserved,"Pterospermum semisagittatum. Flora of Thailand. Vol. 7. Part 3, 2001. Pg. 615. Accessed 2021-07-31",7,3
wfo-0000475857,ver-THA-0000475857.07,"kanan (กะนาน(Northeastern, Peninsular)",0.0,ref-THA-0000475857,TH,THA,https://botany.dnp.go.th/eflora/floraspecies.html?tdcode=02786,Forest Herbarium,All rights reserved,"Pterospermum semisagittatum. Flora of Thailand. Vol. 7. Part 3, 2001. Pg. 615. Accessed 2021-07-31",7,3
wfo-0000475857,ver-THA-0000475857.08,"กระหนาน)(Northeastern, Peninsular)",0.0,ref-THA-0000475857,TH,THA,https://botany.dnp.go.th/eflora/floraspecies.html?tdcode=02786,Forest Herbarium,All rights reserved,"Pterospermum semisagittatum. Flora of Thailand. Vol. 7. Part 3, 2001. Pg. 615. Accessed 2021-07-31",7,3
wfo-0000475857,ver-THA-0000475857.09,kra nuan (กระนวล)(Northeastern),0.0,ref-THA-0000475857,TH,THA,https://botany.dnp.go.th/eflora/floraspecies.html?tdcode=02786,Forest Herbarium,All rights reserved,"Pterospermum semisagittatum. Flora of Thailand. Vol. 7. Part 3, 2001. Pg. 615. Accessed 2021-07-31",7,3
wfo-0000475857,ver-THA-0000475857.10,ham rok (หำรอก)(Eastern),0.0,ref-THA-0000475857,TH,THA,https://botany.dnp.go.th/eflora/floraspecies.html?tdcode=02786,Forest Herbarium,All rights reserved,"Pterospermum semisagittatum. Flora of Thailand. Vol. 7. Part 3, 2001. Pg. 615. Accessed 2021-07-31",7,3
wfo-0000475845,ver-THA-0000475845.01,ma bin (มะบิน)(Northern),0.0,ref-THA-0000475845,TH,THA,https://botany.dnp.go.th/eflora/floraspecies.html?tdcode=02788,Forest Herbarium,All rights reserved,"Pterygota alata. Flora of Thailand. Vol. 7. Part 3, 2001. Pg. 617. Accessed 2021-07-31",7,3
wfo-0000475845,ver-THA-0000475845.02,tut i wot (ตูดอีโหวด)(Northern),0.0,ref-THA-0000475845,TH,THA,https://botany.dnp.go.th/eflora/floraspecies.html?tdcode=02788,Forest Herbarium,All rights reserved,"Pterygota alata. Flora of Thailand. Vol. 7. Part 3, 2001. Pg. 617. Accessed 2021-07-31",7,3
wfo-0000475845,ver-THA-0000475845.03,ai waen (อ้ายแหวน)(Southwestern),0.0,ref-THA-0000475845,TH,THA,https://botany.dnp.go.th/eflora/floraspecies.html?tdcode=02788,Forest Herbarium,All rights reserved,"Pterygota alata. Flora of Thailand. Vol. 7. Part 3, 2001. Pg. 617. Accessed 2021-07-31",7,3
wfo-0000475845,ver-THA-0000475845.04,hua ling (หัวลิง)(Southwestern),0.0,ref-THA-0000475845,TH,THA,https://botany.dnp.go.th/eflora/floraspecies.html?tdcode=02788,Forest Herbarium,All rights reserved,"Pterygota alata. Flora of Thailand. Vol. 7. Part 3, 2001. Pg. 617. Accessed 2021-07-31",7,3
wfo-0000475845,ver-THA-0000475845.05,then ot phen (เถรอดเพล)(Southwestern),0.0,ref-THA-0000475845,TH,THA,https://botany.dnp.go.th/eflora/floraspecies.html?tdcode=02788,Forest Herbarium,All rights reserved,"Pterygota alata. Flora of Thailand. Vol. 7. Part 3, 2001. Pg. 617. Accessed 2021-07-31",7,3
wfo-0000475845,ver-THA-0000475845.06,tong ching (ตองจิง)(Southwestern),0.0,ref-THA-0000475845,TH,THA,https://botany.dnp.go.th/eflora/floraspecies.html?tdcode=02788,Forest Herbarium,All rights reserved,"Pterygota alata. Flora of Thailand. Vol. 7. Part 3, 2001. Pg. 617. Accessed 2021-07-31",7,3
wfo-0000475845,ver-THA-0000475845.07,ngon kai yai (หงอนไก่ใหญ่)(Southeastern),0.0,ref-THA-0000475845,TH,THA,https://botany.dnp.go.th/eflora/floraspecies.html?tdcode=02788,Forest Herbarium,All rights reserved,"Pterygota alata. Flora of Thailand. Vol. 7. Part 3, 2001. Pg. 617. Accessed 2021-07-31",7,3
wfo-0000475845,ver-THA-0000475845.08,hua ka (หัวกา)(Peninsular),0.0,ref-THA-0000475845,TH,THA,https://botany.dnp.go.th/eflora/floraspecies.html?tdcode=02788,Forest Herbarium,All rights reserved,"Pterygota alata. Flora of Thailand. Vol. 7. Part 3, 2001. Pg. 617. Accessed 2021-07-31",7,3
wfo-0000475845,ver-THA-0000475845.09,nom sao (นมสาว)(Peninsular),0.0,ref-THA-0000475845,TH,THA,https://botany.dnp.go.th/eflora/floraspecies.html?tdcode=02788,Forest Herbarium,All rights reserved,"Pterygota alata. Flora of Thailand. Vol. 7. Part 3, 2001. Pg. 617. Accessed 2021-07-31",7,3
wfo-0001141259,ver-THA-0001141259.01,mori khon(โมฬีขน),0.0,ref-THA-0001141259,TH,THA,https://botany.dnp.go.th/eflora/florainfra.html?tdcode=02791,Forest Herbarium,All rights reserved,"Reevesia pubescens pubescens. Flora of Thailand. Vol. 7. Part 3, 2001. Pg. 619. Accessed 2021-07-31",7,3
wfo-0001141223,ver-THA-0001141223.01,mori siam (โมฬีสยาม)(Eastern),0.0,ref-THA-0001141223,TH,THA,https://botany.dnp.go.th/eflora/florainfra.html?tdcode=02792,Forest Herbarium,All rights reserved,"Reevesia pubescens siamensis. Flora of Thailand. Vol. 7. Part 3, 2001. Pg. 619. Accessed 2021-07-31",7,3
wfo-0000770507,ver-THA-0000770507.01,phak khang kai (ผักคางไก่)(Mae Hong Son),0.0,ref-THA-0000770507,TH,THA,https://botany.dnp.go.th/eflora/florainfra.html?tdcode=02518,Forest Herbarium,All rights reserved,"Sagittaria guayanensis lappula. Flora of Thailand. Vol. 7. Part 3, 2001. Pg. 356. Accessed 2021-07-31",7,3
wfo-0000770507,ver-THA-0000770507.02,tao kiat (เต่าเกียด)(Pathum Thani),0.0,ref-THA-0000770507,TH,THA,https://botany.dnp.go.th/eflora/florainfra.html?tdcode=02518,Forest Herbarium,All rights reserved,"Sagittaria guayanensis lappula. Flora of Thailand. Vol. 7. Part 3, 2001. Pg. 356. Accessed 2021-07-31",7,3
wfo-0000771081,ver-THA-0000771081.01,hu kwang (หูกวาง)(Bangkok),0.0,ref-THA-0000771081,TH,THA,https://botany.dnp.go.th/eflora/florainfra.html?tdcode=02520,Forest Herbarium,All rights reserved,"Sagittaria sagittifolia leucopetala. Flora of Thailand. Vol. 7. Part 3, 2001. Pg. 358. Accessed 2021-07-31",7,3
wfo-0000771081,ver-THA-0000771081.02,kha khiat (ขาเขียด)(Bangkok),0.0,ref-THA-0000771081,TH,THA,https://botany.dnp.go.th/eflora/florainfra.html?tdcode=02520,Forest Herbarium,All rights reserved,"Sagittaria sagittifolia leucopetala. Flora of Thailand. Vol. 7. Part 3, 2001. Pg. 358. Accessed 2021-07-31",7,3
wfo-0000771081,ver-THA-0000771081.03,nang kwak (นางกวัก)(Bangkok),0.0,ref-THA-0000771081,TH,THA,https://botany.dnp.go.th/eflora/florainfra.html?tdcode=02520,Forest Herbarium,All rights reserved,"Sagittaria sagittifolia leucopetala. Flora of Thailand. Vol. 7. Part 3, 2001. Pg. 358. Accessed 2021-07-31",7,3
wfo-0000771081,ver-THA-0000771081.04,tao kiat (เต่าเกียด)(Bangkok),0.0,ref-THA-0000771081,TH,THA,https://botany.dnp.go.th/eflora/florainfra.html?tdcode=02520,Forest Herbarium,All rights reserved,"Sagittaria sagittifolia leucopetala. Flora of Thailand. Vol. 7. Part 3, 2001. Pg. 358. Accessed 2021-07-31",7,3
wfo-0001100626,ver-THA-0001100626.01,niam nok khao (เนียมนกเขา)(Prachuap Khiri Khan),0.0,ref-THA-0001100626,TH,THA,https://botany.dnp.go.th/eflora/floraspecies.html?tdcode=02705,Forest Herbarium,All rights reserved,"Salomonia cantoniensis. Flora of Thailand. Vol. 7. Part 3, 2001. Pg. 521. Accessed 2021-07-31",7,3
wfo-0001100626,ver-THA-0001100626.02,mak dip nam khang (หมากดิบน้ําค้าง)(Trat),0.0,ref-THA-0001100626,TH,THA,https://botany.dnp.go.th/eflora/floraspecies.html?tdcode=02705,Forest Herbarium,All rights reserved,"Salomonia cantoniensis. Flora of Thailand. Vol. 7. Part 3, 2001. Pg. 521. Accessed 2021-07-31",7,3
wfo-0001242094,ver-THA-0001242094.01,ya rak hom (หญ้ารากหอม)(Nakhon Ratchasima),0.0,ref-THA-0001242094,TH,THA,https://botany.dnp.go.th/eflora/floraspecies.html?tdcode=02706,Forest Herbarium,All rights reserved,"Salomonia ciliata. Flora of Thailand. Vol. 7. Part 3, 2001. Pg. 522. Accessed 2021-07-31",7,3
wfo-0000503496,ver-THA-0000503496.01,niam kra dueng (เนียมกระดึง)(Loei),0.0,ref-THA-0000503496,TH,THA,https://botany.dnp.go.th/eflora/floraspecies.html?tdcode=02707,Forest Herbarium,All rights reserved,"Salomonia kradungensis. Flora of Thailand. Vol. 7. Part 3, 2001. Pg. 522. Accessed 2021-07-31",7,3
wfo-0000503494,ver-THA-0000503494.01,niam ton pik (เนียมต้นปีก)(Northeastern),0.0,ref-THA-0000503494,TH,THA,https://botany.dnp.go.th/eflora/floraspecies.html?tdcode=02708,Forest Herbarium,All rights reserved,"Salomonia longiciliata. Flora of Thailand. Vol. 7. Part 3, 2001. Pg. 523. Accessed 2021-07-31",7,3
wfo-0000503494,ver-THA-0000503494.02,ya rak hom (หญ้ารากหอม)(Northeastern),0.0,ref-THA-0000503494,TH,THA,https://botany.dnp.go.th/eflora/floraspecies.html?tdcode=02708,Forest Herbarium,All rights reserved,"Salomonia longiciliata. Flora of Thailand. Vol. 7. Part 3, 2001. Pg. 523. Accessed 2021-07-31",7,3
wfo-0000503511,ver-THA-0000503511.01,niam thai (เนียมไทย)(General),0.0,ref-THA-0000503511,TH,THA,https://botany.dnp.go.th/eflora/floraspecies.html?tdcode=02709,Forest Herbarium,All rights reserved,"Salomonia thailandica. Flora of Thailand. Vol. 7. Part 3, 2001. Pg. 523. Accessed 2021-07-31",7,3
wfo-0001083366,ver-THA-0001083366.01,sao sa ong (สาวสะอง)(General),0.0,ref-THA-0001083366,TH,THA,https://botany.dnp.go.th/eflora/floraspecies.html?tdcode=02667,Forest Herbarium,All rights reserved,"Sarcopyramis nepalensis. Flora of Thailand. Vol. 7. Part 3, 2001. Pg. 480. Accessed 2021-07-31",7,3
wfo-0000492035,ver-THA-0000492035.01,thai phao khao (ท้ายเภาขาว)(Peninsular),0.0,ref-THA-0000492035,TH,THA,https://botany.dnp.go.th/eflora/floraspecies.html?tdcode=02794,Forest Herbarium,All rights reserved,"Scaphium linearicarpum. Flora of Thailand. Vol. 7. Part 3, 2001. Pg. 621. Accessed 2021-07-31",7,3
wfo-0000734154,ver-THA-0000734154.01,phung thalai (พุงทะลาย)(Central),0.0,ref-THA-0000734154,TH,THA,https://botany.dnp.go.th/eflora/floraspecies.html?tdcode=02795,Forest Herbarium,All rights reserved,"Scaphium scaphigerum. Flora of Thailand. Vol. 7. Part 3, 2001. Pg. 623. Accessed 2021-07-31",7,3
wfo-0000734154,ver-THA-0000734154.02,samrong (สำรอง)(South eastern),0.0,ref-THA-0000734154,TH,THA,https://botany.dnp.go.th/eflora/floraspecies.html?tdcode=02795,Forest Herbarium,All rights reserved,"Scaphium scaphigerum. Flora of Thailand. Vol. 7. Part 3, 2001. Pg. 623. Accessed 2021-07-31",7,3
wfo-0000734154,ver-THA-0000734154.03,priang (เปรียง)(Peninsular),0.0,ref-THA-0000734154,TH,THA,https://botany.dnp.go.th/eflora/floraspecies.html?tdcode=02795,Forest Herbarium,All rights reserved,"Scaphium scaphigerum. Flora of Thailand. Vol. 7. Part 3, 2001. Pg. 623. Accessed 2021-07-31",7,3
wfo-0000734154,ver-THA-0000734154.04,prong (โปรง)(Peninsular),0.0,ref-THA-0000734154,TH,THA,https://botany.dnp.go.th/eflora/floraspecies.html?tdcode=02795,Forest Herbarium,All rights reserved,"Scaphium scaphigerum. Flora of Thailand. Vol. 7. Part 3, 2001. Pg. 623. Accessed 2021-07-31",7,3
wfo-0000734154,ver-THA-0000734154.05,thai phao (ท้ายเภา)(Peninsular),0.0,ref-THA-0000734154,TH,THA,https://botany.dnp.go.th/eflora/floraspecies.html?tdcode=02795,Forest Herbarium,All rights reserved,"Scaphium scaphigerum. Flora of Thailand. Vol. 7. Part 3, 2001. Pg. 623. Accessed 2021-07-31",7,3
wfo-0001244534,ver-THA-0001244534.01,chong la ang (จองละอาง)(Chiang Mai),0.0,ref-THA-0001244534,TH,THA,https://botany.dnp.go.th/eflora/floraspecies.html?tdcode=02711,Forest Herbarium,All rights reserved,"Securidaca inappendiculata. Flora of Thailand. Vol. 7. Part 3, 2001. Pg. 524. Accessed 2021-07-31",7,3
wfo-0001244534,ver-THA-0001244534.02,ma khuea chae khruea (มะเขือแจ้เครือ)(Chiang Mai),0.0,ref-THA-0001244534,TH,THA,https://botany.dnp.go.th/eflora/floraspecies.html?tdcode=02711,Forest Herbarium,All rights reserved,"Securidaca inappendiculata. Flora of Thailand. Vol. 7. Part 3, 2001. Pg. 524. Accessed 2021-07-31",7,3
wfo-0001244534,ver-THA-0001244534.03,rang chuet (รางจืด)(Nongkhai),0.0,ref-THA-0001244534,TH,THA,https://botany.dnp.go.th/eflora/floraspecies.html?tdcode=02711,Forest Herbarium,All rights reserved,"Securidaca inappendiculata. Flora of Thailand. Vol. 7. Part 3, 2001. Pg. 524. Accessed 2021-07-31",7,3
wfo-0001244534,ver-THA-0001244534.04,thao mok (เถาโมก)(Mukdahan),0.0,ref-THA-0001244534,TH,THA,https://botany.dnp.go.th/eflora/floraspecies.html?tdcode=02711,Forest Herbarium,All rights reserved,"Securidaca inappendiculata. Flora of Thailand. Vol. 7. Part 3, 2001. Pg. 524. Accessed 2021-07-31",7,3
wfo-0001244534,ver-THA-0001244534.05,thao muak (เถามวก)(Mukdahan),0.0,ref-THA-0001244534,TH,THA,https://botany.dnp.go.th/eflora/floraspecies.html?tdcode=02711,Forest Herbarium,All rights reserved,"Securidaca inappendiculata. Flora of Thailand. Vol. 7. Part 3, 2001. Pg. 524. Accessed 2021-07-31",7,3
wfo-0001244534,ver-THA-0001244534.06,chong ra aa (ชองระอา)(Central),0.0,ref-THA-0001244534,TH,THA,https://botany.dnp.go.th/eflora/floraspecies.html?tdcode=02711,Forest Herbarium,All rights reserved,"Securidaca inappendiculata. Flora of Thailand. Vol. 7. Part 3, 2001. Pg. 524. Accessed 2021-07-31",7,3
wfo-0001244534,ver-THA-0001244534.07,chung ang (จุงอาง)(Trat),0.0,ref-THA-0001244534,TH,THA,https://botany.dnp.go.th/eflora/floraspecies.html?tdcode=02711,Forest Herbarium,All rights reserved,"Securidaca inappendiculata. Flora of Thailand. Vol. 7. Part 3, 2001. Pg. 524. Accessed 2021-07-31",7,3
wfo-0001244534,ver-THA-0001244534.08,sakun (สะกุ้น)(Songkhla),0.0,ref-THA-0001244534,TH,THA,https://botany.dnp.go.th/eflora/floraspecies.html?tdcode=02711,Forest Herbarium,All rights reserved,"Securidaca inappendiculata. Flora of Thailand. Vol. 7. Part 3, 2001. Pg. 524. Accessed 2021-07-31",7,3
wfo-0000161994,ver-THA-0000161994.01,sao nam tok (สาวน้ำตก)(Peninsular),0.0,ref-THA-0000161994,TH,THA,https://botany.dnp.go.th/eflora/floraspecies.html?tdcode=02669,Forest Herbarium,All rights reserved,"Sonerila calophylla. Flora of Thailand. Vol. 7. Part 3, 2001. Pg. 483. Accessed 2021-07-31",7,3
wfo-0000162034,ver-THA-0000162034.01,sao sanom (สาวสนม)(Nakhon Ratchasima),0.0,ref-THA-0000162034,TH,THA,https://botany.dnp.go.th/eflora/floraspecies.html?tdcode=02671,Forest Herbarium,All rights reserved,"Sonerila griffithii. Flora of Thailand. Vol. 7. Part 3, 2001. Pg. 486. Accessed 2021-07-31",7,3
wfo-0001081790,ver-THA-0001081790.01,prae nam ngoen (แปร้น้ำเงิน)(Chanthaburi),0.0,ref-THA-0001081790,TH,THA,https://botany.dnp.go.th/eflora/floraspecies.html?tdcode=02674,Forest Herbarium,All rights reserved,"Sonerila maculata. Flora of Thailand. Vol. 7. Part 3, 2001. Pg. 488. Accessed 2021-07-31",7,3
wfo-0000162161,ver-THA-0000162161.01,"sao sayam (สาวสยาม)(Northern, Northeastern)",0.0,ref-THA-0000162161,TH,THA,https://botany.dnp.go.th/eflora/floraspecies.html?tdcode=02681,Forest Herbarium,All rights reserved,"Sonerila violifolia. Flora of Thailand. Vol. 7. Part 3, 2001. Pg. 497. Accessed 2021-07-31",7,3
wfo-0000313527,ver-THA-0000313527.01,ka nae (กาแหน)(Northern),0.0,ref-THA-0000313527,TH,THA,https://botany.dnp.go.th/eflora/floraspecies.html?tdcode=02578,Forest Herbarium,All rights reserved,"Spirodela polyrhiza. Flora of Thailand. Vol. 7. Part 3, 2001. Pg. 397. Accessed 2021-07-31",7,3
wfo-0000313527,ver-THA-0000313527.02,nae daeng (แหนแดง)(Central),0.0,ref-THA-0000313527,TH,THA,https://botany.dnp.go.th/eflora/floraspecies.html?tdcode=02578,Forest Herbarium,All rights reserved,"Spirodela polyrhiza. Flora of Thailand. Vol. 7. Part 3, 2001. Pg. 397. Accessed 2021-07-31",7,3
wfo-0000313527,ver-THA-0000313527.03,nae yai (แหนใหญ่)(Central),0.0,ref-THA-0000313527,TH,THA,https://botany.dnp.go.th/eflora/floraspecies.html?tdcode=02578,Forest Herbarium,All rights reserved,"Spirodela polyrhiza. Flora of Thailand. Vol. 7. Part 3, 2001. Pg. 397. Accessed 2021-07-31",7,3
wfo-0000491701,ver-THA-0000491701.01,mak lin ang (มักลิ้นอาง)(Northern),0.0,ref-THA-0000491701,TH,THA,https://botany.dnp.go.th/eflora/floraspecies.html?tdcode=02797,Forest Herbarium,All rights reserved,"Sterculia balanghas. Flora of Thailand. Vol. 7. Part 3, 2001. Pg. 626. Accessed 2021-07-31",7,3
wfo-0000491701,ver-THA-0000491701.02,po kha nun (ปอขนุน)(Southwestern),0.0,ref-THA-0000491701,TH,THA,https://botany.dnp.go.th/eflora/floraspecies.html?tdcode=02797,Forest Herbarium,All rights reserved,"Sterculia balanghas. Flora of Thailand. Vol. 7. Part 3, 2001. Pg. 626. Accessed 2021-07-31",7,3
wfo-0000491701,ver-THA-0000491701.03,cha sam kao (ช้าสามแก้ว)(Peninsular),0.0,ref-THA-0000491701,TH,THA,https://botany.dnp.go.th/eflora/floraspecies.html?tdcode=02797,Forest Herbarium,All rights reserved,"Sterculia balanghas. Flora of Thailand. Vol. 7. Part 3, 2001. Pg. 626. Accessed 2021-07-31",7,3
wfo-0000491701,ver-THA-0000491701.04,po fan (ปอฟาน)(Peninsular),0.0,ref-THA-0000491701,TH,THA,https://botany.dnp.go.th/eflora/floraspecies.html?tdcode=02797,Forest Herbarium,All rights reserved,"Sterculia balanghas. Flora of Thailand. Vol. 7. Part 3, 2001. Pg. 626. Accessed 2021-07-31",7,3
wfo-0000491701,ver-THA-0000491701.05,po kham (ปอคำ)(Peninsular),0.0,ref-THA-0000491701,TH,THA,https://botany.dnp.go.th/eflora/floraspecies.html?tdcode=02797,Forest Herbarium,All rights reserved,"Sterculia balanghas. Flora of Thailand. Vol. 7. Part 3, 2001. Pg. 626. Accessed 2021-07-31",7,3
wfo-0000491589,ver-THA-0000491589.01,chamma hong (จำมะโฮง)(Northern),0.0,ref-THA-0000491589,TH,THA,https://botany.dnp.go.th/eflora/floraspecies.html?tdcode=02799,Forest Herbarium,All rights reserved,"Sterculia foetida. Flora of Thailand. Vol. 7. Part 3, 2001. Pg. 628. Accessed 2021-07-31",7,3
wfo-0000491589,ver-THA-0000491589.02,"samrong (สำโรง)(Central, Eastern)",0.0,ref-THA-0000491589,TH,THA,https://botany.dnp.go.th/eflora/floraspecies.html?tdcode=02799,Forest Herbarium,All rights reserved,"Sterculia foetida. Flora of Thailand. Vol. 7. Part 3, 2001. Pg. 628. Accessed 2021-07-31",7,3
wfo-0000491589,ver-THA-0000491589.03,homrong (โหมโรง)(Peninsular),0.0,ref-THA-0000491589,TH,THA,https://botany.dnp.go.th/eflora/floraspecies.html?tdcode=02799,Forest Herbarium,All rights reserved,"Sterculia foetida. Flora of Thailand. Vol. 7. Part 3, 2001. Pg. 628. Accessed 2021-07-31",7,3
wfo-0000491589,ver-THA-0000491589.04,marong (มะโรง)(Peninsular),0.0,ref-THA-0000491589,TH,THA,https://botany.dnp.go.th/eflora/floraspecies.html?tdcode=02799,Forest Herbarium,All rights reserved,"Sterculia foetida. Flora of Thailand. Vol. 7. Part 3, 2001. Pg. 628. Accessed 2021-07-31",7,3
wfo-0000491639,ver-THA-0000491639.01,ka-lu-pae (กะลูแป)(Malay-Peninsular),0.0,ref-THA-0000491639,TH,THA,https://botany.dnp.go.th/eflora/floraspecies.html?tdcode=02800,Forest Herbarium,All rights reserved,"Sterculia gilva. Flora of Thailand. Vol. 7. Part 3, 2001. Pg. 630. Accessed 2021-07-31",7,3
wfo-0000491653,ver-THA-0000491653.01,po fan (ปอฟาน)(Northern),0.0,ref-THA-0000491653,TH,THA,https://botany.dnp.go.th/eflora/floraspecies.html?tdcode=02801,Forest Herbarium,All rights reserved,"Sterculia guttata. Flora of Thailand. Vol. 7. Part 3, 2001. Pg. 630. Accessed 2021-07-31",7,3
wfo-0000491653,ver-THA-0000491653.02,"po daeng (ปอแดง)(Central, Peninsular)",0.0,ref-THA-0000491653,TH,THA,https://botany.dnp.go.th/eflora/floraspecies.html?tdcode=02801,Forest Herbarium,All rights reserved,"Sterculia guttata. Flora of Thailand. Vol. 7. Part 3, 2001. Pg. 630. Accessed 2021-07-31",7,3
wfo-0000491653,ver-THA-0000491653.03,"po khanun (ปอขนุน)(Central, Peninsular)",0.0,ref-THA-0000491653,TH,THA,https://botany.dnp.go.th/eflora/floraspecies.html?tdcode=02801,Forest Herbarium,All rights reserved,"Sterculia guttata. Flora of Thailand. Vol. 7. Part 3, 2001. Pg. 630. Accessed 2021-07-31",7,3
wfo-0000491653,ver-THA-0000491653.04,mok chaek (หมกแฉก)(Peninsular),0.0,ref-THA-0000491653,TH,THA,https://botany.dnp.go.th/eflora/floraspecies.html?tdcode=02801,Forest Herbarium,All rights reserved,"Sterculia guttata. Flora of Thailand. Vol. 7. Part 3, 2001. Pg. 630. Accessed 2021-07-31",7,3
wfo-0000491627,ver-THA-0000491627.01,po khao (ปอขาว)(Northern),0.0,ref-THA-0000491627,TH,THA,https://botany.dnp.go.th/eflora/floraspecies.html?tdcode=02802,Forest Herbarium,All rights reserved,"Sterculia hypochroa. Flora of Thailand. Vol. 7. Part 3, 2001. Pg. 633. Accessed 2021-07-31",7,3
wfo-0000491627,ver-THA-0000491627.02,po fai (ปอฝ้าย)(Northeastern),0.0,ref-THA-0000491627,TH,THA,https://botany.dnp.go.th/eflora/floraspecies.html?tdcode=02802,Forest Herbarium,All rights reserved,"Sterculia hypochroa. Flora of Thailand. Vol. 7. Part 3, 2001. Pg. 633. Accessed 2021-07-31",7,3
wfo-0000491627,ver-THA-0000491627.03,"po daeng (ปอแดง)(Southwestern, Southeastern)",0.0,ref-THA-0000491627,TH,THA,https://botany.dnp.go.th/eflora/floraspecies.html?tdcode=02802,Forest Herbarium,All rights reserved,"Sterculia hypochroa. Flora of Thailand. Vol. 7. Part 3, 2001. Pg. 633. Accessed 2021-07-31",7,3
wfo-0001141279,ver-THA-0001141279.01,cha ton top (จะต้อนตบ)(Northern),0.0,ref-THA-0001141279,TH,THA,https://botany.dnp.go.th/eflora/floraspecies.html?tdcode=02803,Forest Herbarium,All rights reserved,"Sterculia lanceolata. Flora of Thailand. Vol. 7. Part 3, 2001. Pg. 635. Accessed 2021-07-31",7,3
wfo-0001141279,ver-THA-0001141279.02,kin nguang (กินง่วง)(Northeastern),0.0,ref-THA-0001141279,TH,THA,https://botany.dnp.go.th/eflora/floraspecies.html?tdcode=02803,Forest Herbarium,All rights reserved,"Sterculia lanceolata. Flora of Thailand. Vol. 7. Part 3, 2001. Pg. 635. Accessed 2021-07-31",7,3
wfo-0001141279,ver-THA-0001141279.03,lin bo uean (ลิ้นบ่อเอื่อน)(Northeastern),0.0,ref-THA-0001141279,TH,THA,https://botany.dnp.go.th/eflora/floraspecies.html?tdcode=02803,Forest Herbarium,All rights reserved,"Sterculia lanceolata. Flora of Thailand. Vol. 7. Part 3, 2001. Pg. 635. Accessed 2021-07-31",7,3
wfo-0001141279,ver-THA-0001141279.04,po pha sam (ปอฝาสาม)(Northeastern),0.0,ref-THA-0001141279,TH,THA,https://botany.dnp.go.th/eflora/floraspecies.html?tdcode=02803,Forest Herbarium,All rights reserved,"Sterculia lanceolata. Flora of Thailand. Vol. 7. Part 3, 2001. Pg. 635. Accessed 2021-07-31",7,3
wfo-0001141279,ver-THA-0001141279.05,tang kai (ต่างไก่)(Northeastern),0.0,ref-THA-0001141279,TH,THA,https://botany.dnp.go.th/eflora/floraspecies.html?tdcode=02803,Forest Herbarium,All rights reserved,"Sterculia lanceolata. Flora of Thailand. Vol. 7. Part 3, 2001. Pg. 635. Accessed 2021-07-31",7,3
wfo-0001141279,ver-THA-0001141279.06,ngon kai lang khao (หงอนไก่หลังขาว)(Peninsular),0.0,ref-THA-0001141279,TH,THA,https://botany.dnp.go.th/eflora/floraspecies.html?tdcode=02803,Forest Herbarium,All rights reserved,"Sterculia lanceolata. Flora of Thailand. Vol. 7. Part 3, 2001. Pg. 635. Accessed 2021-07-31",7,3
wfo-0001281831,ver-THA-0001281831.01,lin nguang (ลิ้นง่วง)(Northern),0.0,ref-THA-0001281831,TH,THA,https://botany.dnp.go.th/eflora/florainfra.html?tdcode=02805,Forest Herbarium,All rights reserved,"Sterculia lanceolata principis. Flora of Thailand. Vol. 7. Part 3, 2001. Pg. 638. Accessed 2021-07-31",7,3
wfo-0000491919,ver-THA-0000491919.01,klet raet (เกล็ดแรด)(Southwestern),0.0,ref-THA-0000491919,TH,THA,https://botany.dnp.go.th/eflora/floraspecies.html?tdcode=02806,Forest Herbarium,All rights reserved,"Sterculia macrophylla. Flora of Thailand. Vol. 7. Part 3, 2001. Pg. 638. Accessed 2021-07-31",7,3
wfo-0000491919,ver-THA-0000491919.02,po phat bok (ปอพัดโบก)(Peninsular),0.0,ref-THA-0000491919,TH,THA,https://botany.dnp.go.th/eflora/floraspecies.html?tdcode=02806,Forest Herbarium,All rights reserved,"Sterculia macrophylla. Flora of Thailand. Vol. 7. Part 3, 2001. Pg. 638. Accessed 2021-07-31",7,3
wfo-0001281825,ver-THA-0001281825.01,kao lat (เกาลัด)(Central),0.0,ref-THA-0001281825,TH,THA,https://botany.dnp.go.th/eflora/floraspecies.html?tdcode=02807,Forest Herbarium,All rights reserved,"Sterculia monosperma. Flora of Thailand. Vol. 7. Part 3, 2001. Pg. 641. Accessed 2021-07-31",7,3
wfo-0001281825,ver-THA-0001281825.02,ngon kai bai yai (หงอนไก่ใบใหญ่)(Peninsular),0.0,ref-THA-0001281825,TH,THA,https://botany.dnp.go.th/eflora/floraspecies.html?tdcode=02807,Forest Herbarium,All rights reserved,"Sterculia monosperma. Flora of Thailand. Vol. 7. Part 3, 2001. Pg. 641. Accessed 2021-07-31",7,3
wfo-0001269330,ver-THA-0001269330.01,po kha nun (ปอขนุน)(Southwestern),0.0,ref-THA-0001269330,TH,THA,https://botany.dnp.go.th/eflora/floraspecies.html?tdcode=02808,Forest Herbarium,All rights reserved,"Sterculia parviflora. Flora of Thailand. Vol. 7. Part 3, 2001. Pg. 641. Accessed 2021-07-31",7,3
wfo-0001141261,ver-THA-0001141261.01,po ban (ปอบ้าน)(Northern),0.0,ref-THA-0001141261,TH,THA,https://botany.dnp.go.th/eflora/floraspecies.html?tdcode=02809,Forest Herbarium,All rights reserved,"Sterculia pexa. Flora of Thailand. Vol. 7. Part 3, 2001. Pg. 644. Accessed 2021-07-31",7,3
wfo-0001141261,ver-THA-0001141261.02,po phueak (ปอเผือก)(Northern),0.0,ref-THA-0001141261,TH,THA,https://botany.dnp.go.th/eflora/floraspecies.html?tdcode=02809,Forest Herbarium,All rights reserved,"Sterculia pexa. Flora of Thailand. Vol. 7. Part 3, 2001. Pg. 644. Accessed 2021-07-31",7,3
wfo-0001141261,ver-THA-0001141261.03,po thong (ปอทง)(Northern),0.0,ref-THA-0001141261,TH,THA,https://botany.dnp.go.th/eflora/floraspecies.html?tdcode=02809,Forest Herbarium,All rights reserved,"Sterculia pexa. Flora of Thailand. Vol. 7. Part 3, 2001. Pg. 644. Accessed 2021-07-31",7,3
wfo-0001141261,ver-THA-0001141261.04,po tap taek (ปอตับแตก)(Eastem),0.0,ref-THA-0001141261,TH,THA,https://botany.dnp.go.th/eflora/floraspecies.html?tdcode=02809,Forest Herbarium,All rights reserved,"Sterculia pexa. Flora of Thailand. Vol. 7. Part 3, 2001. Pg. 644. Accessed 2021-07-31",7,3
wfo-0001141261,ver-THA-0001141261.05,po khao (ปอขาว)(Central),0.0,ref-THA-0001141261,TH,THA,https://botany.dnp.go.th/eflora/floraspecies.html?tdcode=02809,Forest Herbarium,All rights reserved,"Sterculia pexa. Flora of Thailand. Vol. 7. Part 3, 2001. Pg. 644. Accessed 2021-07-31",7,3
wfo-0001390645,ver-THA-0001390645.01,po tok (ปอต๊อก)(Northern),0.0,ref-THA-0001390645,TH,THA,https://botany.dnp.go.th/eflora/florainfra.html?tdcode=02812,Forest Herbarium,All rights reserved,"Sterculia urena thorelii. Flora of Thailand. Vol. 7. Part 3, 2001. Pg. 646. Accessed 2021-07-31",7,3
wfo-0001390645,ver-THA-0001390645.02,po khao (ปอขาว)(Northeastern),0.0,ref-THA-0001390645,TH,THA,https://botany.dnp.go.th/eflora/florainfra.html?tdcode=02812,Forest Herbarium,All rights reserved,"Sterculia urena thorelii. Flora of Thailand. Vol. 7. Part 3, 2001. Pg. 646. Accessed 2021-07-31",7,3
wfo-0001390645,ver-THA-0001390645.03,po tan (ปอตาน)(Northeastern),0.0,ref-THA-0001390645,TH,THA,https://botany.dnp.go.th/eflora/florainfra.html?tdcode=02812,Forest Herbarium,All rights reserved,"Sterculia urena thorelii. Flora of Thailand. Vol. 7. Part 3, 2001. Pg. 646. Accessed 2021-07-31",7,3
wfo-0001140523,ver-THA-0001140523.01,po tup hu chang (ปอตูบช้าง)(Northern),0.0,ref-THA-0001140523,TH,THA,https://botany.dnp.go.th/eflora/floraspecies.html?tdcode=02813,Forest Herbarium,All rights reserved,"Sterculia villosa. Flora of Thailand. Vol. 7. Part 3, 2001. Pg. 649. Accessed 2021-07-31",7,3
wfo-0001140523,ver-THA-0001140523.02,po tup mai (ปอตูบไหม)(Northern),0.0,ref-THA-0001140523,TH,THA,https://botany.dnp.go.th/eflora/floraspecies.html?tdcode=02813,Forest Herbarium,All rights reserved,"Sterculia villosa. Flora of Thailand. Vol. 7. Part 3, 2001. Pg. 649. Accessed 2021-07-31",7,3
wfo-0001140523,ver-THA-0001140523.03,po fai (ปอฝ้าย)(Northeastern),0.0,ref-THA-0001140523,TH,THA,https://botany.dnp.go.th/eflora/floraspecies.html?tdcode=02813,Forest Herbarium,All rights reserved,"Sterculia villosa. Flora of Thailand. Vol. 7. Part 3, 2001. Pg. 649. Accessed 2021-07-31",7,3
wfo-0001140523,ver-THA-0001140523.04,po khao (ปอขาว)(Southwestern),0.0,ref-THA-0001140523,TH,THA,https://botany.dnp.go.th/eflora/floraspecies.html?tdcode=02813,Forest Herbarium,All rights reserved,"Sterculia villosa. Flora of Thailand. Vol. 7. Part 3, 2001. Pg. 649. Accessed 2021-07-31",7,3
wfo-0001140523,ver-THA-0001140523.05,po tup (ปอตูบ)(Southwestern),0.0,ref-THA-0001140523,TH,THA,https://botany.dnp.go.th/eflora/floraspecies.html?tdcode=02813,Forest Herbarium,All rights reserved,"Sterculia villosa. Flora of Thailand. Vol. 7. Part 3, 2001. Pg. 649. Accessed 2021-07-31",7,3
wfo-0001140523,ver-THA-0001140523.06,po daeng (ปอแดง)(Southeastern),0.0,ref-THA-0001140523,TH,THA,https://botany.dnp.go.th/eflora/floraspecies.html?tdcode=02813,Forest Herbarium,All rights reserved,"Sterculia villosa. Flora of Thailand. Vol. 7. Part 3, 2001. Pg. 649. Accessed 2021-07-31",7,3
wfo-0001065306,ver-THA-0001065306.01,khai nok khum (ไข่นกคุ่ม)(General),0.0,ref-THA-0001065306,TH,THA,https://botany.dnp.go.th/eflora/floraspecies.html?tdcode=02591,Forest Herbarium,All rights reserved,"Sycopsis dunnii. Flora of Thailand. Vol. 7. Part 3, 2001. Pg. 408. Accessed 2021-07-31",7,3
wfo-0001065311,ver-THA-0001065311.01,pho sam hang (โพสามหาง)(Northern),0.0,ref-THA-0001065311,TH,THA,https://botany.dnp.go.th/eflora/floraspecies.html?tdcode=02593,Forest Herbarium,All rights reserved,"Symingtonia populnea. Flora of Thailand. Vol. 7. Part 3, 2001. Pg. 408. Accessed 2021-07-31",7,3
wfo-0000458440,ver-THA-0000458440.01,ko ko (โกโก้)(Central),0.0,ref-THA-0000458440,TH,THA,https://botany.dnp.go.th/eflora/floraspecies.html?tdcode=02815,Forest Herbarium,All rights reserved,"Theobroma cacao. Flora of Thailand. Vol. 7. Part 3, 2001. Pg. 651. Accessed 2021-07-31",7,3
wfo-0000427365,ver-THA-0000427365.01,tan sai (ตานทราย)(Northern),0.0,ref-THA-0000427365,TH,THA,https://botany.dnp.go.th/eflora/floraspecies.html?tdcode=02817,Forest Herbarium,All rights reserved,"Waltheria indica. Flora of Thailand. Vol. 7. Part 3, 2001. Pg. 651. Accessed 2021-07-31",7,3
wfo-0000334465,ver-THA-0000334465.01,pham (ผำ)(Northem),0.0,ref-THA-0000334465,TH,THA,https://botany.dnp.go.th/eflora/floraspecies.html?tdcode=02581,Forest Herbarium,All rights reserved,"Wolffia globosa. Flora of Thailand. Vol. 7. Part 3, 2001. Pg. 398. Accessed 2021-07-31",7,3
wfo-0000334465,ver-THA-0000334465.02,khai nae (ไข่แหน)(Ratchaburi),0.0,ref-THA-0000334465,TH,THA,https://botany.dnp.go.th/eflora/floraspecies.html?tdcode=02581,Forest Herbarium,All rights reserved,"Wolffia globosa. Flora of Thailand. Vol. 7. Part 3, 2001. Pg. 398. Accessed 2021-07-31",7,3
wfo-0000334465,ver-THA-0000334465.03,khai nam (ไข่น้ำ)(Bangkok),0.0,ref-THA-0000334465,TH,THA,https://botany.dnp.go.th/eflora/floraspecies.html?tdcode=02581,Forest Herbarium,All rights reserved,"Wolffia globosa. Flora of Thailand. Vol. 7. Part 3, 2001. Pg. 398. Accessed 2021-07-31",7,3
wfo-0000428558,ver-THA-0000428558.01,chum saeng bai ri (ชุมแสงใบรี)(Peninsular),0.0,ref-THA-0000428558,TH,THA,https://botany.dnp.go.th/eflora/floraspecies.html?tdcode=02713,Forest Herbarium,All rights reserved,"Xanthophyllum ellipticum. Flora of Thailand. Vol. 7. Part 3, 2001. Pg. 526. Accessed 2021-07-31",7,3
wfo-0000428556,ver-THA-0000428556.01,chum saeng nam (ชุมแสงน้ำ)(Narathiwat),0.0,ref-THA-0000428556,TH,THA,https://botany.dnp.go.th/eflora/floraspecies.html?tdcode=02714,Forest Herbarium,All rights reserved,"Xanthophyllum eurhynchum. Flora of Thailand. Vol. 7. Part 3, 2001. Pg. 527. Accessed 2021-07-31",7,3
wfo-0000428556,ver-THA-0000428556.02,kra duk kai (กระดูกไก่)(Narathiwat),0.0,ref-THA-0000428556,TH,THA,https://botany.dnp.go.th/eflora/floraspecies.html?tdcode=02714,Forest Herbarium,All rights reserved,"Xanthophyllum eurhynchum. Flora of Thailand. Vol. 7. Part 3, 2001. Pg. 527. Accessed 2021-07-31",7,3
wfo-0000428556,ver-THA-0000428556.03,chum saeng khai (ชุมแสงไข่)(Peninsular),0.0,ref-THA-0000428556,TH,THA,https://botany.dnp.go.th/eflora/floraspecies.html?tdcode=02714,Forest Herbarium,All rights reserved,"Xanthophyllum eurhynchum. Flora of Thailand. Vol. 7. Part 3, 2001. Pg. 527. Accessed 2021-07-31",7,3
wfo-0000428556,ver-THA-0000428556.04,ni-leng (นีเลง)(Malay-Narathiwat),0.0,ref-THA-0000428556,TH,THA,https://botany.dnp.go.th/eflora/floraspecies.html?tdcode=02714,Forest Herbarium,All rights reserved,"Xanthophyllum eurhynchum. Flora of Thailand. Vol. 7. Part 3, 2001. Pg. 527. Accessed 2021-07-31",7,3
wfo-0000428552,ver-THA-0000428552.01,mai nok kho (ไม้นกค่อ)(Northern),0.0,ref-THA-0000428552,TH,THA,https://botany.dnp.go.th/eflora/floraspecies.html?tdcode=02715,Forest Herbarium,All rights reserved,"Xanthophyllum flavescens. Flora of Thailand. Vol. 7. Part 3, 2001. Pg. 529. Accessed 2021-07-31",7,3
wfo-0000428552,ver-THA-0000428552.02,kaem chon (แก้มช่อน)(Peninsular),0.0,ref-THA-0000428552,TH,THA,https://botany.dnp.go.th/eflora/floraspecies.html?tdcode=02715,Forest Herbarium,All rights reserved,"Xanthophyllum flavescens. Flora of Thailand. Vol. 7. Part 3, 2001. Pg. 529. Accessed 2021-07-31",7,3
wfo-0000428546,ver-THA-0000428546.01,chum saeng ko chang (ชุมแสงเกาะช้าง)(Southeastern),0.0,ref-THA-0000428546,TH,THA,https://botany.dnp.go.th/eflora/floraspecies.html?tdcode=02716,Forest Herbarium,All rights reserved,"Xanthophyllum geesinkii. Flora of Thailand. Vol. 7. Part 3, 2001. Pg. 531. Accessed 2021-07-31",7,3
wfo-0000428586,ver-THA-0000428586.01,khang khao ton kliang (ขางข้าวต้นเกลี้ยง)(Chiang Mai),0.0,ref-THA-0000428586,TH,THA,https://botany.dnp.go.th/eflora/floraspecies.html?tdcode=02719,Forest Herbarium,All rights reserved,"Xanthophyllum lanceatum. Flora of Thailand. Vol. 7. Part 3, 2001. Pg. 533. Accessed 2021-07-31",7,3
wfo-0000428586,ver-THA-0000428586.02,kaeo (แก้ว)(Lampang),0.0,ref-THA-0000428586,TH,THA,https://botany.dnp.go.th/eflora/floraspecies.html?tdcode=02719,Forest Herbarium,All rights reserved,"Xanthophyllum lanceatum. Flora of Thailand. Vol. 7. Part 3, 2001. Pg. 533. Accessed 2021-07-31",7,3
wfo-0000428586,ver-THA-0000428586.03,saeng (แสง)(Sakon Nakhon),0.0,ref-THA-0000428586,TH,THA,https://botany.dnp.go.th/eflora/floraspecies.html?tdcode=02719,Forest Herbarium,All rights reserved,"Xanthophyllum lanceatum. Flora of Thailand. Vol. 7. Part 3, 2001. Pg. 533. Accessed 2021-07-31",7,3
wfo-0000428586,ver-THA-0000428586.04,saeng kuen (แสงกึน)(Ubon Ratchathani),0.0,ref-THA-0000428586,TH,THA,https://botany.dnp.go.th/eflora/floraspecies.html?tdcode=02719,Forest Herbarium,All rights reserved,"Xanthophyllum lanceatum. Flora of Thailand. Vol. 7. Part 3, 2001. Pg. 533. Accessed 2021-07-31",7,3
wfo-0000428586,ver-THA-0000428586.05,kra bian (กระเบียน)(Kanchanaburi),0.0,ref-THA-0000428586,TH,THA,https://botany.dnp.go.th/eflora/floraspecies.html?tdcode=02719,Forest Herbarium,All rights reserved,"Xanthophyllum lanceatum. Flora of Thailand. Vol. 7. Part 3, 2001. Pg. 533. Accessed 2021-07-31",7,3
wfo-0000428356,ver-THA-0000428356.01,chum saeng khang (ชุมแสงค่าง)(Narathiwat),0.0,ref-THA-0000428356,TH,THA,https://botany.dnp.go.th/eflora/floraspecies.html?tdcode=02720,Forest Herbarium,All rights reserved,"Xanthophyllum obscurum. Flora of Thailand. Vol. 7. Part 3, 2001. Pg. 534. Accessed 2021-07-31",7,3
wfo-0000428356,ver-THA-0000428356.02,chum saeng luk yan (ชุมแสงลูกยาน)(Peninsular),0.0,ref-THA-0000428356,TH,THA,https://botany.dnp.go.th/eflora/floraspecies.html?tdcode=02720,Forest Herbarium,All rights reserved,"Xanthophyllum obscurum. Flora of Thailand. Vol. 7. Part 3, 2001. Pg. 534. Accessed 2021-07-31",7,3
wfo-0000428356,ver-THA-0000428356.03,chunm saeng thong daeng (ชุมแสงทองแดง)(Peninsular),0.0,ref-THA-0000428356,TH,THA,https://botany.dnp.go.th/eflora/floraspecies.html?tdcode=02720,Forest Herbarium,All rights reserved,"Xanthophyllum obscurum. Flora of Thailand. Vol. 7. Part 3, 2001. Pg. 534. Accessed 2021-07-31",7,3
wfo-0000428356,ver-THA-0000428356.04,tue-lo (ตือถือ)(Malay-Narathiwat),0.0,ref-THA-0000428356,TH,THA,https://botany.dnp.go.th/eflora/floraspecies.html?tdcode=02720,Forest Herbarium,All rights reserved,"Xanthophyllum obscurum. Flora of Thailand. Vol. 7. Part 3, 2001. Pg. 534. Accessed 2021-07-31",7,3
wfo-0000428386,ver-THA-0000428386.01,chang phueak (ช้างเผือก)(Northern),0.0,ref-THA-0000428386,TH,THA,https://botany.dnp.go.th/eflora/floraspecies.html?tdcode=02721,Forest Herbarium,All rights reserved,"Xanthophyllum punctatum. Flora of Thailand. Vol. 7. Part 3, 2001. Pg. 535. Accessed 2021-07-31",7,3
wfo-0000428348,ver-THA-0000428348.01,"chum sang (ชุมแสง)(SAKOL SUTHEESON 3723, BK)",0.0,ref-THA-0000428348,TH,THA,https://botany.dnp.go.th/eflora/floraspecies.html?tdcode=02724,Forest Herbarium,All rights reserved,"Xanthophyllum vitellinum. Flora of Thailand. Vol. 7. Part 3, 2001. Pg. 537. Accessed 2021-07-31",7,3
